{"type":"FeatureCollection","disclaimer":"Demo cadastral fabric — NOT an authoritative land record. Real rows are Banglarbhumi-sourced captures with approximate WGS84 georeferencing; all other rows are synthetic parcels generated inside real block boundaries.","features":[{"type":"Feature","geometry":{"type":"Polygon","coordinates":[[[87.748406,22.770744],[87.74602,22.771374],[87.744693,22.773236],[87.751056,22.773236],[87.751056,22.772619],[87.748406,22.770744]]]},"properties":{"id":"SYN-ARAMBAGH-001-0001","block":"Arambag","mouza":"SYNTHETIC_MOUZA_001","plot":"SYN-001-0001","areaSqm":0,"real":false}},{"type":"Feature","geometry":{"type":"Polygon","coordinates":[[[87.743651,22.781329],[87.751056,22.781329],[87.751056,22.773236],[87.744693,22.773236],[87.742412,22.776437],[87.743651,22.781329]]]},"properties":{"id":"SYN-ARAMBAGH-001-0002","block":"Arambag","mouza":"SYNTHETIC_MOUZA_001","plot":"SYN-001-0002","areaSqm":0,"real":false}},{"type":"Feature","geometry":{"type":"Polygon","coordinates":[[[87.744524,22.784777],[87.748574,22.78664],[87.750717,22.789421],[87.751056,22.789421],[87.751056,22.781329],[87.743651,22.781329],[87.744524,22.784777]]]},"properties":{"id":"SYN-ARAMBAGH-001-0003","block":"Arambag","mouza":"SYNTHETIC_MOUZA_001","plot":"SYN-001-0003","areaSqm":0,"real":false}},{"type":"Feature","geometry":{"type":"Polygon","coordinates":[[[87.751056,22.789861],[87.751056,22.789421],[87.750717,22.789421],[87.751056,22.789861]]]},"properties":{"id":"SYN-ARAMBAGH-001-0004","block":"Arambag","mouza":"SYNTHETIC_MOUZA_001","plot":"SYN-001-0004","areaSqm":0,"real":false}},{"type":"Feature","geometry":{"type":"Polygon","coordinates":[[[87.751056,22.772619],[87.751056,22.773236],[87.751929,22.773236],[87.751056,22.772619]]]},"properties":{"id":"SYN-ARAMBAGH-001-0005","block":"Arambag","mouza":"SYNTHETIC_MOUZA_001","plot":"SYN-001-0005","areaSqm":0,"real":false}},{"type":"Feature","geometry":{"type":"Polygon","coordinates":[[[87.754542,22.775085],[87.751929,22.773236],[87.751056,22.773236],[87.751056,22.781329],[87.7597,22.781329],[87.7597,22.774755],[87.754542,22.775085]]]},"properties":{"id":"SYN-ARAMBAGH-001-0006","block":"Arambag","mouza":"SYNTHETIC_MOUZA_001","plot":"SYN-001-0006","areaSqm":0,"real":false}},{"type":"Feature","geometry":{"type":"Polygon","coordinates":[[[87.751056,22.781329],[87.751056,22.789421],[87.7597,22.789421],[87.7597,22.781329],[87.751056,22.781329]]]},"properties":{"id":"SYN-ARAMBAGH-001-0007","block":"Arambag","mouza":"SYNTHETIC_MOUZA_001","plot":"SYN-001-0007","areaSqm":0,"real":false}},{"type":"Feature","geometry":{"type":"Polygon","coordinates":[[[87.751134,22.789961],[87.753716,22.791075],[87.7597,22.790382],[87.7597,22.789421],[87.751056,22.789421],[87.751056,22.789861],[87.751134,22.789961]]]},"properties":{"id":"SYN-ARAMBAGH-001-0008","block":"Arambag","mouza":"SYNTHETIC_MOUZA_001","plot":"SYN-001-0008","areaSqm":0,"real":false}},{"type":"Feature","geometry":{"type":"Polygon","coordinates":[[[87.75733,22.943178],[87.7597,22.943178],[87.7597,22.939767],[87.75733,22.943178]]]},"properties":{"id":"SYN-ARAMBAGH-001-0009","block":"Arambag","mouza":"SYNTHETIC_MOUZA_001","plot":"SYN-001-0009","areaSqm":0,"real":false}},{"type":"Feature","geometry":{"type":"Polygon","coordinates":[[[87.757222,22.943332],[87.7597,22.949144],[87.7597,22.943178],[87.75733,22.943178],[87.757222,22.943332]]]},"properties":{"id":"SYN-ARAMBAGH-001-0010","block":"Arambag","mouza":"SYNTHETIC_MOUZA_001","plot":"SYN-001-0010","areaSqm":0,"real":false}},{"type":"Feature","geometry":{"type":"Polygon","coordinates":[[[87.764614,22.777917],[87.7615,22.77464],[87.7597,22.774755],[87.7597,22.781329],[87.768344,22.781329],[87.768344,22.776524],[87.764614,22.777917]]]},"properties":{"id":"SYN-ARAMBAGH-001-0011","block":"Arambag","mouza":"SYNTHETIC_MOUZA_001","plot":"SYN-001-0011","areaSqm":0,"real":false}},{"type":"Feature","geometry":{"type":"Polygon","coordinates":[[[87.7597,22.781329],[87.7597,22.789421],[87.768344,22.789421],[87.768344,22.781329],[87.7597,22.781329]]]},"properties":{"id":"SYN-ARAMBAGH-001-0012","block":"Arambag","mouza":"SYNTHETIC_MOUZA_001","plot":"SYN-001-0012","areaSqm":0,"real":false}},{"type":"Feature","geometry":{"type":"Polygon","coordinates":[[[87.760922,22.790241],[87.765597,22.794123],[87.765933,22.797514],[87.768344,22.797514],[87.768344,22.789421],[87.7597,22.789421],[87.7597,22.790382],[87.760922,22.790241]]]},"properties":{"id":"SYN-ARAMBAGH-001-0013","block":"Arambag","mouza":"SYNTHETIC_MOUZA_001","plot":"SYN-001-0013","areaSqm":0,"real":false}},{"type":"Feature","geometry":{"type":"Polygon","coordinates":[[[87.766232,22.80054],[87.768344,22.804098],[87.768344,22.797514],[87.765933,22.797514],[87.766232,22.80054]]]},"properties":{"id":"SYN-ARAMBAGH-001-0014","block":"Arambag","mouza":"SYNTHETIC_MOUZA_001","plot":"SYN-001-0014","areaSqm":0,"real":false}},{"type":"Feature","geometry":{"type":"Polygon","coordinates":[[[87.767902,22.817884],[87.768286,22.821551],[87.768344,22.821554],[87.768344,22.817301],[87.767902,22.817884]]]},"properties":{"id":"SYN-ARAMBAGH-001-0015","block":"Arambag","mouza":"SYNTHETIC_MOUZA_001","plot":"SYN-001-0015","areaSqm":0,"real":false}},{"type":"Feature","geometry":{"type":"Polygon","coordinates":[[[87.768294,22.871501],[87.768344,22.871603],[87.768344,22.871493],[87.768294,22.871501]]]},"properties":{"id":"SYN-ARAMBAGH-001-0016","block":"Arambag","mouza":"SYNTHETIC_MOUZA_001","plot":"SYN-001-0016","areaSqm":0,"real":false}},{"type":"Feature","geometry":{"type":"Polygon","coordinates":[[[87.765596,22.884545],[87.767049,22.885286],[87.767104,22.886531],[87.768344,22.886531],[87.768344,22.880576],[87.765596,22.884545]]]},"properties":{"id":"SYN-ARAMBAGH-001-0017","block":"Arambag","mouza":"SYNTHETIC_MOUZA_001","plot":"SYN-001-0017","areaSqm":0,"real":false}},{"type":"Feature","geometry":{"type":"Polygon","coordinates":[[[87.767289,22.890744],[87.764529,22.894623],[87.768344,22.894623],[87.768344,22.886531],[87.767104,22.886531],[87.767289,22.890744]]]},"properties":{"id":"SYN-ARAMBAGH-001-0018","block":"Arambag","mouza":"SYNTHETIC_MOUZA_001","plot":"SYN-001-0018","areaSqm":0,"real":false}},{"type":"Feature","geometry":{"type":"Polygon","coordinates":[[[87.763157,22.896552],[87.762049,22.902715],[87.768344,22.902715],[87.768344,22.894623],[87.764529,22.894623],[87.763157,22.896552]]]},"properties":{"id":"SYN-ARAMBAGH-001-0019","block":"Arambag","mouza":"SYNTHETIC_MOUZA_001","plot":"SYN-001-0019","areaSqm":0,"real":false}},{"type":"Feature","geometry":{"type":"Polygon","coordinates":[[[87.760594,22.910808],[87.768344,22.910808],[87.768344,22.902715],[87.762049,22.902715],[87.760594,22.910808]]]},"properties":{"id":"SYN-ARAMBAGH-001-0020","block":"Arambag","mouza":"SYNTHETIC_MOUZA_001","plot":"SYN-001-0020","areaSqm":0,"real":false}},{"type":"Feature","geometry":{"type":"Polygon","coordinates":[[[87.760549,22.911057],[87.762007,22.915158],[87.766239,22.9189],[87.768344,22.9189],[87.768344,22.910808],[87.760594,22.910808],[87.760549,22.911057]]]},"properties":{"id":"SYN-ARAMBAGH-001-0021","block":"Arambag","mouza":"SYNTHETIC_MOUZA_001","plot":"SYN-001-0021","areaSqm":0,"real":false}},{"type":"Feature","geometry":{"type":"Polygon","coordinates":[[[87.768344,22.920762],[87.768344,22.9189],[87.766239,22.9189],[87.768344,22.920762]]]},"properties":{"id":"SYN-ARAMBAGH-001-0022","block":"Arambag","mouza":"SYNTHETIC_MOUZA_001","plot":"SYN-001-0022","areaSqm":0,"real":false}},{"type":"Feature","geometry":{"type":"Polygon","coordinates":[[[87.764478,22.932893],[87.762954,22.935085],[87.768344,22.935085],[87.768344,22.930543],[87.764478,22.932893]]]},"properties":{"id":"SYN-ARAMBAGH-001-0023","block":"Arambag","mouza":"SYNTHETIC_MOUZA_001","plot":"SYN-001-0023","areaSqm":0,"real":false}},{"type":"Feature","geometry":{"type":"Polygon","coordinates":[[[87.7597,22.939767],[87.7597,22.943178],[87.768344,22.943178],[87.768344,22.935085],[87.762954,22.935085],[87.7597,22.939767]]]},"properties":{"id":"SYN-ARAMBAGH-001-0024","block":"Arambag","mouza":"SYNTHETIC_MOUZA_001","plot":"SYN-001-0024","areaSqm":0,"real":false}},{"type":"Feature","geometry":{"type":"Polygon","coordinates":[[[87.760606,22.95127],[87.768344,22.95127],[87.768344,22.943178],[87.7597,22.943178],[87.7597,22.949144],[87.760606,22.95127]]]},"properties":{"id":"SYN-ARAMBAGH-001-0025","block":"Arambag","mouza":"SYNTHETIC_MOUZA_001","plot":"SYN-001-0025","areaSqm":0,"real":false}},{"type":"Feature","geometry":{"type":"Polygon","coordinates":[[[87.764056,22.959363],[87.767179,22.959363],[87.768344,22.958787],[87.768344,22.95127],[87.760606,22.95127],[87.764056,22.959363]]]},"properties":{"id":"SYN-ARAMBAGH-001-0026","block":"Arambag","mouza":"SYNTHETIC_MOUZA_001","plot":"SYN-001-0026","areaSqm":0,"real":false}},{"type":"Feature","geometry":{"type":"Polygon","coordinates":[[[87.7646,22.960637],[87.767179,22.959363],[87.764056,22.959363],[87.7646,22.960637]]]},"properties":{"id":"SYN-ARAMBAGH-001-0027","block":"Arambag","mouza":"SYNTHETIC_MOUZA_001","plot":"SYN-001-0027","areaSqm":0,"real":false}},{"type":"Feature","geometry":{"type":"Polygon","coordinates":[[[87.773733,22.770072],[87.772307,22.773236],[87.776988,22.773236],[87.776988,22.771895],[87.773733,22.770072]]]},"properties":{"id":"SYN-ARAMBAGH-001-0028","block":"Arambag","mouza":"SYNTHETIC_MOUZA_001","plot":"SYN-001-0028","areaSqm":0,"real":false}},{"type":"Feature","geometry":{"type":"Polygon","coordinates":[[[87.771327,22.775411],[87.768344,22.776524],[87.768344,22.781329],[87.776988,22.781329],[87.776988,22.773236],[87.772307,22.773236],[87.771327,22.775411]]]},"properties":{"id":"SYN-ARAMBAGH-001-0029","block":"Arambag","mouza":"SYNTHETIC_MOUZA_001","plot":"SYN-001-0029","areaSqm":0,"real":false}},{"type":"Feature","geometry":{"type":"Polygon","coordinates":[[[87.768344,22.781329],[87.768344,22.789421],[87.776988,22.789421],[87.776988,22.781329],[87.768344,22.781329]]]},"properties":{"id":"SYN-ARAMBAGH-001-0030","block":"Arambag","mouza":"SYNTHETIC_MOUZA_001","plot":"SYN-001-0030","areaSqm":0,"real":false}},{"type":"Feature","geometry":{"type":"Polygon","coordinates":[[[87.768344,22.789421],[87.768344,22.797514],[87.776988,22.797514],[87.776988,22.789421],[87.768344,22.789421]]]},"properties":{"id":"SYN-ARAMBAGH-001-0031","block":"Arambag","mouza":"SYNTHETIC_MOUZA_001","plot":"SYN-001-0031","areaSqm":0,"real":false}},{"type":"Feature","geometry":{"type":"Polygon","coordinates":[[[87.769238,22.805606],[87.776988,22.805606],[87.776988,22.797514],[87.768344,22.797514],[87.768344,22.804098],[87.769238,22.805606]]]},"properties":{"id":"SYN-ARAMBAGH-001-0032","block":"Arambag","mouza":"SYNTHETIC_MOUZA_001","plot":"SYN-001-0032","areaSqm":0,"real":false}},{"type":"Feature","geometry":{"type":"Polygon","coordinates":[[[87.772736,22.811499],[87.771071,22.813698],[87.776988,22.813698],[87.776988,22.805606],[87.769238,22.805606],[87.772736,22.811499]]]},"properties":{"id":"SYN-ARAMBAGH-001-0033","block":"Arambag","mouza":"SYNTHETIC_MOUZA_001","plot":"SYN-001-0033","areaSqm":0,"real":false}},{"type":"Feature","geometry":{"type":"Polygon","coordinates":[[[87.772904,22.821791],[87.776988,22.821791],[87.776988,22.813698],[87.771071,22.813698],[87.768344,22.817301],[87.768344,22.821554],[87.772904,22.821791]]]},"properties":{"id":"SYN-ARAMBAGH-001-0034","block":"Arambag","mouza":"SYNTHETIC_MOUZA_001","plot":"SYN-001-0034","areaSqm":0,"real":false}},{"type":"Feature","geometry":{"type":"Polygon","coordinates":[[[87.77582,22.821942],[87.776988,22.823132],[87.776988,22.821791],[87.772904,22.821791],[87.77582,22.821942]]]},"properties":{"id":"SYN-ARAMBAGH-001-0035","block":"Arambag","mouza":"SYNTHETIC_MOUZA_001","plot":"SYN-001-0035","areaSqm":0,"real":false}},{"type":"Feature","geometry":{"type":"Polygon","coordinates":[[[87.776435,22.86318],[87.775007,22.864648],[87.775972,22.870138],[87.774804,22.870346],[87.776988,22.870346],[87.776988,22.863456],[87.776435,22.86318]]]},"properties":{"id":"SYN-ARAMBAGH-001-0036","block":"Arambag","mouza":"SYNTHETIC_MOUZA_001","plot":"SYN-001-0036","areaSqm":0,"real":false}},{"type":"Feature","geometry":{"type":"Polygon","coordinates":[[[87.770937,22.876831],[87.769824,22.878438],[87.776988,22.878438],[87.776988,22.870346],[87.774804,22.870346],[87.768344,22.871493],[87.768344,22.871603],[87.770937,22.876831]]]},"properties":{"id":"SYN-ARAMBAGH-001-0037","block":"Arambag","mouza":"SYNTHETIC_MOUZA_001","plot":"SYN-001-0037","areaSqm":0,"real":false}},{"type":"Feature","geometry":{"type":"Polygon","coordinates":[[[87.768344,22.880576],[87.768344,22.886531],[87.776988,22.886531],[87.776988,22.878438],[87.769824,22.878438],[87.768344,22.880576]]]},"properties":{"id":"SYN-ARAMBAGH-001-0038","block":"Arambag","mouza":"SYNTHETIC_MOUZA_001","plot":"SYN-001-0038","areaSqm":0,"real":false}},{"type":"Feature","geometry":{"type":"Polygon","coordinates":[[[87.768344,22.886531],[87.768344,22.894623],[87.776988,22.894623],[87.776988,22.886531],[87.768344,22.886531]]]},"properties":{"id":"SYN-ARAMBAGH-001-0039","block":"Arambag","mouza":"SYNTHETIC_MOUZA_001","plot":"SYN-001-0039","areaSqm":0,"real":false}},{"type":"Feature","geometry":{"type":"Polygon","coordinates":[[[87.768344,22.894623],[87.768344,22.902715],[87.776988,22.902715],[87.776988,22.894623],[87.768344,22.894623]]]},"properties":{"id":"SYN-ARAMBAGH-001-0040","block":"Arambag","mouza":"SYNTHETIC_MOUZA_001","plot":"SYN-001-0040","areaSqm":0,"real":false}},{"type":"Feature","geometry":{"type":"Polygon","coordinates":[[[87.768344,22.902715],[87.768344,22.910808],[87.776988,22.910808],[87.776988,22.902715],[87.768344,22.902715]]]},"properties":{"id":"SYN-ARAMBAGH-001-0041","block":"Arambag","mouza":"SYNTHETIC_MOUZA_001","plot":"SYN-001-0041","areaSqm":0,"real":false}},{"type":"Feature","geometry":{"type":"Polygon","coordinates":[[[87.768344,22.910808],[87.768344,22.9189],[87.776988,22.9189],[87.776988,22.910808],[87.768344,22.910808]]]},"properties":{"id":"SYN-ARAMBAGH-001-0042","block":"Arambag","mouza":"SYNTHETIC_MOUZA_001","plot":"SYN-001-0042","areaSqm":0,"real":false}},{"type":"Feature","geometry":{"type":"Polygon","coordinates":[[[87.772095,22.924079],[87.77259,22.926993],[87.776988,22.926993],[87.776988,22.9189],[87.768344,22.9189],[87.768344,22.920762],[87.772095,22.924079]]]},"properties":{"id":"SYN-ARAMBAGH-001-0043","block":"Arambag","mouza":"SYNTHETIC_MOUZA_001","plot":"SYN-001-0043","areaSqm":0,"real":false}},{"type":"Feature","geometry":{"type":"Polygon","coordinates":[[[87.772739,22.92787],[87.768344,22.930543],[87.768344,22.935085],[87.776988,22.935085],[87.776988,22.926993],[87.77259,22.926993],[87.772739,22.92787]]]},"properties":{"id":"SYN-ARAMBAGH-001-0044","block":"Arambag","mouza":"SYNTHETIC_MOUZA_001","plot":"SYN-001-0044","areaSqm":0,"real":false}},{"type":"Feature","geometry":{"type":"Polygon","coordinates":[[[87.768344,22.935085],[87.768344,22.943178],[87.776988,22.943178],[87.776988,22.935085],[87.768344,22.935085]]]},"properties":{"id":"SYN-ARAMBAGH-001-0045","block":"Arambag","mouza":"SYNTHETIC_MOUZA_001","plot":"SYN-001-0045","areaSqm":0,"real":false}},{"type":"Feature","geometry":{"type":"Polygon","coordinates":[[[87.768344,22.943178],[87.768344,22.95127],[87.776988,22.95127],[87.776988,22.943178],[87.768344,22.943178]]]},"properties":{"id":"SYN-ARAMBAGH-001-0046","block":"Arambag","mouza":"SYNTHETIC_MOUZA_001","plot":"SYN-001-0046","areaSqm":0,"real":false}},{"type":"Feature","geometry":{"type":"Polygon","coordinates":[[[87.768906,22.958509],[87.770546,22.959074],[87.770694,22.959363],[87.776988,22.959363],[87.776988,22.95127],[87.768344,22.95127],[87.768344,22.958787],[87.768906,22.958509]]]},"properties":{"id":"SYN-ARAMBAGH-001-0047","block":"Arambag","mouza":"SYNTHETIC_MOUZA_001","plot":"SYN-001-0047","areaSqm":0,"real":false}},{"type":"Feature","geometry":{"type":"Polygon","coordinates":[[[87.776988,22.966384],[87.776988,22.959363],[87.770694,22.959363],[87.774414,22.966604],[87.77607,22.967455],[87.776988,22.966384]]]},"properties":{"id":"SYN-ARAMBAGH-001-0048","block":"Arambag","mouza":"SYNTHETIC_MOUZA_001","plot":"SYN-001-0048","areaSqm":0,"real":false}},{"type":"Feature","geometry":{"type":"MultiPolygon","coordinates":[[[[87.776988,22.771895],[87.776988,22.773236],[87.779383,22.773236],[87.776988,22.771895]]],[[[87.781868,22.773236],[87.785631,22.773236],[87.785631,22.768412],[87.781868,22.773236]]]]},"properties":{"id":"SYN-ARAMBAGH-001-0049","block":"Arambag","mouza":"SYNTHETIC_MOUZA_001","plot":"SYN-001-0049","areaSqm":0,"real":false}},{"type":"Feature","geometry":{"type":"Polygon","coordinates":[[[87.781112,22.774205],[87.779383,22.773236],[87.776988,22.773236],[87.776988,22.781329],[87.785631,22.781329],[87.785631,22.773236],[87.781868,22.773236],[87.781112,22.774205]]]},"properties":{"id":"SYN-ARAMBAGH-001-0050","block":"Arambag","mouza":"SYNTHETIC_MOUZA_001","plot":"SYN-001-0050","areaSqm":0,"real":false}},{"type":"Feature","geometry":{"type":"Polygon","coordinates":[[[87.776988,22.781329],[87.776988,22.789421],[87.785631,22.789421],[87.785631,22.781329],[87.776988,22.781329]]]},"properties":{"id":"SYN-ARAMBAGH-001-0051","block":"Arambag","mouza":"SYNTHETIC_MOUZA_001","plot":"SYN-001-0051","areaSqm":0,"real":false}},{"type":"Feature","geometry":{"type":"Polygon","coordinates":[[[87.776988,22.789421],[87.776988,22.797514],[87.785631,22.797514],[87.785631,22.789421],[87.776988,22.789421]]]},"properties":{"id":"SYN-ARAMBAGH-001-0052","block":"Arambag","mouza":"SYNTHETIC_MOUZA_001","plot":"SYN-001-0052","areaSqm":0,"real":false}},{"type":"Feature","geometry":{"type":"Polygon","coordinates":[[[87.776988,22.797514],[87.776988,22.805606],[87.785631,22.805606],[87.785631,22.797514],[87.776988,22.797514]]]},"properties":{"id":"SYN-ARAMBAGH-001-0053","block":"Arambag","mouza":"SYNTHETIC_MOUZA_001","plot":"SYN-001-0053","areaSqm":0,"real":false}},{"type":"Feature","geometry":{"type":"Polygon","coordinates":[[[87.776988,22.805606],[87.776988,22.813698],[87.785631,22.813698],[87.785631,22.805606],[87.776988,22.805606]]]},"properties":{"id":"SYN-ARAMBAGH-001-0054","block":"Arambag","mouza":"SYNTHETIC_MOUZA_001","plot":"SYN-001-0054","areaSqm":0,"real":false}},{"type":"Feature","geometry":{"type":"Polygon","coordinates":[[[87.776988,22.813698],[87.776988,22.821791],[87.785631,22.821791],[87.785631,22.813698],[87.776988,22.813698]]]},"properties":{"id":"SYN-ARAMBAGH-001-0055","block":"Arambag","mouza":"SYNTHETIC_MOUZA_001","plot":"SYN-001-0055","areaSqm":0,"real":false}},{"type":"Feature","geometry":{"type":"Polygon","coordinates":[[[87.779568,22.825761],[87.781604,22.829883],[87.785631,22.829883],[87.785631,22.821791],[87.776988,22.821791],[87.776988,22.823132],[87.779568,22.825761]]]},"properties":{"id":"SYN-ARAMBAGH-001-0056","block":"Arambag","mouza":"SYNTHETIC_MOUZA_001","plot":"SYN-001-0056","areaSqm":0,"real":false}},{"type":"Feature","geometry":{"type":"Polygon","coordinates":[[[87.785601,22.837976],[87.785631,22.837976],[87.785631,22.829883],[87.781604,22.829883],[87.785601,22.837976]]]},"properties":{"id":"SYN-ARAMBAGH-001-0057","block":"Arambag","mouza":"SYNTHETIC_MOUZA_001","plot":"SYN-001-0057","areaSqm":0,"real":false}},{"type":"Feature","geometry":{"type":"MultiPolygon","coordinates":[[[[87.778374,22.864149],[87.776988,22.863456],[87.776988,22.870346],[87.778213,22.870346],[87.778374,22.864149]]],[[[87.785329,22.870346],[87.785631,22.870346],[87.785631,22.869959],[87.785329,22.870346]]]]},"properties":{"id":"SYN-ARAMBAGH-001-0058","block":"Arambag","mouza":"SYNTHETIC_MOUZA_001","plot":"SYN-001-0058","areaSqm":0,"real":false}},{"type":"Feature","geometry":{"type":"Polygon","coordinates":[[[87.784392,22.871547],[87.778199,22.870896],[87.778213,22.870346],[87.776988,22.870346],[87.776988,22.878438],[87.785631,22.878438],[87.785631,22.870346],[87.785329,22.870346],[87.784392,22.871547]]]},"properties":{"id":"SYN-ARAMBAGH-001-0059","block":"Arambag","mouza":"SYNTHETIC_MOUZA_001","plot":"SYN-001-0059","areaSqm":0,"real":false}},{"type":"Feature","geometry":{"type":"Polygon","coordinates":[[[87.776988,22.878438],[87.776988,22.886531],[87.785631,22.886531],[87.785631,22.878438],[87.776988,22.878438]]]},"properties":{"id":"SYN-ARAMBAGH-001-0060","block":"Arambag","mouza":"SYNTHETIC_MOUZA_001","plot":"SYN-001-0060","areaSqm":0,"real":false}},{"type":"Feature","geometry":{"type":"Polygon","coordinates":[[[87.776988,22.886531],[87.776988,22.894623],[87.785631,22.894623],[87.785631,22.886531],[87.776988,22.886531]]]},"properties":{"id":"SYN-ARAMBAGH-001-0061","block":"Arambag","mouza":"SYNTHETIC_MOUZA_001","plot":"SYN-001-0061","areaSqm":0,"real":false}},{"type":"Feature","geometry":{"type":"Polygon","coordinates":[[[87.776988,22.894623],[87.776988,22.902715],[87.785631,22.902715],[87.785631,22.894623],[87.776988,22.894623]]]},"properties":{"id":"SYN-ARAMBAGH-001-0062","block":"Arambag","mouza":"SYNTHETIC_MOUZA_001","plot":"SYN-001-0062","areaSqm":0,"real":false}},{"type":"Feature","geometry":{"type":"Polygon","coordinates":[[[87.776988,22.902715],[87.776988,22.910808],[87.785631,22.910808],[87.785631,22.902715],[87.776988,22.902715]]]},"properties":{"id":"SYN-ARAMBAGH-001-0063","block":"Arambag","mouza":"SYNTHETIC_MOUZA_001","plot":"SYN-001-0063","areaSqm":0,"real":false}},{"type":"Feature","geometry":{"type":"Polygon","coordinates":[[[87.776988,22.910808],[87.776988,22.9189],[87.785631,22.9189],[87.785631,22.910808],[87.776988,22.910808]]]},"properties":{"id":"SYN-ARAMBAGH-001-0064","block":"Arambag","mouza":"SYNTHETIC_MOUZA_001","plot":"SYN-001-0064","areaSqm":0,"real":false}},{"type":"Feature","geometry":{"type":"Polygon","coordinates":[[[87.776988,22.9189],[87.776988,22.926993],[87.785631,22.926993],[87.785631,22.9189],[87.776988,22.9189]]]},"properties":{"id":"SYN-ARAMBAGH-001-0065","block":"Arambag","mouza":"SYNTHETIC_MOUZA_001","plot":"SYN-001-0065","areaSqm":0,"real":false}},{"type":"Feature","geometry":{"type":"Polygon","coordinates":[[[87.776988,22.926993],[87.776988,22.935085],[87.785631,22.935085],[87.785631,22.926993],[87.776988,22.926993]]]},"properties":{"id":"SYN-ARAMBAGH-001-0066","block":"Arambag","mouza":"SYNTHETIC_MOUZA_001","plot":"SYN-001-0066","areaSqm":0,"real":false}},{"type":"Feature","geometry":{"type":"Polygon","coordinates":[[[87.780632,22.935541],[87.785631,22.935406],[87.785631,22.935085],[87.776988,22.935085],[87.776988,22.943178],[87.783493,22.943178],[87.780632,22.935541]]]},"properties":{"id":"SYN-ARAMBAGH-001-0067","block":"Arambag","mouza":"SYNTHETIC_MOUZA_001","plot":"SYN-001-0067","areaSqm":0,"real":false}},{"type":"Feature","geometry":{"type":"Polygon","coordinates":[[[87.777786,22.948818],[87.783005,22.946472],[87.784012,22.944563],[87.783493,22.943178],[87.776988,22.943178],[87.776988,22.95127],[87.778622,22.95127],[87.777786,22.948818]]]},"properties":{"id":"SYN-ARAMBAGH-001-0068","block":"Arambag","mouza":"SYNTHETIC_MOUZA_001","plot":"SYN-001-0068","areaSqm":0,"real":false}},{"type":"Feature","geometry":{"type":"Polygon","coordinates":[[[87.780495,22.956762],[87.778622,22.95127],[87.776988,22.95127],[87.776988,22.959363],[87.78016,22.959363],[87.780495,22.956762]]]},"properties":{"id":"SYN-ARAMBAGH-001-0069","block":"Arambag","mouza":"SYNTHETIC_MOUZA_001","plot":"SYN-001-0069","areaSqm":0,"real":false}},{"type":"Feature","geometry":{"type":"Polygon","coordinates":[[[87.77771,22.96554],[87.777382,22.962372],[87.779938,22.961086],[87.78016,22.959363],[87.776988,22.959363],[87.776988,22.966384],[87.77771,22.96554]]]},"properties":{"id":"SYN-ARAMBAGH-001-0070","block":"Arambag","mouza":"SYNTHETIC_MOUZA_001","plot":"SYN-001-0070","areaSqm":0,"real":false}},{"type":"Feature","geometry":{"type":"Polygon","coordinates":[[[87.787536,22.76597],[87.785631,22.768412],[87.785631,22.773236],[87.794275,22.773236],[87.794275,22.769552],[87.787536,22.76597]]]},"properties":{"id":"SYN-ARAMBAGH-001-0071","block":"Arambag","mouza":"SYNTHETIC_MOUZA_001","plot":"SYN-001-0071","areaSqm":0,"real":false}},{"type":"Feature","geometry":{"type":"Polygon","coordinates":[[[87.785631,22.773236],[87.785631,22.781329],[87.794275,22.781329],[87.794275,22.773236],[87.785631,22.773236]]]},"properties":{"id":"SYN-ARAMBAGH-001-0072","block":"Arambag","mouza":"SYNTHETIC_MOUZA_001","plot":"SYN-001-0072","areaSqm":0,"real":false}},{"type":"Feature","geometry":{"type":"Polygon","coordinates":[[[87.785631,22.781329],[87.785631,22.789421],[87.794275,22.789421],[87.794275,22.781329],[87.785631,22.781329]]]},"properties":{"id":"SYN-ARAMBAGH-001-0073","block":"Arambag","mouza":"SYNTHETIC_MOUZA_001","plot":"SYN-001-0073","areaSqm":0,"real":false}},{"type":"Feature","geometry":{"type":"Polygon","coordinates":[[[87.785631,22.789421],[87.785631,22.797514],[87.794275,22.797514],[87.794275,22.789421],[87.785631,22.789421]]]},"properties":{"id":"SYN-ARAMBAGH-001-0074","block":"Arambag","mouza":"SYNTHETIC_MOUZA_001","plot":"SYN-001-0074","areaSqm":0,"real":false}},{"type":"Feature","geometry":{"type":"Polygon","coordinates":[[[87.785631,22.797514],[87.785631,22.805606],[87.794275,22.805606],[87.794275,22.797514],[87.785631,22.797514]]]},"properties":{"id":"SYN-ARAMBAGH-001-0075","block":"Arambag","mouza":"SYNTHETIC_MOUZA_001","plot":"SYN-001-0075","areaSqm":0,"real":false}},{"type":"Feature","geometry":{"type":"Polygon","coordinates":[[[87.785631,22.805606],[87.785631,22.813698],[87.794275,22.813698],[87.794275,22.805606],[87.785631,22.805606]]]},"properties":{"id":"SYN-ARAMBAGH-001-0076","block":"Arambag","mouza":"SYNTHETIC_MOUZA_001","plot":"SYN-001-0076","areaSqm":0,"real":false}},{"type":"Feature","geometry":{"type":"Polygon","coordinates":[[[87.785631,22.813698],[87.785631,22.821791],[87.794275,22.821791],[87.794275,22.813698],[87.785631,22.813698]]]},"properties":{"id":"SYN-ARAMBAGH-001-0077","block":"Arambag","mouza":"SYNTHETIC_MOUZA_001","plot":"SYN-001-0077","areaSqm":0,"real":false}},{"type":"Feature","geometry":{"type":"Polygon","coordinates":[[[87.785631,22.821791],[87.785631,22.829883],[87.794275,22.829883],[87.794275,22.821791],[87.785631,22.821791]]]},"properties":{"id":"SYN-ARAMBAGH-001-0078","block":"Arambag","mouza":"SYNTHETIC_MOUZA_001","plot":"SYN-001-0078","areaSqm":0,"real":false}},{"type":"Feature","geometry":{"type":"Polygon","coordinates":[[[87.785631,22.829883],[87.785631,22.837976],[87.794275,22.837976],[87.794275,22.829883],[87.785631,22.829883]]]},"properties":{"id":"SYN-ARAMBAGH-001-0079","block":"Arambag","mouza":"SYNTHETIC_MOUZA_001","plot":"SYN-001-0079","areaSqm":0,"real":false}},{"type":"Feature","geometry":{"type":"Polygon","coordinates":[[[87.786398,22.83959],[87.787962,22.846068],[87.794275,22.846068],[87.794275,22.837976],[87.785631,22.837976],[87.785631,22.838038],[87.786398,22.83959]]]},"properties":{"id":"SYN-ARAMBAGH-001-0080","block":"Arambag","mouza":"SYNTHETIC_MOUZA_001","plot":"SYN-001-0080","areaSqm":0,"real":false}},{"type":"Feature","geometry":{"type":"Polygon","coordinates":[[[87.789916,22.854161],[87.794275,22.854161],[87.794275,22.846068],[87.787962,22.846068],[87.789916,22.854161]]]},"properties":{"id":"SYN-ARAMBAGH-001-0081","block":"Arambag","mouza":"SYNTHETIC_MOUZA_001","plot":"SYN-001-0081","areaSqm":0,"real":false}},{"type":"Feature","geometry":{"type":"Polygon","coordinates":[[[87.790506,22.856605],[87.787649,22.862062],[87.787657,22.862253],[87.794275,22.862253],[87.794275,22.854161],[87.789916,22.854161],[87.790506,22.856605]]]},"properties":{"id":"SYN-ARAMBAGH-001-0082","block":"Arambag","mouza":"SYNTHETIC_MOUZA_001","plot":"SYN-001-0082","areaSqm":0,"real":false}},{"type":"Feature","geometry":{"type":"Polygon","coordinates":[[[87.787866,22.867095],[87.785631,22.869959],[87.785631,22.870346],[87.794275,22.870346],[87.794275,22.862253],[87.787657,22.862253],[87.787866,22.867095]]]},"properties":{"id":"SYN-ARAMBAGH-001-0083","block":"Arambag","mouza":"SYNTHETIC_MOUZA_001","plot":"SYN-001-0083","areaSqm":0,"real":false}},{"type":"Feature","geometry":{"type":"Polygon","coordinates":[[[87.785631,22.870346],[87.785631,22.878438],[87.794275,22.878438],[87.794275,22.870346],[87.785631,22.870346]]]},"properties":{"id":"SYN-ARAMBAGH-001-0084","block":"Arambag","mouza":"SYNTHETIC_MOUZA_001","plot":"SYN-001-0084","areaSqm":0,"real":false}},{"type":"Feature","geometry":{"type":"Polygon","coordinates":[[[87.785631,22.878438],[87.785631,22.886531],[87.794275,22.886531],[87.794275,22.878438],[87.785631,22.878438]]]},"properties":{"id":"SYN-ARAMBAGH-001-0085","block":"Arambag","mouza":"SYNTHETIC_MOUZA_001","plot":"SYN-001-0085","areaSqm":0,"real":false}},{"type":"Feature","geometry":{"type":"Polygon","coordinates":[[[87.785631,22.886531],[87.785631,22.894623],[87.794275,22.894623],[87.794275,22.886531],[87.785631,22.886531]]]},"properties":{"id":"SYN-ARAMBAGH-001-0086","block":"Arambag","mouza":"SYNTHETIC_MOUZA_001","plot":"SYN-001-0086","areaSqm":0,"real":false}},{"type":"Feature","geometry":{"type":"Polygon","coordinates":[[[87.785631,22.894623],[87.785631,22.902715],[87.794275,22.902715],[87.794275,22.894623],[87.785631,22.894623]]]},"properties":{"id":"SYN-ARAMBAGH-001-0087","block":"Arambag","mouza":"SYNTHETIC_MOUZA_001","plot":"SYN-001-0087","areaSqm":0,"real":false}},{"type":"Feature","geometry":{"type":"Polygon","coordinates":[[[87.785631,22.902715],[87.785631,22.910808],[87.794275,22.910808],[87.794275,22.902715],[87.785631,22.902715]]]},"properties":{"id":"SYN-ARAMBAGH-001-0088","block":"Arambag","mouza":"SYNTHETIC_MOUZA_001","plot":"SYN-001-0088","areaSqm":0,"real":false}},{"type":"Feature","geometry":{"type":"Polygon","coordinates":[[[87.785631,22.910808],[87.785631,22.9189],[87.794275,22.9189],[87.794275,22.910808],[87.785631,22.910808]]]},"properties":{"id":"SYN-ARAMBAGH-001-0089","block":"Arambag","mouza":"SYNTHETIC_MOUZA_001","plot":"SYN-001-0089","areaSqm":0,"real":false}},{"type":"Feature","geometry":{"type":"Polygon","coordinates":[[[87.785631,22.9189],[87.785631,22.926993],[87.794275,22.926993],[87.794275,22.9189],[87.785631,22.9189]]]},"properties":{"id":"SYN-ARAMBAGH-001-0090","block":"Arambag","mouza":"SYNTHETIC_MOUZA_001","plot":"SYN-001-0090","areaSqm":0,"real":false}},{"type":"Feature","geometry":{"type":"Polygon","coordinates":[[[87.785631,22.926993],[87.785631,22.935085],[87.794275,22.935085],[87.794275,22.926993],[87.785631,22.926993]]]},"properties":{"id":"SYN-ARAMBAGH-001-0091","block":"Arambag","mouza":"SYNTHETIC_MOUZA_001","plot":"SYN-001-0091","areaSqm":0,"real":false}},{"type":"Feature","geometry":{"type":"Polygon","coordinates":[[[87.789742,22.935295],[87.794075,22.941149],[87.794275,22.94112],[87.794275,22.935085],[87.785631,22.935085],[87.785631,22.935406],[87.789742,22.935295]]]},"properties":{"id":"SYN-ARAMBAGH-001-0092","block":"Arambag","mouza":"SYNTHETIC_MOUZA_001","plot":"SYN-001-0092","areaSqm":0,"real":false}},{"type":"Feature","geometry":{"type":"Polygon","coordinates":[[[87.799878,22.764192],[87.799257,22.765144],[87.802919,22.765144],[87.802919,22.763724],[87.799878,22.764192]]]},"properties":{"id":"SYN-ARAMBAGH-001-0093","block":"Arambag","mouza":"SYNTHETIC_MOUZA_001","plot":"SYN-001-0093","areaSqm":0,"real":false}},{"type":"Feature","geometry":{"type":"Polygon","coordinates":[[[87.796481,22.769397],[87.794291,22.769561],[87.794275,22.769552],[87.794275,22.773236],[87.802919,22.773236],[87.802919,22.765144],[87.799257,22.765144],[87.796481,22.769397]]]},"properties":{"id":"SYN-ARAMBAGH-001-0094","block":"Arambag","mouza":"SYNTHETIC_MOUZA_001","plot":"SYN-001-0094","areaSqm":0,"real":false}},{"type":"Feature","geometry":{"type":"Polygon","coordinates":[[[87.794275,22.773236],[87.794275,22.781329],[87.802919,22.781329],[87.802919,22.773236],[87.794275,22.773236]]]},"properties":{"id":"SYN-ARAMBAGH-001-0095","block":"Arambag","mouza":"SYNTHETIC_MOUZA_001","plot":"SYN-001-0095","areaSqm":0,"real":false}},{"type":"Feature","geometry":{"type":"Polygon","coordinates":[[[87.794275,22.781329],[87.794275,22.789421],[87.802919,22.789421],[87.802919,22.781329],[87.794275,22.781329]]]},"properties":{"id":"SYN-ARAMBAGH-001-0096","block":"Arambag","mouza":"SYNTHETIC_MOUZA_001","plot":"SYN-001-0096","areaSqm":0,"real":false}},{"type":"Feature","geometry":{"type":"Polygon","coordinates":[[[87.794275,22.789421],[87.794275,22.797514],[87.802919,22.797514],[87.802919,22.789421],[87.794275,22.789421]]]},"properties":{"id":"SYN-ARAMBAGH-001-0097","block":"Arambag","mouza":"SYNTHETIC_MOUZA_001","plot":"SYN-001-0097","areaSqm":0,"real":false}},{"type":"Feature","geometry":{"type":"Polygon","coordinates":[[[87.794275,22.797514],[87.794275,22.805606],[87.802919,22.805606],[87.802919,22.797514],[87.794275,22.797514]]]},"properties":{"id":"SYN-ARAMBAGH-001-0098","block":"Arambag","mouza":"SYNTHETIC_MOUZA_001","plot":"SYN-001-0098","areaSqm":0,"real":false}},{"type":"Feature","geometry":{"type":"Polygon","coordinates":[[[87.794275,22.805606],[87.794275,22.813698],[87.802919,22.813698],[87.802919,22.805606],[87.794275,22.805606]]]},"properties":{"id":"SYN-ARAMBAGH-001-0099","block":"Arambag","mouza":"SYNTHETIC_MOUZA_001","plot":"SYN-001-0099","areaSqm":0,"real":false}},{"type":"Feature","geometry":{"type":"Polygon","coordinates":[[[87.794275,22.813698],[87.794275,22.821791],[87.802919,22.821791],[87.802919,22.813698],[87.794275,22.813698]]]},"properties":{"id":"SYN-ARAMBAGH-001-0100","block":"Arambag","mouza":"SYNTHETIC_MOUZA_001","plot":"SYN-001-0100","areaSqm":0,"real":false}},{"type":"Feature","geometry":{"type":"Polygon","coordinates":[[[87.794275,22.821791],[87.794275,22.829883],[87.802919,22.829883],[87.802919,22.821791],[87.794275,22.821791]]]},"properties":{"id":"SYN-ARAMBAGH-001-0101","block":"Arambag","mouza":"SYNTHETIC_MOUZA_001","plot":"SYN-001-0101","areaSqm":0,"real":false}},{"type":"Feature","geometry":{"type":"Polygon","coordinates":[[[87.794275,22.829883],[87.794275,22.837976],[87.802919,22.837976],[87.802919,22.829883],[87.794275,22.829883]]]},"properties":{"id":"SYN-ARAMBAGH-001-0102","block":"Arambag","mouza":"SYNTHETIC_MOUZA_001","plot":"SYN-001-0102","areaSqm":0,"real":false}},{"type":"Feature","geometry":{"type":"Polygon","coordinates":[[[87.794275,22.837976],[87.794275,22.846068],[87.802919,22.846068],[87.802919,22.837976],[87.794275,22.837976]]]},"properties":{"id":"SYN-ARAMBAGH-001-0103","block":"Arambag","mouza":"SYNTHETIC_MOUZA_001","plot":"SYN-001-0103","areaSqm":0,"real":false}},{"type":"Feature","geometry":{"type":"Polygon","coordinates":[[[87.794275,22.846068],[87.794275,22.854161],[87.802919,22.854161],[87.802919,22.846068],[87.794275,22.846068]]]},"properties":{"id":"SYN-ARAMBAGH-001-0104","block":"Arambag","mouza":"SYNTHETIC_MOUZA_001","plot":"SYN-001-0104","areaSqm":0,"real":false}},{"type":"Feature","geometry":{"type":"Polygon","coordinates":[[[87.794275,22.854161],[87.794275,22.862253],[87.802919,22.862253],[87.802919,22.854161],[87.794275,22.854161]]]},"properties":{"id":"SYN-ARAMBAGH-001-0105","block":"Arambag","mouza":"SYNTHETIC_MOUZA_001","plot":"SYN-001-0105","areaSqm":0,"real":false}},{"type":"Feature","geometry":{"type":"Polygon","coordinates":[[[87.794275,22.862253],[87.794275,22.870346],[87.802919,22.870346],[87.802919,22.862253],[87.794275,22.862253]]]},"properties":{"id":"SYN-ARAMBAGH-001-0106","block":"Arambag","mouza":"SYNTHETIC_MOUZA_001","plot":"SYN-001-0106","areaSqm":0,"real":false}},{"type":"Feature","geometry":{"type":"Polygon","coordinates":[[[87.794275,22.870346],[87.794275,22.878438],[87.802919,22.878438],[87.802919,22.870346],[87.794275,22.870346]]]},"properties":{"id":"SYN-ARAMBAGH-001-0107","block":"Arambag","mouza":"SYNTHETIC_MOUZA_001","plot":"SYN-001-0107","areaSqm":0,"real":false}},{"type":"Feature","geometry":{"type":"Polygon","coordinates":[[[87.794275,22.878438],[87.794275,22.886531],[87.802919,22.886531],[87.802919,22.878438],[87.794275,22.878438]]]},"properties":{"id":"SYN-ARAMBAGH-001-0108","block":"Arambag","mouza":"SYNTHETIC_MOUZA_001","plot":"SYN-001-0108","areaSqm":0,"real":false}},{"type":"Feature","geometry":{"type":"Polygon","coordinates":[[[87.794275,22.886531],[87.794275,22.894623],[87.802919,22.894623],[87.802919,22.886531],[87.794275,22.886531]]]},"properties":{"id":"SYN-ARAMBAGH-001-0109","block":"Arambag","mouza":"SYNTHETIC_MOUZA_001","plot":"SYN-001-0109","areaSqm":0,"real":false}},{"type":"Feature","geometry":{"type":"Polygon","coordinates":[[[87.794275,22.894623],[87.794275,22.902715],[87.802919,22.902715],[87.802919,22.894623],[87.794275,22.894623]]]},"properties":{"id":"SYN-ARAMBAGH-001-0110","block":"Arambag","mouza":"SYNTHETIC_MOUZA_001","plot":"SYN-001-0110","areaSqm":0,"real":false}},{"type":"Feature","geometry":{"type":"Polygon","coordinates":[[[87.794275,22.902715],[87.794275,22.910808],[87.802919,22.910808],[87.802919,22.902715],[87.794275,22.902715]]]},"properties":{"id":"SYN-ARAMBAGH-001-0111","block":"Arambag","mouza":"SYNTHETIC_MOUZA_001","plot":"SYN-001-0111","areaSqm":0,"real":false}},{"type":"Feature","geometry":{"type":"Polygon","coordinates":[[[87.794275,22.910808],[87.794275,22.9189],[87.802919,22.9189],[87.802919,22.910808],[87.794275,22.910808]]]},"properties":{"id":"SYN-ARAMBAGH-001-0112","block":"Arambag","mouza":"SYNTHETIC_MOUZA_001","plot":"SYN-001-0112","areaSqm":0,"real":false}},{"type":"Feature","geometry":{"type":"Polygon","coordinates":[[[87.794275,22.9189],[87.794275,22.926993],[87.802919,22.926993],[87.802919,22.9189],[87.794275,22.9189]]]},"properties":{"id":"SYN-ARAMBAGH-001-0113","block":"Arambag","mouza":"SYNTHETIC_MOUZA_001","plot":"SYN-001-0113","areaSqm":0,"real":false}},{"type":"Feature","geometry":{"type":"Polygon","coordinates":[[[87.794275,22.926993],[87.794275,22.935085],[87.802919,22.935085],[87.802919,22.926993],[87.794275,22.926993]]]},"properties":{"id":"SYN-ARAMBAGH-001-0114","block":"Arambag","mouza":"SYNTHETIC_MOUZA_001","plot":"SYN-001-0114","areaSqm":0,"real":false}},{"type":"Feature","geometry":{"type":"Polygon","coordinates":[[[87.802864,22.939863],[87.802919,22.939949],[87.802919,22.935085],[87.794275,22.935085],[87.794275,22.94112],[87.802864,22.939863]]]},"properties":{"id":"SYN-ARAMBAGH-001-0115","block":"Arambag","mouza":"SYNTHETIC_MOUZA_001","plot":"SYN-001-0115","areaSqm":0,"real":false}},{"type":"Feature","geometry":{"type":"MultiPolygon","coordinates":[[[[87.807219,22.760369],[87.806166,22.763224],[87.802919,22.763724],[87.802919,22.765144],[87.811563,22.765144],[87.811563,22.758616],[87.807219,22.760369]]],[[[87.810842,22.758774],[87.811563,22.758571],[87.811563,22.758069],[87.810842,22.758774]]]]},"properties":{"id":"SYN-ARAMBAGH-001-0116","block":"Arambag","mouza":"SYNTHETIC_MOUZA_001","plot":"SYN-001-0116","areaSqm":0,"real":false}},{"type":"Feature","geometry":{"type":"Polygon","coordinates":[[[87.802919,22.765144],[87.802919,22.773236],[87.811563,22.773236],[87.811563,22.765144],[87.802919,22.765144]]]},"properties":{"id":"SYN-ARAMBAGH-001-0117","block":"Arambag","mouza":"SYNTHETIC_MOUZA_001","plot":"SYN-001-0117","areaSqm":0,"real":false}},{"type":"Feature","geometry":{"type":"Polygon","coordinates":[[[87.802919,22.773236],[87.802919,22.781329],[87.811563,22.781329],[87.811563,22.773236],[87.802919,22.773236]]]},"properties":{"id":"SYN-ARAMBAGH-001-0118","block":"Arambag","mouza":"SYNTHETIC_MOUZA_001","plot":"SYN-001-0118","areaSqm":0,"real":false}},{"type":"Feature","geometry":{"type":"Polygon","coordinates":[[[87.802919,22.781329],[87.802919,22.789421],[87.811563,22.789421],[87.811563,22.781329],[87.802919,22.781329]]]},"properties":{"id":"SYN-ARAMBAGH-001-0119","block":"Arambag","mouza":"SYNTHETIC_MOUZA_001","plot":"SYN-001-0119","areaSqm":0,"real":false}},{"type":"Feature","geometry":{"type":"Polygon","coordinates":[[[87.802919,22.789421],[87.802919,22.797514],[87.811563,22.797514],[87.811563,22.789421],[87.802919,22.789421]]]},"properties":{"id":"SYN-ARAMBAGH-001-0120","block":"Arambag","mouza":"SYNTHETIC_MOUZA_001","plot":"SYN-001-0120","areaSqm":0,"real":false}},{"type":"Feature","geometry":{"type":"Polygon","coordinates":[[[87.802919,22.797514],[87.802919,22.805606],[87.811563,22.805606],[87.811563,22.797514],[87.802919,22.797514]]]},"properties":{"id":"SYN-ARAMBAGH-001-0121","block":"Arambag","mouza":"SYNTHETIC_MOUZA_001","plot":"SYN-001-0121","areaSqm":0,"real":false}},{"type":"Feature","geometry":{"type":"Polygon","coordinates":[[[87.802919,22.805606],[87.802919,22.813698],[87.811563,22.813698],[87.811563,22.805606],[87.802919,22.805606]]]},"properties":{"id":"SYN-ARAMBAGH-001-0122","block":"Arambag","mouza":"SYNTHETIC_MOUZA_001","plot":"SYN-001-0122","areaSqm":0,"real":false}},{"type":"Feature","geometry":{"type":"Polygon","coordinates":[[[87.802919,22.813698],[87.802919,22.821791],[87.811563,22.821791],[87.811563,22.813698],[87.802919,22.813698]]]},"properties":{"id":"SYN-ARAMBAGH-001-0123","block":"Arambag","mouza":"SYNTHETIC_MOUZA_001","plot":"SYN-001-0123","areaSqm":0,"real":false}},{"type":"Feature","geometry":{"type":"Polygon","coordinates":[[[87.802919,22.821791],[87.802919,22.829883],[87.811563,22.829883],[87.811563,22.821791],[87.802919,22.821791]]]},"properties":{"id":"SYN-ARAMBAGH-001-0124","block":"Arambag","mouza":"SYNTHETIC_MOUZA_001","plot":"SYN-001-0124","areaSqm":0,"real":false}},{"type":"Feature","geometry":{"type":"Polygon","coordinates":[[[87.802919,22.829883],[87.802919,22.837976],[87.811563,22.837976],[87.811563,22.829883],[87.802919,22.829883]]]},"properties":{"id":"SYN-ARAMBAGH-001-0125","block":"Arambag","mouza":"SYNTHETIC_MOUZA_001","plot":"SYN-001-0125","areaSqm":0,"real":false}},{"type":"Feature","geometry":{"type":"Polygon","coordinates":[[[87.802919,22.837976],[87.802919,22.846068],[87.811563,22.846068],[87.811563,22.837976],[87.802919,22.837976]]]},"properties":{"id":"SYN-ARAMBAGH-001-0126","block":"Arambag","mouza":"SYNTHETIC_MOUZA_001","plot":"SYN-001-0126","areaSqm":0,"real":false}},{"type":"Feature","geometry":{"type":"Polygon","coordinates":[[[87.802919,22.846068],[87.802919,22.854161],[87.811563,22.854161],[87.811563,22.846068],[87.802919,22.846068]]]},"properties":{"id":"SYN-ARAMBAGH-001-0127","block":"Arambag","mouza":"SYNTHETIC_MOUZA_001","plot":"SYN-001-0127","areaSqm":0,"real":false}},{"type":"Feature","geometry":{"type":"Polygon","coordinates":[[[87.802919,22.854161],[87.802919,22.862253],[87.811563,22.862253],[87.811563,22.854161],[87.802919,22.854161]]]},"properties":{"id":"SYN-ARAMBAGH-001-0128","block":"Arambag","mouza":"SYNTHETIC_MOUZA_001","plot":"SYN-001-0128","areaSqm":0,"real":false}},{"type":"Feature","geometry":{"type":"Polygon","coordinates":[[[87.802919,22.862253],[87.802919,22.870346],[87.811563,22.870346],[87.811563,22.862253],[87.802919,22.862253]]]},"properties":{"id":"SYN-ARAMBAGH-001-0129","block":"Arambag","mouza":"SYNTHETIC_MOUZA_001","plot":"SYN-001-0129","areaSqm":0,"real":false}},{"type":"Feature","geometry":{"type":"Polygon","coordinates":[[[87.802919,22.870346],[87.802919,22.878438],[87.811563,22.878438],[87.811563,22.870346],[87.802919,22.870346]]]},"properties":{"id":"SYN-ARAMBAGH-001-0130","block":"Arambag","mouza":"SYNTHETIC_MOUZA_001","plot":"SYN-001-0130","areaSqm":0,"real":false}},{"type":"Feature","geometry":{"type":"Polygon","coordinates":[[[87.802919,22.878438],[87.802919,22.886531],[87.811563,22.886531],[87.811563,22.878438],[87.802919,22.878438]]]},"properties":{"id":"SYN-ARAMBAGH-001-0131","block":"Arambag","mouza":"SYNTHETIC_MOUZA_001","plot":"SYN-001-0131","areaSqm":0,"real":false}},{"type":"Feature","geometry":{"type":"Polygon","coordinates":[[[87.802919,22.886531],[87.802919,22.894623],[87.811563,22.894623],[87.811563,22.886531],[87.802919,22.886531]]]},"properties":{"id":"SYN-ARAMBAGH-001-0132","block":"Arambag","mouza":"SYNTHETIC_MOUZA_001","plot":"SYN-001-0132","areaSqm":0,"real":false}},{"type":"Feature","geometry":{"type":"Polygon","coordinates":[[[87.802919,22.894623],[87.802919,22.902715],[87.811563,22.902715],[87.811563,22.894623],[87.802919,22.894623]]]},"properties":{"id":"SYN-ARAMBAGH-001-0133","block":"Arambag","mouza":"SYNTHETIC_MOUZA_001","plot":"SYN-001-0133","areaSqm":0,"real":false}},{"type":"Feature","geometry":{"type":"Polygon","coordinates":[[[87.802919,22.902715],[87.802919,22.910808],[87.811563,22.910808],[87.811563,22.902715],[87.802919,22.902715]]]},"properties":{"id":"SYN-ARAMBAGH-001-0134","block":"Arambag","mouza":"SYNTHETIC_MOUZA_001","plot":"SYN-001-0134","areaSqm":0,"real":false}},{"type":"Feature","geometry":{"type":"Polygon","coordinates":[[[87.802919,22.910808],[87.802919,22.9189],[87.811563,22.9189],[87.811563,22.910808],[87.802919,22.910808]]]},"properties":{"id":"SYN-ARAMBAGH-001-0135","block":"Arambag","mouza":"SYNTHETIC_MOUZA_001","plot":"SYN-001-0135","areaSqm":0,"real":false}},{"type":"Feature","geometry":{"type":"Polygon","coordinates":[[[87.802919,22.9189],[87.802919,22.926993],[87.811563,22.926993],[87.811563,22.9189],[87.802919,22.9189]]]},"properties":{"id":"SYN-ARAMBAGH-001-0136","block":"Arambag","mouza":"SYNTHETIC_MOUZA_001","plot":"SYN-001-0136","areaSqm":0,"real":false}},{"type":"Feature","geometry":{"type":"Polygon","coordinates":[[[87.802919,22.926993],[87.802919,22.935085],[87.811563,22.935085],[87.811563,22.926993],[87.802919,22.926993]]]},"properties":{"id":"SYN-ARAMBAGH-001-0137","block":"Arambag","mouza":"SYNTHETIC_MOUZA_001","plot":"SYN-001-0137","areaSqm":0,"real":false}},{"type":"Feature","geometry":{"type":"Polygon","coordinates":[[[87.804994,22.943178],[87.811563,22.943178],[87.811563,22.935085],[87.802919,22.935085],[87.802919,22.939949],[87.804994,22.943178]]]},"properties":{"id":"SYN-ARAMBAGH-001-0138","block":"Arambag","mouza":"SYNTHETIC_MOUZA_001","plot":"SYN-001-0138","areaSqm":0,"real":false}},{"type":"Feature","geometry":{"type":"Polygon","coordinates":[[[87.805634,22.944174],[87.806671,22.950336],[87.809669,22.950655],[87.811508,22.946022],[87.811563,22.945995],[87.811563,22.943178],[87.804994,22.943178],[87.805634,22.944174]]]},"properties":{"id":"SYN-ARAMBAGH-001-0139","block":"Arambag","mouza":"SYNTHETIC_MOUZA_001","plot":"SYN-001-0139","areaSqm":0,"real":false}},{"type":"Feature","geometry":{"type":"Polygon","coordinates":[[[87.813239,22.751706],[87.812602,22.753174],[87.814892,22.754814],[87.812603,22.757051],[87.820207,22.757051],[87.820207,22.749911],[87.813239,22.751706]]]},"properties":{"id":"SYN-ARAMBAGH-001-0140","block":"Arambag","mouza":"SYNTHETIC_MOUZA_001","plot":"SYN-001-0140","areaSqm":0,"real":false}},{"type":"Feature","geometry":{"type":"Polygon","coordinates":[[[87.81193,22.758468],[87.811563,22.758616],[87.811563,22.765144],[87.814938,22.765144],[87.814442,22.762756],[87.815902,22.760997],[87.820207,22.760372],[87.820207,22.757051],[87.812603,22.757051],[87.811563,22.758069],[87.811563,22.758571],[87.81193,22.758468]]]},"properties":{"id":"SYN-ARAMBAGH-001-0141","block":"Arambag","mouza":"SYNTHETIC_MOUZA_001","plot":"SYN-001-0141","areaSqm":0,"real":false}},{"type":"Feature","geometry":{"type":"MultiPolygon","coordinates":[[[[87.816201,22.771221],[87.814938,22.765144],[87.811563,22.765144],[87.811563,22.773236],[87.818235,22.773236],[87.816201,22.771221]]],[[[87.819657,22.773236],[87.820207,22.773236],[87.820207,22.773143],[87.819657,22.773236]]]]},"properties":{"id":"SYN-ARAMBAGH-001-0142","block":"Arambag","mouza":"SYNTHETIC_MOUZA_001","plot":"SYN-001-0142","areaSqm":0,"real":false}},{"type":"Feature","geometry":{"type":"Polygon","coordinates":[[[87.818442,22.773441],[87.818235,22.773236],[87.811563,22.773236],[87.811563,22.781329],[87.820207,22.781329],[87.820207,22.773236],[87.819657,22.773236],[87.818442,22.773441]]]},"properties":{"id":"SYN-ARAMBAGH-001-0143","block":"Arambag","mouza":"SYNTHETIC_MOUZA_001","plot":"SYN-001-0143","areaSqm":0,"real":false}},{"type":"Feature","geometry":{"type":"Polygon","coordinates":[[[87.811563,22.781329],[87.811563,22.789421],[87.820207,22.789421],[87.820207,22.781329],[87.811563,22.781329]]]},"properties":{"id":"SYN-ARAMBAGH-001-0144","block":"Arambag","mouza":"SYNTHETIC_MOUZA_001","plot":"SYN-001-0144","areaSqm":0,"real":false}},{"type":"Feature","geometry":{"type":"Polygon","coordinates":[[[87.811563,22.789421],[87.811563,22.797514],[87.820207,22.797514],[87.820207,22.789421],[87.811563,22.789421]]]},"properties":{"id":"SYN-ARAMBAGH-001-0145","block":"Arambag","mouza":"SYNTHETIC_MOUZA_001","plot":"SYN-001-0145","areaSqm":0,"real":false}},{"type":"Feature","geometry":{"type":"Polygon","coordinates":[[[87.811563,22.797514],[87.811563,22.805606],[87.820207,22.805606],[87.820207,22.797514],[87.811563,22.797514]]]},"properties":{"id":"SYN-ARAMBAGH-001-0146","block":"Arambag","mouza":"SYNTHETIC_MOUZA_001","plot":"SYN-001-0146","areaSqm":0,"real":false}},{"type":"Feature","geometry":{"type":"Polygon","coordinates":[[[87.811563,22.805606],[87.811563,22.813698],[87.820207,22.813698],[87.820207,22.805606],[87.811563,22.805606]]]},"properties":{"id":"SYN-ARAMBAGH-001-0147","block":"Arambag","mouza":"SYNTHETIC_MOUZA_001","plot":"SYN-001-0147","areaSqm":0,"real":false}},{"type":"Feature","geometry":{"type":"Polygon","coordinates":[[[87.811563,22.813698],[87.811563,22.821791],[87.820207,22.821791],[87.820207,22.813698],[87.811563,22.813698]]]},"properties":{"id":"SYN-ARAMBAGH-001-0148","block":"Arambag","mouza":"SYNTHETIC_MOUZA_001","plot":"SYN-001-0148","areaSqm":0,"real":false}},{"type":"Feature","geometry":{"type":"Polygon","coordinates":[[[87.811563,22.821791],[87.811563,22.829883],[87.820207,22.829883],[87.820207,22.821791],[87.811563,22.821791]]]},"properties":{"id":"SYN-ARAMBAGH-001-0149","block":"Arambag","mouza":"SYNTHETIC_MOUZA_001","plot":"SYN-001-0149","areaSqm":0,"real":false}},{"type":"Feature","geometry":{"type":"Polygon","coordinates":[[[87.811563,22.829883],[87.811563,22.837976],[87.820207,22.837976],[87.820207,22.829883],[87.811563,22.829883]]]},"properties":{"id":"SYN-ARAMBAGH-001-0150","block":"Arambag","mouza":"SYNTHETIC_MOUZA_001","plot":"SYN-001-0150","areaSqm":0,"real":false}},{"type":"Feature","geometry":{"type":"Polygon","coordinates":[[[87.811563,22.837976],[87.811563,22.846068],[87.820207,22.846068],[87.820207,22.837976],[87.811563,22.837976]]]},"properties":{"id":"SYN-ARAMBAGH-001-0151","block":"Arambag","mouza":"SYNTHETIC_MOUZA_001","plot":"SYN-001-0151","areaSqm":0,"real":false}},{"type":"Feature","geometry":{"type":"Polygon","coordinates":[[[87.811563,22.846068],[87.811563,22.854161],[87.820207,22.854161],[87.820207,22.846068],[87.811563,22.846068]]]},"properties":{"id":"SYN-ARAMBAGH-001-0152","block":"Arambag","mouza":"SYNTHETIC_MOUZA_001","plot":"SYN-001-0152","areaSqm":0,"real":false}},{"type":"Feature","geometry":{"type":"Polygon","coordinates":[[[87.811563,22.854161],[87.811563,22.862253],[87.820207,22.862253],[87.820207,22.854161],[87.811563,22.854161]]]},"properties":{"id":"SYN-ARAMBAGH-001-0153","block":"Arambag","mouza":"SYNTHETIC_MOUZA_001","plot":"SYN-001-0153","areaSqm":0,"real":false}},{"type":"Feature","geometry":{"type":"Polygon","coordinates":[[[87.811563,22.862253],[87.811563,22.870346],[87.820207,22.870346],[87.820207,22.862253],[87.811563,22.862253]]]},"properties":{"id":"SYN-ARAMBAGH-001-0154","block":"Arambag","mouza":"SYNTHETIC_MOUZA_001","plot":"SYN-001-0154","areaSqm":0,"real":false}},{"type":"Feature","geometry":{"type":"Polygon","coordinates":[[[87.811563,22.870346],[87.811563,22.878438],[87.820207,22.878438],[87.820207,22.870346],[87.811563,22.870346]]]},"properties":{"id":"SYN-ARAMBAGH-001-0155","block":"Arambag","mouza":"SYNTHETIC_MOUZA_001","plot":"SYN-001-0155","areaSqm":0,"real":false}},{"type":"Feature","geometry":{"type":"Polygon","coordinates":[[[87.811563,22.878438],[87.811563,22.886531],[87.820207,22.886531],[87.820207,22.878438],[87.811563,22.878438]]]},"properties":{"id":"SYN-ARAMBAGH-001-0156","block":"Arambag","mouza":"SYNTHETIC_MOUZA_001","plot":"SYN-001-0156","areaSqm":0,"real":false}},{"type":"Feature","geometry":{"type":"Polygon","coordinates":[[[87.811563,22.886531],[87.811563,22.894623],[87.820207,22.894623],[87.820207,22.886531],[87.811563,22.886531]]]},"properties":{"id":"SYN-ARAMBAGH-001-0157","block":"Arambag","mouza":"SYNTHETIC_MOUZA_001","plot":"SYN-001-0157","areaSqm":0,"real":false}},{"type":"Feature","geometry":{"type":"Polygon","coordinates":[[[87.811563,22.894623],[87.811563,22.902715],[87.820207,22.902715],[87.820207,22.894623],[87.811563,22.894623]]]},"properties":{"id":"SYN-ARAMBAGH-001-0158","block":"Arambag","mouza":"SYNTHETIC_MOUZA_001","plot":"SYN-001-0158","areaSqm":0,"real":false}},{"type":"Feature","geometry":{"type":"Polygon","coordinates":[[[87.811563,22.902715],[87.811563,22.910808],[87.820207,22.910808],[87.820207,22.902715],[87.811563,22.902715]]]},"properties":{"id":"SYN-ARAMBAGH-001-0159","block":"Arambag","mouza":"SYNTHETIC_MOUZA_001","plot":"SYN-001-0159","areaSqm":0,"real":false}},{"type":"Feature","geometry":{"type":"Polygon","coordinates":[[[87.811563,22.910808],[87.811563,22.9189],[87.820207,22.9189],[87.820207,22.910808],[87.811563,22.910808]]]},"properties":{"id":"SYN-ARAMBAGH-001-0160","block":"Arambag","mouza":"SYNTHETIC_MOUZA_001","plot":"SYN-001-0160","areaSqm":0,"real":false}},{"type":"Feature","geometry":{"type":"Polygon","coordinates":[[[87.811563,22.9189],[87.811563,22.926993],[87.820207,22.926993],[87.820207,22.9189],[87.811563,22.9189]]]},"properties":{"id":"SYN-ARAMBAGH-001-0161","block":"Arambag","mouza":"SYNTHETIC_MOUZA_001","plot":"SYN-001-0161","areaSqm":0,"real":false}},{"type":"Feature","geometry":{"type":"Polygon","coordinates":[[[87.811563,22.926993],[87.811563,22.935085],[87.820207,22.935085],[87.820207,22.926993],[87.811563,22.926993]]]},"properties":{"id":"SYN-ARAMBAGH-001-0162","block":"Arambag","mouza":"SYNTHETIC_MOUZA_001","plot":"SYN-001-0162","areaSqm":0,"real":false}},{"type":"Feature","geometry":{"type":"Polygon","coordinates":[[[87.811563,22.935085],[87.811563,22.943178],[87.820207,22.943178],[87.820207,22.935085],[87.811563,22.935085]]]},"properties":{"id":"SYN-ARAMBAGH-001-0163","block":"Arambag","mouza":"SYNTHETIC_MOUZA_001","plot":"SYN-001-0163","areaSqm":0,"real":false}},{"type":"Feature","geometry":{"type":"Polygon","coordinates":[[[87.813866,22.944855],[87.819099,22.945732],[87.820207,22.949474],[87.820207,22.943178],[87.811563,22.943178],[87.811563,22.945995],[87.813866,22.944855]]]},"properties":{"id":"SYN-ARAMBAGH-001-0164","block":"Arambag","mouza":"SYNTHETIC_MOUZA_001","plot":"SYN-001-0164","areaSqm":0,"real":false}},{"type":"Feature","geometry":{"type":"Polygon","coordinates":[[[87.820207,22.749911],[87.820207,22.757051],[87.82885,22.757051],[87.82885,22.755524],[87.82629,22.753224],[87.826175,22.750032],[87.823901,22.748959],[87.820207,22.749911]]]},"properties":{"id":"SYN-ARAMBAGH-001-0165","block":"Arambag","mouza":"SYNTHETIC_MOUZA_001","plot":"SYN-001-0165","areaSqm":0,"real":false}},{"type":"Feature","geometry":{"type":"Polygon","coordinates":[[[87.82828,22.759199],[87.82885,22.758478],[87.82885,22.757051],[87.820207,22.757051],[87.820207,22.760372],[87.82828,22.759199]]]},"properties":{"id":"SYN-ARAMBAGH-001-0166","block":"Arambag","mouza":"SYNTHETIC_MOUZA_001","plot":"SYN-001-0166","areaSqm":0,"real":false}},{"type":"Feature","geometry":{"type":"Polygon","coordinates":[[[87.820207,22.773143],[87.820207,22.773236],[87.82885,22.773236],[87.82885,22.771685],[87.820207,22.773143]]]},"properties":{"id":"SYN-ARAMBAGH-001-0167","block":"Arambag","mouza":"SYNTHETIC_MOUZA_001","plot":"SYN-001-0167","areaSqm":0,"real":false}},{"type":"Feature","geometry":{"type":"Polygon","coordinates":[[[87.820207,22.773236],[87.820207,22.781329],[87.82885,22.781329],[87.82885,22.773236],[87.820207,22.773236]]]},"properties":{"id":"SYN-ARAMBAGH-001-0168","block":"Arambag","mouza":"SYNTHETIC_MOUZA_001","plot":"SYN-001-0168","areaSqm":0,"real":false}},{"type":"Feature","geometry":{"type":"Polygon","coordinates":[[[87.820207,22.781329],[87.820207,22.789421],[87.82885,22.789421],[87.82885,22.781329],[87.820207,22.781329]]]},"properties":{"id":"SYN-ARAMBAGH-001-0169","block":"Arambag","mouza":"SYNTHETIC_MOUZA_001","plot":"SYN-001-0169","areaSqm":0,"real":false}},{"type":"Feature","geometry":{"type":"Polygon","coordinates":[[[87.820207,22.789421],[87.820207,22.797514],[87.82885,22.797514],[87.82885,22.789421],[87.820207,22.789421]]]},"properties":{"id":"SYN-ARAMBAGH-001-0170","block":"Arambag","mouza":"SYNTHETIC_MOUZA_001","plot":"SYN-001-0170","areaSqm":0,"real":false}},{"type":"Feature","geometry":{"type":"Polygon","coordinates":[[[87.820207,22.797514],[87.820207,22.805606],[87.82885,22.805606],[87.82885,22.797514],[87.820207,22.797514]]]},"properties":{"id":"SYN-ARAMBAGH-001-0171","block":"Arambag","mouza":"SYNTHETIC_MOUZA_001","plot":"SYN-001-0171","areaSqm":0,"real":false}},{"type":"Feature","geometry":{"type":"Polygon","coordinates":[[[87.820207,22.805606],[87.820207,22.813698],[87.82885,22.813698],[87.82885,22.805606],[87.820207,22.805606]]]},"properties":{"id":"SYN-ARAMBAGH-001-0172","block":"Arambag","mouza":"SYNTHETIC_MOUZA_001","plot":"SYN-001-0172","areaSqm":0,"real":false}},{"type":"Feature","geometry":{"type":"Polygon","coordinates":[[[87.820207,22.813698],[87.820207,22.821791],[87.82885,22.821791],[87.82885,22.813698],[87.820207,22.813698]]]},"properties":{"id":"SYN-ARAMBAGH-001-0173","block":"Arambag","mouza":"SYNTHETIC_MOUZA_001","plot":"SYN-001-0173","areaSqm":0,"real":false}},{"type":"Feature","geometry":{"type":"Polygon","coordinates":[[[87.820207,22.821791],[87.820207,22.829883],[87.82885,22.829883],[87.82885,22.821791],[87.820207,22.821791]]]},"properties":{"id":"SYN-ARAMBAGH-001-0174","block":"Arambag","mouza":"SYNTHETIC_MOUZA_001","plot":"SYN-001-0174","areaSqm":0,"real":false}},{"type":"Feature","geometry":{"type":"Polygon","coordinates":[[[87.820207,22.829883],[87.820207,22.837976],[87.82885,22.837976],[87.82885,22.829883],[87.820207,22.829883]]]},"properties":{"id":"SYN-ARAMBAGH-001-0175","block":"Arambag","mouza":"SYNTHETIC_MOUZA_001","plot":"SYN-001-0175","areaSqm":0,"real":false}},{"type":"Feature","geometry":{"type":"Polygon","coordinates":[[[87.820207,22.837976],[87.820207,22.846068],[87.82885,22.846068],[87.82885,22.837976],[87.820207,22.837976]]]},"properties":{"id":"SYN-ARAMBAGH-001-0176","block":"Arambag","mouza":"SYNTHETIC_MOUZA_001","plot":"SYN-001-0176","areaSqm":0,"real":false}},{"type":"Feature","geometry":{"type":"Polygon","coordinates":[[[87.820207,22.846068],[87.820207,22.854161],[87.82885,22.854161],[87.82885,22.846068],[87.820207,22.846068]]]},"properties":{"id":"SYN-ARAMBAGH-001-0177","block":"Arambag","mouza":"SYNTHETIC_MOUZA_001","plot":"SYN-001-0177","areaSqm":0,"real":false}},{"type":"Feature","geometry":{"type":"Polygon","coordinates":[[[87.820207,22.854161],[87.820207,22.862253],[87.82885,22.862253],[87.82885,22.854161],[87.820207,22.854161]]]},"properties":{"id":"SYN-ARAMBAGH-001-0178","block":"Arambag","mouza":"SYNTHETIC_MOUZA_001","plot":"SYN-001-0178","areaSqm":0,"real":false}},{"type":"Feature","geometry":{"type":"Polygon","coordinates":[[[87.820207,22.862253],[87.820207,22.870346],[87.82885,22.870346],[87.82885,22.862253],[87.820207,22.862253]]]},"properties":{"id":"SYN-ARAMBAGH-001-0179","block":"Arambag","mouza":"SYNTHETIC_MOUZA_001","plot":"SYN-001-0179","areaSqm":0,"real":false}},{"type":"Feature","geometry":{"type":"Polygon","coordinates":[[[87.820207,22.870346],[87.820207,22.878438],[87.82885,22.878438],[87.82885,22.870346],[87.820207,22.870346]]]},"properties":{"id":"SYN-ARAMBAGH-001-0180","block":"Arambag","mouza":"SYNTHETIC_MOUZA_001","plot":"SYN-001-0180","areaSqm":0,"real":false}},{"type":"Feature","geometry":{"type":"Polygon","coordinates":[[[87.820207,22.878438],[87.820207,22.886531],[87.82885,22.886531],[87.82885,22.878438],[87.820207,22.878438]]]},"properties":{"id":"SYN-ARAMBAGH-001-0181","block":"Arambag","mouza":"SYNTHETIC_MOUZA_001","plot":"SYN-001-0181","areaSqm":0,"real":false}},{"type":"Feature","geometry":{"type":"Polygon","coordinates":[[[87.820207,22.886531],[87.820207,22.894623],[87.82885,22.894623],[87.82885,22.886531],[87.820207,22.886531]]]},"properties":{"id":"SYN-ARAMBAGH-001-0182","block":"Arambag","mouza":"SYNTHETIC_MOUZA_001","plot":"SYN-001-0182","areaSqm":0,"real":false}},{"type":"Feature","geometry":{"type":"Polygon","coordinates":[[[87.820207,22.894623],[87.820207,22.902715],[87.82885,22.902715],[87.82885,22.894623],[87.820207,22.894623]]]},"properties":{"id":"SYN-ARAMBAGH-001-0183","block":"Arambag","mouza":"SYNTHETIC_MOUZA_001","plot":"SYN-001-0183","areaSqm":0,"real":false}},{"type":"Feature","geometry":{"type":"Polygon","coordinates":[[[87.820207,22.902715],[87.820207,22.910808],[87.82885,22.910808],[87.82885,22.902715],[87.820207,22.902715]]]},"properties":{"id":"SYN-ARAMBAGH-001-0184","block":"Arambag","mouza":"SYNTHETIC_MOUZA_001","plot":"SYN-001-0184","areaSqm":0,"real":false}},{"type":"Feature","geometry":{"type":"Polygon","coordinates":[[[87.820207,22.910808],[87.820207,22.9189],[87.82885,22.9189],[87.82885,22.910808],[87.820207,22.910808]]]},"properties":{"id":"SYN-ARAMBAGH-001-0185","block":"Arambag","mouza":"SYNTHETIC_MOUZA_001","plot":"SYN-001-0185","areaSqm":0,"real":false}},{"type":"Feature","geometry":{"type":"Polygon","coordinates":[[[87.820207,22.9189],[87.820207,22.926993],[87.82885,22.926993],[87.82885,22.9189],[87.820207,22.9189]]]},"properties":{"id":"SYN-ARAMBAGH-001-0186","block":"Arambag","mouza":"SYNTHETIC_MOUZA_001","plot":"SYN-001-0186","areaSqm":0,"real":false}},{"type":"Feature","geometry":{"type":"Polygon","coordinates":[[[87.820207,22.926993],[87.820207,22.935085],[87.82885,22.935085],[87.82885,22.926993],[87.820207,22.926993]]]},"properties":{"id":"SYN-ARAMBAGH-001-0187","block":"Arambag","mouza":"SYNTHETIC_MOUZA_001","plot":"SYN-001-0187","areaSqm":0,"real":false}},{"type":"Feature","geometry":{"type":"Polygon","coordinates":[[[87.820207,22.935085],[87.820207,22.943178],[87.82885,22.943178],[87.82885,22.935085],[87.820207,22.935085]]]},"properties":{"id":"SYN-ARAMBAGH-001-0188","block":"Arambag","mouza":"SYNTHETIC_MOUZA_001","plot":"SYN-001-0188","areaSqm":0,"real":false}},{"type":"Feature","geometry":{"type":"Polygon","coordinates":[[[87.820738,22.95127],[87.82885,22.95127],[87.82885,22.943178],[87.820207,22.943178],[87.820207,22.949474],[87.820738,22.95127]]]},"properties":{"id":"SYN-ARAMBAGH-001-0189","block":"Arambag","mouza":"SYNTHETIC_MOUZA_001","plot":"SYN-001-0189","areaSqm":0,"real":false}},{"type":"Feature","geometry":{"type":"Polygon","coordinates":[[[87.821022,22.95223],[87.823959,22.954634],[87.82885,22.952582],[87.82885,22.95127],[87.820738,22.95127],[87.821022,22.95223]]]},"properties":{"id":"SYN-ARAMBAGH-001-0190","block":"Arambag","mouza":"SYNTHETIC_MOUZA_001","plot":"SYN-001-0190","areaSqm":0,"real":false}},{"type":"Feature","geometry":{"type":"Polygon","coordinates":[[[87.830217,22.756752],[87.82885,22.755524],[87.82885,22.757051],[87.82998,22.757051],[87.830217,22.756752]]]},"properties":{"id":"SYN-ARAMBAGH-001-0191","block":"Arambag","mouza":"SYNTHETIC_MOUZA_001","plot":"SYN-001-0191","areaSqm":0,"real":false}},{"type":"Feature","geometry":{"type":"Polygon","coordinates":[[[87.82998,22.757051],[87.82885,22.757051],[87.82885,22.758478],[87.82998,22.757051]]]},"properties":{"id":"SYN-ARAMBAGH-001-0192","block":"Arambag","mouza":"SYNTHETIC_MOUZA_001","plot":"SYN-001-0192","areaSqm":0,"real":false}},{"type":"Feature","geometry":{"type":"Polygon","coordinates":[[[87.82885,22.771685],[87.82885,22.773236],[87.837494,22.773236],[87.837494,22.770226],[87.82885,22.771685]]]},"properties":{"id":"SYN-ARAMBAGH-001-0193","block":"Arambag","mouza":"SYNTHETIC_MOUZA_001","plot":"SYN-001-0193","areaSqm":0,"real":false}},{"type":"Feature","geometry":{"type":"Polygon","coordinates":[[[87.82885,22.773236],[87.82885,22.781329],[87.837494,22.781329],[87.837494,22.773236],[87.82885,22.773236]]]},"properties":{"id":"SYN-ARAMBAGH-001-0194","block":"Arambag","mouza":"SYNTHETIC_MOUZA_001","plot":"SYN-001-0194","areaSqm":0,"real":false}},{"type":"Feature","geometry":{"type":"Polygon","coordinates":[[[87.82885,22.781329],[87.82885,22.789421],[87.837494,22.789421],[87.837494,22.781329],[87.82885,22.781329]]]},"properties":{"id":"SYN-ARAMBAGH-001-0195","block":"Arambag","mouza":"SYNTHETIC_MOUZA_001","plot":"SYN-001-0195","areaSqm":0,"real":false}},{"type":"Feature","geometry":{"type":"Polygon","coordinates":[[[87.82885,22.789421],[87.82885,22.797514],[87.837494,22.797514],[87.837494,22.789421],[87.82885,22.789421]]]},"properties":{"id":"SYN-ARAMBAGH-001-0196","block":"Arambag","mouza":"SYNTHETIC_MOUZA_001","plot":"SYN-001-0196","areaSqm":0,"real":false}},{"type":"Feature","geometry":{"type":"Polygon","coordinates":[[[87.82885,22.797514],[87.82885,22.805606],[87.837494,22.805606],[87.837494,22.797514],[87.82885,22.797514]]]},"properties":{"id":"SYN-ARAMBAGH-001-0197","block":"Arambag","mouza":"SYNTHETIC_MOUZA_001","plot":"SYN-001-0197","areaSqm":0,"real":false}},{"type":"Feature","geometry":{"type":"Polygon","coordinates":[[[87.82885,22.805606],[87.82885,22.813698],[87.837494,22.813698],[87.837494,22.805606],[87.82885,22.805606]]]},"properties":{"id":"SYN-ARAMBAGH-001-0198","block":"Arambag","mouza":"SYNTHETIC_MOUZA_001","plot":"SYN-001-0198","areaSqm":0,"real":false}},{"type":"Feature","geometry":{"type":"Polygon","coordinates":[[[87.82885,22.813698],[87.82885,22.821791],[87.837494,22.821791],[87.837494,22.813698],[87.82885,22.813698]]]},"properties":{"id":"SYN-ARAMBAGH-001-0199","block":"Arambag","mouza":"SYNTHETIC_MOUZA_001","plot":"SYN-001-0199","areaSqm":0,"real":false}},{"type":"Feature","geometry":{"type":"Polygon","coordinates":[[[87.82885,22.821791],[87.82885,22.829883],[87.837494,22.829883],[87.837494,22.821791],[87.82885,22.821791]]]},"properties":{"id":"SYN-ARAMBAGH-001-0200","block":"Arambag","mouza":"SYNTHETIC_MOUZA_001","plot":"SYN-001-0200","areaSqm":0,"real":false}},{"type":"Feature","geometry":{"type":"Polygon","coordinates":[[[87.82885,22.829883],[87.82885,22.837976],[87.837494,22.837976],[87.837494,22.829883],[87.82885,22.829883]]]},"properties":{"id":"SYN-ARAMBAGH-001-0201","block":"Arambag","mouza":"SYNTHETIC_MOUZA_001","plot":"SYN-001-0201","areaSqm":0,"real":false}},{"type":"Feature","geometry":{"type":"Polygon","coordinates":[[[87.82885,22.837976],[87.82885,22.846068],[87.837494,22.846068],[87.837494,22.837976],[87.82885,22.837976]]]},"properties":{"id":"SYN-ARAMBAGH-001-0202","block":"Arambag","mouza":"SYNTHETIC_MOUZA_001","plot":"SYN-001-0202","areaSqm":0,"real":false}},{"type":"Feature","geometry":{"type":"Polygon","coordinates":[[[87.82885,22.846068],[87.82885,22.854161],[87.837494,22.854161],[87.837494,22.846068],[87.82885,22.846068]]]},"properties":{"id":"SYN-ARAMBAGH-001-0203","block":"Arambag","mouza":"SYNTHETIC_MOUZA_001","plot":"SYN-001-0203","areaSqm":0,"real":false}},{"type":"Feature","geometry":{"type":"Polygon","coordinates":[[[87.82885,22.854161],[87.82885,22.862253],[87.837494,22.862253],[87.837494,22.854161],[87.82885,22.854161]]]},"properties":{"id":"SYN-ARAMBAGH-001-0204","block":"Arambag","mouza":"SYNTHETIC_MOUZA_001","plot":"SYN-001-0204","areaSqm":0,"real":false}},{"type":"Feature","geometry":{"type":"Polygon","coordinates":[[[87.82885,22.862253],[87.82885,22.870346],[87.837494,22.870346],[87.837494,22.862253],[87.82885,22.862253]]]},"properties":{"id":"SYN-ARAMBAGH-001-0205","block":"Arambag","mouza":"SYNTHETIC_MOUZA_001","plot":"SYN-001-0205","areaSqm":0,"real":false}},{"type":"Feature","geometry":{"type":"Polygon","coordinates":[[[87.82885,22.870346],[87.82885,22.878438],[87.837494,22.878438],[87.837494,22.870346],[87.82885,22.870346]]]},"properties":{"id":"SYN-ARAMBAGH-001-0206","block":"Arambag","mouza":"SYNTHETIC_MOUZA_001","plot":"SYN-001-0206","areaSqm":0,"real":false}},{"type":"Feature","geometry":{"type":"Polygon","coordinates":[[[87.82885,22.878438],[87.82885,22.886531],[87.837494,22.886531],[87.837494,22.878438],[87.82885,22.878438]]]},"properties":{"id":"SYN-ARAMBAGH-001-0207","block":"Arambag","mouza":"SYNTHETIC_MOUZA_001","plot":"SYN-001-0207","areaSqm":0,"real":false}},{"type":"Feature","geometry":{"type":"Polygon","coordinates":[[[87.82885,22.886531],[87.82885,22.894623],[87.837494,22.894623],[87.837494,22.886531],[87.82885,22.886531]]]},"properties":{"id":"SYN-ARAMBAGH-001-0208","block":"Arambag","mouza":"SYNTHETIC_MOUZA_001","plot":"SYN-001-0208","areaSqm":0,"real":false}},{"type":"Feature","geometry":{"type":"Polygon","coordinates":[[[87.82885,22.894623],[87.82885,22.902715],[87.837494,22.902715],[87.837494,22.894623],[87.82885,22.894623]]]},"properties":{"id":"SYN-ARAMBAGH-001-0209","block":"Arambag","mouza":"SYNTHETIC_MOUZA_001","plot":"SYN-001-0209","areaSqm":0,"real":false}},{"type":"Feature","geometry":{"type":"Polygon","coordinates":[[[87.82885,22.902715],[87.82885,22.910808],[87.837494,22.910808],[87.837494,22.902715],[87.82885,22.902715]]]},"properties":{"id":"SYN-ARAMBAGH-001-0210","block":"Arambag","mouza":"SYNTHETIC_MOUZA_001","plot":"SYN-001-0210","areaSqm":0,"real":false}},{"type":"Feature","geometry":{"type":"Polygon","coordinates":[[[87.82885,22.910808],[87.82885,22.9189],[87.837494,22.9189],[87.837494,22.910808],[87.82885,22.910808]]]},"properties":{"id":"SYN-ARAMBAGH-001-0211","block":"Arambag","mouza":"SYNTHETIC_MOUZA_001","plot":"SYN-001-0211","areaSqm":0,"real":false}},{"type":"Feature","geometry":{"type":"Polygon","coordinates":[[[87.82885,22.9189],[87.82885,22.926993],[87.837494,22.926993],[87.837494,22.9189],[87.82885,22.9189]]]},"properties":{"id":"SYN-ARAMBAGH-001-0212","block":"Arambag","mouza":"SYNTHETIC_MOUZA_001","plot":"SYN-001-0212","areaSqm":0,"real":false}},{"type":"Feature","geometry":{"type":"Polygon","coordinates":[[[87.82885,22.926993],[87.82885,22.935085],[87.837494,22.935085],[87.837494,22.926993],[87.82885,22.926993]]]},"properties":{"id":"SYN-ARAMBAGH-001-0213","block":"Arambag","mouza":"SYNTHETIC_MOUZA_001","plot":"SYN-001-0213","areaSqm":0,"real":false}},{"type":"Feature","geometry":{"type":"Polygon","coordinates":[[[87.837494,22.941366],[87.837494,22.935085],[87.82885,22.935085],[87.82885,22.943178],[87.835662,22.943178],[87.837494,22.941366]]]},"properties":{"id":"SYN-ARAMBAGH-001-0214","block":"Arambag","mouza":"SYNTHETIC_MOUZA_001","plot":"SYN-001-0214","areaSqm":0,"real":false}},{"type":"Feature","geometry":{"type":"Polygon","coordinates":[[[87.834679,22.944149],[87.835662,22.943178],[87.82885,22.943178],[87.82885,22.95127],[87.830033,22.95127],[87.834679,22.944149]]]},"properties":{"id":"SYN-ARAMBAGH-001-0215","block":"Arambag","mouza":"SYNTHETIC_MOUZA_001","plot":"SYN-001-0215","areaSqm":0,"real":false}},{"type":"Feature","geometry":{"type":"Polygon","coordinates":[[[87.8293,22.952393],[87.830033,22.95127],[87.82885,22.95127],[87.82885,22.952582],[87.8293,22.952393]]]},"properties":{"id":"SYN-ARAMBAGH-001-0216","block":"Arambag","mouza":"SYNTHETIC_MOUZA_001","plot":"SYN-001-0216","areaSqm":0,"real":false}},{"type":"Feature","geometry":{"type":"Polygon","coordinates":[[[87.837494,22.770226],[87.837494,22.773236],[87.846138,22.773236],[87.846138,22.768767],[87.837494,22.770226]]]},"properties":{"id":"SYN-ARAMBAGH-001-0217","block":"Arambag","mouza":"SYNTHETIC_MOUZA_001","plot":"SYN-001-0217","areaSqm":0,"real":false}},{"type":"Feature","geometry":{"type":"Polygon","coordinates":[[[87.837494,22.773236],[87.837494,22.781329],[87.846138,22.781329],[87.846138,22.773236],[87.837494,22.773236]]]},"properties":{"id":"SYN-ARAMBAGH-001-0218","block":"Arambag","mouza":"SYNTHETIC_MOUZA_001","plot":"SYN-001-0218","areaSqm":0,"real":false}},{"type":"Feature","geometry":{"type":"Polygon","coordinates":[[[87.837494,22.781329],[87.837494,22.789421],[87.846138,22.789421],[87.846138,22.781329],[87.837494,22.781329]]]},"properties":{"id":"SYN-ARAMBAGH-001-0219","block":"Arambag","mouza":"SYNTHETIC_MOUZA_001","plot":"SYN-001-0219","areaSqm":0,"real":false}},{"type":"Feature","geometry":{"type":"Polygon","coordinates":[[[87.837494,22.789421],[87.837494,22.797514],[87.846138,22.797514],[87.846138,22.789421],[87.837494,22.789421]]]},"properties":{"id":"SYN-ARAMBAGH-001-0220","block":"Arambag","mouza":"SYNTHETIC_MOUZA_001","plot":"SYN-001-0220","areaSqm":0,"real":false}},{"type":"Feature","geometry":{"type":"Polygon","coordinates":[[[87.837494,22.797514],[87.837494,22.805606],[87.846138,22.805606],[87.846138,22.797514],[87.837494,22.797514]]]},"properties":{"id":"SYN-ARAMBAGH-001-0221","block":"Arambag","mouza":"SYNTHETIC_MOUZA_001","plot":"SYN-001-0221","areaSqm":0,"real":false}},{"type":"Feature","geometry":{"type":"Polygon","coordinates":[[[87.837494,22.805606],[87.837494,22.813698],[87.846138,22.813698],[87.846138,22.805606],[87.837494,22.805606]]]},"properties":{"id":"SYN-ARAMBAGH-001-0222","block":"Arambag","mouza":"SYNTHETIC_MOUZA_001","plot":"SYN-001-0222","areaSqm":0,"real":false}},{"type":"Feature","geometry":{"type":"Polygon","coordinates":[[[87.837494,22.813698],[87.837494,22.821791],[87.846138,22.821791],[87.846138,22.813698],[87.837494,22.813698]]]},"properties":{"id":"SYN-ARAMBAGH-001-0223","block":"Arambag","mouza":"SYNTHETIC_MOUZA_001","plot":"SYN-001-0223","areaSqm":0,"real":false}},{"type":"Feature","geometry":{"type":"Polygon","coordinates":[[[87.837494,22.821791],[87.837494,22.829883],[87.846138,22.829883],[87.846138,22.821791],[87.837494,22.821791]]]},"properties":{"id":"SYN-ARAMBAGH-001-0224","block":"Arambag","mouza":"SYNTHETIC_MOUZA_001","plot":"SYN-001-0224","areaSqm":0,"real":false}},{"type":"Feature","geometry":{"type":"Polygon","coordinates":[[[87.837494,22.829883],[87.837494,22.837976],[87.846138,22.837976],[87.846138,22.829883],[87.837494,22.829883]]]},"properties":{"id":"SYN-ARAMBAGH-001-0225","block":"Arambag","mouza":"SYNTHETIC_MOUZA_001","plot":"SYN-001-0225","areaSqm":0,"real":false}},{"type":"Feature","geometry":{"type":"Polygon","coordinates":[[[87.837494,22.837976],[87.837494,22.846068],[87.846138,22.846068],[87.846138,22.837976],[87.837494,22.837976]]]},"properties":{"id":"SYN-ARAMBAGH-001-0226","block":"Arambag","mouza":"SYNTHETIC_MOUZA_001","plot":"SYN-001-0226","areaSqm":0,"real":false}},{"type":"Feature","geometry":{"type":"Polygon","coordinates":[[[87.837494,22.846068],[87.837494,22.854161],[87.846138,22.854161],[87.846138,22.846068],[87.837494,22.846068]]]},"properties":{"id":"SYN-ARAMBAGH-001-0227","block":"Arambag","mouza":"SYNTHETIC_MOUZA_001","plot":"SYN-001-0227","areaSqm":0,"real":false}},{"type":"Feature","geometry":{"type":"Polygon","coordinates":[[[87.837494,22.854161],[87.837494,22.862253],[87.846138,22.862253],[87.846138,22.854161],[87.837494,22.854161]]]},"properties":{"id":"SYN-ARAMBAGH-001-0228","block":"Arambag","mouza":"SYNTHETIC_MOUZA_001","plot":"SYN-001-0228","areaSqm":0,"real":false}},{"type":"Feature","geometry":{"type":"Polygon","coordinates":[[[87.837494,22.862253],[87.837494,22.870346],[87.846138,22.870346],[87.846138,22.862253],[87.837494,22.862253]]]},"properties":{"id":"SYN-ARAMBAGH-001-0229","block":"Arambag","mouza":"SYNTHETIC_MOUZA_001","plot":"SYN-001-0229","areaSqm":0,"real":false}},{"type":"Feature","geometry":{"type":"Polygon","coordinates":[[[87.837494,22.870346],[87.837494,22.878438],[87.846138,22.878438],[87.846138,22.870346],[87.837494,22.870346]]]},"properties":{"id":"SYN-ARAMBAGH-001-0230","block":"Arambag","mouza":"SYNTHETIC_MOUZA_001","plot":"SYN-001-0230","areaSqm":0,"real":false}},{"type":"Feature","geometry":{"type":"Polygon","coordinates":[[[87.837494,22.878438],[87.837494,22.886531],[87.846138,22.886531],[87.846138,22.878438],[87.837494,22.878438]]]},"properties":{"id":"SYN-ARAMBAGH-001-0231","block":"Arambag","mouza":"SYNTHETIC_MOUZA_001","plot":"SYN-001-0231","areaSqm":0,"real":false}},{"type":"Feature","geometry":{"type":"Polygon","coordinates":[[[87.837494,22.886531],[87.837494,22.894623],[87.846138,22.894623],[87.846138,22.886531],[87.837494,22.886531]]]},"properties":{"id":"SYN-ARAMBAGH-001-0232","block":"Arambag","mouza":"SYNTHETIC_MOUZA_001","plot":"SYN-001-0232","areaSqm":0,"real":false}},{"type":"Feature","geometry":{"type":"Polygon","coordinates":[[[87.837494,22.894623],[87.837494,22.902715],[87.846138,22.902715],[87.846138,22.894623],[87.837494,22.894623]]]},"properties":{"id":"SYN-ARAMBAGH-001-0233","block":"Arambag","mouza":"SYNTHETIC_MOUZA_001","plot":"SYN-001-0233","areaSqm":0,"real":false}},{"type":"Feature","geometry":{"type":"Polygon","coordinates":[[[87.837494,22.902715],[87.837494,22.910808],[87.846138,22.910808],[87.846138,22.902715],[87.837494,22.902715]]]},"properties":{"id":"SYN-ARAMBAGH-001-0234","block":"Arambag","mouza":"SYNTHETIC_MOUZA_001","plot":"SYN-001-0234","areaSqm":0,"real":false}},{"type":"Feature","geometry":{"type":"Polygon","coordinates":[[[87.837494,22.910808],[87.837494,22.9189],[87.846138,22.9189],[87.846138,22.910808],[87.837494,22.910808]]]},"properties":{"id":"SYN-ARAMBAGH-001-0235","block":"Arambag","mouza":"SYNTHETIC_MOUZA_001","plot":"SYN-001-0235","areaSqm":0,"real":false}},{"type":"Feature","geometry":{"type":"Polygon","coordinates":[[[87.837494,22.9189],[87.837494,22.926993],[87.846138,22.926993],[87.846138,22.9189],[87.837494,22.9189]]]},"properties":{"id":"SYN-ARAMBAGH-001-0236","block":"Arambag","mouza":"SYNTHETIC_MOUZA_001","plot":"SYN-001-0236","areaSqm":0,"real":false}},{"type":"Feature","geometry":{"type":"Polygon","coordinates":[[[87.837494,22.926993],[87.837494,22.935085],[87.846138,22.935085],[87.846138,22.926993],[87.837494,22.926993]]]},"properties":{"id":"SYN-ARAMBAGH-001-0237","block":"Arambag","mouza":"SYNTHETIC_MOUZA_001","plot":"SYN-001-0237","areaSqm":0,"real":false}},{"type":"Feature","geometry":{"type":"Polygon","coordinates":[[[87.84211,22.936804],[87.846138,22.938111],[87.846138,22.935085],[87.837494,22.935085],[87.837494,22.941366],[87.84211,22.936804]]]},"properties":{"id":"SYN-ARAMBAGH-001-0238","block":"Arambag","mouza":"SYNTHETIC_MOUZA_001","plot":"SYN-001-0238","areaSqm":0,"real":false}},{"type":"Feature","geometry":{"type":"Polygon","coordinates":[[[87.851929,22.771672],[87.85048,22.768034],[87.846138,22.768767],[87.846138,22.773236],[87.854782,22.773236],[87.854782,22.771009],[87.851929,22.771672]]]},"properties":{"id":"SYN-ARAMBAGH-001-0239","block":"Arambag","mouza":"SYNTHETIC_MOUZA_001","plot":"SYN-001-0239","areaSqm":0,"real":false}},{"type":"Feature","geometry":{"type":"Polygon","coordinates":[[[87.846138,22.773236],[87.846138,22.781329],[87.854782,22.781329],[87.854782,22.773236],[87.846138,22.773236]]]},"properties":{"id":"SYN-ARAMBAGH-001-0240","block":"Arambag","mouza":"SYNTHETIC_MOUZA_001","plot":"SYN-001-0240","areaSqm":0,"real":false}},{"type":"Feature","geometry":{"type":"Polygon","coordinates":[[[87.846138,22.781329],[87.846138,22.789421],[87.854782,22.789421],[87.854782,22.781329],[87.846138,22.781329]]]},"properties":{"id":"SYN-ARAMBAGH-001-0241","block":"Arambag","mouza":"SYNTHETIC_MOUZA_001","plot":"SYN-001-0241","areaSqm":0,"real":false}},{"type":"Feature","geometry":{"type":"Polygon","coordinates":[[[87.846138,22.789421],[87.846138,22.797514],[87.854782,22.797514],[87.854782,22.789421],[87.846138,22.789421]]]},"properties":{"id":"SYN-ARAMBAGH-001-0242","block":"Arambag","mouza":"SYNTHETIC_MOUZA_001","plot":"SYN-001-0242","areaSqm":0,"real":false}},{"type":"Feature","geometry":{"type":"Polygon","coordinates":[[[87.846138,22.797514],[87.846138,22.805606],[87.854782,22.805606],[87.854782,22.797514],[87.846138,22.797514]]]},"properties":{"id":"SYN-ARAMBAGH-001-0243","block":"Arambag","mouza":"SYNTHETIC_MOUZA_001","plot":"SYN-001-0243","areaSqm":0,"real":false}},{"type":"Feature","geometry":{"type":"Polygon","coordinates":[[[87.846138,22.805606],[87.846138,22.813698],[87.854782,22.813698],[87.854782,22.805606],[87.846138,22.805606]]]},"properties":{"id":"SYN-ARAMBAGH-001-0244","block":"Arambag","mouza":"SYNTHETIC_MOUZA_001","plot":"SYN-001-0244","areaSqm":0,"real":false}},{"type":"Feature","geometry":{"type":"Polygon","coordinates":[[[87.846138,22.813698],[87.846138,22.821791],[87.854782,22.821791],[87.854782,22.813698],[87.846138,22.813698]]]},"properties":{"id":"SYN-ARAMBAGH-001-0245","block":"Arambag","mouza":"SYNTHETIC_MOUZA_001","plot":"SYN-001-0245","areaSqm":0,"real":false}},{"type":"Feature","geometry":{"type":"Polygon","coordinates":[[[87.846138,22.821791],[87.846138,22.829883],[87.854782,22.829883],[87.854782,22.821791],[87.846138,22.821791]]]},"properties":{"id":"SYN-ARAMBAGH-001-0246","block":"Arambag","mouza":"SYNTHETIC_MOUZA_001","plot":"SYN-001-0246","areaSqm":0,"real":false}},{"type":"Feature","geometry":{"type":"Polygon","coordinates":[[[87.846138,22.829883],[87.846138,22.837976],[87.854782,22.837976],[87.854782,22.829883],[87.846138,22.829883]]]},"properties":{"id":"SYN-ARAMBAGH-001-0247","block":"Arambag","mouza":"SYNTHETIC_MOUZA_001","plot":"SYN-001-0247","areaSqm":0,"real":false}},{"type":"Feature","geometry":{"type":"Polygon","coordinates":[[[87.846138,22.837976],[87.846138,22.846068],[87.854782,22.846068],[87.854782,22.837976],[87.846138,22.837976]]]},"properties":{"id":"SYN-ARAMBAGH-001-0248","block":"Arambag","mouza":"SYNTHETIC_MOUZA_001","plot":"SYN-001-0248","areaSqm":0,"real":false}},{"type":"Feature","geometry":{"type":"Polygon","coordinates":[[[87.846138,22.846068],[87.846138,22.854161],[87.854782,22.854161],[87.854782,22.846068],[87.846138,22.846068]]]},"properties":{"id":"SYN-ARAMBAGH-001-0249","block":"Arambag","mouza":"SYNTHETIC_MOUZA_001","plot":"SYN-001-0249","areaSqm":0,"real":false}},{"type":"Feature","geometry":{"type":"Polygon","coordinates":[[[87.846138,22.854161],[87.846138,22.862253],[87.854782,22.862253],[87.854782,22.854161],[87.846138,22.854161]]]},"properties":{"id":"SYN-ARAMBAGH-001-0250","block":"Arambag","mouza":"SYNTHETIC_MOUZA_001","plot":"SYN-001-0250","areaSqm":0,"real":false}},{"type":"Feature","geometry":{"type":"Polygon","coordinates":[[[87.846138,22.862253],[87.846138,22.870346],[87.854782,22.870346],[87.854782,22.862253],[87.846138,22.862253]]]},"properties":{"id":"SYN-ARAMBAGH-001-0251","block":"Arambag","mouza":"SYNTHETIC_MOUZA_001","plot":"SYN-001-0251","areaSqm":0,"real":false}},{"type":"Feature","geometry":{"type":"Polygon","coordinates":[[[87.846138,22.870346],[87.846138,22.878438],[87.854782,22.878438],[87.854782,22.870346],[87.846138,22.870346]]]},"properties":{"id":"SYN-ARAMBAGH-001-0252","block":"Arambag","mouza":"SYNTHETIC_MOUZA_001","plot":"SYN-001-0252","areaSqm":0,"real":false}},{"type":"Feature","geometry":{"type":"Polygon","coordinates":[[[87.846138,22.878438],[87.846138,22.886531],[87.854782,22.886531],[87.854782,22.878438],[87.846138,22.878438]]]},"properties":{"id":"SYN-ARAMBAGH-001-0253","block":"Arambag","mouza":"SYNTHETIC_MOUZA_001","plot":"SYN-001-0253","areaSqm":0,"real":false}},{"type":"Feature","geometry":{"type":"Polygon","coordinates":[[[87.846138,22.886531],[87.846138,22.894623],[87.854782,22.894623],[87.854782,22.886531],[87.846138,22.886531]]]},"properties":{"id":"SYN-ARAMBAGH-001-0254","block":"Arambag","mouza":"SYNTHETIC_MOUZA_001","plot":"SYN-001-0254","areaSqm":0,"real":false}},{"type":"Feature","geometry":{"type":"Polygon","coordinates":[[[87.846138,22.894623],[87.846138,22.902715],[87.854782,22.902715],[87.854782,22.894623],[87.846138,22.894623]]]},"properties":{"id":"SYN-ARAMBAGH-001-0255","block":"Arambag","mouza":"SYNTHETIC_MOUZA_001","plot":"SYN-001-0255","areaSqm":0,"real":false}},{"type":"Feature","geometry":{"type":"Polygon","coordinates":[[[87.846138,22.902715],[87.846138,22.910808],[87.854782,22.910808],[87.854782,22.902715],[87.846138,22.902715]]]},"properties":{"id":"SYN-ARAMBAGH-001-0256","block":"Arambag","mouza":"SYNTHETIC_MOUZA_001","plot":"SYN-001-0256","areaSqm":0,"real":false}},{"type":"Feature","geometry":{"type":"Polygon","coordinates":[[[87.846138,22.910808],[87.846138,22.9189],[87.854782,22.9189],[87.854782,22.910808],[87.846138,22.910808]]]},"properties":{"id":"SYN-ARAMBAGH-001-0257","block":"Arambag","mouza":"SYNTHETIC_MOUZA_001","plot":"SYN-001-0257","areaSqm":0,"real":false}},{"type":"Feature","geometry":{"type":"Polygon","coordinates":[[[87.846138,22.9189],[87.846138,22.926993],[87.854782,22.926993],[87.854782,22.9189],[87.846138,22.9189]]]},"properties":{"id":"SYN-ARAMBAGH-001-0258","block":"Arambag","mouza":"SYNTHETIC_MOUZA_001","plot":"SYN-001-0258","areaSqm":0,"real":false}},{"type":"Feature","geometry":{"type":"Polygon","coordinates":[[[87.846138,22.926993],[87.846138,22.935085],[87.854782,22.935085],[87.854782,22.926993],[87.846138,22.926993]]]},"properties":{"id":"SYN-ARAMBAGH-001-0259","block":"Arambag","mouza":"SYNTHETIC_MOUZA_001","plot":"SYN-001-0259","areaSqm":0,"real":false}},{"type":"Feature","geometry":{"type":"Polygon","coordinates":[[[87.854782,22.940915],[87.854782,22.935085],[87.846138,22.935085],[87.846138,22.938111],[87.854782,22.940915]]]},"properties":{"id":"SYN-ARAMBAGH-001-0260","block":"Arambag","mouza":"SYNTHETIC_MOUZA_001","plot":"SYN-001-0260","areaSqm":0,"real":false}},{"type":"Feature","geometry":{"type":"Polygon","coordinates":[[[87.86211,22.772673],[87.857712,22.770328],[87.854782,22.771009],[87.854782,22.773236],[87.862544,22.773236],[87.86211,22.772673]]]},"properties":{"id":"SYN-ARAMBAGH-001-0261","block":"Arambag","mouza":"SYNTHETIC_MOUZA_001","plot":"SYN-001-0261","areaSqm":0,"real":false}},{"type":"Feature","geometry":{"type":"Polygon","coordinates":[[[87.862544,22.773236],[87.854782,22.773236],[87.854782,22.781329],[87.863425,22.781329],[87.863425,22.774377],[87.862544,22.773236]]]},"properties":{"id":"SYN-ARAMBAGH-001-0262","block":"Arambag","mouza":"SYNTHETIC_MOUZA_001","plot":"SYN-001-0262","areaSqm":0,"real":false}},{"type":"Feature","geometry":{"type":"Polygon","coordinates":[[[87.854782,22.781329],[87.854782,22.789421],[87.863425,22.789421],[87.863425,22.781329],[87.854782,22.781329]]]},"properties":{"id":"SYN-ARAMBAGH-001-0263","block":"Arambag","mouza":"SYNTHETIC_MOUZA_001","plot":"SYN-001-0263","areaSqm":0,"real":false}},{"type":"Feature","geometry":{"type":"Polygon","coordinates":[[[87.854782,22.789421],[87.854782,22.797514],[87.863425,22.797514],[87.863425,22.789421],[87.854782,22.789421]]]},"properties":{"id":"SYN-ARAMBAGH-001-0264","block":"Arambag","mouza":"SYNTHETIC_MOUZA_001","plot":"SYN-001-0264","areaSqm":0,"real":false}},{"type":"Feature","geometry":{"type":"Polygon","coordinates":[[[87.854782,22.797514],[87.854782,22.805606],[87.863425,22.805606],[87.863425,22.797514],[87.854782,22.797514]]]},"properties":{"id":"SYN-ARAMBAGH-001-0265","block":"Arambag","mouza":"SYNTHETIC_MOUZA_001","plot":"SYN-001-0265","areaSqm":0,"real":false}},{"type":"Feature","geometry":{"type":"Polygon","coordinates":[[[87.854782,22.805606],[87.854782,22.813698],[87.863425,22.813698],[87.863425,22.805606],[87.854782,22.805606]]]},"properties":{"id":"SYN-ARAMBAGH-001-0266","block":"Arambag","mouza":"SYNTHETIC_MOUZA_001","plot":"SYN-001-0266","areaSqm":0,"real":false}},{"type":"Feature","geometry":{"type":"Polygon","coordinates":[[[87.854782,22.813698],[87.854782,22.821791],[87.863425,22.821791],[87.863425,22.813698],[87.854782,22.813698]]]},"properties":{"id":"SYN-ARAMBAGH-001-0267","block":"Arambag","mouza":"SYNTHETIC_MOUZA_001","plot":"SYN-001-0267","areaSqm":0,"real":false}},{"type":"Feature","geometry":{"type":"Polygon","coordinates":[[[87.854782,22.821791],[87.854782,22.829883],[87.863425,22.829883],[87.863425,22.821791],[87.854782,22.821791]]]},"properties":{"id":"SYN-ARAMBAGH-001-0268","block":"Arambag","mouza":"SYNTHETIC_MOUZA_001","plot":"SYN-001-0268","areaSqm":0,"real":false}},{"type":"Feature","geometry":{"type":"Polygon","coordinates":[[[87.854782,22.829883],[87.854782,22.837976],[87.863425,22.837976],[87.863425,22.829883],[87.854782,22.829883]]]},"properties":{"id":"SYN-ARAMBAGH-001-0269","block":"Arambag","mouza":"SYNTHETIC_MOUZA_001","plot":"SYN-001-0269","areaSqm":0,"real":false}},{"type":"Feature","geometry":{"type":"Polygon","coordinates":[[[87.854782,22.837976],[87.854782,22.846068],[87.863425,22.846068],[87.863425,22.837976],[87.854782,22.837976]]]},"properties":{"id":"SYN-ARAMBAGH-001-0270","block":"Arambag","mouza":"SYNTHETIC_MOUZA_001","plot":"SYN-001-0270","areaSqm":0,"real":false}},{"type":"Feature","geometry":{"type":"Polygon","coordinates":[[[87.854782,22.846068],[87.854782,22.854161],[87.863425,22.854161],[87.863425,22.846068],[87.854782,22.846068]]]},"properties":{"id":"SYN-ARAMBAGH-001-0271","block":"Arambag","mouza":"SYNTHETIC_MOUZA_001","plot":"SYN-001-0271","areaSqm":0,"real":false}},{"type":"Feature","geometry":{"type":"Polygon","coordinates":[[[87.854782,22.854161],[87.854782,22.862253],[87.863425,22.862253],[87.863425,22.854161],[87.854782,22.854161]]]},"properties":{"id":"SYN-ARAMBAGH-001-0272","block":"Arambag","mouza":"SYNTHETIC_MOUZA_001","plot":"SYN-001-0272","areaSqm":0,"real":false}},{"type":"Feature","geometry":{"type":"Polygon","coordinates":[[[87.854782,22.862253],[87.854782,22.870346],[87.863425,22.870346],[87.863425,22.862253],[87.854782,22.862253]]]},"properties":{"id":"SYN-ARAMBAGH-001-0273","block":"Arambag","mouza":"SYNTHETIC_MOUZA_001","plot":"SYN-001-0273","areaSqm":0,"real":false}},{"type":"Feature","geometry":{"type":"Polygon","coordinates":[[[87.854782,22.870346],[87.854782,22.878438],[87.863425,22.878438],[87.863425,22.870346],[87.854782,22.870346]]]},"properties":{"id":"SYN-ARAMBAGH-001-0274","block":"Arambag","mouza":"SYNTHETIC_MOUZA_001","plot":"SYN-001-0274","areaSqm":0,"real":false}},{"type":"Feature","geometry":{"type":"Polygon","coordinates":[[[87.854782,22.878438],[87.854782,22.886531],[87.863425,22.886531],[87.863425,22.878438],[87.854782,22.878438]]]},"properties":{"id":"SYN-ARAMBAGH-001-0275","block":"Arambag","mouza":"SYNTHETIC_MOUZA_001","plot":"SYN-001-0275","areaSqm":0,"real":false}},{"type":"Feature","geometry":{"type":"Polygon","coordinates":[[[87.854782,22.886531],[87.854782,22.894623],[87.863425,22.894623],[87.863425,22.886531],[87.854782,22.886531]]]},"properties":{"id":"SYN-ARAMBAGH-001-0276","block":"Arambag","mouza":"SYNTHETIC_MOUZA_001","plot":"SYN-001-0276","areaSqm":0,"real":false}},{"type":"Feature","geometry":{"type":"Polygon","coordinates":[[[87.854782,22.894623],[87.854782,22.902715],[87.863425,22.902715],[87.863425,22.894623],[87.854782,22.894623]]]},"properties":{"id":"SYN-ARAMBAGH-001-0277","block":"Arambag","mouza":"SYNTHETIC_MOUZA_001","plot":"SYN-001-0277","areaSqm":0,"real":false}},{"type":"Feature","geometry":{"type":"Polygon","coordinates":[[[87.854782,22.902715],[87.854782,22.910808],[87.863425,22.910808],[87.863425,22.902715],[87.854782,22.902715]]]},"properties":{"id":"SYN-ARAMBAGH-001-0278","block":"Arambag","mouza":"SYNTHETIC_MOUZA_001","plot":"SYN-001-0278","areaSqm":0,"real":false}},{"type":"Feature","geometry":{"type":"Polygon","coordinates":[[[87.854782,22.910808],[87.854782,22.9189],[87.863425,22.9189],[87.863425,22.910808],[87.854782,22.910808]]]},"properties":{"id":"SYN-ARAMBAGH-001-0279","block":"Arambag","mouza":"SYNTHETIC_MOUZA_001","plot":"SYN-001-0279","areaSqm":0,"real":false}},{"type":"Feature","geometry":{"type":"Polygon","coordinates":[[[87.854782,22.9189],[87.854782,22.926993],[87.863425,22.926993],[87.863425,22.9189],[87.854782,22.9189]]]},"properties":{"id":"SYN-ARAMBAGH-001-0280","block":"Arambag","mouza":"SYNTHETIC_MOUZA_001","plot":"SYN-001-0280","areaSqm":0,"real":false}},{"type":"Feature","geometry":{"type":"Polygon","coordinates":[[[87.854782,22.926993],[87.854782,22.935085],[87.863425,22.935085],[87.863425,22.926993],[87.854782,22.926993]]]},"properties":{"id":"SYN-ARAMBAGH-001-0281","block":"Arambag","mouza":"SYNTHETIC_MOUZA_001","plot":"SYN-001-0281","areaSqm":0,"real":false}},{"type":"Feature","geometry":{"type":"Polygon","coordinates":[[[87.857803,22.941895],[87.863425,22.940929],[87.863425,22.935085],[87.854782,22.935085],[87.854782,22.940915],[87.857803,22.941895]]]},"properties":{"id":"SYN-ARAMBAGH-001-0282","block":"Arambag","mouza":"SYNTHETIC_MOUZA_001","plot":"SYN-001-0282","areaSqm":0,"real":false}},{"type":"Feature","geometry":{"type":"Polygon","coordinates":[[[87.865094,22.776538],[87.863425,22.774377],[87.863425,22.781329],[87.872069,22.781329],[87.872069,22.776014],[87.865094,22.776538]]]},"properties":{"id":"SYN-ARAMBAGH-001-0283","block":"Arambag","mouza":"SYNTHETIC_MOUZA_001","plot":"SYN-001-0283","areaSqm":0,"real":false}},{"type":"Feature","geometry":{"type":"Polygon","coordinates":[[[87.863425,22.781329],[87.863425,22.789421],[87.872069,22.789421],[87.872069,22.781329],[87.863425,22.781329]]]},"properties":{"id":"SYN-ARAMBAGH-001-0284","block":"Arambag","mouza":"SYNTHETIC_MOUZA_001","plot":"SYN-001-0284","areaSqm":0,"real":false}},{"type":"Feature","geometry":{"type":"Polygon","coordinates":[[[87.863425,22.789421],[87.863425,22.797514],[87.872069,22.797514],[87.872069,22.789421],[87.863425,22.789421]]]},"properties":{"id":"SYN-ARAMBAGH-001-0285","block":"Arambag","mouza":"SYNTHETIC_MOUZA_001","plot":"SYN-001-0285","areaSqm":0,"real":false}},{"type":"Feature","geometry":{"type":"Polygon","coordinates":[[[87.863425,22.797514],[87.863425,22.805606],[87.872069,22.805606],[87.872069,22.797514],[87.863425,22.797514]]]},"properties":{"id":"SYN-ARAMBAGH-001-0286","block":"Arambag","mouza":"SYNTHETIC_MOUZA_001","plot":"SYN-001-0286","areaSqm":0,"real":false}},{"type":"Feature","geometry":{"type":"Polygon","coordinates":[[[87.863425,22.805606],[87.863425,22.813698],[87.872069,22.813698],[87.872069,22.805606],[87.863425,22.805606]]]},"properties":{"id":"SYN-ARAMBAGH-001-0287","block":"Arambag","mouza":"SYNTHETIC_MOUZA_001","plot":"SYN-001-0287","areaSqm":0,"real":false}},{"type":"Feature","geometry":{"type":"Polygon","coordinates":[[[87.863425,22.813698],[87.863425,22.821791],[87.872069,22.821791],[87.872069,22.813698],[87.863425,22.813698]]]},"properties":{"id":"SYN-ARAMBAGH-001-0288","block":"Arambag","mouza":"SYNTHETIC_MOUZA_001","plot":"SYN-001-0288","areaSqm":0,"real":false}},{"type":"Feature","geometry":{"type":"Polygon","coordinates":[[[87.863425,22.821791],[87.863425,22.829883],[87.872069,22.829883],[87.872069,22.821791],[87.863425,22.821791]]]},"properties":{"id":"SYN-ARAMBAGH-001-0289","block":"Arambag","mouza":"SYNTHETIC_MOUZA_001","plot":"SYN-001-0289","areaSqm":0,"real":false}},{"type":"Feature","geometry":{"type":"Polygon","coordinates":[[[87.863425,22.829883],[87.863425,22.837976],[87.872069,22.837976],[87.872069,22.829883],[87.863425,22.829883]]]},"properties":{"id":"SYN-ARAMBAGH-001-0290","block":"Arambag","mouza":"SYNTHETIC_MOUZA_001","plot":"SYN-001-0290","areaSqm":0,"real":false}},{"type":"Feature","geometry":{"type":"Polygon","coordinates":[[[87.863425,22.837976],[87.863425,22.846068],[87.872069,22.846068],[87.872069,22.837976],[87.863425,22.837976]]]},"properties":{"id":"SYN-ARAMBAGH-001-0291","block":"Arambag","mouza":"SYNTHETIC_MOUZA_001","plot":"SYN-001-0291","areaSqm":0,"real":false}},{"type":"Feature","geometry":{"type":"Polygon","coordinates":[[[87.863425,22.846068],[87.863425,22.854161],[87.872069,22.854161],[87.872069,22.846068],[87.863425,22.846068]]]},"properties":{"id":"SYN-ARAMBAGH-001-0292","block":"Arambag","mouza":"SYNTHETIC_MOUZA_001","plot":"SYN-001-0292","areaSqm":0,"real":false}},{"type":"Feature","geometry":{"type":"Polygon","coordinates":[[[87.863425,22.854161],[87.863425,22.862253],[87.872069,22.862253],[87.872069,22.854161],[87.863425,22.854161]]]},"properties":{"id":"SYN-ARAMBAGH-001-0293","block":"Arambag","mouza":"SYNTHETIC_MOUZA_001","plot":"SYN-001-0293","areaSqm":0,"real":false}},{"type":"Feature","geometry":{"type":"Polygon","coordinates":[[[87.863425,22.862253],[87.863425,22.870346],[87.872069,22.870346],[87.872069,22.862253],[87.863425,22.862253]]]},"properties":{"id":"SYN-ARAMBAGH-001-0294","block":"Arambag","mouza":"SYNTHETIC_MOUZA_001","plot":"SYN-001-0294","areaSqm":0,"real":false}},{"type":"Feature","geometry":{"type":"Polygon","coordinates":[[[87.863425,22.870346],[87.863425,22.878438],[87.872069,22.878438],[87.872069,22.870346],[87.863425,22.870346]]]},"properties":{"id":"SYN-ARAMBAGH-001-0295","block":"Arambag","mouza":"SYNTHETIC_MOUZA_001","plot":"SYN-001-0295","areaSqm":0,"real":false}},{"type":"Feature","geometry":{"type":"Polygon","coordinates":[[[87.863425,22.878438],[87.863425,22.886531],[87.872069,22.886531],[87.872069,22.878438],[87.863425,22.878438]]]},"properties":{"id":"SYN-ARAMBAGH-001-0296","block":"Arambag","mouza":"SYNTHETIC_MOUZA_001","plot":"SYN-001-0296","areaSqm":0,"real":false}},{"type":"Feature","geometry":{"type":"Polygon","coordinates":[[[87.863425,22.886531],[87.863425,22.894623],[87.872069,22.894623],[87.872069,22.886531],[87.863425,22.886531]]]},"properties":{"id":"SYN-ARAMBAGH-001-0297","block":"Arambag","mouza":"SYNTHETIC_MOUZA_001","plot":"SYN-001-0297","areaSqm":0,"real":false}},{"type":"Feature","geometry":{"type":"Polygon","coordinates":[[[87.863425,22.894623],[87.863425,22.902715],[87.872069,22.902715],[87.872069,22.894623],[87.863425,22.894623]]]},"properties":{"id":"SYN-ARAMBAGH-001-0298","block":"Arambag","mouza":"SYNTHETIC_MOUZA_001","plot":"SYN-001-0298","areaSqm":0,"real":false}},{"type":"Feature","geometry":{"type":"Polygon","coordinates":[[[87.863425,22.902715],[87.863425,22.910808],[87.872069,22.910808],[87.872069,22.902715],[87.863425,22.902715]]]},"properties":{"id":"SYN-ARAMBAGH-001-0299","block":"Arambag","mouza":"SYNTHETIC_MOUZA_001","plot":"SYN-001-0299","areaSqm":0,"real":false}},{"type":"Feature","geometry":{"type":"Polygon","coordinates":[[[87.863425,22.910808],[87.863425,22.9189],[87.872069,22.9189],[87.872069,22.910808],[87.863425,22.910808]]]},"properties":{"id":"SYN-ARAMBAGH-001-0300","block":"Arambag","mouza":"SYNTHETIC_MOUZA_001","plot":"SYN-001-0300","areaSqm":0,"real":false}},{"type":"Feature","geometry":{"type":"Polygon","coordinates":[[[87.863425,22.9189],[87.863425,22.926993],[87.872069,22.926993],[87.872069,22.9189],[87.863425,22.9189]]]},"properties":{"id":"SYN-ARAMBAGH-001-0301","block":"Arambag","mouza":"SYNTHETIC_MOUZA_001","plot":"SYN-001-0301","areaSqm":0,"real":false}},{"type":"Feature","geometry":{"type":"Polygon","coordinates":[[[87.863425,22.926993],[87.863425,22.935085],[87.872069,22.935085],[87.872069,22.926993],[87.863425,22.926993]]]},"properties":{"id":"SYN-ARAMBAGH-001-0302","block":"Arambag","mouza":"SYNTHETIC_MOUZA_001","plot":"SYN-001-0302","areaSqm":0,"real":false}},{"type":"Feature","geometry":{"type":"Polygon","coordinates":[[[87.867828,22.940172],[87.872069,22.942387],[87.872069,22.935085],[87.863425,22.935085],[87.863425,22.940929],[87.867828,22.940172]]]},"properties":{"id":"SYN-ARAMBAGH-001-0303","block":"Arambag","mouza":"SYNTHETIC_MOUZA_001","plot":"SYN-001-0303","areaSqm":0,"real":false}},{"type":"Feature","geometry":{"type":"Polygon","coordinates":[[[87.87866,22.773236],[87.880713,22.773236],[87.880713,22.771776],[87.87866,22.773236]]]},"properties":{"id":"SYN-ARAMBAGH-001-0304","block":"Arambag","mouza":"SYNTHETIC_MOUZA_001","plot":"SYN-001-0304","areaSqm":0,"real":false}},{"type":"Feature","geometry":{"type":"Polygon","coordinates":[[[87.875071,22.775789],[87.872069,22.776014],[87.872069,22.781329],[87.880713,22.781329],[87.880713,22.773236],[87.87866,22.773236],[87.875071,22.775789]]]},"properties":{"id":"SYN-ARAMBAGH-001-0305","block":"Arambag","mouza":"SYNTHETIC_MOUZA_001","plot":"SYN-001-0305","areaSqm":0,"real":false}},{"type":"Feature","geometry":{"type":"Polygon","coordinates":[[[87.872069,22.781329],[87.872069,22.789421],[87.880713,22.789421],[87.880713,22.781329],[87.872069,22.781329]]]},"properties":{"id":"SYN-ARAMBAGH-001-0306","block":"Arambag","mouza":"SYNTHETIC_MOUZA_001","plot":"SYN-001-0306","areaSqm":0,"real":false}},{"type":"Feature","geometry":{"type":"Polygon","coordinates":[[[87.872069,22.789421],[87.872069,22.797514],[87.880713,22.797514],[87.880713,22.789421],[87.872069,22.789421]]]},"properties":{"id":"SYN-ARAMBAGH-001-0307","block":"Arambag","mouza":"SYNTHETIC_MOUZA_001","plot":"SYN-001-0307","areaSqm":0,"real":false}},{"type":"Feature","geometry":{"type":"Polygon","coordinates":[[[87.872069,22.797514],[87.872069,22.805606],[87.880713,22.805606],[87.880713,22.797514],[87.872069,22.797514]]]},"properties":{"id":"SYN-ARAMBAGH-001-0308","block":"Arambag","mouza":"SYNTHETIC_MOUZA_001","plot":"SYN-001-0308","areaSqm":0,"real":false}},{"type":"Feature","geometry":{"type":"Polygon","coordinates":[[[87.872069,22.805606],[87.872069,22.813698],[87.880713,22.813698],[87.880713,22.805606],[87.872069,22.805606]]]},"properties":{"id":"SYN-ARAMBAGH-001-0309","block":"Arambag","mouza":"SYNTHETIC_MOUZA_001","plot":"SYN-001-0309","areaSqm":0,"real":false}},{"type":"Feature","geometry":{"type":"Polygon","coordinates":[[[87.872069,22.813698],[87.872069,22.821791],[87.880713,22.821791],[87.880713,22.813698],[87.872069,22.813698]]]},"properties":{"id":"SYN-ARAMBAGH-001-0310","block":"Arambag","mouza":"SYNTHETIC_MOUZA_001","plot":"SYN-001-0310","areaSqm":0,"real":false}},{"type":"Feature","geometry":{"type":"Polygon","coordinates":[[[87.872069,22.821791],[87.872069,22.829883],[87.880713,22.829883],[87.880713,22.821791],[87.872069,22.821791]]]},"properties":{"id":"SYN-ARAMBAGH-001-0311","block":"Arambag","mouza":"SYNTHETIC_MOUZA_001","plot":"SYN-001-0311","areaSqm":0,"real":false}},{"type":"Feature","geometry":{"type":"Polygon","coordinates":[[[87.872069,22.829883],[87.872069,22.837976],[87.880713,22.837976],[87.880713,22.829883],[87.872069,22.829883]]]},"properties":{"id":"SYN-ARAMBAGH-001-0312","block":"Arambag","mouza":"SYNTHETIC_MOUZA_001","plot":"SYN-001-0312","areaSqm":0,"real":false}},{"type":"Feature","geometry":{"type":"Polygon","coordinates":[[[87.872069,22.837976],[87.872069,22.846068],[87.880713,22.846068],[87.880713,22.837976],[87.872069,22.837976]]]},"properties":{"id":"SYN-ARAMBAGH-001-0313","block":"Arambag","mouza":"SYNTHETIC_MOUZA_001","plot":"SYN-001-0313","areaSqm":0,"real":false}},{"type":"Feature","geometry":{"type":"Polygon","coordinates":[[[87.872069,22.846068],[87.872069,22.854161],[87.880713,22.854161],[87.880713,22.846068],[87.872069,22.846068]]]},"properties":{"id":"SYN-ARAMBAGH-001-0314","block":"Arambag","mouza":"SYNTHETIC_MOUZA_001","plot":"SYN-001-0314","areaSqm":0,"real":false}},{"type":"Feature","geometry":{"type":"Polygon","coordinates":[[[87.872069,22.854161],[87.872069,22.862253],[87.880713,22.862253],[87.880713,22.854161],[87.872069,22.854161]]]},"properties":{"id":"SYN-ARAMBAGH-001-0315","block":"Arambag","mouza":"SYNTHETIC_MOUZA_001","plot":"SYN-001-0315","areaSqm":0,"real":false}},{"type":"Feature","geometry":{"type":"Polygon","coordinates":[[[87.872069,22.862253],[87.872069,22.870346],[87.880713,22.870346],[87.880713,22.862253],[87.872069,22.862253]]]},"properties":{"id":"SYN-ARAMBAGH-001-0316","block":"Arambag","mouza":"SYNTHETIC_MOUZA_001","plot":"SYN-001-0316","areaSqm":0,"real":false}},{"type":"Feature","geometry":{"type":"Polygon","coordinates":[[[87.872069,22.870346],[87.872069,22.878438],[87.880713,22.878438],[87.880713,22.870346],[87.872069,22.870346]]]},"properties":{"id":"SYN-ARAMBAGH-001-0317","block":"Arambag","mouza":"SYNTHETIC_MOUZA_001","plot":"SYN-001-0317","areaSqm":0,"real":false}},{"type":"Feature","geometry":{"type":"Polygon","coordinates":[[[87.872069,22.878438],[87.872069,22.886531],[87.880713,22.886531],[87.880713,22.878438],[87.872069,22.878438]]]},"properties":{"id":"SYN-ARAMBAGH-001-0318","block":"Arambag","mouza":"SYNTHETIC_MOUZA_001","plot":"SYN-001-0318","areaSqm":0,"real":false}},{"type":"Feature","geometry":{"type":"Polygon","coordinates":[[[87.872069,22.886531],[87.872069,22.894623],[87.880713,22.894623],[87.880713,22.886531],[87.872069,22.886531]]]},"properties":{"id":"SYN-ARAMBAGH-001-0319","block":"Arambag","mouza":"SYNTHETIC_MOUZA_001","plot":"SYN-001-0319","areaSqm":0,"real":false}},{"type":"Feature","geometry":{"type":"Polygon","coordinates":[[[87.872069,22.894623],[87.872069,22.902715],[87.880713,22.902715],[87.880713,22.894623],[87.872069,22.894623]]]},"properties":{"id":"SYN-ARAMBAGH-001-0320","block":"Arambag","mouza":"SYNTHETIC_MOUZA_001","plot":"SYN-001-0320","areaSqm":0,"real":false}},{"type":"Feature","geometry":{"type":"Polygon","coordinates":[[[87.872069,22.902715],[87.872069,22.910808],[87.880713,22.910808],[87.880713,22.902715],[87.872069,22.902715]]]},"properties":{"id":"SYN-ARAMBAGH-001-0321","block":"Arambag","mouza":"SYNTHETIC_MOUZA_001","plot":"SYN-001-0321","areaSqm":0,"real":false}},{"type":"Feature","geometry":{"type":"Polygon","coordinates":[[[87.872069,22.910808],[87.872069,22.9189],[87.880713,22.9189],[87.880713,22.910808],[87.872069,22.910808]]]},"properties":{"id":"SYN-ARAMBAGH-001-0322","block":"Arambag","mouza":"SYNTHETIC_MOUZA_001","plot":"SYN-001-0322","areaSqm":0,"real":false}},{"type":"Feature","geometry":{"type":"Polygon","coordinates":[[[87.872069,22.9189],[87.872069,22.926993],[87.880713,22.926993],[87.880713,22.9189],[87.872069,22.9189]]]},"properties":{"id":"SYN-ARAMBAGH-001-0323","block":"Arambag","mouza":"SYNTHETIC_MOUZA_001","plot":"SYN-001-0323","areaSqm":0,"real":false}},{"type":"Feature","geometry":{"type":"Polygon","coordinates":[[[87.872069,22.926993],[87.872069,22.935085],[87.880713,22.935085],[87.880713,22.926993],[87.872069,22.926993]]]},"properties":{"id":"SYN-ARAMBAGH-001-0324","block":"Arambag","mouza":"SYNTHETIC_MOUZA_001","plot":"SYN-001-0324","areaSqm":0,"real":false}},{"type":"Feature","geometry":{"type":"Polygon","coordinates":[[[87.87207,22.942387],[87.87957,22.943001],[87.87959,22.943178],[87.880713,22.943178],[87.880713,22.935085],[87.872069,22.935085],[87.872069,22.942387],[87.87207,22.942387]]]},"properties":{"id":"SYN-ARAMBAGH-001-0325","block":"Arambag","mouza":"SYNTHETIC_MOUZA_001","plot":"SYN-001-0325","areaSqm":0,"real":false}},{"type":"Feature","geometry":{"type":"Polygon","coordinates":[[[87.880526,22.95127],[87.880713,22.95127],[87.880713,22.943178],[87.87959,22.943178],[87.880526,22.95127]]]},"properties":{"id":"SYN-ARAMBAGH-001-0326","block":"Arambag","mouza":"SYNTHETIC_MOUZA_001","plot":"SYN-001-0326","areaSqm":0,"real":false}},{"type":"Feature","geometry":{"type":"Polygon","coordinates":[[[87.880713,22.952888],[87.880713,22.95127],[87.880526,22.95127],[87.880713,22.952888]]]},"properties":{"id":"SYN-ARAMBAGH-001-0327","block":"Arambag","mouza":"SYNTHETIC_MOUZA_001","plot":"SYN-001-0327","areaSqm":0,"real":false}},{"type":"Feature","geometry":{"type":"Polygon","coordinates":[[[87.881867,22.770956],[87.880713,22.771776],[87.880713,22.773236],[87.882809,22.773236],[87.881867,22.770956]]]},"properties":{"id":"SYN-ARAMBAGH-001-0328","block":"Arambag","mouza":"SYNTHETIC_MOUZA_001","plot":"SYN-001-0328","areaSqm":0,"real":false}},{"type":"Feature","geometry":{"type":"Polygon","coordinates":[[[87.88496,22.778443],[87.882809,22.773236],[87.880713,22.773236],[87.880713,22.781329],[87.889357,22.781329],[87.889357,22.777928],[87.88496,22.778443]]]},"properties":{"id":"SYN-ARAMBAGH-001-0329","block":"Arambag","mouza":"SYNTHETIC_MOUZA_001","plot":"SYN-001-0329","areaSqm":0,"real":false}},{"type":"Feature","geometry":{"type":"Polygon","coordinates":[[[87.880713,22.781329],[87.880713,22.789421],[87.889357,22.789421],[87.889357,22.781329],[87.880713,22.781329]]]},"properties":{"id":"SYN-ARAMBAGH-001-0330","block":"Arambag","mouza":"SYNTHETIC_MOUZA_001","plot":"SYN-001-0330","areaSqm":0,"real":false}},{"type":"Feature","geometry":{"type":"Polygon","coordinates":[[[87.880713,22.789421],[87.880713,22.797514],[87.889357,22.797514],[87.889357,22.789421],[87.880713,22.789421]]]},"properties":{"id":"SYN-ARAMBAGH-001-0331","block":"Arambag","mouza":"SYNTHETIC_MOUZA_001","plot":"SYN-001-0331","areaSqm":0,"real":false}},{"type":"Feature","geometry":{"type":"Polygon","coordinates":[[[87.880713,22.797514],[87.880713,22.805606],[87.889357,22.805606],[87.889357,22.797514],[87.880713,22.797514]]]},"properties":{"id":"SYN-ARAMBAGH-001-0332","block":"Arambag","mouza":"SYNTHETIC_MOUZA_001","plot":"SYN-001-0332","areaSqm":0,"real":false}},{"type":"Feature","geometry":{"type":"Polygon","coordinates":[[[87.880713,22.805606],[87.880713,22.813698],[87.889357,22.813698],[87.889357,22.805606],[87.880713,22.805606]]]},"properties":{"id":"SYN-ARAMBAGH-001-0333","block":"Arambag","mouza":"SYNTHETIC_MOUZA_001","plot":"SYN-001-0333","areaSqm":0,"real":false}},{"type":"Feature","geometry":{"type":"Polygon","coordinates":[[[87.880713,22.813698],[87.880713,22.821791],[87.889357,22.821791],[87.889357,22.813698],[87.880713,22.813698]]]},"properties":{"id":"SYN-ARAMBAGH-001-0334","block":"Arambag","mouza":"SYNTHETIC_MOUZA_001","plot":"SYN-001-0334","areaSqm":0,"real":false}},{"type":"Feature","geometry":{"type":"Polygon","coordinates":[[[87.880713,22.821791],[87.880713,22.829883],[87.889357,22.829883],[87.889357,22.821791],[87.880713,22.821791]]]},"properties":{"id":"SYN-ARAMBAGH-001-0335","block":"Arambag","mouza":"SYNTHETIC_MOUZA_001","plot":"SYN-001-0335","areaSqm":0,"real":false}},{"type":"Feature","geometry":{"type":"Polygon","coordinates":[[[87.880713,22.829883],[87.880713,22.837976],[87.889357,22.837976],[87.889357,22.829883],[87.880713,22.829883]]]},"properties":{"id":"SYN-ARAMBAGH-001-0336","block":"Arambag","mouza":"SYNTHETIC_MOUZA_001","plot":"SYN-001-0336","areaSqm":0,"real":false}},{"type":"Feature","geometry":{"type":"Polygon","coordinates":[[[87.880713,22.837976],[87.880713,22.846068],[87.889357,22.846068],[87.889357,22.837976],[87.880713,22.837976]]]},"properties":{"id":"SYN-ARAMBAGH-001-0337","block":"Arambag","mouza":"SYNTHETIC_MOUZA_001","plot":"SYN-001-0337","areaSqm":0,"real":false}},{"type":"Feature","geometry":{"type":"Polygon","coordinates":[[[87.880713,22.846068],[87.880713,22.854161],[87.889357,22.854161],[87.889357,22.846068],[87.880713,22.846068]]]},"properties":{"id":"SYN-ARAMBAGH-001-0338","block":"Arambag","mouza":"SYNTHETIC_MOUZA_001","plot":"SYN-001-0338","areaSqm":0,"real":false}},{"type":"Feature","geometry":{"type":"Polygon","coordinates":[[[87.880713,22.854161],[87.880713,22.862253],[87.889357,22.862253],[87.889357,22.854161],[87.880713,22.854161]]]},"properties":{"id":"SYN-ARAMBAGH-001-0339","block":"Arambag","mouza":"SYNTHETIC_MOUZA_001","plot":"SYN-001-0339","areaSqm":0,"real":false}},{"type":"Feature","geometry":{"type":"Polygon","coordinates":[[[87.880713,22.862253],[87.880713,22.870346],[87.889357,22.870346],[87.889357,22.862253],[87.880713,22.862253]]]},"properties":{"id":"SYN-ARAMBAGH-001-0340","block":"Arambag","mouza":"SYNTHETIC_MOUZA_001","plot":"SYN-001-0340","areaSqm":0,"real":false}},{"type":"Feature","geometry":{"type":"Polygon","coordinates":[[[87.880713,22.870346],[87.880713,22.878438],[87.889357,22.878438],[87.889357,22.870346],[87.880713,22.870346]]]},"properties":{"id":"SYN-ARAMBAGH-001-0341","block":"Arambag","mouza":"SYNTHETIC_MOUZA_001","plot":"SYN-001-0341","areaSqm":0,"real":false}},{"type":"Feature","geometry":{"type":"Polygon","coordinates":[[[87.880713,22.878438],[87.880713,22.886531],[87.889357,22.886531],[87.889357,22.878438],[87.880713,22.878438]]]},"properties":{"id":"SYN-ARAMBAGH-001-0342","block":"Arambag","mouza":"SYNTHETIC_MOUZA_001","plot":"SYN-001-0342","areaSqm":0,"real":false}},{"type":"Feature","geometry":{"type":"Polygon","coordinates":[[[87.880713,22.886531],[87.880713,22.894623],[87.889357,22.894623],[87.889357,22.886531],[87.880713,22.886531]]]},"properties":{"id":"SYN-ARAMBAGH-001-0343","block":"Arambag","mouza":"SYNTHETIC_MOUZA_001","plot":"SYN-001-0343","areaSqm":0,"real":false}},{"type":"Feature","geometry":{"type":"Polygon","coordinates":[[[87.880713,22.894623],[87.880713,22.902715],[87.889357,22.902715],[87.889357,22.894623],[87.880713,22.894623]]]},"properties":{"id":"SYN-ARAMBAGH-001-0344","block":"Arambag","mouza":"SYNTHETIC_MOUZA_001","plot":"SYN-001-0344","areaSqm":0,"real":false}},{"type":"Feature","geometry":{"type":"Polygon","coordinates":[[[87.880713,22.902715],[87.880713,22.910808],[87.889357,22.910808],[87.889357,22.902715],[87.880713,22.902715]]]},"properties":{"id":"SYN-ARAMBAGH-001-0345","block":"Arambag","mouza":"SYNTHETIC_MOUZA_001","plot":"SYN-001-0345","areaSqm":0,"real":false}},{"type":"Feature","geometry":{"type":"Polygon","coordinates":[[[87.880713,22.910808],[87.880713,22.9189],[87.889357,22.9189],[87.889357,22.910808],[87.880713,22.910808]]]},"properties":{"id":"SYN-ARAMBAGH-001-0346","block":"Arambag","mouza":"SYNTHETIC_MOUZA_001","plot":"SYN-001-0346","areaSqm":0,"real":false}},{"type":"Feature","geometry":{"type":"Polygon","coordinates":[[[87.880713,22.9189],[87.880713,22.926993],[87.889357,22.926993],[87.889357,22.9189],[87.880713,22.9189]]]},"properties":{"id":"SYN-ARAMBAGH-001-0347","block":"Arambag","mouza":"SYNTHETIC_MOUZA_001","plot":"SYN-001-0347","areaSqm":0,"real":false}},{"type":"Feature","geometry":{"type":"Polygon","coordinates":[[[87.880713,22.926993],[87.880713,22.935085],[87.889357,22.935085],[87.889357,22.926993],[87.880713,22.926993]]]},"properties":{"id":"SYN-ARAMBAGH-001-0348","block":"Arambag","mouza":"SYNTHETIC_MOUZA_001","plot":"SYN-001-0348","areaSqm":0,"real":false}},{"type":"Feature","geometry":{"type":"Polygon","coordinates":[[[87.880713,22.935085],[87.880713,22.943178],[87.889357,22.943178],[87.889357,22.935085],[87.880713,22.935085]]]},"properties":{"id":"SYN-ARAMBAGH-001-0349","block":"Arambag","mouza":"SYNTHETIC_MOUZA_001","plot":"SYN-001-0349","areaSqm":0,"real":false}},{"type":"Feature","geometry":{"type":"Polygon","coordinates":[[[87.880713,22.943178],[87.880713,22.95127],[87.889357,22.95127],[87.889357,22.943178],[87.880713,22.943178]]]},"properties":{"id":"SYN-ARAMBAGH-001-0350","block":"Arambag","mouza":"SYNTHETIC_MOUZA_001","plot":"SYN-001-0350","areaSqm":0,"real":false}},{"type":"Feature","geometry":{"type":"Polygon","coordinates":[[[87.880791,22.953562],[87.885612,22.958481],[87.889357,22.959192],[87.889357,22.95127],[87.880713,22.95127],[87.880713,22.952888],[87.880791,22.953562]]]},"properties":{"id":"SYN-ARAMBAGH-001-0351","block":"Arambag","mouza":"SYNTHETIC_MOUZA_001","plot":"SYN-001-0351","areaSqm":0,"real":false}},{"type":"Feature","geometry":{"type":"Polygon","coordinates":[[[87.892214,22.777593],[87.889357,22.777928],[87.889357,22.781329],[87.898001,22.781329],[87.898001,22.779183],[87.892214,22.777593]]]},"properties":{"id":"SYN-ARAMBAGH-001-0352","block":"Arambag","mouza":"SYNTHETIC_MOUZA_001","plot":"SYN-001-0352","areaSqm":0,"real":false}},{"type":"Feature","geometry":{"type":"Polygon","coordinates":[[[87.889357,22.781329],[87.889357,22.789421],[87.898001,22.789421],[87.898001,22.781329],[87.889357,22.781329]]]},"properties":{"id":"SYN-ARAMBAGH-001-0353","block":"Arambag","mouza":"SYNTHETIC_MOUZA_001","plot":"SYN-001-0353","areaSqm":0,"real":false}},{"type":"Feature","geometry":{"type":"Polygon","coordinates":[[[87.889357,22.789421],[87.889357,22.797514],[87.898001,22.797514],[87.898001,22.789421],[87.889357,22.789421]]]},"properties":{"id":"SYN-ARAMBAGH-001-0354","block":"Arambag","mouza":"SYNTHETIC_MOUZA_001","plot":"SYN-001-0354","areaSqm":0,"real":false}},{"type":"Feature","geometry":{"type":"Polygon","coordinates":[[[87.889357,22.797514],[87.889357,22.805606],[87.898001,22.805606],[87.898001,22.797514],[87.889357,22.797514]]]},"properties":{"id":"SYN-ARAMBAGH-001-0355","block":"Arambag","mouza":"SYNTHETIC_MOUZA_001","plot":"SYN-001-0355","areaSqm":0,"real":false}},{"type":"Feature","geometry":{"type":"Polygon","coordinates":[[[87.889357,22.805606],[87.889357,22.813698],[87.898001,22.813698],[87.898001,22.805606],[87.889357,22.805606]]]},"properties":{"id":"SYN-ARAMBAGH-001-0356","block":"Arambag","mouza":"SYNTHETIC_MOUZA_001","plot":"SYN-001-0356","areaSqm":0,"real":false}},{"type":"Feature","geometry":{"type":"Polygon","coordinates":[[[87.889357,22.813698],[87.889357,22.821791],[87.898001,22.821791],[87.898001,22.813698],[87.889357,22.813698]]]},"properties":{"id":"SYN-ARAMBAGH-001-0357","block":"Arambag","mouza":"SYNTHETIC_MOUZA_001","plot":"SYN-001-0357","areaSqm":0,"real":false}},{"type":"Feature","geometry":{"type":"Polygon","coordinates":[[[87.889357,22.821791],[87.889357,22.829883],[87.898001,22.829883],[87.898001,22.821791],[87.889357,22.821791]]]},"properties":{"id":"SYN-ARAMBAGH-001-0358","block":"Arambag","mouza":"SYNTHETIC_MOUZA_001","plot":"SYN-001-0358","areaSqm":0,"real":false}},{"type":"Feature","geometry":{"type":"Polygon","coordinates":[[[87.889357,22.829883],[87.889357,22.837976],[87.898001,22.837976],[87.898001,22.829883],[87.889357,22.829883]]]},"properties":{"id":"SYN-ARAMBAGH-001-0359","block":"Arambag","mouza":"SYNTHETIC_MOUZA_001","plot":"SYN-001-0359","areaSqm":0,"real":false}},{"type":"Feature","geometry":{"type":"Polygon","coordinates":[[[87.889357,22.837976],[87.889357,22.846068],[87.898001,22.846068],[87.898001,22.837976],[87.889357,22.837976]]]},"properties":{"id":"SYN-ARAMBAGH-001-0360","block":"Arambag","mouza":"SYNTHETIC_MOUZA_001","plot":"SYN-001-0360","areaSqm":0,"real":false}},{"type":"Feature","geometry":{"type":"Polygon","coordinates":[[[87.889357,22.846068],[87.889357,22.854161],[87.898001,22.854161],[87.898001,22.846068],[87.889357,22.846068]]]},"properties":{"id":"SYN-ARAMBAGH-001-0361","block":"Arambag","mouza":"SYNTHETIC_MOUZA_001","plot":"SYN-001-0361","areaSqm":0,"real":false}},{"type":"Feature","geometry":{"type":"Polygon","coordinates":[[[87.889357,22.854161],[87.889357,22.862253],[87.898001,22.862253],[87.898001,22.854161],[87.889357,22.854161]]]},"properties":{"id":"SYN-ARAMBAGH-001-0362","block":"Arambag","mouza":"SYNTHETIC_MOUZA_001","plot":"SYN-001-0362","areaSqm":0,"real":false}},{"type":"Feature","geometry":{"type":"Polygon","coordinates":[[[87.889357,22.862253],[87.889357,22.870346],[87.898001,22.870346],[87.898001,22.862253],[87.889357,22.862253]]]},"properties":{"id":"SYN-ARAMBAGH-001-0363","block":"Arambag","mouza":"SYNTHETIC_MOUZA_001","plot":"SYN-001-0363","areaSqm":0,"real":false}},{"type":"Feature","geometry":{"type":"Polygon","coordinates":[[[87.889357,22.870346],[87.889357,22.878438],[87.898001,22.878438],[87.898001,22.870346],[87.889357,22.870346]]]},"properties":{"id":"SYN-ARAMBAGH-001-0364","block":"Arambag","mouza":"SYNTHETIC_MOUZA_001","plot":"SYN-001-0364","areaSqm":0,"real":false}},{"type":"Feature","geometry":{"type":"Polygon","coordinates":[[[87.889357,22.878438],[87.889357,22.886531],[87.898001,22.886531],[87.898001,22.878438],[87.889357,22.878438]]]},"properties":{"id":"SYN-ARAMBAGH-001-0365","block":"Arambag","mouza":"SYNTHETIC_MOUZA_001","plot":"SYN-001-0365","areaSqm":0,"real":false}},{"type":"Feature","geometry":{"type":"Polygon","coordinates":[[[87.889357,22.886531],[87.889357,22.894623],[87.898001,22.894623],[87.898001,22.886531],[87.889357,22.886531]]]},"properties":{"id":"SYN-ARAMBAGH-001-0366","block":"Arambag","mouza":"SYNTHETIC_MOUZA_001","plot":"SYN-001-0366","areaSqm":0,"real":false}},{"type":"Feature","geometry":{"type":"Polygon","coordinates":[[[87.889357,22.894623],[87.889357,22.902715],[87.898001,22.902715],[87.898001,22.894623],[87.889357,22.894623]]]},"properties":{"id":"SYN-ARAMBAGH-001-0367","block":"Arambag","mouza":"SYNTHETIC_MOUZA_001","plot":"SYN-001-0367","areaSqm":0,"real":false}},{"type":"Feature","geometry":{"type":"Polygon","coordinates":[[[87.889357,22.902715],[87.889357,22.910808],[87.898001,22.910808],[87.898001,22.902715],[87.889357,22.902715]]]},"properties":{"id":"SYN-ARAMBAGH-001-0368","block":"Arambag","mouza":"SYNTHETIC_MOUZA_001","plot":"SYN-001-0368","areaSqm":0,"real":false}},{"type":"Feature","geometry":{"type":"Polygon","coordinates":[[[87.889357,22.910808],[87.889357,22.9189],[87.898001,22.9189],[87.898001,22.910808],[87.889357,22.910808]]]},"properties":{"id":"SYN-ARAMBAGH-001-0369","block":"Arambag","mouza":"SYNTHETIC_MOUZA_001","plot":"SYN-001-0369","areaSqm":0,"real":false}},{"type":"Feature","geometry":{"type":"Polygon","coordinates":[[[87.889357,22.9189],[87.889357,22.926993],[87.898001,22.926993],[87.898001,22.9189],[87.889357,22.9189]]]},"properties":{"id":"SYN-ARAMBAGH-001-0370","block":"Arambag","mouza":"SYNTHETIC_MOUZA_001","plot":"SYN-001-0370","areaSqm":0,"real":false}},{"type":"Feature","geometry":{"type":"Polygon","coordinates":[[[87.895218,22.933989],[87.897011,22.933865],[87.897638,22.935085],[87.898001,22.935085],[87.898001,22.926993],[87.889357,22.926993],[87.889357,22.935085],[87.89464,22.935085],[87.895218,22.933989]]]},"properties":{"id":"SYN-ARAMBAGH-001-0371","block":"Arambag","mouza":"SYNTHETIC_MOUZA_001","plot":"SYN-001-0371","areaSqm":0,"real":false}},{"type":"Feature","geometry":{"type":"MultiPolygon","coordinates":[[[[87.898001,22.935789],[87.898001,22.935085],[87.897638,22.935085],[87.898001,22.935789]]],[[[87.8937,22.942877],[87.893143,22.937922],[87.89464,22.935085],[87.889357,22.935085],[87.889357,22.943178],[87.893814,22.943178],[87.8937,22.942877]]]]},"properties":{"id":"SYN-ARAMBAGH-001-0372","block":"Arambag","mouza":"SYNTHETIC_MOUZA_001","plot":"SYN-001-0372","areaSqm":0,"real":false}},{"type":"Feature","geometry":{"type":"Polygon","coordinates":[[[87.894836,22.945875],[87.893814,22.943178],[87.889357,22.943178],[87.889357,22.95127],[87.895804,22.95127],[87.895256,22.950365],[87.898001,22.948664],[87.898001,22.947509],[87.894836,22.945875]]]},"properties":{"id":"SYN-ARAMBAGH-001-0373","block":"Arambag","mouza":"SYNTHETIC_MOUZA_001","plot":"SYN-001-0373","areaSqm":0,"real":false}},{"type":"Feature","geometry":{"type":"Polygon","coordinates":[[[87.895804,22.95127],[87.889357,22.95127],[87.889357,22.959192],[87.890258,22.959363],[87.894262,22.959363],[87.898001,22.956644],[87.898001,22.954897],[87.895804,22.95127]]]},"properties":{"id":"SYN-ARAMBAGH-001-0374","block":"Arambag","mouza":"SYNTHETIC_MOUZA_001","plot":"SYN-001-0374","areaSqm":0,"real":false}},{"type":"Feature","geometry":{"type":"Polygon","coordinates":[[[87.893433,22.959965],[87.894262,22.959363],[87.890258,22.959363],[87.893433,22.959965]]]},"properties":{"id":"SYN-ARAMBAGH-001-0375","block":"Arambag","mouza":"SYNTHETIC_MOUZA_001","plot":"SYN-001-0375","areaSqm":0,"real":false}},{"type":"Feature","geometry":{"type":"Polygon","coordinates":[[[87.905795,22.77421],[87.899522,22.775603],[87.900056,22.77884],[87.898668,22.779366],[87.898001,22.779183],[87.898001,22.781329],[87.906644,22.781329],[87.906644,22.77463],[87.905795,22.77421]]]},"properties":{"id":"SYN-ARAMBAGH-001-0376","block":"Arambag","mouza":"SYNTHETIC_MOUZA_001","plot":"SYN-001-0376","areaSqm":0,"real":false}},{"type":"Feature","geometry":{"type":"Polygon","coordinates":[[[87.898001,22.781329],[87.898001,22.789421],[87.906644,22.789421],[87.906644,22.781329],[87.898001,22.781329]]]},"properties":{"id":"SYN-ARAMBAGH-001-0377","block":"Arambag","mouza":"SYNTHETIC_MOUZA_001","plot":"SYN-001-0377","areaSqm":0,"real":false}},{"type":"Feature","geometry":{"type":"Polygon","coordinates":[[[87.898001,22.789421],[87.898001,22.797514],[87.906644,22.797514],[87.906644,22.789421],[87.898001,22.789421]]]},"properties":{"id":"SYN-ARAMBAGH-001-0378","block":"Arambag","mouza":"SYNTHETIC_MOUZA_001","plot":"SYN-001-0378","areaSqm":0,"real":false}},{"type":"Feature","geometry":{"type":"Polygon","coordinates":[[[87.906055,22.802892],[87.906644,22.802748],[87.906644,22.797514],[87.898001,22.797514],[87.898001,22.805606],[87.906274,22.805606],[87.906055,22.802892]]]},"properties":{"id":"SYN-ARAMBAGH-001-0379","block":"Arambag","mouza":"SYNTHETIC_MOUZA_001","plot":"SYN-001-0379","areaSqm":0,"real":false}},{"type":"Feature","geometry":{"type":"Polygon","coordinates":[[[87.906464,22.807972],[87.906274,22.805606],[87.898001,22.805606],[87.898001,22.813698],[87.906644,22.813698],[87.906644,22.808236],[87.906464,22.807972]]]},"properties":{"id":"SYN-ARAMBAGH-001-0380","block":"Arambag","mouza":"SYNTHETIC_MOUZA_001","plot":"SYN-001-0380","areaSqm":0,"real":false}},{"type":"Feature","geometry":{"type":"Polygon","coordinates":[[[87.898001,22.813698],[87.898001,22.821791],[87.906644,22.821791],[87.906644,22.813698],[87.898001,22.813698]]]},"properties":{"id":"SYN-ARAMBAGH-001-0381","block":"Arambag","mouza":"SYNTHETIC_MOUZA_001","plot":"SYN-001-0381","areaSqm":0,"real":false}},{"type":"Feature","geometry":{"type":"Polygon","coordinates":[[[87.905118,22.826132],[87.906644,22.824233],[87.906644,22.821791],[87.898001,22.821791],[87.898001,22.829883],[87.906644,22.829883],[87.906644,22.828817],[87.905118,22.826132]]]},"properties":{"id":"SYN-ARAMBAGH-001-0382","block":"Arambag","mouza":"SYNTHETIC_MOUZA_001","plot":"SYN-001-0382","areaSqm":0,"real":false}},{"type":"Feature","geometry":{"type":"Polygon","coordinates":[[[87.898001,22.829883],[87.898001,22.837976],[87.906644,22.837976],[87.906644,22.829883],[87.898001,22.829883]]]},"properties":{"id":"SYN-ARAMBAGH-001-0383","block":"Arambag","mouza":"SYNTHETIC_MOUZA_001","plot":"SYN-001-0383","areaSqm":0,"real":false}},{"type":"Feature","geometry":{"type":"Polygon","coordinates":[[[87.898001,22.837976],[87.898001,22.846068],[87.906644,22.846068],[87.906644,22.837976],[87.898001,22.837976]]]},"properties":{"id":"SYN-ARAMBAGH-001-0384","block":"Arambag","mouza":"SYNTHETIC_MOUZA_001","plot":"SYN-001-0384","areaSqm":0,"real":false}},{"type":"Feature","geometry":{"type":"Polygon","coordinates":[[[87.898001,22.846068],[87.898001,22.854161],[87.906644,22.854161],[87.906644,22.846068],[87.898001,22.846068]]]},"properties":{"id":"SYN-ARAMBAGH-001-0385","block":"Arambag","mouza":"SYNTHETIC_MOUZA_001","plot":"SYN-001-0385","areaSqm":0,"real":false}},{"type":"Feature","geometry":{"type":"Polygon","coordinates":[[[87.898001,22.854161],[87.898001,22.862253],[87.906644,22.862253],[87.906644,22.854161],[87.898001,22.854161]]]},"properties":{"id":"SYN-ARAMBAGH-001-0386","block":"Arambag","mouza":"SYNTHETIC_MOUZA_001","plot":"SYN-001-0386","areaSqm":0,"real":false}},{"type":"Feature","geometry":{"type":"Polygon","coordinates":[[[87.898001,22.862253],[87.898001,22.870346],[87.906644,22.870346],[87.906644,22.862253],[87.898001,22.862253]]]},"properties":{"id":"SYN-ARAMBAGH-001-0387","block":"Arambag","mouza":"SYNTHETIC_MOUZA_001","plot":"SYN-001-0387","areaSqm":0,"real":false}},{"type":"Feature","geometry":{"type":"Polygon","coordinates":[[[87.898001,22.870346],[87.898001,22.878438],[87.906644,22.878438],[87.906644,22.870346],[87.898001,22.870346]]]},"properties":{"id":"SYN-ARAMBAGH-001-0388","block":"Arambag","mouza":"SYNTHETIC_MOUZA_001","plot":"SYN-001-0388","areaSqm":0,"real":false}},{"type":"Feature","geometry":{"type":"Polygon","coordinates":[[[87.898001,22.878438],[87.898001,22.886531],[87.906644,22.886531],[87.906644,22.878438],[87.898001,22.878438]]]},"properties":{"id":"SYN-ARAMBAGH-001-0389","block":"Arambag","mouza":"SYNTHETIC_MOUZA_001","plot":"SYN-001-0389","areaSqm":0,"real":false}},{"type":"Feature","geometry":{"type":"Polygon","coordinates":[[[87.898001,22.886531],[87.898001,22.894623],[87.906644,22.894623],[87.906644,22.886531],[87.898001,22.886531]]]},"properties":{"id":"SYN-ARAMBAGH-001-0390","block":"Arambag","mouza":"SYNTHETIC_MOUZA_001","plot":"SYN-001-0390","areaSqm":0,"real":false}},{"type":"Feature","geometry":{"type":"Polygon","coordinates":[[[87.898001,22.894623],[87.898001,22.902715],[87.906644,22.902715],[87.906644,22.894623],[87.898001,22.894623]]]},"properties":{"id":"SYN-ARAMBAGH-001-0391","block":"Arambag","mouza":"SYNTHETIC_MOUZA_001","plot":"SYN-001-0391","areaSqm":0,"real":false}},{"type":"Feature","geometry":{"type":"Polygon","coordinates":[[[87.898001,22.902715],[87.898001,22.910808],[87.906644,22.910808],[87.906644,22.902715],[87.898001,22.902715]]]},"properties":{"id":"SYN-ARAMBAGH-001-0392","block":"Arambag","mouza":"SYNTHETIC_MOUZA_001","plot":"SYN-001-0392","areaSqm":0,"real":false}},{"type":"Feature","geometry":{"type":"Polygon","coordinates":[[[87.898001,22.910808],[87.898001,22.9189],[87.906644,22.9189],[87.906644,22.910808],[87.898001,22.910808]]]},"properties":{"id":"SYN-ARAMBAGH-001-0393","block":"Arambag","mouza":"SYNTHETIC_MOUZA_001","plot":"SYN-001-0393","areaSqm":0,"real":false}},{"type":"Feature","geometry":{"type":"Polygon","coordinates":[[[87.898001,22.9189],[87.898001,22.926993],[87.906644,22.926993],[87.906644,22.9189],[87.898001,22.9189]]]},"properties":{"id":"SYN-ARAMBAGH-001-0394","block":"Arambag","mouza":"SYNTHETIC_MOUZA_001","plot":"SYN-001-0394","areaSqm":0,"real":false}},{"type":"Feature","geometry":{"type":"Polygon","coordinates":[[[87.898001,22.926993],[87.898001,22.935085],[87.906644,22.935085],[87.906644,22.926993],[87.898001,22.926993]]]},"properties":{"id":"SYN-ARAMBAGH-001-0395","block":"Arambag","mouza":"SYNTHETIC_MOUZA_001","plot":"SYN-001-0395","areaSqm":0,"real":false}},{"type":"Feature","geometry":{"type":"Polygon","coordinates":[[[87.898781,22.937307],[87.906644,22.938332],[87.906644,22.935085],[87.898001,22.935085],[87.898001,22.935789],[87.898781,22.937307]]]},"properties":{"id":"SYN-ARAMBAGH-001-0396","block":"Arambag","mouza":"SYNTHETIC_MOUZA_001","plot":"SYN-001-0396","areaSqm":0,"real":false}},{"type":"Feature","geometry":{"type":"Polygon","coordinates":[[[87.899017,22.948034],[87.898001,22.947509],[87.898001,22.948664],[87.899017,22.948034]]]},"properties":{"id":"SYN-ARAMBAGH-001-0397","block":"Arambag","mouza":"SYNTHETIC_MOUZA_001","plot":"SYN-001-0397","areaSqm":0,"real":false}},{"type":"Feature","geometry":{"type":"Polygon","coordinates":[[[87.898735,22.95611],[87.898001,22.954897],[87.898001,22.956644],[87.898735,22.95611]]]},"properties":{"id":"SYN-ARAMBAGH-001-0398","block":"Arambag","mouza":"SYNTHETIC_MOUZA_001","plot":"SYN-001-0398","areaSqm":0,"real":false}},{"type":"Feature","geometry":{"type":"Polygon","coordinates":[[[87.912897,22.777723],[87.906644,22.77463],[87.906644,22.781329],[87.914014,22.781329],[87.912897,22.777723]]]},"properties":{"id":"SYN-ARAMBAGH-001-0399","block":"Arambag","mouza":"SYNTHETIC_MOUZA_001","plot":"SYN-001-0399","areaSqm":0,"real":false}},{"type":"Feature","geometry":{"type":"Polygon","coordinates":[[[87.914424,22.782652],[87.914014,22.781329],[87.906644,22.781329],[87.906644,22.789421],[87.915288,22.789421],[87.915288,22.78346],[87.914424,22.782652]]]},"properties":{"id":"SYN-ARAMBAGH-001-0400","block":"Arambag","mouza":"SYNTHETIC_MOUZA_001","plot":"SYN-001-0400","areaSqm":0,"real":false}},{"type":"Feature","geometry":{"type":"Polygon","coordinates":[[[87.914499,22.794211],[87.915288,22.794145],[87.915288,22.789421],[87.906644,22.789421],[87.906644,22.797514],[87.913992,22.797514],[87.914499,22.794211]]]},"properties":{"id":"SYN-ARAMBAGH-001-0401","block":"Arambag","mouza":"SYNTHETIC_MOUZA_001","plot":"SYN-001-0401","areaSqm":0,"real":false}},{"type":"Feature","geometry":{"type":"Polygon","coordinates":[[[87.909232,22.802114],[87.910083,22.799789],[87.913685,22.799517],[87.913992,22.797514],[87.906644,22.797514],[87.906644,22.802748],[87.909232,22.802114]]]},"properties":{"id":"SYN-ARAMBAGH-001-0402","block":"Arambag","mouza":"SYNTHETIC_MOUZA_001","plot":"SYN-001-0402","areaSqm":0,"real":false}},{"type":"Feature","geometry":{"type":"Polygon","coordinates":[[[87.909413,22.812282],[87.906644,22.808236],[87.906644,22.813698],[87.909768,22.813698],[87.909413,22.812282]]]},"properties":{"id":"SYN-ARAMBAGH-001-0403","block":"Arambag","mouza":"SYNTHETIC_MOUZA_001","plot":"SYN-001-0403","areaSqm":0,"real":false}},{"type":"Feature","geometry":{"type":"Polygon","coordinates":[[[87.911039,22.818761],[87.909768,22.813698],[87.906644,22.813698],[87.906644,22.821791],[87.908606,22.821791],[87.911039,22.818761]]]},"properties":{"id":"SYN-ARAMBAGH-001-0404","block":"Arambag","mouza":"SYNTHETIC_MOUZA_001","plot":"SYN-001-0404","areaSqm":0,"real":false}},{"type":"Feature","geometry":{"type":"MultiPolygon","coordinates":[[[[87.908606,22.821791],[87.906644,22.821791],[87.906644,22.824233],[87.908606,22.821791]]],[[[87.906644,22.828817],[87.906644,22.829883],[87.907251,22.829883],[87.906644,22.828817]]]]},"properties":{"id":"SYN-ARAMBAGH-001-0405","block":"Arambag","mouza":"SYNTHETIC_MOUZA_001","plot":"SYN-001-0405","areaSqm":0,"real":false}},{"type":"Feature","geometry":{"type":"Polygon","coordinates":[[[87.911375,22.831853],[87.907452,22.830238],[87.907251,22.829883],[87.906644,22.829883],[87.906644,22.837976],[87.911162,22.837976],[87.911375,22.831853]]]},"properties":{"id":"SYN-ARAMBAGH-001-0406","block":"Arambag","mouza":"SYNTHETIC_MOUZA_001","plot":"SYN-001-0406","areaSqm":0,"real":false}},{"type":"Feature","geometry":{"type":"Polygon","coordinates":[[[87.911082,22.840267],[87.911162,22.837976],[87.906644,22.837976],[87.906644,22.846068],[87.915288,22.846068],[87.915288,22.841582],[87.911082,22.840267]]]},"properties":{"id":"SYN-ARAMBAGH-001-0407","block":"Arambag","mouza":"SYNTHETIC_MOUZA_001","plot":"SYN-001-0407","areaSqm":0,"real":false}},{"type":"Feature","geometry":{"type":"Polygon","coordinates":[[[87.906644,22.846068],[87.906644,22.854161],[87.915288,22.854161],[87.915288,22.846068],[87.906644,22.846068]]]},"properties":{"id":"SYN-ARAMBAGH-001-0408","block":"Arambag","mouza":"SYNTHETIC_MOUZA_001","plot":"SYN-001-0408","areaSqm":0,"real":false}},{"type":"Feature","geometry":{"type":"Polygon","coordinates":[[[87.906644,22.854161],[87.906644,22.862253],[87.915288,22.862253],[87.915288,22.854161],[87.906644,22.854161]]]},"properties":{"id":"SYN-ARAMBAGH-001-0409","block":"Arambag","mouza":"SYNTHETIC_MOUZA_001","plot":"SYN-001-0409","areaSqm":0,"real":false}},{"type":"Feature","geometry":{"type":"Polygon","coordinates":[[[87.906644,22.862253],[87.906644,22.870346],[87.915288,22.870346],[87.915288,22.862253],[87.906644,22.862253]]]},"properties":{"id":"SYN-ARAMBAGH-001-0410","block":"Arambag","mouza":"SYNTHETIC_MOUZA_001","plot":"SYN-001-0410","areaSqm":0,"real":false}},{"type":"Feature","geometry":{"type":"Polygon","coordinates":[[[87.906644,22.870346],[87.906644,22.878438],[87.915288,22.878438],[87.915288,22.870346],[87.906644,22.870346]]]},"properties":{"id":"SYN-ARAMBAGH-001-0411","block":"Arambag","mouza":"SYNTHETIC_MOUZA_001","plot":"SYN-001-0411","areaSqm":0,"real":false}},{"type":"Feature","geometry":{"type":"Polygon","coordinates":[[[87.906644,22.878438],[87.906644,22.886531],[87.915288,22.886531],[87.915288,22.878438],[87.906644,22.878438]]]},"properties":{"id":"SYN-ARAMBAGH-001-0412","block":"Arambag","mouza":"SYNTHETIC_MOUZA_001","plot":"SYN-001-0412","areaSqm":0,"real":false}},{"type":"Feature","geometry":{"type":"Polygon","coordinates":[[[87.913407,22.894091],[87.915288,22.891469],[87.915288,22.886531],[87.906644,22.886531],[87.906644,22.894623],[87.913714,22.894623],[87.913407,22.894091]]]},"properties":{"id":"SYN-ARAMBAGH-001-0413","block":"Arambag","mouza":"SYNTHETIC_MOUZA_001","plot":"SYN-001-0413","areaSqm":0,"real":false}},{"type":"Feature","geometry":{"type":"Polygon","coordinates":[[[87.914144,22.89537],[87.913714,22.894623],[87.906644,22.894623],[87.906644,22.902715],[87.915288,22.902715],[87.915288,22.895282],[87.914144,22.89537]]]},"properties":{"id":"SYN-ARAMBAGH-001-0414","block":"Arambag","mouza":"SYNTHETIC_MOUZA_001","plot":"SYN-001-0414","areaSqm":0,"real":false}},{"type":"Feature","geometry":{"type":"Polygon","coordinates":[[[87.906644,22.902715],[87.906644,22.910808],[87.915288,22.910808],[87.915288,22.902715],[87.906644,22.902715]]]},"properties":{"id":"SYN-ARAMBAGH-001-0415","block":"Arambag","mouza":"SYNTHETIC_MOUZA_001","plot":"SYN-001-0415","areaSqm":0,"real":false}},{"type":"Feature","geometry":{"type":"Polygon","coordinates":[[[87.906644,22.910808],[87.906644,22.9189],[87.915288,22.9189],[87.915288,22.910808],[87.906644,22.910808]]]},"properties":{"id":"SYN-ARAMBAGH-001-0416","block":"Arambag","mouza":"SYNTHETIC_MOUZA_001","plot":"SYN-001-0416","areaSqm":0,"real":false}},{"type":"Feature","geometry":{"type":"Polygon","coordinates":[[[87.906644,22.9189],[87.906644,22.926993],[87.915288,22.926993],[87.915288,22.9189],[87.906644,22.9189]]]},"properties":{"id":"SYN-ARAMBAGH-001-0417","block":"Arambag","mouza":"SYNTHETIC_MOUZA_001","plot":"SYN-001-0417","areaSqm":0,"real":false}},{"type":"Feature","geometry":{"type":"Polygon","coordinates":[[[87.906644,22.926993],[87.906644,22.935085],[87.915288,22.935085],[87.915288,22.926993],[87.906644,22.926993]]]},"properties":{"id":"SYN-ARAMBAGH-001-0418","block":"Arambag","mouza":"SYNTHETIC_MOUZA_001","plot":"SYN-001-0418","areaSqm":0,"real":false}},{"type":"Feature","geometry":{"type":"Polygon","coordinates":[[[87.909569,22.938713],[87.915288,22.940783],[87.915288,22.935085],[87.906644,22.935085],[87.906644,22.938332],[87.909569,22.938713]]]},"properties":{"id":"SYN-ARAMBAGH-001-0419","block":"Arambag","mouza":"SYNTHETIC_MOUZA_001","plot":"SYN-001-0419","areaSqm":0,"real":false}},{"type":"Feature","geometry":{"type":"Polygon","coordinates":[[[87.915288,22.78346],[87.915288,22.789421],[87.921659,22.789421],[87.915288,22.78346]]]},"properties":{"id":"SYN-ARAMBAGH-001-0420","block":"Arambag","mouza":"SYNTHETIC_MOUZA_001","plot":"SYN-001-0420","areaSqm":0,"real":false}},{"type":"Feature","geometry":{"type":"Polygon","coordinates":[[[87.920038,22.793751],[87.922731,22.790424],[87.921659,22.789421],[87.915288,22.789421],[87.915288,22.794145],[87.920038,22.793751]]]},"properties":{"id":"SYN-ARAMBAGH-001-0421","block":"Arambag","mouza":"SYNTHETIC_MOUZA_001","plot":"SYN-001-0421","areaSqm":0,"real":false}},{"type":"Feature","geometry":{"type":"Polygon","coordinates":[[[87.916008,22.841807],[87.915288,22.841582],[87.915288,22.846068],[87.916361,22.846068],[87.916008,22.841807]]]},"properties":{"id":"SYN-ARAMBAGH-001-0422","block":"Arambag","mouza":"SYNTHETIC_MOUZA_001","plot":"SYN-001-0422","areaSqm":0,"real":false}},{"type":"Feature","geometry":{"type":"Polygon","coordinates":[[[87.920331,22.853018],[87.9197,22.850507],[87.9167,22.850164],[87.916361,22.846068],[87.915288,22.846068],[87.915288,22.854161],[87.920324,22.854161],[87.920331,22.853018]]]},"properties":{"id":"SYN-ARAMBAGH-001-0423","block":"Arambag","mouza":"SYNTHETIC_MOUZA_001","plot":"SYN-001-0423","areaSqm":0,"real":false}},{"type":"Feature","geometry":{"type":"Polygon","coordinates":[[[87.920324,22.854161],[87.915288,22.854161],[87.915288,22.862253],[87.920272,22.862253],[87.920324,22.854161]]]},"properties":{"id":"SYN-ARAMBAGH-001-0424","block":"Arambag","mouza":"SYNTHETIC_MOUZA_001","plot":"SYN-001-0424","areaSqm":0,"real":false}},{"type":"Feature","geometry":{"type":"Polygon","coordinates":[[[87.920272,22.862253],[87.915288,22.862253],[87.915288,22.870346],[87.92022,22.870346],[87.920272,22.862253]]]},"properties":{"id":"SYN-ARAMBAGH-001-0425","block":"Arambag","mouza":"SYNTHETIC_MOUZA_001","plot":"SYN-001-0425","areaSqm":0,"real":false}},{"type":"Feature","geometry":{"type":"Polygon","coordinates":[[[87.917836,22.877919],[87.920197,22.873795],[87.92022,22.870346],[87.915288,22.870346],[87.915288,22.878438],[87.917741,22.878438],[87.917836,22.877919]]]},"properties":{"id":"SYN-ARAMBAGH-001-0426","block":"Arambag","mouza":"SYNTHETIC_MOUZA_001","plot":"SYN-001-0426","areaSqm":0,"real":false}},{"type":"Feature","geometry":{"type":"Polygon","coordinates":[[[87.917741,22.878438],[87.915288,22.878438],[87.915288,22.886531],[87.916256,22.886531],[87.917741,22.878438]]]},"properties":{"id":"SYN-ARAMBAGH-001-0427","block":"Arambag","mouza":"SYNTHETIC_MOUZA_001","plot":"SYN-001-0427","areaSqm":0,"real":false}},{"type":"Feature","geometry":{"type":"Polygon","coordinates":[[[87.91537,22.891355],[87.916256,22.886531],[87.915288,22.886531],[87.915288,22.891469],[87.91537,22.891355]]]},"properties":{"id":"SYN-ARAMBAGH-001-0428","block":"Arambag","mouza":"SYNTHETIC_MOUZA_001","plot":"SYN-001-0428","areaSqm":0,"real":false}},{"type":"Feature","geometry":{"type":"Polygon","coordinates":[[[87.920894,22.894848],[87.915288,22.895282],[87.915288,22.902715],[87.922957,22.902715],[87.920894,22.894848]]]},"properties":{"id":"SYN-ARAMBAGH-001-0429","block":"Arambag","mouza":"SYNTHETIC_MOUZA_001","plot":"SYN-001-0429","areaSqm":0,"real":false}},{"type":"Feature","geometry":{"type":"Polygon","coordinates":[[[87.923446,22.904583],[87.922957,22.902715],[87.915288,22.902715],[87.915288,22.910808],[87.92271,22.910808],[87.923446,22.904583]]]},"properties":{"id":"SYN-ARAMBAGH-001-0430","block":"Arambag","mouza":"SYNTHETIC_MOUZA_001","plot":"SYN-001-0430","areaSqm":0,"real":false}},{"type":"Feature","geometry":{"type":"Polygon","coordinates":[[[87.922647,22.91134],[87.92271,22.910808],[87.915288,22.910808],[87.915288,22.9189],[87.923932,22.9189],[87.923932,22.911277],[87.922647,22.91134]]]},"properties":{"id":"SYN-ARAMBAGH-001-0431","block":"Arambag","mouza":"SYNTHETIC_MOUZA_001","plot":"SYN-001-0431","areaSqm":0,"real":false}},{"type":"Feature","geometry":{"type":"Polygon","coordinates":[[[87.915288,22.9189],[87.915288,22.926993],[87.923932,22.926993],[87.923932,22.9189],[87.915288,22.9189]]]},"properties":{"id":"SYN-ARAMBAGH-001-0432","block":"Arambag","mouza":"SYNTHETIC_MOUZA_001","plot":"SYN-001-0432","areaSqm":0,"real":false}},{"type":"Feature","geometry":{"type":"Polygon","coordinates":[[[87.915288,22.926993],[87.915288,22.935085],[87.923932,22.935085],[87.923932,22.926993],[87.915288,22.926993]]]},"properties":{"id":"SYN-ARAMBAGH-001-0433","block":"Arambag","mouza":"SYNTHETIC_MOUZA_001","plot":"SYN-001-0433","areaSqm":0,"real":false}},{"type":"Feature","geometry":{"type":"Polygon","coordinates":[[[87.921902,22.943178],[87.923932,22.943178],[87.923932,22.935085],[87.915288,22.935085],[87.915288,22.940783],[87.921902,22.943178]]]},"properties":{"id":"SYN-ARAMBAGH-001-0434","block":"Arambag","mouza":"SYNTHETIC_MOUZA_001","plot":"SYN-001-0434","areaSqm":0,"real":false}},{"type":"Feature","geometry":{"type":"Polygon","coordinates":[[[87.923932,22.943912],[87.923932,22.943178],[87.921902,22.943178],[87.923932,22.943912]]]},"properties":{"id":"SYN-ARAMBAGH-001-0435","block":"Arambag","mouza":"SYNTHETIC_MOUZA_001","plot":"SYN-001-0435","areaSqm":0,"real":false}},{"type":"Feature","geometry":{"type":"Polygon","coordinates":[[[87.923932,22.911277],[87.923932,22.9189],[87.927802,22.9189],[87.928476,22.91754],[87.930747,22.916831],[87.932438,22.917293],[87.930351,22.917963],[87.931062,22.9189],[87.932576,22.9189],[87.932576,22.910855],[87.923932,22.911277]]]},"properties":{"id":"SYN-ARAMBAGH-001-0436","block":"Arambag","mouza":"SYNTHETIC_MOUZA_001","plot":"SYN-001-0436","areaSqm":0,"real":false}},{"type":"Feature","geometry":{"type":"MultiPolygon","coordinates":[[[[87.931503,22.919481],[87.932576,22.919649],[87.932576,22.9189],[87.931062,22.9189],[87.931503,22.919481]]],[[[87.932136,22.926157],[87.927957,22.923652],[87.926822,22.920877],[87.927802,22.9189],[87.923932,22.9189],[87.923932,22.926993],[87.931927,22.926993],[87.932136,22.926157]]]]},"properties":{"id":"SYN-ARAMBAGH-001-0437","block":"Arambag","mouza":"SYNTHETIC_MOUZA_001","plot":"SYN-001-0437","areaSqm":0,"real":false}},{"type":"Feature","geometry":{"type":"Polygon","coordinates":[[[87.930203,22.933878],[87.931927,22.926993],[87.923932,22.926993],[87.923932,22.935085],[87.930631,22.935085],[87.930203,22.933878]]]},"properties":{"id":"SYN-ARAMBAGH-001-0438","block":"Arambag","mouza":"SYNTHETIC_MOUZA_001","plot":"SYN-001-0438","areaSqm":0,"real":false}},{"type":"Feature","geometry":{"type":"Polygon","coordinates":[[[87.930631,22.935085],[87.923932,22.935085],[87.923932,22.943178],[87.932576,22.943178],[87.932576,22.940571],[87.930631,22.935085]]]},"properties":{"id":"SYN-ARAMBAGH-001-0439","block":"Arambag","mouza":"SYNTHETIC_MOUZA_001","plot":"SYN-001-0439","areaSqm":0,"real":false}},{"type":"Feature","geometry":{"type":"Polygon","coordinates":[[[87.92495,22.944281],[87.932576,22.944808],[87.932576,22.943178],[87.923932,22.943178],[87.923932,22.943912],[87.92495,22.944281]]]},"properties":{"id":"SYN-ARAMBAGH-001-0440","block":"Arambag","mouza":"SYNTHETIC_MOUZA_001","plot":"SYN-001-0440","areaSqm":0,"real":false}},{"type":"Feature","geometry":{"type":"Polygon","coordinates":[[[87.936142,22.908264],[87.935712,22.910701],[87.933534,22.910808],[87.938388,22.910808],[87.936142,22.908264]]]},"properties":{"id":"SYN-ARAMBAGH-001-0441","block":"Arambag","mouza":"SYNTHETIC_MOUZA_001","plot":"SYN-001-0441","areaSqm":0,"real":false}},{"type":"Feature","geometry":{"type":"Polygon","coordinates":[[[87.932576,22.910855],[87.932576,22.9189],[87.940239,22.9189],[87.94122,22.914015],[87.938388,22.910808],[87.933534,22.910808],[87.932576,22.910855]]]},"properties":{"id":"SYN-ARAMBAGH-001-0442","block":"Arambag","mouza":"SYNTHETIC_MOUZA_001","plot":"SYN-001-0442","areaSqm":0,"real":false}},{"type":"Feature","geometry":{"type":"Polygon","coordinates":[[[87.939859,22.920796],[87.940239,22.9189],[87.932576,22.9189],[87.932576,22.919649],[87.939859,22.920796]]]},"properties":{"id":"SYN-ARAMBAGH-001-0443","block":"Arambag","mouza":"SYNTHETIC_MOUZA_001","plot":"SYN-001-0443","areaSqm":0,"real":false}},{"type":"Feature","geometry":{"type":"Polygon","coordinates":[[[87.932576,22.940571],[87.932576,22.943178],[87.9335,22.943178],[87.932576,22.940571]]]},"properties":{"id":"SYN-ARAMBAGH-001-0444","block":"Arambag","mouza":"SYNTHETIC_MOUZA_001","plot":"SYN-001-0444","areaSqm":0,"real":false}},{"type":"Feature","geometry":{"type":"Polygon","coordinates":[[[87.934115,22.944914],[87.9335,22.943178],[87.932576,22.943178],[87.932576,22.944808],[87.934115,22.944914]]]},"properties":{"id":"SYN-ARAMBAGH-001-0445","block":"Arambag","mouza":"SYNTHETIC_MOUZA_001","plot":"SYN-001-0445","areaSqm":0,"real":false}},{"type":"Feature","geometry":{"type":"Polygon","coordinates":[[[87.660588,22.823656],[87.660627,22.827687],[87.659725,22.828118],[87.663673,22.828118],[87.663673,22.824202],[87.660588,22.823656]]]},"properties":{"id":"SYN-ARAMBAGH-002-0001","block":"Goghat - I","mouza":"SYNTHETIC_MOUZA_002","plot":"SYN-002-0001","areaSqm":0,"real":false}},{"type":"Feature","geometry":{"type":"Polygon","coordinates":[[[87.658209,22.832509],[87.66232,22.831625],[87.663673,22.831818],[87.663673,22.828118],[87.659725,22.828118],[87.657198,22.829326],[87.656997,22.831412],[87.658209,22.832509]]]},"properties":{"id":"SYN-ARAMBAGH-002-0002","block":"Goghat - I","mouza":"SYNTHETIC_MOUZA_002","plot":"SYN-002-0002","areaSqm":0,"real":false}},{"type":"Feature","geometry":{"type":"Polygon","coordinates":[[[87.660541,22.887131],[87.660335,22.888179],[87.663673,22.888179],[87.663673,22.88604],[87.660541,22.887131]]]},"properties":{"id":"SYN-ARAMBAGH-002-0003","block":"Goghat - I","mouza":"SYNTHETIC_MOUZA_002","plot":"SYN-002-0003","areaSqm":0,"real":false}},{"type":"Feature","geometry":{"type":"Polygon","coordinates":[[[87.659948,22.890143],[87.662041,22.893502],[87.663673,22.893577],[87.663673,22.888179],[87.660335,22.888179],[87.659948,22.890143]]]},"properties":{"id":"SYN-ARAMBAGH-002-0004","block":"Goghat - I","mouza":"SYNTHETIC_MOUZA_002","plot":"SYN-002-0004","areaSqm":0,"real":false}},{"type":"Feature","geometry":{"type":"Polygon","coordinates":[[[87.669912,22.818177],[87.670069,22.821445],[87.670348,22.821445],[87.670348,22.818352],[87.669912,22.818177]]]},"properties":{"id":"SYN-ARAMBAGH-002-0005","block":"Goghat - I","mouza":"SYNTHETIC_MOUZA_002","plot":"SYN-002-0005","areaSqm":0,"real":false}},{"type":"Feature","geometry":{"type":"Polygon","coordinates":[[[87.67027,22.825603],[87.666523,22.826265],[87.665761,22.824571],[87.663673,22.824202],[87.663673,22.828118],[87.670348,22.828118],[87.670348,22.821445],[87.670069,22.821445],[87.67027,22.825603]]]},"properties":{"id":"SYN-ARAMBAGH-002-0006","block":"Goghat - I","mouza":"SYNTHETIC_MOUZA_002","plot":"SYN-002-0006","areaSqm":0,"real":false}},{"type":"Feature","geometry":{"type":"Polygon","coordinates":[[[87.670348,22.832769],[87.670348,22.828118],[87.663673,22.828118],[87.663673,22.831818],[87.670348,22.832769]]]},"properties":{"id":"SYN-ARAMBAGH-002-0007","block":"Goghat - I","mouza":"SYNTHETIC_MOUZA_002","plot":"SYN-002-0007","areaSqm":0,"real":false}},{"type":"Feature","geometry":{"type":"Polygon","coordinates":[[[87.666636,22.885007],[87.663673,22.88604],[87.663673,22.888179],[87.670348,22.888179],[87.670348,22.881571],[87.666636,22.885007]]]},"properties":{"id":"SYN-ARAMBAGH-002-0008","block":"Goghat - I","mouza":"SYNTHETIC_MOUZA_002","plot":"SYN-002-0008","areaSqm":0,"real":false}},{"type":"Feature","geometry":{"type":"Polygon","coordinates":[[[87.667697,22.893762],[87.668817,22.894852],[87.670348,22.894852],[87.670348,22.888179],[87.663673,22.888179],[87.663673,22.893577],[87.667697,22.893762]]]},"properties":{"id":"SYN-ARAMBAGH-002-0009","block":"Goghat - I","mouza":"SYNTHETIC_MOUZA_002","plot":"SYN-002-0009","areaSqm":0,"real":false}},{"type":"Feature","geometry":{"type":"Polygon","coordinates":[[[87.670348,22.896344],[87.670348,22.894852],[87.668817,22.894852],[87.670348,22.896344]]]},"properties":{"id":"SYN-ARAMBAGH-002-0010","block":"Goghat - I","mouza":"SYNTHETIC_MOUZA_002","plot":"SYN-002-0010","areaSqm":0,"real":false}},{"type":"Feature","geometry":{"type":"Polygon","coordinates":[[[87.671405,22.818775],[87.670348,22.818352],[87.670348,22.821445],[87.672199,22.821445],[87.671405,22.818775]]]},"properties":{"id":"SYN-ARAMBAGH-002-0011","block":"Goghat - I","mouza":"SYNTHETIC_MOUZA_002","plot":"SYN-002-0011","areaSqm":0,"real":false}},{"type":"Feature","geometry":{"type":"Polygon","coordinates":[[[87.673113,22.824517],[87.672199,22.821445],[87.670348,22.821445],[87.670348,22.828118],[87.677023,22.828118],[87.677023,22.823605],[87.673113,22.824517]]]},"properties":{"id":"SYN-ARAMBAGH-002-0012","block":"Goghat - I","mouza":"SYNTHETIC_MOUZA_002","plot":"SYN-002-0012","areaSqm":0,"real":false}},{"type":"Feature","geometry":{"type":"Polygon","coordinates":[[[87.67608,22.833587],[87.677023,22.834763],[87.677023,22.828118],[87.670348,22.828118],[87.670348,22.832769],[87.67608,22.833587]]]},"properties":{"id":"SYN-ARAMBAGH-002-0013","block":"Goghat - I","mouza":"SYNTHETIC_MOUZA_002","plot":"SYN-002-0013","areaSqm":0,"real":false}},{"type":"Feature","geometry":{"type":"Polygon","coordinates":[[[87.674757,22.87749],[87.670419,22.881506],[87.677023,22.881506],[87.677023,22.876723],[87.674757,22.87749]]]},"properties":{"id":"SYN-ARAMBAGH-002-0014","block":"Goghat - I","mouza":"SYNTHETIC_MOUZA_002","plot":"SYN-002-0014","areaSqm":0,"real":false}},{"type":"Feature","geometry":{"type":"Polygon","coordinates":[[[87.670348,22.881571],[87.670348,22.888179],[87.677023,22.888179],[87.677023,22.881506],[87.670419,22.881506],[87.670348,22.881571]]]},"properties":{"id":"SYN-ARAMBAGH-002-0015","block":"Goghat - I","mouza":"SYNTHETIC_MOUZA_002","plot":"SYN-002-0015","areaSqm":0,"real":false}},{"type":"Feature","geometry":{"type":"Polygon","coordinates":[[[87.670348,22.888179],[87.670348,22.894852],[87.677023,22.894852],[87.677023,22.888179],[87.670348,22.888179]]]},"properties":{"id":"SYN-ARAMBAGH-002-0016","block":"Goghat - I","mouza":"SYNTHETIC_MOUZA_002","plot":"SYN-002-0016","areaSqm":0,"real":false}},{"type":"Feature","geometry":{"type":"Polygon","coordinates":[[[87.671493,22.897459],[87.67242,22.896777],[87.672355,22.899954],[87.673271,22.901526],[87.677023,22.901526],[87.677023,22.894852],[87.670348,22.894852],[87.670348,22.896344],[87.671493,22.897459]]]},"properties":{"id":"SYN-ARAMBAGH-002-0017","block":"Goghat - I","mouza":"SYNTHETIC_MOUZA_002","plot":"SYN-002-0017","areaSqm":0,"real":false}},{"type":"Feature","geometry":{"type":"Polygon","coordinates":[[[87.676598,22.907233],[87.676694,22.908199],[87.677023,22.908199],[87.677023,22.901526],[87.673271,22.901526],[87.676598,22.907233]]]},"properties":{"id":"SYN-ARAMBAGH-002-0018","block":"Goghat - I","mouza":"SYNTHETIC_MOUZA_002","plot":"SYN-002-0018","areaSqm":0,"real":false}},{"type":"Feature","geometry":{"type":"Polygon","coordinates":[[[87.677023,22.911528],[87.677023,22.908199],[87.676694,22.908199],[87.677023,22.911528]]]},"properties":{"id":"SYN-ARAMBAGH-002-0019","block":"Goghat - I","mouza":"SYNTHETIC_MOUZA_002","plot":"SYN-002-0019","areaSqm":0,"real":false}},{"type":"Feature","geometry":{"type":"Polygon","coordinates":[[[87.683556,22.780045],[87.681216,22.781404],[87.683699,22.781404],[87.683699,22.780068],[87.683556,22.780045]]]},"properties":{"id":"SYN-ARAMBAGH-002-0020","block":"Goghat - I","mouza":"SYNTHETIC_MOUZA_002","plot":"SYN-002-0020","areaSqm":0,"real":false}},{"type":"Feature","geometry":{"type":"Polygon","coordinates":[[[87.680168,22.782013],[87.680748,22.785982],[87.681906,22.788078],[87.683699,22.788078],[87.683699,22.781404],[87.681216,22.781404],[87.680168,22.782013]]]},"properties":{"id":"SYN-ARAMBAGH-002-0021","block":"Goghat - I","mouza":"SYNTHETIC_MOUZA_002","plot":"SYN-002-0021","areaSqm":0,"real":false}},{"type":"Feature","geometry":{"type":"Polygon","coordinates":[[[87.683699,22.791323],[87.683699,22.788078],[87.681906,22.788078],[87.683699,22.791323]]]},"properties":{"id":"SYN-ARAMBAGH-002-0022","block":"Goghat - I","mouza":"SYNTHETIC_MOUZA_002","plot":"SYN-002-0022","areaSqm":0,"real":false}},{"type":"Feature","geometry":{"type":"Polygon","coordinates":[[[87.681919,22.804037],[87.682201,22.806693],[87.683699,22.808064],[87.683699,22.803227],[87.681919,22.804037]]]},"properties":{"id":"SYN-ARAMBAGH-002-0023","block":"Goghat - I","mouza":"SYNTHETIC_MOUZA_002","plot":"SYN-002-0023","areaSqm":0,"real":false}},{"type":"Feature","geometry":{"type":"Polygon","coordinates":[[[87.68354,22.814771],[87.683699,22.814771],[87.683699,22.814539],[87.68354,22.814771]]]},"properties":{"id":"SYN-ARAMBAGH-002-0024","block":"Goghat - I","mouza":"SYNTHETIC_MOUZA_002","plot":"SYN-002-0024","areaSqm":0,"real":false}},{"type":"Feature","geometry":{"type":"Polygon","coordinates":[[[87.681994,22.817039],[87.682495,22.818515],[87.680309,22.819301],[87.680321,22.821445],[87.683699,22.821445],[87.683699,22.814771],[87.68354,22.814771],[87.681994,22.817039]]]},"properties":{"id":"SYN-ARAMBAGH-002-0025","block":"Goghat - I","mouza":"SYNTHETIC_MOUZA_002","plot":"SYN-002-0025","areaSqm":0,"real":false}},{"type":"Feature","geometry":{"type":"Polygon","coordinates":[[[87.680329,22.822833],[87.677023,22.823605],[87.677023,22.828118],[87.683699,22.828118],[87.683699,22.821445],[87.680321,22.821445],[87.680329,22.822833]]]},"properties":{"id":"SYN-ARAMBAGH-002-0026","block":"Goghat - I","mouza":"SYNTHETIC_MOUZA_002","plot":"SYN-002-0026","areaSqm":0,"real":false}},{"type":"Feature","geometry":{"type":"Polygon","coordinates":[[[87.677047,22.834792],[87.683699,22.834792],[87.683699,22.828118],[87.677023,22.828118],[87.677023,22.834763],[87.677047,22.834792]]]},"properties":{"id":"SYN-ARAMBAGH-002-0027","block":"Goghat - I","mouza":"SYNTHETIC_MOUZA_002","plot":"SYN-002-0027","areaSqm":0,"real":false}},{"type":"Feature","geometry":{"type":"Polygon","coordinates":[[[87.678569,22.83669],[87.677999,22.841095],[87.678361,22.841465],[87.683699,22.841465],[87.683699,22.834792],[87.677047,22.834792],[87.678569,22.83669]]]},"properties":{"id":"SYN-ARAMBAGH-002-0028","block":"Goghat - I","mouza":"SYNTHETIC_MOUZA_002","plot":"SYN-002-0028","areaSqm":0,"real":false}},{"type":"Feature","geometry":{"type":"Polygon","coordinates":[[[87.681213,22.844372],[87.683699,22.844595],[87.683699,22.841465],[87.678361,22.841465],[87.681213,22.844372]]]},"properties":{"id":"SYN-ARAMBAGH-002-0029","block":"Goghat - I","mouza":"SYNTHETIC_MOUZA_002","plot":"SYN-002-0029","areaSqm":0,"real":false}},{"type":"Feature","geometry":{"type":"Polygon","coordinates":[[[87.68357,22.853135],[87.682846,22.854812],[87.683699,22.854812],[87.683699,22.853185],[87.68357,22.853135]]]},"properties":{"id":"SYN-ARAMBAGH-002-0030","block":"Goghat - I","mouza":"SYNTHETIC_MOUZA_002","plot":"SYN-002-0030","areaSqm":0,"real":false}},{"type":"Feature","geometry":{"type":"Polygon","coordinates":[[[87.681492,22.857947],[87.68158,22.861485],[87.683699,22.861485],[87.683699,22.854812],[87.682846,22.854812],[87.681492,22.857947]]]},"properties":{"id":"SYN-ARAMBAGH-002-0031","block":"Goghat - I","mouza":"SYNTHETIC_MOUZA_002","plot":"SYN-002-0031","areaSqm":0,"real":false}},{"type":"Feature","geometry":{"type":"MultiPolygon","coordinates":[[[[87.683118,22.868159],[87.683699,22.868159],[87.683699,22.866711],[87.683118,22.868159]]],[[[87.681649,22.864265],[87.683699,22.866611],[87.683699,22.861485],[87.68158,22.861485],[87.681649,22.864265]]]]},"properties":{"id":"SYN-ARAMBAGH-002-0032","block":"Goghat - I","mouza":"SYNTHETIC_MOUZA_002","plot":"SYN-002-0032","areaSqm":0,"real":false}},{"type":"Feature","geometry":{"type":"Polygon","coordinates":[[[87.680438,22.874832],[87.683699,22.874832],[87.683699,22.868159],[87.683118,22.868159],[87.680438,22.874832]]]},"properties":{"id":"SYN-ARAMBAGH-002-0033","block":"Goghat - I","mouza":"SYNTHETIC_MOUZA_002","plot":"SYN-002-0033","areaSqm":0,"real":false}},{"type":"Feature","geometry":{"type":"Polygon","coordinates":[[[87.680097,22.875682],[87.677023,22.876723],[87.677023,22.881506],[87.683699,22.881506],[87.683699,22.874832],[87.680438,22.874832],[87.680097,22.875682]]]},"properties":{"id":"SYN-ARAMBAGH-002-0034","block":"Goghat - I","mouza":"SYNTHETIC_MOUZA_002","plot":"SYN-002-0034","areaSqm":0,"real":false}},{"type":"Feature","geometry":{"type":"Polygon","coordinates":[[[87.677023,22.881506],[87.677023,22.888179],[87.683699,22.888179],[87.683699,22.881506],[87.677023,22.881506]]]},"properties":{"id":"SYN-ARAMBAGH-002-0035","block":"Goghat - I","mouza":"SYNTHETIC_MOUZA_002","plot":"SYN-002-0035","areaSqm":0,"real":false}},{"type":"Feature","geometry":{"type":"Polygon","coordinates":[[[87.677023,22.888179],[87.677023,22.894852],[87.683699,22.894852],[87.683699,22.888179],[87.677023,22.888179]]]},"properties":{"id":"SYN-ARAMBAGH-002-0036","block":"Goghat - I","mouza":"SYNTHETIC_MOUZA_002","plot":"SYN-002-0036","areaSqm":0,"real":false}},{"type":"Feature","geometry":{"type":"Polygon","coordinates":[[[87.677023,22.894852],[87.677023,22.901526],[87.683699,22.901526],[87.683699,22.894852],[87.677023,22.894852]]]},"properties":{"id":"SYN-ARAMBAGH-002-0037","block":"Goghat - I","mouza":"SYNTHETIC_MOUZA_002","plot":"SYN-002-0037","areaSqm":0,"real":false}},{"type":"Feature","geometry":{"type":"Polygon","coordinates":[[[87.677023,22.901526],[87.677023,22.908199],[87.683699,22.908199],[87.683699,22.901526],[87.677023,22.901526]]]},"properties":{"id":"SYN-ARAMBAGH-002-0038","block":"Goghat - I","mouza":"SYNTHETIC_MOUZA_002","plot":"SYN-002-0038","areaSqm":0,"real":false}},{"type":"Feature","geometry":{"type":"Polygon","coordinates":[[[87.67732,22.914527],[87.677515,22.914873],[87.683699,22.914873],[87.683699,22.908199],[87.677023,22.908199],[87.677023,22.911528],[87.67732,22.914527]]]},"properties":{"id":"SYN-ARAMBAGH-002-0039","block":"Goghat - I","mouza":"SYNTHETIC_MOUZA_002","plot":"SYN-002-0039","areaSqm":0,"real":false}},{"type":"Feature","geometry":{"type":"Polygon","coordinates":[[[87.679052,22.917596],[87.680802,22.91632],[87.683699,22.917959],[87.683699,22.914873],[87.677515,22.914873],[87.679052,22.917596]]]},"properties":{"id":"SYN-ARAMBAGH-002-0040","block":"Goghat - I","mouza":"SYNTHETIC_MOUZA_002","plot":"SYN-002-0040","areaSqm":0,"real":false}},{"type":"Feature","geometry":{"type":"Polygon","coordinates":[[[87.683699,22.780068],[87.683699,22.781404],[87.690374,22.781404],[87.690374,22.781133],[87.683699,22.780068]]]},"properties":{"id":"SYN-ARAMBAGH-002-0041","block":"Goghat - I","mouza":"SYNTHETIC_MOUZA_002","plot":"SYN-002-0041","areaSqm":0,"real":false}},{"type":"Feature","geometry":{"type":"Polygon","coordinates":[[[87.683699,22.781404],[87.683699,22.788078],[87.690374,22.788078],[87.690374,22.781404],[87.683699,22.781404]]]},"properties":{"id":"SYN-ARAMBAGH-002-0042","block":"Goghat - I","mouza":"SYNTHETIC_MOUZA_002","plot":"SYN-002-0042","areaSqm":0,"real":false}},{"type":"Feature","geometry":{"type":"Polygon","coordinates":[[[87.685593,22.794751],[87.690374,22.794751],[87.690374,22.788078],[87.683699,22.788078],[87.683699,22.791323],[87.685593,22.794751]]]},"properties":{"id":"SYN-ARAMBAGH-002-0043","block":"Goghat - I","mouza":"SYNTHETIC_MOUZA_002","plot":"SYN-002-0043","areaSqm":0,"real":false}},{"type":"Feature","geometry":{"type":"Polygon","coordinates":[[[87.68679,22.796917],[87.685487,22.801425],[87.690374,22.801425],[87.690374,22.794751],[87.685593,22.794751],[87.68679,22.796917]]]},"properties":{"id":"SYN-ARAMBAGH-002-0044","block":"Goghat - I","mouza":"SYNTHETIC_MOUZA_002","plot":"SYN-002-0044","areaSqm":0,"real":false}},{"type":"Feature","geometry":{"type":"Polygon","coordinates":[[[87.683736,22.808098],[87.690374,22.808098],[87.690374,22.801425],[87.685487,22.801425],[87.685158,22.802563],[87.683699,22.803227],[87.683699,22.808064],[87.683736,22.808098]]]},"properties":{"id":"SYN-ARAMBAGH-002-0045","block":"Goghat - I","mouza":"SYNTHETIC_MOUZA_002","plot":"SYN-002-0045","areaSqm":0,"real":false}},{"type":"Feature","geometry":{"type":"Polygon","coordinates":[[[87.685232,22.809468],[87.685193,22.812349],[87.683699,22.814539],[87.683699,22.814771],[87.690374,22.814771],[87.690374,22.808098],[87.683736,22.808098],[87.685232,22.809468]]]},"properties":{"id":"SYN-ARAMBAGH-002-0046","block":"Goghat - I","mouza":"SYNTHETIC_MOUZA_002","plot":"SYN-002-0046","areaSqm":0,"real":false}},{"type":"Feature","geometry":{"type":"Polygon","coordinates":[[[87.683699,22.814771],[87.683699,22.821445],[87.690374,22.821445],[87.690374,22.814771],[87.683699,22.814771]]]},"properties":{"id":"SYN-ARAMBAGH-002-0047","block":"Goghat - I","mouza":"SYNTHETIC_MOUZA_002","plot":"SYN-002-0047","areaSqm":0,"real":false}},{"type":"Feature","geometry":{"type":"Polygon","coordinates":[[[87.683699,22.821445],[87.683699,22.828118],[87.690374,22.828118],[87.690374,22.821445],[87.683699,22.821445]]]},"properties":{"id":"SYN-ARAMBAGH-002-0048","block":"Goghat - I","mouza":"SYNTHETIC_MOUZA_002","plot":"SYN-002-0048","areaSqm":0,"real":false}},{"type":"Feature","geometry":{"type":"Polygon","coordinates":[[[87.683699,22.828118],[87.683699,22.834792],[87.690374,22.834792],[87.690374,22.828118],[87.683699,22.828118]]]},"properties":{"id":"SYN-ARAMBAGH-002-0049","block":"Goghat - I","mouza":"SYNTHETIC_MOUZA_002","plot":"SYN-002-0049","areaSqm":0,"real":false}},{"type":"Feature","geometry":{"type":"Polygon","coordinates":[[[87.683699,22.834792],[87.683699,22.841465],[87.690374,22.841465],[87.690374,22.834792],[87.683699,22.834792]]]},"properties":{"id":"SYN-ARAMBAGH-002-0050","block":"Goghat - I","mouza":"SYNTHETIC_MOUZA_002","plot":"SYN-002-0050","areaSqm":0,"real":false}},{"type":"Feature","geometry":{"type":"Polygon","coordinates":[[[87.689759,22.845141],[87.687289,22.848139],[87.690374,22.848139],[87.690374,22.841465],[87.683699,22.841465],[87.683699,22.844595],[87.689759,22.845141]]]},"properties":{"id":"SYN-ARAMBAGH-002-0051","block":"Goghat - I","mouza":"SYNTHETIC_MOUZA_002","plot":"SYN-002-0051","areaSqm":0,"real":false}},{"type":"Feature","geometry":{"type":"Polygon","coordinates":[[[87.687141,22.848319],[87.686958,22.854438],[87.683699,22.853185],[87.683699,22.854812],[87.690374,22.854812],[87.690374,22.848139],[87.687289,22.848139],[87.687141,22.848319]]]},"properties":{"id":"SYN-ARAMBAGH-002-0052","block":"Goghat - I","mouza":"SYNTHETIC_MOUZA_002","plot":"SYN-002-0052","areaSqm":0,"real":false}},{"type":"Feature","geometry":{"type":"Polygon","coordinates":[[[87.683699,22.854812],[87.683699,22.861485],[87.690374,22.861485],[87.690374,22.854812],[87.683699,22.854812]]]},"properties":{"id":"SYN-ARAMBAGH-002-0053","block":"Goghat - I","mouza":"SYNTHETIC_MOUZA_002","plot":"SYN-002-0053","areaSqm":0,"real":false}},{"type":"Feature","geometry":{"type":"Polygon","coordinates":[[[87.683726,22.866643],[87.683699,22.866711],[87.683699,22.868159],[87.690374,22.868159],[87.690374,22.861485],[87.683699,22.861485],[87.683699,22.866611],[87.683726,22.866643]]]},"properties":{"id":"SYN-ARAMBAGH-002-0054","block":"Goghat - I","mouza":"SYNTHETIC_MOUZA_002","plot":"SYN-002-0054","areaSqm":0,"real":false}},{"type":"Feature","geometry":{"type":"Polygon","coordinates":[[[87.683699,22.868159],[87.683699,22.874832],[87.690374,22.874832],[87.690374,22.868159],[87.683699,22.868159]]]},"properties":{"id":"SYN-ARAMBAGH-002-0055","block":"Goghat - I","mouza":"SYNTHETIC_MOUZA_002","plot":"SYN-002-0055","areaSqm":0,"real":false}},{"type":"Feature","geometry":{"type":"Polygon","coordinates":[[[87.683699,22.874832],[87.683699,22.881506],[87.690374,22.881506],[87.690374,22.874832],[87.683699,22.874832]]]},"properties":{"id":"SYN-ARAMBAGH-002-0056","block":"Goghat - I","mouza":"SYNTHETIC_MOUZA_002","plot":"SYN-002-0056","areaSqm":0,"real":false}},{"type":"Feature","geometry":{"type":"Polygon","coordinates":[[[87.683699,22.881506],[87.683699,22.888179],[87.690374,22.888179],[87.690374,22.881506],[87.683699,22.881506]]]},"properties":{"id":"SYN-ARAMBAGH-002-0057","block":"Goghat - I","mouza":"SYNTHETIC_MOUZA_002","plot":"SYN-002-0057","areaSqm":0,"real":false}},{"type":"Feature","geometry":{"type":"Polygon","coordinates":[[[87.683699,22.888179],[87.683699,22.894852],[87.690374,22.894852],[87.690374,22.888179],[87.683699,22.888179]]]},"properties":{"id":"SYN-ARAMBAGH-002-0058","block":"Goghat - I","mouza":"SYNTHETIC_MOUZA_002","plot":"SYN-002-0058","areaSqm":0,"real":false}},{"type":"Feature","geometry":{"type":"Polygon","coordinates":[[[87.683699,22.894852],[87.683699,22.901526],[87.690374,22.901526],[87.690374,22.894852],[87.683699,22.894852]]]},"properties":{"id":"SYN-ARAMBAGH-002-0059","block":"Goghat - I","mouza":"SYNTHETIC_MOUZA_002","plot":"SYN-002-0059","areaSqm":0,"real":false}},{"type":"Feature","geometry":{"type":"Polygon","coordinates":[[[87.683699,22.901526],[87.683699,22.908199],[87.690374,22.908199],[87.690374,22.901526],[87.683699,22.901526]]]},"properties":{"id":"SYN-ARAMBAGH-002-0060","block":"Goghat - I","mouza":"SYNTHETIC_MOUZA_002","plot":"SYN-002-0060","areaSqm":0,"real":false}},{"type":"Feature","geometry":{"type":"Polygon","coordinates":[[[87.683699,22.908199],[87.683699,22.914873],[87.690374,22.914873],[87.690374,22.908199],[87.683699,22.908199]]]},"properties":{"id":"SYN-ARAMBAGH-002-0061","block":"Goghat - I","mouza":"SYNTHETIC_MOUZA_002","plot":"SYN-002-0061","areaSqm":0,"real":false}},{"type":"Feature","geometry":{"type":"Polygon","coordinates":[[[87.684024,22.918143],[87.684482,22.921546],[87.690374,22.921546],[87.690374,22.914873],[87.683699,22.914873],[87.683699,22.917959],[87.684024,22.918143]]]},"properties":{"id":"SYN-ARAMBAGH-002-0062","block":"Goghat - I","mouza":"SYNTHETIC_MOUZA_002","plot":"SYN-002-0062","areaSqm":0,"real":false}},{"type":"Feature","geometry":{"type":"Polygon","coordinates":[[[87.685194,22.926837],[87.684805,22.92822],[87.690374,22.92822],[87.690374,22.921546],[87.684482,22.921546],[87.685194,22.926837]]]},"properties":{"id":"SYN-ARAMBAGH-002-0063","block":"Goghat - I","mouza":"SYNTHETIC_MOUZA_002","plot":"SYN-002-0063","areaSqm":0,"real":false}},{"type":"Feature","geometry":{"type":"Polygon","coordinates":[[[87.684127,22.930635],[87.689796,22.932335],[87.689916,22.934893],[87.690374,22.934893],[87.690374,22.92822],[87.684805,22.92822],[87.684127,22.930635]]]},"properties":{"id":"SYN-ARAMBAGH-002-0064","block":"Goghat - I","mouza":"SYNTHETIC_MOUZA_002","plot":"SYN-002-0064","areaSqm":0,"real":false}},{"type":"Feature","geometry":{"type":"Polygon","coordinates":[[[87.690177,22.940431],[87.690374,22.940617],[87.690374,22.934893],[87.689916,22.934893],[87.690177,22.940431]]]},"properties":{"id":"SYN-ARAMBAGH-002-0065","block":"Goghat - I","mouza":"SYNTHETIC_MOUZA_002","plot":"SYN-002-0065","areaSqm":0,"real":false}},{"type":"Feature","geometry":{"type":"Polygon","coordinates":[[[87.690374,22.781133],[87.690374,22.781404],[87.692076,22.781404],[87.690374,22.781133]]]},"properties":{"id":"SYN-ARAMBAGH-002-0066","block":"Goghat - I","mouza":"SYNTHETIC_MOUZA_002","plot":"SYN-002-0066","areaSqm":0,"real":false}},{"type":"Feature","geometry":{"type":"Polygon","coordinates":[[[87.692076,22.781404],[87.690374,22.781404],[87.690374,22.788078],[87.69705,22.788078],[87.69705,22.782198],[87.692076,22.781404]]]},"properties":{"id":"SYN-ARAMBAGH-002-0067","block":"Goghat - I","mouza":"SYNTHETIC_MOUZA_002","plot":"SYN-002-0067","areaSqm":0,"real":false}},{"type":"Feature","geometry":{"type":"Polygon","coordinates":[[[87.690374,22.788078],[87.690374,22.794751],[87.69705,22.794751],[87.69705,22.788078],[87.690374,22.788078]]]},"properties":{"id":"SYN-ARAMBAGH-002-0068","block":"Goghat - I","mouza":"SYNTHETIC_MOUZA_002","plot":"SYN-002-0068","areaSqm":0,"real":false}},{"type":"Feature","geometry":{"type":"Polygon","coordinates":[[[87.690374,22.794751],[87.690374,22.801425],[87.69705,22.801425],[87.69705,22.794751],[87.690374,22.794751]]]},"properties":{"id":"SYN-ARAMBAGH-002-0069","block":"Goghat - I","mouza":"SYNTHETIC_MOUZA_002","plot":"SYN-002-0069","areaSqm":0,"real":false}},{"type":"Feature","geometry":{"type":"Polygon","coordinates":[[[87.690374,22.801425],[87.690374,22.808098],[87.69705,22.808098],[87.69705,22.801425],[87.690374,22.801425]]]},"properties":{"id":"SYN-ARAMBAGH-002-0070","block":"Goghat - I","mouza":"SYNTHETIC_MOUZA_002","plot":"SYN-002-0070","areaSqm":0,"real":false}},{"type":"Feature","geometry":{"type":"Polygon","coordinates":[[[87.690374,22.808098],[87.690374,22.814771],[87.69705,22.814771],[87.69705,22.808098],[87.690374,22.808098]]]},"properties":{"id":"SYN-ARAMBAGH-002-0071","block":"Goghat - I","mouza":"SYNTHETIC_MOUZA_002","plot":"SYN-002-0071","areaSqm":0,"real":false}},{"type":"Feature","geometry":{"type":"Polygon","coordinates":[[[87.690374,22.814771],[87.690374,22.821445],[87.69705,22.821445],[87.69705,22.814771],[87.690374,22.814771]]]},"properties":{"id":"SYN-ARAMBAGH-002-0072","block":"Goghat - I","mouza":"SYNTHETIC_MOUZA_002","plot":"SYN-002-0072","areaSqm":0,"real":false}},{"type":"Feature","geometry":{"type":"Polygon","coordinates":[[[87.690374,22.821445],[87.690374,22.828118],[87.69705,22.828118],[87.69705,22.821445],[87.690374,22.821445]]]},"properties":{"id":"SYN-ARAMBAGH-002-0073","block":"Goghat - I","mouza":"SYNTHETIC_MOUZA_002","plot":"SYN-002-0073","areaSqm":0,"real":false}},{"type":"Feature","geometry":{"type":"Polygon","coordinates":[[[87.690374,22.828118],[87.690374,22.834792],[87.69705,22.834792],[87.69705,22.828118],[87.690374,22.828118]]]},"properties":{"id":"SYN-ARAMBAGH-002-0074","block":"Goghat - I","mouza":"SYNTHETIC_MOUZA_002","plot":"SYN-002-0074","areaSqm":0,"real":false}},{"type":"Feature","geometry":{"type":"Polygon","coordinates":[[[87.690374,22.834792],[87.690374,22.841465],[87.69705,22.841465],[87.69705,22.834792],[87.690374,22.834792]]]},"properties":{"id":"SYN-ARAMBAGH-002-0075","block":"Goghat - I","mouza":"SYNTHETIC_MOUZA_002","plot":"SYN-002-0075","areaSqm":0,"real":false}},{"type":"Feature","geometry":{"type":"Polygon","coordinates":[[[87.690374,22.841465],[87.690374,22.848139],[87.69705,22.848139],[87.69705,22.841465],[87.690374,22.841465]]]},"properties":{"id":"SYN-ARAMBAGH-002-0076","block":"Goghat - I","mouza":"SYNTHETIC_MOUZA_002","plot":"SYN-002-0076","areaSqm":0,"real":false}},{"type":"Feature","geometry":{"type":"Polygon","coordinates":[[[87.690374,22.848139],[87.690374,22.854812],[87.69705,22.854812],[87.69705,22.848139],[87.690374,22.848139]]]},"properties":{"id":"SYN-ARAMBAGH-002-0077","block":"Goghat - I","mouza":"SYNTHETIC_MOUZA_002","plot":"SYN-002-0077","areaSqm":0,"real":false}},{"type":"Feature","geometry":{"type":"Polygon","coordinates":[[[87.690374,22.854812],[87.690374,22.861485],[87.69705,22.861485],[87.69705,22.854812],[87.690374,22.854812]]]},"properties":{"id":"SYN-ARAMBAGH-002-0078","block":"Goghat - I","mouza":"SYNTHETIC_MOUZA_002","plot":"SYN-002-0078","areaSqm":0,"real":false}},{"type":"Feature","geometry":{"type":"Polygon","coordinates":[[[87.690374,22.861485],[87.690374,22.868159],[87.69705,22.868159],[87.69705,22.861485],[87.690374,22.861485]]]},"properties":{"id":"SYN-ARAMBAGH-002-0079","block":"Goghat - I","mouza":"SYNTHETIC_MOUZA_002","plot":"SYN-002-0079","areaSqm":0,"real":false}},{"type":"Feature","geometry":{"type":"Polygon","coordinates":[[[87.690374,22.868159],[87.690374,22.874832],[87.69705,22.874832],[87.69705,22.868159],[87.690374,22.868159]]]},"properties":{"id":"SYN-ARAMBAGH-002-0080","block":"Goghat - I","mouza":"SYNTHETIC_MOUZA_002","plot":"SYN-002-0080","areaSqm":0,"real":false}},{"type":"Feature","geometry":{"type":"Polygon","coordinates":[[[87.690374,22.874832],[87.690374,22.881506],[87.69705,22.881506],[87.69705,22.874832],[87.690374,22.874832]]]},"properties":{"id":"SYN-ARAMBAGH-002-0081","block":"Goghat - I","mouza":"SYNTHETIC_MOUZA_002","plot":"SYN-002-0081","areaSqm":0,"real":false}},{"type":"Feature","geometry":{"type":"Polygon","coordinates":[[[87.690374,22.881506],[87.690374,22.888179],[87.69705,22.888179],[87.69705,22.881506],[87.690374,22.881506]]]},"properties":{"id":"SYN-ARAMBAGH-002-0082","block":"Goghat - I","mouza":"SYNTHETIC_MOUZA_002","plot":"SYN-002-0082","areaSqm":0,"real":false}},{"type":"Feature","geometry":{"type":"Polygon","coordinates":[[[87.690374,22.888179],[87.690374,22.894852],[87.69705,22.894852],[87.69705,22.888179],[87.690374,22.888179]]]},"properties":{"id":"SYN-ARAMBAGH-002-0083","block":"Goghat - I","mouza":"SYNTHETIC_MOUZA_002","plot":"SYN-002-0083","areaSqm":0,"real":false}},{"type":"Feature","geometry":{"type":"Polygon","coordinates":[[[87.690374,22.894852],[87.690374,22.901526],[87.69705,22.901526],[87.69705,22.894852],[87.690374,22.894852]]]},"properties":{"id":"SYN-ARAMBAGH-002-0084","block":"Goghat - I","mouza":"SYNTHETIC_MOUZA_002","plot":"SYN-002-0084","areaSqm":0,"real":false}},{"type":"Feature","geometry":{"type":"Polygon","coordinates":[[[87.690374,22.901526],[87.690374,22.908199],[87.69705,22.908199],[87.69705,22.901526],[87.690374,22.901526]]]},"properties":{"id":"SYN-ARAMBAGH-002-0085","block":"Goghat - I","mouza":"SYNTHETIC_MOUZA_002","plot":"SYN-002-0085","areaSqm":0,"real":false}},{"type":"Feature","geometry":{"type":"Polygon","coordinates":[[[87.690374,22.908199],[87.690374,22.914873],[87.69705,22.914873],[87.69705,22.908199],[87.690374,22.908199]]]},"properties":{"id":"SYN-ARAMBAGH-002-0086","block":"Goghat - I","mouza":"SYNTHETIC_MOUZA_002","plot":"SYN-002-0086","areaSqm":0,"real":false}},{"type":"Feature","geometry":{"type":"Polygon","coordinates":[[[87.690374,22.914873],[87.690374,22.921546],[87.69705,22.921546],[87.69705,22.914873],[87.690374,22.914873]]]},"properties":{"id":"SYN-ARAMBAGH-002-0087","block":"Goghat - I","mouza":"SYNTHETIC_MOUZA_002","plot":"SYN-002-0087","areaSqm":0,"real":false}},{"type":"Feature","geometry":{"type":"Polygon","coordinates":[[[87.690374,22.921546],[87.690374,22.92822],[87.69705,22.92822],[87.69705,22.921546],[87.690374,22.921546]]]},"properties":{"id":"SYN-ARAMBAGH-002-0088","block":"Goghat - I","mouza":"SYNTHETIC_MOUZA_002","plot":"SYN-002-0088","areaSqm":0,"real":false}},{"type":"Feature","geometry":{"type":"Polygon","coordinates":[[[87.690374,22.92822],[87.690374,22.934893],[87.69705,22.934893],[87.69705,22.92822],[87.690374,22.92822]]]},"properties":{"id":"SYN-ARAMBAGH-002-0089","block":"Goghat - I","mouza":"SYNTHETIC_MOUZA_002","plot":"SYN-002-0089","areaSqm":0,"real":false}},{"type":"Feature","geometry":{"type":"Polygon","coordinates":[[[87.691381,22.941566],[87.69705,22.941566],[87.69705,22.934893],[87.690374,22.934893],[87.690374,22.940617],[87.691381,22.941566]]]},"properties":{"id":"SYN-ARAMBAGH-002-0090","block":"Goghat - I","mouza":"SYNTHETIC_MOUZA_002","plot":"SYN-002-0090","areaSqm":0,"real":false}},{"type":"Feature","geometry":{"type":"Polygon","coordinates":[[[87.69705,22.946915],[87.69705,22.941566],[87.691381,22.941566],[87.69705,22.946915]]]},"properties":{"id":"SYN-ARAMBAGH-002-0091","block":"Goghat - I","mouza":"SYNTHETIC_MOUZA_002","plot":"SYN-002-0091","areaSqm":0,"real":false}},{"type":"Feature","geometry":{"type":"Polygon","coordinates":[[[87.701768,22.781404],[87.703725,22.781404],[87.703725,22.780609],[87.701768,22.781404]]]},"properties":{"id":"SYN-ARAMBAGH-002-0092","block":"Goghat - I","mouza":"SYNTHETIC_MOUZA_002","plot":"SYN-002-0092","areaSqm":0,"real":false}},{"type":"Feature","geometry":{"type":"Polygon","coordinates":[[[87.701768,22.781404],[87.699036,22.782515],[87.69705,22.782198],[87.69705,22.788078],[87.703725,22.788078],[87.703725,22.781404],[87.701768,22.781404]]]},"properties":{"id":"SYN-ARAMBAGH-002-0093","block":"Goghat - I","mouza":"SYNTHETIC_MOUZA_002","plot":"SYN-002-0093","areaSqm":0,"real":false}},{"type":"Feature","geometry":{"type":"Polygon","coordinates":[[[87.69705,22.788078],[87.69705,22.794751],[87.703725,22.794751],[87.703725,22.788078],[87.69705,22.788078]]]},"properties":{"id":"SYN-ARAMBAGH-002-0094","block":"Goghat - I","mouza":"SYNTHETIC_MOUZA_002","plot":"SYN-002-0094","areaSqm":0,"real":false}},{"type":"Feature","geometry":{"type":"Polygon","coordinates":[[[87.69705,22.794751],[87.69705,22.801425],[87.703725,22.801425],[87.703725,22.794751],[87.69705,22.794751]]]},"properties":{"id":"SYN-ARAMBAGH-002-0095","block":"Goghat - I","mouza":"SYNTHETIC_MOUZA_002","plot":"SYN-002-0095","areaSqm":0,"real":false}},{"type":"Feature","geometry":{"type":"Polygon","coordinates":[[[87.69705,22.801425],[87.69705,22.808098],[87.703725,22.808098],[87.703725,22.801425],[87.69705,22.801425]]]},"properties":{"id":"SYN-ARAMBAGH-002-0096","block":"Goghat - I","mouza":"SYNTHETIC_MOUZA_002","plot":"SYN-002-0096","areaSqm":0,"real":false}},{"type":"Feature","geometry":{"type":"Polygon","coordinates":[[[87.69705,22.808098],[87.69705,22.814771],[87.703725,22.814771],[87.703725,22.808098],[87.69705,22.808098]]]},"properties":{"id":"SYN-ARAMBAGH-002-0097","block":"Goghat - I","mouza":"SYNTHETIC_MOUZA_002","plot":"SYN-002-0097","areaSqm":0,"real":false}},{"type":"Feature","geometry":{"type":"Polygon","coordinates":[[[87.69705,22.814771],[87.69705,22.821445],[87.703725,22.821445],[87.703725,22.814771],[87.69705,22.814771]]]},"properties":{"id":"SYN-ARAMBAGH-002-0098","block":"Goghat - I","mouza":"SYNTHETIC_MOUZA_002","plot":"SYN-002-0098","areaSqm":0,"real":false}},{"type":"Feature","geometry":{"type":"Polygon","coordinates":[[[87.69705,22.821445],[87.69705,22.828118],[87.703725,22.828118],[87.703725,22.821445],[87.69705,22.821445]]]},"properties":{"id":"SYN-ARAMBAGH-002-0099","block":"Goghat - I","mouza":"SYNTHETIC_MOUZA_002","plot":"SYN-002-0099","areaSqm":0,"real":false}},{"type":"Feature","geometry":{"type":"Polygon","coordinates":[[[87.69705,22.828118],[87.69705,22.834792],[87.703725,22.834792],[87.703725,22.828118],[87.69705,22.828118]]]},"properties":{"id":"SYN-ARAMBAGH-002-0100","block":"Goghat - I","mouza":"SYNTHETIC_MOUZA_002","plot":"SYN-002-0100","areaSqm":0,"real":false}},{"type":"Feature","geometry":{"type":"Polygon","coordinates":[[[87.69705,22.834792],[87.69705,22.841465],[87.703725,22.841465],[87.703725,22.834792],[87.69705,22.834792]]]},"properties":{"id":"SYN-ARAMBAGH-002-0101","block":"Goghat - I","mouza":"SYNTHETIC_MOUZA_002","plot":"SYN-002-0101","areaSqm":0,"real":false}},{"type":"Feature","geometry":{"type":"Polygon","coordinates":[[[87.69705,22.841465],[87.69705,22.848139],[87.703725,22.848139],[87.703725,22.841465],[87.69705,22.841465]]]},"properties":{"id":"SYN-ARAMBAGH-002-0102","block":"Goghat - I","mouza":"SYNTHETIC_MOUZA_002","plot":"SYN-002-0102","areaSqm":0,"real":false}},{"type":"Feature","geometry":{"type":"Polygon","coordinates":[[[87.69705,22.848139],[87.69705,22.854812],[87.703725,22.854812],[87.703725,22.848139],[87.69705,22.848139]]]},"properties":{"id":"SYN-ARAMBAGH-002-0103","block":"Goghat - I","mouza":"SYNTHETIC_MOUZA_002","plot":"SYN-002-0103","areaSqm":0,"real":false}},{"type":"Feature","geometry":{"type":"Polygon","coordinates":[[[87.69705,22.854812],[87.69705,22.861485],[87.703725,22.861485],[87.703725,22.854812],[87.69705,22.854812]]]},"properties":{"id":"SYN-ARAMBAGH-002-0104","block":"Goghat - I","mouza":"SYNTHETIC_MOUZA_002","plot":"SYN-002-0104","areaSqm":0,"real":false}},{"type":"Feature","geometry":{"type":"Polygon","coordinates":[[[87.69705,22.861485],[87.69705,22.868159],[87.703725,22.868159],[87.703725,22.861485],[87.69705,22.861485]]]},"properties":{"id":"SYN-ARAMBAGH-002-0105","block":"Goghat - I","mouza":"SYNTHETIC_MOUZA_002","plot":"SYN-002-0105","areaSqm":0,"real":false}},{"type":"Feature","geometry":{"type":"Polygon","coordinates":[[[87.69705,22.868159],[87.69705,22.874832],[87.703725,22.874832],[87.703725,22.868159],[87.69705,22.868159]]]},"properties":{"id":"SYN-ARAMBAGH-002-0106","block":"Goghat - I","mouza":"SYNTHETIC_MOUZA_002","plot":"SYN-002-0106","areaSqm":0,"real":false}},{"type":"Feature","geometry":{"type":"Polygon","coordinates":[[[87.69705,22.874832],[87.69705,22.881506],[87.703725,22.881506],[87.703725,22.874832],[87.69705,22.874832]]]},"properties":{"id":"SYN-ARAMBAGH-002-0107","block":"Goghat - I","mouza":"SYNTHETIC_MOUZA_002","plot":"SYN-002-0107","areaSqm":0,"real":false}},{"type":"Feature","geometry":{"type":"Polygon","coordinates":[[[87.69705,22.881506],[87.69705,22.888179],[87.703725,22.888179],[87.703725,22.881506],[87.69705,22.881506]]]},"properties":{"id":"SYN-ARAMBAGH-002-0108","block":"Goghat - I","mouza":"SYNTHETIC_MOUZA_002","plot":"SYN-002-0108","areaSqm":0,"real":false}},{"type":"Feature","geometry":{"type":"Polygon","coordinates":[[[87.69705,22.888179],[87.69705,22.894852],[87.703725,22.894852],[87.703725,22.888179],[87.69705,22.888179]]]},"properties":{"id":"SYN-ARAMBAGH-002-0109","block":"Goghat - I","mouza":"SYNTHETIC_MOUZA_002","plot":"SYN-002-0109","areaSqm":0,"real":false}},{"type":"Feature","geometry":{"type":"Polygon","coordinates":[[[87.69705,22.894852],[87.69705,22.901526],[87.703725,22.901526],[87.703725,22.894852],[87.69705,22.894852]]]},"properties":{"id":"SYN-ARAMBAGH-002-0110","block":"Goghat - I","mouza":"SYNTHETIC_MOUZA_002","plot":"SYN-002-0110","areaSqm":0,"real":false}},{"type":"Feature","geometry":{"type":"Polygon","coordinates":[[[87.69705,22.901526],[87.69705,22.908199],[87.703725,22.908199],[87.703725,22.901526],[87.69705,22.901526]]]},"properties":{"id":"SYN-ARAMBAGH-002-0111","block":"Goghat - I","mouza":"SYNTHETIC_MOUZA_002","plot":"SYN-002-0111","areaSqm":0,"real":false}},{"type":"Feature","geometry":{"type":"Polygon","coordinates":[[[87.69705,22.908199],[87.69705,22.914873],[87.703725,22.914873],[87.703725,22.908199],[87.69705,22.908199]]]},"properties":{"id":"SYN-ARAMBAGH-002-0112","block":"Goghat - I","mouza":"SYNTHETIC_MOUZA_002","plot":"SYN-002-0112","areaSqm":0,"real":false}},{"type":"Feature","geometry":{"type":"Polygon","coordinates":[[[87.69705,22.914873],[87.69705,22.921546],[87.703725,22.921546],[87.703725,22.914873],[87.69705,22.914873]]]},"properties":{"id":"SYN-ARAMBAGH-002-0113","block":"Goghat - I","mouza":"SYNTHETIC_MOUZA_002","plot":"SYN-002-0113","areaSqm":0,"real":false}},{"type":"Feature","geometry":{"type":"Polygon","coordinates":[[[87.69705,22.921546],[87.69705,22.92822],[87.703725,22.92822],[87.703725,22.921546],[87.69705,22.921546]]]},"properties":{"id":"SYN-ARAMBAGH-002-0114","block":"Goghat - I","mouza":"SYNTHETIC_MOUZA_002","plot":"SYN-002-0114","areaSqm":0,"real":false}},{"type":"Feature","geometry":{"type":"Polygon","coordinates":[[[87.69705,22.92822],[87.69705,22.934893],[87.703725,22.934893],[87.703725,22.92822],[87.69705,22.92822]]]},"properties":{"id":"SYN-ARAMBAGH-002-0115","block":"Goghat - I","mouza":"SYNTHETIC_MOUZA_002","plot":"SYN-002-0115","areaSqm":0,"real":false}},{"type":"Feature","geometry":{"type":"Polygon","coordinates":[[[87.69705,22.934893],[87.69705,22.941566],[87.703725,22.941566],[87.703725,22.934893],[87.69705,22.934893]]]},"properties":{"id":"SYN-ARAMBAGH-002-0116","block":"Goghat - I","mouza":"SYNTHETIC_MOUZA_002","plot":"SYN-002-0116","areaSqm":0,"real":false}},{"type":"Feature","geometry":{"type":"Polygon","coordinates":[[[87.698454,22.94824],[87.703725,22.94824],[87.703725,22.941566],[87.69705,22.941566],[87.69705,22.946915],[87.698454,22.94824]]]},"properties":{"id":"SYN-ARAMBAGH-002-0117","block":"Goghat - I","mouza":"SYNTHETIC_MOUZA_002","plot":"SYN-002-0117","areaSqm":0,"real":false}},{"type":"Feature","geometry":{"type":"Polygon","coordinates":[[[87.699349,22.949084],[87.69948,22.954913],[87.703725,22.954913],[87.703725,22.94824],[87.698454,22.94824],[87.699349,22.949084]]]},"properties":{"id":"SYN-ARAMBAGH-002-0118","block":"Goghat - I","mouza":"SYNTHETIC_MOUZA_002","plot":"SYN-002-0118","areaSqm":0,"real":false}},{"type":"Feature","geometry":{"type":"Polygon","coordinates":[[[87.699629,22.961587],[87.703725,22.961587],[87.703725,22.954913],[87.69948,22.954913],[87.699629,22.961587]]]},"properties":{"id":"SYN-ARAMBAGH-002-0119","block":"Goghat - I","mouza":"SYNTHETIC_MOUZA_002","plot":"SYN-002-0119","areaSqm":0,"real":false}},{"type":"Feature","geometry":{"type":"Polygon","coordinates":[[[87.699779,22.96826],[87.703725,22.96826],[87.703725,22.961587],[87.699629,22.961587],[87.699779,22.96826]]]},"properties":{"id":"SYN-ARAMBAGH-002-0120","block":"Goghat - I","mouza":"SYNTHETIC_MOUZA_002","plot":"SYN-002-0120","areaSqm":0,"real":false}},{"type":"Feature","geometry":{"type":"Polygon","coordinates":[[[87.699788,22.968639],[87.703424,22.969839],[87.703725,22.969796],[87.703725,22.96826],[87.699779,22.96826],[87.699788,22.968639]]]},"properties":{"id":"SYN-ARAMBAGH-002-0121","block":"Goghat - I","mouza":"SYNTHETIC_MOUZA_002","plot":"SYN-002-0121","areaSqm":0,"real":false}},{"type":"Feature","geometry":{"type":"Polygon","coordinates":[[[87.704605,22.780251],[87.703725,22.780609],[87.703725,22.781404],[87.70489,22.781404],[87.704605,22.780251]]]},"properties":{"id":"SYN-ARAMBAGH-002-0122","block":"Goghat - I","mouza":"SYNTHETIC_MOUZA_002","plot":"SYN-002-0122","areaSqm":0,"real":false}},{"type":"Feature","geometry":{"type":"Polygon","coordinates":[[[87.705826,22.785198],[87.70489,22.781404],[87.703725,22.781404],[87.703725,22.788078],[87.710401,22.788078],[87.710401,22.786025],[87.705826,22.785198]]]},"properties":{"id":"SYN-ARAMBAGH-002-0123","block":"Goghat - I","mouza":"SYNTHETIC_MOUZA_002","plot":"SYN-002-0123","areaSqm":0,"real":false}},{"type":"Feature","geometry":{"type":"Polygon","coordinates":[[[87.703725,22.788078],[87.703725,22.794751],[87.710401,22.794751],[87.710401,22.788078],[87.703725,22.788078]]]},"properties":{"id":"SYN-ARAMBAGH-002-0124","block":"Goghat - I","mouza":"SYNTHETIC_MOUZA_002","plot":"SYN-002-0124","areaSqm":0,"real":false}},{"type":"Feature","geometry":{"type":"Polygon","coordinates":[[[87.703725,22.794751],[87.703725,22.801425],[87.710401,22.801425],[87.710401,22.794751],[87.703725,22.794751]]]},"properties":{"id":"SYN-ARAMBAGH-002-0125","block":"Goghat - I","mouza":"SYNTHETIC_MOUZA_002","plot":"SYN-002-0125","areaSqm":0,"real":false}},{"type":"Feature","geometry":{"type":"Polygon","coordinates":[[[87.703725,22.801425],[87.703725,22.808098],[87.710401,22.808098],[87.710401,22.801425],[87.703725,22.801425]]]},"properties":{"id":"SYN-ARAMBAGH-002-0126","block":"Goghat - I","mouza":"SYNTHETIC_MOUZA_002","plot":"SYN-002-0126","areaSqm":0,"real":false}},{"type":"Feature","geometry":{"type":"Polygon","coordinates":[[[87.703725,22.808098],[87.703725,22.814771],[87.710401,22.814771],[87.710401,22.808098],[87.703725,22.808098]]]},"properties":{"id":"SYN-ARAMBAGH-002-0127","block":"Goghat - I","mouza":"SYNTHETIC_MOUZA_002","plot":"SYN-002-0127","areaSqm":0,"real":false}},{"type":"Feature","geometry":{"type":"Polygon","coordinates":[[[87.703725,22.814771],[87.703725,22.821445],[87.710401,22.821445],[87.710401,22.814771],[87.703725,22.814771]]]},"properties":{"id":"SYN-ARAMBAGH-002-0128","block":"Goghat - I","mouza":"SYNTHETIC_MOUZA_002","plot":"SYN-002-0128","areaSqm":0,"real":false}},{"type":"Feature","geometry":{"type":"Polygon","coordinates":[[[87.703725,22.821445],[87.703725,22.828118],[87.710401,22.828118],[87.710401,22.821445],[87.703725,22.821445]]]},"properties":{"id":"SYN-ARAMBAGH-002-0129","block":"Goghat - I","mouza":"SYNTHETIC_MOUZA_002","plot":"SYN-002-0129","areaSqm":0,"real":false}},{"type":"Feature","geometry":{"type":"Polygon","coordinates":[[[87.703725,22.828118],[87.703725,22.834792],[87.710401,22.834792],[87.710401,22.828118],[87.703725,22.828118]]]},"properties":{"id":"SYN-ARAMBAGH-002-0130","block":"Goghat - I","mouza":"SYNTHETIC_MOUZA_002","plot":"SYN-002-0130","areaSqm":0,"real":false}},{"type":"Feature","geometry":{"type":"Polygon","coordinates":[[[87.703725,22.834792],[87.703725,22.841465],[87.710401,22.841465],[87.710401,22.834792],[87.703725,22.834792]]]},"properties":{"id":"SYN-ARAMBAGH-002-0131","block":"Goghat - I","mouza":"SYNTHETIC_MOUZA_002","plot":"SYN-002-0131","areaSqm":0,"real":false}},{"type":"Feature","geometry":{"type":"Polygon","coordinates":[[[87.703725,22.841465],[87.703725,22.848139],[87.710401,22.848139],[87.710401,22.841465],[87.703725,22.841465]]]},"properties":{"id":"SYN-ARAMBAGH-002-0132","block":"Goghat - I","mouza":"SYNTHETIC_MOUZA_002","plot":"SYN-002-0132","areaSqm":0,"real":false}},{"type":"Feature","geometry":{"type":"Polygon","coordinates":[[[87.703725,22.848139],[87.703725,22.854812],[87.710401,22.854812],[87.710401,22.848139],[87.703725,22.848139]]]},"properties":{"id":"SYN-ARAMBAGH-002-0133","block":"Goghat - I","mouza":"SYNTHETIC_MOUZA_002","plot":"SYN-002-0133","areaSqm":0,"real":false}},{"type":"Feature","geometry":{"type":"Polygon","coordinates":[[[87.703725,22.854812],[87.703725,22.861485],[87.710401,22.861485],[87.710401,22.854812],[87.703725,22.854812]]]},"properties":{"id":"SYN-ARAMBAGH-002-0134","block":"Goghat - I","mouza":"SYNTHETIC_MOUZA_002","plot":"SYN-002-0134","areaSqm":0,"real":false}},{"type":"Feature","geometry":{"type":"Polygon","coordinates":[[[87.703725,22.861485],[87.703725,22.868159],[87.710401,22.868159],[87.710401,22.861485],[87.703725,22.861485]]]},"properties":{"id":"SYN-ARAMBAGH-002-0135","block":"Goghat - I","mouza":"SYNTHETIC_MOUZA_002","plot":"SYN-002-0135","areaSqm":0,"real":false}},{"type":"Feature","geometry":{"type":"Polygon","coordinates":[[[87.703725,22.868159],[87.703725,22.874832],[87.710401,22.874832],[87.710401,22.868159],[87.703725,22.868159]]]},"properties":{"id":"SYN-ARAMBAGH-002-0136","block":"Goghat - I","mouza":"SYNTHETIC_MOUZA_002","plot":"SYN-002-0136","areaSqm":0,"real":false}},{"type":"Feature","geometry":{"type":"Polygon","coordinates":[[[87.703725,22.874832],[87.703725,22.881506],[87.710401,22.881506],[87.710401,22.874832],[87.703725,22.874832]]]},"properties":{"id":"SYN-ARAMBAGH-002-0137","block":"Goghat - I","mouza":"SYNTHETIC_MOUZA_002","plot":"SYN-002-0137","areaSqm":0,"real":false}},{"type":"Feature","geometry":{"type":"Polygon","coordinates":[[[87.703725,22.881506],[87.703725,22.888179],[87.710401,22.888179],[87.710401,22.881506],[87.703725,22.881506]]]},"properties":{"id":"SYN-ARAMBAGH-002-0138","block":"Goghat - I","mouza":"SYNTHETIC_MOUZA_002","plot":"SYN-002-0138","areaSqm":0,"real":false}},{"type":"Feature","geometry":{"type":"Polygon","coordinates":[[[87.703725,22.888179],[87.703725,22.894852],[87.710401,22.894852],[87.710401,22.888179],[87.703725,22.888179]]]},"properties":{"id":"SYN-ARAMBAGH-002-0139","block":"Goghat - I","mouza":"SYNTHETIC_MOUZA_002","plot":"SYN-002-0139","areaSqm":0,"real":false}},{"type":"Feature","geometry":{"type":"Polygon","coordinates":[[[87.703725,22.894852],[87.703725,22.901526],[87.710401,22.901526],[87.710401,22.894852],[87.703725,22.894852]]]},"properties":{"id":"SYN-ARAMBAGH-002-0140","block":"Goghat - I","mouza":"SYNTHETIC_MOUZA_002","plot":"SYN-002-0140","areaSqm":0,"real":false}},{"type":"Feature","geometry":{"type":"Polygon","coordinates":[[[87.703725,22.901526],[87.703725,22.908199],[87.710401,22.908199],[87.710401,22.901526],[87.703725,22.901526]]]},"properties":{"id":"SYN-ARAMBAGH-002-0141","block":"Goghat - I","mouza":"SYNTHETIC_MOUZA_002","plot":"SYN-002-0141","areaSqm":0,"real":false}},{"type":"Feature","geometry":{"type":"Polygon","coordinates":[[[87.703725,22.908199],[87.703725,22.914873],[87.710401,22.914873],[87.710401,22.908199],[87.703725,22.908199]]]},"properties":{"id":"SYN-ARAMBAGH-002-0142","block":"Goghat - I","mouza":"SYNTHETIC_MOUZA_002","plot":"SYN-002-0142","areaSqm":0,"real":false}},{"type":"Feature","geometry":{"type":"Polygon","coordinates":[[[87.703725,22.914873],[87.703725,22.921546],[87.710401,22.921546],[87.710401,22.914873],[87.703725,22.914873]]]},"properties":{"id":"SYN-ARAMBAGH-002-0143","block":"Goghat - I","mouza":"SYNTHETIC_MOUZA_002","plot":"SYN-002-0143","areaSqm":0,"real":false}},{"type":"Feature","geometry":{"type":"Polygon","coordinates":[[[87.703725,22.921546],[87.703725,22.92822],[87.710401,22.92822],[87.710401,22.921546],[87.703725,22.921546]]]},"properties":{"id":"SYN-ARAMBAGH-002-0144","block":"Goghat - I","mouza":"SYNTHETIC_MOUZA_002","plot":"SYN-002-0144","areaSqm":0,"real":false}},{"type":"Feature","geometry":{"type":"Polygon","coordinates":[[[87.703725,22.92822],[87.703725,22.934893],[87.710401,22.934893],[87.710401,22.92822],[87.703725,22.92822]]]},"properties":{"id":"SYN-ARAMBAGH-002-0145","block":"Goghat - I","mouza":"SYNTHETIC_MOUZA_002","plot":"SYN-002-0145","areaSqm":0,"real":false}},{"type":"Feature","geometry":{"type":"Polygon","coordinates":[[[87.703725,22.934893],[87.703725,22.941566],[87.710401,22.941566],[87.710401,22.934893],[87.703725,22.934893]]]},"properties":{"id":"SYN-ARAMBAGH-002-0146","block":"Goghat - I","mouza":"SYNTHETIC_MOUZA_002","plot":"SYN-002-0146","areaSqm":0,"real":false}},{"type":"Feature","geometry":{"type":"Polygon","coordinates":[[[87.703725,22.941566],[87.703725,22.94824],[87.710401,22.94824],[87.710401,22.941566],[87.703725,22.941566]]]},"properties":{"id":"SYN-ARAMBAGH-002-0147","block":"Goghat - I","mouza":"SYNTHETIC_MOUZA_002","plot":"SYN-002-0147","areaSqm":0,"real":false}},{"type":"Feature","geometry":{"type":"Polygon","coordinates":[[[87.703725,22.94824],[87.703725,22.954913],[87.710401,22.954913],[87.710401,22.94824],[87.703725,22.94824]]]},"properties":{"id":"SYN-ARAMBAGH-002-0148","block":"Goghat - I","mouza":"SYNTHETIC_MOUZA_002","plot":"SYN-002-0148","areaSqm":0,"real":false}},{"type":"Feature","geometry":{"type":"Polygon","coordinates":[[[87.703725,22.954913],[87.703725,22.961587],[87.710401,22.961587],[87.710401,22.954913],[87.703725,22.954913]]]},"properties":{"id":"SYN-ARAMBAGH-002-0149","block":"Goghat - I","mouza":"SYNTHETIC_MOUZA_002","plot":"SYN-002-0149","areaSqm":0,"real":false}},{"type":"Feature","geometry":{"type":"Polygon","coordinates":[[[87.703725,22.961587],[87.703725,22.96826],[87.710401,22.96826],[87.710401,22.961587],[87.703725,22.961587]]]},"properties":{"id":"SYN-ARAMBAGH-002-0150","block":"Goghat - I","mouza":"SYNTHETIC_MOUZA_002","plot":"SYN-002-0150","areaSqm":0,"real":false}},{"type":"Feature","geometry":{"type":"Polygon","coordinates":[[[87.710401,22.968847],[87.710401,22.96826],[87.703725,22.96826],[87.703725,22.969796],[87.710401,22.968847]]]},"properties":{"id":"SYN-ARAMBAGH-002-0151","block":"Goghat - I","mouza":"SYNTHETIC_MOUZA_002","plot":"SYN-002-0151","areaSqm":0,"real":false}},{"type":"Feature","geometry":{"type":"Polygon","coordinates":[[[87.710401,22.786025],[87.710401,22.788078],[87.717076,22.788078],[87.717076,22.787233],[87.710401,22.786025]]]},"properties":{"id":"SYN-ARAMBAGH-002-0152","block":"Goghat - I","mouza":"SYNTHETIC_MOUZA_002","plot":"SYN-002-0152","areaSqm":0,"real":false}},{"type":"Feature","geometry":{"type":"Polygon","coordinates":[[[87.710401,22.788078],[87.710401,22.794751],[87.717076,22.794751],[87.717076,22.788078],[87.710401,22.788078]]]},"properties":{"id":"SYN-ARAMBAGH-002-0153","block":"Goghat - I","mouza":"SYNTHETIC_MOUZA_002","plot":"SYN-002-0153","areaSqm":0,"real":false}},{"type":"Feature","geometry":{"type":"Polygon","coordinates":[[[87.710401,22.794751],[87.710401,22.801425],[87.717076,22.801425],[87.717076,22.794751],[87.710401,22.794751]]]},"properties":{"id":"SYN-ARAMBAGH-002-0154","block":"Goghat - I","mouza":"SYNTHETIC_MOUZA_002","plot":"SYN-002-0154","areaSqm":0,"real":false}},{"type":"Feature","geometry":{"type":"Polygon","coordinates":[[[87.710401,22.801425],[87.710401,22.808098],[87.717076,22.808098],[87.717076,22.801425],[87.710401,22.801425]]]},"properties":{"id":"SYN-ARAMBAGH-002-0155","block":"Goghat - I","mouza":"SYNTHETIC_MOUZA_002","plot":"SYN-002-0155","areaSqm":0,"real":false}},{"type":"Feature","geometry":{"type":"Polygon","coordinates":[[[87.710401,22.808098],[87.710401,22.814771],[87.717076,22.814771],[87.717076,22.808098],[87.710401,22.808098]]]},"properties":{"id":"SYN-ARAMBAGH-002-0156","block":"Goghat - I","mouza":"SYNTHETIC_MOUZA_002","plot":"SYN-002-0156","areaSqm":0,"real":false}},{"type":"Feature","geometry":{"type":"Polygon","coordinates":[[[87.710401,22.814771],[87.710401,22.821445],[87.717076,22.821445],[87.717076,22.814771],[87.710401,22.814771]]]},"properties":{"id":"SYN-ARAMBAGH-002-0157","block":"Goghat - I","mouza":"SYNTHETIC_MOUZA_002","plot":"SYN-002-0157","areaSqm":0,"real":false}},{"type":"Feature","geometry":{"type":"Polygon","coordinates":[[[87.710401,22.821445],[87.710401,22.828118],[87.717076,22.828118],[87.717076,22.821445],[87.710401,22.821445]]]},"properties":{"id":"SYN-ARAMBAGH-002-0158","block":"Goghat - I","mouza":"SYNTHETIC_MOUZA_002","plot":"SYN-002-0158","areaSqm":0,"real":false}},{"type":"Feature","geometry":{"type":"Polygon","coordinates":[[[87.710401,22.828118],[87.710401,22.834792],[87.717076,22.834792],[87.717076,22.828118],[87.710401,22.828118]]]},"properties":{"id":"SYN-ARAMBAGH-002-0159","block":"Goghat - I","mouza":"SYNTHETIC_MOUZA_002","plot":"SYN-002-0159","areaSqm":0,"real":false}},{"type":"Feature","geometry":{"type":"Polygon","coordinates":[[[87.710401,22.834792],[87.710401,22.841465],[87.717076,22.841465],[87.717076,22.834792],[87.710401,22.834792]]]},"properties":{"id":"SYN-ARAMBAGH-002-0160","block":"Goghat - I","mouza":"SYNTHETIC_MOUZA_002","plot":"SYN-002-0160","areaSqm":0,"real":false}},{"type":"Feature","geometry":{"type":"Polygon","coordinates":[[[87.710401,22.841465],[87.710401,22.848139],[87.717076,22.848139],[87.717076,22.841465],[87.710401,22.841465]]]},"properties":{"id":"SYN-ARAMBAGH-002-0161","block":"Goghat - I","mouza":"SYNTHETIC_MOUZA_002","plot":"SYN-002-0161","areaSqm":0,"real":false}},{"type":"Feature","geometry":{"type":"Polygon","coordinates":[[[87.710401,22.848139],[87.710401,22.854812],[87.717076,22.854812],[87.717076,22.848139],[87.710401,22.848139]]]},"properties":{"id":"SYN-ARAMBAGH-002-0162","block":"Goghat - I","mouza":"SYNTHETIC_MOUZA_002","plot":"SYN-002-0162","areaSqm":0,"real":false}},{"type":"Feature","geometry":{"type":"Polygon","coordinates":[[[87.710401,22.854812],[87.710401,22.861485],[87.717076,22.861485],[87.717076,22.854812],[87.710401,22.854812]]]},"properties":{"id":"SYN-ARAMBAGH-002-0163","block":"Goghat - I","mouza":"SYNTHETIC_MOUZA_002","plot":"SYN-002-0163","areaSqm":0,"real":false}},{"type":"Feature","geometry":{"type":"Polygon","coordinates":[[[87.710401,22.861485],[87.710401,22.868159],[87.717076,22.868159],[87.717076,22.861485],[87.710401,22.861485]]]},"properties":{"id":"SYN-ARAMBAGH-002-0164","block":"Goghat - I","mouza":"SYNTHETIC_MOUZA_002","plot":"SYN-002-0164","areaSqm":0,"real":false}},{"type":"Feature","geometry":{"type":"Polygon","coordinates":[[[87.710401,22.868159],[87.710401,22.874832],[87.717076,22.874832],[87.717076,22.868159],[87.710401,22.868159]]]},"properties":{"id":"SYN-ARAMBAGH-002-0165","block":"Goghat - I","mouza":"SYNTHETIC_MOUZA_002","plot":"SYN-002-0165","areaSqm":0,"real":false}},{"type":"Feature","geometry":{"type":"Polygon","coordinates":[[[87.710401,22.874832],[87.710401,22.881506],[87.717076,22.881506],[87.717076,22.874832],[87.710401,22.874832]]]},"properties":{"id":"SYN-ARAMBAGH-002-0166","block":"Goghat - I","mouza":"SYNTHETIC_MOUZA_002","plot":"SYN-002-0166","areaSqm":0,"real":false}},{"type":"Feature","geometry":{"type":"Polygon","coordinates":[[[87.710401,22.881506],[87.710401,22.888179],[87.717076,22.888179],[87.717076,22.881506],[87.710401,22.881506]]]},"properties":{"id":"SYN-ARAMBAGH-002-0167","block":"Goghat - I","mouza":"SYNTHETIC_MOUZA_002","plot":"SYN-002-0167","areaSqm":0,"real":false}},{"type":"Feature","geometry":{"type":"Polygon","coordinates":[[[87.710401,22.888179],[87.710401,22.894852],[87.717076,22.894852],[87.717076,22.888179],[87.710401,22.888179]]]},"properties":{"id":"SYN-ARAMBAGH-002-0168","block":"Goghat - I","mouza":"SYNTHETIC_MOUZA_002","plot":"SYN-002-0168","areaSqm":0,"real":false}},{"type":"Feature","geometry":{"type":"Polygon","coordinates":[[[87.710401,22.894852],[87.710401,22.901526],[87.717076,22.901526],[87.717076,22.894852],[87.710401,22.894852]]]},"properties":{"id":"SYN-ARAMBAGH-002-0169","block":"Goghat - I","mouza":"SYNTHETIC_MOUZA_002","plot":"SYN-002-0169","areaSqm":0,"real":false}},{"type":"Feature","geometry":{"type":"Polygon","coordinates":[[[87.710401,22.901526],[87.710401,22.908199],[87.717076,22.908199],[87.717076,22.901526],[87.710401,22.901526]]]},"properties":{"id":"SYN-ARAMBAGH-002-0170","block":"Goghat - I","mouza":"SYNTHETIC_MOUZA_002","plot":"SYN-002-0170","areaSqm":0,"real":false}},{"type":"Feature","geometry":{"type":"Polygon","coordinates":[[[87.710401,22.908199],[87.710401,22.914873],[87.717076,22.914873],[87.717076,22.908199],[87.710401,22.908199]]]},"properties":{"id":"SYN-ARAMBAGH-002-0171","block":"Goghat - I","mouza":"SYNTHETIC_MOUZA_002","plot":"SYN-002-0171","areaSqm":0,"real":false}},{"type":"Feature","geometry":{"type":"Polygon","coordinates":[[[87.710401,22.914873],[87.710401,22.921546],[87.717076,22.921546],[87.717076,22.914873],[87.710401,22.914873]]]},"properties":{"id":"SYN-ARAMBAGH-002-0172","block":"Goghat - I","mouza":"SYNTHETIC_MOUZA_002","plot":"SYN-002-0172","areaSqm":0,"real":false}},{"type":"Feature","geometry":{"type":"Polygon","coordinates":[[[87.710401,22.921546],[87.710401,22.92822],[87.717076,22.92822],[87.717076,22.921546],[87.710401,22.921546]]]},"properties":{"id":"SYN-ARAMBAGH-002-0173","block":"Goghat - I","mouza":"SYNTHETIC_MOUZA_002","plot":"SYN-002-0173","areaSqm":0,"real":false}},{"type":"Feature","geometry":{"type":"Polygon","coordinates":[[[87.710401,22.92822],[87.710401,22.934893],[87.717076,22.934893],[87.717076,22.92822],[87.710401,22.92822]]]},"properties":{"id":"SYN-ARAMBAGH-002-0174","block":"Goghat - I","mouza":"SYNTHETIC_MOUZA_002","plot":"SYN-002-0174","areaSqm":0,"real":false}},{"type":"Feature","geometry":{"type":"Polygon","coordinates":[[[87.710401,22.934893],[87.710401,22.941566],[87.717076,22.941566],[87.717076,22.934893],[87.710401,22.934893]]]},"properties":{"id":"SYN-ARAMBAGH-002-0175","block":"Goghat - I","mouza":"SYNTHETIC_MOUZA_002","plot":"SYN-002-0175","areaSqm":0,"real":false}},{"type":"Feature","geometry":{"type":"Polygon","coordinates":[[[87.710401,22.941566],[87.710401,22.94824],[87.717076,22.94824],[87.717076,22.941566],[87.710401,22.941566]]]},"properties":{"id":"SYN-ARAMBAGH-002-0176","block":"Goghat - I","mouza":"SYNTHETIC_MOUZA_002","plot":"SYN-002-0176","areaSqm":0,"real":false}},{"type":"Feature","geometry":{"type":"Polygon","coordinates":[[[87.710401,22.94824],[87.710401,22.954913],[87.717076,22.954913],[87.717076,22.94824],[87.710401,22.94824]]]},"properties":{"id":"SYN-ARAMBAGH-002-0177","block":"Goghat - I","mouza":"SYNTHETIC_MOUZA_002","plot":"SYN-002-0177","areaSqm":0,"real":false}},{"type":"Feature","geometry":{"type":"Polygon","coordinates":[[[87.710401,22.954913],[87.710401,22.961587],[87.717076,22.961587],[87.717076,22.954913],[87.710401,22.954913]]]},"properties":{"id":"SYN-ARAMBAGH-002-0178","block":"Goghat - I","mouza":"SYNTHETIC_MOUZA_002","plot":"SYN-002-0178","areaSqm":0,"real":false}},{"type":"Feature","geometry":{"type":"Polygon","coordinates":[[[87.710401,22.961587],[87.710401,22.96826],[87.717076,22.96826],[87.717076,22.961587],[87.710401,22.961587]]]},"properties":{"id":"SYN-ARAMBAGH-002-0179","block":"Goghat - I","mouza":"SYNTHETIC_MOUZA_002","plot":"SYN-002-0179","areaSqm":0,"real":false}},{"type":"Feature","geometry":{"type":"Polygon","coordinates":[[[87.712437,22.968557],[87.717076,22.973519],[87.717076,22.96826],[87.710401,22.96826],[87.710401,22.968847],[87.712437,22.968557]]]},"properties":{"id":"SYN-ARAMBAGH-002-0180","block":"Goghat - I","mouza":"SYNTHETIC_MOUZA_002","plot":"SYN-002-0180","areaSqm":0,"real":false}},{"type":"Feature","geometry":{"type":"Polygon","coordinates":[[[87.717076,22.787233],[87.717076,22.788078],[87.721748,22.788078],[87.717076,22.787233]]]},"properties":{"id":"SYN-ARAMBAGH-002-0181","block":"Goghat - I","mouza":"SYNTHETIC_MOUZA_002","plot":"SYN-002-0181","areaSqm":0,"real":false}},{"type":"Feature","geometry":{"type":"Polygon","coordinates":[[[87.721748,22.788078],[87.717076,22.788078],[87.717076,22.794751],[87.723752,22.794751],[87.723752,22.78844],[87.721748,22.788078]]]},"properties":{"id":"SYN-ARAMBAGH-002-0182","block":"Goghat - I","mouza":"SYNTHETIC_MOUZA_002","plot":"SYN-002-0182","areaSqm":0,"real":false}},{"type":"Feature","geometry":{"type":"Polygon","coordinates":[[[87.717076,22.794751],[87.717076,22.801425],[87.723752,22.801425],[87.723752,22.794751],[87.717076,22.794751]]]},"properties":{"id":"SYN-ARAMBAGH-002-0183","block":"Goghat - I","mouza":"SYNTHETIC_MOUZA_002","plot":"SYN-002-0183","areaSqm":0,"real":false}},{"type":"Feature","geometry":{"type":"Polygon","coordinates":[[[87.717076,22.801425],[87.717076,22.808098],[87.723752,22.808098],[87.723752,22.801425],[87.717076,22.801425]]]},"properties":{"id":"SYN-ARAMBAGH-002-0184","block":"Goghat - I","mouza":"SYNTHETIC_MOUZA_002","plot":"SYN-002-0184","areaSqm":0,"real":false}},{"type":"Feature","geometry":{"type":"Polygon","coordinates":[[[87.717076,22.808098],[87.717076,22.814771],[87.723752,22.814771],[87.723752,22.808098],[87.717076,22.808098]]]},"properties":{"id":"SYN-ARAMBAGH-002-0185","block":"Goghat - I","mouza":"SYNTHETIC_MOUZA_002","plot":"SYN-002-0185","areaSqm":0,"real":false}},{"type":"Feature","geometry":{"type":"Polygon","coordinates":[[[87.717076,22.814771],[87.717076,22.821445],[87.723752,22.821445],[87.723752,22.814771],[87.717076,22.814771]]]},"properties":{"id":"SYN-ARAMBAGH-002-0186","block":"Goghat - I","mouza":"SYNTHETIC_MOUZA_002","plot":"SYN-002-0186","areaSqm":0,"real":false}},{"type":"Feature","geometry":{"type":"Polygon","coordinates":[[[87.717076,22.821445],[87.717076,22.828118],[87.723752,22.828118],[87.723752,22.821445],[87.717076,22.821445]]]},"properties":{"id":"SYN-ARAMBAGH-002-0187","block":"Goghat - I","mouza":"SYNTHETIC_MOUZA_002","plot":"SYN-002-0187","areaSqm":0,"real":false}},{"type":"Feature","geometry":{"type":"Polygon","coordinates":[[[87.717076,22.828118],[87.717076,22.834792],[87.723752,22.834792],[87.723752,22.828118],[87.717076,22.828118]]]},"properties":{"id":"SYN-ARAMBAGH-002-0188","block":"Goghat - I","mouza":"SYNTHETIC_MOUZA_002","plot":"SYN-002-0188","areaSqm":0,"real":false}},{"type":"Feature","geometry":{"type":"Polygon","coordinates":[[[87.717076,22.834792],[87.717076,22.841465],[87.723752,22.841465],[87.723752,22.834792],[87.717076,22.834792]]]},"properties":{"id":"SYN-ARAMBAGH-002-0189","block":"Goghat - I","mouza":"SYNTHETIC_MOUZA_002","plot":"SYN-002-0189","areaSqm":0,"real":false}},{"type":"Feature","geometry":{"type":"Polygon","coordinates":[[[87.717076,22.841465],[87.717076,22.848139],[87.723752,22.848139],[87.723752,22.841465],[87.717076,22.841465]]]},"properties":{"id":"SYN-ARAMBAGH-002-0190","block":"Goghat - I","mouza":"SYNTHETIC_MOUZA_002","plot":"SYN-002-0190","areaSqm":0,"real":false}},{"type":"Feature","geometry":{"type":"Polygon","coordinates":[[[87.717076,22.848139],[87.717076,22.854812],[87.723752,22.854812],[87.723752,22.848139],[87.717076,22.848139]]]},"properties":{"id":"SYN-ARAMBAGH-002-0191","block":"Goghat - I","mouza":"SYNTHETIC_MOUZA_002","plot":"SYN-002-0191","areaSqm":0,"real":false}},{"type":"Feature","geometry":{"type":"Polygon","coordinates":[[[87.717076,22.854812],[87.717076,22.861485],[87.723752,22.861485],[87.723752,22.854812],[87.717076,22.854812]]]},"properties":{"id":"SYN-ARAMBAGH-002-0192","block":"Goghat - I","mouza":"SYNTHETIC_MOUZA_002","plot":"SYN-002-0192","areaSqm":0,"real":false}},{"type":"Feature","geometry":{"type":"Polygon","coordinates":[[[87.717076,22.861485],[87.717076,22.868159],[87.723752,22.868159],[87.723752,22.861485],[87.717076,22.861485]]]},"properties":{"id":"SYN-ARAMBAGH-002-0193","block":"Goghat - I","mouza":"SYNTHETIC_MOUZA_002","plot":"SYN-002-0193","areaSqm":0,"real":false}},{"type":"Feature","geometry":{"type":"Polygon","coordinates":[[[87.717076,22.868159],[87.717076,22.874832],[87.723752,22.874832],[87.723752,22.868159],[87.717076,22.868159]]]},"properties":{"id":"SYN-ARAMBAGH-002-0194","block":"Goghat - I","mouza":"SYNTHETIC_MOUZA_002","plot":"SYN-002-0194","areaSqm":0,"real":false}},{"type":"Feature","geometry":{"type":"Polygon","coordinates":[[[87.717076,22.874832],[87.717076,22.881506],[87.723752,22.881506],[87.723752,22.874832],[87.717076,22.874832]]]},"properties":{"id":"SYN-ARAMBAGH-002-0195","block":"Goghat - I","mouza":"SYNTHETIC_MOUZA_002","plot":"SYN-002-0195","areaSqm":0,"real":false}},{"type":"Feature","geometry":{"type":"Polygon","coordinates":[[[87.717076,22.881506],[87.717076,22.888179],[87.723752,22.888179],[87.723752,22.881506],[87.717076,22.881506]]]},"properties":{"id":"SYN-ARAMBAGH-002-0196","block":"Goghat - I","mouza":"SYNTHETIC_MOUZA_002","plot":"SYN-002-0196","areaSqm":0,"real":false}},{"type":"Feature","geometry":{"type":"Polygon","coordinates":[[[87.717076,22.888179],[87.717076,22.894852],[87.723752,22.894852],[87.723752,22.888179],[87.717076,22.888179]]]},"properties":{"id":"SYN-ARAMBAGH-002-0197","block":"Goghat - I","mouza":"SYNTHETIC_MOUZA_002","plot":"SYN-002-0197","areaSqm":0,"real":false}},{"type":"Feature","geometry":{"type":"Polygon","coordinates":[[[87.717076,22.894852],[87.717076,22.901526],[87.723752,22.901526],[87.723752,22.894852],[87.717076,22.894852]]]},"properties":{"id":"SYN-ARAMBAGH-002-0198","block":"Goghat - I","mouza":"SYNTHETIC_MOUZA_002","plot":"SYN-002-0198","areaSqm":0,"real":false}},{"type":"Feature","geometry":{"type":"Polygon","coordinates":[[[87.717076,22.901526],[87.717076,22.908199],[87.723752,22.908199],[87.723752,22.901526],[87.717076,22.901526]]]},"properties":{"id":"SYN-ARAMBAGH-002-0199","block":"Goghat - I","mouza":"SYNTHETIC_MOUZA_002","plot":"SYN-002-0199","areaSqm":0,"real":false}},{"type":"Feature","geometry":{"type":"Polygon","coordinates":[[[87.717076,22.908199],[87.717076,22.914873],[87.723752,22.914873],[87.723752,22.908199],[87.717076,22.908199]]]},"properties":{"id":"SYN-ARAMBAGH-002-0200","block":"Goghat - I","mouza":"SYNTHETIC_MOUZA_002","plot":"SYN-002-0200","areaSqm":0,"real":false}},{"type":"Feature","geometry":{"type":"Polygon","coordinates":[[[87.717076,22.914873],[87.717076,22.921546],[87.723752,22.921546],[87.723752,22.914873],[87.717076,22.914873]]]},"properties":{"id":"SYN-ARAMBAGH-002-0201","block":"Goghat - I","mouza":"SYNTHETIC_MOUZA_002","plot":"SYN-002-0201","areaSqm":0,"real":false}},{"type":"Feature","geometry":{"type":"Polygon","coordinates":[[[87.717076,22.921546],[87.717076,22.92822],[87.723752,22.92822],[87.723752,22.921546],[87.717076,22.921546]]]},"properties":{"id":"SYN-ARAMBAGH-002-0202","block":"Goghat - I","mouza":"SYNTHETIC_MOUZA_002","plot":"SYN-002-0202","areaSqm":0,"real":false}},{"type":"Feature","geometry":{"type":"Polygon","coordinates":[[[87.717076,22.92822],[87.717076,22.934893],[87.723752,22.934893],[87.723752,22.92822],[87.717076,22.92822]]]},"properties":{"id":"SYN-ARAMBAGH-002-0203","block":"Goghat - I","mouza":"SYNTHETIC_MOUZA_002","plot":"SYN-002-0203","areaSqm":0,"real":false}},{"type":"Feature","geometry":{"type":"Polygon","coordinates":[[[87.717076,22.934893],[87.717076,22.941566],[87.723752,22.941566],[87.723752,22.934893],[87.717076,22.934893]]]},"properties":{"id":"SYN-ARAMBAGH-002-0204","block":"Goghat - I","mouza":"SYNTHETIC_MOUZA_002","plot":"SYN-002-0204","areaSqm":0,"real":false}},{"type":"Feature","geometry":{"type":"Polygon","coordinates":[[[87.717076,22.941566],[87.717076,22.94824],[87.723752,22.94824],[87.723752,22.941566],[87.717076,22.941566]]]},"properties":{"id":"SYN-ARAMBAGH-002-0205","block":"Goghat - I","mouza":"SYNTHETIC_MOUZA_002","plot":"SYN-002-0205","areaSqm":0,"real":false}},{"type":"Feature","geometry":{"type":"Polygon","coordinates":[[[87.717076,22.94824],[87.717076,22.954913],[87.723752,22.954913],[87.723752,22.94824],[87.717076,22.94824]]]},"properties":{"id":"SYN-ARAMBAGH-002-0206","block":"Goghat - I","mouza":"SYNTHETIC_MOUZA_002","plot":"SYN-002-0206","areaSqm":0,"real":false}},{"type":"Feature","geometry":{"type":"Polygon","coordinates":[[[87.717076,22.954913],[87.717076,22.961587],[87.723752,22.961587],[87.723752,22.954913],[87.717076,22.954913]]]},"properties":{"id":"SYN-ARAMBAGH-002-0207","block":"Goghat - I","mouza":"SYNTHETIC_MOUZA_002","plot":"SYN-002-0207","areaSqm":0,"real":false}},{"type":"Feature","geometry":{"type":"Polygon","coordinates":[[[87.717076,22.961587],[87.717076,22.96826],[87.723752,22.96826],[87.723752,22.961587],[87.717076,22.961587]]]},"properties":{"id":"SYN-ARAMBAGH-002-0208","block":"Goghat - I","mouza":"SYNTHETIC_MOUZA_002","plot":"SYN-002-0208","areaSqm":0,"real":false}},{"type":"Feature","geometry":{"type":"Polygon","coordinates":[[[87.717206,22.973659],[87.723752,22.97249],[87.723752,22.96826],[87.717076,22.96826],[87.717076,22.973519],[87.717206,22.973659]]]},"properties":{"id":"SYN-ARAMBAGH-002-0209","block":"Goghat - I","mouza":"SYNTHETIC_MOUZA_002","plot":"SYN-002-0209","areaSqm":0,"real":false}},{"type":"Feature","geometry":{"type":"Polygon","coordinates":[[[87.729738,22.781404],[87.730427,22.781404],[87.730427,22.775051],[87.729332,22.774731],[87.729738,22.781404]]]},"properties":{"id":"SYN-ARAMBAGH-002-0210","block":"Goghat - I","mouza":"SYNTHETIC_MOUZA_002","plot":"SYN-002-0210","areaSqm":0,"real":false}},{"type":"Feature","geometry":{"type":"Polygon","coordinates":[[[87.729904,22.784126],[87.728683,22.787582],[87.727841,22.788078],[87.730427,22.788078],[87.730427,22.781404],[87.729738,22.781404],[87.729904,22.784126]]]},"properties":{"id":"SYN-ARAMBAGH-002-0211","block":"Goghat - I","mouza":"SYNTHETIC_MOUZA_002","plot":"SYN-002-0211","areaSqm":0,"real":false}},{"type":"Feature","geometry":{"type":"Polygon","coordinates":[[[87.72641,22.788921],[87.723752,22.78844],[87.723752,22.794751],[87.730427,22.794751],[87.730427,22.788078],[87.727841,22.788078],[87.72641,22.788921]]]},"properties":{"id":"SYN-ARAMBAGH-002-0212","block":"Goghat - I","mouza":"SYNTHETIC_MOUZA_002","plot":"SYN-002-0212","areaSqm":0,"real":false}},{"type":"Feature","geometry":{"type":"Polygon","coordinates":[[[87.723752,22.794751],[87.723752,22.801425],[87.730427,22.801425],[87.730427,22.794751],[87.723752,22.794751]]]},"properties":{"id":"SYN-ARAMBAGH-002-0213","block":"Goghat - I","mouza":"SYNTHETIC_MOUZA_002","plot":"SYN-002-0213","areaSqm":0,"real":false}},{"type":"Feature","geometry":{"type":"Polygon","coordinates":[[[87.723752,22.801425],[87.723752,22.808098],[87.730427,22.808098],[87.730427,22.801425],[87.723752,22.801425]]]},"properties":{"id":"SYN-ARAMBAGH-002-0214","block":"Goghat - I","mouza":"SYNTHETIC_MOUZA_002","plot":"SYN-002-0214","areaSqm":0,"real":false}},{"type":"Feature","geometry":{"type":"Polygon","coordinates":[[[87.723752,22.808098],[87.723752,22.814771],[87.730427,22.814771],[87.730427,22.808098],[87.723752,22.808098]]]},"properties":{"id":"SYN-ARAMBAGH-002-0215","block":"Goghat - I","mouza":"SYNTHETIC_MOUZA_002","plot":"SYN-002-0215","areaSqm":0,"real":false}},{"type":"Feature","geometry":{"type":"Polygon","coordinates":[[[87.723752,22.814771],[87.723752,22.821445],[87.730427,22.821445],[87.730427,22.814771],[87.723752,22.814771]]]},"properties":{"id":"SYN-ARAMBAGH-002-0216","block":"Goghat - I","mouza":"SYNTHETIC_MOUZA_002","plot":"SYN-002-0216","areaSqm":0,"real":false}},{"type":"Feature","geometry":{"type":"Polygon","coordinates":[[[87.723752,22.821445],[87.723752,22.828118],[87.730427,22.828118],[87.730427,22.821445],[87.723752,22.821445]]]},"properties":{"id":"SYN-ARAMBAGH-002-0217","block":"Goghat - I","mouza":"SYNTHETIC_MOUZA_002","plot":"SYN-002-0217","areaSqm":0,"real":false}},{"type":"Feature","geometry":{"type":"Polygon","coordinates":[[[87.723752,22.828118],[87.723752,22.834792],[87.730427,22.834792],[87.730427,22.828118],[87.723752,22.828118]]]},"properties":{"id":"SYN-ARAMBAGH-002-0218","block":"Goghat - I","mouza":"SYNTHETIC_MOUZA_002","plot":"SYN-002-0218","areaSqm":0,"real":false}},{"type":"Feature","geometry":{"type":"Polygon","coordinates":[[[87.723752,22.834792],[87.723752,22.841465],[87.730427,22.841465],[87.730427,22.834792],[87.723752,22.834792]]]},"properties":{"id":"SYN-ARAMBAGH-002-0219","block":"Goghat - I","mouza":"SYNTHETIC_MOUZA_002","plot":"SYN-002-0219","areaSqm":0,"real":false}},{"type":"Feature","geometry":{"type":"Polygon","coordinates":[[[87.723752,22.841465],[87.723752,22.848139],[87.730427,22.848139],[87.730427,22.841465],[87.723752,22.841465]]]},"properties":{"id":"SYN-ARAMBAGH-002-0220","block":"Goghat - I","mouza":"SYNTHETIC_MOUZA_002","plot":"SYN-002-0220","areaSqm":0,"real":false}},{"type":"Feature","geometry":{"type":"Polygon","coordinates":[[[87.723752,22.848139],[87.723752,22.854812],[87.730427,22.854812],[87.730427,22.848139],[87.723752,22.848139]]]},"properties":{"id":"SYN-ARAMBAGH-002-0221","block":"Goghat - I","mouza":"SYNTHETIC_MOUZA_002","plot":"SYN-002-0221","areaSqm":0,"real":false}},{"type":"Feature","geometry":{"type":"Polygon","coordinates":[[[87.723752,22.854812],[87.723752,22.861485],[87.730427,22.861485],[87.730427,22.854812],[87.723752,22.854812]]]},"properties":{"id":"SYN-ARAMBAGH-002-0222","block":"Goghat - I","mouza":"SYNTHETIC_MOUZA_002","plot":"SYN-002-0222","areaSqm":0,"real":false}},{"type":"Feature","geometry":{"type":"Polygon","coordinates":[[[87.723752,22.861485],[87.723752,22.868159],[87.730427,22.868159],[87.730427,22.861485],[87.723752,22.861485]]]},"properties":{"id":"SYN-ARAMBAGH-002-0223","block":"Goghat - I","mouza":"SYNTHETIC_MOUZA_002","plot":"SYN-002-0223","areaSqm":0,"real":false}},{"type":"Feature","geometry":{"type":"Polygon","coordinates":[[[87.723752,22.868159],[87.723752,22.874832],[87.730427,22.874832],[87.730427,22.868159],[87.723752,22.868159]]]},"properties":{"id":"SYN-ARAMBAGH-002-0224","block":"Goghat - I","mouza":"SYNTHETIC_MOUZA_002","plot":"SYN-002-0224","areaSqm":0,"real":false}},{"type":"Feature","geometry":{"type":"Polygon","coordinates":[[[87.723752,22.874832],[87.723752,22.881506],[87.730427,22.881506],[87.730427,22.874832],[87.723752,22.874832]]]},"properties":{"id":"SYN-ARAMBAGH-002-0225","block":"Goghat - I","mouza":"SYNTHETIC_MOUZA_002","plot":"SYN-002-0225","areaSqm":0,"real":false}},{"type":"Feature","geometry":{"type":"Polygon","coordinates":[[[87.723752,22.881506],[87.723752,22.888179],[87.730427,22.888179],[87.730427,22.881506],[87.723752,22.881506]]]},"properties":{"id":"SYN-ARAMBAGH-002-0226","block":"Goghat - I","mouza":"SYNTHETIC_MOUZA_002","plot":"SYN-002-0226","areaSqm":0,"real":false}},{"type":"Feature","geometry":{"type":"Polygon","coordinates":[[[87.723752,22.888179],[87.723752,22.894852],[87.730427,22.894852],[87.730427,22.888179],[87.723752,22.888179]]]},"properties":{"id":"SYN-ARAMBAGH-002-0227","block":"Goghat - I","mouza":"SYNTHETIC_MOUZA_002","plot":"SYN-002-0227","areaSqm":0,"real":false}},{"type":"Feature","geometry":{"type":"Polygon","coordinates":[[[87.723752,22.894852],[87.723752,22.901526],[87.730427,22.901526],[87.730427,22.894852],[87.723752,22.894852]]]},"properties":{"id":"SYN-ARAMBAGH-002-0228","block":"Goghat - I","mouza":"SYNTHETIC_MOUZA_002","plot":"SYN-002-0228","areaSqm":0,"real":false}},{"type":"Feature","geometry":{"type":"Polygon","coordinates":[[[87.723752,22.901526],[87.723752,22.908199],[87.730427,22.908199],[87.730427,22.901526],[87.723752,22.901526]]]},"properties":{"id":"SYN-ARAMBAGH-002-0229","block":"Goghat - I","mouza":"SYNTHETIC_MOUZA_002","plot":"SYN-002-0229","areaSqm":0,"real":false}},{"type":"Feature","geometry":{"type":"Polygon","coordinates":[[[87.723752,22.908199],[87.723752,22.914873],[87.730427,22.914873],[87.730427,22.908199],[87.723752,22.908199]]]},"properties":{"id":"SYN-ARAMBAGH-002-0230","block":"Goghat - I","mouza":"SYNTHETIC_MOUZA_002","plot":"SYN-002-0230","areaSqm":0,"real":false}},{"type":"Feature","geometry":{"type":"Polygon","coordinates":[[[87.723752,22.914873],[87.723752,22.921546],[87.730427,22.921546],[87.730427,22.914873],[87.723752,22.914873]]]},"properties":{"id":"SYN-ARAMBAGH-002-0231","block":"Goghat - I","mouza":"SYNTHETIC_MOUZA_002","plot":"SYN-002-0231","areaSqm":0,"real":false}},{"type":"Feature","geometry":{"type":"Polygon","coordinates":[[[87.723752,22.921546],[87.723752,22.92822],[87.730427,22.92822],[87.730427,22.921546],[87.723752,22.921546]]]},"properties":{"id":"SYN-ARAMBAGH-002-0232","block":"Goghat - I","mouza":"SYNTHETIC_MOUZA_002","plot":"SYN-002-0232","areaSqm":0,"real":false}},{"type":"Feature","geometry":{"type":"Polygon","coordinates":[[[87.723752,22.92822],[87.723752,22.934893],[87.730427,22.934893],[87.730427,22.92822],[87.723752,22.92822]]]},"properties":{"id":"SYN-ARAMBAGH-002-0233","block":"Goghat - I","mouza":"SYNTHETIC_MOUZA_002","plot":"SYN-002-0233","areaSqm":0,"real":false}},{"type":"Feature","geometry":{"type":"Polygon","coordinates":[[[87.723752,22.934893],[87.723752,22.941566],[87.730427,22.941566],[87.730427,22.934893],[87.723752,22.934893]]]},"properties":{"id":"SYN-ARAMBAGH-002-0234","block":"Goghat - I","mouza":"SYNTHETIC_MOUZA_002","plot":"SYN-002-0234","areaSqm":0,"real":false}},{"type":"Feature","geometry":{"type":"Polygon","coordinates":[[[87.723752,22.941566],[87.723752,22.94824],[87.730427,22.94824],[87.730427,22.941566],[87.723752,22.941566]]]},"properties":{"id":"SYN-ARAMBAGH-002-0235","block":"Goghat - I","mouza":"SYNTHETIC_MOUZA_002","plot":"SYN-002-0235","areaSqm":0,"real":false}},{"type":"Feature","geometry":{"type":"Polygon","coordinates":[[[87.723752,22.94824],[87.723752,22.954913],[87.730427,22.954913],[87.730427,22.94824],[87.723752,22.94824]]]},"properties":{"id":"SYN-ARAMBAGH-002-0236","block":"Goghat - I","mouza":"SYNTHETIC_MOUZA_002","plot":"SYN-002-0236","areaSqm":0,"real":false}},{"type":"Feature","geometry":{"type":"Polygon","coordinates":[[[87.723752,22.954913],[87.723752,22.961587],[87.730427,22.961587],[87.730427,22.954913],[87.723752,22.954913]]]},"properties":{"id":"SYN-ARAMBAGH-002-0237","block":"Goghat - I","mouza":"SYNTHETIC_MOUZA_002","plot":"SYN-002-0237","areaSqm":0,"real":false}},{"type":"Feature","geometry":{"type":"Polygon","coordinates":[[[87.723752,22.961587],[87.723752,22.96826],[87.730427,22.96826],[87.730427,22.961587],[87.723752,22.961587]]]},"properties":{"id":"SYN-ARAMBAGH-002-0238","block":"Goghat - I","mouza":"SYNTHETIC_MOUZA_002","plot":"SYN-002-0238","areaSqm":0,"real":false}},{"type":"Feature","geometry":{"type":"Polygon","coordinates":[[[87.730427,22.969222],[87.730427,22.96826],[87.723752,22.96826],[87.723752,22.97249],[87.723774,22.972486],[87.726938,22.974933],[87.730427,22.969222]]]},"properties":{"id":"SYN-ARAMBAGH-002-0239","block":"Goghat - I","mouza":"SYNTHETIC_MOUZA_002","plot":"SYN-002-0239","areaSqm":0,"real":false}},{"type":"Feature","geometry":{"type":"Polygon","coordinates":[[[87.730427,22.775051],[87.730427,22.781404],[87.737102,22.781404],[87.737102,22.777005],[87.730427,22.775051]]]},"properties":{"id":"SYN-ARAMBAGH-002-0240","block":"Goghat - I","mouza":"SYNTHETIC_MOUZA_002","plot":"SYN-002-0240","areaSqm":0,"real":false}},{"type":"Feature","geometry":{"type":"Polygon","coordinates":[[[87.730427,22.781404],[87.730427,22.788078],[87.737102,22.788078],[87.737102,22.781404],[87.730427,22.781404]]]},"properties":{"id":"SYN-ARAMBAGH-002-0241","block":"Goghat - I","mouza":"SYNTHETIC_MOUZA_002","plot":"SYN-002-0241","areaSqm":0,"real":false}},{"type":"Feature","geometry":{"type":"Polygon","coordinates":[[[87.730427,22.788078],[87.730427,22.794751],[87.737102,22.794751],[87.737102,22.788078],[87.730427,22.788078]]]},"properties":{"id":"SYN-ARAMBAGH-002-0242","block":"Goghat - I","mouza":"SYNTHETIC_MOUZA_002","plot":"SYN-002-0242","areaSqm":0,"real":false}},{"type":"Feature","geometry":{"type":"Polygon","coordinates":[[[87.730427,22.794751],[87.730427,22.801425],[87.737102,22.801425],[87.737102,22.794751],[87.730427,22.794751]]]},"properties":{"id":"SYN-ARAMBAGH-002-0243","block":"Goghat - I","mouza":"SYNTHETIC_MOUZA_002","plot":"SYN-002-0243","areaSqm":0,"real":false}},{"type":"Feature","geometry":{"type":"Polygon","coordinates":[[[87.730427,22.801425],[87.730427,22.808098],[87.737102,22.808098],[87.737102,22.801425],[87.730427,22.801425]]]},"properties":{"id":"SYN-ARAMBAGH-002-0244","block":"Goghat - I","mouza":"SYNTHETIC_MOUZA_002","plot":"SYN-002-0244","areaSqm":0,"real":false}},{"type":"Feature","geometry":{"type":"Polygon","coordinates":[[[87.730427,22.808098],[87.730427,22.814771],[87.737102,22.814771],[87.737102,22.808098],[87.730427,22.808098]]]},"properties":{"id":"SYN-ARAMBAGH-002-0245","block":"Goghat - I","mouza":"SYNTHETIC_MOUZA_002","plot":"SYN-002-0245","areaSqm":0,"real":false}},{"type":"Feature","geometry":{"type":"Polygon","coordinates":[[[87.730427,22.814771],[87.730427,22.821445],[87.737102,22.821445],[87.737102,22.814771],[87.730427,22.814771]]]},"properties":{"id":"SYN-ARAMBAGH-002-0246","block":"Goghat - I","mouza":"SYNTHETIC_MOUZA_002","plot":"SYN-002-0246","areaSqm":0,"real":false}},{"type":"Feature","geometry":{"type":"Polygon","coordinates":[[[87.730427,22.821445],[87.730427,22.828118],[87.737102,22.828118],[87.737102,22.821445],[87.730427,22.821445]]]},"properties":{"id":"SYN-ARAMBAGH-002-0247","block":"Goghat - I","mouza":"SYNTHETIC_MOUZA_002","plot":"SYN-002-0247","areaSqm":0,"real":false}},{"type":"Feature","geometry":{"type":"Polygon","coordinates":[[[87.730427,22.828118],[87.730427,22.834792],[87.737102,22.834792],[87.737102,22.828118],[87.730427,22.828118]]]},"properties":{"id":"SYN-ARAMBAGH-002-0248","block":"Goghat - I","mouza":"SYNTHETIC_MOUZA_002","plot":"SYN-002-0248","areaSqm":0,"real":false}},{"type":"Feature","geometry":{"type":"Polygon","coordinates":[[[87.730427,22.834792],[87.730427,22.841465],[87.737102,22.841465],[87.737102,22.834792],[87.730427,22.834792]]]},"properties":{"id":"SYN-ARAMBAGH-002-0249","block":"Goghat - I","mouza":"SYNTHETIC_MOUZA_002","plot":"SYN-002-0249","areaSqm":0,"real":false}},{"type":"Feature","geometry":{"type":"Polygon","coordinates":[[[87.730427,22.841465],[87.730427,22.848139],[87.737102,22.848139],[87.737102,22.841465],[87.730427,22.841465]]]},"properties":{"id":"SYN-ARAMBAGH-002-0250","block":"Goghat - I","mouza":"SYNTHETIC_MOUZA_002","plot":"SYN-002-0250","areaSqm":0,"real":false}},{"type":"Feature","geometry":{"type":"Polygon","coordinates":[[[87.730427,22.848139],[87.730427,22.854812],[87.737102,22.854812],[87.737102,22.848139],[87.730427,22.848139]]]},"properties":{"id":"SYN-ARAMBAGH-002-0251","block":"Goghat - I","mouza":"SYNTHETIC_MOUZA_002","plot":"SYN-002-0251","areaSqm":0,"real":false}},{"type":"Feature","geometry":{"type":"Polygon","coordinates":[[[87.730427,22.854812],[87.730427,22.861485],[87.737102,22.861485],[87.737102,22.854812],[87.730427,22.854812]]]},"properties":{"id":"SYN-ARAMBAGH-002-0252","block":"Goghat - I","mouza":"SYNTHETIC_MOUZA_002","plot":"SYN-002-0252","areaSqm":0,"real":false}},{"type":"Feature","geometry":{"type":"Polygon","coordinates":[[[87.730427,22.861485],[87.730427,22.868159],[87.737102,22.868159],[87.737102,22.861485],[87.730427,22.861485]]]},"properties":{"id":"SYN-ARAMBAGH-002-0253","block":"Goghat - I","mouza":"SYNTHETIC_MOUZA_002","plot":"SYN-002-0253","areaSqm":0,"real":false}},{"type":"Feature","geometry":{"type":"Polygon","coordinates":[[[87.730427,22.868159],[87.730427,22.874832],[87.737102,22.874832],[87.737102,22.868159],[87.730427,22.868159]]]},"properties":{"id":"SYN-ARAMBAGH-002-0254","block":"Goghat - I","mouza":"SYNTHETIC_MOUZA_002","plot":"SYN-002-0254","areaSqm":0,"real":false}},{"type":"Feature","geometry":{"type":"Polygon","coordinates":[[[87.730427,22.874832],[87.730427,22.881506],[87.737102,22.881506],[87.737102,22.874832],[87.730427,22.874832]]]},"properties":{"id":"SYN-ARAMBAGH-002-0255","block":"Goghat - I","mouza":"SYNTHETIC_MOUZA_002","plot":"SYN-002-0255","areaSqm":0,"real":false}},{"type":"Feature","geometry":{"type":"Polygon","coordinates":[[[87.730427,22.881506],[87.730427,22.888179],[87.737102,22.888179],[87.737102,22.881506],[87.730427,22.881506]]]},"properties":{"id":"SYN-ARAMBAGH-002-0256","block":"Goghat - I","mouza":"SYNTHETIC_MOUZA_002","plot":"SYN-002-0256","areaSqm":0,"real":false}},{"type":"Feature","geometry":{"type":"Polygon","coordinates":[[[87.730427,22.888179],[87.730427,22.894852],[87.737102,22.894852],[87.737102,22.888179],[87.730427,22.888179]]]},"properties":{"id":"SYN-ARAMBAGH-002-0257","block":"Goghat - I","mouza":"SYNTHETIC_MOUZA_002","plot":"SYN-002-0257","areaSqm":0,"real":false}},{"type":"Feature","geometry":{"type":"Polygon","coordinates":[[[87.730427,22.894852],[87.730427,22.901526],[87.737102,22.901526],[87.737102,22.894852],[87.730427,22.894852]]]},"properties":{"id":"SYN-ARAMBAGH-002-0258","block":"Goghat - I","mouza":"SYNTHETIC_MOUZA_002","plot":"SYN-002-0258","areaSqm":0,"real":false}},{"type":"Feature","geometry":{"type":"Polygon","coordinates":[[[87.730427,22.901526],[87.730427,22.908199],[87.737102,22.908199],[87.737102,22.901526],[87.730427,22.901526]]]},"properties":{"id":"SYN-ARAMBAGH-002-0259","block":"Goghat - I","mouza":"SYNTHETIC_MOUZA_002","plot":"SYN-002-0259","areaSqm":0,"real":false}},{"type":"Feature","geometry":{"type":"Polygon","coordinates":[[[87.730427,22.908199],[87.730427,22.914873],[87.737102,22.914873],[87.737102,22.908199],[87.730427,22.908199]]]},"properties":{"id":"SYN-ARAMBAGH-002-0260","block":"Goghat - I","mouza":"SYNTHETIC_MOUZA_002","plot":"SYN-002-0260","areaSqm":0,"real":false}},{"type":"Feature","geometry":{"type":"Polygon","coordinates":[[[87.730427,22.914873],[87.730427,22.921546],[87.737102,22.921546],[87.737102,22.914873],[87.730427,22.914873]]]},"properties":{"id":"SYN-ARAMBAGH-002-0261","block":"Goghat - I","mouza":"SYNTHETIC_MOUZA_002","plot":"SYN-002-0261","areaSqm":0,"real":false}},{"type":"Feature","geometry":{"type":"Polygon","coordinates":[[[87.730427,22.921546],[87.730427,22.92822],[87.737102,22.92822],[87.737102,22.921546],[87.730427,22.921546]]]},"properties":{"id":"SYN-ARAMBAGH-002-0262","block":"Goghat - I","mouza":"SYNTHETIC_MOUZA_002","plot":"SYN-002-0262","areaSqm":0,"real":false}},{"type":"Feature","geometry":{"type":"Polygon","coordinates":[[[87.730427,22.92822],[87.730427,22.934893],[87.737102,22.934893],[87.737102,22.92822],[87.730427,22.92822]]]},"properties":{"id":"SYN-ARAMBAGH-002-0263","block":"Goghat - I","mouza":"SYNTHETIC_MOUZA_002","plot":"SYN-002-0263","areaSqm":0,"real":false}},{"type":"Feature","geometry":{"type":"Polygon","coordinates":[[[87.730427,22.934893],[87.730427,22.941566],[87.737102,22.941566],[87.737102,22.934893],[87.730427,22.934893]]]},"properties":{"id":"SYN-ARAMBAGH-002-0264","block":"Goghat - I","mouza":"SYNTHETIC_MOUZA_002","plot":"SYN-002-0264","areaSqm":0,"real":false}},{"type":"Feature","geometry":{"type":"Polygon","coordinates":[[[87.730427,22.941566],[87.730427,22.94824],[87.737102,22.94824],[87.737102,22.941566],[87.730427,22.941566]]]},"properties":{"id":"SYN-ARAMBAGH-002-0265","block":"Goghat - I","mouza":"SYNTHETIC_MOUZA_002","plot":"SYN-002-0265","areaSqm":0,"real":false}},{"type":"Feature","geometry":{"type":"Polygon","coordinates":[[[87.730427,22.94824],[87.730427,22.954913],[87.737102,22.954913],[87.737102,22.94824],[87.730427,22.94824]]]},"properties":{"id":"SYN-ARAMBAGH-002-0266","block":"Goghat - I","mouza":"SYNTHETIC_MOUZA_002","plot":"SYN-002-0266","areaSqm":0,"real":false}},{"type":"Feature","geometry":{"type":"Polygon","coordinates":[[[87.733267,22.959079],[87.737102,22.960196],[87.737102,22.954913],[87.730427,22.954913],[87.730427,22.961587],[87.733594,22.961587],[87.733267,22.959079]]]},"properties":{"id":"SYN-ARAMBAGH-002-0267","block":"Goghat - I","mouza":"SYNTHETIC_MOUZA_002","plot":"SYN-002-0267","areaSqm":0,"real":false}},{"type":"Feature","geometry":{"type":"Polygon","coordinates":[[[87.733857,22.963607],[87.733594,22.961587],[87.730427,22.961587],[87.730427,22.96826],[87.731015,22.96826],[87.733857,22.963607]]]},"properties":{"id":"SYN-ARAMBAGH-002-0268","block":"Goghat - I","mouza":"SYNTHETIC_MOUZA_002","plot":"SYN-002-0268","areaSqm":0,"real":false}},{"type":"Feature","geometry":{"type":"Polygon","coordinates":[[[87.731015,22.96826],[87.730427,22.96826],[87.730427,22.969222],[87.731015,22.96826]]]},"properties":{"id":"SYN-ARAMBAGH-002-0269","block":"Goghat - I","mouza":"SYNTHETIC_MOUZA_002","plot":"SYN-002-0269","areaSqm":0,"real":false}},{"type":"Feature","geometry":{"type":"Polygon","coordinates":[[[87.742412,22.776437],[87.739037,22.777571],[87.737102,22.777005],[87.737102,22.781404],[87.74367,22.781404],[87.742412,22.776437]]]},"properties":{"id":"SYN-ARAMBAGH-002-0270","block":"Goghat - I","mouza":"SYNTHETIC_MOUZA_002","plot":"SYN-002-0270","areaSqm":0,"real":false}},{"type":"Feature","geometry":{"type":"Polygon","coordinates":[[[87.74367,22.781404],[87.737102,22.781404],[87.737102,22.788078],[87.743778,22.788078],[87.743778,22.781829],[87.74367,22.781404]]]},"properties":{"id":"SYN-ARAMBAGH-002-0271","block":"Goghat - I","mouza":"SYNTHETIC_MOUZA_002","plot":"SYN-002-0271","areaSqm":0,"real":false}},{"type":"Feature","geometry":{"type":"Polygon","coordinates":[[[87.737102,22.788078],[87.737102,22.794751],[87.743778,22.794751],[87.743778,22.788078],[87.737102,22.788078]]]},"properties":{"id":"SYN-ARAMBAGH-002-0272","block":"Goghat - I","mouza":"SYNTHETIC_MOUZA_002","plot":"SYN-002-0272","areaSqm":0,"real":false}},{"type":"Feature","geometry":{"type":"Polygon","coordinates":[[[87.737102,22.794751],[87.737102,22.801425],[87.743778,22.801425],[87.743778,22.794751],[87.737102,22.794751]]]},"properties":{"id":"SYN-ARAMBAGH-002-0273","block":"Goghat - I","mouza":"SYNTHETIC_MOUZA_002","plot":"SYN-002-0273","areaSqm":0,"real":false}},{"type":"Feature","geometry":{"type":"Polygon","coordinates":[[[87.737102,22.801425],[87.737102,22.808098],[87.743778,22.808098],[87.743778,22.801425],[87.737102,22.801425]]]},"properties":{"id":"SYN-ARAMBAGH-002-0274","block":"Goghat - I","mouza":"SYNTHETIC_MOUZA_002","plot":"SYN-002-0274","areaSqm":0,"real":false}},{"type":"Feature","geometry":{"type":"Polygon","coordinates":[[[87.737102,22.808098],[87.737102,22.814771],[87.743778,22.814771],[87.743778,22.808098],[87.737102,22.808098]]]},"properties":{"id":"SYN-ARAMBAGH-002-0275","block":"Goghat - I","mouza":"SYNTHETIC_MOUZA_002","plot":"SYN-002-0275","areaSqm":0,"real":false}},{"type":"Feature","geometry":{"type":"Polygon","coordinates":[[[87.737102,22.814771],[87.737102,22.821445],[87.743778,22.821445],[87.743778,22.814771],[87.737102,22.814771]]]},"properties":{"id":"SYN-ARAMBAGH-002-0276","block":"Goghat - I","mouza":"SYNTHETIC_MOUZA_002","plot":"SYN-002-0276","areaSqm":0,"real":false}},{"type":"Feature","geometry":{"type":"Polygon","coordinates":[[[87.737102,22.821445],[87.737102,22.828118],[87.743778,22.828118],[87.743778,22.821445],[87.737102,22.821445]]]},"properties":{"id":"SYN-ARAMBAGH-002-0277","block":"Goghat - I","mouza":"SYNTHETIC_MOUZA_002","plot":"SYN-002-0277","areaSqm":0,"real":false}},{"type":"Feature","geometry":{"type":"Polygon","coordinates":[[[87.737102,22.828118],[87.737102,22.834792],[87.743778,22.834792],[87.743778,22.828118],[87.737102,22.828118]]]},"properties":{"id":"SYN-ARAMBAGH-002-0278","block":"Goghat - I","mouza":"SYNTHETIC_MOUZA_002","plot":"SYN-002-0278","areaSqm":0,"real":false}},{"type":"Feature","geometry":{"type":"Polygon","coordinates":[[[87.737102,22.834792],[87.737102,22.841465],[87.743778,22.841465],[87.743778,22.834792],[87.737102,22.834792]]]},"properties":{"id":"SYN-ARAMBAGH-002-0279","block":"Goghat - I","mouza":"SYNTHETIC_MOUZA_002","plot":"SYN-002-0279","areaSqm":0,"real":false}},{"type":"Feature","geometry":{"type":"Polygon","coordinates":[[[87.737102,22.841465],[87.737102,22.848139],[87.743778,22.848139],[87.743778,22.841465],[87.737102,22.841465]]]},"properties":{"id":"SYN-ARAMBAGH-002-0280","block":"Goghat - I","mouza":"SYNTHETIC_MOUZA_002","plot":"SYN-002-0280","areaSqm":0,"real":false}},{"type":"Feature","geometry":{"type":"Polygon","coordinates":[[[87.737102,22.848139],[87.737102,22.854812],[87.743778,22.854812],[87.743778,22.848139],[87.737102,22.848139]]]},"properties":{"id":"SYN-ARAMBAGH-002-0281","block":"Goghat - I","mouza":"SYNTHETIC_MOUZA_002","plot":"SYN-002-0281","areaSqm":0,"real":false}},{"type":"Feature","geometry":{"type":"Polygon","coordinates":[[[87.737102,22.854812],[87.737102,22.861485],[87.743778,22.861485],[87.743778,22.854812],[87.737102,22.854812]]]},"properties":{"id":"SYN-ARAMBAGH-002-0282","block":"Goghat - I","mouza":"SYNTHETIC_MOUZA_002","plot":"SYN-002-0282","areaSqm":0,"real":false}},{"type":"Feature","geometry":{"type":"Polygon","coordinates":[[[87.737102,22.861485],[87.737102,22.868159],[87.743778,22.868159],[87.743778,22.861485],[87.737102,22.861485]]]},"properties":{"id":"SYN-ARAMBAGH-002-0283","block":"Goghat - I","mouza":"SYNTHETIC_MOUZA_002","plot":"SYN-002-0283","areaSqm":0,"real":false}},{"type":"Feature","geometry":{"type":"Polygon","coordinates":[[[87.737102,22.868159],[87.737102,22.874832],[87.743778,22.874832],[87.743778,22.868159],[87.737102,22.868159]]]},"properties":{"id":"SYN-ARAMBAGH-002-0284","block":"Goghat - I","mouza":"SYNTHETIC_MOUZA_002","plot":"SYN-002-0284","areaSqm":0,"real":false}},{"type":"Feature","geometry":{"type":"Polygon","coordinates":[[[87.737102,22.874832],[87.737102,22.881506],[87.743778,22.881506],[87.743778,22.874832],[87.737102,22.874832]]]},"properties":{"id":"SYN-ARAMBAGH-002-0285","block":"Goghat - I","mouza":"SYNTHETIC_MOUZA_002","plot":"SYN-002-0285","areaSqm":0,"real":false}},{"type":"Feature","geometry":{"type":"Polygon","coordinates":[[[87.737102,22.881506],[87.737102,22.888179],[87.743778,22.888179],[87.743778,22.881506],[87.737102,22.881506]]]},"properties":{"id":"SYN-ARAMBAGH-002-0286","block":"Goghat - I","mouza":"SYNTHETIC_MOUZA_002","plot":"SYN-002-0286","areaSqm":0,"real":false}},{"type":"Feature","geometry":{"type":"Polygon","coordinates":[[[87.737102,22.888179],[87.737102,22.894852],[87.743778,22.894852],[87.743778,22.888179],[87.737102,22.888179]]]},"properties":{"id":"SYN-ARAMBAGH-002-0287","block":"Goghat - I","mouza":"SYNTHETIC_MOUZA_002","plot":"SYN-002-0287","areaSqm":0,"real":false}},{"type":"Feature","geometry":{"type":"Polygon","coordinates":[[[87.737102,22.894852],[87.737102,22.901526],[87.743778,22.901526],[87.743778,22.894852],[87.737102,22.894852]]]},"properties":{"id":"SYN-ARAMBAGH-002-0288","block":"Goghat - I","mouza":"SYNTHETIC_MOUZA_002","plot":"SYN-002-0288","areaSqm":0,"real":false}},{"type":"Feature","geometry":{"type":"Polygon","coordinates":[[[87.737102,22.901526],[87.737102,22.908199],[87.743778,22.908199],[87.743778,22.901526],[87.737102,22.901526]]]},"properties":{"id":"SYN-ARAMBAGH-002-0289","block":"Goghat - I","mouza":"SYNTHETIC_MOUZA_002","plot":"SYN-002-0289","areaSqm":0,"real":false}},{"type":"Feature","geometry":{"type":"Polygon","coordinates":[[[87.737102,22.908199],[87.737102,22.914873],[87.743778,22.914873],[87.743778,22.908199],[87.737102,22.908199]]]},"properties":{"id":"SYN-ARAMBAGH-002-0290","block":"Goghat - I","mouza":"SYNTHETIC_MOUZA_002","plot":"SYN-002-0290","areaSqm":0,"real":false}},{"type":"Feature","geometry":{"type":"Polygon","coordinates":[[[87.737102,22.914873],[87.737102,22.921546],[87.743778,22.921546],[87.743778,22.914873],[87.737102,22.914873]]]},"properties":{"id":"SYN-ARAMBAGH-002-0291","block":"Goghat - I","mouza":"SYNTHETIC_MOUZA_002","plot":"SYN-002-0291","areaSqm":0,"real":false}},{"type":"Feature","geometry":{"type":"Polygon","coordinates":[[[87.737102,22.921546],[87.737102,22.92822],[87.743778,22.92822],[87.743778,22.921546],[87.737102,22.921546]]]},"properties":{"id":"SYN-ARAMBAGH-002-0292","block":"Goghat - I","mouza":"SYNTHETIC_MOUZA_002","plot":"SYN-002-0292","areaSqm":0,"real":false}},{"type":"Feature","geometry":{"type":"Polygon","coordinates":[[[87.737102,22.92822],[87.737102,22.934893],[87.743778,22.934893],[87.743778,22.92822],[87.737102,22.92822]]]},"properties":{"id":"SYN-ARAMBAGH-002-0293","block":"Goghat - I","mouza":"SYNTHETIC_MOUZA_002","plot":"SYN-002-0293","areaSqm":0,"real":false}},{"type":"Feature","geometry":{"type":"Polygon","coordinates":[[[87.737102,22.934893],[87.737102,22.941566],[87.743778,22.941566],[87.743778,22.934893],[87.737102,22.934893]]]},"properties":{"id":"SYN-ARAMBAGH-002-0294","block":"Goghat - I","mouza":"SYNTHETIC_MOUZA_002","plot":"SYN-002-0294","areaSqm":0,"real":false}},{"type":"Feature","geometry":{"type":"Polygon","coordinates":[[[87.737102,22.941566],[87.737102,22.94824],[87.743778,22.94824],[87.743778,22.941566],[87.737102,22.941566]]]},"properties":{"id":"SYN-ARAMBAGH-002-0295","block":"Goghat - I","mouza":"SYNTHETIC_MOUZA_002","plot":"SYN-002-0295","areaSqm":0,"real":false}},{"type":"Feature","geometry":{"type":"Polygon","coordinates":[[[87.737102,22.94824],[87.737102,22.954913],[87.743778,22.954913],[87.743778,22.94824],[87.737102,22.94824]]]},"properties":{"id":"SYN-ARAMBAGH-002-0296","block":"Goghat - I","mouza":"SYNTHETIC_MOUZA_002","plot":"SYN-002-0296","areaSqm":0,"real":false}},{"type":"Feature","geometry":{"type":"Polygon","coordinates":[[[87.741549,22.961491],[87.741646,22.961587],[87.743778,22.961587],[87.743778,22.954913],[87.737102,22.954913],[87.737102,22.960196],[87.741549,22.961491]]]},"properties":{"id":"SYN-ARAMBAGH-002-0297","block":"Goghat - I","mouza":"SYNTHETIC_MOUZA_002","plot":"SYN-002-0297","areaSqm":0,"real":false}},{"type":"Feature","geometry":{"type":"Polygon","coordinates":[[[87.743778,22.963681],[87.743778,22.961587],[87.741646,22.961587],[87.743778,22.963681]]]},"properties":{"id":"SYN-ARAMBAGH-002-0298","block":"Goghat - I","mouza":"SYNTHETIC_MOUZA_002","plot":"SYN-002-0298","areaSqm":0,"real":false}},{"type":"Feature","geometry":{"type":"Polygon","coordinates":[[[87.748574,22.78664],[87.744524,22.784777],[87.743778,22.781829],[87.743778,22.788078],[87.749682,22.788078],[87.748574,22.78664]]]},"properties":{"id":"SYN-ARAMBAGH-002-0299","block":"Goghat - I","mouza":"SYNTHETIC_MOUZA_002","plot":"SYN-002-0299","areaSqm":0,"real":false}},{"type":"Feature","geometry":{"type":"Polygon","coordinates":[[[87.749682,22.788078],[87.743778,22.788078],[87.743778,22.794751],[87.750453,22.794751],[87.750453,22.789078],[87.749682,22.788078]]]},"properties":{"id":"SYN-ARAMBAGH-002-0300","block":"Goghat - I","mouza":"SYNTHETIC_MOUZA_002","plot":"SYN-002-0300","areaSqm":0,"real":false}},{"type":"Feature","geometry":{"type":"Polygon","coordinates":[[[87.743778,22.794751],[87.743778,22.801425],[87.750453,22.801425],[87.750453,22.794751],[87.743778,22.794751]]]},"properties":{"id":"SYN-ARAMBAGH-002-0301","block":"Goghat - I","mouza":"SYNTHETIC_MOUZA_002","plot":"SYN-002-0301","areaSqm":0,"real":false}},{"type":"Feature","geometry":{"type":"Polygon","coordinates":[[[87.743778,22.801425],[87.743778,22.808098],[87.750453,22.808098],[87.750453,22.801425],[87.743778,22.801425]]]},"properties":{"id":"SYN-ARAMBAGH-002-0302","block":"Goghat - I","mouza":"SYNTHETIC_MOUZA_002","plot":"SYN-002-0302","areaSqm":0,"real":false}},{"type":"Feature","geometry":{"type":"Polygon","coordinates":[[[87.743778,22.808098],[87.743778,22.814771],[87.750453,22.814771],[87.750453,22.808098],[87.743778,22.808098]]]},"properties":{"id":"SYN-ARAMBAGH-002-0303","block":"Goghat - I","mouza":"SYNTHETIC_MOUZA_002","plot":"SYN-002-0303","areaSqm":0,"real":false}},{"type":"Feature","geometry":{"type":"Polygon","coordinates":[[[87.743778,22.814771],[87.743778,22.821445],[87.750453,22.821445],[87.750453,22.814771],[87.743778,22.814771]]]},"properties":{"id":"SYN-ARAMBAGH-002-0304","block":"Goghat - I","mouza":"SYNTHETIC_MOUZA_002","plot":"SYN-002-0304","areaSqm":0,"real":false}},{"type":"Feature","geometry":{"type":"Polygon","coordinates":[[[87.743778,22.821445],[87.743778,22.828118],[87.750453,22.828118],[87.750453,22.821445],[87.743778,22.821445]]]},"properties":{"id":"SYN-ARAMBAGH-002-0305","block":"Goghat - I","mouza":"SYNTHETIC_MOUZA_002","plot":"SYN-002-0305","areaSqm":0,"real":false}},{"type":"Feature","geometry":{"type":"Polygon","coordinates":[[[87.743778,22.828118],[87.743778,22.834792],[87.750453,22.834792],[87.750453,22.828118],[87.743778,22.828118]]]},"properties":{"id":"SYN-ARAMBAGH-002-0306","block":"Goghat - I","mouza":"SYNTHETIC_MOUZA_002","plot":"SYN-002-0306","areaSqm":0,"real":false}},{"type":"Feature","geometry":{"type":"Polygon","coordinates":[[[87.743778,22.834792],[87.743778,22.841465],[87.750453,22.841465],[87.750453,22.834792],[87.743778,22.834792]]]},"properties":{"id":"SYN-ARAMBAGH-002-0307","block":"Goghat - I","mouza":"SYNTHETIC_MOUZA_002","plot":"SYN-002-0307","areaSqm":0,"real":false}},{"type":"Feature","geometry":{"type":"Polygon","coordinates":[[[87.743778,22.841465],[87.743778,22.848139],[87.750453,22.848139],[87.750453,22.841465],[87.743778,22.841465]]]},"properties":{"id":"SYN-ARAMBAGH-002-0308","block":"Goghat - I","mouza":"SYNTHETIC_MOUZA_002","plot":"SYN-002-0308","areaSqm":0,"real":false}},{"type":"Feature","geometry":{"type":"Polygon","coordinates":[[[87.743778,22.848139],[87.743778,22.854812],[87.750453,22.854812],[87.750453,22.848139],[87.743778,22.848139]]]},"properties":{"id":"SYN-ARAMBAGH-002-0309","block":"Goghat - I","mouza":"SYNTHETIC_MOUZA_002","plot":"SYN-002-0309","areaSqm":0,"real":false}},{"type":"Feature","geometry":{"type":"Polygon","coordinates":[[[87.743778,22.854812],[87.743778,22.861485],[87.750453,22.861485],[87.750453,22.854812],[87.743778,22.854812]]]},"properties":{"id":"SYN-ARAMBAGH-002-0310","block":"Goghat - I","mouza":"SYNTHETIC_MOUZA_002","plot":"SYN-002-0310","areaSqm":0,"real":false}},{"type":"Feature","geometry":{"type":"Polygon","coordinates":[[[87.743778,22.861485],[87.743778,22.868159],[87.750453,22.868159],[87.750453,22.861485],[87.743778,22.861485]]]},"properties":{"id":"SYN-ARAMBAGH-002-0311","block":"Goghat - I","mouza":"SYNTHETIC_MOUZA_002","plot":"SYN-002-0311","areaSqm":0,"real":false}},{"type":"Feature","geometry":{"type":"Polygon","coordinates":[[[87.743778,22.868159],[87.743778,22.874832],[87.750453,22.874832],[87.750453,22.868159],[87.743778,22.868159]]]},"properties":{"id":"SYN-ARAMBAGH-002-0312","block":"Goghat - I","mouza":"SYNTHETIC_MOUZA_002","plot":"SYN-002-0312","areaSqm":0,"real":false}},{"type":"Feature","geometry":{"type":"Polygon","coordinates":[[[87.743778,22.874832],[87.743778,22.881506],[87.750453,22.881506],[87.750453,22.874832],[87.743778,22.874832]]]},"properties":{"id":"SYN-ARAMBAGH-002-0313","block":"Goghat - I","mouza":"SYNTHETIC_MOUZA_002","plot":"SYN-002-0313","areaSqm":0,"real":false}},{"type":"Feature","geometry":{"type":"Polygon","coordinates":[[[87.743778,22.881506],[87.743778,22.888179],[87.750453,22.888179],[87.750453,22.881506],[87.743778,22.881506]]]},"properties":{"id":"SYN-ARAMBAGH-002-0314","block":"Goghat - I","mouza":"SYNTHETIC_MOUZA_002","plot":"SYN-002-0314","areaSqm":0,"real":false}},{"type":"Feature","geometry":{"type":"Polygon","coordinates":[[[87.743778,22.888179],[87.743778,22.894852],[87.750453,22.894852],[87.750453,22.888179],[87.743778,22.888179]]]},"properties":{"id":"SYN-ARAMBAGH-002-0315","block":"Goghat - I","mouza":"SYNTHETIC_MOUZA_002","plot":"SYN-002-0315","areaSqm":0,"real":false}},{"type":"Feature","geometry":{"type":"Polygon","coordinates":[[[87.743778,22.894852],[87.743778,22.901526],[87.750453,22.901526],[87.750453,22.894852],[87.743778,22.894852]]]},"properties":{"id":"SYN-ARAMBAGH-002-0316","block":"Goghat - I","mouza":"SYNTHETIC_MOUZA_002","plot":"SYN-002-0316","areaSqm":0,"real":false}},{"type":"Feature","geometry":{"type":"Polygon","coordinates":[[[87.743778,22.901526],[87.743778,22.908199],[87.750453,22.908199],[87.750453,22.901526],[87.743778,22.901526]]]},"properties":{"id":"SYN-ARAMBAGH-002-0317","block":"Goghat - I","mouza":"SYNTHETIC_MOUZA_002","plot":"SYN-002-0317","areaSqm":0,"real":false}},{"type":"Feature","geometry":{"type":"Polygon","coordinates":[[[87.743778,22.908199],[87.743778,22.914873],[87.750453,22.914873],[87.750453,22.908199],[87.743778,22.908199]]]},"properties":{"id":"SYN-ARAMBAGH-002-0318","block":"Goghat - I","mouza":"SYNTHETIC_MOUZA_002","plot":"SYN-002-0318","areaSqm":0,"real":false}},{"type":"Feature","geometry":{"type":"Polygon","coordinates":[[[87.743778,22.914873],[87.743778,22.921546],[87.750453,22.921546],[87.750453,22.914873],[87.743778,22.914873]]]},"properties":{"id":"SYN-ARAMBAGH-002-0319","block":"Goghat - I","mouza":"SYNTHETIC_MOUZA_002","plot":"SYN-002-0319","areaSqm":0,"real":false}},{"type":"Feature","geometry":{"type":"Polygon","coordinates":[[[87.743778,22.921546],[87.743778,22.92822],[87.750453,22.92822],[87.750453,22.921546],[87.743778,22.921546]]]},"properties":{"id":"SYN-ARAMBAGH-002-0320","block":"Goghat - I","mouza":"SYNTHETIC_MOUZA_002","plot":"SYN-002-0320","areaSqm":0,"real":false}},{"type":"Feature","geometry":{"type":"Polygon","coordinates":[[[87.743778,22.92822],[87.743778,22.934893],[87.750453,22.934893],[87.750453,22.92822],[87.743778,22.92822]]]},"properties":{"id":"SYN-ARAMBAGH-002-0321","block":"Goghat - I","mouza":"SYNTHETIC_MOUZA_002","plot":"SYN-002-0321","areaSqm":0,"real":false}},{"type":"Feature","geometry":{"type":"Polygon","coordinates":[[[87.743778,22.934893],[87.743778,22.941566],[87.750453,22.941566],[87.750453,22.934893],[87.743778,22.934893]]]},"properties":{"id":"SYN-ARAMBAGH-002-0322","block":"Goghat - I","mouza":"SYNTHETIC_MOUZA_002","plot":"SYN-002-0322","areaSqm":0,"real":false}},{"type":"Feature","geometry":{"type":"Polygon","coordinates":[[[87.743778,22.941566],[87.743778,22.94824],[87.750453,22.94824],[87.750453,22.941566],[87.743778,22.941566]]]},"properties":{"id":"SYN-ARAMBAGH-002-0323","block":"Goghat - I","mouza":"SYNTHETIC_MOUZA_002","plot":"SYN-002-0323","areaSqm":0,"real":false}},{"type":"Feature","geometry":{"type":"Polygon","coordinates":[[[87.743778,22.94824],[87.743778,22.954913],[87.750453,22.954913],[87.750453,22.94824],[87.743778,22.94824]]]},"properties":{"id":"SYN-ARAMBAGH-002-0324","block":"Goghat - I","mouza":"SYNTHETIC_MOUZA_002","plot":"SYN-002-0324","areaSqm":0,"real":false}},{"type":"Feature","geometry":{"type":"Polygon","coordinates":[[[87.750453,22.960944],[87.750453,22.954913],[87.743778,22.954913],[87.743778,22.961587],[87.749349,22.961587],[87.750453,22.960944]]]},"properties":{"id":"SYN-ARAMBAGH-002-0325","block":"Goghat - I","mouza":"SYNTHETIC_MOUZA_002","plot":"SYN-002-0325","areaSqm":0,"real":false}},{"type":"Feature","geometry":{"type":"Polygon","coordinates":[[[87.744512,22.964402],[87.749349,22.961587],[87.743778,22.961587],[87.743778,22.963681],[87.744512,22.964402]]]},"properties":{"id":"SYN-ARAMBAGH-002-0326","block":"Goghat - I","mouza":"SYNTHETIC_MOUZA_002","plot":"SYN-002-0326","areaSqm":0,"real":false}},{"type":"Feature","geometry":{"type":"Polygon","coordinates":[[[87.753716,22.791075],[87.751134,22.789961],[87.750453,22.789078],[87.750453,22.794751],[87.757129,22.794751],[87.757129,22.79068],[87.753716,22.791075]]]},"properties":{"id":"SYN-ARAMBAGH-002-0327","block":"Goghat - I","mouza":"SYNTHETIC_MOUZA_002","plot":"SYN-002-0327","areaSqm":0,"real":false}},{"type":"Feature","geometry":{"type":"Polygon","coordinates":[[[87.750453,22.794751],[87.750453,22.801425],[87.757129,22.801425],[87.757129,22.794751],[87.750453,22.794751]]]},"properties":{"id":"SYN-ARAMBAGH-002-0328","block":"Goghat - I","mouza":"SYNTHETIC_MOUZA_002","plot":"SYN-002-0328","areaSqm":0,"real":false}},{"type":"Feature","geometry":{"type":"Polygon","coordinates":[[[87.750453,22.801425],[87.750453,22.808098],[87.757129,22.808098],[87.757129,22.801425],[87.750453,22.801425]]]},"properties":{"id":"SYN-ARAMBAGH-002-0329","block":"Goghat - I","mouza":"SYNTHETIC_MOUZA_002","plot":"SYN-002-0329","areaSqm":0,"real":false}},{"type":"Feature","geometry":{"type":"Polygon","coordinates":[[[87.750453,22.808098],[87.750453,22.814771],[87.757129,22.814771],[87.757129,22.808098],[87.750453,22.808098]]]},"properties":{"id":"SYN-ARAMBAGH-002-0330","block":"Goghat - I","mouza":"SYNTHETIC_MOUZA_002","plot":"SYN-002-0330","areaSqm":0,"real":false}},{"type":"Feature","geometry":{"type":"Polygon","coordinates":[[[87.750453,22.814771],[87.750453,22.821445],[87.757129,22.821445],[87.757129,22.814771],[87.750453,22.814771]]]},"properties":{"id":"SYN-ARAMBAGH-002-0331","block":"Goghat - I","mouza":"SYNTHETIC_MOUZA_002","plot":"SYN-002-0331","areaSqm":0,"real":false}},{"type":"Feature","geometry":{"type":"Polygon","coordinates":[[[87.750453,22.821445],[87.750453,22.828118],[87.757129,22.828118],[87.757129,22.821445],[87.750453,22.821445]]]},"properties":{"id":"SYN-ARAMBAGH-002-0332","block":"Goghat - I","mouza":"SYNTHETIC_MOUZA_002","plot":"SYN-002-0332","areaSqm":0,"real":false}},{"type":"Feature","geometry":{"type":"Polygon","coordinates":[[[87.750453,22.828118],[87.750453,22.834792],[87.757129,22.834792],[87.757129,22.828118],[87.750453,22.828118]]]},"properties":{"id":"SYN-ARAMBAGH-002-0333","block":"Goghat - I","mouza":"SYNTHETIC_MOUZA_002","plot":"SYN-002-0333","areaSqm":0,"real":false}},{"type":"Feature","geometry":{"type":"Polygon","coordinates":[[[87.750453,22.834792],[87.750453,22.841465],[87.757129,22.841465],[87.757129,22.834792],[87.750453,22.834792]]]},"properties":{"id":"SYN-ARAMBAGH-002-0334","block":"Goghat - I","mouza":"SYNTHETIC_MOUZA_002","plot":"SYN-002-0334","areaSqm":0,"real":false}},{"type":"Feature","geometry":{"type":"Polygon","coordinates":[[[87.750453,22.841465],[87.750453,22.848139],[87.757129,22.848139],[87.757129,22.841465],[87.750453,22.841465]]]},"properties":{"id":"SYN-ARAMBAGH-002-0335","block":"Goghat - I","mouza":"SYNTHETIC_MOUZA_002","plot":"SYN-002-0335","areaSqm":0,"real":false}},{"type":"Feature","geometry":{"type":"Polygon","coordinates":[[[87.750453,22.848139],[87.750453,22.854812],[87.757129,22.854812],[87.757129,22.848139],[87.750453,22.848139]]]},"properties":{"id":"SYN-ARAMBAGH-002-0336","block":"Goghat - I","mouza":"SYNTHETIC_MOUZA_002","plot":"SYN-002-0336","areaSqm":0,"real":false}},{"type":"Feature","geometry":{"type":"Polygon","coordinates":[[[87.750453,22.854812],[87.750453,22.861485],[87.757129,22.861485],[87.757129,22.854812],[87.750453,22.854812]]]},"properties":{"id":"SYN-ARAMBAGH-002-0337","block":"Goghat - I","mouza":"SYNTHETIC_MOUZA_002","plot":"SYN-002-0337","areaSqm":0,"real":false}},{"type":"Feature","geometry":{"type":"Polygon","coordinates":[[[87.750453,22.861485],[87.750453,22.868159],[87.757129,22.868159],[87.757129,22.861485],[87.750453,22.861485]]]},"properties":{"id":"SYN-ARAMBAGH-002-0338","block":"Goghat - I","mouza":"SYNTHETIC_MOUZA_002","plot":"SYN-002-0338","areaSqm":0,"real":false}},{"type":"Feature","geometry":{"type":"Polygon","coordinates":[[[87.750453,22.868159],[87.750453,22.874832],[87.757129,22.874832],[87.757129,22.868159],[87.750453,22.868159]]]},"properties":{"id":"SYN-ARAMBAGH-002-0339","block":"Goghat - I","mouza":"SYNTHETIC_MOUZA_002","plot":"SYN-002-0339","areaSqm":0,"real":false}},{"type":"Feature","geometry":{"type":"Polygon","coordinates":[[[87.750453,22.874832],[87.750453,22.881506],[87.757129,22.881506],[87.757129,22.874832],[87.750453,22.874832]]]},"properties":{"id":"SYN-ARAMBAGH-002-0340","block":"Goghat - I","mouza":"SYNTHETIC_MOUZA_002","plot":"SYN-002-0340","areaSqm":0,"real":false}},{"type":"Feature","geometry":{"type":"Polygon","coordinates":[[[87.750453,22.881506],[87.750453,22.888179],[87.757129,22.888179],[87.757129,22.881506],[87.750453,22.881506]]]},"properties":{"id":"SYN-ARAMBAGH-002-0341","block":"Goghat - I","mouza":"SYNTHETIC_MOUZA_002","plot":"SYN-002-0341","areaSqm":0,"real":false}},{"type":"Feature","geometry":{"type":"Polygon","coordinates":[[[87.750453,22.888179],[87.750453,22.894852],[87.757129,22.894852],[87.757129,22.888179],[87.750453,22.888179]]]},"properties":{"id":"SYN-ARAMBAGH-002-0342","block":"Goghat - I","mouza":"SYNTHETIC_MOUZA_002","plot":"SYN-002-0342","areaSqm":0,"real":false}},{"type":"Feature","geometry":{"type":"Polygon","coordinates":[[[87.750453,22.894852],[87.750453,22.901526],[87.757129,22.901526],[87.757129,22.894852],[87.750453,22.894852]]]},"properties":{"id":"SYN-ARAMBAGH-002-0343","block":"Goghat - I","mouza":"SYNTHETIC_MOUZA_002","plot":"SYN-002-0343","areaSqm":0,"real":false}},{"type":"Feature","geometry":{"type":"Polygon","coordinates":[[[87.750453,22.901526],[87.750453,22.908199],[87.757129,22.908199],[87.757129,22.901526],[87.750453,22.901526]]]},"properties":{"id":"SYN-ARAMBAGH-002-0344","block":"Goghat - I","mouza":"SYNTHETIC_MOUZA_002","plot":"SYN-002-0344","areaSqm":0,"real":false}},{"type":"Feature","geometry":{"type":"Polygon","coordinates":[[[87.750453,22.908199],[87.750453,22.914873],[87.757129,22.914873],[87.757129,22.908199],[87.750453,22.908199]]]},"properties":{"id":"SYN-ARAMBAGH-002-0345","block":"Goghat - I","mouza":"SYNTHETIC_MOUZA_002","plot":"SYN-002-0345","areaSqm":0,"real":false}},{"type":"Feature","geometry":{"type":"Polygon","coordinates":[[[87.750453,22.914873],[87.750453,22.921546],[87.757129,22.921546],[87.757129,22.914873],[87.750453,22.914873]]]},"properties":{"id":"SYN-ARAMBAGH-002-0346","block":"Goghat - I","mouza":"SYNTHETIC_MOUZA_002","plot":"SYN-002-0346","areaSqm":0,"real":false}},{"type":"Feature","geometry":{"type":"Polygon","coordinates":[[[87.750453,22.921546],[87.750453,22.92822],[87.757129,22.92822],[87.757129,22.921546],[87.750453,22.921546]]]},"properties":{"id":"SYN-ARAMBAGH-002-0347","block":"Goghat - I","mouza":"SYNTHETIC_MOUZA_002","plot":"SYN-002-0347","areaSqm":0,"real":false}},{"type":"Feature","geometry":{"type":"Polygon","coordinates":[[[87.750453,22.92822],[87.750453,22.934893],[87.757129,22.934893],[87.757129,22.92822],[87.750453,22.92822]]]},"properties":{"id":"SYN-ARAMBAGH-002-0348","block":"Goghat - I","mouza":"SYNTHETIC_MOUZA_002","plot":"SYN-002-0348","areaSqm":0,"real":false}},{"type":"Feature","geometry":{"type":"Polygon","coordinates":[[[87.750453,22.934893],[87.750453,22.941566],[87.757129,22.941566],[87.757129,22.934893],[87.750453,22.934893]]]},"properties":{"id":"SYN-ARAMBAGH-002-0349","block":"Goghat - I","mouza":"SYNTHETIC_MOUZA_002","plot":"SYN-002-0349","areaSqm":0,"real":false}},{"type":"Feature","geometry":{"type":"Polygon","coordinates":[[[87.750453,22.941566],[87.750453,22.94824],[87.757129,22.94824],[87.757129,22.941566],[87.750453,22.941566]]]},"properties":{"id":"SYN-ARAMBAGH-002-0350","block":"Goghat - I","mouza":"SYNTHETIC_MOUZA_002","plot":"SYN-002-0350","areaSqm":0,"real":false}},{"type":"Feature","geometry":{"type":"Polygon","coordinates":[[[87.750453,22.94824],[87.750453,22.954913],[87.757129,22.954913],[87.757129,22.94824],[87.750453,22.94824]]]},"properties":{"id":"SYN-ARAMBAGH-002-0351","block":"Goghat - I","mouza":"SYNTHETIC_MOUZA_002","plot":"SYN-002-0351","areaSqm":0,"real":false}},{"type":"Feature","geometry":{"type":"Polygon","coordinates":[[[87.752083,22.959995],[87.757129,22.960254],[87.757129,22.954913],[87.750453,22.954913],[87.750453,22.960944],[87.752083,22.959995]]]},"properties":{"id":"SYN-ARAMBAGH-002-0352","block":"Goghat - I","mouza":"SYNTHETIC_MOUZA_002","plot":"SYN-002-0352","areaSqm":0,"real":false}},{"type":"Feature","geometry":{"type":"Polygon","coordinates":[[[87.760922,22.790241],[87.757129,22.79068],[87.757129,22.794751],[87.763804,22.794751],[87.763804,22.792634],[87.760922,22.790241]]]},"properties":{"id":"SYN-ARAMBAGH-002-0353","block":"Goghat - I","mouza":"SYNTHETIC_MOUZA_002","plot":"SYN-002-0353","areaSqm":0,"real":false}},{"type":"Feature","geometry":{"type":"Polygon","coordinates":[[[87.757129,22.794751],[87.757129,22.801425],[87.763804,22.801425],[87.763804,22.794751],[87.757129,22.794751]]]},"properties":{"id":"SYN-ARAMBAGH-002-0354","block":"Goghat - I","mouza":"SYNTHETIC_MOUZA_002","plot":"SYN-002-0354","areaSqm":0,"real":false}},{"type":"Feature","geometry":{"type":"Polygon","coordinates":[[[87.757129,22.801425],[87.757129,22.808098],[87.763804,22.808098],[87.763804,22.801425],[87.757129,22.801425]]]},"properties":{"id":"SYN-ARAMBAGH-002-0355","block":"Goghat - I","mouza":"SYNTHETIC_MOUZA_002","plot":"SYN-002-0355","areaSqm":0,"real":false}},{"type":"Feature","geometry":{"type":"Polygon","coordinates":[[[87.757129,22.808098],[87.757129,22.814771],[87.763804,22.814771],[87.763804,22.808098],[87.757129,22.808098]]]},"properties":{"id":"SYN-ARAMBAGH-002-0356","block":"Goghat - I","mouza":"SYNTHETIC_MOUZA_002","plot":"SYN-002-0356","areaSqm":0,"real":false}},{"type":"Feature","geometry":{"type":"Polygon","coordinates":[[[87.757129,22.814771],[87.757129,22.821445],[87.763804,22.821445],[87.763804,22.814771],[87.757129,22.814771]]]},"properties":{"id":"SYN-ARAMBAGH-002-0357","block":"Goghat - I","mouza":"SYNTHETIC_MOUZA_002","plot":"SYN-002-0357","areaSqm":0,"real":false}},{"type":"Feature","geometry":{"type":"Polygon","coordinates":[[[87.757129,22.821445],[87.757129,22.828118],[87.763804,22.828118],[87.763804,22.821445],[87.757129,22.821445]]]},"properties":{"id":"SYN-ARAMBAGH-002-0358","block":"Goghat - I","mouza":"SYNTHETIC_MOUZA_002","plot":"SYN-002-0358","areaSqm":0,"real":false}},{"type":"Feature","geometry":{"type":"Polygon","coordinates":[[[87.757129,22.828118],[87.757129,22.834792],[87.763804,22.834792],[87.763804,22.828118],[87.757129,22.828118]]]},"properties":{"id":"SYN-ARAMBAGH-002-0359","block":"Goghat - I","mouza":"SYNTHETIC_MOUZA_002","plot":"SYN-002-0359","areaSqm":0,"real":false}},{"type":"Feature","geometry":{"type":"Polygon","coordinates":[[[87.757129,22.834792],[87.757129,22.841465],[87.763804,22.841465],[87.763804,22.834792],[87.757129,22.834792]]]},"properties":{"id":"SYN-ARAMBAGH-002-0360","block":"Goghat - I","mouza":"SYNTHETIC_MOUZA_002","plot":"SYN-002-0360","areaSqm":0,"real":false}},{"type":"Feature","geometry":{"type":"Polygon","coordinates":[[[87.757129,22.841465],[87.757129,22.848139],[87.763804,22.848139],[87.763804,22.841465],[87.757129,22.841465]]]},"properties":{"id":"SYN-ARAMBAGH-002-0361","block":"Goghat - I","mouza":"SYNTHETIC_MOUZA_002","plot":"SYN-002-0361","areaSqm":0,"real":false}},{"type":"Feature","geometry":{"type":"Polygon","coordinates":[[[87.757129,22.848139],[87.757129,22.854812],[87.763804,22.854812],[87.763804,22.848139],[87.757129,22.848139]]]},"properties":{"id":"SYN-ARAMBAGH-002-0362","block":"Goghat - I","mouza":"SYNTHETIC_MOUZA_002","plot":"SYN-002-0362","areaSqm":0,"real":false}},{"type":"Feature","geometry":{"type":"Polygon","coordinates":[[[87.757129,22.854812],[87.757129,22.861485],[87.763804,22.861485],[87.763804,22.854812],[87.757129,22.854812]]]},"properties":{"id":"SYN-ARAMBAGH-002-0363","block":"Goghat - I","mouza":"SYNTHETIC_MOUZA_002","plot":"SYN-002-0363","areaSqm":0,"real":false}},{"type":"Feature","geometry":{"type":"Polygon","coordinates":[[[87.757129,22.861485],[87.757129,22.868159],[87.763804,22.868159],[87.763804,22.861485],[87.757129,22.861485]]]},"properties":{"id":"SYN-ARAMBAGH-002-0364","block":"Goghat - I","mouza":"SYNTHETIC_MOUZA_002","plot":"SYN-002-0364","areaSqm":0,"real":false}},{"type":"Feature","geometry":{"type":"Polygon","coordinates":[[[87.757129,22.868159],[87.757129,22.874832],[87.763804,22.874832],[87.763804,22.868159],[87.757129,22.868159]]]},"properties":{"id":"SYN-ARAMBAGH-002-0365","block":"Goghat - I","mouza":"SYNTHETIC_MOUZA_002","plot":"SYN-002-0365","areaSqm":0,"real":false}},{"type":"Feature","geometry":{"type":"Polygon","coordinates":[[[87.757129,22.874832],[87.757129,22.881506],[87.763804,22.881506],[87.763804,22.874832],[87.757129,22.874832]]]},"properties":{"id":"SYN-ARAMBAGH-002-0366","block":"Goghat - I","mouza":"SYNTHETIC_MOUZA_002","plot":"SYN-002-0366","areaSqm":0,"real":false}},{"type":"Feature","geometry":{"type":"Polygon","coordinates":[[[87.757129,22.881506],[87.757129,22.888179],[87.763804,22.888179],[87.763804,22.881506],[87.757129,22.881506]]]},"properties":{"id":"SYN-ARAMBAGH-002-0367","block":"Goghat - I","mouza":"SYNTHETIC_MOUZA_002","plot":"SYN-002-0367","areaSqm":0,"real":false}},{"type":"Feature","geometry":{"type":"Polygon","coordinates":[[[87.757129,22.888179],[87.757129,22.894852],[87.763804,22.894852],[87.763804,22.888179],[87.757129,22.888179]]]},"properties":{"id":"SYN-ARAMBAGH-002-0368","block":"Goghat - I","mouza":"SYNTHETIC_MOUZA_002","plot":"SYN-002-0368","areaSqm":0,"real":false}},{"type":"Feature","geometry":{"type":"Polygon","coordinates":[[[87.763157,22.896552],[87.763804,22.895641],[87.763804,22.894852],[87.757129,22.894852],[87.757129,22.901526],[87.762262,22.901526],[87.763157,22.896552]]]},"properties":{"id":"SYN-ARAMBAGH-002-0369","block":"Goghat - I","mouza":"SYNTHETIC_MOUZA_002","plot":"SYN-002-0369","areaSqm":0,"real":false}},{"type":"Feature","geometry":{"type":"Polygon","coordinates":[[[87.762262,22.901526],[87.757129,22.901526],[87.757129,22.908199],[87.761063,22.908199],[87.762262,22.901526]]]},"properties":{"id":"SYN-ARAMBAGH-002-0370","block":"Goghat - I","mouza":"SYNTHETIC_MOUZA_002","plot":"SYN-002-0370","areaSqm":0,"real":false}},{"type":"Feature","geometry":{"type":"Polygon","coordinates":[[[87.760549,22.911057],[87.761063,22.908199],[87.757129,22.908199],[87.757129,22.914873],[87.761906,22.914873],[87.760549,22.911057]]]},"properties":{"id":"SYN-ARAMBAGH-002-0371","block":"Goghat - I","mouza":"SYNTHETIC_MOUZA_002","plot":"SYN-002-0371","areaSqm":0,"real":false}},{"type":"Feature","geometry":{"type":"Polygon","coordinates":[[[87.762007,22.915158],[87.761906,22.914873],[87.757129,22.914873],[87.757129,22.921546],[87.763804,22.921546],[87.763804,22.916747],[87.762007,22.915158]]]},"properties":{"id":"SYN-ARAMBAGH-002-0372","block":"Goghat - I","mouza":"SYNTHETIC_MOUZA_002","plot":"SYN-002-0372","areaSqm":0,"real":false}},{"type":"Feature","geometry":{"type":"Polygon","coordinates":[[[87.757129,22.921546],[87.757129,22.92822],[87.763804,22.92822],[87.763804,22.921546],[87.757129,22.921546]]]},"properties":{"id":"SYN-ARAMBAGH-002-0373","block":"Goghat - I","mouza":"SYNTHETIC_MOUZA_002","plot":"SYN-002-0373","areaSqm":0,"real":false}},{"type":"Feature","geometry":{"type":"Polygon","coordinates":[[[87.763804,22.933862],[87.763804,22.92822],[87.757129,22.92822],[87.757129,22.934893],[87.763088,22.934893],[87.763804,22.933862]]]},"properties":{"id":"SYN-ARAMBAGH-002-0374","block":"Goghat - I","mouza":"SYNTHETIC_MOUZA_002","plot":"SYN-002-0374","areaSqm":0,"real":false}},{"type":"Feature","geometry":{"type":"Polygon","coordinates":[[[87.763088,22.934893],[87.757129,22.934893],[87.757129,22.941566],[87.758449,22.941566],[87.763088,22.934893]]]},"properties":{"id":"SYN-ARAMBAGH-002-0375","block":"Goghat - I","mouza":"SYNTHETIC_MOUZA_002","plot":"SYN-002-0375","areaSqm":0,"real":false}},{"type":"Feature","geometry":{"type":"Polygon","coordinates":[[[87.757222,22.943332],[87.758449,22.941566],[87.757129,22.941566],[87.757129,22.94824],[87.759314,22.94824],[87.757222,22.943332]]]},"properties":{"id":"SYN-ARAMBAGH-002-0376","block":"Goghat - I","mouza":"SYNTHETIC_MOUZA_002","plot":"SYN-002-0376","areaSqm":0,"real":false}},{"type":"Feature","geometry":{"type":"Polygon","coordinates":[[[87.759314,22.94824],[87.757129,22.94824],[87.757129,22.954913],[87.762159,22.954913],[87.759314,22.94824]]]},"properties":{"id":"SYN-ARAMBAGH-002-0377","block":"Goghat - I","mouza":"SYNTHETIC_MOUZA_002","plot":"SYN-002-0377","areaSqm":0,"real":false}},{"type":"Feature","geometry":{"type":"Polygon","coordinates":[[[87.762159,22.954913],[87.757129,22.954913],[87.757129,22.960254],[87.763804,22.960596],[87.763804,22.958771],[87.762159,22.954913]]]},"properties":{"id":"SYN-ARAMBAGH-002-0378","block":"Goghat - I","mouza":"SYNTHETIC_MOUZA_002","plot":"SYN-002-0378","areaSqm":0,"real":false}},{"type":"Feature","geometry":{"type":"Polygon","coordinates":[[[87.765597,22.794123],[87.763804,22.792634],[87.763804,22.794751],[87.765659,22.794751],[87.765597,22.794123]]]},"properties":{"id":"SYN-ARAMBAGH-002-0379","block":"Goghat - I","mouza":"SYNTHETIC_MOUZA_002","plot":"SYN-002-0379","areaSqm":0,"real":false}},{"type":"Feature","geometry":{"type":"Polygon","coordinates":[[[87.766232,22.80054],[87.765659,22.794751],[87.763804,22.794751],[87.763804,22.801425],[87.766757,22.801425],[87.766232,22.80054]]]},"properties":{"id":"SYN-ARAMBAGH-002-0380","block":"Goghat - I","mouza":"SYNTHETIC_MOUZA_002","plot":"SYN-002-0380","areaSqm":0,"real":false}},{"type":"Feature","geometry":{"type":"Polygon","coordinates":[[[87.766757,22.801425],[87.763804,22.801425],[87.763804,22.808098],[87.77048,22.808098],[87.77048,22.807698],[87.766757,22.801425]]]},"properties":{"id":"SYN-ARAMBAGH-002-0381","block":"Goghat - I","mouza":"SYNTHETIC_MOUZA_002","plot":"SYN-002-0381","areaSqm":0,"real":false}},{"type":"Feature","geometry":{"type":"Polygon","coordinates":[[[87.77048,22.81448],[87.77048,22.808098],[87.763804,22.808098],[87.763804,22.814771],[87.770259,22.814771],[87.77048,22.81448]]]},"properties":{"id":"SYN-ARAMBAGH-002-0382","block":"Goghat - I","mouza":"SYNTHETIC_MOUZA_002","plot":"SYN-002-0382","areaSqm":0,"real":false}},{"type":"Feature","geometry":{"type":"Polygon","coordinates":[[[87.767902,22.817884],[87.770259,22.814771],[87.763804,22.814771],[87.763804,22.821445],[87.768275,22.821445],[87.767902,22.817884]]]},"properties":{"id":"SYN-ARAMBAGH-002-0383","block":"Goghat - I","mouza":"SYNTHETIC_MOUZA_002","plot":"SYN-002-0383","areaSqm":0,"real":false}},{"type":"Feature","geometry":{"type":"Polygon","coordinates":[[[87.768286,22.821551],[87.768275,22.821445],[87.763804,22.821445],[87.763804,22.828118],[87.77048,22.828118],[87.77048,22.821665],[87.768286,22.821551]]]},"properties":{"id":"SYN-ARAMBAGH-002-0384","block":"Goghat - I","mouza":"SYNTHETIC_MOUZA_002","plot":"SYN-002-0384","areaSqm":0,"real":false}},{"type":"Feature","geometry":{"type":"Polygon","coordinates":[[[87.763804,22.828118],[87.763804,22.834792],[87.77048,22.834792],[87.77048,22.828118],[87.763804,22.828118]]]},"properties":{"id":"SYN-ARAMBAGH-002-0385","block":"Goghat - I","mouza":"SYNTHETIC_MOUZA_002","plot":"SYN-002-0385","areaSqm":0,"real":false}},{"type":"Feature","geometry":{"type":"Polygon","coordinates":[[[87.763804,22.834792],[87.763804,22.841465],[87.77048,22.841465],[87.77048,22.834792],[87.763804,22.834792]]]},"properties":{"id":"SYN-ARAMBAGH-002-0386","block":"Goghat - I","mouza":"SYNTHETIC_MOUZA_002","plot":"SYN-002-0386","areaSqm":0,"real":false}},{"type":"Feature","geometry":{"type":"Polygon","coordinates":[[[87.763804,22.841465],[87.763804,22.848139],[87.77048,22.848139],[87.77048,22.841465],[87.763804,22.841465]]]},"properties":{"id":"SYN-ARAMBAGH-002-0387","block":"Goghat - I","mouza":"SYNTHETIC_MOUZA_002","plot":"SYN-002-0387","areaSqm":0,"real":false}},{"type":"Feature","geometry":{"type":"Polygon","coordinates":[[[87.763804,22.848139],[87.763804,22.854812],[87.77048,22.854812],[87.77048,22.848139],[87.763804,22.848139]]]},"properties":{"id":"SYN-ARAMBAGH-002-0388","block":"Goghat - I","mouza":"SYNTHETIC_MOUZA_002","plot":"SYN-002-0388","areaSqm":0,"real":false}},{"type":"Feature","geometry":{"type":"Polygon","coordinates":[[[87.763804,22.854812],[87.763804,22.861485],[87.77048,22.861485],[87.77048,22.854812],[87.763804,22.854812]]]},"properties":{"id":"SYN-ARAMBAGH-002-0389","block":"Goghat - I","mouza":"SYNTHETIC_MOUZA_002","plot":"SYN-002-0389","areaSqm":0,"real":false}},{"type":"Feature","geometry":{"type":"Polygon","coordinates":[[[87.763804,22.861485],[87.763804,22.868159],[87.77048,22.868159],[87.77048,22.861485],[87.763804,22.861485]]]},"properties":{"id":"SYN-ARAMBAGH-002-0390","block":"Goghat - I","mouza":"SYNTHETIC_MOUZA_002","plot":"SYN-002-0390","areaSqm":0,"real":false}},{"type":"Feature","geometry":{"type":"Polygon","coordinates":[[[87.768294,22.871501],[87.77048,22.871113],[87.77048,22.868159],[87.763804,22.868159],[87.763804,22.874832],[87.769945,22.874832],[87.768294,22.871501]]]},"properties":{"id":"SYN-ARAMBAGH-002-0391","block":"Goghat - I","mouza":"SYNTHETIC_MOUZA_002","plot":"SYN-002-0391","areaSqm":0,"real":false}},{"type":"Feature","geometry":{"type":"Polygon","coordinates":[[[87.769945,22.874832],[87.763804,22.874832],[87.763804,22.881506],[87.7677,22.881506],[87.77048,22.877491],[87.77048,22.875909],[87.769945,22.874832]]]},"properties":{"id":"SYN-ARAMBAGH-002-0392","block":"Goghat - I","mouza":"SYNTHETIC_MOUZA_002","plot":"SYN-002-0392","areaSqm":0,"real":false}},{"type":"Feature","geometry":{"type":"Polygon","coordinates":[[[87.767049,22.885286],[87.765596,22.884545],[87.7677,22.881506],[87.763804,22.881506],[87.763804,22.888179],[87.767176,22.888179],[87.767049,22.885286]]]},"properties":{"id":"SYN-ARAMBAGH-002-0393","block":"Goghat - I","mouza":"SYNTHETIC_MOUZA_002","plot":"SYN-002-0393","areaSqm":0,"real":false}},{"type":"Feature","geometry":{"type":"Polygon","coordinates":[[[87.767289,22.890744],[87.767176,22.888179],[87.763804,22.888179],[87.763804,22.894852],[87.764365,22.894852],[87.767289,22.890744]]]},"properties":{"id":"SYN-ARAMBAGH-002-0394","block":"Goghat - I","mouza":"SYNTHETIC_MOUZA_002","plot":"SYN-002-0394","areaSqm":0,"real":false}},{"type":"Feature","geometry":{"type":"Polygon","coordinates":[[[87.764365,22.894852],[87.763804,22.894852],[87.763804,22.895641],[87.764365,22.894852]]]},"properties":{"id":"SYN-ARAMBAGH-002-0395","block":"Goghat - I","mouza":"SYNTHETIC_MOUZA_002","plot":"SYN-002-0395","areaSqm":0,"real":false}},{"type":"Feature","geometry":{"type":"Polygon","coordinates":[[[87.763804,22.916747],[87.763804,22.921546],[87.769231,22.921546],[87.763804,22.916747]]]},"properties":{"id":"SYN-ARAMBAGH-002-0396","block":"Goghat - I","mouza":"SYNTHETIC_MOUZA_002","plot":"SYN-002-0396","areaSqm":0,"real":false}},{"type":"Feature","geometry":{"type":"Polygon","coordinates":[[[87.769231,22.921546],[87.763804,22.921546],[87.763804,22.92822],[87.77048,22.92822],[87.77048,22.92265],[87.769231,22.921546]]]},"properties":{"id":"SYN-ARAMBAGH-002-0397","block":"Goghat - I","mouza":"SYNTHETIC_MOUZA_002","plot":"SYN-002-0397","areaSqm":0,"real":false}},{"type":"Feature","geometry":{"type":"Polygon","coordinates":[[[87.764478,22.932893],[87.77048,22.929244],[87.77048,22.92822],[87.763804,22.92822],[87.763804,22.933862],[87.764478,22.932893]]]},"properties":{"id":"SYN-ARAMBAGH-002-0398","block":"Goghat - I","mouza":"SYNTHETIC_MOUZA_002","plot":"SYN-002-0398","areaSqm":0,"real":false}},{"type":"Feature","geometry":{"type":"Polygon","coordinates":[[[87.7646,22.960637],[87.763804,22.958771],[87.763804,22.960596],[87.7646,22.960637]]]},"properties":{"id":"SYN-ARAMBAGH-002-0399","block":"Goghat - I","mouza":"SYNTHETIC_MOUZA_002","plot":"SYN-002-0399","areaSqm":0,"real":false}},{"type":"Feature","geometry":{"type":"Polygon","coordinates":[[[87.77048,22.807698],[87.77048,22.808098],[87.770717,22.808098],[87.77048,22.807698]]]},"properties":{"id":"SYN-ARAMBAGH-002-0400","block":"Goghat - I","mouza":"SYNTHETIC_MOUZA_002","plot":"SYN-002-0400","areaSqm":0,"real":false}},{"type":"Feature","geometry":{"type":"Polygon","coordinates":[[[87.772736,22.811499],[87.770717,22.808098],[87.77048,22.808098],[87.77048,22.81448],[87.772736,22.811499]]]},"properties":{"id":"SYN-ARAMBAGH-002-0401","block":"Goghat - I","mouza":"SYNTHETIC_MOUZA_002","plot":"SYN-002-0401","areaSqm":0,"real":false}},{"type":"Feature","geometry":{"type":"Polygon","coordinates":[[[87.77582,22.821942],[87.77048,22.821665],[87.77048,22.828118],[87.777155,22.828118],[87.777155,22.823302],[87.77582,22.821942]]]},"properties":{"id":"SYN-ARAMBAGH-002-0402","block":"Goghat - I","mouza":"SYNTHETIC_MOUZA_002","plot":"SYN-002-0402","areaSqm":0,"real":false}},{"type":"Feature","geometry":{"type":"Polygon","coordinates":[[[87.77048,22.828118],[87.77048,22.834792],[87.777155,22.834792],[87.777155,22.828118],[87.77048,22.828118]]]},"properties":{"id":"SYN-ARAMBAGH-002-0403","block":"Goghat - I","mouza":"SYNTHETIC_MOUZA_002","plot":"SYN-002-0403","areaSqm":0,"real":false}},{"type":"Feature","geometry":{"type":"Polygon","coordinates":[[[87.77048,22.834792],[87.77048,22.841465],[87.777155,22.841465],[87.777155,22.834792],[87.77048,22.834792]]]},"properties":{"id":"SYN-ARAMBAGH-002-0404","block":"Goghat - I","mouza":"SYNTHETIC_MOUZA_002","plot":"SYN-002-0404","areaSqm":0,"real":false}},{"type":"Feature","geometry":{"type":"Polygon","coordinates":[[[87.77048,22.841465],[87.77048,22.848139],[87.777155,22.848139],[87.777155,22.841465],[87.77048,22.841465]]]},"properties":{"id":"SYN-ARAMBAGH-002-0405","block":"Goghat - I","mouza":"SYNTHETIC_MOUZA_002","plot":"SYN-002-0405","areaSqm":0,"real":false}},{"type":"Feature","geometry":{"type":"Polygon","coordinates":[[[87.77048,22.848139],[87.77048,22.854812],[87.777155,22.854812],[87.777155,22.848139],[87.77048,22.848139]]]},"properties":{"id":"SYN-ARAMBAGH-002-0406","block":"Goghat - I","mouza":"SYNTHETIC_MOUZA_002","plot":"SYN-002-0406","areaSqm":0,"real":false}},{"type":"Feature","geometry":{"type":"Polygon","coordinates":[[[87.77048,22.854812],[87.77048,22.861485],[87.777155,22.861485],[87.777155,22.854812],[87.77048,22.854812]]]},"properties":{"id":"SYN-ARAMBAGH-002-0407","block":"Goghat - I","mouza":"SYNTHETIC_MOUZA_002","plot":"SYN-002-0407","areaSqm":0,"real":false}},{"type":"Feature","geometry":{"type":"Polygon","coordinates":[[[87.775007,22.864648],[87.776435,22.86318],[87.777155,22.86354],[87.777155,22.861485],[87.77048,22.861485],[87.77048,22.868159],[87.775624,22.868159],[87.775007,22.864648]]]},"properties":{"id":"SYN-ARAMBAGH-002-0408","block":"Goghat - I","mouza":"SYNTHETIC_MOUZA_002","plot":"SYN-002-0408","areaSqm":0,"real":false}},{"type":"Feature","geometry":{"type":"Polygon","coordinates":[[[87.775972,22.870138],[87.775624,22.868159],[87.77048,22.868159],[87.77048,22.871113],[87.775972,22.870138]]]},"properties":{"id":"SYN-ARAMBAGH-002-0409","block":"Goghat - I","mouza":"SYNTHETIC_MOUZA_002","plot":"SYN-002-0409","areaSqm":0,"real":false}},{"type":"Feature","geometry":{"type":"Polygon","coordinates":[[[87.770937,22.876831],[87.77048,22.875909],[87.77048,22.877491],[87.770937,22.876831]]]},"properties":{"id":"SYN-ARAMBAGH-002-0410","block":"Goghat - I","mouza":"SYNTHETIC_MOUZA_002","plot":"SYN-002-0410","areaSqm":0,"real":false}},{"type":"Feature","geometry":{"type":"Polygon","coordinates":[[[87.772739,22.92787],[87.772095,22.924079],[87.77048,22.92265],[87.77048,22.92822],[87.772164,22.92822],[87.772739,22.92787]]]},"properties":{"id":"SYN-ARAMBAGH-002-0411","block":"Goghat - I","mouza":"SYNTHETIC_MOUZA_002","plot":"SYN-002-0411","areaSqm":0,"real":false}},{"type":"Feature","geometry":{"type":"Polygon","coordinates":[[[87.772164,22.92822],[87.77048,22.92822],[87.77048,22.929244],[87.772164,22.92822]]]},"properties":{"id":"SYN-ARAMBAGH-002-0412","block":"Goghat - I","mouza":"SYNTHETIC_MOUZA_002","plot":"SYN-002-0412","areaSqm":0,"real":false}},{"type":"Feature","geometry":{"type":"Polygon","coordinates":[[[87.779568,22.825761],[87.777155,22.823302],[87.777155,22.828118],[87.780732,22.828118],[87.779568,22.825761]]]},"properties":{"id":"SYN-ARAMBAGH-002-0413","block":"Goghat - I","mouza":"SYNTHETIC_MOUZA_002","plot":"SYN-002-0413","areaSqm":0,"real":false}},{"type":"Feature","geometry":{"type":"Polygon","coordinates":[[[87.780732,22.828118],[87.777155,22.828118],[87.777155,22.834792],[87.78383,22.834792],[87.78383,22.834391],[87.780732,22.828118]]]},"properties":{"id":"SYN-ARAMBAGH-002-0414","block":"Goghat - I","mouza":"SYNTHETIC_MOUZA_002","plot":"SYN-002-0414","areaSqm":0,"real":false}},{"type":"Feature","geometry":{"type":"Polygon","coordinates":[[[87.777155,22.834792],[87.777155,22.841465],[87.78383,22.841465],[87.78383,22.834792],[87.777155,22.834792]]]},"properties":{"id":"SYN-ARAMBAGH-002-0415","block":"Goghat - I","mouza":"SYNTHETIC_MOUZA_002","plot":"SYN-002-0415","areaSqm":0,"real":false}},{"type":"Feature","geometry":{"type":"Polygon","coordinates":[[[87.777155,22.841465],[87.777155,22.848139],[87.78383,22.848139],[87.78383,22.841465],[87.777155,22.841465]]]},"properties":{"id":"SYN-ARAMBAGH-002-0416","block":"Goghat - I","mouza":"SYNTHETIC_MOUZA_002","plot":"SYN-002-0416","areaSqm":0,"real":false}},{"type":"Feature","geometry":{"type":"Polygon","coordinates":[[[87.777155,22.848139],[87.777155,22.854812],[87.78383,22.854812],[87.78383,22.848139],[87.777155,22.848139]]]},"properties":{"id":"SYN-ARAMBAGH-002-0417","block":"Goghat - I","mouza":"SYNTHETIC_MOUZA_002","plot":"SYN-002-0417","areaSqm":0,"real":false}},{"type":"Feature","geometry":{"type":"Polygon","coordinates":[[[87.777155,22.854812],[87.777155,22.861485],[87.78383,22.861485],[87.78383,22.854812],[87.777155,22.854812]]]},"properties":{"id":"SYN-ARAMBAGH-002-0418","block":"Goghat - I","mouza":"SYNTHETIC_MOUZA_002","plot":"SYN-002-0418","areaSqm":0,"real":false}},{"type":"Feature","geometry":{"type":"Polygon","coordinates":[[[87.778374,22.864149],[87.77827,22.868159],[87.78383,22.868159],[87.78383,22.861485],[87.777155,22.861485],[87.777155,22.86354],[87.778374,22.864149]]]},"properties":{"id":"SYN-ARAMBAGH-002-0419","block":"Goghat - I","mouza":"SYNTHETIC_MOUZA_002","plot":"SYN-002-0419","areaSqm":0,"real":false}},{"type":"Feature","geometry":{"type":"Polygon","coordinates":[[[87.778199,22.870896],[87.78383,22.871488],[87.78383,22.868159],[87.77827,22.868159],[87.778199,22.870896]]]},"properties":{"id":"SYN-ARAMBAGH-002-0420","block":"Goghat - I","mouza":"SYNTHETIC_MOUZA_002","plot":"SYN-002-0420","areaSqm":0,"real":false}},{"type":"Feature","geometry":{"type":"Polygon","coordinates":[[[87.78383,22.834391],[87.78383,22.834792],[87.784028,22.834792],[87.78383,22.834391]]]},"properties":{"id":"SYN-ARAMBAGH-002-0421","block":"Goghat - I","mouza":"SYNTHETIC_MOUZA_002","plot":"SYN-002-0421","areaSqm":0,"real":false}},{"type":"Feature","geometry":{"type":"Polygon","coordinates":[[[87.786398,22.83959],[87.784028,22.834792],[87.78383,22.834792],[87.78383,22.841465],[87.786851,22.841465],[87.786398,22.83959]]]},"properties":{"id":"SYN-ARAMBAGH-002-0422","block":"Goghat - I","mouza":"SYNTHETIC_MOUZA_002","plot":"SYN-002-0422","areaSqm":0,"real":false}},{"type":"Feature","geometry":{"type":"Polygon","coordinates":[[[87.786851,22.841465],[87.78383,22.841465],[87.78383,22.848139],[87.788462,22.848139],[87.786851,22.841465]]]},"properties":{"id":"SYN-ARAMBAGH-002-0423","block":"Goghat - I","mouza":"SYNTHETIC_MOUZA_002","plot":"SYN-002-0423","areaSqm":0,"real":false}},{"type":"Feature","geometry":{"type":"Polygon","coordinates":[[[87.788462,22.848139],[87.78383,22.848139],[87.78383,22.854812],[87.790073,22.854812],[87.788462,22.848139]]]},"properties":{"id":"SYN-ARAMBAGH-002-0424","block":"Goghat - I","mouza":"SYNTHETIC_MOUZA_002","plot":"SYN-002-0424","areaSqm":0,"real":false}},{"type":"Feature","geometry":{"type":"Polygon","coordinates":[[[87.790073,22.854812],[87.78383,22.854812],[87.78383,22.861485],[87.78795,22.861485],[87.790506,22.856605],[87.790073,22.854812]]]},"properties":{"id":"SYN-ARAMBAGH-002-0425","block":"Goghat - I","mouza":"SYNTHETIC_MOUZA_002","plot":"SYN-002-0425","areaSqm":0,"real":false}},{"type":"Feature","geometry":{"type":"Polygon","coordinates":[[[87.787866,22.867095],[87.787649,22.862062],[87.78795,22.861485],[87.78383,22.861485],[87.78383,22.868159],[87.787036,22.868159],[87.787866,22.867095]]]},"properties":{"id":"SYN-ARAMBAGH-002-0426","block":"Goghat - I","mouza":"SYNTHETIC_MOUZA_002","plot":"SYN-002-0426","areaSqm":0,"real":false}},{"type":"Feature","geometry":{"type":"Polygon","coordinates":[[[87.784392,22.871547],[87.787036,22.868159],[87.78383,22.868159],[87.78383,22.871488],[87.784392,22.871547]]]},"properties":{"id":"SYN-ARAMBAGH-002-0427","block":"Goghat - I","mouza":"SYNTHETIC_MOUZA_002","plot":"SYN-002-0427","areaSqm":0,"real":false}},{"type":"Feature","geometry":{"type":"Polygon","coordinates":[[[87.513115,22.900782],[87.512642,22.903553],[87.510033,22.90373],[87.509551,22.905833],[87.517003,22.905833],[87.517003,22.898009],[87.513115,22.900782]]]},"properties":{"id":"SYN-ARAMBAGH-003-0001","block":"Goghat - Ii","mouza":"SYNTHETIC_MOUZA_003","plot":"SYN-003-0001","areaSqm":0,"real":false}},{"type":"Feature","geometry":{"type":"Polygon","coordinates":[[[87.507734,22.915087],[87.517003,22.915087],[87.517003,22.905833],[87.509551,22.905833],[87.507523,22.914686],[87.507734,22.915087]]]},"properties":{"id":"SYN-ARAMBAGH-003-0002","block":"Goghat - Ii","mouza":"SYNTHETIC_MOUZA_003","plot":"SYN-003-0002","areaSqm":0,"real":false}},{"type":"Feature","geometry":{"type":"Polygon","coordinates":[[[87.509613,22.918657],[87.517003,22.91742],[87.517003,22.915087],[87.507734,22.915087],[87.509613,22.918657]]]},"properties":{"id":"SYN-ARAMBAGH-003-0003","block":"Goghat - Ii","mouza":"SYNTHETIC_MOUZA_003","plot":"SYN-003-0003","areaSqm":0,"real":false}},{"type":"Feature","geometry":{"type":"Polygon","coordinates":[[[87.51992,22.866474],[87.519596,22.868816],[87.526482,22.868816],[87.526482,22.865476],[87.51992,22.866474]]]},"properties":{"id":"SYN-ARAMBAGH-003-0004","block":"Goghat - Ii","mouza":"SYNTHETIC_MOUZA_003","plot":"SYN-003-0004","areaSqm":0,"real":false}},{"type":"Feature","geometry":{"type":"Polygon","coordinates":[[[87.519569,22.869011],[87.526482,22.870965],[87.526482,22.868816],[87.519596,22.868816],[87.519569,22.869011]]]},"properties":{"id":"SYN-ARAMBAGH-003-0005","block":"Goghat - Ii","mouza":"SYNTHETIC_MOUZA_003","plot":"SYN-003-0005","areaSqm":0,"real":false}},{"type":"Feature","geometry":{"type":"Polygon","coordinates":[[[87.525787,22.891649],[87.524243,22.896579],[87.526482,22.896579],[87.526482,22.890825],[87.525787,22.891649]]]},"properties":{"id":"SYN-ARAMBAGH-003-0006","block":"Goghat - Ii","mouza":"SYNTHETIC_MOUZA_003","plot":"SYN-003-0006","areaSqm":0,"real":false}},{"type":"Feature","geometry":{"type":"Polygon","coordinates":[[[87.524216,22.896664],[87.517815,22.89743],[87.517003,22.898009],[87.517003,22.905833],[87.526482,22.905833],[87.526482,22.896579],[87.524243,22.896579],[87.524216,22.896664]]]},"properties":{"id":"SYN-ARAMBAGH-003-0007","block":"Goghat - Ii","mouza":"SYNTHETIC_MOUZA_003","plot":"SYN-003-0007","areaSqm":0,"real":false}},{"type":"Feature","geometry":{"type":"Polygon","coordinates":[[[87.517003,22.905833],[87.517003,22.915087],[87.526482,22.915087],[87.526482,22.905833],[87.517003,22.905833]]]},"properties":{"id":"SYN-ARAMBAGH-003-0008","block":"Goghat - Ii","mouza":"SYNTHETIC_MOUZA_003","plot":"SYN-003-0008","areaSqm":0,"real":false}},{"type":"Feature","geometry":{"type":"MultiPolygon","coordinates":[[[[87.526027,22.924342],[87.526482,22.924342],[87.526482,22.922098],[87.526027,22.924342]]],[[[87.520439,22.916845],[87.523872,22.918102],[87.526482,22.921212],[87.526482,22.915087],[87.517003,22.915087],[87.517003,22.91742],[87.520439,22.916845]]]]},"properties":{"id":"SYN-ARAMBAGH-003-0009","block":"Goghat - Ii","mouza":"SYNTHETIC_MOUZA_003","plot":"SYN-003-0009","areaSqm":0,"real":false}},{"type":"Feature","geometry":{"type":"Polygon","coordinates":[[[87.524834,22.930214],[87.526482,22.930387],[87.526482,22.924342],[87.526027,22.924342],[87.524834,22.930214]]]},"properties":{"id":"SYN-ARAMBAGH-003-0010","block":"Goghat - Ii","mouza":"SYNTHETIC_MOUZA_003","plot":"SYN-003-0010","areaSqm":0,"real":false}},{"type":"Feature","geometry":{"type":"Polygon","coordinates":[[[87.535876,22.866043],[87.532905,22.865713],[87.529564,22.865007],[87.526482,22.865476],[87.526482,22.868816],[87.535962,22.868816],[87.535962,22.866038],[87.535876,22.866043]]]},"properties":{"id":"SYN-ARAMBAGH-003-0011","block":"Goghat - Ii","mouza":"SYNTHETIC_MOUZA_003","plot":"SYN-003-0011","areaSqm":0,"real":false}},{"type":"Feature","geometry":{"type":"Polygon","coordinates":[[[87.531296,22.872326],[87.532529,22.87807],[87.535962,22.87807],[87.535962,22.868816],[87.526482,22.868816],[87.526482,22.870965],[87.531296,22.872326]]]},"properties":{"id":"SYN-ARAMBAGH-003-0012","block":"Goghat - Ii","mouza":"SYNTHETIC_MOUZA_003","plot":"SYN-003-0012","areaSqm":0,"real":false}},{"type":"Feature","geometry":{"type":"Polygon","coordinates":[[[87.533485,22.882523],[87.529435,22.887325],[87.535962,22.887325],[87.535962,22.87807],[87.532529,22.87807],[87.533485,22.882523]]]},"properties":{"id":"SYN-ARAMBAGH-003-0013","block":"Goghat - Ii","mouza":"SYNTHETIC_MOUZA_003","plot":"SYN-003-0013","areaSqm":0,"real":false}},{"type":"Feature","geometry":{"type":"Polygon","coordinates":[[[87.526482,22.890825],[87.526482,22.896579],[87.535962,22.896579],[87.535962,22.887325],[87.529435,22.887325],[87.526482,22.890825]]]},"properties":{"id":"SYN-ARAMBAGH-003-0014","block":"Goghat - Ii","mouza":"SYNTHETIC_MOUZA_003","plot":"SYN-003-0014","areaSqm":0,"real":false}},{"type":"Feature","geometry":{"type":"Polygon","coordinates":[[[87.526482,22.896579],[87.526482,22.905833],[87.535962,22.905833],[87.535962,22.896579],[87.526482,22.896579]]]},"properties":{"id":"SYN-ARAMBAGH-003-0015","block":"Goghat - Ii","mouza":"SYNTHETIC_MOUZA_003","plot":"SYN-003-0015","areaSqm":0,"real":false}},{"type":"Feature","geometry":{"type":"Polygon","coordinates":[[[87.526482,22.905833],[87.526482,22.915087],[87.535962,22.915087],[87.535962,22.905833],[87.526482,22.905833]]]},"properties":{"id":"SYN-ARAMBAGH-003-0016","block":"Goghat - Ii","mouza":"SYNTHETIC_MOUZA_003","plot":"SYN-003-0016","areaSqm":0,"real":false}},{"type":"Feature","geometry":{"type":"Polygon","coordinates":[[[87.526627,22.921385],[87.526482,22.922098],[87.526482,22.924342],[87.535962,22.924342],[87.535962,22.915087],[87.526482,22.915087],[87.526482,22.921212],[87.526627,22.921385]]]},"properties":{"id":"SYN-ARAMBAGH-003-0017","block":"Goghat - Ii","mouza":"SYNTHETIC_MOUZA_003","plot":"SYN-003-0017","areaSqm":0,"real":false}},{"type":"Feature","geometry":{"type":"Polygon","coordinates":[[[87.530087,22.930766],[87.534088,22.930061],[87.535962,22.928734],[87.535962,22.924342],[87.526482,22.924342],[87.526482,22.930387],[87.530087,22.930766]]]},"properties":{"id":"SYN-ARAMBAGH-003-0018","block":"Goghat - Ii","mouza":"SYNTHETIC_MOUZA_003","plot":"SYN-003-0018","areaSqm":0,"real":false}},{"type":"Feature","geometry":{"type":"Polygon","coordinates":[[[87.535962,22.866038],[87.535962,22.868816],[87.545441,22.868816],[87.545441,22.865434],[87.535962,22.866038]]]},"properties":{"id":"SYN-ARAMBAGH-003-0019","block":"Goghat - Ii","mouza":"SYNTHETIC_MOUZA_003","plot":"SYN-003-0019","areaSqm":0,"real":false}},{"type":"Feature","geometry":{"type":"Polygon","coordinates":[[[87.535962,22.868816],[87.535962,22.87807],[87.545441,22.87807],[87.545441,22.868816],[87.535962,22.868816]]]},"properties":{"id":"SYN-ARAMBAGH-003-0020","block":"Goghat - Ii","mouza":"SYNTHETIC_MOUZA_003","plot":"SYN-003-0020","areaSqm":0,"real":false}},{"type":"Feature","geometry":{"type":"Polygon","coordinates":[[[87.535962,22.87807],[87.535962,22.887325],[87.545441,22.887325],[87.545441,22.87807],[87.535962,22.87807]]]},"properties":{"id":"SYN-ARAMBAGH-003-0021","block":"Goghat - Ii","mouza":"SYNTHETIC_MOUZA_003","plot":"SYN-003-0021","areaSqm":0,"real":false}},{"type":"Feature","geometry":{"type":"Polygon","coordinates":[[[87.535962,22.887325],[87.535962,22.896579],[87.545441,22.896579],[87.545441,22.887325],[87.535962,22.887325]]]},"properties":{"id":"SYN-ARAMBAGH-003-0022","block":"Goghat - Ii","mouza":"SYNTHETIC_MOUZA_003","plot":"SYN-003-0022","areaSqm":0,"real":false}},{"type":"Feature","geometry":{"type":"Polygon","coordinates":[[[87.535962,22.896579],[87.535962,22.905833],[87.545441,22.905833],[87.545441,22.896579],[87.535962,22.896579]]]},"properties":{"id":"SYN-ARAMBAGH-003-0023","block":"Goghat - Ii","mouza":"SYNTHETIC_MOUZA_003","plot":"SYN-003-0023","areaSqm":0,"real":false}},{"type":"Feature","geometry":{"type":"Polygon","coordinates":[[[87.535962,22.905833],[87.535962,22.915087],[87.545441,22.915087],[87.545441,22.905833],[87.535962,22.905833]]]},"properties":{"id":"SYN-ARAMBAGH-003-0024","block":"Goghat - Ii","mouza":"SYNTHETIC_MOUZA_003","plot":"SYN-003-0024","areaSqm":0,"real":false}},{"type":"Feature","geometry":{"type":"Polygon","coordinates":[[[87.542183,22.92433],[87.545441,22.923616],[87.545441,22.915087],[87.535962,22.915087],[87.535962,22.924342],[87.542167,22.924342],[87.542183,22.92433]]]},"properties":{"id":"SYN-ARAMBAGH-003-0025","block":"Goghat - Ii","mouza":"SYNTHETIC_MOUZA_003","plot":"SYN-003-0025","areaSqm":0,"real":false}},{"type":"Feature","geometry":{"type":"Polygon","coordinates":[[[87.542167,22.924342],[87.535962,22.924342],[87.535962,22.928734],[87.542167,22.924342]]]},"properties":{"id":"SYN-ARAMBAGH-003-0026","block":"Goghat - Ii","mouza":"SYNTHETIC_MOUZA_003","plot":"SYN-003-0026","areaSqm":0,"real":false}},{"type":"Feature","geometry":{"type":"Polygon","coordinates":[[[87.552765,22.866623],[87.54641,22.865372],[87.545441,22.865434],[87.545441,22.868816],[87.554921,22.868816],[87.554921,22.866244],[87.552765,22.866623]]]},"properties":{"id":"SYN-ARAMBAGH-003-0027","block":"Goghat - Ii","mouza":"SYNTHETIC_MOUZA_003","plot":"SYN-003-0027","areaSqm":0,"real":false}},{"type":"Feature","geometry":{"type":"Polygon","coordinates":[[[87.545441,22.868816],[87.545441,22.87807],[87.554921,22.87807],[87.554921,22.868816],[87.545441,22.868816]]]},"properties":{"id":"SYN-ARAMBAGH-003-0028","block":"Goghat - Ii","mouza":"SYNTHETIC_MOUZA_003","plot":"SYN-003-0028","areaSqm":0,"real":false}},{"type":"Feature","geometry":{"type":"Polygon","coordinates":[[[87.545441,22.87807],[87.545441,22.887325],[87.554921,22.887325],[87.554921,22.87807],[87.545441,22.87807]]]},"properties":{"id":"SYN-ARAMBAGH-003-0029","block":"Goghat - Ii","mouza":"SYNTHETIC_MOUZA_003","plot":"SYN-003-0029","areaSqm":0,"real":false}},{"type":"Feature","geometry":{"type":"Polygon","coordinates":[[[87.545441,22.887325],[87.545441,22.896579],[87.554921,22.896579],[87.554921,22.887325],[87.545441,22.887325]]]},"properties":{"id":"SYN-ARAMBAGH-003-0030","block":"Goghat - Ii","mouza":"SYNTHETIC_MOUZA_003","plot":"SYN-003-0030","areaSqm":0,"real":false}},{"type":"Feature","geometry":{"type":"Polygon","coordinates":[[[87.545441,22.896579],[87.545441,22.905833],[87.554921,22.905833],[87.554921,22.896579],[87.545441,22.896579]]]},"properties":{"id":"SYN-ARAMBAGH-003-0031","block":"Goghat - Ii","mouza":"SYNTHETIC_MOUZA_003","plot":"SYN-003-0031","areaSqm":0,"real":false}},{"type":"Feature","geometry":{"type":"Polygon","coordinates":[[[87.545441,22.905833],[87.545441,22.915087],[87.554921,22.915087],[87.554921,22.905833],[87.545441,22.905833]]]},"properties":{"id":"SYN-ARAMBAGH-003-0032","block":"Goghat - Ii","mouza":"SYNTHETIC_MOUZA_003","plot":"SYN-003-0032","areaSqm":0,"real":false}},{"type":"Feature","geometry":{"type":"Polygon","coordinates":[[[87.554921,22.921537],[87.554921,22.915087],[87.545441,22.915087],[87.545441,22.923616],[87.554921,22.921537]]]},"properties":{"id":"SYN-ARAMBAGH-003-0033","block":"Goghat - Ii","mouza":"SYNTHETIC_MOUZA_003","plot":"SYN-003-0033","areaSqm":0,"real":false}},{"type":"Feature","geometry":{"type":"Polygon","coordinates":[[[87.562447,22.864923],[87.554921,22.866244],[87.554921,22.868816],[87.5644,22.868816],[87.5644,22.862278],[87.562447,22.864923]]]},"properties":{"id":"SYN-ARAMBAGH-003-0034","block":"Goghat - Ii","mouza":"SYNTHETIC_MOUZA_003","plot":"SYN-003-0034","areaSqm":0,"real":false}},{"type":"Feature","geometry":{"type":"Polygon","coordinates":[[[87.554921,22.868816],[87.554921,22.87807],[87.5644,22.87807],[87.5644,22.868816],[87.554921,22.868816]]]},"properties":{"id":"SYN-ARAMBAGH-003-0035","block":"Goghat - Ii","mouza":"SYNTHETIC_MOUZA_003","plot":"SYN-003-0035","areaSqm":0,"real":false}},{"type":"Feature","geometry":{"type":"Polygon","coordinates":[[[87.554921,22.87807],[87.554921,22.887325],[87.5644,22.887325],[87.5644,22.87807],[87.554921,22.87807]]]},"properties":{"id":"SYN-ARAMBAGH-003-0036","block":"Goghat - Ii","mouza":"SYNTHETIC_MOUZA_003","plot":"SYN-003-0036","areaSqm":0,"real":false}},{"type":"Feature","geometry":{"type":"Polygon","coordinates":[[[87.554921,22.887325],[87.554921,22.896579],[87.5644,22.896579],[87.5644,22.887325],[87.554921,22.887325]]]},"properties":{"id":"SYN-ARAMBAGH-003-0037","block":"Goghat - Ii","mouza":"SYNTHETIC_MOUZA_003","plot":"SYN-003-0037","areaSqm":0,"real":false}},{"type":"Feature","geometry":{"type":"Polygon","coordinates":[[[87.554921,22.896579],[87.554921,22.905833],[87.5644,22.905833],[87.5644,22.896579],[87.554921,22.896579]]]},"properties":{"id":"SYN-ARAMBAGH-003-0038","block":"Goghat - Ii","mouza":"SYNTHETIC_MOUZA_003","plot":"SYN-003-0038","areaSqm":0,"real":false}},{"type":"Feature","geometry":{"type":"Polygon","coordinates":[[[87.554921,22.905833],[87.554921,22.915087],[87.5644,22.915087],[87.5644,22.905833],[87.554921,22.905833]]]},"properties":{"id":"SYN-ARAMBAGH-003-0039","block":"Goghat - Ii","mouza":"SYNTHETIC_MOUZA_003","plot":"SYN-003-0039","areaSqm":0,"real":false}},{"type":"Feature","geometry":{"type":"Polygon","coordinates":[[[87.5644,22.919458],[87.5644,22.915087],[87.554921,22.915087],[87.554921,22.921537],[87.5644,22.919458]]]},"properties":{"id":"SYN-ARAMBAGH-003-0040","block":"Goghat - Ii","mouza":"SYNTHETIC_MOUZA_003","plot":"SYN-003-0040","areaSqm":0,"real":false}},{"type":"Feature","geometry":{"type":"Polygon","coordinates":[[[87.572044,22.851927],[87.566406,22.859562],[87.57388,22.859562],[87.57388,22.851154],[87.572044,22.851927]]]},"properties":{"id":"SYN-ARAMBAGH-003-0041","block":"Goghat - Ii","mouza":"SYNTHETIC_MOUZA_003","plot":"SYN-003-0041","areaSqm":0,"real":false}},{"type":"Feature","geometry":{"type":"Polygon","coordinates":[[[87.5644,22.862278],[87.5644,22.868816],[87.57388,22.868816],[87.57388,22.859562],[87.566406,22.859562],[87.5644,22.862278]]]},"properties":{"id":"SYN-ARAMBAGH-003-0042","block":"Goghat - Ii","mouza":"SYNTHETIC_MOUZA_003","plot":"SYN-003-0042","areaSqm":0,"real":false}},{"type":"Feature","geometry":{"type":"Polygon","coordinates":[[[87.5644,22.868816],[87.5644,22.87807],[87.57388,22.87807],[87.57388,22.868816],[87.5644,22.868816]]]},"properties":{"id":"SYN-ARAMBAGH-003-0043","block":"Goghat - Ii","mouza":"SYNTHETIC_MOUZA_003","plot":"SYN-003-0043","areaSqm":0,"real":false}},{"type":"Feature","geometry":{"type":"Polygon","coordinates":[[[87.5644,22.87807],[87.5644,22.887325],[87.57388,22.887325],[87.57388,22.87807],[87.5644,22.87807]]]},"properties":{"id":"SYN-ARAMBAGH-003-0044","block":"Goghat - Ii","mouza":"SYNTHETIC_MOUZA_003","plot":"SYN-003-0044","areaSqm":0,"real":false}},{"type":"Feature","geometry":{"type":"Polygon","coordinates":[[[87.5644,22.887325],[87.5644,22.896579],[87.57388,22.896579],[87.57388,22.887325],[87.5644,22.887325]]]},"properties":{"id":"SYN-ARAMBAGH-003-0045","block":"Goghat - Ii","mouza":"SYNTHETIC_MOUZA_003","plot":"SYN-003-0045","areaSqm":0,"real":false}},{"type":"Feature","geometry":{"type":"Polygon","coordinates":[[[87.5644,22.896579],[87.5644,22.905833],[87.57388,22.905833],[87.57388,22.896579],[87.5644,22.896579]]]},"properties":{"id":"SYN-ARAMBAGH-003-0046","block":"Goghat - Ii","mouza":"SYNTHETIC_MOUZA_003","plot":"SYN-003-0046","areaSqm":0,"real":false}},{"type":"Feature","geometry":{"type":"Polygon","coordinates":[[[87.57388,22.914721],[87.57388,22.905833],[87.5644,22.905833],[87.5644,22.915087],[87.573335,22.915087],[87.57388,22.914721]]]},"properties":{"id":"SYN-ARAMBAGH-003-0047","block":"Goghat - Ii","mouza":"SYNTHETIC_MOUZA_003","plot":"SYN-003-0047","areaSqm":0,"real":false}},{"type":"Feature","geometry":{"type":"Polygon","coordinates":[[[87.568008,22.918667],[87.573335,22.915087],[87.5644,22.915087],[87.5644,22.919458],[87.568008,22.918667]]]},"properties":{"id":"SYN-ARAMBAGH-003-0048","block":"Goghat - Ii","mouza":"SYNTHETIC_MOUZA_003","plot":"SYN-003-0048","areaSqm":0,"real":false}},{"type":"Feature","geometry":{"type":"Polygon","coordinates":[[[87.575889,22.850308],[87.583359,22.850308],[87.583359,22.847161],[87.575889,22.850308]]]},"properties":{"id":"SYN-ARAMBAGH-003-0049","block":"Goghat - Ii","mouza":"SYNTHETIC_MOUZA_003","plot":"SYN-003-0049","areaSqm":0,"real":false}},{"type":"Feature","geometry":{"type":"Polygon","coordinates":[[[87.57388,22.851154],[87.57388,22.859562],[87.583359,22.859562],[87.583359,22.850308],[87.575889,22.850308],[87.57388,22.851154]]]},"properties":{"id":"SYN-ARAMBAGH-003-0050","block":"Goghat - Ii","mouza":"SYNTHETIC_MOUZA_003","plot":"SYN-003-0050","areaSqm":0,"real":false}},{"type":"Feature","geometry":{"type":"Polygon","coordinates":[[[87.57388,22.859562],[87.57388,22.868816],[87.583359,22.868816],[87.583359,22.859562],[87.57388,22.859562]]]},"properties":{"id":"SYN-ARAMBAGH-003-0051","block":"Goghat - Ii","mouza":"SYNTHETIC_MOUZA_003","plot":"SYN-003-0051","areaSqm":0,"real":false}},{"type":"Feature","geometry":{"type":"Polygon","coordinates":[[[87.57388,22.868816],[87.57388,22.87807],[87.583359,22.87807],[87.583359,22.868816],[87.57388,22.868816]]]},"properties":{"id":"SYN-ARAMBAGH-003-0052","block":"Goghat - Ii","mouza":"SYNTHETIC_MOUZA_003","plot":"SYN-003-0052","areaSqm":0,"real":false}},{"type":"Feature","geometry":{"type":"Polygon","coordinates":[[[87.57388,22.87807],[87.57388,22.887325],[87.583359,22.887325],[87.583359,22.87807],[87.57388,22.87807]]]},"properties":{"id":"SYN-ARAMBAGH-003-0053","block":"Goghat - Ii","mouza":"SYNTHETIC_MOUZA_003","plot":"SYN-003-0053","areaSqm":0,"real":false}},{"type":"Feature","geometry":{"type":"Polygon","coordinates":[[[87.57388,22.887325],[87.57388,22.896579],[87.583359,22.896579],[87.583359,22.887325],[87.57388,22.887325]]]},"properties":{"id":"SYN-ARAMBAGH-003-0054","block":"Goghat - Ii","mouza":"SYNTHETIC_MOUZA_003","plot":"SYN-003-0054","areaSqm":0,"real":false}},{"type":"Feature","geometry":{"type":"Polygon","coordinates":[[[87.57388,22.896579],[87.57388,22.905833],[87.583359,22.905833],[87.583359,22.896579],[87.57388,22.896579]]]},"properties":{"id":"SYN-ARAMBAGH-003-0055","block":"Goghat - Ii","mouza":"SYNTHETIC_MOUZA_003","plot":"SYN-003-0055","areaSqm":0,"real":false}},{"type":"Feature","geometry":{"type":"Polygon","coordinates":[[[87.575073,22.913919],[87.575798,22.911848],[87.583359,22.90951],[87.583359,22.905833],[87.57388,22.905833],[87.57388,22.914721],[87.575073,22.913919]]]},"properties":{"id":"SYN-ARAMBAGH-003-0056","block":"Goghat - Ii","mouza":"SYNTHETIC_MOUZA_003","plot":"SYN-003-0056","areaSqm":0,"real":false}},{"type":"Feature","geometry":{"type":"Polygon","coordinates":[[[87.592178,22.843447],[87.583359,22.847161],[87.583359,22.850308],[87.592839,22.850308],[87.592839,22.843628],[87.592178,22.843447]]]},"properties":{"id":"SYN-ARAMBAGH-003-0057","block":"Goghat - Ii","mouza":"SYNTHETIC_MOUZA_003","plot":"SYN-003-0057","areaSqm":0,"real":false}},{"type":"Feature","geometry":{"type":"Polygon","coordinates":[[[87.583359,22.850308],[87.583359,22.859562],[87.592839,22.859562],[87.592839,22.850308],[87.583359,22.850308]]]},"properties":{"id":"SYN-ARAMBAGH-003-0058","block":"Goghat - Ii","mouza":"SYNTHETIC_MOUZA_003","plot":"SYN-003-0058","areaSqm":0,"real":false}},{"type":"Feature","geometry":{"type":"Polygon","coordinates":[[[87.583359,22.859562],[87.583359,22.868816],[87.592839,22.868816],[87.592839,22.859562],[87.583359,22.859562]]]},"properties":{"id":"SYN-ARAMBAGH-003-0059","block":"Goghat - Ii","mouza":"SYNTHETIC_MOUZA_003","plot":"SYN-003-0059","areaSqm":0,"real":false}},{"type":"Feature","geometry":{"type":"Polygon","coordinates":[[[87.583359,22.868816],[87.583359,22.87807],[87.592839,22.87807],[87.592839,22.868816],[87.583359,22.868816]]]},"properties":{"id":"SYN-ARAMBAGH-003-0060","block":"Goghat - Ii","mouza":"SYNTHETIC_MOUZA_003","plot":"SYN-003-0060","areaSqm":0,"real":false}},{"type":"Feature","geometry":{"type":"Polygon","coordinates":[[[87.583359,22.87807],[87.583359,22.887325],[87.592839,22.887325],[87.592839,22.87807],[87.583359,22.87807]]]},"properties":{"id":"SYN-ARAMBAGH-003-0061","block":"Goghat - Ii","mouza":"SYNTHETIC_MOUZA_003","plot":"SYN-003-0061","areaSqm":0,"real":false}},{"type":"Feature","geometry":{"type":"Polygon","coordinates":[[[87.583359,22.887325],[87.583359,22.896579],[87.592839,22.896579],[87.592839,22.887325],[87.583359,22.887325]]]},"properties":{"id":"SYN-ARAMBAGH-003-0062","block":"Goghat - Ii","mouza":"SYNTHETIC_MOUZA_003","plot":"SYN-003-0062","areaSqm":0,"real":false}},{"type":"Feature","geometry":{"type":"Polygon","coordinates":[[[87.587555,22.901777],[87.58847,22.89953],[87.592839,22.89666],[87.592839,22.896579],[87.583359,22.896579],[87.583359,22.905833],[87.588862,22.905833],[87.587555,22.901777]]]},"properties":{"id":"SYN-ARAMBAGH-003-0063","block":"Goghat - Ii","mouza":"SYNTHETIC_MOUZA_003","plot":"SYN-003-0063","areaSqm":0,"real":false}},{"type":"Feature","geometry":{"type":"Polygon","coordinates":[[[87.587296,22.908293],[87.588966,22.906157],[87.588862,22.905833],[87.583359,22.905833],[87.583359,22.90951],[87.587296,22.908293]]]},"properties":{"id":"SYN-ARAMBAGH-003-0064","block":"Goghat - Ii","mouza":"SYNTHETIC_MOUZA_003","plot":"SYN-003-0064","areaSqm":0,"real":false}},{"type":"Feature","geometry":{"type":"Polygon","coordinates":[[[87.601944,22.846128],[87.592839,22.843628],[87.592839,22.850308],[87.602319,22.850308],[87.602319,22.846375],[87.601944,22.846128]]]},"properties":{"id":"SYN-ARAMBAGH-003-0065","block":"Goghat - Ii","mouza":"SYNTHETIC_MOUZA_003","plot":"SYN-003-0065","areaSqm":0,"real":false}},{"type":"Feature","geometry":{"type":"Polygon","coordinates":[[[87.592839,22.850308],[87.592839,22.859562],[87.602319,22.859562],[87.602319,22.850308],[87.592839,22.850308]]]},"properties":{"id":"SYN-ARAMBAGH-003-0066","block":"Goghat - Ii","mouza":"SYNTHETIC_MOUZA_003","plot":"SYN-003-0066","areaSqm":0,"real":false}},{"type":"Feature","geometry":{"type":"Polygon","coordinates":[[[87.592839,22.859562],[87.592839,22.868816],[87.602319,22.868816],[87.602319,22.859562],[87.592839,22.859562]]]},"properties":{"id":"SYN-ARAMBAGH-003-0067","block":"Goghat - Ii","mouza":"SYNTHETIC_MOUZA_003","plot":"SYN-003-0067","areaSqm":0,"real":false}},{"type":"Feature","geometry":{"type":"Polygon","coordinates":[[[87.592839,22.868816],[87.592839,22.87807],[87.602319,22.87807],[87.602319,22.868816],[87.592839,22.868816]]]},"properties":{"id":"SYN-ARAMBAGH-003-0068","block":"Goghat - Ii","mouza":"SYNTHETIC_MOUZA_003","plot":"SYN-003-0068","areaSqm":0,"real":false}},{"type":"Feature","geometry":{"type":"Polygon","coordinates":[[[87.592839,22.87807],[87.592839,22.887325],[87.602319,22.887325],[87.602319,22.87807],[87.592839,22.87807]]]},"properties":{"id":"SYN-ARAMBAGH-003-0069","block":"Goghat - Ii","mouza":"SYNTHETIC_MOUZA_003","plot":"SYN-003-0069","areaSqm":0,"real":false}},{"type":"Feature","geometry":{"type":"Polygon","coordinates":[[[87.595779,22.894728],[87.599381,22.896579],[87.602319,22.896579],[87.602319,22.887325],[87.592839,22.887325],[87.592839,22.896579],[87.592962,22.896579],[87.595779,22.894728]]]},"properties":{"id":"SYN-ARAMBAGH-003-0070","block":"Goghat - Ii","mouza":"SYNTHETIC_MOUZA_003","plot":"SYN-003-0070","areaSqm":0,"real":false}},{"type":"Feature","geometry":{"type":"MultiPolygon","coordinates":[[[[87.602319,22.898088],[87.602319,22.896579],[87.599381,22.896579],[87.602319,22.898088]]],[[[87.592962,22.896579],[87.592839,22.896579],[87.592839,22.89666],[87.592962,22.896579]]]]},"properties":{"id":"SYN-ARAMBAGH-003-0071","block":"Goghat - Ii","mouza":"SYNTHETIC_MOUZA_003","plot":"SYN-003-0071","areaSqm":0,"real":false}},{"type":"Feature","geometry":{"type":"Polygon","coordinates":[[[87.602319,22.846375],[87.602319,22.850308],[87.608291,22.850308],[87.602319,22.846375]]]},"properties":{"id":"SYN-ARAMBAGH-003-0072","block":"Goghat - Ii","mouza":"SYNTHETIC_MOUZA_003","plot":"SYN-003-0072","areaSqm":0,"real":false}},{"type":"Feature","geometry":{"type":"Polygon","coordinates":[[[87.608994,22.850771],[87.608291,22.850308],[87.602319,22.850308],[87.602319,22.859562],[87.611798,22.859562],[87.611798,22.850811],[87.608994,22.850771]]]},"properties":{"id":"SYN-ARAMBAGH-003-0073","block":"Goghat - Ii","mouza":"SYNTHETIC_MOUZA_003","plot":"SYN-003-0073","areaSqm":0,"real":false}},{"type":"Feature","geometry":{"type":"Polygon","coordinates":[[[87.602319,22.859562],[87.602319,22.868816],[87.611798,22.868816],[87.611798,22.859562],[87.602319,22.859562]]]},"properties":{"id":"SYN-ARAMBAGH-003-0074","block":"Goghat - Ii","mouza":"SYNTHETIC_MOUZA_003","plot":"SYN-003-0074","areaSqm":0,"real":false}},{"type":"Feature","geometry":{"type":"Polygon","coordinates":[[[87.602319,22.868816],[87.602319,22.87807],[87.611798,22.87807],[87.611798,22.868816],[87.602319,22.868816]]]},"properties":{"id":"SYN-ARAMBAGH-003-0075","block":"Goghat - Ii","mouza":"SYNTHETIC_MOUZA_003","plot":"SYN-003-0075","areaSqm":0,"real":false}},{"type":"Feature","geometry":{"type":"Polygon","coordinates":[[[87.602319,22.87807],[87.602319,22.887325],[87.611798,22.887325],[87.611798,22.87807],[87.602319,22.87807]]]},"properties":{"id":"SYN-ARAMBAGH-003-0076","block":"Goghat - Ii","mouza":"SYNTHETIC_MOUZA_003","plot":"SYN-003-0076","areaSqm":0,"real":false}},{"type":"Feature","geometry":{"type":"Polygon","coordinates":[[[87.60878,22.892895],[87.611798,22.892433],[87.611798,22.887325],[87.602319,22.887325],[87.602319,22.896579],[87.605797,22.896579],[87.60878,22.892895]]]},"properties":{"id":"SYN-ARAMBAGH-003-0077","block":"Goghat - Ii","mouza":"SYNTHETIC_MOUZA_003","plot":"SYN-003-0077","areaSqm":0,"real":false}},{"type":"Feature","geometry":{"type":"Polygon","coordinates":[[[87.603912,22.898907],[87.605797,22.896579],[87.602319,22.896579],[87.602319,22.898088],[87.603912,22.898907]]]},"properties":{"id":"SYN-ARAMBAGH-003-0078","block":"Goghat - Ii","mouza":"SYNTHETIC_MOUZA_003","plot":"SYN-003-0078","areaSqm":0,"real":false}},{"type":"Feature","geometry":{"type":"Polygon","coordinates":[[[87.619518,22.850308],[87.621278,22.850308],[87.621278,22.848658],[87.619518,22.850308]]]},"properties":{"id":"SYN-ARAMBAGH-003-0079","block":"Goghat - Ii","mouza":"SYNTHETIC_MOUZA_003","plot":"SYN-003-0079","areaSqm":0,"real":false}},{"type":"Feature","geometry":{"type":"Polygon","coordinates":[[[87.618874,22.850912],[87.611798,22.850811],[87.611798,22.859562],[87.621278,22.859562],[87.621278,22.850308],[87.619518,22.850308],[87.618874,22.850912]]]},"properties":{"id":"SYN-ARAMBAGH-003-0080","block":"Goghat - Ii","mouza":"SYNTHETIC_MOUZA_003","plot":"SYN-003-0080","areaSqm":0,"real":false}},{"type":"Feature","geometry":{"type":"Polygon","coordinates":[[[87.611798,22.859562],[87.611798,22.868816],[87.621278,22.868816],[87.621278,22.859562],[87.611798,22.859562]]]},"properties":{"id":"SYN-ARAMBAGH-003-0081","block":"Goghat - Ii","mouza":"SYNTHETIC_MOUZA_003","plot":"SYN-003-0081","areaSqm":0,"real":false}},{"type":"Feature","geometry":{"type":"Polygon","coordinates":[[[87.611798,22.868816],[87.611798,22.87807],[87.621278,22.87807],[87.621278,22.868816],[87.611798,22.868816]]]},"properties":{"id":"SYN-ARAMBAGH-003-0082","block":"Goghat - Ii","mouza":"SYNTHETIC_MOUZA_003","plot":"SYN-003-0082","areaSqm":0,"real":false}},{"type":"Feature","geometry":{"type":"Polygon","coordinates":[[[87.611798,22.87807],[87.611798,22.887325],[87.621278,22.887325],[87.621278,22.87807],[87.611798,22.87807]]]},"properties":{"id":"SYN-ARAMBAGH-003-0083","block":"Goghat - Ii","mouza":"SYNTHETIC_MOUZA_003","plot":"SYN-003-0083","areaSqm":0,"real":false}},{"type":"Feature","geometry":{"type":"Polygon","coordinates":[[[87.617989,22.891485],[87.621278,22.892666],[87.621278,22.887325],[87.611798,22.887325],[87.611798,22.892433],[87.617989,22.891485]]]},"properties":{"id":"SYN-ARAMBAGH-003-0084","block":"Goghat - Ii","mouza":"SYNTHETIC_MOUZA_003","plot":"SYN-003-0084","areaSqm":0,"real":false}},{"type":"Feature","geometry":{"type":"Polygon","coordinates":[[[87.629326,22.831799],[87.630757,22.831799],[87.630757,22.825328],[87.629326,22.831799]]]},"properties":{"id":"SYN-ARAMBAGH-003-0085","block":"Goghat - Ii","mouza":"SYNTHETIC_MOUZA_003","plot":"SYN-003-0085","areaSqm":0,"real":false}},{"type":"Feature","geometry":{"type":"Polygon","coordinates":[[[87.627373,22.840628],[87.627172,22.841054],[87.630757,22.841054],[87.630757,22.831799],[87.629326,22.831799],[87.627373,22.840628]]]},"properties":{"id":"SYN-ARAMBAGH-003-0086","block":"Goghat - Ii","mouza":"SYNTHETIC_MOUZA_003","plot":"SYN-003-0086","areaSqm":0,"real":false}},{"type":"Feature","geometry":{"type":"Polygon","coordinates":[[[87.625412,22.844782],[87.621278,22.848658],[87.621278,22.850308],[87.630757,22.850308],[87.630757,22.841054],[87.627172,22.841054],[87.625412,22.844782]]]},"properties":{"id":"SYN-ARAMBAGH-003-0087","block":"Goghat - Ii","mouza":"SYNTHETIC_MOUZA_003","plot":"SYN-003-0087","areaSqm":0,"real":false}},{"type":"Feature","geometry":{"type":"Polygon","coordinates":[[[87.621278,22.850308],[87.621278,22.859562],[87.630757,22.859562],[87.630757,22.850308],[87.621278,22.850308]]]},"properties":{"id":"SYN-ARAMBAGH-003-0088","block":"Goghat - Ii","mouza":"SYNTHETIC_MOUZA_003","plot":"SYN-003-0088","areaSqm":0,"real":false}},{"type":"Feature","geometry":{"type":"Polygon","coordinates":[[[87.621278,22.859562],[87.621278,22.868816],[87.630757,22.868816],[87.630757,22.859562],[87.621278,22.859562]]]},"properties":{"id":"SYN-ARAMBAGH-003-0089","block":"Goghat - Ii","mouza":"SYNTHETIC_MOUZA_003","plot":"SYN-003-0089","areaSqm":0,"real":false}},{"type":"Feature","geometry":{"type":"Polygon","coordinates":[[[87.621278,22.868816],[87.621278,22.87807],[87.630757,22.87807],[87.630757,22.868816],[87.621278,22.868816]]]},"properties":{"id":"SYN-ARAMBAGH-003-0090","block":"Goghat - Ii","mouza":"SYNTHETIC_MOUZA_003","plot":"SYN-003-0090","areaSqm":0,"real":false}},{"type":"Feature","geometry":{"type":"Polygon","coordinates":[[[87.621278,22.87807],[87.621278,22.887325],[87.630757,22.887325],[87.630757,22.87807],[87.621278,22.87807]]]},"properties":{"id":"SYN-ARAMBAGH-003-0091","block":"Goghat - Ii","mouza":"SYNTHETIC_MOUZA_003","plot":"SYN-003-0091","areaSqm":0,"real":false}},{"type":"Feature","geometry":{"type":"Polygon","coordinates":[[[87.630757,22.896071],[87.630757,22.887325],[87.621278,22.887325],[87.621278,22.892666],[87.630757,22.896071]]]},"properties":{"id":"SYN-ARAMBAGH-003-0092","block":"Goghat - Ii","mouza":"SYNTHETIC_MOUZA_003","plot":"SYN-003-0092","areaSqm":0,"real":false}},{"type":"Feature","geometry":{"type":"Polygon","coordinates":[[[87.627487,22.902515],[87.625816,22.903507],[87.62611,22.905833],[87.630757,22.905833],[87.630757,22.903017],[87.627487,22.902515]]]},"properties":{"id":"SYN-ARAMBAGH-003-0093","block":"Goghat - Ii","mouza":"SYNTHETIC_MOUZA_003","plot":"SYN-003-0093","areaSqm":0,"real":false}},{"type":"Feature","geometry":{"type":"Polygon","coordinates":[[[87.626953,22.912489],[87.628531,22.915087],[87.630757,22.915087],[87.630757,22.905833],[87.62611,22.905833],[87.626953,22.912489]]]},"properties":{"id":"SYN-ARAMBAGH-003-0094","block":"Goghat - Ii","mouza":"SYNTHETIC_MOUZA_003","plot":"SYN-003-0094","areaSqm":0,"real":false}},{"type":"Feature","geometry":{"type":"Polygon","coordinates":[[[87.630757,22.918751],[87.630757,22.915087],[87.628531,22.915087],[87.630757,22.918751]]]},"properties":{"id":"SYN-ARAMBAGH-003-0095","block":"Goghat - Ii","mouza":"SYNTHETIC_MOUZA_003","plot":"SYN-003-0095","areaSqm":0,"real":false}},{"type":"Feature","geometry":{"type":"Polygon","coordinates":[[[87.640091,22.812296],[87.636299,22.81242],[87.635671,22.813291],[87.640237,22.813291],[87.640237,22.812219],[87.640091,22.812296]]]},"properties":{"id":"SYN-ARAMBAGH-003-0096","block":"Goghat - Ii","mouza":"SYNTHETIC_MOUZA_003","plot":"SYN-003-0096","areaSqm":0,"real":false}},{"type":"Feature","geometry":{"type":"Polygon","coordinates":[[[87.632423,22.817797],[87.631373,22.822545],[87.640237,22.822545],[87.640237,22.813291],[87.635671,22.813291],[87.632423,22.817797]]]},"properties":{"id":"SYN-ARAMBAGH-003-0097","block":"Goghat - Ii","mouza":"SYNTHETIC_MOUZA_003","plot":"SYN-003-0097","areaSqm":0,"real":false}},{"type":"Feature","geometry":{"type":"Polygon","coordinates":[[[87.630757,22.825328],[87.630757,22.831799],[87.640237,22.831799],[87.640237,22.822545],[87.631373,22.822545],[87.630757,22.825328]]]},"properties":{"id":"SYN-ARAMBAGH-003-0098","block":"Goghat - Ii","mouza":"SYNTHETIC_MOUZA_003","plot":"SYN-003-0098","areaSqm":0,"real":false}},{"type":"Feature","geometry":{"type":"Polygon","coordinates":[[[87.630757,22.831799],[87.630757,22.841054],[87.640237,22.841054],[87.640237,22.831799],[87.630757,22.831799]]]},"properties":{"id":"SYN-ARAMBAGH-003-0099","block":"Goghat - Ii","mouza":"SYNTHETIC_MOUZA_003","plot":"SYN-003-0099","areaSqm":0,"real":false}},{"type":"Feature","geometry":{"type":"Polygon","coordinates":[[[87.630757,22.841054],[87.630757,22.850308],[87.640237,22.850308],[87.640237,22.841054],[87.630757,22.841054]]]},"properties":{"id":"SYN-ARAMBAGH-003-0100","block":"Goghat - Ii","mouza":"SYNTHETIC_MOUZA_003","plot":"SYN-003-0100","areaSqm":0,"real":false}},{"type":"Feature","geometry":{"type":"Polygon","coordinates":[[[87.630757,22.850308],[87.630757,22.859562],[87.640237,22.859562],[87.640237,22.850308],[87.630757,22.850308]]]},"properties":{"id":"SYN-ARAMBAGH-003-0101","block":"Goghat - Ii","mouza":"SYNTHETIC_MOUZA_003","plot":"SYN-003-0101","areaSqm":0,"real":false}},{"type":"Feature","geometry":{"type":"Polygon","coordinates":[[[87.630757,22.859562],[87.630757,22.868816],[87.640237,22.868816],[87.640237,22.859562],[87.630757,22.859562]]]},"properties":{"id":"SYN-ARAMBAGH-003-0102","block":"Goghat - Ii","mouza":"SYNTHETIC_MOUZA_003","plot":"SYN-003-0102","areaSqm":0,"real":false}},{"type":"Feature","geometry":{"type":"Polygon","coordinates":[[[87.630757,22.868816],[87.630757,22.87807],[87.640237,22.87807],[87.640237,22.868816],[87.630757,22.868816]]]},"properties":{"id":"SYN-ARAMBAGH-003-0103","block":"Goghat - Ii","mouza":"SYNTHETIC_MOUZA_003","plot":"SYN-003-0103","areaSqm":0,"real":false}},{"type":"Feature","geometry":{"type":"Polygon","coordinates":[[[87.630757,22.87807],[87.630757,22.887325],[87.640237,22.887325],[87.640237,22.87807],[87.630757,22.87807]]]},"properties":{"id":"SYN-ARAMBAGH-003-0104","block":"Goghat - Ii","mouza":"SYNTHETIC_MOUZA_003","plot":"SYN-003-0104","areaSqm":0,"real":false}},{"type":"Feature","geometry":{"type":"Polygon","coordinates":[[[87.630852,22.896105],[87.631159,22.896579],[87.640237,22.896579],[87.640237,22.887325],[87.630757,22.887325],[87.630757,22.896071],[87.630852,22.896105]]]},"properties":{"id":"SYN-ARAMBAGH-003-0105","block":"Goghat - Ii","mouza":"SYNTHETIC_MOUZA_003","plot":"SYN-003-0105","areaSqm":0,"real":false}},{"type":"Feature","geometry":{"type":"Polygon","coordinates":[[[87.633949,22.900885],[87.63266,22.903309],[87.630757,22.903017],[87.630757,22.905833],[87.640237,22.905833],[87.640237,22.896579],[87.631159,22.896579],[87.633949,22.900885]]]},"properties":{"id":"SYN-ARAMBAGH-003-0106","block":"Goghat - Ii","mouza":"SYNTHETIC_MOUZA_003","plot":"SYN-003-0106","areaSqm":0,"real":false}},{"type":"Feature","geometry":{"type":"Polygon","coordinates":[[[87.630757,22.905833],[87.630757,22.915087],[87.640237,22.915087],[87.640237,22.905833],[87.630757,22.905833]]]},"properties":{"id":"SYN-ARAMBAGH-003-0107","block":"Goghat - Ii","mouza":"SYNTHETIC_MOUZA_003","plot":"SYN-003-0107","areaSqm":0,"real":false}},{"type":"Feature","geometry":{"type":"Polygon","coordinates":[[[87.630867,22.918932],[87.633873,22.920765],[87.640237,22.921448],[87.640237,22.915087],[87.630757,22.915087],[87.630757,22.918751],[87.630867,22.918932]]]},"properties":{"id":"SYN-ARAMBAGH-003-0108","block":"Goghat - Ii","mouza":"SYNTHETIC_MOUZA_003","plot":"SYN-003-0108","areaSqm":0,"real":false}},{"type":"Feature","geometry":{"type":"Polygon","coordinates":[[[87.640237,22.812219],[87.640237,22.813291],[87.649716,22.813291],[87.649716,22.807211],[87.640237,22.812219]]]},"properties":{"id":"SYN-ARAMBAGH-003-0109","block":"Goghat - Ii","mouza":"SYNTHETIC_MOUZA_003","plot":"SYN-003-0109","areaSqm":0,"real":false}},{"type":"Feature","geometry":{"type":"Polygon","coordinates":[[[87.640237,22.813291],[87.640237,22.822545],[87.649716,22.822545],[87.649716,22.813291],[87.640237,22.813291]]]},"properties":{"id":"SYN-ARAMBAGH-003-0110","block":"Goghat - Ii","mouza":"SYNTHETIC_MOUZA_003","plot":"SYN-003-0110","areaSqm":0,"real":false}},{"type":"Feature","geometry":{"type":"Polygon","coordinates":[[[87.640237,22.822545],[87.640237,22.831799],[87.649716,22.831799],[87.649716,22.822545],[87.640237,22.822545]]]},"properties":{"id":"SYN-ARAMBAGH-003-0111","block":"Goghat - Ii","mouza":"SYNTHETIC_MOUZA_003","plot":"SYN-003-0111","areaSqm":0,"real":false}},{"type":"Feature","geometry":{"type":"Polygon","coordinates":[[[87.640237,22.831799],[87.640237,22.841054],[87.649716,22.841054],[87.649716,22.831799],[87.640237,22.831799]]]},"properties":{"id":"SYN-ARAMBAGH-003-0112","block":"Goghat - Ii","mouza":"SYNTHETIC_MOUZA_003","plot":"SYN-003-0112","areaSqm":0,"real":false}},{"type":"Feature","geometry":{"type":"Polygon","coordinates":[[[87.640237,22.841054],[87.640237,22.850308],[87.649716,22.850308],[87.649716,22.841054],[87.640237,22.841054]]]},"properties":{"id":"SYN-ARAMBAGH-003-0113","block":"Goghat - Ii","mouza":"SYNTHETIC_MOUZA_003","plot":"SYN-003-0113","areaSqm":0,"real":false}},{"type":"Feature","geometry":{"type":"Polygon","coordinates":[[[87.640237,22.850308],[87.640237,22.859562],[87.649716,22.859562],[87.649716,22.850308],[87.640237,22.850308]]]},"properties":{"id":"SYN-ARAMBAGH-003-0114","block":"Goghat - Ii","mouza":"SYNTHETIC_MOUZA_003","plot":"SYN-003-0114","areaSqm":0,"real":false}},{"type":"Feature","geometry":{"type":"Polygon","coordinates":[[[87.640237,22.859562],[87.640237,22.868816],[87.649716,22.868816],[87.649716,22.859562],[87.640237,22.859562]]]},"properties":{"id":"SYN-ARAMBAGH-003-0115","block":"Goghat - Ii","mouza":"SYNTHETIC_MOUZA_003","plot":"SYN-003-0115","areaSqm":0,"real":false}},{"type":"Feature","geometry":{"type":"Polygon","coordinates":[[[87.640237,22.868816],[87.640237,22.87807],[87.649716,22.87807],[87.649716,22.868816],[87.640237,22.868816]]]},"properties":{"id":"SYN-ARAMBAGH-003-0116","block":"Goghat - Ii","mouza":"SYNTHETIC_MOUZA_003","plot":"SYN-003-0116","areaSqm":0,"real":false}},{"type":"Feature","geometry":{"type":"Polygon","coordinates":[[[87.640237,22.87807],[87.640237,22.887325],[87.649716,22.887325],[87.649716,22.87807],[87.640237,22.87807]]]},"properties":{"id":"SYN-ARAMBAGH-003-0117","block":"Goghat - Ii","mouza":"SYNTHETIC_MOUZA_003","plot":"SYN-003-0117","areaSqm":0,"real":false}},{"type":"Feature","geometry":{"type":"Polygon","coordinates":[[[87.640237,22.887325],[87.640237,22.896579],[87.649716,22.896579],[87.649716,22.887325],[87.640237,22.887325]]]},"properties":{"id":"SYN-ARAMBAGH-003-0118","block":"Goghat - Ii","mouza":"SYNTHETIC_MOUZA_003","plot":"SYN-003-0118","areaSqm":0,"real":false}},{"type":"Feature","geometry":{"type":"Polygon","coordinates":[[[87.640237,22.896579],[87.640237,22.905833],[87.649716,22.905833],[87.649716,22.896579],[87.640237,22.896579]]]},"properties":{"id":"SYN-ARAMBAGH-003-0119","block":"Goghat - Ii","mouza":"SYNTHETIC_MOUZA_003","plot":"SYN-003-0119","areaSqm":0,"real":false}},{"type":"Feature","geometry":{"type":"Polygon","coordinates":[[[87.640237,22.905833],[87.640237,22.915087],[87.649716,22.915087],[87.649716,22.905833],[87.640237,22.905833]]]},"properties":{"id":"SYN-ARAMBAGH-003-0120","block":"Goghat - Ii","mouza":"SYNTHETIC_MOUZA_003","plot":"SYN-003-0120","areaSqm":0,"real":false}},{"type":"Feature","geometry":{"type":"Polygon","coordinates":[[[87.646896,22.922163],[87.64712,22.924342],[87.649716,22.924342],[87.649716,22.915087],[87.640237,22.915087],[87.640237,22.921448],[87.646896,22.922163]]]},"properties":{"id":"SYN-ARAMBAGH-003-0121","block":"Goghat - Ii","mouza":"SYNTHETIC_MOUZA_003","plot":"SYN-003-0121","areaSqm":0,"real":false}},{"type":"Feature","geometry":{"type":"Polygon","coordinates":[[[87.647827,22.931206],[87.649716,22.933287],[87.649716,22.924342],[87.64712,22.924342],[87.647827,22.931206]]]},"properties":{"id":"SYN-ARAMBAGH-003-0122","block":"Goghat - Ii","mouza":"SYNTHETIC_MOUZA_003","plot":"SYN-003-0122","areaSqm":0,"real":false}},{"type":"Feature","geometry":{"type":"Polygon","coordinates":[[[87.647667,22.968204],[87.647793,22.970613],[87.649716,22.970613],[87.649716,22.968355],[87.647667,22.968204]]]},"properties":{"id":"SYN-ARAMBAGH-003-0123","block":"Goghat - Ii","mouza":"SYNTHETIC_MOUZA_003","plot":"SYN-003-0123","areaSqm":0,"real":false}},{"type":"Feature","geometry":{"type":"Polygon","coordinates":[[[87.648186,22.978119],[87.647724,22.979867],[87.649716,22.979867],[87.649716,22.970613],[87.647793,22.970613],[87.648186,22.978119]]]},"properties":{"id":"SYN-ARAMBAGH-003-0124","block":"Goghat - Ii","mouza":"SYNTHETIC_MOUZA_003","plot":"SYN-003-0124","areaSqm":0,"real":false}},{"type":"Feature","geometry":{"type":"Polygon","coordinates":[[[87.645699,22.98752],[87.648273,22.989121],[87.649716,22.989121],[87.649716,22.979867],[87.647724,22.979867],[87.645699,22.98752]]]},"properties":{"id":"SYN-ARAMBAGH-003-0125","block":"Goghat - Ii","mouza":"SYNTHETIC_MOUZA_003","plot":"SYN-003-0125","areaSqm":0,"real":false}},{"type":"Feature","geometry":{"type":"Polygon","coordinates":[[[87.649716,22.990018],[87.649716,22.989121],[87.648273,22.989121],[87.649716,22.990018]]]},"properties":{"id":"SYN-ARAMBAGH-003-0126","block":"Goghat - Ii","mouza":"SYNTHETIC_MOUZA_003","plot":"SYN-003-0126","areaSqm":0,"real":false}},{"type":"Feature","geometry":{"type":"Polygon","coordinates":[[[87.656868,22.806355],[87.649864,22.807133],[87.649716,22.807211],[87.649716,22.813291],[87.659196,22.813291],[87.659196,22.807197],[87.656868,22.806355]]]},"properties":{"id":"SYN-ARAMBAGH-003-0127","block":"Goghat - Ii","mouza":"SYNTHETIC_MOUZA_003","plot":"SYN-003-0127","areaSqm":0,"real":false}},{"type":"Feature","geometry":{"type":"Polygon","coordinates":[[[87.649716,22.813291],[87.649716,22.822545],[87.659196,22.822545],[87.659196,22.813291],[87.649716,22.813291]]]},"properties":{"id":"SYN-ARAMBAGH-003-0128","block":"Goghat - Ii","mouza":"SYNTHETIC_MOUZA_003","plot":"SYN-003-0128","areaSqm":0,"real":false}},{"type":"Feature","geometry":{"type":"Polygon","coordinates":[[[87.656997,22.831412],[87.657198,22.829326],[87.659196,22.828371],[87.659196,22.822545],[87.649716,22.822545],[87.649716,22.831799],[87.657425,22.831799],[87.656997,22.831412]]]},"properties":{"id":"SYN-ARAMBAGH-003-0129","block":"Goghat - Ii","mouza":"SYNTHETIC_MOUZA_003","plot":"SYN-003-0129","areaSqm":0,"real":false}},{"type":"Feature","geometry":{"type":"Polygon","coordinates":[[[87.658209,22.832509],[87.657425,22.831799],[87.649716,22.831799],[87.649716,22.841054],[87.659196,22.841054],[87.659196,22.832297],[87.658209,22.832509]]]},"properties":{"id":"SYN-ARAMBAGH-003-0130","block":"Goghat - Ii","mouza":"SYNTHETIC_MOUZA_003","plot":"SYN-003-0130","areaSqm":0,"real":false}},{"type":"Feature","geometry":{"type":"Polygon","coordinates":[[[87.649716,22.841054],[87.649716,22.850308],[87.659196,22.850308],[87.659196,22.841054],[87.649716,22.841054]]]},"properties":{"id":"SYN-ARAMBAGH-003-0131","block":"Goghat - Ii","mouza":"SYNTHETIC_MOUZA_003","plot":"SYN-003-0131","areaSqm":0,"real":false}},{"type":"Feature","geometry":{"type":"Polygon","coordinates":[[[87.649716,22.850308],[87.649716,22.859562],[87.659196,22.859562],[87.659196,22.850308],[87.649716,22.850308]]]},"properties":{"id":"SYN-ARAMBAGH-003-0132","block":"Goghat - Ii","mouza":"SYNTHETIC_MOUZA_003","plot":"SYN-003-0132","areaSqm":0,"real":false}},{"type":"Feature","geometry":{"type":"Polygon","coordinates":[[[87.649716,22.859562],[87.649716,22.868816],[87.659196,22.868816],[87.659196,22.859562],[87.649716,22.859562]]]},"properties":{"id":"SYN-ARAMBAGH-003-0133","block":"Goghat - Ii","mouza":"SYNTHETIC_MOUZA_003","plot":"SYN-003-0133","areaSqm":0,"real":false}},{"type":"Feature","geometry":{"type":"Polygon","coordinates":[[[87.649716,22.868816],[87.649716,22.87807],[87.659196,22.87807],[87.659196,22.868816],[87.649716,22.868816]]]},"properties":{"id":"SYN-ARAMBAGH-003-0134","block":"Goghat - Ii","mouza":"SYNTHETIC_MOUZA_003","plot":"SYN-003-0134","areaSqm":0,"real":false}},{"type":"Feature","geometry":{"type":"Polygon","coordinates":[[[87.649716,22.87807],[87.649716,22.887325],[87.659196,22.887325],[87.659196,22.87807],[87.649716,22.87807]]]},"properties":{"id":"SYN-ARAMBAGH-003-0135","block":"Goghat - Ii","mouza":"SYNTHETIC_MOUZA_003","plot":"SYN-003-0135","areaSqm":0,"real":false}},{"type":"Feature","geometry":{"type":"Polygon","coordinates":[[[87.649716,22.887325],[87.649716,22.896579],[87.659196,22.896579],[87.659196,22.887325],[87.649716,22.887325]]]},"properties":{"id":"SYN-ARAMBAGH-003-0136","block":"Goghat - Ii","mouza":"SYNTHETIC_MOUZA_003","plot":"SYN-003-0136","areaSqm":0,"real":false}},{"type":"Feature","geometry":{"type":"Polygon","coordinates":[[[87.649716,22.896579],[87.649716,22.905833],[87.659196,22.905833],[87.659196,22.896579],[87.649716,22.896579]]]},"properties":{"id":"SYN-ARAMBAGH-003-0137","block":"Goghat - Ii","mouza":"SYNTHETIC_MOUZA_003","plot":"SYN-003-0137","areaSqm":0,"real":false}},{"type":"Feature","geometry":{"type":"Polygon","coordinates":[[[87.649716,22.905833],[87.649716,22.915087],[87.659196,22.915087],[87.659196,22.905833],[87.649716,22.905833]]]},"properties":{"id":"SYN-ARAMBAGH-003-0138","block":"Goghat - Ii","mouza":"SYNTHETIC_MOUZA_003","plot":"SYN-003-0138","areaSqm":0,"real":false}},{"type":"Feature","geometry":{"type":"Polygon","coordinates":[[[87.649716,22.915087],[87.649716,22.924342],[87.659196,22.924342],[87.659196,22.915087],[87.649716,22.915087]]]},"properties":{"id":"SYN-ARAMBAGH-003-0139","block":"Goghat - Ii","mouza":"SYNTHETIC_MOUZA_003","plot":"SYN-003-0139","areaSqm":0,"real":false}},{"type":"Feature","geometry":{"type":"Polygon","coordinates":[[[87.649997,22.933596],[87.659196,22.933596],[87.659196,22.924342],[87.649716,22.924342],[87.649716,22.933287],[87.649997,22.933596]]]},"properties":{"id":"SYN-ARAMBAGH-003-0140","block":"Goghat - Ii","mouza":"SYNTHETIC_MOUZA_003","plot":"SYN-003-0140","areaSqm":0,"real":false}},{"type":"Feature","geometry":{"type":"Polygon","coordinates":[[[87.652206,22.936028],[87.654655,22.942425],[87.654709,22.94285],[87.659196,22.94285],[87.659196,22.933596],[87.649997,22.933596],[87.652206,22.936028]]]},"properties":{"id":"SYN-ARAMBAGH-003-0141","block":"Goghat - Ii","mouza":"SYNTHETIC_MOUZA_003","plot":"SYN-003-0141","areaSqm":0,"real":false}},{"type":"Feature","geometry":{"type":"Polygon","coordinates":[[[87.655885,22.952104],[87.659196,22.952104],[87.659196,22.94285],[87.654709,22.94285],[87.655885,22.952104]]]},"properties":{"id":"SYN-ARAMBAGH-003-0142","block":"Goghat - Ii","mouza":"SYNTHETIC_MOUZA_003","plot":"SYN-003-0142","areaSqm":0,"real":false}},{"type":"Feature","geometry":{"type":"Polygon","coordinates":[[[87.656418,22.956303],[87.65589,22.961358],[87.659196,22.961358],[87.659196,22.952104],[87.655885,22.952104],[87.656418,22.956303]]]},"properties":{"id":"SYN-ARAMBAGH-003-0143","block":"Goghat - Ii","mouza":"SYNTHETIC_MOUZA_003","plot":"SYN-003-0143","areaSqm":0,"real":false}},{"type":"Feature","geometry":{"type":"Polygon","coordinates":[[[87.655418,22.965879],[87.652229,22.96854],[87.649716,22.968355],[87.649716,22.970613],[87.659196,22.970613],[87.659196,22.961358],[87.65589,22.961358],[87.655418,22.965879]]]},"properties":{"id":"SYN-ARAMBAGH-003-0144","block":"Goghat - Ii","mouza":"SYNTHETIC_MOUZA_003","plot":"SYN-003-0144","areaSqm":0,"real":false}},{"type":"Feature","geometry":{"type":"Polygon","coordinates":[[[87.649716,22.970613],[87.649716,22.979867],[87.659196,22.979867],[87.659196,22.970613],[87.649716,22.970613]]]},"properties":{"id":"SYN-ARAMBAGH-003-0145","block":"Goghat - Ii","mouza":"SYNTHETIC_MOUZA_003","plot":"SYN-003-0145","areaSqm":0,"real":false}},{"type":"Feature","geometry":{"type":"Polygon","coordinates":[[[87.649716,22.979867],[87.649716,22.989121],[87.659196,22.989121],[87.659196,22.979867],[87.649716,22.979867]]]},"properties":{"id":"SYN-ARAMBAGH-003-0146","block":"Goghat - Ii","mouza":"SYNTHETIC_MOUZA_003","plot":"SYN-003-0146","areaSqm":0,"real":false}},{"type":"Feature","geometry":{"type":"Polygon","coordinates":[[[87.650116,22.990267],[87.658638,22.989784],[87.659196,22.989531],[87.659196,22.989121],[87.649716,22.989121],[87.649716,22.990018],[87.650116,22.990267]]]},"properties":{"id":"SYN-ARAMBAGH-003-0147","block":"Goghat - Ii","mouza":"SYNTHETIC_MOUZA_003","plot":"SYN-003-0147","areaSqm":0,"real":false}},{"type":"Feature","geometry":{"type":"Polygon","coordinates":[[[87.663658,22.808811],[87.659196,22.807197],[87.659196,22.813291],[87.668676,22.813291],[87.668676,22.808757],[87.663658,22.808811]]]},"properties":{"id":"SYN-ARAMBAGH-003-0148","block":"Goghat - Ii","mouza":"SYNTHETIC_MOUZA_003","plot":"SYN-003-0148","areaSqm":0,"real":false}},{"type":"Feature","geometry":{"type":"Polygon","coordinates":[[[87.659196,22.813291],[87.659196,22.822545],[87.668676,22.822545],[87.668676,22.813291],[87.659196,22.813291]]]},"properties":{"id":"SYN-ARAMBAGH-003-0149","block":"Goghat - Ii","mouza":"SYNTHETIC_MOUZA_003","plot":"SYN-003-0149","areaSqm":0,"real":false}},{"type":"Feature","geometry":{"type":"MultiPolygon","coordinates":[[[[87.660627,22.827687],[87.660588,22.823656],[87.665761,22.824571],[87.666523,22.826265],[87.668676,22.825885],[87.668676,22.822545],[87.659196,22.822545],[87.659196,22.828371],[87.660627,22.827687]]],[[[87.66232,22.831625],[87.66151,22.831799],[87.663542,22.831799],[87.66232,22.831625]]]]},"properties":{"id":"SYN-ARAMBAGH-003-0150","block":"Goghat - Ii","mouza":"SYNTHETIC_MOUZA_003","plot":"SYN-003-0150","areaSqm":0,"real":false}},{"type":"Feature","geometry":{"type":"Polygon","coordinates":[[[87.659196,22.832297],[87.659196,22.841054],[87.668676,22.841054],[87.668676,22.832531],[87.663542,22.831799],[87.66151,22.831799],[87.659196,22.832297]]]},"properties":{"id":"SYN-ARAMBAGH-003-0151","block":"Goghat - Ii","mouza":"SYNTHETIC_MOUZA_003","plot":"SYN-003-0151","areaSqm":0,"real":false}},{"type":"Feature","geometry":{"type":"Polygon","coordinates":[[[87.659196,22.841054],[87.659196,22.850308],[87.668676,22.850308],[87.668676,22.841054],[87.659196,22.841054]]]},"properties":{"id":"SYN-ARAMBAGH-003-0152","block":"Goghat - Ii","mouza":"SYNTHETIC_MOUZA_003","plot":"SYN-003-0152","areaSqm":0,"real":false}},{"type":"Feature","geometry":{"type":"Polygon","coordinates":[[[87.659196,22.850308],[87.659196,22.859562],[87.668676,22.859562],[87.668676,22.850308],[87.659196,22.850308]]]},"properties":{"id":"SYN-ARAMBAGH-003-0153","block":"Goghat - Ii","mouza":"SYNTHETIC_MOUZA_003","plot":"SYN-003-0153","areaSqm":0,"real":false}},{"type":"Feature","geometry":{"type":"Polygon","coordinates":[[[87.659196,22.859562],[87.659196,22.868816],[87.668676,22.868816],[87.668676,22.859562],[87.659196,22.859562]]]},"properties":{"id":"SYN-ARAMBAGH-003-0154","block":"Goghat - Ii","mouza":"SYNTHETIC_MOUZA_003","plot":"SYN-003-0154","areaSqm":0,"real":false}},{"type":"Feature","geometry":{"type":"Polygon","coordinates":[[[87.659196,22.868816],[87.659196,22.87807],[87.668676,22.87807],[87.668676,22.868816],[87.659196,22.868816]]]},"properties":{"id":"SYN-ARAMBAGH-003-0155","block":"Goghat - Ii","mouza":"SYNTHETIC_MOUZA_003","plot":"SYN-003-0155","areaSqm":0,"real":false}},{"type":"Feature","geometry":{"type":"Polygon","coordinates":[[[87.660541,22.887131],[87.666636,22.885007],[87.668676,22.88312],[87.668676,22.87807],[87.659196,22.87807],[87.659196,22.887325],[87.660503,22.887325],[87.660541,22.887131]]]},"properties":{"id":"SYN-ARAMBAGH-003-0156","block":"Goghat - Ii","mouza":"SYNTHETIC_MOUZA_003","plot":"SYN-003-0156","areaSqm":0,"real":false}},{"type":"Feature","geometry":{"type":"Polygon","coordinates":[[[87.667697,22.893762],[87.662041,22.893502],[87.659948,22.890143],[87.660503,22.887325],[87.659196,22.887325],[87.659196,22.896579],[87.668676,22.896579],[87.668676,22.894715],[87.667697,22.893762]]]},"properties":{"id":"SYN-ARAMBAGH-003-0157","block":"Goghat - Ii","mouza":"SYNTHETIC_MOUZA_003","plot":"SYN-003-0157","areaSqm":0,"real":false}},{"type":"Feature","geometry":{"type":"Polygon","coordinates":[[[87.659196,22.896579],[87.659196,22.905833],[87.668676,22.905833],[87.668676,22.896579],[87.659196,22.896579]]]},"properties":{"id":"SYN-ARAMBAGH-003-0158","block":"Goghat - Ii","mouza":"SYNTHETIC_MOUZA_003","plot":"SYN-003-0158","areaSqm":0,"real":false}},{"type":"Feature","geometry":{"type":"Polygon","coordinates":[[[87.659196,22.905833],[87.659196,22.915087],[87.668676,22.915087],[87.668676,22.905833],[87.659196,22.905833]]]},"properties":{"id":"SYN-ARAMBAGH-003-0159","block":"Goghat - Ii","mouza":"SYNTHETIC_MOUZA_003","plot":"SYN-003-0159","areaSqm":0,"real":false}},{"type":"Feature","geometry":{"type":"Polygon","coordinates":[[[87.659196,22.915087],[87.659196,22.924342],[87.668676,22.924342],[87.668676,22.915087],[87.659196,22.915087]]]},"properties":{"id":"SYN-ARAMBAGH-003-0160","block":"Goghat - Ii","mouza":"SYNTHETIC_MOUZA_003","plot":"SYN-003-0160","areaSqm":0,"real":false}},{"type":"Feature","geometry":{"type":"Polygon","coordinates":[[[87.659196,22.924342],[87.659196,22.933596],[87.668676,22.933596],[87.668676,22.924342],[87.659196,22.924342]]]},"properties":{"id":"SYN-ARAMBAGH-003-0161","block":"Goghat - Ii","mouza":"SYNTHETIC_MOUZA_003","plot":"SYN-003-0161","areaSqm":0,"real":false}},{"type":"Feature","geometry":{"type":"Polygon","coordinates":[[[87.659196,22.933596],[87.659196,22.94285],[87.668676,22.94285],[87.668676,22.933596],[87.659196,22.933596]]]},"properties":{"id":"SYN-ARAMBAGH-003-0162","block":"Goghat - Ii","mouza":"SYNTHETIC_MOUZA_003","plot":"SYN-003-0162","areaSqm":0,"real":false}},{"type":"Feature","geometry":{"type":"Polygon","coordinates":[[[87.659196,22.94285],[87.659196,22.952104],[87.668676,22.952104],[87.668676,22.94285],[87.659196,22.94285]]]},"properties":{"id":"SYN-ARAMBAGH-003-0163","block":"Goghat - Ii","mouza":"SYNTHETIC_MOUZA_003","plot":"SYN-003-0163","areaSqm":0,"real":false}},{"type":"Feature","geometry":{"type":"Polygon","coordinates":[[[87.659196,22.952104],[87.659196,22.961358],[87.668676,22.961358],[87.668676,22.952104],[87.659196,22.952104]]]},"properties":{"id":"SYN-ARAMBAGH-003-0164","block":"Goghat - Ii","mouza":"SYNTHETIC_MOUZA_003","plot":"SYN-003-0164","areaSqm":0,"real":false}},{"type":"Feature","geometry":{"type":"Polygon","coordinates":[[[87.659196,22.961358],[87.659196,22.970613],[87.668676,22.970613],[87.668676,22.961358],[87.659196,22.961358]]]},"properties":{"id":"SYN-ARAMBAGH-003-0165","block":"Goghat - Ii","mouza":"SYNTHETIC_MOUZA_003","plot":"SYN-003-0165","areaSqm":0,"real":false}},{"type":"Feature","geometry":{"type":"Polygon","coordinates":[[[87.659196,22.970613],[87.659196,22.979867],[87.668676,22.979867],[87.668676,22.970613],[87.659196,22.970613]]]},"properties":{"id":"SYN-ARAMBAGH-003-0166","block":"Goghat - Ii","mouza":"SYNTHETIC_MOUZA_003","plot":"SYN-003-0166","areaSqm":0,"real":false}},{"type":"Feature","geometry":{"type":"Polygon","coordinates":[[[87.664154,22.987286],[87.668676,22.987945],[87.668676,22.979867],[87.659196,22.979867],[87.659196,22.989121],[87.660102,22.989121],[87.664154,22.987286]]]},"properties":{"id":"SYN-ARAMBAGH-003-0167","block":"Goghat - Ii","mouza":"SYNTHETIC_MOUZA_003","plot":"SYN-003-0167","areaSqm":0,"real":false}},{"type":"Feature","geometry":{"type":"Polygon","coordinates":[[[87.660102,22.989121],[87.659196,22.989121],[87.659196,22.989531],[87.660102,22.989121]]]},"properties":{"id":"SYN-ARAMBAGH-003-0168","block":"Goghat - Ii","mouza":"SYNTHETIC_MOUZA_003","plot":"SYN-003-0168","areaSqm":0,"real":false}},{"type":"Feature","geometry":{"type":"Polygon","coordinates":[[[87.672043,22.80872],[87.668676,22.808757],[87.668676,22.813291],[87.678155,22.813291],[87.678155,22.806761],[87.672043,22.80872]]]},"properties":{"id":"SYN-ARAMBAGH-003-0169","block":"Goghat - Ii","mouza":"SYNTHETIC_MOUZA_003","plot":"SYN-003-0169","areaSqm":0,"real":false}},{"type":"Feature","geometry":{"type":"Polygon","coordinates":[[[87.669912,22.818177],[87.671405,22.818775],[87.672526,22.822545],[87.678155,22.822545],[87.678155,22.813291],[87.668676,22.813291],[87.668676,22.822545],[87.670123,22.822545],[87.669912,22.818177]]]},"properties":{"id":"SYN-ARAMBAGH-003-0170","block":"Goghat - Ii","mouza":"SYNTHETIC_MOUZA_003","plot":"SYN-003-0170","areaSqm":0,"real":false}},{"type":"Feature","geometry":{"type":"MultiPolygon","coordinates":[[[[87.673113,22.824517],[87.678155,22.823341],[87.678155,22.822545],[87.672526,22.822545],[87.673113,22.824517]]],[[[87.67027,22.825603],[87.670123,22.822545],[87.668676,22.822545],[87.668676,22.825885],[87.67027,22.825603]]]]},"properties":{"id":"SYN-ARAMBAGH-003-0171","block":"Goghat - Ii","mouza":"SYNTHETIC_MOUZA_003","plot":"SYN-003-0171","areaSqm":0,"real":false}},{"type":"Feature","geometry":{"type":"Polygon","coordinates":[[[87.67608,22.833587],[87.668676,22.832531],[87.668676,22.841054],[87.678004,22.841054],[87.678155,22.839887],[87.678155,22.836174],[87.67608,22.833587]]]},"properties":{"id":"SYN-ARAMBAGH-003-0172","block":"Goghat - Ii","mouza":"SYNTHETIC_MOUZA_003","plot":"SYN-003-0172","areaSqm":0,"real":false}},{"type":"Feature","geometry":{"type":"Polygon","coordinates":[[[87.677999,22.841095],[87.678004,22.841054],[87.668676,22.841054],[87.668676,22.850308],[87.678155,22.850308],[87.678155,22.841255],[87.677999,22.841095]]]},"properties":{"id":"SYN-ARAMBAGH-003-0173","block":"Goghat - Ii","mouza":"SYNTHETIC_MOUZA_003","plot":"SYN-003-0173","areaSqm":0,"real":false}},{"type":"Feature","geometry":{"type":"Polygon","coordinates":[[[87.668676,22.850308],[87.668676,22.859562],[87.678155,22.859562],[87.678155,22.850308],[87.668676,22.850308]]]},"properties":{"id":"SYN-ARAMBAGH-003-0174","block":"Goghat - Ii","mouza":"SYNTHETIC_MOUZA_003","plot":"SYN-003-0174","areaSqm":0,"real":false}},{"type":"Feature","geometry":{"type":"Polygon","coordinates":[[[87.668676,22.859562],[87.668676,22.868816],[87.678155,22.868816],[87.678155,22.859562],[87.668676,22.859562]]]},"properties":{"id":"SYN-ARAMBAGH-003-0175","block":"Goghat - Ii","mouza":"SYNTHETIC_MOUZA_003","plot":"SYN-003-0175","areaSqm":0,"real":false}},{"type":"Feature","geometry":{"type":"Polygon","coordinates":[[[87.674757,22.87749],[87.678155,22.87634],[87.678155,22.868816],[87.668676,22.868816],[87.668676,22.87807],[87.67413,22.87807],[87.674757,22.87749]]]},"properties":{"id":"SYN-ARAMBAGH-003-0176","block":"Goghat - Ii","mouza":"SYNTHETIC_MOUZA_003","plot":"SYN-003-0176","areaSqm":0,"real":false}},{"type":"Feature","geometry":{"type":"Polygon","coordinates":[[[87.67413,22.87807],[87.668676,22.87807],[87.668676,22.88312],[87.67413,22.87807]]]},"properties":{"id":"SYN-ARAMBAGH-003-0177","block":"Goghat - Ii","mouza":"SYNTHETIC_MOUZA_003","plot":"SYN-003-0177","areaSqm":0,"real":false}},{"type":"Feature","geometry":{"type":"Polygon","coordinates":[[[87.668676,22.894715],[87.668676,22.896579],[87.670589,22.896579],[87.668676,22.894715]]]},"properties":{"id":"SYN-ARAMBAGH-003-0178","block":"Goghat - Ii","mouza":"SYNTHETIC_MOUZA_003","plot":"SYN-003-0178","areaSqm":0,"real":false}},{"type":"Feature","geometry":{"type":"Polygon","coordinates":[[[87.672355,22.899954],[87.67242,22.896777],[87.671493,22.897459],[87.670589,22.896579],[87.668676,22.896579],[87.668676,22.905833],[87.675782,22.905833],[87.672355,22.899954]]]},"properties":{"id":"SYN-ARAMBAGH-003-0179","block":"Goghat - Ii","mouza":"SYNTHETIC_MOUZA_003","plot":"SYN-003-0179","areaSqm":0,"real":false}},{"type":"Feature","geometry":{"type":"Polygon","coordinates":[[[87.67732,22.914527],[87.676598,22.907233],[87.675782,22.905833],[87.668676,22.905833],[87.668676,22.915087],[87.677636,22.915087],[87.67732,22.914527]]]},"properties":{"id":"SYN-ARAMBAGH-003-0180","block":"Goghat - Ii","mouza":"SYNTHETIC_MOUZA_003","plot":"SYN-003-0180","areaSqm":0,"real":false}},{"type":"Feature","geometry":{"type":"Polygon","coordinates":[[[87.677636,22.915087],[87.668676,22.915087],[87.668676,22.924342],[87.678155,22.924342],[87.678155,22.916007],[87.677636,22.915087]]]},"properties":{"id":"SYN-ARAMBAGH-003-0181","block":"Goghat - Ii","mouza":"SYNTHETIC_MOUZA_003","plot":"SYN-003-0181","areaSqm":0,"real":false}},{"type":"Feature","geometry":{"type":"Polygon","coordinates":[[[87.668676,22.924342],[87.668676,22.933596],[87.678155,22.933596],[87.678155,22.924342],[87.668676,22.924342]]]},"properties":{"id":"SYN-ARAMBAGH-003-0182","block":"Goghat - Ii","mouza":"SYNTHETIC_MOUZA_003","plot":"SYN-003-0182","areaSqm":0,"real":false}},{"type":"Feature","geometry":{"type":"Polygon","coordinates":[[[87.668676,22.933596],[87.668676,22.94285],[87.678155,22.94285],[87.678155,22.933596],[87.668676,22.933596]]]},"properties":{"id":"SYN-ARAMBAGH-003-0183","block":"Goghat - Ii","mouza":"SYNTHETIC_MOUZA_003","plot":"SYN-003-0183","areaSqm":0,"real":false}},{"type":"Feature","geometry":{"type":"Polygon","coordinates":[[[87.668676,22.94285],[87.668676,22.952104],[87.678155,22.952104],[87.678155,22.94285],[87.668676,22.94285]]]},"properties":{"id":"SYN-ARAMBAGH-003-0184","block":"Goghat - Ii","mouza":"SYNTHETIC_MOUZA_003","plot":"SYN-003-0184","areaSqm":0,"real":false}},{"type":"Feature","geometry":{"type":"Polygon","coordinates":[[[87.668676,22.952104],[87.668676,22.961358],[87.678155,22.961358],[87.678155,22.952104],[87.668676,22.952104]]]},"properties":{"id":"SYN-ARAMBAGH-003-0185","block":"Goghat - Ii","mouza":"SYNTHETIC_MOUZA_003","plot":"SYN-003-0185","areaSqm":0,"real":false}},{"type":"Feature","geometry":{"type":"Polygon","coordinates":[[[87.668676,22.961358],[87.668676,22.970613],[87.678155,22.970613],[87.678155,22.961358],[87.668676,22.961358]]]},"properties":{"id":"SYN-ARAMBAGH-003-0186","block":"Goghat - Ii","mouza":"SYNTHETIC_MOUZA_003","plot":"SYN-003-0186","areaSqm":0,"real":false}},{"type":"Feature","geometry":{"type":"Polygon","coordinates":[[[87.668676,22.970613],[87.668676,22.979867],[87.678155,22.979867],[87.678155,22.970613],[87.668676,22.970613]]]},"properties":{"id":"SYN-ARAMBAGH-003-0187","block":"Goghat - Ii","mouza":"SYNTHETIC_MOUZA_003","plot":"SYN-003-0187","areaSqm":0,"real":false}},{"type":"Feature","geometry":{"type":"Polygon","coordinates":[[[87.676086,22.989025],[87.676125,22.989121],[87.678155,22.989121],[87.678155,22.979867],[87.668676,22.979867],[87.668676,22.987945],[87.676086,22.989025]]]},"properties":{"id":"SYN-ARAMBAGH-003-0188","block":"Goghat - Ii","mouza":"SYNTHETIC_MOUZA_003","plot":"SYN-003-0188","areaSqm":0,"real":false}},{"type":"Feature","geometry":{"type":"Polygon","coordinates":[[[87.677231,22.991848],[87.678155,22.992211],[87.678155,22.989121],[87.676125,22.989121],[87.677231,22.991848]]]},"properties":{"id":"SYN-ARAMBAGH-003-0189","block":"Goghat - Ii","mouza":"SYNTHETIC_MOUZA_003","plot":"SYN-003-0189","areaSqm":0,"real":false}},{"type":"Feature","geometry":{"type":"Polygon","coordinates":[[[87.680405,22.80604],[87.678155,22.806761],[87.678155,22.813291],[87.68455,22.813291],[87.685193,22.812349],[87.685232,22.809468],[87.682201,22.806693],[87.681919,22.804037],[87.680405,22.80604]]]},"properties":{"id":"SYN-ARAMBAGH-003-0190","block":"Goghat - Ii","mouza":"SYNTHETIC_MOUZA_003","plot":"SYN-003-0190","areaSqm":0,"real":false}},{"type":"Feature","geometry":{"type":"Polygon","coordinates":[[[87.680309,22.819301],[87.682495,22.818515],[87.681994,22.817039],[87.68455,22.813291],[87.678155,22.813291],[87.678155,22.822545],[87.680327,22.822545],[87.680309,22.819301]]]},"properties":{"id":"SYN-ARAMBAGH-003-0191","block":"Goghat - Ii","mouza":"SYNTHETIC_MOUZA_003","plot":"SYN-003-0191","areaSqm":0,"real":false}},{"type":"Feature","geometry":{"type":"Polygon","coordinates":[[[87.680329,22.822833],[87.680327,22.822545],[87.678155,22.822545],[87.678155,22.823341],[87.680329,22.822833]]]},"properties":{"id":"SYN-ARAMBAGH-003-0192","block":"Goghat - Ii","mouza":"SYNTHETIC_MOUZA_003","plot":"SYN-003-0192","areaSqm":0,"real":false}},{"type":"Feature","geometry":{"type":"Polygon","coordinates":[[[87.678569,22.83669],[87.678155,22.836174],[87.678155,22.839887],[87.678569,22.83669]]]},"properties":{"id":"SYN-ARAMBAGH-003-0193","block":"Goghat - Ii","mouza":"SYNTHETIC_MOUZA_003","plot":"SYN-003-0193","areaSqm":0,"real":false}},{"type":"Feature","geometry":{"type":"Polygon","coordinates":[[[87.681213,22.844372],[87.678155,22.841255],[87.678155,22.850308],[87.687081,22.850308],[87.687141,22.848319],[87.687635,22.84772],[87.687635,22.844949],[87.681213,22.844372]]]},"properties":{"id":"SYN-ARAMBAGH-003-0194","block":"Goghat - Ii","mouza":"SYNTHETIC_MOUZA_003","plot":"SYN-003-0194","areaSqm":0,"real":false}},{"type":"Feature","geometry":{"type":"Polygon","coordinates":[[[87.681492,22.857947],[87.68357,22.853135],[87.686958,22.854438],[87.687081,22.850308],[87.678155,22.850308],[87.678155,22.859562],[87.681532,22.859562],[87.681492,22.857947]]]},"properties":{"id":"SYN-ARAMBAGH-003-0195","block":"Goghat - Ii","mouza":"SYNTHETIC_MOUZA_003","plot":"SYN-003-0195","areaSqm":0,"real":false}},{"type":"Feature","geometry":{"type":"Polygon","coordinates":[[[87.683726,22.866643],[87.681649,22.864265],[87.681532,22.859562],[87.678155,22.859562],[87.678155,22.868816],[87.682854,22.868816],[87.683726,22.866643]]]},"properties":{"id":"SYN-ARAMBAGH-003-0196","block":"Goghat - Ii","mouza":"SYNTHETIC_MOUZA_003","plot":"SYN-003-0196","areaSqm":0,"real":false}},{"type":"Feature","geometry":{"type":"Polygon","coordinates":[[[87.680097,22.875682],[87.682854,22.868816],[87.678155,22.868816],[87.678155,22.87634],[87.680097,22.875682]]]},"properties":{"id":"SYN-ARAMBAGH-003-0197","block":"Goghat - Ii","mouza":"SYNTHETIC_MOUZA_003","plot":"SYN-003-0197","areaSqm":0,"real":false}},{"type":"Feature","geometry":{"type":"Polygon","coordinates":[[[87.684024,22.918143],[87.680802,22.91632],[87.679052,22.917596],[87.678155,22.916007],[87.678155,22.924342],[87.684858,22.924342],[87.684024,22.918143]]]},"properties":{"id":"SYN-ARAMBAGH-003-0198","block":"Goghat - Ii","mouza":"SYNTHETIC_MOUZA_003","plot":"SYN-003-0198","areaSqm":0,"real":false}},{"type":"Feature","geometry":{"type":"Polygon","coordinates":[[[87.684127,22.930635],[87.685194,22.926837],[87.684858,22.924342],[87.678155,22.924342],[87.678155,22.933596],[87.687635,22.933596],[87.687635,22.931687],[87.684127,22.930635]]]},"properties":{"id":"SYN-ARAMBAGH-003-0199","block":"Goghat - Ii","mouza":"SYNTHETIC_MOUZA_003","plot":"SYN-003-0199","areaSqm":0,"real":false}},{"type":"Feature","geometry":{"type":"Polygon","coordinates":[[[87.678155,22.933596],[87.678155,22.94285],[87.687635,22.94285],[87.687635,22.933596],[87.678155,22.933596]]]},"properties":{"id":"SYN-ARAMBAGH-003-0200","block":"Goghat - Ii","mouza":"SYNTHETIC_MOUZA_003","plot":"SYN-003-0200","areaSqm":0,"real":false}},{"type":"Feature","geometry":{"type":"Polygon","coordinates":[[[87.678155,22.94285],[87.678155,22.952104],[87.687635,22.952104],[87.687635,22.94285],[87.678155,22.94285]]]},"properties":{"id":"SYN-ARAMBAGH-003-0201","block":"Goghat - Ii","mouza":"SYNTHETIC_MOUZA_003","plot":"SYN-003-0201","areaSqm":0,"real":false}},{"type":"Feature","geometry":{"type":"Polygon","coordinates":[[[87.678155,22.952104],[87.678155,22.961358],[87.687635,22.961358],[87.687635,22.952104],[87.678155,22.952104]]]},"properties":{"id":"SYN-ARAMBAGH-003-0202","block":"Goghat - Ii","mouza":"SYNTHETIC_MOUZA_003","plot":"SYN-003-0202","areaSqm":0,"real":false}},{"type":"Feature","geometry":{"type":"Polygon","coordinates":[[[87.678155,22.961358],[87.678155,22.970613],[87.687635,22.970613],[87.687635,22.961358],[87.678155,22.961358]]]},"properties":{"id":"SYN-ARAMBAGH-003-0203","block":"Goghat - Ii","mouza":"SYNTHETIC_MOUZA_003","plot":"SYN-003-0203","areaSqm":0,"real":false}},{"type":"Feature","geometry":{"type":"Polygon","coordinates":[[[87.678155,22.970613],[87.678155,22.979867],[87.687635,22.979867],[87.687635,22.970613],[87.678155,22.970613]]]},"properties":{"id":"SYN-ARAMBAGH-003-0204","block":"Goghat - Ii","mouza":"SYNTHETIC_MOUZA_003","plot":"SYN-003-0204","areaSqm":0,"real":false}},{"type":"Feature","geometry":{"type":"Polygon","coordinates":[[[87.678155,22.979867],[87.678155,22.989121],[87.687635,22.989121],[87.687635,22.979867],[87.678155,22.979867]]]},"properties":{"id":"SYN-ARAMBAGH-003-0205","block":"Goghat - Ii","mouza":"SYNTHETIC_MOUZA_003","plot":"SYN-003-0205","areaSqm":0,"real":false}},{"type":"Feature","geometry":{"type":"Polygon","coordinates":[[[87.679543,22.992756],[87.686012,22.992737],[87.687635,22.993146],[87.687635,22.989121],[87.678155,22.989121],[87.678155,22.992211],[87.679543,22.992756]]]},"properties":{"id":"SYN-ARAMBAGH-003-0206","block":"Goghat - Ii","mouza":"SYNTHETIC_MOUZA_003","plot":"SYN-003-0206","areaSqm":0,"real":false}},{"type":"Feature","geometry":{"type":"Polygon","coordinates":[[[87.689759,22.845141],[87.687635,22.844949],[87.687635,22.84772],[87.689759,22.845141]]]},"properties":{"id":"SYN-ARAMBAGH-003-0207","block":"Goghat - Ii","mouza":"SYNTHETIC_MOUZA_003","plot":"SYN-003-0207","areaSqm":0,"real":false}},{"type":"Feature","geometry":{"type":"Polygon","coordinates":[[[87.689796,22.932335],[87.687635,22.931687],[87.687635,22.933596],[87.689855,22.933596],[87.689796,22.932335]]]},"properties":{"id":"SYN-ARAMBAGH-003-0208","block":"Goghat - Ii","mouza":"SYNTHETIC_MOUZA_003","plot":"SYN-003-0208","areaSqm":0,"real":false}},{"type":"Feature","geometry":{"type":"Polygon","coordinates":[[[87.690177,22.940431],[87.689855,22.933596],[87.687635,22.933596],[87.687635,22.94285],[87.692741,22.94285],[87.690177,22.940431]]]},"properties":{"id":"SYN-ARAMBAGH-003-0209","block":"Goghat - Ii","mouza":"SYNTHETIC_MOUZA_003","plot":"SYN-003-0209","areaSqm":0,"real":false}},{"type":"Feature","geometry":{"type":"Polygon","coordinates":[[[87.692741,22.94285],[87.687635,22.94285],[87.687635,22.952104],[87.697114,22.952104],[87.697114,22.946976],[87.692741,22.94285]]]},"properties":{"id":"SYN-ARAMBAGH-003-0210","block":"Goghat - Ii","mouza":"SYNTHETIC_MOUZA_003","plot":"SYN-003-0210","areaSqm":0,"real":false}},{"type":"Feature","geometry":{"type":"Polygon","coordinates":[[[87.687635,22.952104],[87.687635,22.961358],[87.697114,22.961358],[87.697114,22.952104],[87.687635,22.952104]]]},"properties":{"id":"SYN-ARAMBAGH-003-0211","block":"Goghat - Ii","mouza":"SYNTHETIC_MOUZA_003","plot":"SYN-003-0211","areaSqm":0,"real":false}},{"type":"Feature","geometry":{"type":"Polygon","coordinates":[[[87.687635,22.961358],[87.687635,22.970613],[87.697114,22.970613],[87.697114,22.961358],[87.687635,22.961358]]]},"properties":{"id":"SYN-ARAMBAGH-003-0212","block":"Goghat - Ii","mouza":"SYNTHETIC_MOUZA_003","plot":"SYN-003-0212","areaSqm":0,"real":false}},{"type":"Feature","geometry":{"type":"Polygon","coordinates":[[[87.687635,22.970613],[87.687635,22.979867],[87.697114,22.979867],[87.697114,22.970613],[87.687635,22.970613]]]},"properties":{"id":"SYN-ARAMBAGH-003-0213","block":"Goghat - Ii","mouza":"SYNTHETIC_MOUZA_003","plot":"SYN-003-0213","areaSqm":0,"real":false}},{"type":"Feature","geometry":{"type":"Polygon","coordinates":[[[87.687635,22.979867],[87.687635,22.989121],[87.697114,22.989121],[87.697114,22.979867],[87.687635,22.979867]]]},"properties":{"id":"SYN-ARAMBAGH-003-0214","block":"Goghat - Ii","mouza":"SYNTHETIC_MOUZA_003","plot":"SYN-003-0214","areaSqm":0,"real":false}},{"type":"Feature","geometry":{"type":"Polygon","coordinates":[[[87.697114,22.995537],[87.697114,22.989121],[87.687635,22.989121],[87.687635,22.993146],[87.697114,22.995537]]]},"properties":{"id":"SYN-ARAMBAGH-003-0215","block":"Goghat - Ii","mouza":"SYNTHETIC_MOUZA_003","plot":"SYN-003-0215","areaSqm":0,"real":false}},{"type":"Feature","geometry":{"type":"Polygon","coordinates":[[[87.692154,23.018385],[87.689766,23.023378],[87.690536,23.024334],[87.697114,23.025148],[87.697114,23.018465],[87.692154,23.018385]]]},"properties":{"id":"SYN-ARAMBAGH-003-0216","block":"Goghat - Ii","mouza":"SYNTHETIC_MOUZA_003","plot":"SYN-003-0216","areaSqm":0,"real":false}},{"type":"Feature","geometry":{"type":"Polygon","coordinates":[[[87.699349,22.949084],[87.697114,22.946976],[87.697114,22.952104],[87.699417,22.952104],[87.699349,22.949084]]]},"properties":{"id":"SYN-ARAMBAGH-003-0217","block":"Goghat - Ii","mouza":"SYNTHETIC_MOUZA_003","plot":"SYN-003-0217","areaSqm":0,"real":false}},{"type":"Feature","geometry":{"type":"Polygon","coordinates":[[[87.699417,22.952104],[87.697114,22.952104],[87.697114,22.961358],[87.699624,22.961358],[87.699417,22.952104]]]},"properties":{"id":"SYN-ARAMBAGH-003-0218","block":"Goghat - Ii","mouza":"SYNTHETIC_MOUZA_003","plot":"SYN-003-0218","areaSqm":0,"real":false}},{"type":"Feature","geometry":{"type":"Polygon","coordinates":[[[87.703424,22.969839],[87.699788,22.968639],[87.699624,22.961358],[87.697114,22.961358],[87.697114,22.970613],[87.706594,22.970613],[87.706594,22.969388],[87.703424,22.969839]]]},"properties":{"id":"SYN-ARAMBAGH-003-0219","block":"Goghat - Ii","mouza":"SYNTHETIC_MOUZA_003","plot":"SYN-003-0219","areaSqm":0,"real":false}},{"type":"Feature","geometry":{"type":"Polygon","coordinates":[[[87.697114,22.970613],[87.697114,22.979867],[87.706594,22.979867],[87.706594,22.970613],[87.697114,22.970613]]]},"properties":{"id":"SYN-ARAMBAGH-003-0220","block":"Goghat - Ii","mouza":"SYNTHETIC_MOUZA_003","plot":"SYN-003-0220","areaSqm":0,"real":false}},{"type":"Feature","geometry":{"type":"Polygon","coordinates":[[[87.697114,22.979867],[87.697114,22.989121],[87.706594,22.989121],[87.706594,22.979867],[87.697114,22.979867]]]},"properties":{"id":"SYN-ARAMBAGH-003-0221","block":"Goghat - Ii","mouza":"SYNTHETIC_MOUZA_003","plot":"SYN-003-0221","areaSqm":0,"real":false}},{"type":"Feature","geometry":{"type":"Polygon","coordinates":[[[87.698799,22.995962],[87.700245,22.998375],[87.706594,22.998375],[87.706594,22.989121],[87.697114,22.989121],[87.697114,22.995537],[87.698799,22.995962]]]},"properties":{"id":"SYN-ARAMBAGH-003-0222","block":"Goghat - Ii","mouza":"SYNTHETIC_MOUZA_003","plot":"SYN-003-0222","areaSqm":0,"real":false}},{"type":"Feature","geometry":{"type":"Polygon","coordinates":[[[87.701645,23.000713],[87.699257,23.004406],[87.698914,23.00763],[87.706594,23.00763],[87.706594,22.998375],[87.700245,22.998375],[87.701645,23.000713]]]},"properties":{"id":"SYN-ARAMBAGH-003-0223","block":"Goghat - Ii","mouza":"SYNTHETIC_MOUZA_003","plot":"SYN-003-0223","areaSqm":0,"real":false}},{"type":"Feature","geometry":{"type":"Polygon","coordinates":[[[87.698792,23.008774],[87.701774,23.016884],[87.706594,23.016884],[87.706594,23.00763],[87.698914,23.00763],[87.698792,23.008774]]]},"properties":{"id":"SYN-ARAMBAGH-003-0224","block":"Goghat - Ii","mouza":"SYNTHETIC_MOUZA_003","plot":"SYN-003-0224","areaSqm":0,"real":false}},{"type":"Feature","geometry":{"type":"Polygon","coordinates":[[[87.706594,23.022215],[87.706594,23.016884],[87.701774,23.016884],[87.701881,23.017174],[87.700417,23.018518],[87.697114,23.018465],[87.697114,23.025148],[87.705116,23.026138],[87.706594,23.022215]]]},"properties":{"id":"SYN-ARAMBAGH-003-0225","block":"Goghat - Ii","mouza":"SYNTHETIC_MOUZA_003","plot":"SYN-003-0225","areaSqm":0,"real":false}},{"type":"Feature","geometry":{"type":"Polygon","coordinates":[[[87.712437,22.968557],[87.706594,22.969388],[87.706594,22.970613],[87.714359,22.970613],[87.712437,22.968557]]]},"properties":{"id":"SYN-ARAMBAGH-003-0226","block":"Goghat - Ii","mouza":"SYNTHETIC_MOUZA_003","plot":"SYN-003-0226","areaSqm":0,"real":false}},{"type":"Feature","geometry":{"type":"Polygon","coordinates":[[[87.714359,22.970613],[87.706594,22.970613],[87.706594,22.979867],[87.716073,22.979867],[87.716073,22.972447],[87.714359,22.970613]]]},"properties":{"id":"SYN-ARAMBAGH-003-0227","block":"Goghat - Ii","mouza":"SYNTHETIC_MOUZA_003","plot":"SYN-003-0227","areaSqm":0,"real":false}},{"type":"Feature","geometry":{"type":"Polygon","coordinates":[[[87.706594,22.979867],[87.706594,22.989121],[87.716073,22.989121],[87.716073,22.979867],[87.706594,22.979867]]]},"properties":{"id":"SYN-ARAMBAGH-003-0228","block":"Goghat - Ii","mouza":"SYNTHETIC_MOUZA_003","plot":"SYN-003-0228","areaSqm":0,"real":false}},{"type":"Feature","geometry":{"type":"Polygon","coordinates":[[[87.706594,22.989121],[87.706594,22.998375],[87.716073,22.998375],[87.716073,22.989121],[87.706594,22.989121]]]},"properties":{"id":"SYN-ARAMBAGH-003-0229","block":"Goghat - Ii","mouza":"SYNTHETIC_MOUZA_003","plot":"SYN-003-0229","areaSqm":0,"real":false}},{"type":"Feature","geometry":{"type":"Polygon","coordinates":[[[87.706594,22.998375],[87.706594,23.00763],[87.716073,23.00763],[87.716073,22.998375],[87.706594,22.998375]]]},"properties":{"id":"SYN-ARAMBAGH-003-0230","block":"Goghat - Ii","mouza":"SYNTHETIC_MOUZA_003","plot":"SYN-003-0230","areaSqm":0,"real":false}},{"type":"Feature","geometry":{"type":"Polygon","coordinates":[[[87.709412,23.014734],[87.714111,23.010567],[87.716073,23.008999],[87.716073,23.00763],[87.706594,23.00763],[87.706594,23.016884],[87.708602,23.016884],[87.709412,23.014734]]]},"properties":{"id":"SYN-ARAMBAGH-003-0231","block":"Goghat - Ii","mouza":"SYNTHETIC_MOUZA_003","plot":"SYN-003-0231","areaSqm":0,"real":false}},{"type":"Feature","geometry":{"type":"Polygon","coordinates":[[[87.708602,23.016884],[87.706594,23.016884],[87.706594,23.022215],[87.708602,23.016884]]]},"properties":{"id":"SYN-ARAMBAGH-003-0232","block":"Goghat - Ii","mouza":"SYNTHETIC_MOUZA_003","plot":"SYN-003-0232","areaSqm":0,"real":false}},{"type":"Feature","geometry":{"type":"Polygon","coordinates":[[[87.723774,22.972486],[87.717206,22.973659],[87.716073,22.972447],[87.716073,22.979867],[87.725553,22.979867],[87.725553,22.973862],[87.723774,22.972486]]]},"properties":{"id":"SYN-ARAMBAGH-003-0233","block":"Goghat - Ii","mouza":"SYNTHETIC_MOUZA_003","plot":"SYN-003-0233","areaSqm":0,"real":false}},{"type":"Feature","geometry":{"type":"Polygon","coordinates":[[[87.716073,22.979867],[87.716073,22.989121],[87.725553,22.989121],[87.725553,22.979867],[87.716073,22.979867]]]},"properties":{"id":"SYN-ARAMBAGH-003-0234","block":"Goghat - Ii","mouza":"SYNTHETIC_MOUZA_003","plot":"SYN-003-0234","areaSqm":0,"real":false}},{"type":"Feature","geometry":{"type":"Polygon","coordinates":[[[87.725553,22.995986],[87.725553,22.989121],[87.716073,22.989121],[87.716073,22.998375],[87.724161,22.998375],[87.725553,22.995986]]]},"properties":{"id":"SYN-ARAMBAGH-003-0235","block":"Goghat - Ii","mouza":"SYNTHETIC_MOUZA_003","plot":"SYN-003-0235","areaSqm":0,"real":false}},{"type":"Feature","geometry":{"type":"Polygon","coordinates":[[[87.72303,23.003439],[87.722816,23.000683],[87.724161,22.998375],[87.716073,22.998375],[87.716073,23.00763],[87.717787,23.00763],[87.72303,23.003439]]]},"properties":{"id":"SYN-ARAMBAGH-003-0236","block":"Goghat - Ii","mouza":"SYNTHETIC_MOUZA_003","plot":"SYN-003-0236","areaSqm":0,"real":false}},{"type":"Feature","geometry":{"type":"Polygon","coordinates":[[[87.717787,23.00763],[87.716073,23.00763],[87.716073,23.008999],[87.717787,23.00763]]]},"properties":{"id":"SYN-ARAMBAGH-003-0237","block":"Goghat - Ii","mouza":"SYNTHETIC_MOUZA_003","plot":"SYN-003-0237","areaSqm":0,"real":false}},{"type":"Feature","geometry":{"type":"Polygon","coordinates":[[[87.733267,22.959079],[87.733564,22.961358],[87.735032,22.961358],[87.735032,22.959593],[87.733267,22.959079]]]},"properties":{"id":"SYN-ARAMBAGH-003-0238","block":"Goghat - Ii","mouza":"SYNTHETIC_MOUZA_003","plot":"SYN-003-0238","areaSqm":0,"real":false}},{"type":"Feature","geometry":{"type":"Polygon","coordinates":[[[87.733857,22.963607],[87.729577,22.970613],[87.735032,22.970613],[87.735032,22.961358],[87.733564,22.961358],[87.733857,22.963607]]]},"properties":{"id":"SYN-ARAMBAGH-003-0239","block":"Goghat - Ii","mouza":"SYNTHETIC_MOUZA_003","plot":"SYN-003-0239","areaSqm":0,"real":false}},{"type":"Feature","geometry":{"type":"Polygon","coordinates":[[[87.726938,22.974933],[87.725553,22.973862],[87.725553,22.979867],[87.735032,22.979867],[87.735032,22.970613],[87.729577,22.970613],[87.726938,22.974933]]]},"properties":{"id":"SYN-ARAMBAGH-003-0240","block":"Goghat - Ii","mouza":"SYNTHETIC_MOUZA_003","plot":"SYN-003-0240","areaSqm":0,"real":false}},{"type":"Feature","geometry":{"type":"Polygon","coordinates":[[[87.735032,22.985765],[87.735032,22.979867],[87.725553,22.979867],[87.725553,22.989121],[87.731908,22.989121],[87.735032,22.985765]]]},"properties":{"id":"SYN-ARAMBAGH-003-0241","block":"Goghat - Ii","mouza":"SYNTHETIC_MOUZA_003","plot":"SYN-003-0241","areaSqm":0,"real":false}},{"type":"Feature","geometry":{"type":"Polygon","coordinates":[[[87.725616,22.995878],[87.731908,22.989121],[87.725553,22.989121],[87.725553,22.995986],[87.725616,22.995878]]]},"properties":{"id":"SYN-ARAMBAGH-003-0242","block":"Goghat - Ii","mouza":"SYNTHETIC_MOUZA_003","plot":"SYN-003-0242","areaSqm":0,"real":false}},{"type":"Feature","geometry":{"type":"Polygon","coordinates":[[[87.735032,22.959593],[87.735032,22.961358],[87.741095,22.961358],[87.735032,22.959593]]]},"properties":{"id":"SYN-ARAMBAGH-003-0243","block":"Goghat - Ii","mouza":"SYNTHETIC_MOUZA_003","plot":"SYN-003-0243","areaSqm":0,"real":false}},{"type":"Feature","geometry":{"type":"Polygon","coordinates":[[[87.741549,22.961491],[87.741095,22.961358],[87.735032,22.961358],[87.735032,22.970613],[87.741012,22.970613],[87.742172,22.966047],[87.744512,22.964402],[87.741549,22.961491]]]},"properties":{"id":"SYN-ARAMBAGH-003-0244","block":"Goghat - Ii","mouza":"SYNTHETIC_MOUZA_003","plot":"SYN-003-0244","areaSqm":0,"real":false}},{"type":"Feature","geometry":{"type":"Polygon","coordinates":[[[87.741012,22.970613],[87.735032,22.970613],[87.735032,22.979867],[87.738661,22.979867],[87.741012,22.970613]]]},"properties":{"id":"SYN-ARAMBAGH-003-0245","block":"Goghat - Ii","mouza":"SYNTHETIC_MOUZA_003","plot":"SYN-003-0245","areaSqm":0,"real":false}},{"type":"Feature","geometry":{"type":"Polygon","coordinates":[[[87.737961,22.98262],[87.738661,22.979867],[87.735032,22.979867],[87.735032,22.985765],[87.737961,22.98262]]]},"properties":{"id":"SYN-ARAMBAGH-003-0246","block":"Goghat - Ii","mouza":"SYNTHETIC_MOUZA_003","plot":"SYN-003-0246","areaSqm":0,"real":false}},{"type":"Feature","geometry":{"type":"Polygon","coordinates":[[[87.746476,22.738634],[87.749961,22.738634],[87.749961,22.73809],[87.746476,22.738634]]]},"properties":{"id":"SYN-ARAMBAGH-004-0001","block":"Khanakul - I","mouza":"SYNTHETIC_MOUZA_004","plot":"SYN-004-0001","areaSqm":0,"real":false}},{"type":"Feature","geometry":{"type":"Polygon","coordinates":[[[87.744873,22.738884],[87.746844,22.744453],[87.749961,22.744453],[87.749961,22.738634],[87.746476,22.738634],[87.744873,22.738884]]]},"properties":{"id":"SYN-ARAMBAGH-004-0002","block":"Khanakul - I","mouza":"SYNTHETIC_MOUZA_004","plot":"SYN-004-0002","areaSqm":0,"real":false}},{"type":"Feature","geometry":{"type":"Polygon","coordinates":[[[87.746971,22.744812],[87.744308,22.746498],[87.744241,22.750272],[87.749961,22.750272],[87.749961,22.744453],[87.746844,22.744453],[87.746971,22.744812]]]},"properties":{"id":"SYN-ARAMBAGH-004-0003","block":"Khanakul - I","mouza":"SYNTHETIC_MOUZA_004","plot":"SYN-004-0003","areaSqm":0,"real":false}},{"type":"Feature","geometry":{"type":"Polygon","coordinates":[[[87.744866,22.756091],[87.749961,22.756091],[87.749961,22.750272],[87.744241,22.750272],[87.744186,22.753351],[87.744866,22.756091]]]},"properties":{"id":"SYN-ARAMBAGH-004-0004","block":"Khanakul - I","mouza":"SYNTHETIC_MOUZA_004","plot":"SYN-004-0004","areaSqm":0,"real":false}},{"type":"Feature","geometry":{"type":"Polygon","coordinates":[[[87.746312,22.76191],[87.749961,22.76191],[87.749961,22.756091],[87.744866,22.756091],[87.746312,22.76191]]]},"properties":{"id":"SYN-ARAMBAGH-004-0005","block":"Khanakul - I","mouza":"SYNTHETIC_MOUZA_004","plot":"SYN-004-0005","areaSqm":0,"real":false}},{"type":"Feature","geometry":{"type":"Polygon","coordinates":[[[87.747002,22.76469],[87.746556,22.767729],[87.749961,22.767729],[87.749961,22.76191],[87.746312,22.76191],[87.747002,22.76469]]]},"properties":{"id":"SYN-ARAMBAGH-004-0006","block":"Khanakul - I","mouza":"SYNTHETIC_MOUZA_004","plot":"SYN-004-0006","areaSqm":0,"real":false}},{"type":"Feature","geometry":{"type":"Polygon","coordinates":[[[87.74602,22.771374],[87.748406,22.770744],[87.749961,22.771844],[87.749961,22.767729],[87.746556,22.767729],[87.74602,22.771374]]]},"properties":{"id":"SYN-ARAMBAGH-004-0007","block":"Khanakul - I","mouza":"SYNTHETIC_MOUZA_004","plot":"SYN-004-0007","areaSqm":0,"real":false}},{"type":"Feature","geometry":{"type":"Polygon","coordinates":[[[87.755051,22.731291],[87.754348,22.732815],[87.755737,22.732815],[87.755737,22.730549],[87.755051,22.731291]]]},"properties":{"id":"SYN-ARAMBAGH-004-0008","block":"Khanakul - I","mouza":"SYNTHETIC_MOUZA_004","plot":"SYN-004-0008","areaSqm":0,"real":false}},{"type":"Feature","geometry":{"type":"Polygon","coordinates":[[[87.752068,22.737762],[87.749961,22.73809],[87.749961,22.738634],[87.755737,22.738634],[87.755737,22.732815],[87.754348,22.732815],[87.752068,22.737762]]]},"properties":{"id":"SYN-ARAMBAGH-004-0009","block":"Khanakul - I","mouza":"SYNTHETIC_MOUZA_004","plot":"SYN-004-0009","areaSqm":0,"real":false}},{"type":"Feature","geometry":{"type":"Polygon","coordinates":[[[87.749961,22.738634],[87.749961,22.744453],[87.755737,22.744453],[87.755737,22.738634],[87.749961,22.738634]]]},"properties":{"id":"SYN-ARAMBAGH-004-0010","block":"Khanakul - I","mouza":"SYNTHETIC_MOUZA_004","plot":"SYN-004-0010","areaSqm":0,"real":false}},{"type":"Feature","geometry":{"type":"Polygon","coordinates":[[[87.749961,22.744453],[87.749961,22.750272],[87.755737,22.750272],[87.755737,22.744453],[87.749961,22.744453]]]},"properties":{"id":"SYN-ARAMBAGH-004-0011","block":"Khanakul - I","mouza":"SYNTHETIC_MOUZA_004","plot":"SYN-004-0011","areaSqm":0,"real":false}},{"type":"Feature","geometry":{"type":"Polygon","coordinates":[[[87.749961,22.750272],[87.749961,22.756091],[87.755737,22.756091],[87.755737,22.750272],[87.749961,22.750272]]]},"properties":{"id":"SYN-ARAMBAGH-004-0012","block":"Khanakul - I","mouza":"SYNTHETIC_MOUZA_004","plot":"SYN-004-0012","areaSqm":0,"real":false}},{"type":"Feature","geometry":{"type":"Polygon","coordinates":[[[87.749961,22.756091],[87.749961,22.76191],[87.755737,22.76191],[87.755737,22.756091],[87.749961,22.756091]]]},"properties":{"id":"SYN-ARAMBAGH-004-0013","block":"Khanakul - I","mouza":"SYNTHETIC_MOUZA_004","plot":"SYN-004-0013","areaSqm":0,"real":false}},{"type":"Feature","geometry":{"type":"Polygon","coordinates":[[[87.749961,22.76191],[87.749961,22.767729],[87.755737,22.767729],[87.755737,22.76191],[87.749961,22.76191]]]},"properties":{"id":"SYN-ARAMBAGH-004-0014","block":"Khanakul - I","mouza":"SYNTHETIC_MOUZA_004","plot":"SYN-004-0014","areaSqm":0,"real":false}},{"type":"Feature","geometry":{"type":"Polygon","coordinates":[[[87.752369,22.773547],[87.755737,22.773547],[87.755737,22.767729],[87.749961,22.767729],[87.749961,22.771844],[87.752369,22.773547]]]},"properties":{"id":"SYN-ARAMBAGH-004-0015","block":"Khanakul - I","mouza":"SYNTHETIC_MOUZA_004","plot":"SYN-004-0015","areaSqm":0,"real":false}},{"type":"Feature","geometry":{"type":"Polygon","coordinates":[[[87.754542,22.775085],[87.755737,22.775009],[87.755737,22.773547],[87.752369,22.773547],[87.754542,22.775085]]]},"properties":{"id":"SYN-ARAMBAGH-004-0016","block":"Khanakul - I","mouza":"SYNTHETIC_MOUZA_004","plot":"SYN-004-0016","areaSqm":0,"real":false}},{"type":"Feature","geometry":{"type":"Polygon","coordinates":[[[87.75902,22.726996],[87.761512,22.726996],[87.761512,22.724299],[87.75902,22.726996]]]},"properties":{"id":"SYN-ARAMBAGH-004-0017","block":"Khanakul - I","mouza":"SYNTHETIC_MOUZA_004","plot":"SYN-004-0017","areaSqm":0,"real":false}},{"type":"Feature","geometry":{"type":"Polygon","coordinates":[[[87.755737,22.730549],[87.755737,22.732815],[87.761512,22.732815],[87.761512,22.726996],[87.75902,22.726996],[87.755737,22.730549]]]},"properties":{"id":"SYN-ARAMBAGH-004-0018","block":"Khanakul - I","mouza":"SYNTHETIC_MOUZA_004","plot":"SYN-004-0018","areaSqm":0,"real":false}},{"type":"Feature","geometry":{"type":"Polygon","coordinates":[[[87.755737,22.732815],[87.755737,22.738634],[87.761512,22.738634],[87.761512,22.732815],[87.755737,22.732815]]]},"properties":{"id":"SYN-ARAMBAGH-004-0019","block":"Khanakul - I","mouza":"SYNTHETIC_MOUZA_004","plot":"SYN-004-0019","areaSqm":0,"real":false}},{"type":"Feature","geometry":{"type":"Polygon","coordinates":[[[87.755737,22.738634],[87.755737,22.744453],[87.761512,22.744453],[87.761512,22.738634],[87.755737,22.738634]]]},"properties":{"id":"SYN-ARAMBAGH-004-0020","block":"Khanakul - I","mouza":"SYNTHETIC_MOUZA_004","plot":"SYN-004-0020","areaSqm":0,"real":false}},{"type":"Feature","geometry":{"type":"Polygon","coordinates":[[[87.755737,22.744453],[87.755737,22.750272],[87.761512,22.750272],[87.761512,22.744453],[87.755737,22.744453]]]},"properties":{"id":"SYN-ARAMBAGH-004-0021","block":"Khanakul - I","mouza":"SYNTHETIC_MOUZA_004","plot":"SYN-004-0021","areaSqm":0,"real":false}},{"type":"Feature","geometry":{"type":"Polygon","coordinates":[[[87.755737,22.750272],[87.755737,22.756091],[87.761512,22.756091],[87.761512,22.750272],[87.755737,22.750272]]]},"properties":{"id":"SYN-ARAMBAGH-004-0022","block":"Khanakul - I","mouza":"SYNTHETIC_MOUZA_004","plot":"SYN-004-0022","areaSqm":0,"real":false}},{"type":"Feature","geometry":{"type":"Polygon","coordinates":[[[87.755737,22.756091],[87.755737,22.76191],[87.761512,22.76191],[87.761512,22.756091],[87.755737,22.756091]]]},"properties":{"id":"SYN-ARAMBAGH-004-0023","block":"Khanakul - I","mouza":"SYNTHETIC_MOUZA_004","plot":"SYN-004-0023","areaSqm":0,"real":false}},{"type":"Feature","geometry":{"type":"Polygon","coordinates":[[[87.755737,22.76191],[87.755737,22.767729],[87.761512,22.767729],[87.761512,22.76191],[87.755737,22.76191]]]},"properties":{"id":"SYN-ARAMBAGH-004-0024","block":"Khanakul - I","mouza":"SYNTHETIC_MOUZA_004","plot":"SYN-004-0024","areaSqm":0,"real":false}},{"type":"Feature","geometry":{"type":"Polygon","coordinates":[[[87.755737,22.767729],[87.755737,22.773547],[87.761512,22.773547],[87.761512,22.767729],[87.755737,22.767729]]]},"properties":{"id":"SYN-ARAMBAGH-004-0025","block":"Khanakul - I","mouza":"SYNTHETIC_MOUZA_004","plot":"SYN-004-0025","areaSqm":0,"real":false}},{"type":"Feature","geometry":{"type":"Polygon","coordinates":[[[87.7615,22.77464],[87.761512,22.774653],[87.761512,22.773547],[87.755737,22.773547],[87.755737,22.775009],[87.7615,22.77464]]]},"properties":{"id":"SYN-ARAMBAGH-004-0026","block":"Khanakul - I","mouza":"SYNTHETIC_MOUZA_004","plot":"SYN-004-0026","areaSqm":0,"real":false}},{"type":"Feature","geometry":{"type":"Polygon","coordinates":[[[87.763893,22.697659],[87.763848,22.697902],[87.767288,22.697902],[87.767288,22.692643],[87.763893,22.697659]]]},"properties":{"id":"SYN-ARAMBAGH-004-0027","block":"Khanakul - I","mouza":"SYNTHETIC_MOUZA_004","plot":"SYN-004-0027","areaSqm":0,"real":false}},{"type":"Feature","geometry":{"type":"Polygon","coordinates":[[[87.763359,22.700546],[87.765847,22.70372],[87.767288,22.70372],[87.767288,22.697902],[87.763848,22.697902],[87.763359,22.700546]]]},"properties":{"id":"SYN-ARAMBAGH-004-0028","block":"Khanakul - I","mouza":"SYNTHETIC_MOUZA_004","plot":"SYN-004-0028","areaSqm":0,"real":false}},{"type":"Feature","geometry":{"type":"Polygon","coordinates":[[[87.767189,22.705433],[87.767281,22.708654],[87.76704,22.709539],[87.767288,22.709539],[87.767288,22.70372],[87.765847,22.70372],[87.767189,22.705433]]]},"properties":{"id":"SYN-ARAMBAGH-004-0029","block":"Khanakul - I","mouza":"SYNTHETIC_MOUZA_004","plot":"SYN-004-0029","areaSqm":0,"real":false}},{"type":"Feature","geometry":{"type":"Polygon","coordinates":[[[87.765458,22.715358],[87.767288,22.715358],[87.767288,22.709539],[87.76704,22.709539],[87.765458,22.715358]]]},"properties":{"id":"SYN-ARAMBAGH-004-0030","block":"Khanakul - I","mouza":"SYNTHETIC_MOUZA_004","plot":"SYN-004-0030","areaSqm":0,"real":false}},{"type":"Feature","geometry":{"type":"Polygon","coordinates":[[[87.763875,22.721177],[87.767288,22.721177],[87.767288,22.715358],[87.765458,22.715358],[87.763875,22.721177]]]},"properties":{"id":"SYN-ARAMBAGH-004-0031","block":"Khanakul - I","mouza":"SYNTHETIC_MOUZA_004","plot":"SYN-004-0031","areaSqm":0,"real":false}},{"type":"Feature","geometry":{"type":"Polygon","coordinates":[[[87.763657,22.721979],[87.761512,22.724299],[87.761512,22.726996],[87.767288,22.726996],[87.767288,22.721177],[87.763875,22.721177],[87.763657,22.721979]]]},"properties":{"id":"SYN-ARAMBAGH-004-0032","block":"Khanakul - I","mouza":"SYNTHETIC_MOUZA_004","plot":"SYN-004-0032","areaSqm":0,"real":false}},{"type":"Feature","geometry":{"type":"Polygon","coordinates":[[[87.761512,22.726996],[87.761512,22.732815],[87.767288,22.732815],[87.767288,22.726996],[87.761512,22.726996]]]},"properties":{"id":"SYN-ARAMBAGH-004-0033","block":"Khanakul - I","mouza":"SYNTHETIC_MOUZA_004","plot":"SYN-004-0033","areaSqm":0,"real":false}},{"type":"Feature","geometry":{"type":"Polygon","coordinates":[[[87.761512,22.732815],[87.761512,22.738634],[87.767288,22.738634],[87.767288,22.732815],[87.761512,22.732815]]]},"properties":{"id":"SYN-ARAMBAGH-004-0034","block":"Khanakul - I","mouza":"SYNTHETIC_MOUZA_004","plot":"SYN-004-0034","areaSqm":0,"real":false}},{"type":"Feature","geometry":{"type":"Polygon","coordinates":[[[87.761512,22.738634],[87.761512,22.744453],[87.767288,22.744453],[87.767288,22.738634],[87.761512,22.738634]]]},"properties":{"id":"SYN-ARAMBAGH-004-0035","block":"Khanakul - I","mouza":"SYNTHETIC_MOUZA_004","plot":"SYN-004-0035","areaSqm":0,"real":false}},{"type":"Feature","geometry":{"type":"Polygon","coordinates":[[[87.761512,22.744453],[87.761512,22.750272],[87.767288,22.750272],[87.767288,22.744453],[87.761512,22.744453]]]},"properties":{"id":"SYN-ARAMBAGH-004-0036","block":"Khanakul - I","mouza":"SYNTHETIC_MOUZA_004","plot":"SYN-004-0036","areaSqm":0,"real":false}},{"type":"Feature","geometry":{"type":"Polygon","coordinates":[[[87.761512,22.750272],[87.761512,22.756091],[87.767288,22.756091],[87.767288,22.750272],[87.761512,22.750272]]]},"properties":{"id":"SYN-ARAMBAGH-004-0037","block":"Khanakul - I","mouza":"SYNTHETIC_MOUZA_004","plot":"SYN-004-0037","areaSqm":0,"real":false}},{"type":"Feature","geometry":{"type":"Polygon","coordinates":[[[87.761512,22.756091],[87.761512,22.76191],[87.767288,22.76191],[87.767288,22.756091],[87.761512,22.756091]]]},"properties":{"id":"SYN-ARAMBAGH-004-0038","block":"Khanakul - I","mouza":"SYNTHETIC_MOUZA_004","plot":"SYN-004-0038","areaSqm":0,"real":false}},{"type":"Feature","geometry":{"type":"Polygon","coordinates":[[[87.761512,22.76191],[87.761512,22.767729],[87.767288,22.767729],[87.767288,22.76191],[87.761512,22.76191]]]},"properties":{"id":"SYN-ARAMBAGH-004-0039","block":"Khanakul - I","mouza":"SYNTHETIC_MOUZA_004","plot":"SYN-004-0039","areaSqm":0,"real":false}},{"type":"Feature","geometry":{"type":"Polygon","coordinates":[[[87.761512,22.767729],[87.761512,22.773547],[87.767288,22.773547],[87.767288,22.767729],[87.761512,22.767729]]]},"properties":{"id":"SYN-ARAMBAGH-004-0040","block":"Khanakul - I","mouza":"SYNTHETIC_MOUZA_004","plot":"SYN-004-0040","areaSqm":0,"real":false}},{"type":"Feature","geometry":{"type":"Polygon","coordinates":[[[87.764614,22.777917],[87.767288,22.776919],[87.767288,22.773547],[87.761512,22.773547],[87.761512,22.774653],[87.764614,22.777917]]]},"properties":{"id":"SYN-ARAMBAGH-004-0041","block":"Khanakul - I","mouza":"SYNTHETIC_MOUZA_004","plot":"SYN-004-0041","areaSqm":0,"real":false}},{"type":"Feature","geometry":{"type":"Polygon","coordinates":[[[87.771606,22.686264],[87.773063,22.686264],[87.773063,22.684111],[87.771606,22.686264]]]},"properties":{"id":"SYN-ARAMBAGH-004-0042","block":"Khanakul - I","mouza":"SYNTHETIC_MOUZA_004","plot":"SYN-004-0042","areaSqm":0,"real":false}},{"type":"Feature","geometry":{"type":"Polygon","coordinates":[[[87.767667,22.692083],[87.773063,22.692083],[87.773063,22.686264],[87.771606,22.686264],[87.767667,22.692083]]]},"properties":{"id":"SYN-ARAMBAGH-004-0043","block":"Khanakul - I","mouza":"SYNTHETIC_MOUZA_004","plot":"SYN-004-0043","areaSqm":0,"real":false}},{"type":"Feature","geometry":{"type":"Polygon","coordinates":[[[87.767288,22.692643],[87.767288,22.697902],[87.773063,22.697902],[87.773063,22.692083],[87.767667,22.692083],[87.767288,22.692643]]]},"properties":{"id":"SYN-ARAMBAGH-004-0044","block":"Khanakul - I","mouza":"SYNTHETIC_MOUZA_004","plot":"SYN-004-0044","areaSqm":0,"real":false}},{"type":"Feature","geometry":{"type":"Polygon","coordinates":[[[87.767288,22.697902],[87.767288,22.70372],[87.773063,22.70372],[87.773063,22.697902],[87.767288,22.697902]]]},"properties":{"id":"SYN-ARAMBAGH-004-0045","block":"Khanakul - I","mouza":"SYNTHETIC_MOUZA_004","plot":"SYN-004-0045","areaSqm":0,"real":false}},{"type":"Feature","geometry":{"type":"Polygon","coordinates":[[[87.767288,22.70372],[87.767288,22.709539],[87.773063,22.709539],[87.773063,22.70372],[87.767288,22.70372]]]},"properties":{"id":"SYN-ARAMBAGH-004-0046","block":"Khanakul - I","mouza":"SYNTHETIC_MOUZA_004","plot":"SYN-004-0046","areaSqm":0,"real":false}},{"type":"Feature","geometry":{"type":"Polygon","coordinates":[[[87.767288,22.709539],[87.767288,22.715358],[87.773063,22.715358],[87.773063,22.709539],[87.767288,22.709539]]]},"properties":{"id":"SYN-ARAMBAGH-004-0047","block":"Khanakul - I","mouza":"SYNTHETIC_MOUZA_004","plot":"SYN-004-0047","areaSqm":0,"real":false}},{"type":"Feature","geometry":{"type":"Polygon","coordinates":[[[87.767288,22.715358],[87.767288,22.721177],[87.773063,22.721177],[87.773063,22.715358],[87.767288,22.715358]]]},"properties":{"id":"SYN-ARAMBAGH-004-0048","block":"Khanakul - I","mouza":"SYNTHETIC_MOUZA_004","plot":"SYN-004-0048","areaSqm":0,"real":false}},{"type":"Feature","geometry":{"type":"Polygon","coordinates":[[[87.767288,22.721177],[87.767288,22.726996],[87.773063,22.726996],[87.773063,22.721177],[87.767288,22.721177]]]},"properties":{"id":"SYN-ARAMBAGH-004-0049","block":"Khanakul - I","mouza":"SYNTHETIC_MOUZA_004","plot":"SYN-004-0049","areaSqm":0,"real":false}},{"type":"Feature","geometry":{"type":"Polygon","coordinates":[[[87.767288,22.726996],[87.767288,22.732815],[87.773063,22.732815],[87.773063,22.726996],[87.767288,22.726996]]]},"properties":{"id":"SYN-ARAMBAGH-004-0050","block":"Khanakul - I","mouza":"SYNTHETIC_MOUZA_004","plot":"SYN-004-0050","areaSqm":0,"real":false}},{"type":"Feature","geometry":{"type":"Polygon","coordinates":[[[87.767288,22.732815],[87.767288,22.738634],[87.773063,22.738634],[87.773063,22.732815],[87.767288,22.732815]]]},"properties":{"id":"SYN-ARAMBAGH-004-0051","block":"Khanakul - I","mouza":"SYNTHETIC_MOUZA_004","plot":"SYN-004-0051","areaSqm":0,"real":false}},{"type":"Feature","geometry":{"type":"Polygon","coordinates":[[[87.767288,22.738634],[87.767288,22.744453],[87.773063,22.744453],[87.773063,22.738634],[87.767288,22.738634]]]},"properties":{"id":"SYN-ARAMBAGH-004-0052","block":"Khanakul - I","mouza":"SYNTHETIC_MOUZA_004","plot":"SYN-004-0052","areaSqm":0,"real":false}},{"type":"Feature","geometry":{"type":"Polygon","coordinates":[[[87.767288,22.744453],[87.767288,22.750272],[87.773063,22.750272],[87.773063,22.744453],[87.767288,22.744453]]]},"properties":{"id":"SYN-ARAMBAGH-004-0053","block":"Khanakul - I","mouza":"SYNTHETIC_MOUZA_004","plot":"SYN-004-0053","areaSqm":0,"real":false}},{"type":"Feature","geometry":{"type":"Polygon","coordinates":[[[87.767288,22.750272],[87.767288,22.756091],[87.773063,22.756091],[87.773063,22.750272],[87.767288,22.750272]]]},"properties":{"id":"SYN-ARAMBAGH-004-0054","block":"Khanakul - I","mouza":"SYNTHETIC_MOUZA_004","plot":"SYN-004-0054","areaSqm":0,"real":false}},{"type":"Feature","geometry":{"type":"Polygon","coordinates":[[[87.767288,22.756091],[87.767288,22.76191],[87.773063,22.76191],[87.773063,22.756091],[87.767288,22.756091]]]},"properties":{"id":"SYN-ARAMBAGH-004-0055","block":"Khanakul - I","mouza":"SYNTHETIC_MOUZA_004","plot":"SYN-004-0055","areaSqm":0,"real":false}},{"type":"Feature","geometry":{"type":"Polygon","coordinates":[[[87.767288,22.76191],[87.767288,22.767729],[87.773063,22.767729],[87.773063,22.76191],[87.767288,22.76191]]]},"properties":{"id":"SYN-ARAMBAGH-004-0056","block":"Khanakul - I","mouza":"SYNTHETIC_MOUZA_004","plot":"SYN-004-0056","areaSqm":0,"real":false}},{"type":"Feature","geometry":{"type":"Polygon","coordinates":[[[87.773063,22.771558],[87.773063,22.767729],[87.767288,22.767729],[87.767288,22.773547],[87.772167,22.773547],[87.773063,22.771558]]]},"properties":{"id":"SYN-ARAMBAGH-004-0057","block":"Khanakul - I","mouza":"SYNTHETIC_MOUZA_004","plot":"SYN-004-0057","areaSqm":0,"real":false}},{"type":"Feature","geometry":{"type":"Polygon","coordinates":[[[87.771327,22.775411],[87.772167,22.773547],[87.767288,22.773547],[87.767288,22.776919],[87.771327,22.775411]]]},"properties":{"id":"SYN-ARAMBAGH-004-0058","block":"Khanakul - I","mouza":"SYNTHETIC_MOUZA_004","plot":"SYN-004-0058","areaSqm":0,"real":false}},{"type":"Feature","geometry":{"type":"Polygon","coordinates":[[[87.774517,22.681962],[87.773063,22.684111],[87.773063,22.686264],[87.778839,22.686264],[87.778839,22.682334],[87.774517,22.681962]]]},"properties":{"id":"SYN-ARAMBAGH-004-0059","block":"Khanakul - I","mouza":"SYNTHETIC_MOUZA_004","plot":"SYN-004-0059","areaSqm":0,"real":false}},{"type":"Feature","geometry":{"type":"Polygon","coordinates":[[[87.773063,22.686264],[87.773063,22.692083],[87.778839,22.692083],[87.778839,22.686264],[87.773063,22.686264]]]},"properties":{"id":"SYN-ARAMBAGH-004-0060","block":"Khanakul - I","mouza":"SYNTHETIC_MOUZA_004","plot":"SYN-004-0060","areaSqm":0,"real":false}},{"type":"Feature","geometry":{"type":"Polygon","coordinates":[[[87.773063,22.692083],[87.773063,22.697902],[87.778839,22.697902],[87.778839,22.692083],[87.773063,22.692083]]]},"properties":{"id":"SYN-ARAMBAGH-004-0061","block":"Khanakul - I","mouza":"SYNTHETIC_MOUZA_004","plot":"SYN-004-0061","areaSqm":0,"real":false}},{"type":"Feature","geometry":{"type":"Polygon","coordinates":[[[87.773063,22.697902],[87.773063,22.70372],[87.778839,22.70372],[87.778839,22.697902],[87.773063,22.697902]]]},"properties":{"id":"SYN-ARAMBAGH-004-0062","block":"Khanakul - I","mouza":"SYNTHETIC_MOUZA_004","plot":"SYN-004-0062","areaSqm":0,"real":false}},{"type":"Feature","geometry":{"type":"Polygon","coordinates":[[[87.773063,22.70372],[87.773063,22.709539],[87.778839,22.709539],[87.778839,22.70372],[87.773063,22.70372]]]},"properties":{"id":"SYN-ARAMBAGH-004-0063","block":"Khanakul - I","mouza":"SYNTHETIC_MOUZA_004","plot":"SYN-004-0063","areaSqm":0,"real":false}},{"type":"Feature","geometry":{"type":"Polygon","coordinates":[[[87.773063,22.709539],[87.773063,22.715358],[87.778839,22.715358],[87.778839,22.709539],[87.773063,22.709539]]]},"properties":{"id":"SYN-ARAMBAGH-004-0064","block":"Khanakul - I","mouza":"SYNTHETIC_MOUZA_004","plot":"SYN-004-0064","areaSqm":0,"real":false}},{"type":"Feature","geometry":{"type":"Polygon","coordinates":[[[87.773063,22.715358],[87.773063,22.721177],[87.778839,22.721177],[87.778839,22.715358],[87.773063,22.715358]]]},"properties":{"id":"SYN-ARAMBAGH-004-0065","block":"Khanakul - I","mouza":"SYNTHETIC_MOUZA_004","plot":"SYN-004-0065","areaSqm":0,"real":false}},{"type":"Feature","geometry":{"type":"Polygon","coordinates":[[[87.773063,22.721177],[87.773063,22.726996],[87.778839,22.726996],[87.778839,22.721177],[87.773063,22.721177]]]},"properties":{"id":"SYN-ARAMBAGH-004-0066","block":"Khanakul - I","mouza":"SYNTHETIC_MOUZA_004","plot":"SYN-004-0066","areaSqm":0,"real":false}},{"type":"Feature","geometry":{"type":"Polygon","coordinates":[[[87.773063,22.726996],[87.773063,22.732815],[87.778839,22.732815],[87.778839,22.726996],[87.773063,22.726996]]]},"properties":{"id":"SYN-ARAMBAGH-004-0067","block":"Khanakul - I","mouza":"SYNTHETIC_MOUZA_004","plot":"SYN-004-0067","areaSqm":0,"real":false}},{"type":"Feature","geometry":{"type":"Polygon","coordinates":[[[87.773063,22.732815],[87.773063,22.738634],[87.778839,22.738634],[87.778839,22.732815],[87.773063,22.732815]]]},"properties":{"id":"SYN-ARAMBAGH-004-0068","block":"Khanakul - I","mouza":"SYNTHETIC_MOUZA_004","plot":"SYN-004-0068","areaSqm":0,"real":false}},{"type":"Feature","geometry":{"type":"Polygon","coordinates":[[[87.773063,22.738634],[87.773063,22.744453],[87.778839,22.744453],[87.778839,22.738634],[87.773063,22.738634]]]},"properties":{"id":"SYN-ARAMBAGH-004-0069","block":"Khanakul - I","mouza":"SYNTHETIC_MOUZA_004","plot":"SYN-004-0069","areaSqm":0,"real":false}},{"type":"Feature","geometry":{"type":"Polygon","coordinates":[[[87.773063,22.744453],[87.773063,22.750272],[87.778839,22.750272],[87.778839,22.744453],[87.773063,22.744453]]]},"properties":{"id":"SYN-ARAMBAGH-004-0070","block":"Khanakul - I","mouza":"SYNTHETIC_MOUZA_004","plot":"SYN-004-0070","areaSqm":0,"real":false}},{"type":"Feature","geometry":{"type":"Polygon","coordinates":[[[87.773063,22.750272],[87.773063,22.756091],[87.778839,22.756091],[87.778839,22.750272],[87.773063,22.750272]]]},"properties":{"id":"SYN-ARAMBAGH-004-0071","block":"Khanakul - I","mouza":"SYNTHETIC_MOUZA_004","plot":"SYN-004-0071","areaSqm":0,"real":false}},{"type":"Feature","geometry":{"type":"Polygon","coordinates":[[[87.773063,22.756091],[87.773063,22.76191],[87.778839,22.76191],[87.778839,22.756091],[87.773063,22.756091]]]},"properties":{"id":"SYN-ARAMBAGH-004-0072","block":"Khanakul - I","mouza":"SYNTHETIC_MOUZA_004","plot":"SYN-004-0072","areaSqm":0,"real":false}},{"type":"Feature","geometry":{"type":"Polygon","coordinates":[[[87.773063,22.76191],[87.773063,22.767729],[87.778839,22.767729],[87.778839,22.76191],[87.773063,22.76191]]]},"properties":{"id":"SYN-ARAMBAGH-004-0073","block":"Khanakul - I","mouza":"SYNTHETIC_MOUZA_004","plot":"SYN-004-0073","areaSqm":0,"real":false}},{"type":"Feature","geometry":{"type":"Polygon","coordinates":[[[87.773733,22.770072],[87.778839,22.772931],[87.778839,22.767729],[87.773063,22.767729],[87.773063,22.771558],[87.773733,22.770072]]]},"properties":{"id":"SYN-ARAMBAGH-004-0074","block":"Khanakul - I","mouza":"SYNTHETIC_MOUZA_004","plot":"SYN-004-0074","areaSqm":0,"real":false}},{"type":"Feature","geometry":{"type":"Polygon","coordinates":[[[87.784056,22.683821],[87.78317,22.682707],[87.778839,22.682334],[87.778839,22.686264],[87.784185,22.686264],[87.784056,22.683821]]]},"properties":{"id":"SYN-ARAMBAGH-004-0075","block":"Khanakul - I","mouza":"SYNTHETIC_MOUZA_004","plot":"SYN-004-0075","areaSqm":0,"real":false}},{"type":"Feature","geometry":{"type":"Polygon","coordinates":[[[87.784185,22.686264],[87.778839,22.686264],[87.778839,22.692083],[87.78449,22.692083],[87.784185,22.686264]]]},"properties":{"id":"SYN-ARAMBAGH-004-0076","block":"Khanakul - I","mouza":"SYNTHETIC_MOUZA_004","plot":"SYN-004-0076","areaSqm":0,"real":false}},{"type":"Feature","geometry":{"type":"Polygon","coordinates":[[[87.78449,22.692083],[87.778839,22.692083],[87.778839,22.697902],[87.784614,22.697902],[87.784614,22.69445],[87.78449,22.692083]]]},"properties":{"id":"SYN-ARAMBAGH-004-0077","block":"Khanakul - I","mouza":"SYNTHETIC_MOUZA_004","plot":"SYN-004-0077","areaSqm":0,"real":false}},{"type":"Feature","geometry":{"type":"Polygon","coordinates":[[[87.778839,22.697902],[87.778839,22.70372],[87.784614,22.70372],[87.784614,22.697902],[87.778839,22.697902]]]},"properties":{"id":"SYN-ARAMBAGH-004-0078","block":"Khanakul - I","mouza":"SYNTHETIC_MOUZA_004","plot":"SYN-004-0078","areaSqm":0,"real":false}},{"type":"Feature","geometry":{"type":"Polygon","coordinates":[[[87.778839,22.70372],[87.778839,22.709539],[87.784614,22.709539],[87.784614,22.70372],[87.778839,22.70372]]]},"properties":{"id":"SYN-ARAMBAGH-004-0079","block":"Khanakul - I","mouza":"SYNTHETIC_MOUZA_004","plot":"SYN-004-0079","areaSqm":0,"real":false}},{"type":"Feature","geometry":{"type":"Polygon","coordinates":[[[87.778839,22.709539],[87.778839,22.715358],[87.784614,22.715358],[87.784614,22.709539],[87.778839,22.709539]]]},"properties":{"id":"SYN-ARAMBAGH-004-0080","block":"Khanakul - I","mouza":"SYNTHETIC_MOUZA_004","plot":"SYN-004-0080","areaSqm":0,"real":false}},{"type":"Feature","geometry":{"type":"Polygon","coordinates":[[[87.778839,22.715358],[87.778839,22.721177],[87.784614,22.721177],[87.784614,22.715358],[87.778839,22.715358]]]},"properties":{"id":"SYN-ARAMBAGH-004-0081","block":"Khanakul - I","mouza":"SYNTHETIC_MOUZA_004","plot":"SYN-004-0081","areaSqm":0,"real":false}},{"type":"Feature","geometry":{"type":"Polygon","coordinates":[[[87.778839,22.721177],[87.778839,22.726996],[87.784614,22.726996],[87.784614,22.721177],[87.778839,22.721177]]]},"properties":{"id":"SYN-ARAMBAGH-004-0082","block":"Khanakul - I","mouza":"SYNTHETIC_MOUZA_004","plot":"SYN-004-0082","areaSqm":0,"real":false}},{"type":"Feature","geometry":{"type":"Polygon","coordinates":[[[87.778839,22.726996],[87.778839,22.732815],[87.784614,22.732815],[87.784614,22.726996],[87.778839,22.726996]]]},"properties":{"id":"SYN-ARAMBAGH-004-0083","block":"Khanakul - I","mouza":"SYNTHETIC_MOUZA_004","plot":"SYN-004-0083","areaSqm":0,"real":false}},{"type":"Feature","geometry":{"type":"Polygon","coordinates":[[[87.778839,22.732815],[87.778839,22.738634],[87.784614,22.738634],[87.784614,22.732815],[87.778839,22.732815]]]},"properties":{"id":"SYN-ARAMBAGH-004-0084","block":"Khanakul - I","mouza":"SYNTHETIC_MOUZA_004","plot":"SYN-004-0084","areaSqm":0,"real":false}},{"type":"Feature","geometry":{"type":"Polygon","coordinates":[[[87.778839,22.738634],[87.778839,22.744453],[87.784614,22.744453],[87.784614,22.738634],[87.778839,22.738634]]]},"properties":{"id":"SYN-ARAMBAGH-004-0085","block":"Khanakul - I","mouza":"SYNTHETIC_MOUZA_004","plot":"SYN-004-0085","areaSqm":0,"real":false}},{"type":"Feature","geometry":{"type":"Polygon","coordinates":[[[87.778839,22.744453],[87.778839,22.750272],[87.784614,22.750272],[87.784614,22.744453],[87.778839,22.744453]]]},"properties":{"id":"SYN-ARAMBAGH-004-0086","block":"Khanakul - I","mouza":"SYNTHETIC_MOUZA_004","plot":"SYN-004-0086","areaSqm":0,"real":false}},{"type":"Feature","geometry":{"type":"Polygon","coordinates":[[[87.778839,22.750272],[87.778839,22.756091],[87.784614,22.756091],[87.784614,22.750272],[87.778839,22.750272]]]},"properties":{"id":"SYN-ARAMBAGH-004-0087","block":"Khanakul - I","mouza":"SYNTHETIC_MOUZA_004","plot":"SYN-004-0087","areaSqm":0,"real":false}},{"type":"Feature","geometry":{"type":"Polygon","coordinates":[[[87.778839,22.756091],[87.778839,22.76191],[87.784614,22.76191],[87.784614,22.756091],[87.778839,22.756091]]]},"properties":{"id":"SYN-ARAMBAGH-004-0088","block":"Khanakul - I","mouza":"SYNTHETIC_MOUZA_004","plot":"SYN-004-0088","areaSqm":0,"real":false}},{"type":"Feature","geometry":{"type":"Polygon","coordinates":[[[87.778839,22.76191],[87.778839,22.767729],[87.784614,22.767729],[87.784614,22.76191],[87.778839,22.76191]]]},"properties":{"id":"SYN-ARAMBAGH-004-0089","block":"Khanakul - I","mouza":"SYNTHETIC_MOUZA_004","plot":"SYN-004-0089","areaSqm":0,"real":false}},{"type":"Feature","geometry":{"type":"Polygon","coordinates":[[[87.784614,22.769715],[87.784614,22.767729],[87.778839,22.767729],[87.778839,22.772931],[87.779939,22.773547],[87.781625,22.773547],[87.784614,22.769715]]]},"properties":{"id":"SYN-ARAMBAGH-004-0090","block":"Khanakul - I","mouza":"SYNTHETIC_MOUZA_004","plot":"SYN-004-0090","areaSqm":0,"real":false}},{"type":"Feature","geometry":{"type":"Polygon","coordinates":[[[87.781112,22.774205],[87.781625,22.773547],[87.779939,22.773547],[87.781112,22.774205]]]},"properties":{"id":"SYN-ARAMBAGH-004-0091","block":"Khanakul - I","mouza":"SYNTHETIC_MOUZA_004","plot":"SYN-004-0091","areaSqm":0,"real":false}},{"type":"Feature","geometry":{"type":"Polygon","coordinates":[[[87.785792,22.688787],[87.785441,22.692083],[87.79039,22.692083],[87.79039,22.688648],[87.785792,22.688787]]]},"properties":{"id":"SYN-ARAMBAGH-004-0092","block":"Khanakul - I","mouza":"SYNTHETIC_MOUZA_004","plot":"SYN-004-0092","areaSqm":0,"real":false}},{"type":"Feature","geometry":{"type":"MultiPolygon","coordinates":[[[[87.784614,22.69445],[87.784614,22.697902],[87.784796,22.697902],[87.784614,22.69445]]],[[[87.784819,22.697902],[87.79039,22.697902],[87.79039,22.692083],[87.785441,22.692083],[87.784819,22.697902]]]]},"properties":{"id":"SYN-ARAMBAGH-004-0093","block":"Khanakul - I","mouza":"SYNTHETIC_MOUZA_004","plot":"SYN-004-0093","areaSqm":0,"real":false}},{"type":"Feature","geometry":{"type":"Polygon","coordinates":[[[87.784804,22.698051],[87.784796,22.697902],[87.784614,22.697902],[87.784614,22.70372],[87.79039,22.70372],[87.79039,22.697902],[87.784819,22.697902],[87.784804,22.698051]]]},"properties":{"id":"SYN-ARAMBAGH-004-0094","block":"Khanakul - I","mouza":"SYNTHETIC_MOUZA_004","plot":"SYN-004-0094","areaSqm":0,"real":false}},{"type":"Feature","geometry":{"type":"Polygon","coordinates":[[[87.784614,22.70372],[87.784614,22.709539],[87.79039,22.709539],[87.79039,22.70372],[87.784614,22.70372]]]},"properties":{"id":"SYN-ARAMBAGH-004-0095","block":"Khanakul - I","mouza":"SYNTHETIC_MOUZA_004","plot":"SYN-004-0095","areaSqm":0,"real":false}},{"type":"Feature","geometry":{"type":"Polygon","coordinates":[[[87.784614,22.709539],[87.784614,22.715358],[87.79039,22.715358],[87.79039,22.709539],[87.784614,22.709539]]]},"properties":{"id":"SYN-ARAMBAGH-004-0096","block":"Khanakul - I","mouza":"SYNTHETIC_MOUZA_004","plot":"SYN-004-0096","areaSqm":0,"real":false}},{"type":"Feature","geometry":{"type":"Polygon","coordinates":[[[87.784614,22.715358],[87.784614,22.721177],[87.79039,22.721177],[87.79039,22.715358],[87.784614,22.715358]]]},"properties":{"id":"SYN-ARAMBAGH-004-0097","block":"Khanakul - I","mouza":"SYNTHETIC_MOUZA_004","plot":"SYN-004-0097","areaSqm":0,"real":false}},{"type":"Feature","geometry":{"type":"Polygon","coordinates":[[[87.784614,22.721177],[87.784614,22.726996],[87.79039,22.726996],[87.79039,22.721177],[87.784614,22.721177]]]},"properties":{"id":"SYN-ARAMBAGH-004-0098","block":"Khanakul - I","mouza":"SYNTHETIC_MOUZA_004","plot":"SYN-004-0098","areaSqm":0,"real":false}},{"type":"Feature","geometry":{"type":"Polygon","coordinates":[[[87.784614,22.726996],[87.784614,22.732815],[87.79039,22.732815],[87.79039,22.726996],[87.784614,22.726996]]]},"properties":{"id":"SYN-ARAMBAGH-004-0099","block":"Khanakul - I","mouza":"SYNTHETIC_MOUZA_004","plot":"SYN-004-0099","areaSqm":0,"real":false}},{"type":"Feature","geometry":{"type":"Polygon","coordinates":[[[87.784614,22.732815],[87.784614,22.738634],[87.79039,22.738634],[87.79039,22.732815],[87.784614,22.732815]]]},"properties":{"id":"SYN-ARAMBAGH-004-0100","block":"Khanakul - I","mouza":"SYNTHETIC_MOUZA_004","plot":"SYN-004-0100","areaSqm":0,"real":false}},{"type":"Feature","geometry":{"type":"Polygon","coordinates":[[[87.784614,22.738634],[87.784614,22.744453],[87.79039,22.744453],[87.79039,22.738634],[87.784614,22.738634]]]},"properties":{"id":"SYN-ARAMBAGH-004-0101","block":"Khanakul - I","mouza":"SYNTHETIC_MOUZA_004","plot":"SYN-004-0101","areaSqm":0,"real":false}},{"type":"Feature","geometry":{"type":"Polygon","coordinates":[[[87.784614,22.744453],[87.784614,22.750272],[87.79039,22.750272],[87.79039,22.744453],[87.784614,22.744453]]]},"properties":{"id":"SYN-ARAMBAGH-004-0102","block":"Khanakul - I","mouza":"SYNTHETIC_MOUZA_004","plot":"SYN-004-0102","areaSqm":0,"real":false}},{"type":"Feature","geometry":{"type":"Polygon","coordinates":[[[87.784614,22.750272],[87.784614,22.756091],[87.79039,22.756091],[87.79039,22.750272],[87.784614,22.750272]]]},"properties":{"id":"SYN-ARAMBAGH-004-0103","block":"Khanakul - I","mouza":"SYNTHETIC_MOUZA_004","plot":"SYN-004-0103","areaSqm":0,"real":false}},{"type":"Feature","geometry":{"type":"Polygon","coordinates":[[[87.784614,22.756091],[87.784614,22.76191],[87.79039,22.76191],[87.79039,22.756091],[87.784614,22.756091]]]},"properties":{"id":"SYN-ARAMBAGH-004-0104","block":"Khanakul - I","mouza":"SYNTHETIC_MOUZA_004","plot":"SYN-004-0104","areaSqm":0,"real":false}},{"type":"Feature","geometry":{"type":"Polygon","coordinates":[[[87.787536,22.76597],[87.79039,22.767487],[87.79039,22.76191],[87.784614,22.76191],[87.784614,22.767729],[87.786165,22.767729],[87.787536,22.76597]]]},"properties":{"id":"SYN-ARAMBAGH-004-0105","block":"Khanakul - I","mouza":"SYNTHETIC_MOUZA_004","plot":"SYN-004-0105","areaSqm":0,"real":false}},{"type":"Feature","geometry":{"type":"Polygon","coordinates":[[[87.786165,22.767729],[87.784614,22.767729],[87.784614,22.769715],[87.786165,22.767729]]]},"properties":{"id":"SYN-ARAMBAGH-004-0106","block":"Khanakul - I","mouza":"SYNTHETIC_MOUZA_004","plot":"SYN-004-0106","areaSqm":0,"real":false}},{"type":"Feature","geometry":{"type":"Polygon","coordinates":[[[87.79039,22.688648],[87.79039,22.692083],[87.796165,22.692083],[87.796165,22.688473],[87.79039,22.688648]]]},"properties":{"id":"SYN-ARAMBAGH-004-0107","block":"Khanakul - I","mouza":"SYNTHETIC_MOUZA_004","plot":"SYN-004-0107","areaSqm":0,"real":false}},{"type":"Feature","geometry":{"type":"Polygon","coordinates":[[[87.79039,22.692083],[87.79039,22.697902],[87.796165,22.697902],[87.796165,22.692083],[87.79039,22.692083]]]},"properties":{"id":"SYN-ARAMBAGH-004-0108","block":"Khanakul - I","mouza":"SYNTHETIC_MOUZA_004","plot":"SYN-004-0108","areaSqm":0,"real":false}},{"type":"Feature","geometry":{"type":"Polygon","coordinates":[[[87.79039,22.697902],[87.79039,22.70372],[87.796165,22.70372],[87.796165,22.697902],[87.79039,22.697902]]]},"properties":{"id":"SYN-ARAMBAGH-004-0109","block":"Khanakul - I","mouza":"SYNTHETIC_MOUZA_004","plot":"SYN-004-0109","areaSqm":0,"real":false}},{"type":"Feature","geometry":{"type":"Polygon","coordinates":[[[87.79039,22.70372],[87.79039,22.709539],[87.796165,22.709539],[87.796165,22.70372],[87.79039,22.70372]]]},"properties":{"id":"SYN-ARAMBAGH-004-0110","block":"Khanakul - I","mouza":"SYNTHETIC_MOUZA_004","plot":"SYN-004-0110","areaSqm":0,"real":false}},{"type":"Feature","geometry":{"type":"Polygon","coordinates":[[[87.79039,22.709539],[87.79039,22.715358],[87.796165,22.715358],[87.796165,22.709539],[87.79039,22.709539]]]},"properties":{"id":"SYN-ARAMBAGH-004-0111","block":"Khanakul - I","mouza":"SYNTHETIC_MOUZA_004","plot":"SYN-004-0111","areaSqm":0,"real":false}},{"type":"Feature","geometry":{"type":"Polygon","coordinates":[[[87.79039,22.715358],[87.79039,22.721177],[87.796165,22.721177],[87.796165,22.715358],[87.79039,22.715358]]]},"properties":{"id":"SYN-ARAMBAGH-004-0112","block":"Khanakul - I","mouza":"SYNTHETIC_MOUZA_004","plot":"SYN-004-0112","areaSqm":0,"real":false}},{"type":"Feature","geometry":{"type":"Polygon","coordinates":[[[87.79039,22.721177],[87.79039,22.726996],[87.796165,22.726996],[87.796165,22.721177],[87.79039,22.721177]]]},"properties":{"id":"SYN-ARAMBAGH-004-0113","block":"Khanakul - I","mouza":"SYNTHETIC_MOUZA_004","plot":"SYN-004-0113","areaSqm":0,"real":false}},{"type":"Feature","geometry":{"type":"Polygon","coordinates":[[[87.79039,22.726996],[87.79039,22.732815],[87.796165,22.732815],[87.796165,22.726996],[87.79039,22.726996]]]},"properties":{"id":"SYN-ARAMBAGH-004-0114","block":"Khanakul - I","mouza":"SYNTHETIC_MOUZA_004","plot":"SYN-004-0114","areaSqm":0,"real":false}},{"type":"Feature","geometry":{"type":"Polygon","coordinates":[[[87.79039,22.732815],[87.79039,22.738634],[87.796165,22.738634],[87.796165,22.732815],[87.79039,22.732815]]]},"properties":{"id":"SYN-ARAMBAGH-004-0115","block":"Khanakul - I","mouza":"SYNTHETIC_MOUZA_004","plot":"SYN-004-0115","areaSqm":0,"real":false}},{"type":"Feature","geometry":{"type":"Polygon","coordinates":[[[87.79039,22.738634],[87.79039,22.744453],[87.796165,22.744453],[87.796165,22.738634],[87.79039,22.738634]]]},"properties":{"id":"SYN-ARAMBAGH-004-0116","block":"Khanakul - I","mouza":"SYNTHETIC_MOUZA_004","plot":"SYN-004-0116","areaSqm":0,"real":false}},{"type":"Feature","geometry":{"type":"Polygon","coordinates":[[[87.79039,22.744453],[87.79039,22.750272],[87.796165,22.750272],[87.796165,22.744453],[87.79039,22.744453]]]},"properties":{"id":"SYN-ARAMBAGH-004-0117","block":"Khanakul - I","mouza":"SYNTHETIC_MOUZA_004","plot":"SYN-004-0117","areaSqm":0,"real":false}},{"type":"Feature","geometry":{"type":"Polygon","coordinates":[[[87.79039,22.750272],[87.79039,22.756091],[87.796165,22.756091],[87.796165,22.750272],[87.79039,22.750272]]]},"properties":{"id":"SYN-ARAMBAGH-004-0118","block":"Khanakul - I","mouza":"SYNTHETIC_MOUZA_004","plot":"SYN-004-0118","areaSqm":0,"real":false}},{"type":"Feature","geometry":{"type":"Polygon","coordinates":[[[87.79039,22.756091],[87.79039,22.76191],[87.796165,22.76191],[87.796165,22.756091],[87.79039,22.756091]]]},"properties":{"id":"SYN-ARAMBAGH-004-0119","block":"Khanakul - I","mouza":"SYNTHETIC_MOUZA_004","plot":"SYN-004-0119","areaSqm":0,"real":false}},{"type":"Feature","geometry":{"type":"Polygon","coordinates":[[[87.790844,22.767729],[87.796165,22.767729],[87.796165,22.76191],[87.79039,22.76191],[87.79039,22.767487],[87.790844,22.767729]]]},"properties":{"id":"SYN-ARAMBAGH-004-0120","block":"Khanakul - I","mouza":"SYNTHETIC_MOUZA_004","plot":"SYN-004-0120","areaSqm":0,"real":false}},{"type":"Feature","geometry":{"type":"Polygon","coordinates":[[[87.794291,22.769561],[87.796165,22.769421],[87.796165,22.767729],[87.790844,22.767729],[87.794291,22.769561]]]},"properties":{"id":"SYN-ARAMBAGH-004-0121","block":"Khanakul - I","mouza":"SYNTHETIC_MOUZA_004","plot":"SYN-004-0121","areaSqm":0,"real":false}},{"type":"Feature","geometry":{"type":"Polygon","coordinates":[[[87.798874,22.690868],[87.797984,22.688418],[87.796165,22.688473],[87.796165,22.692083],[87.801941,22.692083],[87.801941,22.691076],[87.798874,22.690868]]]},"properties":{"id":"SYN-ARAMBAGH-004-0122","block":"Khanakul - I","mouza":"SYNTHETIC_MOUZA_004","plot":"SYN-004-0122","areaSqm":0,"real":false}},{"type":"Feature","geometry":{"type":"Polygon","coordinates":[[[87.796165,22.692083],[87.796165,22.697902],[87.801941,22.697902],[87.801941,22.692083],[87.796165,22.692083]]]},"properties":{"id":"SYN-ARAMBAGH-004-0123","block":"Khanakul - I","mouza":"SYNTHETIC_MOUZA_004","plot":"SYN-004-0123","areaSqm":0,"real":false}},{"type":"Feature","geometry":{"type":"Polygon","coordinates":[[[87.796165,22.697902],[87.796165,22.70372],[87.801941,22.70372],[87.801941,22.697902],[87.796165,22.697902]]]},"properties":{"id":"SYN-ARAMBAGH-004-0124","block":"Khanakul - I","mouza":"SYNTHETIC_MOUZA_004","plot":"SYN-004-0124","areaSqm":0,"real":false}},{"type":"Feature","geometry":{"type":"Polygon","coordinates":[[[87.796165,22.70372],[87.796165,22.709539],[87.801941,22.709539],[87.801941,22.70372],[87.796165,22.70372]]]},"properties":{"id":"SYN-ARAMBAGH-004-0125","block":"Khanakul - I","mouza":"SYNTHETIC_MOUZA_004","plot":"SYN-004-0125","areaSqm":0,"real":false}},{"type":"Feature","geometry":{"type":"Polygon","coordinates":[[[87.796165,22.709539],[87.796165,22.715358],[87.801941,22.715358],[87.801941,22.709539],[87.796165,22.709539]]]},"properties":{"id":"SYN-ARAMBAGH-004-0126","block":"Khanakul - I","mouza":"SYNTHETIC_MOUZA_004","plot":"SYN-004-0126","areaSqm":0,"real":false}},{"type":"Feature","geometry":{"type":"Polygon","coordinates":[[[87.796165,22.715358],[87.796165,22.721177],[87.801941,22.721177],[87.801941,22.715358],[87.796165,22.715358]]]},"properties":{"id":"SYN-ARAMBAGH-004-0127","block":"Khanakul - I","mouza":"SYNTHETIC_MOUZA_004","plot":"SYN-004-0127","areaSqm":0,"real":false}},{"type":"Feature","geometry":{"type":"Polygon","coordinates":[[[87.796165,22.721177],[87.796165,22.726996],[87.801941,22.726996],[87.801941,22.721177],[87.796165,22.721177]]]},"properties":{"id":"SYN-ARAMBAGH-004-0128","block":"Khanakul - I","mouza":"SYNTHETIC_MOUZA_004","plot":"SYN-004-0128","areaSqm":0,"real":false}},{"type":"Feature","geometry":{"type":"Polygon","coordinates":[[[87.796165,22.726996],[87.796165,22.732815],[87.801941,22.732815],[87.801941,22.726996],[87.796165,22.726996]]]},"properties":{"id":"SYN-ARAMBAGH-004-0129","block":"Khanakul - I","mouza":"SYNTHETIC_MOUZA_004","plot":"SYN-004-0129","areaSqm":0,"real":false}},{"type":"Feature","geometry":{"type":"Polygon","coordinates":[[[87.796165,22.732815],[87.796165,22.738634],[87.801941,22.738634],[87.801941,22.732815],[87.796165,22.732815]]]},"properties":{"id":"SYN-ARAMBAGH-004-0130","block":"Khanakul - I","mouza":"SYNTHETIC_MOUZA_004","plot":"SYN-004-0130","areaSqm":0,"real":false}},{"type":"Feature","geometry":{"type":"Polygon","coordinates":[[[87.796165,22.738634],[87.796165,22.744453],[87.801941,22.744453],[87.801941,22.738634],[87.796165,22.738634]]]},"properties":{"id":"SYN-ARAMBAGH-004-0131","block":"Khanakul - I","mouza":"SYNTHETIC_MOUZA_004","plot":"SYN-004-0131","areaSqm":0,"real":false}},{"type":"Feature","geometry":{"type":"Polygon","coordinates":[[[87.796165,22.744453],[87.796165,22.750272],[87.801941,22.750272],[87.801941,22.744453],[87.796165,22.744453]]]},"properties":{"id":"SYN-ARAMBAGH-004-0132","block":"Khanakul - I","mouza":"SYNTHETIC_MOUZA_004","plot":"SYN-004-0132","areaSqm":0,"real":false}},{"type":"Feature","geometry":{"type":"Polygon","coordinates":[[[87.796165,22.750272],[87.796165,22.756091],[87.801941,22.756091],[87.801941,22.750272],[87.796165,22.750272]]]},"properties":{"id":"SYN-ARAMBAGH-004-0133","block":"Khanakul - I","mouza":"SYNTHETIC_MOUZA_004","plot":"SYN-004-0133","areaSqm":0,"real":false}},{"type":"Feature","geometry":{"type":"Polygon","coordinates":[[[87.796165,22.756091],[87.796165,22.76191],[87.801941,22.76191],[87.801941,22.756091],[87.796165,22.756091]]]},"properties":{"id":"SYN-ARAMBAGH-004-0134","block":"Khanakul - I","mouza":"SYNTHETIC_MOUZA_004","plot":"SYN-004-0134","areaSqm":0,"real":false}},{"type":"Feature","geometry":{"type":"Polygon","coordinates":[[[87.799878,22.764192],[87.801941,22.763874],[87.801941,22.76191],[87.796165,22.76191],[87.796165,22.767729],[87.79757,22.767729],[87.799878,22.764192]]]},"properties":{"id":"SYN-ARAMBAGH-004-0135","block":"Khanakul - I","mouza":"SYNTHETIC_MOUZA_004","plot":"SYN-004-0135","areaSqm":0,"real":false}},{"type":"Feature","geometry":{"type":"Polygon","coordinates":[[[87.796481,22.769397],[87.79757,22.767729],[87.796165,22.767729],[87.796165,22.769421],[87.796481,22.769397]]]},"properties":{"id":"SYN-ARAMBAGH-004-0136","block":"Khanakul - I","mouza":"SYNTHETIC_MOUZA_004","plot":"SYN-004-0136","areaSqm":0,"real":false}},{"type":"Feature","geometry":{"type":"Polygon","coordinates":[[[87.801941,22.691076],[87.801941,22.692083],[87.807716,22.692083],[87.807716,22.691468],[87.801941,22.691076]]]},"properties":{"id":"SYN-ARAMBAGH-004-0137","block":"Khanakul - I","mouza":"SYNTHETIC_MOUZA_004","plot":"SYN-004-0137","areaSqm":0,"real":false}},{"type":"Feature","geometry":{"type":"Polygon","coordinates":[[[87.801941,22.692083],[87.801941,22.697902],[87.807716,22.697902],[87.807716,22.692083],[87.801941,22.692083]]]},"properties":{"id":"SYN-ARAMBAGH-004-0138","block":"Khanakul - I","mouza":"SYNTHETIC_MOUZA_004","plot":"SYN-004-0138","areaSqm":0,"real":false}},{"type":"Feature","geometry":{"type":"Polygon","coordinates":[[[87.801941,22.697902],[87.801941,22.70372],[87.807716,22.70372],[87.807716,22.697902],[87.801941,22.697902]]]},"properties":{"id":"SYN-ARAMBAGH-004-0139","block":"Khanakul - I","mouza":"SYNTHETIC_MOUZA_004","plot":"SYN-004-0139","areaSqm":0,"real":false}},{"type":"Feature","geometry":{"type":"Polygon","coordinates":[[[87.801941,22.70372],[87.801941,22.709539],[87.807716,22.709539],[87.807716,22.70372],[87.801941,22.70372]]]},"properties":{"id":"SYN-ARAMBAGH-004-0140","block":"Khanakul - I","mouza":"SYNTHETIC_MOUZA_004","plot":"SYN-004-0140","areaSqm":0,"real":false}},{"type":"Feature","geometry":{"type":"Polygon","coordinates":[[[87.801941,22.709539],[87.801941,22.715358],[87.807716,22.715358],[87.807716,22.709539],[87.801941,22.709539]]]},"properties":{"id":"SYN-ARAMBAGH-004-0141","block":"Khanakul - I","mouza":"SYNTHETIC_MOUZA_004","plot":"SYN-004-0141","areaSqm":0,"real":false}},{"type":"Feature","geometry":{"type":"Polygon","coordinates":[[[87.801941,22.715358],[87.801941,22.721177],[87.807716,22.721177],[87.807716,22.715358],[87.801941,22.715358]]]},"properties":{"id":"SYN-ARAMBAGH-004-0142","block":"Khanakul - I","mouza":"SYNTHETIC_MOUZA_004","plot":"SYN-004-0142","areaSqm":0,"real":false}},{"type":"Feature","geometry":{"type":"Polygon","coordinates":[[[87.801941,22.721177],[87.801941,22.726996],[87.807716,22.726996],[87.807716,22.721177],[87.801941,22.721177]]]},"properties":{"id":"SYN-ARAMBAGH-004-0143","block":"Khanakul - I","mouza":"SYNTHETIC_MOUZA_004","plot":"SYN-004-0143","areaSqm":0,"real":false}},{"type":"Feature","geometry":{"type":"Polygon","coordinates":[[[87.801941,22.726996],[87.801941,22.732815],[87.807716,22.732815],[87.807716,22.726996],[87.801941,22.726996]]]},"properties":{"id":"SYN-ARAMBAGH-004-0144","block":"Khanakul - I","mouza":"SYNTHETIC_MOUZA_004","plot":"SYN-004-0144","areaSqm":0,"real":false}},{"type":"Feature","geometry":{"type":"Polygon","coordinates":[[[87.801941,22.732815],[87.801941,22.738634],[87.807716,22.738634],[87.807716,22.732815],[87.801941,22.732815]]]},"properties":{"id":"SYN-ARAMBAGH-004-0145","block":"Khanakul - I","mouza":"SYNTHETIC_MOUZA_004","plot":"SYN-004-0145","areaSqm":0,"real":false}},{"type":"Feature","geometry":{"type":"Polygon","coordinates":[[[87.801941,22.738634],[87.801941,22.744453],[87.807716,22.744453],[87.807716,22.738634],[87.801941,22.738634]]]},"properties":{"id":"SYN-ARAMBAGH-004-0146","block":"Khanakul - I","mouza":"SYNTHETIC_MOUZA_004","plot":"SYN-004-0146","areaSqm":0,"real":false}},{"type":"Feature","geometry":{"type":"Polygon","coordinates":[[[87.801941,22.744453],[87.801941,22.750272],[87.807716,22.750272],[87.807716,22.744453],[87.801941,22.744453]]]},"properties":{"id":"SYN-ARAMBAGH-004-0147","block":"Khanakul - I","mouza":"SYNTHETIC_MOUZA_004","plot":"SYN-004-0147","areaSqm":0,"real":false}},{"type":"Feature","geometry":{"type":"Polygon","coordinates":[[[87.801941,22.750272],[87.801941,22.756091],[87.807716,22.756091],[87.807716,22.750272],[87.801941,22.750272]]]},"properties":{"id":"SYN-ARAMBAGH-004-0148","block":"Khanakul - I","mouza":"SYNTHETIC_MOUZA_004","plot":"SYN-004-0148","areaSqm":0,"real":false}},{"type":"Feature","geometry":{"type":"Polygon","coordinates":[[[87.807219,22.760369],[87.807716,22.760168],[87.807716,22.756091],[87.801941,22.756091],[87.801941,22.76191],[87.806651,22.76191],[87.807219,22.760369]]]},"properties":{"id":"SYN-ARAMBAGH-004-0149","block":"Khanakul - I","mouza":"SYNTHETIC_MOUZA_004","plot":"SYN-004-0149","areaSqm":0,"real":false}},{"type":"Feature","geometry":{"type":"Polygon","coordinates":[[[87.806166,22.763224],[87.806651,22.76191],[87.801941,22.76191],[87.801941,22.763874],[87.806166,22.763224]]]},"properties":{"id":"SYN-ARAMBAGH-004-0150","block":"Khanakul - I","mouza":"SYNTHETIC_MOUZA_004","plot":"SYN-004-0150","areaSqm":0,"real":false}},{"type":"Feature","geometry":{"type":"Polygon","coordinates":[[[87.810242,22.691639],[87.807716,22.691468],[87.807716,22.692083],[87.811104,22.692083],[87.810242,22.691639]]]},"properties":{"id":"SYN-ARAMBAGH-004-0151","block":"Khanakul - I","mouza":"SYNTHETIC_MOUZA_004","plot":"SYN-004-0151","areaSqm":0,"real":false}},{"type":"Feature","geometry":{"type":"Polygon","coordinates":[[[87.811104,22.692083],[87.807716,22.692083],[87.807716,22.697902],[87.813492,22.697902],[87.813492,22.693313],[87.811104,22.692083]]]},"properties":{"id":"SYN-ARAMBAGH-004-0152","block":"Khanakul - I","mouza":"SYNTHETIC_MOUZA_004","plot":"SYN-004-0152","areaSqm":0,"real":false}},{"type":"Feature","geometry":{"type":"Polygon","coordinates":[[[87.807716,22.697902],[87.807716,22.70372],[87.813492,22.70372],[87.813492,22.697902],[87.807716,22.697902]]]},"properties":{"id":"SYN-ARAMBAGH-004-0153","block":"Khanakul - I","mouza":"SYNTHETIC_MOUZA_004","plot":"SYN-004-0153","areaSqm":0,"real":false}},{"type":"Feature","geometry":{"type":"Polygon","coordinates":[[[87.807716,22.70372],[87.807716,22.709539],[87.813492,22.709539],[87.813492,22.70372],[87.807716,22.70372]]]},"properties":{"id":"SYN-ARAMBAGH-004-0154","block":"Khanakul - I","mouza":"SYNTHETIC_MOUZA_004","plot":"SYN-004-0154","areaSqm":0,"real":false}},{"type":"Feature","geometry":{"type":"Polygon","coordinates":[[[87.807716,22.709539],[87.807716,22.715358],[87.813492,22.715358],[87.813492,22.709539],[87.807716,22.709539]]]},"properties":{"id":"SYN-ARAMBAGH-004-0155","block":"Khanakul - I","mouza":"SYNTHETIC_MOUZA_004","plot":"SYN-004-0155","areaSqm":0,"real":false}},{"type":"Feature","geometry":{"type":"Polygon","coordinates":[[[87.807716,22.715358],[87.807716,22.721177],[87.813492,22.721177],[87.813492,22.715358],[87.807716,22.715358]]]},"properties":{"id":"SYN-ARAMBAGH-004-0156","block":"Khanakul - I","mouza":"SYNTHETIC_MOUZA_004","plot":"SYN-004-0156","areaSqm":0,"real":false}},{"type":"Feature","geometry":{"type":"Polygon","coordinates":[[[87.807716,22.721177],[87.807716,22.726996],[87.813492,22.726996],[87.813492,22.721177],[87.807716,22.721177]]]},"properties":{"id":"SYN-ARAMBAGH-004-0157","block":"Khanakul - I","mouza":"SYNTHETIC_MOUZA_004","plot":"SYN-004-0157","areaSqm":0,"real":false}},{"type":"Feature","geometry":{"type":"Polygon","coordinates":[[[87.807716,22.726996],[87.807716,22.732815],[87.813492,22.732815],[87.813492,22.726996],[87.807716,22.726996]]]},"properties":{"id":"SYN-ARAMBAGH-004-0158","block":"Khanakul - I","mouza":"SYNTHETIC_MOUZA_004","plot":"SYN-004-0158","areaSqm":0,"real":false}},{"type":"Feature","geometry":{"type":"Polygon","coordinates":[[[87.807716,22.732815],[87.807716,22.738634],[87.813492,22.738634],[87.813492,22.732815],[87.807716,22.732815]]]},"properties":{"id":"SYN-ARAMBAGH-004-0159","block":"Khanakul - I","mouza":"SYNTHETIC_MOUZA_004","plot":"SYN-004-0159","areaSqm":0,"real":false}},{"type":"Feature","geometry":{"type":"Polygon","coordinates":[[[87.807716,22.738634],[87.807716,22.744453],[87.813492,22.744453],[87.813492,22.738634],[87.807716,22.738634]]]},"properties":{"id":"SYN-ARAMBAGH-004-0160","block":"Khanakul - I","mouza":"SYNTHETIC_MOUZA_004","plot":"SYN-004-0160","areaSqm":0,"real":false}},{"type":"Feature","geometry":{"type":"Polygon","coordinates":[[[87.807716,22.744453],[87.807716,22.750272],[87.813492,22.750272],[87.813492,22.744453],[87.807716,22.744453]]]},"properties":{"id":"SYN-ARAMBAGH-004-0161","block":"Khanakul - I","mouza":"SYNTHETIC_MOUZA_004","plot":"SYN-004-0161","areaSqm":0,"real":false}},{"type":"Feature","geometry":{"type":"Polygon","coordinates":[[[87.812602,22.753174],[87.813239,22.751706],[87.813492,22.751641],[87.813492,22.750272],[87.807716,22.750272],[87.807716,22.756091],[87.813492,22.756091],[87.813492,22.753811],[87.812602,22.753174]]]},"properties":{"id":"SYN-ARAMBAGH-004-0162","block":"Khanakul - I","mouza":"SYNTHETIC_MOUZA_004","plot":"SYN-004-0162","areaSqm":0,"real":false}},{"type":"Feature","geometry":{"type":"Polygon","coordinates":[[[87.81193,22.758468],[87.810842,22.758774],[87.813492,22.756183],[87.813492,22.756091],[87.807716,22.756091],[87.807716,22.760168],[87.81193,22.758468]]]},"properties":{"id":"SYN-ARAMBAGH-004-0163","block":"Khanakul - I","mouza":"SYNTHETIC_MOUZA_004","plot":"SYN-004-0163","areaSqm":0,"real":false}},{"type":"Feature","geometry":{"type":"Polygon","coordinates":[[[87.814454,22.693808],[87.813492,22.693313],[87.813492,22.697902],[87.819267,22.697902],[87.819267,22.692181],[87.814454,22.693808]]]},"properties":{"id":"SYN-ARAMBAGH-004-0164","block":"Khanakul - I","mouza":"SYNTHETIC_MOUZA_004","plot":"SYN-004-0164","areaSqm":0,"real":false}},{"type":"Feature","geometry":{"type":"Polygon","coordinates":[[[87.813492,22.697902],[87.813492,22.70372],[87.819267,22.70372],[87.819267,22.697902],[87.813492,22.697902]]]},"properties":{"id":"SYN-ARAMBAGH-004-0165","block":"Khanakul - I","mouza":"SYNTHETIC_MOUZA_004","plot":"SYN-004-0165","areaSqm":0,"real":false}},{"type":"Feature","geometry":{"type":"Polygon","coordinates":[[[87.813492,22.70372],[87.813492,22.709539],[87.819267,22.709539],[87.819267,22.70372],[87.813492,22.70372]]]},"properties":{"id":"SYN-ARAMBAGH-004-0166","block":"Khanakul - I","mouza":"SYNTHETIC_MOUZA_004","plot":"SYN-004-0166","areaSqm":0,"real":false}},{"type":"Feature","geometry":{"type":"Polygon","coordinates":[[[87.813492,22.709539],[87.813492,22.715358],[87.819267,22.715358],[87.819267,22.709539],[87.813492,22.709539]]]},"properties":{"id":"SYN-ARAMBAGH-004-0167","block":"Khanakul - I","mouza":"SYNTHETIC_MOUZA_004","plot":"SYN-004-0167","areaSqm":0,"real":false}},{"type":"Feature","geometry":{"type":"Polygon","coordinates":[[[87.813492,22.715358],[87.813492,22.721177],[87.819267,22.721177],[87.819267,22.715358],[87.813492,22.715358]]]},"properties":{"id":"SYN-ARAMBAGH-004-0168","block":"Khanakul - I","mouza":"SYNTHETIC_MOUZA_004","plot":"SYN-004-0168","areaSqm":0,"real":false}},{"type":"Feature","geometry":{"type":"Polygon","coordinates":[[[87.813492,22.721177],[87.813492,22.726996],[87.819267,22.726996],[87.819267,22.721177],[87.813492,22.721177]]]},"properties":{"id":"SYN-ARAMBAGH-004-0169","block":"Khanakul - I","mouza":"SYNTHETIC_MOUZA_004","plot":"SYN-004-0169","areaSqm":0,"real":false}},{"type":"Feature","geometry":{"type":"Polygon","coordinates":[[[87.813492,22.726996],[87.813492,22.732815],[87.819267,22.732815],[87.819267,22.726996],[87.813492,22.726996]]]},"properties":{"id":"SYN-ARAMBAGH-004-0170","block":"Khanakul - I","mouza":"SYNTHETIC_MOUZA_004","plot":"SYN-004-0170","areaSqm":0,"real":false}},{"type":"Feature","geometry":{"type":"Polygon","coordinates":[[[87.813492,22.732815],[87.813492,22.738634],[87.819267,22.738634],[87.819267,22.732815],[87.813492,22.732815]]]},"properties":{"id":"SYN-ARAMBAGH-004-0171","block":"Khanakul - I","mouza":"SYNTHETIC_MOUZA_004","plot":"SYN-004-0171","areaSqm":0,"real":false}},{"type":"Feature","geometry":{"type":"Polygon","coordinates":[[[87.813492,22.738634],[87.813492,22.744453],[87.819267,22.744453],[87.819267,22.738634],[87.813492,22.738634]]]},"properties":{"id":"SYN-ARAMBAGH-004-0172","block":"Khanakul - I","mouza":"SYNTHETIC_MOUZA_004","plot":"SYN-004-0172","areaSqm":0,"real":false}},{"type":"Feature","geometry":{"type":"Polygon","coordinates":[[[87.819267,22.750153],[87.819267,22.744453],[87.813492,22.744453],[87.813492,22.750272],[87.818806,22.750272],[87.819267,22.750153]]]},"properties":{"id":"SYN-ARAMBAGH-004-0173","block":"Khanakul - I","mouza":"SYNTHETIC_MOUZA_004","plot":"SYN-004-0173","areaSqm":0,"real":false}},{"type":"Feature","geometry":{"type":"MultiPolygon","coordinates":[[[[87.818806,22.750272],[87.813492,22.750272],[87.813492,22.751641],[87.818806,22.750272]]],[[[87.814892,22.754814],[87.813492,22.753811],[87.813492,22.756091],[87.813586,22.756091],[87.814892,22.754814]]]]},"properties":{"id":"SYN-ARAMBAGH-004-0174","block":"Khanakul - I","mouza":"SYNTHETIC_MOUZA_004","plot":"SYN-004-0174","areaSqm":0,"real":false}},{"type":"Feature","geometry":{"type":"MultiPolygon","coordinates":[[[[87.815902,22.760997],[87.815145,22.76191],[87.819267,22.76191],[87.819267,22.760508],[87.815902,22.760997]]],[[[87.813586,22.756091],[87.813492,22.756091],[87.813492,22.756183],[87.813586,22.756091]]]]},"properties":{"id":"SYN-ARAMBAGH-004-0175","block":"Khanakul - I","mouza":"SYNTHETIC_MOUZA_004","plot":"SYN-004-0175","areaSqm":0,"real":false}},{"type":"Feature","geometry":{"type":"Polygon","coordinates":[[[87.814442,22.762756],[87.815475,22.767729],[87.819267,22.767729],[87.819267,22.76191],[87.815145,22.76191],[87.814442,22.762756]]]},"properties":{"id":"SYN-ARAMBAGH-004-0176","block":"Khanakul - I","mouza":"SYNTHETIC_MOUZA_004","plot":"SYN-004-0176","areaSqm":0,"real":false}},{"type":"Feature","geometry":{"type":"Polygon","coordinates":[[[87.816201,22.771221],[87.818442,22.773441],[87.819267,22.773302],[87.819267,22.767729],[87.815475,22.767729],[87.816201,22.771221]]]},"properties":{"id":"SYN-ARAMBAGH-004-0177","block":"Khanakul - I","mouza":"SYNTHETIC_MOUZA_004","plot":"SYN-004-0177","areaSqm":0,"real":false}},{"type":"Feature","geometry":{"type":"Polygon","coordinates":[[[87.81956,22.692083],[87.825043,22.692083],[87.825043,22.69023],[87.81956,22.692083]]]},"properties":{"id":"SYN-ARAMBAGH-004-0178","block":"Khanakul - I","mouza":"SYNTHETIC_MOUZA_004","plot":"SYN-004-0178","areaSqm":0,"real":false}},{"type":"Feature","geometry":{"type":"Polygon","coordinates":[[[87.819267,22.692181],[87.819267,22.697902],[87.825043,22.697902],[87.825043,22.692083],[87.81956,22.692083],[87.819267,22.692181]]]},"properties":{"id":"SYN-ARAMBAGH-004-0179","block":"Khanakul - I","mouza":"SYNTHETIC_MOUZA_004","plot":"SYN-004-0179","areaSqm":0,"real":false}},{"type":"Feature","geometry":{"type":"Polygon","coordinates":[[[87.819267,22.697902],[87.819267,22.70372],[87.825043,22.70372],[87.825043,22.697902],[87.819267,22.697902]]]},"properties":{"id":"SYN-ARAMBAGH-004-0180","block":"Khanakul - I","mouza":"SYNTHETIC_MOUZA_004","plot":"SYN-004-0180","areaSqm":0,"real":false}},{"type":"Feature","geometry":{"type":"Polygon","coordinates":[[[87.819267,22.70372],[87.819267,22.709539],[87.825043,22.709539],[87.825043,22.70372],[87.819267,22.70372]]]},"properties":{"id":"SYN-ARAMBAGH-004-0181","block":"Khanakul - I","mouza":"SYNTHETIC_MOUZA_004","plot":"SYN-004-0181","areaSqm":0,"real":false}},{"type":"Feature","geometry":{"type":"Polygon","coordinates":[[[87.819267,22.709539],[87.819267,22.715358],[87.825043,22.715358],[87.825043,22.709539],[87.819267,22.709539]]]},"properties":{"id":"SYN-ARAMBAGH-004-0182","block":"Khanakul - I","mouza":"SYNTHETIC_MOUZA_004","plot":"SYN-004-0182","areaSqm":0,"real":false}},{"type":"Feature","geometry":{"type":"Polygon","coordinates":[[[87.819267,22.715358],[87.819267,22.721177],[87.825043,22.721177],[87.825043,22.715358],[87.819267,22.715358]]]},"properties":{"id":"SYN-ARAMBAGH-004-0183","block":"Khanakul - I","mouza":"SYNTHETIC_MOUZA_004","plot":"SYN-004-0183","areaSqm":0,"real":false}},{"type":"Feature","geometry":{"type":"Polygon","coordinates":[[[87.819267,22.721177],[87.819267,22.726996],[87.825043,22.726996],[87.825043,22.721177],[87.819267,22.721177]]]},"properties":{"id":"SYN-ARAMBAGH-004-0184","block":"Khanakul - I","mouza":"SYNTHETIC_MOUZA_004","plot":"SYN-004-0184","areaSqm":0,"real":false}},{"type":"Feature","geometry":{"type":"Polygon","coordinates":[[[87.819267,22.726996],[87.819267,22.732815],[87.825043,22.732815],[87.825043,22.726996],[87.819267,22.726996]]]},"properties":{"id":"SYN-ARAMBAGH-004-0185","block":"Khanakul - I","mouza":"SYNTHETIC_MOUZA_004","plot":"SYN-004-0185","areaSqm":0,"real":false}},{"type":"Feature","geometry":{"type":"Polygon","coordinates":[[[87.819267,22.732815],[87.819267,22.738634],[87.825043,22.738634],[87.825043,22.732815],[87.819267,22.732815]]]},"properties":{"id":"SYN-ARAMBAGH-004-0186","block":"Khanakul - I","mouza":"SYNTHETIC_MOUZA_004","plot":"SYN-004-0186","areaSqm":0,"real":false}},{"type":"Feature","geometry":{"type":"Polygon","coordinates":[[[87.819267,22.738634],[87.819267,22.744453],[87.825043,22.744453],[87.825043,22.738634],[87.819267,22.738634]]]},"properties":{"id":"SYN-ARAMBAGH-004-0187","block":"Khanakul - I","mouza":"SYNTHETIC_MOUZA_004","plot":"SYN-004-0187","areaSqm":0,"real":false}},{"type":"Feature","geometry":{"type":"Polygon","coordinates":[[[87.823901,22.748959],[87.825043,22.749498],[87.825043,22.744453],[87.819267,22.744453],[87.819267,22.750153],[87.823901,22.748959]]]},"properties":{"id":"SYN-ARAMBAGH-004-0188","block":"Khanakul - I","mouza":"SYNTHETIC_MOUZA_004","plot":"SYN-004-0188","areaSqm":0,"real":false}},{"type":"Feature","geometry":{"type":"Polygon","coordinates":[[[87.819267,22.760508],[87.819267,22.76191],[87.825043,22.76191],[87.825043,22.759669],[87.819267,22.760508]]]},"properties":{"id":"SYN-ARAMBAGH-004-0189","block":"Khanakul - I","mouza":"SYNTHETIC_MOUZA_004","plot":"SYN-004-0189","areaSqm":0,"real":false}},{"type":"Feature","geometry":{"type":"Polygon","coordinates":[[[87.819267,22.76191],[87.819267,22.767729],[87.825043,22.767729],[87.825043,22.76191],[87.819267,22.76191]]]},"properties":{"id":"SYN-ARAMBAGH-004-0190","block":"Khanakul - I","mouza":"SYNTHETIC_MOUZA_004","plot":"SYN-004-0190","areaSqm":0,"real":false}},{"type":"Feature","geometry":{"type":"Polygon","coordinates":[[[87.825043,22.772327],[87.825043,22.767729],[87.819267,22.767729],[87.819267,22.773302],[87.825043,22.772327]]]},"properties":{"id":"SYN-ARAMBAGH-004-0191","block":"Khanakul - I","mouza":"SYNTHETIC_MOUZA_004","plot":"SYN-004-0191","areaSqm":0,"real":false}},{"type":"Feature","geometry":{"type":"Polygon","coordinates":[[[87.82967,22.688666],[87.825043,22.69023],[87.825043,22.692083],[87.830379,22.692083],[87.82967,22.688666]]]},"properties":{"id":"SYN-ARAMBAGH-004-0192","block":"Khanakul - I","mouza":"SYNTHETIC_MOUZA_004","plot":"SYN-004-0192","areaSqm":0,"real":false}},{"type":"Feature","geometry":{"type":"Polygon","coordinates":[[[87.830401,22.692189],[87.830379,22.692083],[87.825043,22.692083],[87.825043,22.697902],[87.830818,22.697902],[87.830818,22.692106],[87.830401,22.692189]]]},"properties":{"id":"SYN-ARAMBAGH-004-0193","block":"Khanakul - I","mouza":"SYNTHETIC_MOUZA_004","plot":"SYN-004-0193","areaSqm":0,"real":false}},{"type":"Feature","geometry":{"type":"Polygon","coordinates":[[[87.825043,22.697902],[87.825043,22.70372],[87.830818,22.70372],[87.830818,22.697902],[87.825043,22.697902]]]},"properties":{"id":"SYN-ARAMBAGH-004-0194","block":"Khanakul - I","mouza":"SYNTHETIC_MOUZA_004","plot":"SYN-004-0194","areaSqm":0,"real":false}},{"type":"Feature","geometry":{"type":"Polygon","coordinates":[[[87.825043,22.70372],[87.825043,22.709539],[87.830818,22.709539],[87.830818,22.70372],[87.825043,22.70372]]]},"properties":{"id":"SYN-ARAMBAGH-004-0195","block":"Khanakul - I","mouza":"SYNTHETIC_MOUZA_004","plot":"SYN-004-0195","areaSqm":0,"real":false}},{"type":"Feature","geometry":{"type":"Polygon","coordinates":[[[87.825043,22.709539],[87.825043,22.715358],[87.830818,22.715358],[87.830818,22.709539],[87.825043,22.709539]]]},"properties":{"id":"SYN-ARAMBAGH-004-0196","block":"Khanakul - I","mouza":"SYNTHETIC_MOUZA_004","plot":"SYN-004-0196","areaSqm":0,"real":false}},{"type":"Feature","geometry":{"type":"Polygon","coordinates":[[[87.825043,22.715358],[87.825043,22.721177],[87.830818,22.721177],[87.830818,22.715358],[87.825043,22.715358]]]},"properties":{"id":"SYN-ARAMBAGH-004-0197","block":"Khanakul - I","mouza":"SYNTHETIC_MOUZA_004","plot":"SYN-004-0197","areaSqm":0,"real":false}},{"type":"Feature","geometry":{"type":"Polygon","coordinates":[[[87.825043,22.721177],[87.825043,22.726996],[87.830818,22.726996],[87.830818,22.721177],[87.825043,22.721177]]]},"properties":{"id":"SYN-ARAMBAGH-004-0198","block":"Khanakul - I","mouza":"SYNTHETIC_MOUZA_004","plot":"SYN-004-0198","areaSqm":0,"real":false}},{"type":"Feature","geometry":{"type":"Polygon","coordinates":[[[87.825043,22.726996],[87.825043,22.732815],[87.830818,22.732815],[87.830818,22.726996],[87.825043,22.726996]]]},"properties":{"id":"SYN-ARAMBAGH-004-0199","block":"Khanakul - I","mouza":"SYNTHETIC_MOUZA_004","plot":"SYN-004-0199","areaSqm":0,"real":false}},{"type":"Feature","geometry":{"type":"Polygon","coordinates":[[[87.825043,22.732815],[87.825043,22.738634],[87.830818,22.738634],[87.830818,22.732815],[87.825043,22.732815]]]},"properties":{"id":"SYN-ARAMBAGH-004-0200","block":"Khanakul - I","mouza":"SYNTHETIC_MOUZA_004","plot":"SYN-004-0200","areaSqm":0,"real":false}},{"type":"Feature","geometry":{"type":"Polygon","coordinates":[[[87.825043,22.738634],[87.825043,22.744453],[87.830818,22.744453],[87.830818,22.738634],[87.825043,22.738634]]]},"properties":{"id":"SYN-ARAMBAGH-004-0201","block":"Khanakul - I","mouza":"SYNTHETIC_MOUZA_004","plot":"SYN-004-0201","areaSqm":0,"real":false}},{"type":"Feature","geometry":{"type":"Polygon","coordinates":[[[87.826175,22.750032],[87.826184,22.750272],[87.830818,22.750272],[87.830818,22.744453],[87.825043,22.744453],[87.825043,22.749498],[87.826175,22.750032]]]},"properties":{"id":"SYN-ARAMBAGH-004-0202","block":"Khanakul - I","mouza":"SYNTHETIC_MOUZA_004","plot":"SYN-004-0202","areaSqm":0,"real":false}},{"type":"Feature","geometry":{"type":"Polygon","coordinates":[[[87.82629,22.753224],[87.829481,22.756091],[87.830818,22.756091],[87.830818,22.750272],[87.826184,22.750272],[87.82629,22.753224]]]},"properties":{"id":"SYN-ARAMBAGH-004-0203","block":"Khanakul - I","mouza":"SYNTHETIC_MOUZA_004","plot":"SYN-004-0203","areaSqm":0,"real":false}},{"type":"Feature","geometry":{"type":"Polygon","coordinates":[[[87.830217,22.756752],[87.82828,22.759199],[87.825043,22.759669],[87.825043,22.76191],[87.830818,22.76191],[87.830818,22.756091],[87.829481,22.756091],[87.830217,22.756752]]]},"properties":{"id":"SYN-ARAMBAGH-004-0204","block":"Khanakul - I","mouza":"SYNTHETIC_MOUZA_004","plot":"SYN-004-0204","areaSqm":0,"real":false}},{"type":"Feature","geometry":{"type":"Polygon","coordinates":[[[87.825043,22.76191],[87.825043,22.767729],[87.830818,22.767729],[87.830818,22.76191],[87.825043,22.76191]]]},"properties":{"id":"SYN-ARAMBAGH-004-0205","block":"Khanakul - I","mouza":"SYNTHETIC_MOUZA_004","plot":"SYN-004-0205","areaSqm":0,"real":false}},{"type":"Feature","geometry":{"type":"Polygon","coordinates":[[[87.830818,22.771352],[87.830818,22.767729],[87.825043,22.767729],[87.825043,22.772327],[87.830818,22.771352]]]},"properties":{"id":"SYN-ARAMBAGH-004-0206","block":"Khanakul - I","mouza":"SYNTHETIC_MOUZA_004","plot":"SYN-004-0206","areaSqm":0,"real":false}},{"type":"Feature","geometry":{"type":"Polygon","coordinates":[[[87.830936,22.692083],[87.836594,22.692083],[87.836594,22.690952],[87.830936,22.692083]]]},"properties":{"id":"SYN-ARAMBAGH-004-0207","block":"Khanakul - I","mouza":"SYNTHETIC_MOUZA_004","plot":"SYN-004-0207","areaSqm":0,"real":false}},{"type":"Feature","geometry":{"type":"Polygon","coordinates":[[[87.830818,22.692106],[87.830818,22.697902],[87.836594,22.697902],[87.836594,22.692083],[87.830936,22.692083],[87.830818,22.692106]]]},"properties":{"id":"SYN-ARAMBAGH-004-0208","block":"Khanakul - I","mouza":"SYNTHETIC_MOUZA_004","plot":"SYN-004-0208","areaSqm":0,"real":false}},{"type":"Feature","geometry":{"type":"Polygon","coordinates":[[[87.830818,22.697902],[87.830818,22.70372],[87.836594,22.70372],[87.836594,22.697902],[87.830818,22.697902]]]},"properties":{"id":"SYN-ARAMBAGH-004-0209","block":"Khanakul - I","mouza":"SYNTHETIC_MOUZA_004","plot":"SYN-004-0209","areaSqm":0,"real":false}},{"type":"Feature","geometry":{"type":"Polygon","coordinates":[[[87.830818,22.70372],[87.830818,22.709539],[87.836594,22.709539],[87.836594,22.70372],[87.830818,22.70372]]]},"properties":{"id":"SYN-ARAMBAGH-004-0210","block":"Khanakul - I","mouza":"SYNTHETIC_MOUZA_004","plot":"SYN-004-0210","areaSqm":0,"real":false}},{"type":"Feature","geometry":{"type":"Polygon","coordinates":[[[87.830818,22.709539],[87.830818,22.715358],[87.836594,22.715358],[87.836594,22.709539],[87.830818,22.709539]]]},"properties":{"id":"SYN-ARAMBAGH-004-0211","block":"Khanakul - I","mouza":"SYNTHETIC_MOUZA_004","plot":"SYN-004-0211","areaSqm":0,"real":false}},{"type":"Feature","geometry":{"type":"Polygon","coordinates":[[[87.830818,22.715358],[87.830818,22.721177],[87.836594,22.721177],[87.836594,22.715358],[87.830818,22.715358]]]},"properties":{"id":"SYN-ARAMBAGH-004-0212","block":"Khanakul - I","mouza":"SYNTHETIC_MOUZA_004","plot":"SYN-004-0212","areaSqm":0,"real":false}},{"type":"Feature","geometry":{"type":"Polygon","coordinates":[[[87.830818,22.721177],[87.830818,22.726996],[87.836594,22.726996],[87.836594,22.721177],[87.830818,22.721177]]]},"properties":{"id":"SYN-ARAMBAGH-004-0213","block":"Khanakul - I","mouza":"SYNTHETIC_MOUZA_004","plot":"SYN-004-0213","areaSqm":0,"real":false}},{"type":"Feature","geometry":{"type":"Polygon","coordinates":[[[87.830818,22.726996],[87.830818,22.732815],[87.836594,22.732815],[87.836594,22.726996],[87.830818,22.726996]]]},"properties":{"id":"SYN-ARAMBAGH-004-0214","block":"Khanakul - I","mouza":"SYNTHETIC_MOUZA_004","plot":"SYN-004-0214","areaSqm":0,"real":false}},{"type":"Feature","geometry":{"type":"Polygon","coordinates":[[[87.830818,22.732815],[87.830818,22.738634],[87.836594,22.738634],[87.836594,22.732815],[87.830818,22.732815]]]},"properties":{"id":"SYN-ARAMBAGH-004-0215","block":"Khanakul - I","mouza":"SYNTHETIC_MOUZA_004","plot":"SYN-004-0215","areaSqm":0,"real":false}},{"type":"Feature","geometry":{"type":"Polygon","coordinates":[[[87.830818,22.738634],[87.830818,22.744453],[87.836594,22.744453],[87.836594,22.738634],[87.830818,22.738634]]]},"properties":{"id":"SYN-ARAMBAGH-004-0216","block":"Khanakul - I","mouza":"SYNTHETIC_MOUZA_004","plot":"SYN-004-0216","areaSqm":0,"real":false}},{"type":"Feature","geometry":{"type":"Polygon","coordinates":[[[87.830818,22.744453],[87.830818,22.750272],[87.836594,22.750272],[87.836594,22.744453],[87.830818,22.744453]]]},"properties":{"id":"SYN-ARAMBAGH-004-0217","block":"Khanakul - I","mouza":"SYNTHETIC_MOUZA_004","plot":"SYN-004-0217","areaSqm":0,"real":false}},{"type":"Feature","geometry":{"type":"Polygon","coordinates":[[[87.830818,22.750272],[87.830818,22.756091],[87.836594,22.756091],[87.836594,22.750272],[87.830818,22.750272]]]},"properties":{"id":"SYN-ARAMBAGH-004-0218","block":"Khanakul - I","mouza":"SYNTHETIC_MOUZA_004","plot":"SYN-004-0218","areaSqm":0,"real":false}},{"type":"Feature","geometry":{"type":"Polygon","coordinates":[[[87.830818,22.756091],[87.830818,22.76191],[87.836594,22.76191],[87.836594,22.756091],[87.830818,22.756091]]]},"properties":{"id":"SYN-ARAMBAGH-004-0219","block":"Khanakul - I","mouza":"SYNTHETIC_MOUZA_004","plot":"SYN-004-0219","areaSqm":0,"real":false}},{"type":"Feature","geometry":{"type":"Polygon","coordinates":[[[87.830818,22.76191],[87.830818,22.767729],[87.836594,22.767729],[87.836594,22.76191],[87.830818,22.76191]]]},"properties":{"id":"SYN-ARAMBAGH-004-0220","block":"Khanakul - I","mouza":"SYNTHETIC_MOUZA_004","plot":"SYN-004-0220","areaSqm":0,"real":false}},{"type":"Feature","geometry":{"type":"Polygon","coordinates":[[[87.836594,22.770378],[87.836594,22.767729],[87.830818,22.767729],[87.830818,22.771352],[87.836594,22.770378]]]},"properties":{"id":"SYN-ARAMBAGH-004-0221","block":"Khanakul - I","mouza":"SYNTHETIC_MOUZA_004","plot":"SYN-004-0221","areaSqm":0,"real":false}},{"type":"Feature","geometry":{"type":"Polygon","coordinates":[[[87.836594,22.690952],[87.836594,22.692083],[87.842369,22.692083],[87.842369,22.689797],[87.836594,22.690952]]]},"properties":{"id":"SYN-ARAMBAGH-004-0222","block":"Khanakul - I","mouza":"SYNTHETIC_MOUZA_004","plot":"SYN-004-0222","areaSqm":0,"real":false}},{"type":"Feature","geometry":{"type":"Polygon","coordinates":[[[87.836594,22.692083],[87.836594,22.697902],[87.842369,22.697902],[87.842369,22.692083],[87.836594,22.692083]]]},"properties":{"id":"SYN-ARAMBAGH-004-0223","block":"Khanakul - I","mouza":"SYNTHETIC_MOUZA_004","plot":"SYN-004-0223","areaSqm":0,"real":false}},{"type":"Feature","geometry":{"type":"Polygon","coordinates":[[[87.836594,22.697902],[87.836594,22.70372],[87.842369,22.70372],[87.842369,22.697902],[87.836594,22.697902]]]},"properties":{"id":"SYN-ARAMBAGH-004-0224","block":"Khanakul - I","mouza":"SYNTHETIC_MOUZA_004","plot":"SYN-004-0224","areaSqm":0,"real":false}},{"type":"Feature","geometry":{"type":"Polygon","coordinates":[[[87.836594,22.70372],[87.836594,22.709539],[87.842369,22.709539],[87.842369,22.70372],[87.836594,22.70372]]]},"properties":{"id":"SYN-ARAMBAGH-004-0225","block":"Khanakul - I","mouza":"SYNTHETIC_MOUZA_004","plot":"SYN-004-0225","areaSqm":0,"real":false}},{"type":"Feature","geometry":{"type":"Polygon","coordinates":[[[87.836594,22.709539],[87.836594,22.715358],[87.842369,22.715358],[87.842369,22.709539],[87.836594,22.709539]]]},"properties":{"id":"SYN-ARAMBAGH-004-0226","block":"Khanakul - I","mouza":"SYNTHETIC_MOUZA_004","plot":"SYN-004-0226","areaSqm":0,"real":false}},{"type":"Feature","geometry":{"type":"Polygon","coordinates":[[[87.836594,22.715358],[87.836594,22.721177],[87.842369,22.721177],[87.842369,22.715358],[87.836594,22.715358]]]},"properties":{"id":"SYN-ARAMBAGH-004-0227","block":"Khanakul - I","mouza":"SYNTHETIC_MOUZA_004","plot":"SYN-004-0227","areaSqm":0,"real":false}},{"type":"Feature","geometry":{"type":"Polygon","coordinates":[[[87.836594,22.721177],[87.836594,22.726996],[87.842369,22.726996],[87.842369,22.721177],[87.836594,22.721177]]]},"properties":{"id":"SYN-ARAMBAGH-004-0228","block":"Khanakul - I","mouza":"SYNTHETIC_MOUZA_004","plot":"SYN-004-0228","areaSqm":0,"real":false}},{"type":"Feature","geometry":{"type":"Polygon","coordinates":[[[87.836594,22.726996],[87.836594,22.732815],[87.842369,22.732815],[87.842369,22.726996],[87.836594,22.726996]]]},"properties":{"id":"SYN-ARAMBAGH-004-0229","block":"Khanakul - I","mouza":"SYNTHETIC_MOUZA_004","plot":"SYN-004-0229","areaSqm":0,"real":false}},{"type":"Feature","geometry":{"type":"Polygon","coordinates":[[[87.836594,22.732815],[87.836594,22.738634],[87.842369,22.738634],[87.842369,22.732815],[87.836594,22.732815]]]},"properties":{"id":"SYN-ARAMBAGH-004-0230","block":"Khanakul - I","mouza":"SYNTHETIC_MOUZA_004","plot":"SYN-004-0230","areaSqm":0,"real":false}},{"type":"Feature","geometry":{"type":"Polygon","coordinates":[[[87.836594,22.738634],[87.836594,22.744453],[87.842369,22.744453],[87.842369,22.738634],[87.836594,22.738634]]]},"properties":{"id":"SYN-ARAMBAGH-004-0231","block":"Khanakul - I","mouza":"SYNTHETIC_MOUZA_004","plot":"SYN-004-0231","areaSqm":0,"real":false}},{"type":"Feature","geometry":{"type":"Polygon","coordinates":[[[87.836594,22.744453],[87.836594,22.750272],[87.842369,22.750272],[87.842369,22.744453],[87.836594,22.744453]]]},"properties":{"id":"SYN-ARAMBAGH-004-0232","block":"Khanakul - I","mouza":"SYNTHETIC_MOUZA_004","plot":"SYN-004-0232","areaSqm":0,"real":false}},{"type":"Feature","geometry":{"type":"Polygon","coordinates":[[[87.836594,22.750272],[87.836594,22.756091],[87.842369,22.756091],[87.842369,22.750272],[87.836594,22.750272]]]},"properties":{"id":"SYN-ARAMBAGH-004-0233","block":"Khanakul - I","mouza":"SYNTHETIC_MOUZA_004","plot":"SYN-004-0233","areaSqm":0,"real":false}},{"type":"Feature","geometry":{"type":"Polygon","coordinates":[[[87.836594,22.756091],[87.836594,22.76191],[87.842369,22.76191],[87.842369,22.756091],[87.836594,22.756091]]]},"properties":{"id":"SYN-ARAMBAGH-004-0234","block":"Khanakul - I","mouza":"SYNTHETIC_MOUZA_004","plot":"SYN-004-0234","areaSqm":0,"real":false}},{"type":"Feature","geometry":{"type":"Polygon","coordinates":[[[87.836594,22.76191],[87.836594,22.767729],[87.842369,22.767729],[87.842369,22.76191],[87.836594,22.76191]]]},"properties":{"id":"SYN-ARAMBAGH-004-0235","block":"Khanakul - I","mouza":"SYNTHETIC_MOUZA_004","plot":"SYN-004-0235","areaSqm":0,"real":false}},{"type":"Feature","geometry":{"type":"Polygon","coordinates":[[[87.842369,22.769403],[87.842369,22.767729],[87.836594,22.767729],[87.836594,22.770378],[87.842369,22.769403]]]},"properties":{"id":"SYN-ARAMBAGH-004-0236","block":"Khanakul - I","mouza":"SYNTHETIC_MOUZA_004","plot":"SYN-004-0236","areaSqm":0,"real":false}},{"type":"Feature","geometry":{"type":"Polygon","coordinates":[[[87.843717,22.689528],[87.842369,22.689797],[87.842369,22.692083],[87.848145,22.692083],[87.848145,22.687286],[87.843717,22.689528]]]},"properties":{"id":"SYN-ARAMBAGH-004-0237","block":"Khanakul - I","mouza":"SYNTHETIC_MOUZA_004","plot":"SYN-004-0237","areaSqm":0,"real":false}},{"type":"Feature","geometry":{"type":"Polygon","coordinates":[[[87.842369,22.692083],[87.842369,22.697902],[87.848145,22.697902],[87.848145,22.692083],[87.842369,22.692083]]]},"properties":{"id":"SYN-ARAMBAGH-004-0238","block":"Khanakul - I","mouza":"SYNTHETIC_MOUZA_004","plot":"SYN-004-0238","areaSqm":0,"real":false}},{"type":"Feature","geometry":{"type":"Polygon","coordinates":[[[87.842369,22.697902],[87.842369,22.70372],[87.848145,22.70372],[87.848145,22.697902],[87.842369,22.697902]]]},"properties":{"id":"SYN-ARAMBAGH-004-0239","block":"Khanakul - I","mouza":"SYNTHETIC_MOUZA_004","plot":"SYN-004-0239","areaSqm":0,"real":false}},{"type":"Feature","geometry":{"type":"Polygon","coordinates":[[[87.842369,22.70372],[87.842369,22.709539],[87.848145,22.709539],[87.848145,22.70372],[87.842369,22.70372]]]},"properties":{"id":"SYN-ARAMBAGH-004-0240","block":"Khanakul - I","mouza":"SYNTHETIC_MOUZA_004","plot":"SYN-004-0240","areaSqm":0,"real":false}},{"type":"Feature","geometry":{"type":"Polygon","coordinates":[[[87.842369,22.709539],[87.842369,22.715358],[87.848145,22.715358],[87.848145,22.709539],[87.842369,22.709539]]]},"properties":{"id":"SYN-ARAMBAGH-004-0241","block":"Khanakul - I","mouza":"SYNTHETIC_MOUZA_004","plot":"SYN-004-0241","areaSqm":0,"real":false}},{"type":"Feature","geometry":{"type":"Polygon","coordinates":[[[87.842369,22.715358],[87.842369,22.721177],[87.848145,22.721177],[87.848145,22.715358],[87.842369,22.715358]]]},"properties":{"id":"SYN-ARAMBAGH-004-0242","block":"Khanakul - I","mouza":"SYNTHETIC_MOUZA_004","plot":"SYN-004-0242","areaSqm":0,"real":false}},{"type":"Feature","geometry":{"type":"Polygon","coordinates":[[[87.842369,22.721177],[87.842369,22.726996],[87.848145,22.726996],[87.848145,22.721177],[87.842369,22.721177]]]},"properties":{"id":"SYN-ARAMBAGH-004-0243","block":"Khanakul - I","mouza":"SYNTHETIC_MOUZA_004","plot":"SYN-004-0243","areaSqm":0,"real":false}},{"type":"Feature","geometry":{"type":"Polygon","coordinates":[[[87.842369,22.726996],[87.842369,22.732815],[87.848145,22.732815],[87.848145,22.726996],[87.842369,22.726996]]]},"properties":{"id":"SYN-ARAMBAGH-004-0244","block":"Khanakul - I","mouza":"SYNTHETIC_MOUZA_004","plot":"SYN-004-0244","areaSqm":0,"real":false}},{"type":"Feature","geometry":{"type":"Polygon","coordinates":[[[87.842369,22.732815],[87.842369,22.738634],[87.848145,22.738634],[87.848145,22.732815],[87.842369,22.732815]]]},"properties":{"id":"SYN-ARAMBAGH-004-0245","block":"Khanakul - I","mouza":"SYNTHETIC_MOUZA_004","plot":"SYN-004-0245","areaSqm":0,"real":false}},{"type":"Feature","geometry":{"type":"Polygon","coordinates":[[[87.842369,22.738634],[87.842369,22.744453],[87.848145,22.744453],[87.848145,22.738634],[87.842369,22.738634]]]},"properties":{"id":"SYN-ARAMBAGH-004-0246","block":"Khanakul - I","mouza":"SYNTHETIC_MOUZA_004","plot":"SYN-004-0246","areaSqm":0,"real":false}},{"type":"Feature","geometry":{"type":"Polygon","coordinates":[[[87.842369,22.744453],[87.842369,22.750272],[87.848145,22.750272],[87.848145,22.744453],[87.842369,22.744453]]]},"properties":{"id":"SYN-ARAMBAGH-004-0247","block":"Khanakul - I","mouza":"SYNTHETIC_MOUZA_004","plot":"SYN-004-0247","areaSqm":0,"real":false}},{"type":"Feature","geometry":{"type":"Polygon","coordinates":[[[87.842369,22.750272],[87.842369,22.756091],[87.848145,22.756091],[87.848145,22.750272],[87.842369,22.750272]]]},"properties":{"id":"SYN-ARAMBAGH-004-0248","block":"Khanakul - I","mouza":"SYNTHETIC_MOUZA_004","plot":"SYN-004-0248","areaSqm":0,"real":false}},{"type":"Feature","geometry":{"type":"Polygon","coordinates":[[[87.842369,22.756091],[87.842369,22.76191],[87.848145,22.76191],[87.848145,22.756091],[87.842369,22.756091]]]},"properties":{"id":"SYN-ARAMBAGH-004-0249","block":"Khanakul - I","mouza":"SYNTHETIC_MOUZA_004","plot":"SYN-004-0249","areaSqm":0,"real":false}},{"type":"Feature","geometry":{"type":"Polygon","coordinates":[[[87.842369,22.76191],[87.842369,22.767729],[87.848145,22.767729],[87.848145,22.76191],[87.842369,22.76191]]]},"properties":{"id":"SYN-ARAMBAGH-004-0250","block":"Khanakul - I","mouza":"SYNTHETIC_MOUZA_004","plot":"SYN-004-0250","areaSqm":0,"real":false}},{"type":"Feature","geometry":{"type":"Polygon","coordinates":[[[87.848145,22.768428],[87.848145,22.767729],[87.842369,22.767729],[87.842369,22.769403],[87.848145,22.768428]]]},"properties":{"id":"SYN-ARAMBAGH-004-0251","block":"Khanakul - I","mouza":"SYNTHETIC_MOUZA_004","plot":"SYN-004-0251","areaSqm":0,"real":false}},{"type":"Feature","geometry":{"type":"Polygon","coordinates":[[[87.850054,22.682039],[87.848994,22.686264],[87.85392,22.686264],[87.85392,22.682338],[87.850054,22.682039]]]},"properties":{"id":"SYN-ARAMBAGH-004-0252","block":"Khanakul - I","mouza":"SYNTHETIC_MOUZA_004","plot":"SYN-004-0252","areaSqm":0,"real":false}},{"type":"Feature","geometry":{"type":"Polygon","coordinates":[[[87.848824,22.686942],[87.848145,22.687286],[87.848145,22.692083],[87.85392,22.692083],[87.85392,22.686264],[87.848994,22.686264],[87.848824,22.686942]]]},"properties":{"id":"SYN-ARAMBAGH-004-0253","block":"Khanakul - I","mouza":"SYNTHETIC_MOUZA_004","plot":"SYN-004-0253","areaSqm":0,"real":false}},{"type":"Feature","geometry":{"type":"Polygon","coordinates":[[[87.848145,22.692083],[87.848145,22.697902],[87.85392,22.697902],[87.85392,22.692083],[87.848145,22.692083]]]},"properties":{"id":"SYN-ARAMBAGH-004-0254","block":"Khanakul - I","mouza":"SYNTHETIC_MOUZA_004","plot":"SYN-004-0254","areaSqm":0,"real":false}},{"type":"Feature","geometry":{"type":"Polygon","coordinates":[[[87.848145,22.697902],[87.848145,22.70372],[87.85392,22.70372],[87.85392,22.697902],[87.848145,22.697902]]]},"properties":{"id":"SYN-ARAMBAGH-004-0255","block":"Khanakul - I","mouza":"SYNTHETIC_MOUZA_004","plot":"SYN-004-0255","areaSqm":0,"real":false}},{"type":"Feature","geometry":{"type":"Polygon","coordinates":[[[87.848145,22.70372],[87.848145,22.709539],[87.85392,22.709539],[87.85392,22.70372],[87.848145,22.70372]]]},"properties":{"id":"SYN-ARAMBAGH-004-0256","block":"Khanakul - I","mouza":"SYNTHETIC_MOUZA_004","plot":"SYN-004-0256","areaSqm":0,"real":false}},{"type":"Feature","geometry":{"type":"Polygon","coordinates":[[[87.848145,22.709539],[87.848145,22.715358],[87.85392,22.715358],[87.85392,22.709539],[87.848145,22.709539]]]},"properties":{"id":"SYN-ARAMBAGH-004-0257","block":"Khanakul - I","mouza":"SYNTHETIC_MOUZA_004","plot":"SYN-004-0257","areaSqm":0,"real":false}},{"type":"Feature","geometry":{"type":"Polygon","coordinates":[[[87.848145,22.715358],[87.848145,22.721177],[87.85392,22.721177],[87.85392,22.715358],[87.848145,22.715358]]]},"properties":{"id":"SYN-ARAMBAGH-004-0258","block":"Khanakul - I","mouza":"SYNTHETIC_MOUZA_004","plot":"SYN-004-0258","areaSqm":0,"real":false}},{"type":"Feature","geometry":{"type":"Polygon","coordinates":[[[87.848145,22.721177],[87.848145,22.726996],[87.85392,22.726996],[87.85392,22.721177],[87.848145,22.721177]]]},"properties":{"id":"SYN-ARAMBAGH-004-0259","block":"Khanakul - I","mouza":"SYNTHETIC_MOUZA_004","plot":"SYN-004-0259","areaSqm":0,"real":false}},{"type":"Feature","geometry":{"type":"Polygon","coordinates":[[[87.848145,22.726996],[87.848145,22.732815],[87.85392,22.732815],[87.85392,22.726996],[87.848145,22.726996]]]},"properties":{"id":"SYN-ARAMBAGH-004-0260","block":"Khanakul - I","mouza":"SYNTHETIC_MOUZA_004","plot":"SYN-004-0260","areaSqm":0,"real":false}},{"type":"Feature","geometry":{"type":"Polygon","coordinates":[[[87.848145,22.732815],[87.848145,22.738634],[87.85392,22.738634],[87.85392,22.732815],[87.848145,22.732815]]]},"properties":{"id":"SYN-ARAMBAGH-004-0261","block":"Khanakul - I","mouza":"SYNTHETIC_MOUZA_004","plot":"SYN-004-0261","areaSqm":0,"real":false}},{"type":"Feature","geometry":{"type":"Polygon","coordinates":[[[87.848145,22.738634],[87.848145,22.744453],[87.85392,22.744453],[87.85392,22.738634],[87.848145,22.738634]]]},"properties":{"id":"SYN-ARAMBAGH-004-0262","block":"Khanakul - I","mouza":"SYNTHETIC_MOUZA_004","plot":"SYN-004-0262","areaSqm":0,"real":false}},{"type":"Feature","geometry":{"type":"Polygon","coordinates":[[[87.848145,22.744453],[87.848145,22.750272],[87.85392,22.750272],[87.85392,22.744453],[87.848145,22.744453]]]},"properties":{"id":"SYN-ARAMBAGH-004-0263","block":"Khanakul - I","mouza":"SYNTHETIC_MOUZA_004","plot":"SYN-004-0263","areaSqm":0,"real":false}},{"type":"Feature","geometry":{"type":"Polygon","coordinates":[[[87.848145,22.750272],[87.848145,22.756091],[87.85392,22.756091],[87.85392,22.750272],[87.848145,22.750272]]]},"properties":{"id":"SYN-ARAMBAGH-004-0264","block":"Khanakul - I","mouza":"SYNTHETIC_MOUZA_004","plot":"SYN-004-0264","areaSqm":0,"real":false}},{"type":"Feature","geometry":{"type":"Polygon","coordinates":[[[87.848145,22.756091],[87.848145,22.76191],[87.85392,22.76191],[87.85392,22.756091],[87.848145,22.756091]]]},"properties":{"id":"SYN-ARAMBAGH-004-0265","block":"Khanakul - I","mouza":"SYNTHETIC_MOUZA_004","plot":"SYN-004-0265","areaSqm":0,"real":false}},{"type":"Feature","geometry":{"type":"Polygon","coordinates":[[[87.848145,22.76191],[87.848145,22.767729],[87.85392,22.767729],[87.85392,22.76191],[87.848145,22.76191]]]},"properties":{"id":"SYN-ARAMBAGH-004-0266","block":"Khanakul - I","mouza":"SYNTHETIC_MOUZA_004","plot":"SYN-004-0266","areaSqm":0,"real":false}},{"type":"Feature","geometry":{"type":"Polygon","coordinates":[[[87.85048,22.768034],[87.851929,22.771672],[87.85392,22.771209],[87.85392,22.767729],[87.848145,22.767729],[87.848145,22.768428],[87.85048,22.768034]]]},"properties":{"id":"SYN-ARAMBAGH-004-0267","block":"Khanakul - I","mouza":"SYNTHETIC_MOUZA_004","plot":"SYN-004-0267","areaSqm":0,"real":false}},{"type":"Feature","geometry":{"type":"Polygon","coordinates":[[[87.85392,22.682338],[87.85392,22.686264],[87.859696,22.686264],[87.859696,22.682785],[87.85392,22.682338]]]},"properties":{"id":"SYN-ARAMBAGH-004-0268","block":"Khanakul - I","mouza":"SYNTHETIC_MOUZA_004","plot":"SYN-004-0268","areaSqm":0,"real":false}},{"type":"Feature","geometry":{"type":"Polygon","coordinates":[[[87.85392,22.686264],[87.85392,22.692083],[87.859696,22.692083],[87.859696,22.686264],[87.85392,22.686264]]]},"properties":{"id":"SYN-ARAMBAGH-004-0269","block":"Khanakul - I","mouza":"SYNTHETIC_MOUZA_004","plot":"SYN-004-0269","areaSqm":0,"real":false}},{"type":"Feature","geometry":{"type":"Polygon","coordinates":[[[87.85392,22.692083],[87.85392,22.697902],[87.859696,22.697902],[87.859696,22.692083],[87.85392,22.692083]]]},"properties":{"id":"SYN-ARAMBAGH-004-0270","block":"Khanakul - I","mouza":"SYNTHETIC_MOUZA_004","plot":"SYN-004-0270","areaSqm":0,"real":false}},{"type":"Feature","geometry":{"type":"Polygon","coordinates":[[[87.85392,22.697902],[87.85392,22.70372],[87.859696,22.70372],[87.859696,22.697902],[87.85392,22.697902]]]},"properties":{"id":"SYN-ARAMBAGH-004-0271","block":"Khanakul - I","mouza":"SYNTHETIC_MOUZA_004","plot":"SYN-004-0271","areaSqm":0,"real":false}},{"type":"Feature","geometry":{"type":"Polygon","coordinates":[[[87.85392,22.70372],[87.85392,22.709539],[87.859696,22.709539],[87.859696,22.70372],[87.85392,22.70372]]]},"properties":{"id":"SYN-ARAMBAGH-004-0272","block":"Khanakul - I","mouza":"SYNTHETIC_MOUZA_004","plot":"SYN-004-0272","areaSqm":0,"real":false}},{"type":"Feature","geometry":{"type":"Polygon","coordinates":[[[87.85392,22.709539],[87.85392,22.715358],[87.859696,22.715358],[87.859696,22.709539],[87.85392,22.709539]]]},"properties":{"id":"SYN-ARAMBAGH-004-0273","block":"Khanakul - I","mouza":"SYNTHETIC_MOUZA_004","plot":"SYN-004-0273","areaSqm":0,"real":false}},{"type":"Feature","geometry":{"type":"Polygon","coordinates":[[[87.85392,22.715358],[87.85392,22.721177],[87.859696,22.721177],[87.859696,22.715358],[87.85392,22.715358]]]},"properties":{"id":"SYN-ARAMBAGH-004-0274","block":"Khanakul - I","mouza":"SYNTHETIC_MOUZA_004","plot":"SYN-004-0274","areaSqm":0,"real":false}},{"type":"Feature","geometry":{"type":"Polygon","coordinates":[[[87.85392,22.721177],[87.85392,22.726996],[87.859696,22.726996],[87.859696,22.721177],[87.85392,22.721177]]]},"properties":{"id":"SYN-ARAMBAGH-004-0275","block":"Khanakul - I","mouza":"SYNTHETIC_MOUZA_004","plot":"SYN-004-0275","areaSqm":0,"real":false}},{"type":"Feature","geometry":{"type":"Polygon","coordinates":[[[87.85392,22.726996],[87.85392,22.732815],[87.859696,22.732815],[87.859696,22.726996],[87.85392,22.726996]]]},"properties":{"id":"SYN-ARAMBAGH-004-0276","block":"Khanakul - I","mouza":"SYNTHETIC_MOUZA_004","plot":"SYN-004-0276","areaSqm":0,"real":false}},{"type":"Feature","geometry":{"type":"Polygon","coordinates":[[[87.85392,22.732815],[87.85392,22.738634],[87.859696,22.738634],[87.859696,22.732815],[87.85392,22.732815]]]},"properties":{"id":"SYN-ARAMBAGH-004-0277","block":"Khanakul - I","mouza":"SYNTHETIC_MOUZA_004","plot":"SYN-004-0277","areaSqm":0,"real":false}},{"type":"Feature","geometry":{"type":"Polygon","coordinates":[[[87.85392,22.738634],[87.85392,22.744453],[87.859696,22.744453],[87.859696,22.738634],[87.85392,22.738634]]]},"properties":{"id":"SYN-ARAMBAGH-004-0278","block":"Khanakul - I","mouza":"SYNTHETIC_MOUZA_004","plot":"SYN-004-0278","areaSqm":0,"real":false}},{"type":"Feature","geometry":{"type":"Polygon","coordinates":[[[87.85392,22.744453],[87.85392,22.750272],[87.859696,22.750272],[87.859696,22.744453],[87.85392,22.744453]]]},"properties":{"id":"SYN-ARAMBAGH-004-0279","block":"Khanakul - I","mouza":"SYNTHETIC_MOUZA_004","plot":"SYN-004-0279","areaSqm":0,"real":false}},{"type":"Feature","geometry":{"type":"Polygon","coordinates":[[[87.85392,22.750272],[87.85392,22.756091],[87.859696,22.756091],[87.859696,22.750272],[87.85392,22.750272]]]},"properties":{"id":"SYN-ARAMBAGH-004-0280","block":"Khanakul - I","mouza":"SYNTHETIC_MOUZA_004","plot":"SYN-004-0280","areaSqm":0,"real":false}},{"type":"Feature","geometry":{"type":"Polygon","coordinates":[[[87.85392,22.756091],[87.85392,22.76191],[87.859696,22.76191],[87.859696,22.756091],[87.85392,22.756091]]]},"properties":{"id":"SYN-ARAMBAGH-004-0281","block":"Khanakul - I","mouza":"SYNTHETIC_MOUZA_004","plot":"SYN-004-0281","areaSqm":0,"real":false}},{"type":"Feature","geometry":{"type":"Polygon","coordinates":[[[87.85392,22.76191],[87.85392,22.767729],[87.859696,22.767729],[87.859696,22.76191],[87.85392,22.76191]]]},"properties":{"id":"SYN-ARAMBAGH-004-0282","block":"Khanakul - I","mouza":"SYNTHETIC_MOUZA_004","plot":"SYN-004-0282","areaSqm":0,"real":false}},{"type":"Feature","geometry":{"type":"Polygon","coordinates":[[[87.857712,22.770328],[87.859696,22.771386],[87.859696,22.767729],[87.85392,22.767729],[87.85392,22.771209],[87.857712,22.770328]]]},"properties":{"id":"SYN-ARAMBAGH-004-0283","block":"Khanakul - I","mouza":"SYNTHETIC_MOUZA_004","plot":"SYN-004-0283","areaSqm":0,"real":false}},{"type":"Feature","geometry":{"type":"Polygon","coordinates":[[[87.861281,22.682907],[87.859696,22.682785],[87.859696,22.686264],[87.863323,22.686264],[87.861281,22.682907]]]},"properties":{"id":"SYN-ARAMBAGH-004-0284","block":"Khanakul - I","mouza":"SYNTHETIC_MOUZA_004","plot":"SYN-004-0284","areaSqm":0,"real":false}},{"type":"Feature","geometry":{"type":"Polygon","coordinates":[[[87.86369,22.686867],[87.863323,22.686264],[87.859696,22.686264],[87.859696,22.692083],[87.865471,22.692083],[87.865471,22.686768],[87.86369,22.686867]]]},"properties":{"id":"SYN-ARAMBAGH-004-0285","block":"Khanakul - I","mouza":"SYNTHETIC_MOUZA_004","plot":"SYN-004-0285","areaSqm":0,"real":false}},{"type":"Feature","geometry":{"type":"Polygon","coordinates":[[[87.859696,22.692083],[87.859696,22.697902],[87.865471,22.697902],[87.865471,22.692083],[87.859696,22.692083]]]},"properties":{"id":"SYN-ARAMBAGH-004-0286","block":"Khanakul - I","mouza":"SYNTHETIC_MOUZA_004","plot":"SYN-004-0286","areaSqm":0,"real":false}},{"type":"Feature","geometry":{"type":"Polygon","coordinates":[[[87.859696,22.697902],[87.859696,22.70372],[87.865471,22.70372],[87.865471,22.697902],[87.859696,22.697902]]]},"properties":{"id":"SYN-ARAMBAGH-004-0287","block":"Khanakul - I","mouza":"SYNTHETIC_MOUZA_004","plot":"SYN-004-0287","areaSqm":0,"real":false}},{"type":"Feature","geometry":{"type":"Polygon","coordinates":[[[87.859696,22.70372],[87.859696,22.709539],[87.865471,22.709539],[87.865471,22.70372],[87.859696,22.70372]]]},"properties":{"id":"SYN-ARAMBAGH-004-0288","block":"Khanakul - I","mouza":"SYNTHETIC_MOUZA_004","plot":"SYN-004-0288","areaSqm":0,"real":false}},{"type":"Feature","geometry":{"type":"Polygon","coordinates":[[[87.859696,22.709539],[87.859696,22.715358],[87.865471,22.715358],[87.865471,22.709539],[87.859696,22.709539]]]},"properties":{"id":"SYN-ARAMBAGH-004-0289","block":"Khanakul - I","mouza":"SYNTHETIC_MOUZA_004","plot":"SYN-004-0289","areaSqm":0,"real":false}},{"type":"Feature","geometry":{"type":"Polygon","coordinates":[[[87.859696,22.715358],[87.859696,22.721177],[87.865471,22.721177],[87.865471,22.715358],[87.859696,22.715358]]]},"properties":{"id":"SYN-ARAMBAGH-004-0290","block":"Khanakul - I","mouza":"SYNTHETIC_MOUZA_004","plot":"SYN-004-0290","areaSqm":0,"real":false}},{"type":"Feature","geometry":{"type":"Polygon","coordinates":[[[87.859696,22.721177],[87.859696,22.726996],[87.865471,22.726996],[87.865471,22.721177],[87.859696,22.721177]]]},"properties":{"id":"SYN-ARAMBAGH-004-0291","block":"Khanakul - I","mouza":"SYNTHETIC_MOUZA_004","plot":"SYN-004-0291","areaSqm":0,"real":false}},{"type":"Feature","geometry":{"type":"Polygon","coordinates":[[[87.859696,22.726996],[87.859696,22.732815],[87.865471,22.732815],[87.865471,22.726996],[87.859696,22.726996]]]},"properties":{"id":"SYN-ARAMBAGH-004-0292","block":"Khanakul - I","mouza":"SYNTHETIC_MOUZA_004","plot":"SYN-004-0292","areaSqm":0,"real":false}},{"type":"Feature","geometry":{"type":"Polygon","coordinates":[[[87.859696,22.732815],[87.859696,22.738634],[87.865471,22.738634],[87.865471,22.732815],[87.859696,22.732815]]]},"properties":{"id":"SYN-ARAMBAGH-004-0293","block":"Khanakul - I","mouza":"SYNTHETIC_MOUZA_004","plot":"SYN-004-0293","areaSqm":0,"real":false}},{"type":"Feature","geometry":{"type":"Polygon","coordinates":[[[87.859696,22.738634],[87.859696,22.744453],[87.865471,22.744453],[87.865471,22.738634],[87.859696,22.738634]]]},"properties":{"id":"SYN-ARAMBAGH-004-0294","block":"Khanakul - I","mouza":"SYNTHETIC_MOUZA_004","plot":"SYN-004-0294","areaSqm":0,"real":false}},{"type":"Feature","geometry":{"type":"Polygon","coordinates":[[[87.859696,22.744453],[87.859696,22.750272],[87.865471,22.750272],[87.865471,22.744453],[87.859696,22.744453]]]},"properties":{"id":"SYN-ARAMBAGH-004-0295","block":"Khanakul - I","mouza":"SYNTHETIC_MOUZA_004","plot":"SYN-004-0295","areaSqm":0,"real":false}},{"type":"Feature","geometry":{"type":"Polygon","coordinates":[[[87.859696,22.750272],[87.859696,22.756091],[87.865471,22.756091],[87.865471,22.750272],[87.859696,22.750272]]]},"properties":{"id":"SYN-ARAMBAGH-004-0296","block":"Khanakul - I","mouza":"SYNTHETIC_MOUZA_004","plot":"SYN-004-0296","areaSqm":0,"real":false}},{"type":"Feature","geometry":{"type":"Polygon","coordinates":[[[87.859696,22.756091],[87.859696,22.76191],[87.865471,22.76191],[87.865471,22.756091],[87.859696,22.756091]]]},"properties":{"id":"SYN-ARAMBAGH-004-0297","block":"Khanakul - I","mouza":"SYNTHETIC_MOUZA_004","plot":"SYN-004-0297","areaSqm":0,"real":false}},{"type":"Feature","geometry":{"type":"Polygon","coordinates":[[[87.859696,22.76191],[87.859696,22.767729],[87.865471,22.767729],[87.865471,22.76191],[87.859696,22.76191]]]},"properties":{"id":"SYN-ARAMBAGH-004-0298","block":"Khanakul - I","mouza":"SYNTHETIC_MOUZA_004","plot":"SYN-004-0298","areaSqm":0,"real":false}},{"type":"Feature","geometry":{"type":"Polygon","coordinates":[[[87.86211,22.772673],[87.862785,22.773547],[87.865471,22.773547],[87.865471,22.767729],[87.859696,22.767729],[87.859696,22.771386],[87.86211,22.772673]]]},"properties":{"id":"SYN-ARAMBAGH-004-0299","block":"Khanakul - I","mouza":"SYNTHETIC_MOUZA_004","plot":"SYN-004-0299","areaSqm":0,"real":false}},{"type":"Feature","geometry":{"type":"Polygon","coordinates":[[[87.865094,22.776538],[87.865471,22.776509],[87.865471,22.773547],[87.862785,22.773547],[87.865094,22.776538]]]},"properties":{"id":"SYN-ARAMBAGH-004-0300","block":"Khanakul - I","mouza":"SYNTHETIC_MOUZA_004","plot":"SYN-004-0300","areaSqm":0,"real":false}},{"type":"Feature","geometry":{"type":"Polygon","coordinates":[[[87.871241,22.686446],[87.865471,22.686768],[87.865471,22.692083],[87.871247,22.692083],[87.871247,22.686471],[87.871241,22.686446]]]},"properties":{"id":"SYN-ARAMBAGH-004-0301","block":"Khanakul - I","mouza":"SYNTHETIC_MOUZA_004","plot":"SYN-004-0301","areaSqm":0,"real":false}},{"type":"Feature","geometry":{"type":"Polygon","coordinates":[[[87.865471,22.692083],[87.865471,22.697902],[87.871247,22.697902],[87.871247,22.692083],[87.865471,22.692083]]]},"properties":{"id":"SYN-ARAMBAGH-004-0302","block":"Khanakul - I","mouza":"SYNTHETIC_MOUZA_004","plot":"SYN-004-0302","areaSqm":0,"real":false}},{"type":"Feature","geometry":{"type":"Polygon","coordinates":[[[87.865471,22.697902],[87.865471,22.70372],[87.871247,22.70372],[87.871247,22.697902],[87.865471,22.697902]]]},"properties":{"id":"SYN-ARAMBAGH-004-0303","block":"Khanakul - I","mouza":"SYNTHETIC_MOUZA_004","plot":"SYN-004-0303","areaSqm":0,"real":false}},{"type":"Feature","geometry":{"type":"Polygon","coordinates":[[[87.865471,22.70372],[87.865471,22.709539],[87.871247,22.709539],[87.871247,22.70372],[87.865471,22.70372]]]},"properties":{"id":"SYN-ARAMBAGH-004-0304","block":"Khanakul - I","mouza":"SYNTHETIC_MOUZA_004","plot":"SYN-004-0304","areaSqm":0,"real":false}},{"type":"Feature","geometry":{"type":"Polygon","coordinates":[[[87.865471,22.709539],[87.865471,22.715358],[87.871247,22.715358],[87.871247,22.709539],[87.865471,22.709539]]]},"properties":{"id":"SYN-ARAMBAGH-004-0305","block":"Khanakul - I","mouza":"SYNTHETIC_MOUZA_004","plot":"SYN-004-0305","areaSqm":0,"real":false}},{"type":"Feature","geometry":{"type":"Polygon","coordinates":[[[87.865471,22.715358],[87.865471,22.721177],[87.871247,22.721177],[87.871247,22.715358],[87.865471,22.715358]]]},"properties":{"id":"SYN-ARAMBAGH-004-0306","block":"Khanakul - I","mouza":"SYNTHETIC_MOUZA_004","plot":"SYN-004-0306","areaSqm":0,"real":false}},{"type":"Feature","geometry":{"type":"Polygon","coordinates":[[[87.865471,22.721177],[87.865471,22.726996],[87.871247,22.726996],[87.871247,22.721177],[87.865471,22.721177]]]},"properties":{"id":"SYN-ARAMBAGH-004-0307","block":"Khanakul - I","mouza":"SYNTHETIC_MOUZA_004","plot":"SYN-004-0307","areaSqm":0,"real":false}},{"type":"Feature","geometry":{"type":"Polygon","coordinates":[[[87.865471,22.726996],[87.865471,22.732815],[87.871247,22.732815],[87.871247,22.726996],[87.865471,22.726996]]]},"properties":{"id":"SYN-ARAMBAGH-004-0308","block":"Khanakul - I","mouza":"SYNTHETIC_MOUZA_004","plot":"SYN-004-0308","areaSqm":0,"real":false}},{"type":"Feature","geometry":{"type":"Polygon","coordinates":[[[87.865471,22.732815],[87.865471,22.738634],[87.871247,22.738634],[87.871247,22.732815],[87.865471,22.732815]]]},"properties":{"id":"SYN-ARAMBAGH-004-0309","block":"Khanakul - I","mouza":"SYNTHETIC_MOUZA_004","plot":"SYN-004-0309","areaSqm":0,"real":false}},{"type":"Feature","geometry":{"type":"Polygon","coordinates":[[[87.865471,22.738634],[87.865471,22.744453],[87.871247,22.744453],[87.871247,22.738634],[87.865471,22.738634]]]},"properties":{"id":"SYN-ARAMBAGH-004-0310","block":"Khanakul - I","mouza":"SYNTHETIC_MOUZA_004","plot":"SYN-004-0310","areaSqm":0,"real":false}},{"type":"Feature","geometry":{"type":"Polygon","coordinates":[[[87.865471,22.744453],[87.865471,22.750272],[87.871247,22.750272],[87.871247,22.744453],[87.865471,22.744453]]]},"properties":{"id":"SYN-ARAMBAGH-004-0311","block":"Khanakul - I","mouza":"SYNTHETIC_MOUZA_004","plot":"SYN-004-0311","areaSqm":0,"real":false}},{"type":"Feature","geometry":{"type":"Polygon","coordinates":[[[87.865471,22.750272],[87.865471,22.756091],[87.871247,22.756091],[87.871247,22.750272],[87.865471,22.750272]]]},"properties":{"id":"SYN-ARAMBAGH-004-0312","block":"Khanakul - I","mouza":"SYNTHETIC_MOUZA_004","plot":"SYN-004-0312","areaSqm":0,"real":false}},{"type":"Feature","geometry":{"type":"Polygon","coordinates":[[[87.865471,22.756091],[87.865471,22.76191],[87.871247,22.76191],[87.871247,22.756091],[87.865471,22.756091]]]},"properties":{"id":"SYN-ARAMBAGH-004-0313","block":"Khanakul - I","mouza":"SYNTHETIC_MOUZA_004","plot":"SYN-004-0313","areaSqm":0,"real":false}},{"type":"Feature","geometry":{"type":"Polygon","coordinates":[[[87.865471,22.76191],[87.865471,22.767729],[87.871247,22.767729],[87.871247,22.76191],[87.865471,22.76191]]]},"properties":{"id":"SYN-ARAMBAGH-004-0314","block":"Khanakul - I","mouza":"SYNTHETIC_MOUZA_004","plot":"SYN-004-0314","areaSqm":0,"real":false}},{"type":"Feature","geometry":{"type":"Polygon","coordinates":[[[87.865471,22.767729],[87.865471,22.773547],[87.871247,22.773547],[87.871247,22.767729],[87.865471,22.767729]]]},"properties":{"id":"SYN-ARAMBAGH-004-0315","block":"Khanakul - I","mouza":"SYNTHETIC_MOUZA_004","plot":"SYN-004-0315","areaSqm":0,"real":false}},{"type":"Feature","geometry":{"type":"Polygon","coordinates":[[[87.871247,22.776076],[87.871247,22.773547],[87.865471,22.773547],[87.865471,22.776509],[87.871247,22.776076]]]},"properties":{"id":"SYN-ARAMBAGH-004-0316","block":"Khanakul - I","mouza":"SYNTHETIC_MOUZA_004","plot":"SYN-004-0316","areaSqm":0,"real":false}},{"type":"Feature","geometry":{"type":"Polygon","coordinates":[[[87.871247,22.686471],[87.871247,22.692083],[87.872653,22.692083],[87.871247,22.686471]]]},"properties":{"id":"SYN-ARAMBAGH-004-0317","block":"Khanakul - I","mouza":"SYNTHETIC_MOUZA_004","plot":"SYN-004-0317","areaSqm":0,"real":false}},{"type":"Feature","geometry":{"type":"Polygon","coordinates":[[[87.872653,22.692083],[87.871247,22.692083],[87.871247,22.697902],[87.87411,22.697902],[87.872653,22.692083]]]},"properties":{"id":"SYN-ARAMBAGH-004-0318","block":"Khanakul - I","mouza":"SYNTHETIC_MOUZA_004","plot":"SYN-004-0318","areaSqm":0,"real":false}},{"type":"Feature","geometry":{"type":"Polygon","coordinates":[[[87.874642,22.700025],[87.87411,22.697902],[87.871247,22.697902],[87.871247,22.70372],[87.877022,22.70372],[87.877022,22.699394],[87.874642,22.700025]]]},"properties":{"id":"SYN-ARAMBAGH-004-0319","block":"Khanakul - I","mouza":"SYNTHETIC_MOUZA_004","plot":"SYN-004-0319","areaSqm":0,"real":false}},{"type":"Feature","geometry":{"type":"Polygon","coordinates":[[[87.871247,22.70372],[87.871247,22.709539],[87.877022,22.709539],[87.877022,22.70372],[87.871247,22.70372]]]},"properties":{"id":"SYN-ARAMBAGH-004-0320","block":"Khanakul - I","mouza":"SYNTHETIC_MOUZA_004","plot":"SYN-004-0320","areaSqm":0,"real":false}},{"type":"Feature","geometry":{"type":"Polygon","coordinates":[[[87.871247,22.709539],[87.871247,22.715358],[87.877022,22.715358],[87.877022,22.709539],[87.871247,22.709539]]]},"properties":{"id":"SYN-ARAMBAGH-004-0321","block":"Khanakul - I","mouza":"SYNTHETIC_MOUZA_004","plot":"SYN-004-0321","areaSqm":0,"real":false}},{"type":"Feature","geometry":{"type":"Polygon","coordinates":[[[87.871247,22.715358],[87.871247,22.721177],[87.877022,22.721177],[87.877022,22.715358],[87.871247,22.715358]]]},"properties":{"id":"SYN-ARAMBAGH-004-0322","block":"Khanakul - I","mouza":"SYNTHETIC_MOUZA_004","plot":"SYN-004-0322","areaSqm":0,"real":false}},{"type":"Feature","geometry":{"type":"Polygon","coordinates":[[[87.871247,22.721177],[87.871247,22.726996],[87.877022,22.726996],[87.877022,22.721177],[87.871247,22.721177]]]},"properties":{"id":"SYN-ARAMBAGH-004-0323","block":"Khanakul - I","mouza":"SYNTHETIC_MOUZA_004","plot":"SYN-004-0323","areaSqm":0,"real":false}},{"type":"Feature","geometry":{"type":"Polygon","coordinates":[[[87.871247,22.726996],[87.871247,22.732815],[87.877022,22.732815],[87.877022,22.726996],[87.871247,22.726996]]]},"properties":{"id":"SYN-ARAMBAGH-004-0324","block":"Khanakul - I","mouza":"SYNTHETIC_MOUZA_004","plot":"SYN-004-0324","areaSqm":0,"real":false}},{"type":"Feature","geometry":{"type":"Polygon","coordinates":[[[87.871247,22.732815],[87.871247,22.738634],[87.877022,22.738634],[87.877022,22.732815],[87.871247,22.732815]]]},"properties":{"id":"SYN-ARAMBAGH-004-0325","block":"Khanakul - I","mouza":"SYNTHETIC_MOUZA_004","plot":"SYN-004-0325","areaSqm":0,"real":false}},{"type":"Feature","geometry":{"type":"Polygon","coordinates":[[[87.871247,22.738634],[87.871247,22.744453],[87.877022,22.744453],[87.877022,22.738634],[87.871247,22.738634]]]},"properties":{"id":"SYN-ARAMBAGH-004-0326","block":"Khanakul - I","mouza":"SYNTHETIC_MOUZA_004","plot":"SYN-004-0326","areaSqm":0,"real":false}},{"type":"Feature","geometry":{"type":"Polygon","coordinates":[[[87.871247,22.744453],[87.871247,22.750272],[87.877022,22.750272],[87.877022,22.744453],[87.871247,22.744453]]]},"properties":{"id":"SYN-ARAMBAGH-004-0327","block":"Khanakul - I","mouza":"SYNTHETIC_MOUZA_004","plot":"SYN-004-0327","areaSqm":0,"real":false}},{"type":"Feature","geometry":{"type":"Polygon","coordinates":[[[87.871247,22.750272],[87.871247,22.756091],[87.877022,22.756091],[87.877022,22.750272],[87.871247,22.750272]]]},"properties":{"id":"SYN-ARAMBAGH-004-0328","block":"Khanakul - I","mouza":"SYNTHETIC_MOUZA_004","plot":"SYN-004-0328","areaSqm":0,"real":false}},{"type":"Feature","geometry":{"type":"Polygon","coordinates":[[[87.871247,22.756091],[87.871247,22.76191],[87.877022,22.76191],[87.877022,22.756091],[87.871247,22.756091]]]},"properties":{"id":"SYN-ARAMBAGH-004-0329","block":"Khanakul - I","mouza":"SYNTHETIC_MOUZA_004","plot":"SYN-004-0329","areaSqm":0,"real":false}},{"type":"Feature","geometry":{"type":"Polygon","coordinates":[[[87.871247,22.76191],[87.871247,22.767729],[87.877022,22.767729],[87.877022,22.76191],[87.871247,22.76191]]]},"properties":{"id":"SYN-ARAMBAGH-004-0330","block":"Khanakul - I","mouza":"SYNTHETIC_MOUZA_004","plot":"SYN-004-0330","areaSqm":0,"real":false}},{"type":"Feature","geometry":{"type":"Polygon","coordinates":[[[87.871247,22.767729],[87.871247,22.773547],[87.877022,22.773547],[87.877022,22.767729],[87.871247,22.767729]]]},"properties":{"id":"SYN-ARAMBAGH-004-0331","block":"Khanakul - I","mouza":"SYNTHETIC_MOUZA_004","plot":"SYN-004-0331","areaSqm":0,"real":false}},{"type":"Feature","geometry":{"type":"Polygon","coordinates":[[[87.875071,22.775789],[87.877022,22.774401],[87.877022,22.773547],[87.871247,22.773547],[87.871247,22.776076],[87.875071,22.775789]]]},"properties":{"id":"SYN-ARAMBAGH-004-0332","block":"Khanakul - I","mouza":"SYNTHETIC_MOUZA_004","plot":"SYN-004-0332","areaSqm":0,"real":false}},{"type":"Feature","geometry":{"type":"Polygon","coordinates":[[[87.881463,22.697902],[87.882798,22.697902],[87.882798,22.695651],[87.881463,22.697902]]]},"properties":{"id":"SYN-ARAMBAGH-004-0333","block":"Khanakul - I","mouza":"SYNTHETIC_MOUZA_004","plot":"SYN-004-0333","areaSqm":0,"real":false}},{"type":"Feature","geometry":{"type":"Polygon","coordinates":[[[87.881242,22.698275],[87.877022,22.699394],[87.877022,22.70372],[87.882798,22.70372],[87.882798,22.697902],[87.881463,22.697902],[87.881242,22.698275]]]},"properties":{"id":"SYN-ARAMBAGH-004-0334","block":"Khanakul - I","mouza":"SYNTHETIC_MOUZA_004","plot":"SYN-004-0334","areaSqm":0,"real":false}},{"type":"Feature","geometry":{"type":"Polygon","coordinates":[[[87.877022,22.70372],[87.877022,22.709539],[87.882798,22.709539],[87.882798,22.70372],[87.877022,22.70372]]]},"properties":{"id":"SYN-ARAMBAGH-004-0335","block":"Khanakul - I","mouza":"SYNTHETIC_MOUZA_004","plot":"SYN-004-0335","areaSqm":0,"real":false}},{"type":"Feature","geometry":{"type":"Polygon","coordinates":[[[87.877022,22.709539],[87.877022,22.715358],[87.882798,22.715358],[87.882798,22.709539],[87.877022,22.709539]]]},"properties":{"id":"SYN-ARAMBAGH-004-0336","block":"Khanakul - I","mouza":"SYNTHETIC_MOUZA_004","plot":"SYN-004-0336","areaSqm":0,"real":false}},{"type":"Feature","geometry":{"type":"Polygon","coordinates":[[[87.877022,22.715358],[87.877022,22.721177],[87.882798,22.721177],[87.882798,22.715358],[87.877022,22.715358]]]},"properties":{"id":"SYN-ARAMBAGH-004-0337","block":"Khanakul - I","mouza":"SYNTHETIC_MOUZA_004","plot":"SYN-004-0337","areaSqm":0,"real":false}},{"type":"Feature","geometry":{"type":"Polygon","coordinates":[[[87.877022,22.721177],[87.877022,22.726996],[87.882798,22.726996],[87.882798,22.721177],[87.877022,22.721177]]]},"properties":{"id":"SYN-ARAMBAGH-004-0338","block":"Khanakul - I","mouza":"SYNTHETIC_MOUZA_004","plot":"SYN-004-0338","areaSqm":0,"real":false}},{"type":"Feature","geometry":{"type":"Polygon","coordinates":[[[87.877022,22.726996],[87.877022,22.732815],[87.882798,22.732815],[87.882798,22.726996],[87.877022,22.726996]]]},"properties":{"id":"SYN-ARAMBAGH-004-0339","block":"Khanakul - I","mouza":"SYNTHETIC_MOUZA_004","plot":"SYN-004-0339","areaSqm":0,"real":false}},{"type":"Feature","geometry":{"type":"Polygon","coordinates":[[[87.877022,22.732815],[87.877022,22.738634],[87.882798,22.738634],[87.882798,22.732815],[87.877022,22.732815]]]},"properties":{"id":"SYN-ARAMBAGH-004-0340","block":"Khanakul - I","mouza":"SYNTHETIC_MOUZA_004","plot":"SYN-004-0340","areaSqm":0,"real":false}},{"type":"Feature","geometry":{"type":"Polygon","coordinates":[[[87.877022,22.738634],[87.877022,22.744453],[87.882798,22.744453],[87.882798,22.738634],[87.877022,22.738634]]]},"properties":{"id":"SYN-ARAMBAGH-004-0341","block":"Khanakul - I","mouza":"SYNTHETIC_MOUZA_004","plot":"SYN-004-0341","areaSqm":0,"real":false}},{"type":"Feature","geometry":{"type":"Polygon","coordinates":[[[87.877022,22.744453],[87.877022,22.750272],[87.882798,22.750272],[87.882798,22.744453],[87.877022,22.744453]]]},"properties":{"id":"SYN-ARAMBAGH-004-0342","block":"Khanakul - I","mouza":"SYNTHETIC_MOUZA_004","plot":"SYN-004-0342","areaSqm":0,"real":false}},{"type":"Feature","geometry":{"type":"Polygon","coordinates":[[[87.877022,22.750272],[87.877022,22.756091],[87.882798,22.756091],[87.882798,22.750272],[87.877022,22.750272]]]},"properties":{"id":"SYN-ARAMBAGH-004-0343","block":"Khanakul - I","mouza":"SYNTHETIC_MOUZA_004","plot":"SYN-004-0343","areaSqm":0,"real":false}},{"type":"Feature","geometry":{"type":"Polygon","coordinates":[[[87.877022,22.756091],[87.877022,22.76191],[87.882798,22.76191],[87.882798,22.756091],[87.877022,22.756091]]]},"properties":{"id":"SYN-ARAMBAGH-004-0344","block":"Khanakul - I","mouza":"SYNTHETIC_MOUZA_004","plot":"SYN-004-0344","areaSqm":0,"real":false}},{"type":"Feature","geometry":{"type":"Polygon","coordinates":[[[87.877022,22.76191],[87.877022,22.767729],[87.882798,22.767729],[87.882798,22.76191],[87.877022,22.76191]]]},"properties":{"id":"SYN-ARAMBAGH-004-0345","block":"Khanakul - I","mouza":"SYNTHETIC_MOUZA_004","plot":"SYN-004-0345","areaSqm":0,"real":false}},{"type":"Feature","geometry":{"type":"Polygon","coordinates":[[[87.881867,22.770956],[87.882798,22.773209],[87.882798,22.767729],[87.877022,22.767729],[87.877022,22.773547],[87.878222,22.773547],[87.881867,22.770956]]]},"properties":{"id":"SYN-ARAMBAGH-004-0346","block":"Khanakul - I","mouza":"SYNTHETIC_MOUZA_004","plot":"SYN-004-0346","areaSqm":0,"real":false}},{"type":"Feature","geometry":{"type":"Polygon","coordinates":[[[87.878222,22.773547],[87.877022,22.773547],[87.877022,22.774401],[87.878222,22.773547]]]},"properties":{"id":"SYN-ARAMBAGH-004-0347","block":"Khanakul - I","mouza":"SYNTHETIC_MOUZA_004","plot":"SYN-004-0347","areaSqm":0,"real":false}},{"type":"Feature","geometry":{"type":"Polygon","coordinates":[[[87.885601,22.690925],[87.884914,22.692083],[87.888573,22.692083],[87.888573,22.690972],[87.885601,22.690925]]]},"properties":{"id":"SYN-ARAMBAGH-004-0348","block":"Khanakul - I","mouza":"SYNTHETIC_MOUZA_004","plot":"SYN-004-0348","areaSqm":0,"real":false}},{"type":"Feature","geometry":{"type":"Polygon","coordinates":[[[87.882798,22.695651],[87.882798,22.697902],[87.888573,22.697902],[87.888573,22.692083],[87.884914,22.692083],[87.882798,22.695651]]]},"properties":{"id":"SYN-ARAMBAGH-004-0349","block":"Khanakul - I","mouza":"SYNTHETIC_MOUZA_004","plot":"SYN-004-0349","areaSqm":0,"real":false}},{"type":"Feature","geometry":{"type":"Polygon","coordinates":[[[87.882798,22.697902],[87.882798,22.70372],[87.888573,22.70372],[87.888573,22.697902],[87.882798,22.697902]]]},"properties":{"id":"SYN-ARAMBAGH-004-0350","block":"Khanakul - I","mouza":"SYNTHETIC_MOUZA_004","plot":"SYN-004-0350","areaSqm":0,"real":false}},{"type":"Feature","geometry":{"type":"Polygon","coordinates":[[[87.882798,22.70372],[87.882798,22.709539],[87.888573,22.709539],[87.888573,22.70372],[87.882798,22.70372]]]},"properties":{"id":"SYN-ARAMBAGH-004-0351","block":"Khanakul - I","mouza":"SYNTHETIC_MOUZA_004","plot":"SYN-004-0351","areaSqm":0,"real":false}},{"type":"Feature","geometry":{"type":"Polygon","coordinates":[[[87.882798,22.709539],[87.882798,22.715358],[87.888573,22.715358],[87.888573,22.709539],[87.882798,22.709539]]]},"properties":{"id":"SYN-ARAMBAGH-004-0352","block":"Khanakul - I","mouza":"SYNTHETIC_MOUZA_004","plot":"SYN-004-0352","areaSqm":0,"real":false}},{"type":"Feature","geometry":{"type":"Polygon","coordinates":[[[87.882798,22.715358],[87.882798,22.721177],[87.888573,22.721177],[87.888573,22.715358],[87.882798,22.715358]]]},"properties":{"id":"SYN-ARAMBAGH-004-0353","block":"Khanakul - I","mouza":"SYNTHETIC_MOUZA_004","plot":"SYN-004-0353","areaSqm":0,"real":false}},{"type":"Feature","geometry":{"type":"Polygon","coordinates":[[[87.882798,22.721177],[87.882798,22.726996],[87.888573,22.726996],[87.888573,22.721177],[87.882798,22.721177]]]},"properties":{"id":"SYN-ARAMBAGH-004-0354","block":"Khanakul - I","mouza":"SYNTHETIC_MOUZA_004","plot":"SYN-004-0354","areaSqm":0,"real":false}},{"type":"Feature","geometry":{"type":"Polygon","coordinates":[[[87.882798,22.726996],[87.882798,22.732815],[87.888573,22.732815],[87.888573,22.726996],[87.882798,22.726996]]]},"properties":{"id":"SYN-ARAMBAGH-004-0355","block":"Khanakul - I","mouza":"SYNTHETIC_MOUZA_004","plot":"SYN-004-0355","areaSqm":0,"real":false}},{"type":"Feature","geometry":{"type":"Polygon","coordinates":[[[87.882798,22.732815],[87.882798,22.738634],[87.888573,22.738634],[87.888573,22.732815],[87.882798,22.732815]]]},"properties":{"id":"SYN-ARAMBAGH-004-0356","block":"Khanakul - I","mouza":"SYNTHETIC_MOUZA_004","plot":"SYN-004-0356","areaSqm":0,"real":false}},{"type":"Feature","geometry":{"type":"Polygon","coordinates":[[[87.882798,22.738634],[87.882798,22.744453],[87.888573,22.744453],[87.888573,22.738634],[87.882798,22.738634]]]},"properties":{"id":"SYN-ARAMBAGH-004-0357","block":"Khanakul - I","mouza":"SYNTHETIC_MOUZA_004","plot":"SYN-004-0357","areaSqm":0,"real":false}},{"type":"Feature","geometry":{"type":"Polygon","coordinates":[[[87.882798,22.744453],[87.882798,22.750272],[87.888573,22.750272],[87.888573,22.744453],[87.882798,22.744453]]]},"properties":{"id":"SYN-ARAMBAGH-004-0358","block":"Khanakul - I","mouza":"SYNTHETIC_MOUZA_004","plot":"SYN-004-0358","areaSqm":0,"real":false}},{"type":"Feature","geometry":{"type":"Polygon","coordinates":[[[87.882798,22.750272],[87.882798,22.756091],[87.888573,22.756091],[87.888573,22.750272],[87.882798,22.750272]]]},"properties":{"id":"SYN-ARAMBAGH-004-0359","block":"Khanakul - I","mouza":"SYNTHETIC_MOUZA_004","plot":"SYN-004-0359","areaSqm":0,"real":false}},{"type":"Feature","geometry":{"type":"Polygon","coordinates":[[[87.882798,22.756091],[87.882798,22.76191],[87.888573,22.76191],[87.888573,22.756091],[87.882798,22.756091]]]},"properties":{"id":"SYN-ARAMBAGH-004-0360","block":"Khanakul - I","mouza":"SYNTHETIC_MOUZA_004","plot":"SYN-004-0360","areaSqm":0,"real":false}},{"type":"Feature","geometry":{"type":"Polygon","coordinates":[[[87.882798,22.76191],[87.882798,22.767729],[87.888573,22.767729],[87.888573,22.76191],[87.882798,22.76191]]]},"properties":{"id":"SYN-ARAMBAGH-004-0361","block":"Khanakul - I","mouza":"SYNTHETIC_MOUZA_004","plot":"SYN-004-0361","areaSqm":0,"real":false}},{"type":"Feature","geometry":{"type":"Polygon","coordinates":[[[87.882938,22.773547],[87.888573,22.773547],[87.888573,22.767729],[87.882798,22.767729],[87.882798,22.773209],[87.882938,22.773547]]]},"properties":{"id":"SYN-ARAMBAGH-004-0362","block":"Khanakul - I","mouza":"SYNTHETIC_MOUZA_004","plot":"SYN-004-0362","areaSqm":0,"real":false}},{"type":"Feature","geometry":{"type":"Polygon","coordinates":[[[87.88496,22.778443],[87.888573,22.77802],[87.888573,22.773547],[87.882938,22.773547],[87.88496,22.778443]]]},"properties":{"id":"SYN-ARAMBAGH-004-0363","block":"Khanakul - I","mouza":"SYNTHETIC_MOUZA_004","plot":"SYN-004-0363","areaSqm":0,"real":false}},{"type":"Feature","geometry":{"type":"Polygon","coordinates":[[[87.888573,22.690972],[87.888573,22.692083],[87.894349,22.692083],[87.894349,22.691063],[87.888573,22.690972]]]},"properties":{"id":"SYN-ARAMBAGH-004-0364","block":"Khanakul - I","mouza":"SYNTHETIC_MOUZA_004","plot":"SYN-004-0364","areaSqm":0,"real":false}},{"type":"Feature","geometry":{"type":"Polygon","coordinates":[[[87.888573,22.692083],[87.888573,22.697902],[87.894349,22.697902],[87.894349,22.692083],[87.888573,22.692083]]]},"properties":{"id":"SYN-ARAMBAGH-004-0365","block":"Khanakul - I","mouza":"SYNTHETIC_MOUZA_004","plot":"SYN-004-0365","areaSqm":0,"real":false}},{"type":"Feature","geometry":{"type":"Polygon","coordinates":[[[87.888573,22.697902],[87.888573,22.70372],[87.894349,22.70372],[87.894349,22.697902],[87.888573,22.697902]]]},"properties":{"id":"SYN-ARAMBAGH-004-0366","block":"Khanakul - I","mouza":"SYNTHETIC_MOUZA_004","plot":"SYN-004-0366","areaSqm":0,"real":false}},{"type":"Feature","geometry":{"type":"Polygon","coordinates":[[[87.888573,22.70372],[87.888573,22.709539],[87.894349,22.709539],[87.894349,22.70372],[87.888573,22.70372]]]},"properties":{"id":"SYN-ARAMBAGH-004-0367","block":"Khanakul - I","mouza":"SYNTHETIC_MOUZA_004","plot":"SYN-004-0367","areaSqm":0,"real":false}},{"type":"Feature","geometry":{"type":"Polygon","coordinates":[[[87.888573,22.709539],[87.888573,22.715358],[87.894349,22.715358],[87.894349,22.709539],[87.888573,22.709539]]]},"properties":{"id":"SYN-ARAMBAGH-004-0368","block":"Khanakul - I","mouza":"SYNTHETIC_MOUZA_004","plot":"SYN-004-0368","areaSqm":0,"real":false}},{"type":"Feature","geometry":{"type":"Polygon","coordinates":[[[87.888573,22.715358],[87.888573,22.721177],[87.894349,22.721177],[87.894349,22.715358],[87.888573,22.715358]]]},"properties":{"id":"SYN-ARAMBAGH-004-0369","block":"Khanakul - I","mouza":"SYNTHETIC_MOUZA_004","plot":"SYN-004-0369","areaSqm":0,"real":false}},{"type":"Feature","geometry":{"type":"Polygon","coordinates":[[[87.888573,22.721177],[87.888573,22.726996],[87.894349,22.726996],[87.894349,22.721177],[87.888573,22.721177]]]},"properties":{"id":"SYN-ARAMBAGH-004-0370","block":"Khanakul - I","mouza":"SYNTHETIC_MOUZA_004","plot":"SYN-004-0370","areaSqm":0,"real":false}},{"type":"Feature","geometry":{"type":"Polygon","coordinates":[[[87.888573,22.726996],[87.888573,22.732815],[87.894349,22.732815],[87.894349,22.726996],[87.888573,22.726996]]]},"properties":{"id":"SYN-ARAMBAGH-004-0371","block":"Khanakul - I","mouza":"SYNTHETIC_MOUZA_004","plot":"SYN-004-0371","areaSqm":0,"real":false}},{"type":"Feature","geometry":{"type":"Polygon","coordinates":[[[87.888573,22.732815],[87.888573,22.738634],[87.894349,22.738634],[87.894349,22.732815],[87.888573,22.732815]]]},"properties":{"id":"SYN-ARAMBAGH-004-0372","block":"Khanakul - I","mouza":"SYNTHETIC_MOUZA_004","plot":"SYN-004-0372","areaSqm":0,"real":false}},{"type":"Feature","geometry":{"type":"Polygon","coordinates":[[[87.888573,22.738634],[87.888573,22.744453],[87.894349,22.744453],[87.894349,22.738634],[87.888573,22.738634]]]},"properties":{"id":"SYN-ARAMBAGH-004-0373","block":"Khanakul - I","mouza":"SYNTHETIC_MOUZA_004","plot":"SYN-004-0373","areaSqm":0,"real":false}},{"type":"Feature","geometry":{"type":"Polygon","coordinates":[[[87.888573,22.744453],[87.888573,22.750272],[87.894349,22.750272],[87.894349,22.744453],[87.888573,22.744453]]]},"properties":{"id":"SYN-ARAMBAGH-004-0374","block":"Khanakul - I","mouza":"SYNTHETIC_MOUZA_004","plot":"SYN-004-0374","areaSqm":0,"real":false}},{"type":"Feature","geometry":{"type":"Polygon","coordinates":[[[87.888573,22.750272],[87.888573,22.756091],[87.894349,22.756091],[87.894349,22.750272],[87.888573,22.750272]]]},"properties":{"id":"SYN-ARAMBAGH-004-0375","block":"Khanakul - I","mouza":"SYNTHETIC_MOUZA_004","plot":"SYN-004-0375","areaSqm":0,"real":false}},{"type":"Feature","geometry":{"type":"Polygon","coordinates":[[[87.888573,22.756091],[87.888573,22.76191],[87.894349,22.76191],[87.894349,22.756091],[87.888573,22.756091]]]},"properties":{"id":"SYN-ARAMBAGH-004-0376","block":"Khanakul - I","mouza":"SYNTHETIC_MOUZA_004","plot":"SYN-004-0376","areaSqm":0,"real":false}},{"type":"Feature","geometry":{"type":"Polygon","coordinates":[[[87.888573,22.76191],[87.888573,22.767729],[87.894349,22.767729],[87.894349,22.76191],[87.888573,22.76191]]]},"properties":{"id":"SYN-ARAMBAGH-004-0377","block":"Khanakul - I","mouza":"SYNTHETIC_MOUZA_004","plot":"SYN-004-0377","areaSqm":0,"real":false}},{"type":"Feature","geometry":{"type":"Polygon","coordinates":[[[87.888573,22.767729],[87.888573,22.773547],[87.894349,22.773547],[87.894349,22.767729],[87.888573,22.767729]]]},"properties":{"id":"SYN-ARAMBAGH-004-0378","block":"Khanakul - I","mouza":"SYNTHETIC_MOUZA_004","plot":"SYN-004-0378","areaSqm":0,"real":false}},{"type":"Feature","geometry":{"type":"Polygon","coordinates":[[[87.892214,22.777593],[87.894349,22.77818],[87.894349,22.773547],[87.888573,22.773547],[87.888573,22.77802],[87.892214,22.777593]]]},"properties":{"id":"SYN-ARAMBAGH-004-0379","block":"Khanakul - I","mouza":"SYNTHETIC_MOUZA_004","plot":"SYN-004-0379","areaSqm":0,"real":false}},{"type":"Feature","geometry":{"type":"Polygon","coordinates":[[[87.895665,22.682847],[87.895345,22.686264],[87.900124,22.686264],[87.900124,22.681782],[87.895665,22.682847]]]},"properties":{"id":"SYN-ARAMBAGH-004-0380","block":"Khanakul - I","mouza":"SYNTHETIC_MOUZA_004","plot":"SYN-004-0380","areaSqm":0,"real":false}},{"type":"Feature","geometry":{"type":"Polygon","coordinates":[[[87.894895,22.691071],[87.894349,22.691063],[87.894349,22.692083],[87.900124,22.692083],[87.900124,22.686264],[87.895345,22.686264],[87.894895,22.691071]]]},"properties":{"id":"SYN-ARAMBAGH-004-0381","block":"Khanakul - I","mouza":"SYNTHETIC_MOUZA_004","plot":"SYN-004-0381","areaSqm":0,"real":false}},{"type":"Feature","geometry":{"type":"Polygon","coordinates":[[[87.894349,22.692083],[87.894349,22.697902],[87.900124,22.697902],[87.900124,22.692083],[87.894349,22.692083]]]},"properties":{"id":"SYN-ARAMBAGH-004-0382","block":"Khanakul - I","mouza":"SYNTHETIC_MOUZA_004","plot":"SYN-004-0382","areaSqm":0,"real":false}},{"type":"Feature","geometry":{"type":"Polygon","coordinates":[[[87.894349,22.697902],[87.894349,22.70372],[87.900124,22.70372],[87.900124,22.697902],[87.894349,22.697902]]]},"properties":{"id":"SYN-ARAMBAGH-004-0383","block":"Khanakul - I","mouza":"SYNTHETIC_MOUZA_004","plot":"SYN-004-0383","areaSqm":0,"real":false}},{"type":"Feature","geometry":{"type":"Polygon","coordinates":[[[87.894349,22.70372],[87.894349,22.709539],[87.900124,22.709539],[87.900124,22.70372],[87.894349,22.70372]]]},"properties":{"id":"SYN-ARAMBAGH-004-0384","block":"Khanakul - I","mouza":"SYNTHETIC_MOUZA_004","plot":"SYN-004-0384","areaSqm":0,"real":false}},{"type":"Feature","geometry":{"type":"Polygon","coordinates":[[[87.894349,22.709539],[87.894349,22.715358],[87.900124,22.715358],[87.900124,22.709539],[87.894349,22.709539]]]},"properties":{"id":"SYN-ARAMBAGH-004-0385","block":"Khanakul - I","mouza":"SYNTHETIC_MOUZA_004","plot":"SYN-004-0385","areaSqm":0,"real":false}},{"type":"Feature","geometry":{"type":"Polygon","coordinates":[[[87.894349,22.715358],[87.894349,22.721177],[87.900124,22.721177],[87.900124,22.715358],[87.894349,22.715358]]]},"properties":{"id":"SYN-ARAMBAGH-004-0386","block":"Khanakul - I","mouza":"SYNTHETIC_MOUZA_004","plot":"SYN-004-0386","areaSqm":0,"real":false}},{"type":"Feature","geometry":{"type":"Polygon","coordinates":[[[87.894349,22.721177],[87.894349,22.726996],[87.900124,22.726996],[87.900124,22.721177],[87.894349,22.721177]]]},"properties":{"id":"SYN-ARAMBAGH-004-0387","block":"Khanakul - I","mouza":"SYNTHETIC_MOUZA_004","plot":"SYN-004-0387","areaSqm":0,"real":false}},{"type":"Feature","geometry":{"type":"Polygon","coordinates":[[[87.894349,22.726996],[87.894349,22.732815],[87.900124,22.732815],[87.900124,22.726996],[87.894349,22.726996]]]},"properties":{"id":"SYN-ARAMBAGH-004-0388","block":"Khanakul - I","mouza":"SYNTHETIC_MOUZA_004","plot":"SYN-004-0388","areaSqm":0,"real":false}},{"type":"Feature","geometry":{"type":"Polygon","coordinates":[[[87.894349,22.732815],[87.894349,22.738634],[87.900124,22.738634],[87.900124,22.732815],[87.894349,22.732815]]]},"properties":{"id":"SYN-ARAMBAGH-004-0389","block":"Khanakul - I","mouza":"SYNTHETIC_MOUZA_004","plot":"SYN-004-0389","areaSqm":0,"real":false}},{"type":"Feature","geometry":{"type":"Polygon","coordinates":[[[87.894349,22.738634],[87.894349,22.744453],[87.900124,22.744453],[87.900124,22.738634],[87.894349,22.738634]]]},"properties":{"id":"SYN-ARAMBAGH-004-0390","block":"Khanakul - I","mouza":"SYNTHETIC_MOUZA_004","plot":"SYN-004-0390","areaSqm":0,"real":false}},{"type":"Feature","geometry":{"type":"Polygon","coordinates":[[[87.894349,22.744453],[87.894349,22.750272],[87.900124,22.750272],[87.900124,22.744453],[87.894349,22.744453]]]},"properties":{"id":"SYN-ARAMBAGH-004-0391","block":"Khanakul - I","mouza":"SYNTHETIC_MOUZA_004","plot":"SYN-004-0391","areaSqm":0,"real":false}},{"type":"Feature","geometry":{"type":"Polygon","coordinates":[[[87.894349,22.750272],[87.894349,22.756091],[87.900124,22.756091],[87.900124,22.750272],[87.894349,22.750272]]]},"properties":{"id":"SYN-ARAMBAGH-004-0392","block":"Khanakul - I","mouza":"SYNTHETIC_MOUZA_004","plot":"SYN-004-0392","areaSqm":0,"real":false}},{"type":"Feature","geometry":{"type":"Polygon","coordinates":[[[87.894349,22.756091],[87.894349,22.76191],[87.900124,22.76191],[87.900124,22.756091],[87.894349,22.756091]]]},"properties":{"id":"SYN-ARAMBAGH-004-0393","block":"Khanakul - I","mouza":"SYNTHETIC_MOUZA_004","plot":"SYN-004-0393","areaSqm":0,"real":false}},{"type":"Feature","geometry":{"type":"Polygon","coordinates":[[[87.894349,22.76191],[87.894349,22.767729],[87.900124,22.767729],[87.900124,22.76191],[87.894349,22.76191]]]},"properties":{"id":"SYN-ARAMBAGH-004-0394","block":"Khanakul - I","mouza":"SYNTHETIC_MOUZA_004","plot":"SYN-004-0394","areaSqm":0,"real":false}},{"type":"Feature","geometry":{"type":"Polygon","coordinates":[[[87.894349,22.767729],[87.894349,22.773547],[87.900124,22.773547],[87.900124,22.767729],[87.894349,22.767729]]]},"properties":{"id":"SYN-ARAMBAGH-004-0395","block":"Khanakul - I","mouza":"SYNTHETIC_MOUZA_004","plot":"SYN-004-0395","areaSqm":0,"real":false}},{"type":"Feature","geometry":{"type":"Polygon","coordinates":[[[87.900056,22.77884],[87.899522,22.775603],[87.900124,22.775469],[87.900124,22.773547],[87.894349,22.773547],[87.894349,22.77818],[87.898668,22.779366],[87.900056,22.77884]]]},"properties":{"id":"SYN-ARAMBAGH-004-0396","block":"Khanakul - I","mouza":"SYNTHETIC_MOUZA_004","plot":"SYN-004-0396","areaSqm":0,"real":false}},{"type":"Feature","geometry":{"type":"Polygon","coordinates":[[[87.900124,22.681782],[87.900124,22.686264],[87.9059,22.686264],[87.9059,22.680452],[87.90572,22.680445],[87.900124,22.681782]]]},"properties":{"id":"SYN-ARAMBAGH-004-0397","block":"Khanakul - I","mouza":"SYNTHETIC_MOUZA_004","plot":"SYN-004-0397","areaSqm":0,"real":false}},{"type":"Feature","geometry":{"type":"Polygon","coordinates":[[[87.905364,22.689457],[87.9059,22.689311],[87.9059,22.686264],[87.900124,22.686264],[87.900124,22.692083],[87.9059,22.692083],[87.9059,22.691322],[87.905364,22.689457]]]},"properties":{"id":"SYN-ARAMBAGH-004-0398","block":"Khanakul - I","mouza":"SYNTHETIC_MOUZA_004","plot":"SYN-004-0398","areaSqm":0,"real":false}},{"type":"Feature","geometry":{"type":"Polygon","coordinates":[[[87.900124,22.692083],[87.900124,22.697902],[87.9059,22.697902],[87.9059,22.692083],[87.900124,22.692083]]]},"properties":{"id":"SYN-ARAMBAGH-004-0399","block":"Khanakul - I","mouza":"SYNTHETIC_MOUZA_004","plot":"SYN-004-0399","areaSqm":0,"real":false}},{"type":"Feature","geometry":{"type":"Polygon","coordinates":[[[87.900124,22.697902],[87.900124,22.70372],[87.9059,22.70372],[87.9059,22.697902],[87.900124,22.697902]]]},"properties":{"id":"SYN-ARAMBAGH-004-0400","block":"Khanakul - I","mouza":"SYNTHETIC_MOUZA_004","plot":"SYN-004-0400","areaSqm":0,"real":false}},{"type":"Feature","geometry":{"type":"Polygon","coordinates":[[[87.900124,22.70372],[87.900124,22.709539],[87.9059,22.709539],[87.9059,22.70372],[87.900124,22.70372]]]},"properties":{"id":"SYN-ARAMBAGH-004-0401","block":"Khanakul - I","mouza":"SYNTHETIC_MOUZA_004","plot":"SYN-004-0401","areaSqm":0,"real":false}},{"type":"Feature","geometry":{"type":"Polygon","coordinates":[[[87.900124,22.709539],[87.900124,22.715358],[87.9059,22.715358],[87.9059,22.709539],[87.900124,22.709539]]]},"properties":{"id":"SYN-ARAMBAGH-004-0402","block":"Khanakul - I","mouza":"SYNTHETIC_MOUZA_004","plot":"SYN-004-0402","areaSqm":0,"real":false}},{"type":"Feature","geometry":{"type":"Polygon","coordinates":[[[87.900124,22.715358],[87.900124,22.721177],[87.9059,22.721177],[87.9059,22.715358],[87.900124,22.715358]]]},"properties":{"id":"SYN-ARAMBAGH-004-0403","block":"Khanakul - I","mouza":"SYNTHETIC_MOUZA_004","plot":"SYN-004-0403","areaSqm":0,"real":false}},{"type":"Feature","geometry":{"type":"Polygon","coordinates":[[[87.900124,22.721177],[87.900124,22.726996],[87.9059,22.726996],[87.9059,22.721177],[87.900124,22.721177]]]},"properties":{"id":"SYN-ARAMBAGH-004-0404","block":"Khanakul - I","mouza":"SYNTHETIC_MOUZA_004","plot":"SYN-004-0404","areaSqm":0,"real":false}},{"type":"Feature","geometry":{"type":"Polygon","coordinates":[[[87.900124,22.726996],[87.900124,22.732815],[87.9059,22.732815],[87.9059,22.726996],[87.900124,22.726996]]]},"properties":{"id":"SYN-ARAMBAGH-004-0405","block":"Khanakul - I","mouza":"SYNTHETIC_MOUZA_004","plot":"SYN-004-0405","areaSqm":0,"real":false}},{"type":"Feature","geometry":{"type":"Polygon","coordinates":[[[87.900124,22.732815],[87.900124,22.738634],[87.9059,22.738634],[87.9059,22.732815],[87.900124,22.732815]]]},"properties":{"id":"SYN-ARAMBAGH-004-0406","block":"Khanakul - I","mouza":"SYNTHETIC_MOUZA_004","plot":"SYN-004-0406","areaSqm":0,"real":false}},{"type":"Feature","geometry":{"type":"Polygon","coordinates":[[[87.900124,22.738634],[87.900124,22.744453],[87.9059,22.744453],[87.9059,22.738634],[87.900124,22.738634]]]},"properties":{"id":"SYN-ARAMBAGH-004-0407","block":"Khanakul - I","mouza":"SYNTHETIC_MOUZA_004","plot":"SYN-004-0407","areaSqm":0,"real":false}},{"type":"Feature","geometry":{"type":"Polygon","coordinates":[[[87.900124,22.744453],[87.900124,22.750272],[87.9059,22.750272],[87.9059,22.744453],[87.900124,22.744453]]]},"properties":{"id":"SYN-ARAMBAGH-004-0408","block":"Khanakul - I","mouza":"SYNTHETIC_MOUZA_004","plot":"SYN-004-0408","areaSqm":0,"real":false}},{"type":"Feature","geometry":{"type":"Polygon","coordinates":[[[87.900124,22.750272],[87.900124,22.756091],[87.9059,22.756091],[87.9059,22.750272],[87.900124,22.750272]]]},"properties":{"id":"SYN-ARAMBAGH-004-0409","block":"Khanakul - I","mouza":"SYNTHETIC_MOUZA_004","plot":"SYN-004-0409","areaSqm":0,"real":false}},{"type":"Feature","geometry":{"type":"Polygon","coordinates":[[[87.900124,22.756091],[87.900124,22.76191],[87.9059,22.76191],[87.9059,22.756091],[87.900124,22.756091]]]},"properties":{"id":"SYN-ARAMBAGH-004-0410","block":"Khanakul - I","mouza":"SYNTHETIC_MOUZA_004","plot":"SYN-004-0410","areaSqm":0,"real":false}},{"type":"Feature","geometry":{"type":"Polygon","coordinates":[[[87.900124,22.76191],[87.900124,22.767729],[87.9059,22.767729],[87.9059,22.76191],[87.900124,22.76191]]]},"properties":{"id":"SYN-ARAMBAGH-004-0411","block":"Khanakul - I","mouza":"SYNTHETIC_MOUZA_004","plot":"SYN-004-0411","areaSqm":0,"real":false}},{"type":"Feature","geometry":{"type":"Polygon","coordinates":[[[87.900124,22.767729],[87.900124,22.773547],[87.9059,22.773547],[87.9059,22.767729],[87.900124,22.767729]]]},"properties":{"id":"SYN-ARAMBAGH-004-0412","block":"Khanakul - I","mouza":"SYNTHETIC_MOUZA_004","plot":"SYN-004-0412","areaSqm":0,"real":false}},{"type":"Feature","geometry":{"type":"Polygon","coordinates":[[[87.905795,22.77421],[87.9059,22.774262],[87.9059,22.773547],[87.900124,22.773547],[87.900124,22.775469],[87.905795,22.77421]]]},"properties":{"id":"SYN-ARAMBAGH-004-0413","block":"Khanakul - I","mouza":"SYNTHETIC_MOUZA_004","plot":"SYN-004-0413","areaSqm":0,"real":false}},{"type":"Feature","geometry":{"type":"Polygon","coordinates":[[[87.909712,22.68589],[87.908437,22.680554],[87.9059,22.680452],[87.9059,22.686264],[87.909563,22.686264],[87.909712,22.68589]]]},"properties":{"id":"SYN-ARAMBAGH-004-0414","block":"Khanakul - I","mouza":"SYNTHETIC_MOUZA_004","plot":"SYN-004-0414","areaSqm":0,"real":false}},{"type":"Feature","geometry":{"type":"MultiPolygon","coordinates":[[[[87.908645,22.688565],[87.909563,22.686264],[87.9059,22.686264],[87.9059,22.689311],[87.908645,22.688565]]],[[[87.9059,22.691322],[87.9059,22.692083],[87.906119,22.692083],[87.9059,22.691322]]],[[[87.911326,22.690558],[87.906153,22.692083],[87.911675,22.692083],[87.911675,22.691672],[87.911326,22.690558]]]]},"properties":{"id":"SYN-ARAMBAGH-004-0415","block":"Khanakul - I","mouza":"SYNTHETIC_MOUZA_004","plot":"SYN-004-0415","areaSqm":0,"real":false}},{"type":"Feature","geometry":{"type":"Polygon","coordinates":[[[87.906121,22.692092],[87.906119,22.692083],[87.9059,22.692083],[87.9059,22.697902],[87.911675,22.697902],[87.911675,22.692083],[87.906153,22.692083],[87.906121,22.692092]]]},"properties":{"id":"SYN-ARAMBAGH-004-0416","block":"Khanakul - I","mouza":"SYNTHETIC_MOUZA_004","plot":"SYN-004-0416","areaSqm":0,"real":false}},{"type":"Feature","geometry":{"type":"Polygon","coordinates":[[[87.9059,22.697902],[87.9059,22.70372],[87.911675,22.70372],[87.911675,22.697902],[87.9059,22.697902]]]},"properties":{"id":"SYN-ARAMBAGH-004-0417","block":"Khanakul - I","mouza":"SYNTHETIC_MOUZA_004","plot":"SYN-004-0417","areaSqm":0,"real":false}},{"type":"Feature","geometry":{"type":"Polygon","coordinates":[[[87.9059,22.70372],[87.9059,22.709539],[87.911675,22.709539],[87.911675,22.70372],[87.9059,22.70372]]]},"properties":{"id":"SYN-ARAMBAGH-004-0418","block":"Khanakul - I","mouza":"SYNTHETIC_MOUZA_004","plot":"SYN-004-0418","areaSqm":0,"real":false}},{"type":"Feature","geometry":{"type":"Polygon","coordinates":[[[87.9059,22.709539],[87.9059,22.715358],[87.911675,22.715358],[87.911675,22.709539],[87.9059,22.709539]]]},"properties":{"id":"SYN-ARAMBAGH-004-0419","block":"Khanakul - I","mouza":"SYNTHETIC_MOUZA_004","plot":"SYN-004-0419","areaSqm":0,"real":false}},{"type":"Feature","geometry":{"type":"Polygon","coordinates":[[[87.9059,22.715358],[87.9059,22.721177],[87.911675,22.721177],[87.911675,22.715358],[87.9059,22.715358]]]},"properties":{"id":"SYN-ARAMBAGH-004-0420","block":"Khanakul - I","mouza":"SYNTHETIC_MOUZA_004","plot":"SYN-004-0420","areaSqm":0,"real":false}},{"type":"Feature","geometry":{"type":"Polygon","coordinates":[[[87.9059,22.721177],[87.9059,22.726996],[87.911675,22.726996],[87.911675,22.721177],[87.9059,22.721177]]]},"properties":{"id":"SYN-ARAMBAGH-004-0421","block":"Khanakul - I","mouza":"SYNTHETIC_MOUZA_004","plot":"SYN-004-0421","areaSqm":0,"real":false}},{"type":"Feature","geometry":{"type":"Polygon","coordinates":[[[87.9059,22.726996],[87.9059,22.732815],[87.911675,22.732815],[87.911675,22.726996],[87.9059,22.726996]]]},"properties":{"id":"SYN-ARAMBAGH-004-0422","block":"Khanakul - I","mouza":"SYNTHETIC_MOUZA_004","plot":"SYN-004-0422","areaSqm":0,"real":false}},{"type":"Feature","geometry":{"type":"Polygon","coordinates":[[[87.9059,22.732815],[87.9059,22.738634],[87.911675,22.738634],[87.911675,22.732815],[87.9059,22.732815]]]},"properties":{"id":"SYN-ARAMBAGH-004-0423","block":"Khanakul - I","mouza":"SYNTHETIC_MOUZA_004","plot":"SYN-004-0423","areaSqm":0,"real":false}},{"type":"Feature","geometry":{"type":"Polygon","coordinates":[[[87.9059,22.738634],[87.9059,22.744453],[87.911675,22.744453],[87.911675,22.738634],[87.9059,22.738634]]]},"properties":{"id":"SYN-ARAMBAGH-004-0424","block":"Khanakul - I","mouza":"SYNTHETIC_MOUZA_004","plot":"SYN-004-0424","areaSqm":0,"real":false}},{"type":"Feature","geometry":{"type":"Polygon","coordinates":[[[87.9059,22.744453],[87.9059,22.750272],[87.911675,22.750272],[87.911675,22.744453],[87.9059,22.744453]]]},"properties":{"id":"SYN-ARAMBAGH-004-0425","block":"Khanakul - I","mouza":"SYNTHETIC_MOUZA_004","plot":"SYN-004-0425","areaSqm":0,"real":false}},{"type":"Feature","geometry":{"type":"Polygon","coordinates":[[[87.9059,22.750272],[87.9059,22.756091],[87.911675,22.756091],[87.911675,22.750272],[87.9059,22.750272]]]},"properties":{"id":"SYN-ARAMBAGH-004-0426","block":"Khanakul - I","mouza":"SYNTHETIC_MOUZA_004","plot":"SYN-004-0426","areaSqm":0,"real":false}},{"type":"Feature","geometry":{"type":"Polygon","coordinates":[[[87.9059,22.756091],[87.9059,22.76191],[87.911675,22.76191],[87.911675,22.756091],[87.9059,22.756091]]]},"properties":{"id":"SYN-ARAMBAGH-004-0427","block":"Khanakul - I","mouza":"SYNTHETIC_MOUZA_004","plot":"SYN-004-0427","areaSqm":0,"real":false}},{"type":"Feature","geometry":{"type":"Polygon","coordinates":[[[87.9059,22.76191],[87.9059,22.767729],[87.911675,22.767729],[87.911675,22.76191],[87.9059,22.76191]]]},"properties":{"id":"SYN-ARAMBAGH-004-0428","block":"Khanakul - I","mouza":"SYNTHETIC_MOUZA_004","plot":"SYN-004-0428","areaSqm":0,"real":false}},{"type":"Feature","geometry":{"type":"Polygon","coordinates":[[[87.9059,22.767729],[87.9059,22.773547],[87.911675,22.773547],[87.911675,22.767729],[87.9059,22.767729]]]},"properties":{"id":"SYN-ARAMBAGH-004-0429","block":"Khanakul - I","mouza":"SYNTHETIC_MOUZA_004","plot":"SYN-004-0429","areaSqm":0,"real":false}},{"type":"Feature","geometry":{"type":"Polygon","coordinates":[[[87.911675,22.777119],[87.911675,22.773547],[87.9059,22.773547],[87.9059,22.774262],[87.911675,22.777119]]]},"properties":{"id":"SYN-ARAMBAGH-004-0430","block":"Khanakul - I","mouza":"SYNTHETIC_MOUZA_004","plot":"SYN-004-0430","areaSqm":0,"real":false}},{"type":"Feature","geometry":{"type":"Polygon","coordinates":[[[87.911675,22.691672],[87.911675,22.692083],[87.911804,22.692083],[87.911675,22.691672]]]},"properties":{"id":"SYN-ARAMBAGH-004-0431","block":"Khanakul - I","mouza":"SYNTHETIC_MOUZA_004","plot":"SYN-004-0431","areaSqm":0,"real":false}},{"type":"Feature","geometry":{"type":"Polygon","coordinates":[[[87.911804,22.692083],[87.911675,22.692083],[87.911675,22.697902],[87.913627,22.697902],[87.911804,22.692083]]]},"properties":{"id":"SYN-ARAMBAGH-004-0432","block":"Khanakul - I","mouza":"SYNTHETIC_MOUZA_004","plot":"SYN-004-0432","areaSqm":0,"real":false}},{"type":"Feature","geometry":{"type":"Polygon","coordinates":[[[87.915202,22.699558],[87.914193,22.699707],[87.913627,22.697902],[87.911675,22.697902],[87.911675,22.70372],[87.917451,22.70372],[87.917451,22.698738],[87.915202,22.699558]]]},"properties":{"id":"SYN-ARAMBAGH-004-0433","block":"Khanakul - I","mouza":"SYNTHETIC_MOUZA_004","plot":"SYN-004-0433","areaSqm":0,"real":false}},{"type":"Feature","geometry":{"type":"Polygon","coordinates":[[[87.911675,22.70372],[87.911675,22.709539],[87.917451,22.709539],[87.917451,22.70372],[87.911675,22.70372]]]},"properties":{"id":"SYN-ARAMBAGH-004-0434","block":"Khanakul - I","mouza":"SYNTHETIC_MOUZA_004","plot":"SYN-004-0434","areaSqm":0,"real":false}},{"type":"Feature","geometry":{"type":"Polygon","coordinates":[[[87.911675,22.709539],[87.911675,22.715358],[87.917451,22.715358],[87.917451,22.709539],[87.911675,22.709539]]]},"properties":{"id":"SYN-ARAMBAGH-004-0435","block":"Khanakul - I","mouza":"SYNTHETIC_MOUZA_004","plot":"SYN-004-0435","areaSqm":0,"real":false}},{"type":"Feature","geometry":{"type":"Polygon","coordinates":[[[87.911675,22.715358],[87.911675,22.721177],[87.917451,22.721177],[87.917451,22.715358],[87.911675,22.715358]]]},"properties":{"id":"SYN-ARAMBAGH-004-0436","block":"Khanakul - I","mouza":"SYNTHETIC_MOUZA_004","plot":"SYN-004-0436","areaSqm":0,"real":false}},{"type":"Feature","geometry":{"type":"Polygon","coordinates":[[[87.911675,22.721177],[87.911675,22.726996],[87.917451,22.726996],[87.917451,22.721177],[87.911675,22.721177]]]},"properties":{"id":"SYN-ARAMBAGH-004-0437","block":"Khanakul - I","mouza":"SYNTHETIC_MOUZA_004","plot":"SYN-004-0437","areaSqm":0,"real":false}},{"type":"Feature","geometry":{"type":"Polygon","coordinates":[[[87.911675,22.726996],[87.911675,22.732815],[87.917451,22.732815],[87.917451,22.726996],[87.911675,22.726996]]]},"properties":{"id":"SYN-ARAMBAGH-004-0438","block":"Khanakul - I","mouza":"SYNTHETIC_MOUZA_004","plot":"SYN-004-0438","areaSqm":0,"real":false}},{"type":"Feature","geometry":{"type":"Polygon","coordinates":[[[87.911675,22.732815],[87.911675,22.738634],[87.917451,22.738634],[87.917451,22.732815],[87.911675,22.732815]]]},"properties":{"id":"SYN-ARAMBAGH-004-0439","block":"Khanakul - I","mouza":"SYNTHETIC_MOUZA_004","plot":"SYN-004-0439","areaSqm":0,"real":false}},{"type":"Feature","geometry":{"type":"Polygon","coordinates":[[[87.911675,22.738634],[87.911675,22.744453],[87.917451,22.744453],[87.917451,22.738634],[87.911675,22.738634]]]},"properties":{"id":"SYN-ARAMBAGH-004-0440","block":"Khanakul - I","mouza":"SYNTHETIC_MOUZA_004","plot":"SYN-004-0440","areaSqm":0,"real":false}},{"type":"Feature","geometry":{"type":"Polygon","coordinates":[[[87.911675,22.744453],[87.911675,22.750272],[87.917451,22.750272],[87.917451,22.744453],[87.911675,22.744453]]]},"properties":{"id":"SYN-ARAMBAGH-004-0441","block":"Khanakul - I","mouza":"SYNTHETIC_MOUZA_004","plot":"SYN-004-0441","areaSqm":0,"real":false}},{"type":"Feature","geometry":{"type":"Polygon","coordinates":[[[87.911675,22.750272],[87.911675,22.756091],[87.917451,22.756091],[87.917451,22.750272],[87.911675,22.750272]]]},"properties":{"id":"SYN-ARAMBAGH-004-0442","block":"Khanakul - I","mouza":"SYNTHETIC_MOUZA_004","plot":"SYN-004-0442","areaSqm":0,"real":false}},{"type":"Feature","geometry":{"type":"Polygon","coordinates":[[[87.911675,22.756091],[87.911675,22.76191],[87.917451,22.76191],[87.917451,22.756091],[87.911675,22.756091]]]},"properties":{"id":"SYN-ARAMBAGH-004-0443","block":"Khanakul - I","mouza":"SYNTHETIC_MOUZA_004","plot":"SYN-004-0443","areaSqm":0,"real":false}},{"type":"Feature","geometry":{"type":"Polygon","coordinates":[[[87.911675,22.76191],[87.911675,22.767729],[87.917451,22.767729],[87.917451,22.76191],[87.911675,22.76191]]]},"properties":{"id":"SYN-ARAMBAGH-004-0444","block":"Khanakul - I","mouza":"SYNTHETIC_MOUZA_004","plot":"SYN-004-0444","areaSqm":0,"real":false}},{"type":"Feature","geometry":{"type":"Polygon","coordinates":[[[87.911675,22.767729],[87.911675,22.773547],[87.917451,22.773547],[87.917451,22.767729],[87.911675,22.767729]]]},"properties":{"id":"SYN-ARAMBAGH-004-0445","block":"Khanakul - I","mouza":"SYNTHETIC_MOUZA_004","plot":"SYN-004-0445","areaSqm":0,"real":false}},{"type":"Feature","geometry":{"type":"Polygon","coordinates":[[[87.912897,22.777723],[87.917451,22.775123],[87.917451,22.773547],[87.911675,22.773547],[87.911675,22.777119],[87.912897,22.777723]]]},"properties":{"id":"SYN-ARAMBAGH-004-0446","block":"Khanakul - I","mouza":"SYNTHETIC_MOUZA_004","plot":"SYN-004-0446","areaSqm":0,"real":false}},{"type":"Feature","geometry":{"type":"Polygon","coordinates":[[[87.923119,22.686264],[87.923226,22.686264],[87.923226,22.685231],[87.923119,22.686264]]]},"properties":{"id":"SYN-ARAMBAGH-004-0447","block":"Khanakul - I","mouza":"SYNTHETIC_MOUZA_004","plot":"SYN-004-0447","areaSqm":0,"real":false}},{"type":"Feature","geometry":{"type":"Polygon","coordinates":[[[87.922516,22.692083],[87.923226,22.692083],[87.923226,22.686264],[87.923119,22.686264],[87.922516,22.692083]]]},"properties":{"id":"SYN-ARAMBAGH-004-0448","block":"Khanakul - I","mouza":"SYNTHETIC_MOUZA_004","plot":"SYN-004-0448","areaSqm":0,"real":false}},{"type":"Feature","geometry":{"type":"Polygon","coordinates":[[[87.921998,22.697081],[87.919746,22.697902],[87.923226,22.697902],[87.923226,22.692083],[87.922516,22.692083],[87.921998,22.697081]]]},"properties":{"id":"SYN-ARAMBAGH-004-0449","block":"Khanakul - I","mouza":"SYNTHETIC_MOUZA_004","plot":"SYN-004-0449","areaSqm":0,"real":false}},{"type":"Feature","geometry":{"type":"Polygon","coordinates":[[[87.917451,22.698738],[87.917451,22.70372],[87.923226,22.70372],[87.923226,22.697902],[87.919746,22.697902],[87.917451,22.698738]]]},"properties":{"id":"SYN-ARAMBAGH-004-0450","block":"Khanakul - I","mouza":"SYNTHETIC_MOUZA_004","plot":"SYN-004-0450","areaSqm":0,"real":false}},{"type":"Feature","geometry":{"type":"Polygon","coordinates":[[[87.917451,22.70372],[87.917451,22.709539],[87.923226,22.709539],[87.923226,22.70372],[87.917451,22.70372]]]},"properties":{"id":"SYN-ARAMBAGH-004-0451","block":"Khanakul - I","mouza":"SYNTHETIC_MOUZA_004","plot":"SYN-004-0451","areaSqm":0,"real":false}},{"type":"Feature","geometry":{"type":"Polygon","coordinates":[[[87.917451,22.709539],[87.917451,22.715358],[87.923226,22.715358],[87.923226,22.709539],[87.917451,22.709539]]]},"properties":{"id":"SYN-ARAMBAGH-004-0452","block":"Khanakul - I","mouza":"SYNTHETIC_MOUZA_004","plot":"SYN-004-0452","areaSqm":0,"real":false}},{"type":"Feature","geometry":{"type":"Polygon","coordinates":[[[87.917451,22.715358],[87.917451,22.721177],[87.923226,22.721177],[87.923226,22.715358],[87.917451,22.715358]]]},"properties":{"id":"SYN-ARAMBAGH-004-0453","block":"Khanakul - I","mouza":"SYNTHETIC_MOUZA_004","plot":"SYN-004-0453","areaSqm":0,"real":false}},{"type":"Feature","geometry":{"type":"Polygon","coordinates":[[[87.917451,22.721177],[87.917451,22.726996],[87.923226,22.726996],[87.923226,22.721177],[87.917451,22.721177]]]},"properties":{"id":"SYN-ARAMBAGH-004-0454","block":"Khanakul - I","mouza":"SYNTHETIC_MOUZA_004","plot":"SYN-004-0454","areaSqm":0,"real":false}},{"type":"Feature","geometry":{"type":"Polygon","coordinates":[[[87.917451,22.726996],[87.917451,22.732815],[87.923226,22.732815],[87.923226,22.726996],[87.917451,22.726996]]]},"properties":{"id":"SYN-ARAMBAGH-004-0455","block":"Khanakul - I","mouza":"SYNTHETIC_MOUZA_004","plot":"SYN-004-0455","areaSqm":0,"real":false}},{"type":"Feature","geometry":{"type":"Polygon","coordinates":[[[87.917451,22.732815],[87.917451,22.738634],[87.923226,22.738634],[87.923226,22.732815],[87.917451,22.732815]]]},"properties":{"id":"SYN-ARAMBAGH-004-0456","block":"Khanakul - I","mouza":"SYNTHETIC_MOUZA_004","plot":"SYN-004-0456","areaSqm":0,"real":false}},{"type":"Feature","geometry":{"type":"Polygon","coordinates":[[[87.917451,22.738634],[87.917451,22.744453],[87.923226,22.744453],[87.923226,22.738634],[87.917451,22.738634]]]},"properties":{"id":"SYN-ARAMBAGH-004-0457","block":"Khanakul - I","mouza":"SYNTHETIC_MOUZA_004","plot":"SYN-004-0457","areaSqm":0,"real":false}},{"type":"Feature","geometry":{"type":"Polygon","coordinates":[[[87.917451,22.744453],[87.917451,22.750272],[87.923226,22.750272],[87.923226,22.744453],[87.917451,22.744453]]]},"properties":{"id":"SYN-ARAMBAGH-004-0458","block":"Khanakul - I","mouza":"SYNTHETIC_MOUZA_004","plot":"SYN-004-0458","areaSqm":0,"real":false}},{"type":"Feature","geometry":{"type":"Polygon","coordinates":[[[87.917451,22.750272],[87.917451,22.756091],[87.923226,22.756091],[87.923226,22.750272],[87.917451,22.750272]]]},"properties":{"id":"SYN-ARAMBAGH-004-0459","block":"Khanakul - I","mouza":"SYNTHETIC_MOUZA_004","plot":"SYN-004-0459","areaSqm":0,"real":false}},{"type":"Feature","geometry":{"type":"Polygon","coordinates":[[[87.917451,22.756091],[87.917451,22.76191],[87.923226,22.76191],[87.923226,22.756091],[87.917451,22.756091]]]},"properties":{"id":"SYN-ARAMBAGH-004-0460","block":"Khanakul - I","mouza":"SYNTHETIC_MOUZA_004","plot":"SYN-004-0460","areaSqm":0,"real":false}},{"type":"Feature","geometry":{"type":"Polygon","coordinates":[[[87.917451,22.76191],[87.917451,22.767729],[87.923226,22.767729],[87.923226,22.76191],[87.917451,22.76191]]]},"properties":{"id":"SYN-ARAMBAGH-004-0461","block":"Khanakul - I","mouza":"SYNTHETIC_MOUZA_004","plot":"SYN-004-0461","areaSqm":0,"real":false}},{"type":"Feature","geometry":{"type":"Polygon","coordinates":[[[87.922343,22.772329],[87.923226,22.772297],[87.923226,22.767729],[87.917451,22.767729],[87.917451,22.773547],[87.920209,22.773547],[87.922343,22.772329]]]},"properties":{"id":"SYN-ARAMBAGH-004-0462","block":"Khanakul - I","mouza":"SYNTHETIC_MOUZA_004","plot":"SYN-004-0462","areaSqm":0,"real":false}},{"type":"Feature","geometry":{"type":"Polygon","coordinates":[[[87.920209,22.773547],[87.917451,22.773547],[87.917451,22.775123],[87.920209,22.773547]]]},"properties":{"id":"SYN-ARAMBAGH-004-0463","block":"Khanakul - I","mouza":"SYNTHETIC_MOUZA_004","plot":"SYN-004-0463","areaSqm":0,"real":false}},{"type":"Feature","geometry":{"type":"Polygon","coordinates":[[[87.928612,22.684529],[87.923372,22.683822],[87.923226,22.685231],[87.923226,22.686264],[87.928064,22.686264],[87.928612,22.684529]]]},"properties":{"id":"SYN-ARAMBAGH-004-0464","block":"Khanakul - I","mouza":"SYNTHETIC_MOUZA_004","plot":"SYN-004-0464","areaSqm":0,"real":false}},{"type":"Feature","geometry":{"type":"Polygon","coordinates":[[[87.92733,22.688591],[87.928064,22.686264],[87.923226,22.686264],[87.923226,22.692083],[87.929002,22.692083],[87.929002,22.69086],[87.92733,22.688591]]]},"properties":{"id":"SYN-ARAMBAGH-004-0465","block":"Khanakul - I","mouza":"SYNTHETIC_MOUZA_004","plot":"SYN-004-0465","areaSqm":0,"real":false}},{"type":"Feature","geometry":{"type":"Polygon","coordinates":[[[87.923226,22.692083],[87.923226,22.697902],[87.929002,22.697902],[87.929002,22.692083],[87.923226,22.692083]]]},"properties":{"id":"SYN-ARAMBAGH-004-0466","block":"Khanakul - I","mouza":"SYNTHETIC_MOUZA_004","plot":"SYN-004-0466","areaSqm":0,"real":false}},{"type":"Feature","geometry":{"type":"Polygon","coordinates":[[[87.923226,22.697902],[87.923226,22.70372],[87.929002,22.70372],[87.929002,22.697902],[87.923226,22.697902]]]},"properties":{"id":"SYN-ARAMBAGH-004-0467","block":"Khanakul - I","mouza":"SYNTHETIC_MOUZA_004","plot":"SYN-004-0467","areaSqm":0,"real":false}},{"type":"Feature","geometry":{"type":"Polygon","coordinates":[[[87.923226,22.70372],[87.923226,22.709539],[87.929002,22.709539],[87.929002,22.70372],[87.923226,22.70372]]]},"properties":{"id":"SYN-ARAMBAGH-004-0468","block":"Khanakul - I","mouza":"SYNTHETIC_MOUZA_004","plot":"SYN-004-0468","areaSqm":0,"real":false}},{"type":"Feature","geometry":{"type":"Polygon","coordinates":[[[87.923226,22.709539],[87.923226,22.715358],[87.929002,22.715358],[87.929002,22.709539],[87.923226,22.709539]]]},"properties":{"id":"SYN-ARAMBAGH-004-0469","block":"Khanakul - I","mouza":"SYNTHETIC_MOUZA_004","plot":"SYN-004-0469","areaSqm":0,"real":false}},{"type":"Feature","geometry":{"type":"Polygon","coordinates":[[[87.923226,22.715358],[87.923226,22.721177],[87.929002,22.721177],[87.929002,22.715358],[87.923226,22.715358]]]},"properties":{"id":"SYN-ARAMBAGH-004-0470","block":"Khanakul - I","mouza":"SYNTHETIC_MOUZA_004","plot":"SYN-004-0470","areaSqm":0,"real":false}},{"type":"Feature","geometry":{"type":"Polygon","coordinates":[[[87.923226,22.721177],[87.923226,22.726996],[87.929002,22.726996],[87.929002,22.721177],[87.923226,22.721177]]]},"properties":{"id":"SYN-ARAMBAGH-004-0471","block":"Khanakul - I","mouza":"SYNTHETIC_MOUZA_004","plot":"SYN-004-0471","areaSqm":0,"real":false}},{"type":"Feature","geometry":{"type":"Polygon","coordinates":[[[87.923226,22.726996],[87.923226,22.732815],[87.929002,22.732815],[87.929002,22.726996],[87.923226,22.726996]]]},"properties":{"id":"SYN-ARAMBAGH-004-0472","block":"Khanakul - I","mouza":"SYNTHETIC_MOUZA_004","plot":"SYN-004-0472","areaSqm":0,"real":false}},{"type":"Feature","geometry":{"type":"Polygon","coordinates":[[[87.923226,22.732815],[87.923226,22.738634],[87.929002,22.738634],[87.929002,22.732815],[87.923226,22.732815]]]},"properties":{"id":"SYN-ARAMBAGH-004-0473","block":"Khanakul - I","mouza":"SYNTHETIC_MOUZA_004","plot":"SYN-004-0473","areaSqm":0,"real":false}},{"type":"Feature","geometry":{"type":"Polygon","coordinates":[[[87.923226,22.738634],[87.923226,22.744453],[87.929002,22.744453],[87.929002,22.738634],[87.923226,22.738634]]]},"properties":{"id":"SYN-ARAMBAGH-004-0474","block":"Khanakul - I","mouza":"SYNTHETIC_MOUZA_004","plot":"SYN-004-0474","areaSqm":0,"real":false}},{"type":"Feature","geometry":{"type":"Polygon","coordinates":[[[87.923226,22.744453],[87.923226,22.750272],[87.929002,22.750272],[87.929002,22.744453],[87.923226,22.744453]]]},"properties":{"id":"SYN-ARAMBAGH-004-0475","block":"Khanakul - I","mouza":"SYNTHETIC_MOUZA_004","plot":"SYN-004-0475","areaSqm":0,"real":false}},{"type":"Feature","geometry":{"type":"Polygon","coordinates":[[[87.923226,22.750272],[87.923226,22.756091],[87.929002,22.756091],[87.929002,22.750272],[87.923226,22.750272]]]},"properties":{"id":"SYN-ARAMBAGH-004-0476","block":"Khanakul - I","mouza":"SYNTHETIC_MOUZA_004","plot":"SYN-004-0476","areaSqm":0,"real":false}},{"type":"Feature","geometry":{"type":"Polygon","coordinates":[[[87.923226,22.756091],[87.923226,22.76191],[87.929002,22.76191],[87.929002,22.756091],[87.923226,22.756091]]]},"properties":{"id":"SYN-ARAMBAGH-004-0477","block":"Khanakul - I","mouza":"SYNTHETIC_MOUZA_004","plot":"SYN-004-0477","areaSqm":0,"real":false}},{"type":"Feature","geometry":{"type":"Polygon","coordinates":[[[87.923226,22.76191],[87.923226,22.767729],[87.929002,22.767729],[87.929002,22.76191],[87.923226,22.76191]]]},"properties":{"id":"SYN-ARAMBAGH-004-0478","block":"Khanakul - I","mouza":"SYNTHETIC_MOUZA_004","plot":"SYN-004-0478","areaSqm":0,"real":false}},{"type":"Feature","geometry":{"type":"Polygon","coordinates":[[[87.929002,22.772092],[87.929002,22.767729],[87.923226,22.767729],[87.923226,22.772297],[87.929002,22.772092]]]},"properties":{"id":"SYN-ARAMBAGH-004-0479","block":"Khanakul - I","mouza":"SYNTHETIC_MOUZA_004","plot":"SYN-004-0479","areaSqm":0,"real":false}},{"type":"Feature","geometry":{"type":"Polygon","coordinates":[[[87.929002,22.69086],[87.929002,22.692083],[87.929903,22.692083],[87.929002,22.69086]]]},"properties":{"id":"SYN-ARAMBAGH-004-0480","block":"Khanakul - I","mouza":"SYNTHETIC_MOUZA_004","plot":"SYN-004-0480","areaSqm":0,"real":false}},{"type":"Feature","geometry":{"type":"Polygon","coordinates":[[[87.932983,22.695936],[87.930603,22.693033],[87.929903,22.692083],[87.929002,22.692083],[87.929002,22.697902],[87.934777,22.697902],[87.934777,22.696339],[87.932983,22.695936]]]},"properties":{"id":"SYN-ARAMBAGH-004-0481","block":"Khanakul - I","mouza":"SYNTHETIC_MOUZA_004","plot":"SYN-004-0481","areaSqm":0,"real":false}},{"type":"Feature","geometry":{"type":"Polygon","coordinates":[[[87.929002,22.697902],[87.929002,22.70372],[87.934777,22.70372],[87.934777,22.697902],[87.929002,22.697902]]]},"properties":{"id":"SYN-ARAMBAGH-004-0482","block":"Khanakul - I","mouza":"SYNTHETIC_MOUZA_004","plot":"SYN-004-0482","areaSqm":0,"real":false}},{"type":"Feature","geometry":{"type":"Polygon","coordinates":[[[87.929002,22.70372],[87.929002,22.709539],[87.934777,22.709539],[87.934777,22.70372],[87.929002,22.70372]]]},"properties":{"id":"SYN-ARAMBAGH-004-0483","block":"Khanakul - I","mouza":"SYNTHETIC_MOUZA_004","plot":"SYN-004-0483","areaSqm":0,"real":false}},{"type":"Feature","geometry":{"type":"Polygon","coordinates":[[[87.929002,22.709539],[87.929002,22.715358],[87.934777,22.715358],[87.934777,22.709539],[87.929002,22.709539]]]},"properties":{"id":"SYN-ARAMBAGH-004-0484","block":"Khanakul - I","mouza":"SYNTHETIC_MOUZA_004","plot":"SYN-004-0484","areaSqm":0,"real":false}},{"type":"Feature","geometry":{"type":"Polygon","coordinates":[[[87.929002,22.715358],[87.929002,22.721177],[87.934777,22.721177],[87.934777,22.715358],[87.929002,22.715358]]]},"properties":{"id":"SYN-ARAMBAGH-004-0485","block":"Khanakul - I","mouza":"SYNTHETIC_MOUZA_004","plot":"SYN-004-0485","areaSqm":0,"real":false}},{"type":"Feature","geometry":{"type":"Polygon","coordinates":[[[87.929002,22.721177],[87.929002,22.726996],[87.934777,22.726996],[87.934777,22.721177],[87.929002,22.721177]]]},"properties":{"id":"SYN-ARAMBAGH-004-0486","block":"Khanakul - I","mouza":"SYNTHETIC_MOUZA_004","plot":"SYN-004-0486","areaSqm":0,"real":false}},{"type":"Feature","geometry":{"type":"Polygon","coordinates":[[[87.929002,22.726996],[87.929002,22.732815],[87.934777,22.732815],[87.934777,22.726996],[87.929002,22.726996]]]},"properties":{"id":"SYN-ARAMBAGH-004-0487","block":"Khanakul - I","mouza":"SYNTHETIC_MOUZA_004","plot":"SYN-004-0487","areaSqm":0,"real":false}},{"type":"Feature","geometry":{"type":"Polygon","coordinates":[[[87.929002,22.732815],[87.929002,22.738634],[87.934777,22.738634],[87.934777,22.732815],[87.929002,22.732815]]]},"properties":{"id":"SYN-ARAMBAGH-004-0488","block":"Khanakul - I","mouza":"SYNTHETIC_MOUZA_004","plot":"SYN-004-0488","areaSqm":0,"real":false}},{"type":"Feature","geometry":{"type":"Polygon","coordinates":[[[87.929002,22.738634],[87.929002,22.744453],[87.934777,22.744453],[87.934777,22.738634],[87.929002,22.738634]]]},"properties":{"id":"SYN-ARAMBAGH-004-0489","block":"Khanakul - I","mouza":"SYNTHETIC_MOUZA_004","plot":"SYN-004-0489","areaSqm":0,"real":false}},{"type":"Feature","geometry":{"type":"Polygon","coordinates":[[[87.929002,22.744453],[87.929002,22.750272],[87.934777,22.750272],[87.934777,22.744453],[87.929002,22.744453]]]},"properties":{"id":"SYN-ARAMBAGH-004-0490","block":"Khanakul - I","mouza":"SYNTHETIC_MOUZA_004","plot":"SYN-004-0490","areaSqm":0,"real":false}},{"type":"Feature","geometry":{"type":"Polygon","coordinates":[[[87.929002,22.750272],[87.929002,22.756091],[87.934777,22.756091],[87.934777,22.750272],[87.929002,22.750272]]]},"properties":{"id":"SYN-ARAMBAGH-004-0491","block":"Khanakul - I","mouza":"SYNTHETIC_MOUZA_004","plot":"SYN-004-0491","areaSqm":0,"real":false}},{"type":"Feature","geometry":{"type":"Polygon","coordinates":[[[87.929002,22.756091],[87.929002,22.76191],[87.934777,22.76191],[87.934777,22.756091],[87.929002,22.756091]]]},"properties":{"id":"SYN-ARAMBAGH-004-0492","block":"Khanakul - I","mouza":"SYNTHETIC_MOUZA_004","plot":"SYN-004-0492","areaSqm":0,"real":false}},{"type":"Feature","geometry":{"type":"Polygon","coordinates":[[[87.929002,22.76191],[87.929002,22.767729],[87.934777,22.767729],[87.934777,22.76191],[87.929002,22.76191]]]},"properties":{"id":"SYN-ARAMBAGH-004-0493","block":"Khanakul - I","mouza":"SYNTHETIC_MOUZA_004","plot":"SYN-004-0493","areaSqm":0,"real":false}},{"type":"Feature","geometry":{"type":"Polygon","coordinates":[[[87.934777,22.771886],[87.934777,22.767729],[87.929002,22.767729],[87.929002,22.772092],[87.934777,22.771886]]]},"properties":{"id":"SYN-ARAMBAGH-004-0494","block":"Khanakul - I","mouza":"SYNTHETIC_MOUZA_004","plot":"SYN-004-0494","areaSqm":0,"real":false}},{"type":"Feature","geometry":{"type":"Polygon","coordinates":[[[87.938957,22.697279],[87.934777,22.696339],[87.934777,22.697902],[87.93911,22.697902],[87.938957,22.697279]]]},"properties":{"id":"SYN-ARAMBAGH-004-0495","block":"Khanakul - I","mouza":"SYNTHETIC_MOUZA_004","plot":"SYN-004-0495","areaSqm":0,"real":false}},{"type":"Feature","geometry":{"type":"Polygon","coordinates":[[[87.93911,22.697902],[87.934777,22.697902],[87.934777,22.70372],[87.940543,22.70372],[87.93911,22.697902]]]},"properties":{"id":"SYN-ARAMBAGH-004-0496","block":"Khanakul - I","mouza":"SYNTHETIC_MOUZA_004","plot":"SYN-004-0496","areaSqm":0,"real":false}},{"type":"Feature","geometry":{"type":"Polygon","coordinates":[[[87.940543,22.70372],[87.934777,22.70372],[87.934777,22.709539],[87.940553,22.709539],[87.940553,22.703759],[87.940543,22.70372]]]},"properties":{"id":"SYN-ARAMBAGH-004-0497","block":"Khanakul - I","mouza":"SYNTHETIC_MOUZA_004","plot":"SYN-004-0497","areaSqm":0,"real":false}},{"type":"Feature","geometry":{"type":"Polygon","coordinates":[[[87.934777,22.709539],[87.934777,22.715358],[87.940553,22.715358],[87.940553,22.709539],[87.934777,22.709539]]]},"properties":{"id":"SYN-ARAMBAGH-004-0498","block":"Khanakul - I","mouza":"SYNTHETIC_MOUZA_004","plot":"SYN-004-0498","areaSqm":0,"real":false}},{"type":"Feature","geometry":{"type":"Polygon","coordinates":[[[87.934777,22.715358],[87.934777,22.721177],[87.940553,22.721177],[87.940553,22.715358],[87.934777,22.715358]]]},"properties":{"id":"SYN-ARAMBAGH-004-0499","block":"Khanakul - I","mouza":"SYNTHETIC_MOUZA_004","plot":"SYN-004-0499","areaSqm":0,"real":false}},{"type":"Feature","geometry":{"type":"Polygon","coordinates":[[[87.934777,22.721177],[87.934777,22.726996],[87.940553,22.726996],[87.940553,22.721177],[87.934777,22.721177]]]},"properties":{"id":"SYN-ARAMBAGH-004-0500","block":"Khanakul - I","mouza":"SYNTHETIC_MOUZA_004","plot":"SYN-004-0500","areaSqm":0,"real":false}},{"type":"Feature","geometry":{"type":"Polygon","coordinates":[[[87.934777,22.726996],[87.934777,22.732815],[87.940553,22.732815],[87.940553,22.726996],[87.934777,22.726996]]]},"properties":{"id":"SYN-ARAMBAGH-004-0501","block":"Khanakul - I","mouza":"SYNTHETIC_MOUZA_004","plot":"SYN-004-0501","areaSqm":0,"real":false}},{"type":"Feature","geometry":{"type":"Polygon","coordinates":[[[87.934777,22.732815],[87.934777,22.738634],[87.940553,22.738634],[87.940553,22.732815],[87.934777,22.732815]]]},"properties":{"id":"SYN-ARAMBAGH-004-0502","block":"Khanakul - I","mouza":"SYNTHETIC_MOUZA_004","plot":"SYN-004-0502","areaSqm":0,"real":false}},{"type":"Feature","geometry":{"type":"Polygon","coordinates":[[[87.934777,22.738634],[87.934777,22.744453],[87.940553,22.744453],[87.940553,22.738634],[87.934777,22.738634]]]},"properties":{"id":"SYN-ARAMBAGH-004-0503","block":"Khanakul - I","mouza":"SYNTHETIC_MOUZA_004","plot":"SYN-004-0503","areaSqm":0,"real":false}},{"type":"Feature","geometry":{"type":"Polygon","coordinates":[[[87.934777,22.744453],[87.934777,22.750272],[87.940553,22.750272],[87.940553,22.744453],[87.934777,22.744453]]]},"properties":{"id":"SYN-ARAMBAGH-004-0504","block":"Khanakul - I","mouza":"SYNTHETIC_MOUZA_004","plot":"SYN-004-0504","areaSqm":0,"real":false}},{"type":"Feature","geometry":{"type":"Polygon","coordinates":[[[87.934777,22.750272],[87.934777,22.756091],[87.940553,22.756091],[87.940553,22.750272],[87.934777,22.750272]]]},"properties":{"id":"SYN-ARAMBAGH-004-0505","block":"Khanakul - I","mouza":"SYNTHETIC_MOUZA_004","plot":"SYN-004-0505","areaSqm":0,"real":false}},{"type":"Feature","geometry":{"type":"Polygon","coordinates":[[[87.934777,22.756091],[87.934777,22.76191],[87.940553,22.76191],[87.940553,22.756091],[87.934777,22.756091]]]},"properties":{"id":"SYN-ARAMBAGH-004-0506","block":"Khanakul - I","mouza":"SYNTHETIC_MOUZA_004","plot":"SYN-004-0506","areaSqm":0,"real":false}},{"type":"Feature","geometry":{"type":"Polygon","coordinates":[[[87.934777,22.76191],[87.934777,22.767729],[87.940553,22.767729],[87.940553,22.76191],[87.934777,22.76191]]]},"properties":{"id":"SYN-ARAMBAGH-004-0507","block":"Khanakul - I","mouza":"SYNTHETIC_MOUZA_004","plot":"SYN-004-0507","areaSqm":0,"real":false}},{"type":"Feature","geometry":{"type":"Polygon","coordinates":[[[87.940553,22.77168],[87.940553,22.767729],[87.934777,22.767729],[87.934777,22.771886],[87.940553,22.77168]]]},"properties":{"id":"SYN-ARAMBAGH-004-0508","block":"Khanakul - I","mouza":"SYNTHETIC_MOUZA_004","plot":"SYN-004-0508","areaSqm":0,"real":false}},{"type":"Feature","geometry":{"type":"Polygon","coordinates":[[[87.940553,22.703759],[87.940553,22.709539],[87.941976,22.709539],[87.940553,22.703759]]]},"properties":{"id":"SYN-ARAMBAGH-004-0509","block":"Khanakul - I","mouza":"SYNTHETIC_MOUZA_004","plot":"SYN-004-0509","areaSqm":0,"real":false}},{"type":"Feature","geometry":{"type":"Polygon","coordinates":[[[87.943247,22.714699],[87.941976,22.709539],[87.940553,22.709539],[87.940553,22.715358],[87.943269,22.715358],[87.943247,22.714699]]]},"properties":{"id":"SYN-ARAMBAGH-004-0510","block":"Khanakul - I","mouza":"SYNTHETIC_MOUZA_004","plot":"SYN-004-0510","areaSqm":0,"real":false}},{"type":"Feature","geometry":{"type":"Polygon","coordinates":[[[87.943269,22.715358],[87.940553,22.715358],[87.940553,22.721177],[87.943465,22.721177],[87.943269,22.715358]]]},"properties":{"id":"SYN-ARAMBAGH-004-0511","block":"Khanakul - I","mouza":"SYNTHETIC_MOUZA_004","plot":"SYN-004-0511","areaSqm":0,"real":false}},{"type":"Feature","geometry":{"type":"Polygon","coordinates":[[[87.943465,22.721177],[87.940553,22.721177],[87.940553,22.726996],[87.943661,22.726996],[87.943465,22.721177]]]},"properties":{"id":"SYN-ARAMBAGH-004-0512","block":"Khanakul - I","mouza":"SYNTHETIC_MOUZA_004","plot":"SYN-004-0512","areaSqm":0,"real":false}},{"type":"Feature","geometry":{"type":"Polygon","coordinates":[[[87.944973,22.732592],[87.943724,22.728856],[87.943661,22.726996],[87.940553,22.726996],[87.940553,22.732815],[87.945176,22.732815],[87.944973,22.732592]]]},"properties":{"id":"SYN-ARAMBAGH-004-0513","block":"Khanakul - I","mouza":"SYNTHETIC_MOUZA_004","plot":"SYN-004-0513","areaSqm":0,"real":false}},{"type":"Feature","geometry":{"type":"Polygon","coordinates":[[[87.945176,22.732815],[87.940553,22.732815],[87.940553,22.738634],[87.946328,22.738634],[87.946328,22.734084],[87.945176,22.732815]]]},"properties":{"id":"SYN-ARAMBAGH-004-0514","block":"Khanakul - I","mouza":"SYNTHETIC_MOUZA_004","plot":"SYN-004-0514","areaSqm":0,"real":false}},{"type":"Feature","geometry":{"type":"Polygon","coordinates":[[[87.940553,22.738634],[87.940553,22.744453],[87.946328,22.744453],[87.946328,22.738634],[87.940553,22.738634]]]},"properties":{"id":"SYN-ARAMBAGH-004-0515","block":"Khanakul - I","mouza":"SYNTHETIC_MOUZA_004","plot":"SYN-004-0515","areaSqm":0,"real":false}},{"type":"Feature","geometry":{"type":"Polygon","coordinates":[[[87.940553,22.744453],[87.940553,22.750272],[87.946328,22.750272],[87.946328,22.744453],[87.940553,22.744453]]]},"properties":{"id":"SYN-ARAMBAGH-004-0516","block":"Khanakul - I","mouza":"SYNTHETIC_MOUZA_004","plot":"SYN-004-0516","areaSqm":0,"real":false}},{"type":"Feature","geometry":{"type":"Polygon","coordinates":[[[87.940553,22.750272],[87.940553,22.756091],[87.946328,22.756091],[87.946328,22.750272],[87.940553,22.750272]]]},"properties":{"id":"SYN-ARAMBAGH-004-0517","block":"Khanakul - I","mouza":"SYNTHETIC_MOUZA_004","plot":"SYN-004-0517","areaSqm":0,"real":false}},{"type":"Feature","geometry":{"type":"Polygon","coordinates":[[[87.940553,22.756091],[87.940553,22.76191],[87.946328,22.76191],[87.946328,22.756091],[87.940553,22.756091]]]},"properties":{"id":"SYN-ARAMBAGH-004-0518","block":"Khanakul - I","mouza":"SYNTHETIC_MOUZA_004","plot":"SYN-004-0518","areaSqm":0,"real":false}},{"type":"Feature","geometry":{"type":"Polygon","coordinates":[[[87.940553,22.76191],[87.940553,22.767729],[87.946328,22.767729],[87.946328,22.76191],[87.940553,22.76191]]]},"properties":{"id":"SYN-ARAMBAGH-004-0519","block":"Khanakul - I","mouza":"SYNTHETIC_MOUZA_004","plot":"SYN-004-0519","areaSqm":0,"real":false}},{"type":"Feature","geometry":{"type":"Polygon","coordinates":[[[87.946328,22.771475],[87.946328,22.767729],[87.940553,22.767729],[87.940553,22.77168],[87.946328,22.771475]]]},"properties":{"id":"SYN-ARAMBAGH-004-0520","block":"Khanakul - I","mouza":"SYNTHETIC_MOUZA_004","plot":"SYN-004-0520","areaSqm":0,"real":false}},{"type":"Feature","geometry":{"type":"Polygon","coordinates":[[[87.95002,22.738148],[87.946328,22.734084],[87.946328,22.738634],[87.949693,22.738634],[87.95002,22.738148]]]},"properties":{"id":"SYN-ARAMBAGH-004-0521","block":"Khanakul - I","mouza":"SYNTHETIC_MOUZA_004","plot":"SYN-004-0521","areaSqm":0,"real":false}},{"type":"Feature","geometry":{"type":"Polygon","coordinates":[[[87.947407,22.742027],[87.949693,22.738634],[87.946328,22.738634],[87.946328,22.744453],[87.947359,22.744453],[87.947407,22.742027]]]},"properties":{"id":"SYN-ARAMBAGH-004-0522","block":"Khanakul - I","mouza":"SYNTHETIC_MOUZA_004","plot":"SYN-004-0522","areaSqm":0,"real":false}},{"type":"Feature","geometry":{"type":"Polygon","coordinates":[[[87.947359,22.744453],[87.946328,22.744453],[87.946328,22.750272],[87.947244,22.750272],[87.947359,22.744453]]]},"properties":{"id":"SYN-ARAMBAGH-004-0523","block":"Khanakul - I","mouza":"SYNTHETIC_MOUZA_004","plot":"SYN-004-0523","areaSqm":0,"real":false}},{"type":"Feature","geometry":{"type":"Polygon","coordinates":[[[87.947179,22.753558],[87.947244,22.750272],[87.946328,22.750272],[87.946328,22.756091],[87.948043,22.756091],[87.947179,22.753558]]]},"properties":{"id":"SYN-ARAMBAGH-004-0524","block":"Khanakul - I","mouza":"SYNTHETIC_MOUZA_004","plot":"SYN-004-0524","areaSqm":0,"real":false}},{"type":"Feature","geometry":{"type":"Polygon","coordinates":[[[87.948043,22.756091],[87.946328,22.756091],[87.946328,22.76191],[87.950029,22.76191],[87.948043,22.756091]]]},"properties":{"id":"SYN-ARAMBAGH-004-0525","block":"Khanakul - I","mouza":"SYNTHETIC_MOUZA_004","plot":"SYN-004-0525","areaSqm":0,"real":false}},{"type":"Feature","geometry":{"type":"Polygon","coordinates":[[[87.950734,22.763977],[87.950029,22.76191],[87.946328,22.76191],[87.946328,22.767729],[87.950445,22.767729],[87.950734,22.763977]]]},"properties":{"id":"SYN-ARAMBAGH-004-0526","block":"Khanakul - I","mouza":"SYNTHETIC_MOUZA_004","plot":"SYN-004-0526","areaSqm":0,"real":false}},{"type":"Feature","geometry":{"type":"Polygon","coordinates":[[[87.950324,22.769309],[87.950445,22.767729],[87.946328,22.767729],[87.946328,22.771475],[87.952104,22.771269],[87.950324,22.769309]]]},"properties":{"id":"SYN-ARAMBAGH-004-0527","block":"Khanakul - I","mouza":"SYNTHETIC_MOUZA_004","plot":"SYN-004-0527","areaSqm":0,"real":false}},{"type":"Feature","geometry":{"type":"Polygon","coordinates":[[[87.776455,22.679526],[87.779937,22.679526],[87.779937,22.675147],[87.776455,22.679526]]]},"properties":{"id":"SYN-ARAMBAGH-005-0001","block":"Khanakul - Ii","mouza":"SYNTHETIC_MOUZA_005","plot":"SYN-005-0001","areaSqm":0,"real":false}},{"type":"Feature","geometry":{"type":"Polygon","coordinates":[[[87.779937,22.682429],[87.779937,22.679526],[87.776455,22.679526],[87.774517,22.681962],[87.779937,22.682429]]]},"properties":{"id":"SYN-ARAMBAGH-005-0002","block":"Khanakul - Ii","mouza":"SYNTHETIC_MOUZA_005","plot":"SYN-005-0002","areaSqm":0,"real":false}},{"type":"Feature","geometry":{"type":"Polygon","coordinates":[[[87.784606,22.669276],[87.785357,22.669276],[87.785357,22.668331],[87.784606,22.669276]]]},"properties":{"id":"SYN-ARAMBAGH-005-0003","block":"Khanakul - Ii","mouza":"SYNTHETIC_MOUZA_005","plot":"SYN-005-0003","areaSqm":0,"real":false}},{"type":"Feature","geometry":{"type":"Polygon","coordinates":[[[87.780531,22.674401],[87.785357,22.674401],[87.785357,22.669276],[87.784606,22.669276],[87.780531,22.674401]]]},"properties":{"id":"SYN-ARAMBAGH-005-0004","block":"Khanakul - Ii","mouza":"SYNTHETIC_MOUZA_005","plot":"SYN-005-0004","areaSqm":0,"real":false}},{"type":"Feature","geometry":{"type":"Polygon","coordinates":[[[87.779937,22.675147],[87.779937,22.679526],[87.785357,22.679526],[87.785357,22.674401],[87.780531,22.674401],[87.779937,22.675147]]]},"properties":{"id":"SYN-ARAMBAGH-005-0005","block":"Khanakul - Ii","mouza":"SYNTHETIC_MOUZA_005","plot":"SYN-005-0005","areaSqm":0,"real":false}},{"type":"Feature","geometry":{"type":"Polygon","coordinates":[[[87.78317,22.682707],[87.784056,22.683821],[87.7841,22.68465],[87.785357,22.68465],[87.785357,22.679526],[87.779937,22.679526],[87.779937,22.682429],[87.78317,22.682707]]]},"properties":{"id":"SYN-ARAMBAGH-005-0006","block":"Khanakul - Ii","mouza":"SYNTHETIC_MOUZA_005","plot":"SYN-005-0006","areaSqm":0,"real":false}},{"type":"Feature","geometry":{"type":"Polygon","coordinates":[[[87.784369,22.689775],[87.785357,22.689775],[87.785357,22.68465],[87.7841,22.68465],[87.784369,22.689775]]]},"properties":{"id":"SYN-ARAMBAGH-005-0007","block":"Khanakul - Ii","mouza":"SYNTHETIC_MOUZA_005","plot":"SYN-005-0007","areaSqm":0,"real":false}},{"type":"Feature","geometry":{"type":"Polygon","coordinates":[[[87.785357,22.692862],[87.785357,22.689775],[87.784369,22.689775],[87.784638,22.6949],[87.78514,22.6949],[87.785357,22.692862]]]},"properties":{"id":"SYN-ARAMBAGH-005-0008","block":"Khanakul - Ii","mouza":"SYNTHETIC_MOUZA_005","plot":"SYN-005-0008","areaSqm":0,"real":false}},{"type":"Feature","geometry":{"type":"Polygon","coordinates":[[[87.784804,22.698051],[87.78514,22.6949],[87.784638,22.6949],[87.784804,22.698051]]]},"properties":{"id":"SYN-ARAMBAGH-005-0009","block":"Khanakul - Ii","mouza":"SYNTHETIC_MOUZA_005","plot":"SYN-005-0009","areaSqm":0,"real":false}},{"type":"Feature","geometry":{"type":"Polygon","coordinates":[[[87.788682,22.664151],[87.790777,22.664151],[87.790777,22.661516],[87.788682,22.664151]]]},"properties":{"id":"SYN-ARAMBAGH-005-0010","block":"Khanakul - Ii","mouza":"SYNTHETIC_MOUZA_005","plot":"SYN-005-0010","areaSqm":0,"real":false}},{"type":"Feature","geometry":{"type":"Polygon","coordinates":[[[87.785357,22.668331],[87.785357,22.669276],[87.790777,22.669276],[87.790777,22.664151],[87.788682,22.664151],[87.785357,22.668331]]]},"properties":{"id":"SYN-ARAMBAGH-005-0011","block":"Khanakul - Ii","mouza":"SYNTHETIC_MOUZA_005","plot":"SYN-005-0011","areaSqm":0,"real":false}},{"type":"Feature","geometry":{"type":"Polygon","coordinates":[[[87.785357,22.669276],[87.785357,22.674401],[87.790777,22.674401],[87.790777,22.669276],[87.785357,22.669276]]]},"properties":{"id":"SYN-ARAMBAGH-005-0012","block":"Khanakul - Ii","mouza":"SYNTHETIC_MOUZA_005","plot":"SYN-005-0012","areaSqm":0,"real":false}},{"type":"Feature","geometry":{"type":"Polygon","coordinates":[[[87.785357,22.674401],[87.785357,22.679526],[87.790777,22.679526],[87.790777,22.674401],[87.785357,22.674401]]]},"properties":{"id":"SYN-ARAMBAGH-005-0013","block":"Khanakul - Ii","mouza":"SYNTHETIC_MOUZA_005","plot":"SYN-005-0013","areaSqm":0,"real":false}},{"type":"Feature","geometry":{"type":"Polygon","coordinates":[[[87.785357,22.679526],[87.785357,22.68465],[87.790777,22.68465],[87.790777,22.679526],[87.785357,22.679526]]]},"properties":{"id":"SYN-ARAMBAGH-005-0014","block":"Khanakul - Ii","mouza":"SYNTHETIC_MOUZA_005","plot":"SYN-005-0014","areaSqm":0,"real":false}},{"type":"Feature","geometry":{"type":"Polygon","coordinates":[[[87.785792,22.688787],[87.790777,22.688636],[87.790777,22.68465],[87.785357,22.68465],[87.785357,22.689775],[87.785687,22.689775],[87.785792,22.688787]]]},"properties":{"id":"SYN-ARAMBAGH-005-0015","block":"Khanakul - Ii","mouza":"SYNTHETIC_MOUZA_005","plot":"SYN-005-0015","areaSqm":0,"real":false}},{"type":"Feature","geometry":{"type":"Polygon","coordinates":[[[87.785687,22.689775],[87.785357,22.689775],[87.785357,22.692862],[87.785687,22.689775]]]},"properties":{"id":"SYN-ARAMBAGH-005-0016","block":"Khanakul - Ii","mouza":"SYNTHETIC_MOUZA_005","plot":"SYN-005-0016","areaSqm":0,"real":false}},{"type":"Feature","geometry":{"type":"Polygon","coordinates":[[[87.795547,22.655518],[87.792757,22.659026],[87.796197,22.659026],[87.796197,22.654996],[87.795547,22.655518]]]},"properties":{"id":"SYN-ARAMBAGH-005-0017","block":"Khanakul - Ii","mouza":"SYNTHETIC_MOUZA_005","plot":"SYN-005-0017","areaSqm":0,"real":false}},{"type":"Feature","geometry":{"type":"Polygon","coordinates":[[[87.790777,22.661516],[87.790777,22.664151],[87.796197,22.664151],[87.796197,22.659026],[87.792757,22.659026],[87.790777,22.661516]]]},"properties":{"id":"SYN-ARAMBAGH-005-0018","block":"Khanakul - Ii","mouza":"SYNTHETIC_MOUZA_005","plot":"SYN-005-0018","areaSqm":0,"real":false}},{"type":"Feature","geometry":{"type":"Polygon","coordinates":[[[87.790777,22.664151],[87.790777,22.669276],[87.796197,22.669276],[87.796197,22.664151],[87.790777,22.664151]]]},"properties":{"id":"SYN-ARAMBAGH-005-0019","block":"Khanakul - Ii","mouza":"SYNTHETIC_MOUZA_005","plot":"SYN-005-0019","areaSqm":0,"real":false}},{"type":"Feature","geometry":{"type":"Polygon","coordinates":[[[87.790777,22.669276],[87.790777,22.674401],[87.796197,22.674401],[87.796197,22.669276],[87.790777,22.669276]]]},"properties":{"id":"SYN-ARAMBAGH-005-0020","block":"Khanakul - Ii","mouza":"SYNTHETIC_MOUZA_005","plot":"SYN-005-0020","areaSqm":0,"real":false}},{"type":"Feature","geometry":{"type":"Polygon","coordinates":[[[87.790777,22.674401],[87.790777,22.679526],[87.796197,22.679526],[87.796197,22.674401],[87.790777,22.674401]]]},"properties":{"id":"SYN-ARAMBAGH-005-0021","block":"Khanakul - Ii","mouza":"SYNTHETIC_MOUZA_005","plot":"SYN-005-0021","areaSqm":0,"real":false}},{"type":"Feature","geometry":{"type":"Polygon","coordinates":[[[87.790777,22.679526],[87.790777,22.68465],[87.796197,22.68465],[87.796197,22.679526],[87.790777,22.679526]]]},"properties":{"id":"SYN-ARAMBAGH-005-0022","block":"Khanakul - Ii","mouza":"SYNTHETIC_MOUZA_005","plot":"SYN-005-0022","areaSqm":0,"real":false}},{"type":"Feature","geometry":{"type":"Polygon","coordinates":[[[87.796197,22.688472],[87.796197,22.68465],[87.790777,22.68465],[87.790777,22.688636],[87.796197,22.688472]]]},"properties":{"id":"SYN-ARAMBAGH-005-0023","block":"Khanakul - Ii","mouza":"SYNTHETIC_MOUZA_005","plot":"SYN-005-0023","areaSqm":0,"real":false}},{"type":"Feature","geometry":{"type":"Polygon","coordinates":[[[87.801231,22.652674],[87.799004,22.65274],[87.797559,22.653901],[87.801617,22.653901],[87.801617,22.650931],[87.801231,22.652674]]]},"properties":{"id":"SYN-ARAMBAGH-005-0024","block":"Khanakul - Ii","mouza":"SYNTHETIC_MOUZA_005","plot":"SYN-005-0024","areaSqm":0,"real":false}},{"type":"Feature","geometry":{"type":"Polygon","coordinates":[[[87.796197,22.654996],[87.796197,22.659026],[87.801617,22.659026],[87.801617,22.653901],[87.797559,22.653901],[87.796197,22.654996]]]},"properties":{"id":"SYN-ARAMBAGH-005-0025","block":"Khanakul - Ii","mouza":"SYNTHETIC_MOUZA_005","plot":"SYN-005-0025","areaSqm":0,"real":false}},{"type":"Feature","geometry":{"type":"Polygon","coordinates":[[[87.796197,22.659026],[87.796197,22.664151],[87.801617,22.664151],[87.801617,22.659026],[87.796197,22.659026]]]},"properties":{"id":"SYN-ARAMBAGH-005-0026","block":"Khanakul - Ii","mouza":"SYNTHETIC_MOUZA_005","plot":"SYN-005-0026","areaSqm":0,"real":false}},{"type":"Feature","geometry":{"type":"Polygon","coordinates":[[[87.796197,22.664151],[87.796197,22.669276],[87.801617,22.669276],[87.801617,22.664151],[87.796197,22.664151]]]},"properties":{"id":"SYN-ARAMBAGH-005-0027","block":"Khanakul - Ii","mouza":"SYNTHETIC_MOUZA_005","plot":"SYN-005-0027","areaSqm":0,"real":false}},{"type":"Feature","geometry":{"type":"Polygon","coordinates":[[[87.796197,22.669276],[87.796197,22.674401],[87.801617,22.674401],[87.801617,22.669276],[87.796197,22.669276]]]},"properties":{"id":"SYN-ARAMBAGH-005-0028","block":"Khanakul - Ii","mouza":"SYNTHETIC_MOUZA_005","plot":"SYN-005-0028","areaSqm":0,"real":false}},{"type":"Feature","geometry":{"type":"Polygon","coordinates":[[[87.796197,22.674401],[87.796197,22.679526],[87.801617,22.679526],[87.801617,22.674401],[87.796197,22.674401]]]},"properties":{"id":"SYN-ARAMBAGH-005-0029","block":"Khanakul - Ii","mouza":"SYNTHETIC_MOUZA_005","plot":"SYN-005-0029","areaSqm":0,"real":false}},{"type":"Feature","geometry":{"type":"Polygon","coordinates":[[[87.796197,22.679526],[87.796197,22.68465],[87.801617,22.68465],[87.801617,22.679526],[87.796197,22.679526]]]},"properties":{"id":"SYN-ARAMBAGH-005-0030","block":"Khanakul - Ii","mouza":"SYNTHETIC_MOUZA_005","plot":"SYN-005-0030","areaSqm":0,"real":false}},{"type":"Feature","geometry":{"type":"Polygon","coordinates":[[[87.797984,22.688418],[87.798477,22.689775],[87.801617,22.689775],[87.801617,22.68465],[87.796197,22.68465],[87.796197,22.688472],[87.797984,22.688418]]]},"properties":{"id":"SYN-ARAMBAGH-005-0031","block":"Khanakul - Ii","mouza":"SYNTHETIC_MOUZA_005","plot":"SYN-005-0031","areaSqm":0,"real":false}},{"type":"Feature","geometry":{"type":"Polygon","coordinates":[[[87.798874,22.690868],[87.801617,22.691054],[87.801617,22.689775],[87.798477,22.689775],[87.798874,22.690868]]]},"properties":{"id":"SYN-ARAMBAGH-005-0032","block":"Khanakul - Ii","mouza":"SYNTHETIC_MOUZA_005","plot":"SYN-005-0032","areaSqm":0,"real":false}},{"type":"Feature","geometry":{"type":"Polygon","coordinates":[[[87.80542,22.635023],[87.804695,22.637036],[87.804365,22.638527],[87.807037,22.638527],[87.807037,22.634733],[87.80542,22.635023]]]},"properties":{"id":"SYN-ARAMBAGH-005-0033","block":"Khanakul - Ii","mouza":"SYNTHETIC_MOUZA_005","plot":"SYN-005-0033","areaSqm":0,"real":false}},{"type":"Feature","geometry":{"type":"Polygon","coordinates":[[[87.80323,22.643652],[87.807037,22.643652],[87.807037,22.638527],[87.804365,22.638527],[87.80323,22.643652]]]},"properties":{"id":"SYN-ARAMBAGH-005-0034","block":"Khanakul - Ii","mouza":"SYNTHETIC_MOUZA_005","plot":"SYN-005-0034","areaSqm":0,"real":false}},{"type":"Feature","geometry":{"type":"Polygon","coordinates":[[[87.802094,22.648776],[87.807037,22.648776],[87.807037,22.643652],[87.80323,22.643652],[87.802094,22.648776]]]},"properties":{"id":"SYN-ARAMBAGH-005-0035","block":"Khanakul - Ii","mouza":"SYNTHETIC_MOUZA_005","plot":"SYN-005-0035","areaSqm":0,"real":false}},{"type":"Feature","geometry":{"type":"Polygon","coordinates":[[[87.801617,22.650931],[87.801617,22.653901],[87.807037,22.653901],[87.807037,22.648776],[87.802094,22.648776],[87.801617,22.650931]]]},"properties":{"id":"SYN-ARAMBAGH-005-0036","block":"Khanakul - Ii","mouza":"SYNTHETIC_MOUZA_005","plot":"SYN-005-0036","areaSqm":0,"real":false}},{"type":"Feature","geometry":{"type":"Polygon","coordinates":[[[87.801617,22.653901],[87.801617,22.659026],[87.807037,22.659026],[87.807037,22.653901],[87.801617,22.653901]]]},"properties":{"id":"SYN-ARAMBAGH-005-0037","block":"Khanakul - Ii","mouza":"SYNTHETIC_MOUZA_005","plot":"SYN-005-0037","areaSqm":0,"real":false}},{"type":"Feature","geometry":{"type":"Polygon","coordinates":[[[87.801617,22.659026],[87.801617,22.664151],[87.807037,22.664151],[87.807037,22.659026],[87.801617,22.659026]]]},"properties":{"id":"SYN-ARAMBAGH-005-0038","block":"Khanakul - Ii","mouza":"SYNTHETIC_MOUZA_005","plot":"SYN-005-0038","areaSqm":0,"real":false}},{"type":"Feature","geometry":{"type":"Polygon","coordinates":[[[87.801617,22.664151],[87.801617,22.669276],[87.807037,22.669276],[87.807037,22.664151],[87.801617,22.664151]]]},"properties":{"id":"SYN-ARAMBAGH-005-0039","block":"Khanakul - Ii","mouza":"SYNTHETIC_MOUZA_005","plot":"SYN-005-0039","areaSqm":0,"real":false}},{"type":"Feature","geometry":{"type":"Polygon","coordinates":[[[87.801617,22.669276],[87.801617,22.674401],[87.807037,22.674401],[87.807037,22.669276],[87.801617,22.669276]]]},"properties":{"id":"SYN-ARAMBAGH-005-0040","block":"Khanakul - Ii","mouza":"SYNTHETIC_MOUZA_005","plot":"SYN-005-0040","areaSqm":0,"real":false}},{"type":"Feature","geometry":{"type":"Polygon","coordinates":[[[87.801617,22.674401],[87.801617,22.679526],[87.807037,22.679526],[87.807037,22.674401],[87.801617,22.674401]]]},"properties":{"id":"SYN-ARAMBAGH-005-0041","block":"Khanakul - Ii","mouza":"SYNTHETIC_MOUZA_005","plot":"SYN-005-0041","areaSqm":0,"real":false}},{"type":"Feature","geometry":{"type":"Polygon","coordinates":[[[87.801617,22.679526],[87.801617,22.68465],[87.807037,22.68465],[87.807037,22.679526],[87.801617,22.679526]]]},"properties":{"id":"SYN-ARAMBAGH-005-0042","block":"Khanakul - Ii","mouza":"SYNTHETIC_MOUZA_005","plot":"SYN-005-0042","areaSqm":0,"real":false}},{"type":"Feature","geometry":{"type":"Polygon","coordinates":[[[87.801617,22.68465],[87.801617,22.689775],[87.807037,22.689775],[87.807037,22.68465],[87.801617,22.68465]]]},"properties":{"id":"SYN-ARAMBAGH-005-0043","block":"Khanakul - Ii","mouza":"SYNTHETIC_MOUZA_005","plot":"SYN-005-0043","areaSqm":0,"real":false}},{"type":"Feature","geometry":{"type":"Polygon","coordinates":[[[87.807037,22.691421],[87.807037,22.689775],[87.801617,22.689775],[87.801617,22.691054],[87.807037,22.691421]]]},"properties":{"id":"SYN-ARAMBAGH-005-0044","block":"Khanakul - Ii","mouza":"SYNTHETIC_MOUZA_005","plot":"SYN-005-0044","areaSqm":0,"real":false}},{"type":"Feature","geometry":{"type":"Polygon","coordinates":[[[87.807037,22.634733],[87.807037,22.638527],[87.812457,22.638527],[87.812457,22.63376],[87.807037,22.634733]]]},"properties":{"id":"SYN-ARAMBAGH-005-0045","block":"Khanakul - Ii","mouza":"SYNTHETIC_MOUZA_005","plot":"SYN-005-0045","areaSqm":0,"real":false}},{"type":"Feature","geometry":{"type":"Polygon","coordinates":[[[87.807037,22.638527],[87.807037,22.643652],[87.812457,22.643652],[87.812457,22.638527],[87.807037,22.638527]]]},"properties":{"id":"SYN-ARAMBAGH-005-0046","block":"Khanakul - Ii","mouza":"SYNTHETIC_MOUZA_005","plot":"SYN-005-0046","areaSqm":0,"real":false}},{"type":"Feature","geometry":{"type":"Polygon","coordinates":[[[87.807037,22.643652],[87.807037,22.648776],[87.812457,22.648776],[87.812457,22.643652],[87.807037,22.643652]]]},"properties":{"id":"SYN-ARAMBAGH-005-0047","block":"Khanakul - Ii","mouza":"SYNTHETIC_MOUZA_005","plot":"SYN-005-0047","areaSqm":0,"real":false}},{"type":"Feature","geometry":{"type":"Polygon","coordinates":[[[87.807037,22.648776],[87.807037,22.653901],[87.812457,22.653901],[87.812457,22.648776],[87.807037,22.648776]]]},"properties":{"id":"SYN-ARAMBAGH-005-0048","block":"Khanakul - Ii","mouza":"SYNTHETIC_MOUZA_005","plot":"SYN-005-0048","areaSqm":0,"real":false}},{"type":"Feature","geometry":{"type":"Polygon","coordinates":[[[87.807037,22.653901],[87.807037,22.659026],[87.812457,22.659026],[87.812457,22.653901],[87.807037,22.653901]]]},"properties":{"id":"SYN-ARAMBAGH-005-0049","block":"Khanakul - Ii","mouza":"SYNTHETIC_MOUZA_005","plot":"SYN-005-0049","areaSqm":0,"real":false}},{"type":"Feature","geometry":{"type":"Polygon","coordinates":[[[87.807037,22.659026],[87.807037,22.664151],[87.812457,22.664151],[87.812457,22.659026],[87.807037,22.659026]]]},"properties":{"id":"SYN-ARAMBAGH-005-0050","block":"Khanakul - Ii","mouza":"SYNTHETIC_MOUZA_005","plot":"SYN-005-0050","areaSqm":0,"real":false}},{"type":"Feature","geometry":{"type":"Polygon","coordinates":[[[87.807037,22.664151],[87.807037,22.669276],[87.812457,22.669276],[87.812457,22.664151],[87.807037,22.664151]]]},"properties":{"id":"SYN-ARAMBAGH-005-0051","block":"Khanakul - Ii","mouza":"SYNTHETIC_MOUZA_005","plot":"SYN-005-0051","areaSqm":0,"real":false}},{"type":"Feature","geometry":{"type":"Polygon","coordinates":[[[87.807037,22.669276],[87.807037,22.674401],[87.812457,22.674401],[87.812457,22.669276],[87.807037,22.669276]]]},"properties":{"id":"SYN-ARAMBAGH-005-0052","block":"Khanakul - Ii","mouza":"SYNTHETIC_MOUZA_005","plot":"SYN-005-0052","areaSqm":0,"real":false}},{"type":"Feature","geometry":{"type":"Polygon","coordinates":[[[87.807037,22.674401],[87.807037,22.679526],[87.812457,22.679526],[87.812457,22.674401],[87.807037,22.674401]]]},"properties":{"id":"SYN-ARAMBAGH-005-0053","block":"Khanakul - Ii","mouza":"SYNTHETIC_MOUZA_005","plot":"SYN-005-0053","areaSqm":0,"real":false}},{"type":"Feature","geometry":{"type":"Polygon","coordinates":[[[87.807037,22.679526],[87.807037,22.68465],[87.812457,22.68465],[87.812457,22.679526],[87.807037,22.679526]]]},"properties":{"id":"SYN-ARAMBAGH-005-0054","block":"Khanakul - Ii","mouza":"SYNTHETIC_MOUZA_005","plot":"SYN-005-0054","areaSqm":0,"real":false}},{"type":"Feature","geometry":{"type":"Polygon","coordinates":[[[87.807037,22.68465],[87.807037,22.689775],[87.812457,22.689775],[87.812457,22.68465],[87.807037,22.68465]]]},"properties":{"id":"SYN-ARAMBAGH-005-0055","block":"Khanakul - Ii","mouza":"SYNTHETIC_MOUZA_005","plot":"SYN-005-0055","areaSqm":0,"real":false}},{"type":"Feature","geometry":{"type":"Polygon","coordinates":[[[87.810242,22.691639],[87.812457,22.692779],[87.812457,22.689775],[87.807037,22.689775],[87.807037,22.691421],[87.810242,22.691639]]]},"properties":{"id":"SYN-ARAMBAGH-005-0056","block":"Khanakul - Ii","mouza":"SYNTHETIC_MOUZA_005","plot":"SYN-005-0056","areaSqm":0,"real":false}},{"type":"Feature","geometry":{"type":"Polygon","coordinates":[[[87.81649,22.616932],[87.816391,22.618027],[87.817877,22.618027],[87.817877,22.616162],[87.81649,22.616932]]]},"properties":{"id":"SYN-ARAMBAGH-005-0057","block":"Khanakul - Ii","mouza":"SYNTHETIC_MOUZA_005","plot":"SYN-005-0057","areaSqm":0,"real":false}},{"type":"Feature","geometry":{"type":"Polygon","coordinates":[[[87.815931,22.623152],[87.817877,22.623152],[87.817877,22.618027],[87.816391,22.618027],[87.815931,22.623152]]]},"properties":{"id":"SYN-ARAMBAGH-005-0058","block":"Khanakul - Ii","mouza":"SYNTHETIC_MOUZA_005","plot":"SYN-005-0058","areaSqm":0,"real":false}},{"type":"Feature","geometry":{"type":"Polygon","coordinates":[[[87.81547,22.628277],[87.817877,22.628277],[87.817877,22.623152],[87.815931,22.623152],[87.81547,22.628277]]]},"properties":{"id":"SYN-ARAMBAGH-005-0059","block":"Khanakul - Ii","mouza":"SYNTHETIC_MOUZA_005","plot":"SYN-005-0059","areaSqm":0,"real":false}},{"type":"Feature","geometry":{"type":"Polygon","coordinates":[[[87.815018,22.633301],[87.814455,22.633402],[87.817877,22.633402],[87.817877,22.628277],[87.81547,22.628277],[87.815018,22.633301]]]},"properties":{"id":"SYN-ARAMBAGH-005-0060","block":"Khanakul - Ii","mouza":"SYNTHETIC_MOUZA_005","plot":"SYN-005-0060","areaSqm":0,"real":false}},{"type":"Feature","geometry":{"type":"Polygon","coordinates":[[[87.812457,22.63376],[87.812457,22.638527],[87.817877,22.638527],[87.817877,22.633402],[87.814455,22.633402],[87.812457,22.63376]]]},"properties":{"id":"SYN-ARAMBAGH-005-0061","block":"Khanakul - Ii","mouza":"SYNTHETIC_MOUZA_005","plot":"SYN-005-0061","areaSqm":0,"real":false}},{"type":"Feature","geometry":{"type":"Polygon","coordinates":[[[87.812457,22.638527],[87.812457,22.643652],[87.817877,22.643652],[87.817877,22.638527],[87.812457,22.638527]]]},"properties":{"id":"SYN-ARAMBAGH-005-0062","block":"Khanakul - Ii","mouza":"SYNTHETIC_MOUZA_005","plot":"SYN-005-0062","areaSqm":0,"real":false}},{"type":"Feature","geometry":{"type":"Polygon","coordinates":[[[87.812457,22.643652],[87.812457,22.648776],[87.817877,22.648776],[87.817877,22.643652],[87.812457,22.643652]]]},"properties":{"id":"SYN-ARAMBAGH-005-0063","block":"Khanakul - Ii","mouza":"SYNTHETIC_MOUZA_005","plot":"SYN-005-0063","areaSqm":0,"real":false}},{"type":"Feature","geometry":{"type":"Polygon","coordinates":[[[87.812457,22.648776],[87.812457,22.653901],[87.817877,22.653901],[87.817877,22.648776],[87.812457,22.648776]]]},"properties":{"id":"SYN-ARAMBAGH-005-0064","block":"Khanakul - Ii","mouza":"SYNTHETIC_MOUZA_005","plot":"SYN-005-0064","areaSqm":0,"real":false}},{"type":"Feature","geometry":{"type":"Polygon","coordinates":[[[87.812457,22.653901],[87.812457,22.659026],[87.817877,22.659026],[87.817877,22.653901],[87.812457,22.653901]]]},"properties":{"id":"SYN-ARAMBAGH-005-0065","block":"Khanakul - Ii","mouza":"SYNTHETIC_MOUZA_005","plot":"SYN-005-0065","areaSqm":0,"real":false}},{"type":"Feature","geometry":{"type":"Polygon","coordinates":[[[87.812457,22.659026],[87.812457,22.664151],[87.817877,22.664151],[87.817877,22.659026],[87.812457,22.659026]]]},"properties":{"id":"SYN-ARAMBAGH-005-0066","block":"Khanakul - Ii","mouza":"SYNTHETIC_MOUZA_005","plot":"SYN-005-0066","areaSqm":0,"real":false}},{"type":"Feature","geometry":{"type":"Polygon","coordinates":[[[87.812457,22.664151],[87.812457,22.669276],[87.817877,22.669276],[87.817877,22.664151],[87.812457,22.664151]]]},"properties":{"id":"SYN-ARAMBAGH-005-0067","block":"Khanakul - Ii","mouza":"SYNTHETIC_MOUZA_005","plot":"SYN-005-0067","areaSqm":0,"real":false}},{"type":"Feature","geometry":{"type":"Polygon","coordinates":[[[87.812457,22.669276],[87.812457,22.674401],[87.817877,22.674401],[87.817877,22.669276],[87.812457,22.669276]]]},"properties":{"id":"SYN-ARAMBAGH-005-0068","block":"Khanakul - Ii","mouza":"SYNTHETIC_MOUZA_005","plot":"SYN-005-0068","areaSqm":0,"real":false}},{"type":"Feature","geometry":{"type":"Polygon","coordinates":[[[87.812457,22.674401],[87.812457,22.679526],[87.817877,22.679526],[87.817877,22.674401],[87.812457,22.674401]]]},"properties":{"id":"SYN-ARAMBAGH-005-0069","block":"Khanakul - Ii","mouza":"SYNTHETIC_MOUZA_005","plot":"SYN-005-0069","areaSqm":0,"real":false}},{"type":"Feature","geometry":{"type":"Polygon","coordinates":[[[87.812457,22.679526],[87.812457,22.68465],[87.817877,22.68465],[87.817877,22.679526],[87.812457,22.679526]]]},"properties":{"id":"SYN-ARAMBAGH-005-0070","block":"Khanakul - Ii","mouza":"SYNTHETIC_MOUZA_005","plot":"SYN-005-0070","areaSqm":0,"real":false}},{"type":"Feature","geometry":{"type":"Polygon","coordinates":[[[87.812457,22.68465],[87.812457,22.689775],[87.817877,22.689775],[87.817877,22.68465],[87.812457,22.68465]]]},"properties":{"id":"SYN-ARAMBAGH-005-0071","block":"Khanakul - Ii","mouza":"SYNTHETIC_MOUZA_005","plot":"SYN-005-0071","areaSqm":0,"real":false}},{"type":"Feature","geometry":{"type":"Polygon","coordinates":[[[87.814454,22.693808],[87.817877,22.692651],[87.817877,22.689775],[87.812457,22.689775],[87.812457,22.692779],[87.814454,22.693808]]]},"properties":{"id":"SYN-ARAMBAGH-005-0072","block":"Khanakul - Ii","mouza":"SYNTHETIC_MOUZA_005","plot":"SYN-005-0072","areaSqm":0,"real":false}},{"type":"Feature","geometry":{"type":"Polygon","coordinates":[[[87.820251,22.614843],[87.817877,22.616162],[87.817877,22.618027],[87.823297,22.618027],[87.823297,22.614897],[87.820251,22.614843]]]},"properties":{"id":"SYN-ARAMBAGH-005-0073","block":"Khanakul - Ii","mouza":"SYNTHETIC_MOUZA_005","plot":"SYN-005-0073","areaSqm":0,"real":false}},{"type":"Feature","geometry":{"type":"Polygon","coordinates":[[[87.817877,22.618027],[87.817877,22.623152],[87.823297,22.623152],[87.823297,22.618027],[87.817877,22.618027]]]},"properties":{"id":"SYN-ARAMBAGH-005-0074","block":"Khanakul - Ii","mouza":"SYNTHETIC_MOUZA_005","plot":"SYN-005-0074","areaSqm":0,"real":false}},{"type":"Feature","geometry":{"type":"Polygon","coordinates":[[[87.817877,22.623152],[87.817877,22.628277],[87.823297,22.628277],[87.823297,22.623152],[87.817877,22.623152]]]},"properties":{"id":"SYN-ARAMBAGH-005-0075","block":"Khanakul - Ii","mouza":"SYNTHETIC_MOUZA_005","plot":"SYN-005-0075","areaSqm":0,"real":false}},{"type":"Feature","geometry":{"type":"Polygon","coordinates":[[[87.817877,22.628277],[87.817877,22.633402],[87.823297,22.633402],[87.823297,22.628277],[87.817877,22.628277]]]},"properties":{"id":"SYN-ARAMBAGH-005-0076","block":"Khanakul - Ii","mouza":"SYNTHETIC_MOUZA_005","plot":"SYN-005-0076","areaSqm":0,"real":false}},{"type":"Feature","geometry":{"type":"Polygon","coordinates":[[[87.817877,22.633402],[87.817877,22.638527],[87.823297,22.638527],[87.823297,22.633402],[87.817877,22.633402]]]},"properties":{"id":"SYN-ARAMBAGH-005-0077","block":"Khanakul - Ii","mouza":"SYNTHETIC_MOUZA_005","plot":"SYN-005-0077","areaSqm":0,"real":false}},{"type":"Feature","geometry":{"type":"Polygon","coordinates":[[[87.817877,22.638527],[87.817877,22.643652],[87.823297,22.643652],[87.823297,22.638527],[87.817877,22.638527]]]},"properties":{"id":"SYN-ARAMBAGH-005-0078","block":"Khanakul - Ii","mouza":"SYNTHETIC_MOUZA_005","plot":"SYN-005-0078","areaSqm":0,"real":false}},{"type":"Feature","geometry":{"type":"Polygon","coordinates":[[[87.817877,22.643652],[87.817877,22.648776],[87.823297,22.648776],[87.823297,22.643652],[87.817877,22.643652]]]},"properties":{"id":"SYN-ARAMBAGH-005-0079","block":"Khanakul - Ii","mouza":"SYNTHETIC_MOUZA_005","plot":"SYN-005-0079","areaSqm":0,"real":false}},{"type":"Feature","geometry":{"type":"Polygon","coordinates":[[[87.817877,22.648776],[87.817877,22.653901],[87.823297,22.653901],[87.823297,22.648776],[87.817877,22.648776]]]},"properties":{"id":"SYN-ARAMBAGH-005-0080","block":"Khanakul - Ii","mouza":"SYNTHETIC_MOUZA_005","plot":"SYN-005-0080","areaSqm":0,"real":false}},{"type":"Feature","geometry":{"type":"Polygon","coordinates":[[[87.817877,22.653901],[87.817877,22.659026],[87.823297,22.659026],[87.823297,22.653901],[87.817877,22.653901]]]},"properties":{"id":"SYN-ARAMBAGH-005-0081","block":"Khanakul - Ii","mouza":"SYNTHETIC_MOUZA_005","plot":"SYN-005-0081","areaSqm":0,"real":false}},{"type":"Feature","geometry":{"type":"Polygon","coordinates":[[[87.817877,22.659026],[87.817877,22.664151],[87.823297,22.664151],[87.823297,22.659026],[87.817877,22.659026]]]},"properties":{"id":"SYN-ARAMBAGH-005-0082","block":"Khanakul - Ii","mouza":"SYNTHETIC_MOUZA_005","plot":"SYN-005-0082","areaSqm":0,"real":false}},{"type":"Feature","geometry":{"type":"Polygon","coordinates":[[[87.817877,22.664151],[87.817877,22.669276],[87.823297,22.669276],[87.823297,22.664151],[87.817877,22.664151]]]},"properties":{"id":"SYN-ARAMBAGH-005-0083","block":"Khanakul - Ii","mouza":"SYNTHETIC_MOUZA_005","plot":"SYN-005-0083","areaSqm":0,"real":false}},{"type":"Feature","geometry":{"type":"Polygon","coordinates":[[[87.817877,22.669276],[87.817877,22.674401],[87.823297,22.674401],[87.823297,22.669276],[87.817877,22.669276]]]},"properties":{"id":"SYN-ARAMBAGH-005-0084","block":"Khanakul - Ii","mouza":"SYNTHETIC_MOUZA_005","plot":"SYN-005-0084","areaSqm":0,"real":false}},{"type":"Feature","geometry":{"type":"Polygon","coordinates":[[[87.817877,22.674401],[87.817877,22.679526],[87.823297,22.679526],[87.823297,22.674401],[87.817877,22.674401]]]},"properties":{"id":"SYN-ARAMBAGH-005-0085","block":"Khanakul - Ii","mouza":"SYNTHETIC_MOUZA_005","plot":"SYN-005-0085","areaSqm":0,"real":false}},{"type":"Feature","geometry":{"type":"Polygon","coordinates":[[[87.817877,22.679526],[87.817877,22.68465],[87.823297,22.68465],[87.823297,22.679526],[87.817877,22.679526]]]},"properties":{"id":"SYN-ARAMBAGH-005-0086","block":"Khanakul - Ii","mouza":"SYNTHETIC_MOUZA_005","plot":"SYN-005-0086","areaSqm":0,"real":false}},{"type":"Feature","geometry":{"type":"Polygon","coordinates":[[[87.817877,22.68465],[87.817877,22.689775],[87.823297,22.689775],[87.823297,22.68465],[87.817877,22.68465]]]},"properties":{"id":"SYN-ARAMBAGH-005-0087","block":"Khanakul - Ii","mouza":"SYNTHETIC_MOUZA_005","plot":"SYN-005-0087","areaSqm":0,"real":false}},{"type":"Feature","geometry":{"type":"Polygon","coordinates":[[[87.823297,22.69082],[87.823297,22.689775],[87.817877,22.689775],[87.817877,22.692651],[87.823297,22.69082]]]},"properties":{"id":"SYN-ARAMBAGH-005-0088","block":"Khanakul - Ii","mouza":"SYNTHETIC_MOUZA_005","plot":"SYN-005-0088","areaSqm":0,"real":false}},{"type":"Feature","geometry":{"type":"Polygon","coordinates":[[[87.828684,22.612903],[87.828717,22.612903],[87.828717,22.612824],[87.828684,22.612903]]]},"properties":{"id":"SYN-ARAMBAGH-005-0089","block":"Khanakul - Ii","mouza":"SYNTHETIC_MOUZA_005","plot":"SYN-005-0089","areaSqm":0,"real":false}},{"type":"Feature","geometry":{"type":"Polygon","coordinates":[[[87.82782,22.614977],[87.823297,22.614897],[87.823297,22.618027],[87.828717,22.618027],[87.828717,22.612903],[87.828684,22.612903],[87.82782,22.614977]]]},"properties":{"id":"SYN-ARAMBAGH-005-0090","block":"Khanakul - Ii","mouza":"SYNTHETIC_MOUZA_005","plot":"SYN-005-0090","areaSqm":0,"real":false}},{"type":"Feature","geometry":{"type":"Polygon","coordinates":[[[87.823297,22.618027],[87.823297,22.623152],[87.828717,22.623152],[87.828717,22.618027],[87.823297,22.618027]]]},"properties":{"id":"SYN-ARAMBAGH-005-0091","block":"Khanakul - Ii","mouza":"SYNTHETIC_MOUZA_005","plot":"SYN-005-0091","areaSqm":0,"real":false}},{"type":"Feature","geometry":{"type":"Polygon","coordinates":[[[87.823297,22.623152],[87.823297,22.628277],[87.828717,22.628277],[87.828717,22.623152],[87.823297,22.623152]]]},"properties":{"id":"SYN-ARAMBAGH-005-0092","block":"Khanakul - Ii","mouza":"SYNTHETIC_MOUZA_005","plot":"SYN-005-0092","areaSqm":0,"real":false}},{"type":"Feature","geometry":{"type":"Polygon","coordinates":[[[87.823297,22.628277],[87.823297,22.633402],[87.828717,22.633402],[87.828717,22.628277],[87.823297,22.628277]]]},"properties":{"id":"SYN-ARAMBAGH-005-0093","block":"Khanakul - Ii","mouza":"SYNTHETIC_MOUZA_005","plot":"SYN-005-0093","areaSqm":0,"real":false}},{"type":"Feature","geometry":{"type":"Polygon","coordinates":[[[87.823297,22.633402],[87.823297,22.638527],[87.828717,22.638527],[87.828717,22.633402],[87.823297,22.633402]]]},"properties":{"id":"SYN-ARAMBAGH-005-0094","block":"Khanakul - Ii","mouza":"SYNTHETIC_MOUZA_005","plot":"SYN-005-0094","areaSqm":0,"real":false}},{"type":"Feature","geometry":{"type":"Polygon","coordinates":[[[87.823297,22.638527],[87.823297,22.643652],[87.828717,22.643652],[87.828717,22.638527],[87.823297,22.638527]]]},"properties":{"id":"SYN-ARAMBAGH-005-0095","block":"Khanakul - Ii","mouza":"SYNTHETIC_MOUZA_005","plot":"SYN-005-0095","areaSqm":0,"real":false}},{"type":"Feature","geometry":{"type":"Polygon","coordinates":[[[87.823297,22.643652],[87.823297,22.648776],[87.828717,22.648776],[87.828717,22.643652],[87.823297,22.643652]]]},"properties":{"id":"SYN-ARAMBAGH-005-0096","block":"Khanakul - Ii","mouza":"SYNTHETIC_MOUZA_005","plot":"SYN-005-0096","areaSqm":0,"real":false}},{"type":"Feature","geometry":{"type":"Polygon","coordinates":[[[87.823297,22.648776],[87.823297,22.653901],[87.828717,22.653901],[87.828717,22.648776],[87.823297,22.648776]]]},"properties":{"id":"SYN-ARAMBAGH-005-0097","block":"Khanakul - Ii","mouza":"SYNTHETIC_MOUZA_005","plot":"SYN-005-0097","areaSqm":0,"real":false}},{"type":"Feature","geometry":{"type":"Polygon","coordinates":[[[87.823297,22.653901],[87.823297,22.659026],[87.828717,22.659026],[87.828717,22.653901],[87.823297,22.653901]]]},"properties":{"id":"SYN-ARAMBAGH-005-0098","block":"Khanakul - Ii","mouza":"SYNTHETIC_MOUZA_005","plot":"SYN-005-0098","areaSqm":0,"real":false}},{"type":"Feature","geometry":{"type":"Polygon","coordinates":[[[87.823297,22.659026],[87.823297,22.664151],[87.828717,22.664151],[87.828717,22.659026],[87.823297,22.659026]]]},"properties":{"id":"SYN-ARAMBAGH-005-0099","block":"Khanakul - Ii","mouza":"SYNTHETIC_MOUZA_005","plot":"SYN-005-0099","areaSqm":0,"real":false}},{"type":"Feature","geometry":{"type":"Polygon","coordinates":[[[87.823297,22.664151],[87.823297,22.669276],[87.828717,22.669276],[87.828717,22.664151],[87.823297,22.664151]]]},"properties":{"id":"SYN-ARAMBAGH-005-0100","block":"Khanakul - Ii","mouza":"SYNTHETIC_MOUZA_005","plot":"SYN-005-0100","areaSqm":0,"real":false}},{"type":"Feature","geometry":{"type":"Polygon","coordinates":[[[87.823297,22.669276],[87.823297,22.674401],[87.828717,22.674401],[87.828717,22.669276],[87.823297,22.669276]]]},"properties":{"id":"SYN-ARAMBAGH-005-0101","block":"Khanakul - Ii","mouza":"SYNTHETIC_MOUZA_005","plot":"SYN-005-0101","areaSqm":0,"real":false}},{"type":"Feature","geometry":{"type":"Polygon","coordinates":[[[87.823297,22.674401],[87.823297,22.679526],[87.828717,22.679526],[87.828717,22.674401],[87.823297,22.674401]]]},"properties":{"id":"SYN-ARAMBAGH-005-0102","block":"Khanakul - Ii","mouza":"SYNTHETIC_MOUZA_005","plot":"SYN-005-0102","areaSqm":0,"real":false}},{"type":"Feature","geometry":{"type":"Polygon","coordinates":[[[87.823297,22.679526],[87.823297,22.68465],[87.828717,22.68465],[87.828717,22.679526],[87.823297,22.679526]]]},"properties":{"id":"SYN-ARAMBAGH-005-0103","block":"Khanakul - Ii","mouza":"SYNTHETIC_MOUZA_005","plot":"SYN-005-0103","areaSqm":0,"real":false}},{"type":"Feature","geometry":{"type":"Polygon","coordinates":[[[87.828717,22.688988],[87.828717,22.68465],[87.823297,22.68465],[87.823297,22.689775],[87.826387,22.689775],[87.828717,22.688988]]]},"properties":{"id":"SYN-ARAMBAGH-005-0104","block":"Khanakul - Ii","mouza":"SYNTHETIC_MOUZA_005","plot":"SYN-005-0104","areaSqm":0,"real":false}},{"type":"Feature","geometry":{"type":"Polygon","coordinates":[[[87.826387,22.689775],[87.823297,22.689775],[87.823297,22.69082],[87.826387,22.689775]]]},"properties":{"id":"SYN-ARAMBAGH-005-0105","block":"Khanakul - Ii","mouza":"SYNTHETIC_MOUZA_005","plot":"SYN-005-0105","areaSqm":0,"real":false}},{"type":"Feature","geometry":{"type":"Polygon","coordinates":[[[87.831977,22.607778],[87.834137,22.607778],[87.834137,22.606827],[87.831977,22.607778]]]},"properties":{"id":"SYN-ARAMBAGH-005-0106","block":"Khanakul - Ii","mouza":"SYNTHETIC_MOUZA_005","plot":"SYN-005-0106","areaSqm":0,"real":false}},{"type":"Feature","geometry":{"type":"Polygon","coordinates":[[[87.830559,22.608402],[87.828717,22.612824],[87.828717,22.612903],[87.834137,22.612903],[87.834137,22.607778],[87.831977,22.607778],[87.830559,22.608402]]]},"properties":{"id":"SYN-ARAMBAGH-005-0107","block":"Khanakul - Ii","mouza":"SYNTHETIC_MOUZA_005","plot":"SYN-005-0107","areaSqm":0,"real":false}},{"type":"Feature","geometry":{"type":"Polygon","coordinates":[[[87.828717,22.612903],[87.828717,22.618027],[87.834137,22.618027],[87.834137,22.612903],[87.828717,22.612903]]]},"properties":{"id":"SYN-ARAMBAGH-005-0108","block":"Khanakul - Ii","mouza":"SYNTHETIC_MOUZA_005","plot":"SYN-005-0108","areaSqm":0,"real":false}},{"type":"Feature","geometry":{"type":"Polygon","coordinates":[[[87.828717,22.618027],[87.828717,22.623152],[87.834137,22.623152],[87.834137,22.618027],[87.828717,22.618027]]]},"properties":{"id":"SYN-ARAMBAGH-005-0109","block":"Khanakul - Ii","mouza":"SYNTHETIC_MOUZA_005","plot":"SYN-005-0109","areaSqm":0,"real":false}},{"type":"Feature","geometry":{"type":"Polygon","coordinates":[[[87.828717,22.623152],[87.828717,22.628277],[87.834137,22.628277],[87.834137,22.623152],[87.828717,22.623152]]]},"properties":{"id":"SYN-ARAMBAGH-005-0110","block":"Khanakul - Ii","mouza":"SYNTHETIC_MOUZA_005","plot":"SYN-005-0110","areaSqm":0,"real":false}},{"type":"Feature","geometry":{"type":"Polygon","coordinates":[[[87.828717,22.628277],[87.828717,22.633402],[87.834137,22.633402],[87.834137,22.628277],[87.828717,22.628277]]]},"properties":{"id":"SYN-ARAMBAGH-005-0111","block":"Khanakul - Ii","mouza":"SYNTHETIC_MOUZA_005","plot":"SYN-005-0111","areaSqm":0,"real":false}},{"type":"Feature","geometry":{"type":"Polygon","coordinates":[[[87.828717,22.633402],[87.828717,22.638527],[87.834137,22.638527],[87.834137,22.633402],[87.828717,22.633402]]]},"properties":{"id":"SYN-ARAMBAGH-005-0112","block":"Khanakul - Ii","mouza":"SYNTHETIC_MOUZA_005","plot":"SYN-005-0112","areaSqm":0,"real":false}},{"type":"Feature","geometry":{"type":"Polygon","coordinates":[[[87.828717,22.638527],[87.828717,22.643652],[87.834137,22.643652],[87.834137,22.638527],[87.828717,22.638527]]]},"properties":{"id":"SYN-ARAMBAGH-005-0113","block":"Khanakul - Ii","mouza":"SYNTHETIC_MOUZA_005","plot":"SYN-005-0113","areaSqm":0,"real":false}},{"type":"Feature","geometry":{"type":"Polygon","coordinates":[[[87.828717,22.643652],[87.828717,22.648776],[87.834137,22.648776],[87.834137,22.643652],[87.828717,22.643652]]]},"properties":{"id":"SYN-ARAMBAGH-005-0114","block":"Khanakul - Ii","mouza":"SYNTHETIC_MOUZA_005","plot":"SYN-005-0114","areaSqm":0,"real":false}},{"type":"Feature","geometry":{"type":"Polygon","coordinates":[[[87.828717,22.648776],[87.828717,22.653901],[87.834137,22.653901],[87.834137,22.648776],[87.828717,22.648776]]]},"properties":{"id":"SYN-ARAMBAGH-005-0115","block":"Khanakul - Ii","mouza":"SYNTHETIC_MOUZA_005","plot":"SYN-005-0115","areaSqm":0,"real":false}},{"type":"Feature","geometry":{"type":"Polygon","coordinates":[[[87.828717,22.653901],[87.828717,22.659026],[87.834137,22.659026],[87.834137,22.653901],[87.828717,22.653901]]]},"properties":{"id":"SYN-ARAMBAGH-005-0116","block":"Khanakul - Ii","mouza":"SYNTHETIC_MOUZA_005","plot":"SYN-005-0116","areaSqm":0,"real":false}},{"type":"Feature","geometry":{"type":"Polygon","coordinates":[[[87.828717,22.659026],[87.828717,22.664151],[87.834137,22.664151],[87.834137,22.659026],[87.828717,22.659026]]]},"properties":{"id":"SYN-ARAMBAGH-005-0117","block":"Khanakul - Ii","mouza":"SYNTHETIC_MOUZA_005","plot":"SYN-005-0117","areaSqm":0,"real":false}},{"type":"Feature","geometry":{"type":"Polygon","coordinates":[[[87.828717,22.664151],[87.828717,22.669276],[87.834137,22.669276],[87.834137,22.664151],[87.828717,22.664151]]]},"properties":{"id":"SYN-ARAMBAGH-005-0118","block":"Khanakul - Ii","mouza":"SYNTHETIC_MOUZA_005","plot":"SYN-005-0118","areaSqm":0,"real":false}},{"type":"Feature","geometry":{"type":"Polygon","coordinates":[[[87.828717,22.669276],[87.828717,22.674401],[87.834137,22.674401],[87.834137,22.669276],[87.828717,22.669276]]]},"properties":{"id":"SYN-ARAMBAGH-005-0119","block":"Khanakul - Ii","mouza":"SYNTHETIC_MOUZA_005","plot":"SYN-005-0119","areaSqm":0,"real":false}},{"type":"Feature","geometry":{"type":"Polygon","coordinates":[[[87.828717,22.674401],[87.828717,22.679526],[87.834137,22.679526],[87.834137,22.674401],[87.828717,22.674401]]]},"properties":{"id":"SYN-ARAMBAGH-005-0120","block":"Khanakul - Ii","mouza":"SYNTHETIC_MOUZA_005","plot":"SYN-005-0120","areaSqm":0,"real":false}},{"type":"Feature","geometry":{"type":"Polygon","coordinates":[[[87.828717,22.679526],[87.828717,22.68465],[87.834137,22.68465],[87.834137,22.679526],[87.828717,22.679526]]]},"properties":{"id":"SYN-ARAMBAGH-005-0121","block":"Khanakul - Ii","mouza":"SYNTHETIC_MOUZA_005","plot":"SYN-005-0121","areaSqm":0,"real":false}},{"type":"Feature","geometry":{"type":"Polygon","coordinates":[[[87.82967,22.688666],[87.8299,22.689775],[87.834137,22.689775],[87.834137,22.68465],[87.828717,22.68465],[87.828717,22.688988],[87.82967,22.688666]]]},"properties":{"id":"SYN-ARAMBAGH-005-0122","block":"Khanakul - Ii","mouza":"SYNTHETIC_MOUZA_005","plot":"SYN-005-0122","areaSqm":0,"real":false}},{"type":"Feature","geometry":{"type":"Polygon","coordinates":[[[87.830401,22.692189],[87.834137,22.691443],[87.834137,22.689775],[87.8299,22.689775],[87.830401,22.692189]]]},"properties":{"id":"SYN-ARAMBAGH-005-0123","block":"Khanakul - Ii","mouza":"SYNTHETIC_MOUZA_005","plot":"SYN-005-0123","areaSqm":0,"real":false}},{"type":"Feature","geometry":{"type":"Polygon","coordinates":[[[87.838516,22.604898],[87.834137,22.606827],[87.834137,22.607778],[87.839557,22.607778],[87.839557,22.604677],[87.838516,22.604898]]]},"properties":{"id":"SYN-ARAMBAGH-005-0124","block":"Khanakul - Ii","mouza":"SYNTHETIC_MOUZA_005","plot":"SYN-005-0124","areaSqm":0,"real":false}},{"type":"Feature","geometry":{"type":"Polygon","coordinates":[[[87.834137,22.607778],[87.834137,22.612903],[87.839557,22.612903],[87.839557,22.607778],[87.834137,22.607778]]]},"properties":{"id":"SYN-ARAMBAGH-005-0125","block":"Khanakul - Ii","mouza":"SYNTHETIC_MOUZA_005","plot":"SYN-005-0125","areaSqm":0,"real":false}},{"type":"Feature","geometry":{"type":"Polygon","coordinates":[[[87.834137,22.612903],[87.834137,22.618027],[87.839557,22.618027],[87.839557,22.612903],[87.834137,22.612903]]]},"properties":{"id":"SYN-ARAMBAGH-005-0126","block":"Khanakul - Ii","mouza":"SYNTHETIC_MOUZA_005","plot":"SYN-005-0126","areaSqm":0,"real":false}},{"type":"Feature","geometry":{"type":"Polygon","coordinates":[[[87.834137,22.618027],[87.834137,22.623152],[87.839557,22.623152],[87.839557,22.618027],[87.834137,22.618027]]]},"properties":{"id":"SYN-ARAMBAGH-005-0127","block":"Khanakul - Ii","mouza":"SYNTHETIC_MOUZA_005","plot":"SYN-005-0127","areaSqm":0,"real":false}},{"type":"Feature","geometry":{"type":"Polygon","coordinates":[[[87.834137,22.623152],[87.834137,22.628277],[87.839557,22.628277],[87.839557,22.623152],[87.834137,22.623152]]]},"properties":{"id":"SYN-ARAMBAGH-005-0128","block":"Khanakul - Ii","mouza":"SYNTHETIC_MOUZA_005","plot":"SYN-005-0128","areaSqm":0,"real":false}},{"type":"Feature","geometry":{"type":"Polygon","coordinates":[[[87.834137,22.628277],[87.834137,22.633402],[87.839557,22.633402],[87.839557,22.628277],[87.834137,22.628277]]]},"properties":{"id":"SYN-ARAMBAGH-005-0129","block":"Khanakul - Ii","mouza":"SYNTHETIC_MOUZA_005","plot":"SYN-005-0129","areaSqm":0,"real":false}},{"type":"Feature","geometry":{"type":"Polygon","coordinates":[[[87.834137,22.633402],[87.834137,22.638527],[87.839557,22.638527],[87.839557,22.633402],[87.834137,22.633402]]]},"properties":{"id":"SYN-ARAMBAGH-005-0130","block":"Khanakul - Ii","mouza":"SYNTHETIC_MOUZA_005","plot":"SYN-005-0130","areaSqm":0,"real":false}},{"type":"Feature","geometry":{"type":"Polygon","coordinates":[[[87.834137,22.638527],[87.834137,22.643652],[87.839557,22.643652],[87.839557,22.638527],[87.834137,22.638527]]]},"properties":{"id":"SYN-ARAMBAGH-005-0131","block":"Khanakul - Ii","mouza":"SYNTHETIC_MOUZA_005","plot":"SYN-005-0131","areaSqm":0,"real":false}},{"type":"Feature","geometry":{"type":"Polygon","coordinates":[[[87.834137,22.643652],[87.834137,22.648776],[87.839557,22.648776],[87.839557,22.643652],[87.834137,22.643652]]]},"properties":{"id":"SYN-ARAMBAGH-005-0132","block":"Khanakul - Ii","mouza":"SYNTHETIC_MOUZA_005","plot":"SYN-005-0132","areaSqm":0,"real":false}},{"type":"Feature","geometry":{"type":"Polygon","coordinates":[[[87.834137,22.648776],[87.834137,22.653901],[87.839557,22.653901],[87.839557,22.648776],[87.834137,22.648776]]]},"properties":{"id":"SYN-ARAMBAGH-005-0133","block":"Khanakul - Ii","mouza":"SYNTHETIC_MOUZA_005","plot":"SYN-005-0133","areaSqm":0,"real":false}},{"type":"Feature","geometry":{"type":"Polygon","coordinates":[[[87.834137,22.653901],[87.834137,22.659026],[87.839557,22.659026],[87.839557,22.653901],[87.834137,22.653901]]]},"properties":{"id":"SYN-ARAMBAGH-005-0134","block":"Khanakul - Ii","mouza":"SYNTHETIC_MOUZA_005","plot":"SYN-005-0134","areaSqm":0,"real":false}},{"type":"Feature","geometry":{"type":"Polygon","coordinates":[[[87.834137,22.659026],[87.834137,22.664151],[87.839557,22.664151],[87.839557,22.659026],[87.834137,22.659026]]]},"properties":{"id":"SYN-ARAMBAGH-005-0135","block":"Khanakul - Ii","mouza":"SYNTHETIC_MOUZA_005","plot":"SYN-005-0135","areaSqm":0,"real":false}},{"type":"Feature","geometry":{"type":"Polygon","coordinates":[[[87.834137,22.664151],[87.834137,22.669276],[87.839557,22.669276],[87.839557,22.664151],[87.834137,22.664151]]]},"properties":{"id":"SYN-ARAMBAGH-005-0136","block":"Khanakul - Ii","mouza":"SYNTHETIC_MOUZA_005","plot":"SYN-005-0136","areaSqm":0,"real":false}},{"type":"Feature","geometry":{"type":"Polygon","coordinates":[[[87.834137,22.669276],[87.834137,22.674401],[87.839557,22.674401],[87.839557,22.669276],[87.834137,22.669276]]]},"properties":{"id":"SYN-ARAMBAGH-005-0137","block":"Khanakul - Ii","mouza":"SYNTHETIC_MOUZA_005","plot":"SYN-005-0137","areaSqm":0,"real":false}},{"type":"Feature","geometry":{"type":"Polygon","coordinates":[[[87.834137,22.674401],[87.834137,22.679526],[87.839557,22.679526],[87.839557,22.674401],[87.834137,22.674401]]]},"properties":{"id":"SYN-ARAMBAGH-005-0138","block":"Khanakul - Ii","mouza":"SYNTHETIC_MOUZA_005","plot":"SYN-005-0138","areaSqm":0,"real":false}},{"type":"Feature","geometry":{"type":"Polygon","coordinates":[[[87.834137,22.679526],[87.834137,22.68465],[87.839557,22.68465],[87.839557,22.679526],[87.834137,22.679526]]]},"properties":{"id":"SYN-ARAMBAGH-005-0139","block":"Khanakul - Ii","mouza":"SYNTHETIC_MOUZA_005","plot":"SYN-005-0139","areaSqm":0,"real":false}},{"type":"Feature","geometry":{"type":"Polygon","coordinates":[[[87.834137,22.68465],[87.834137,22.689775],[87.839557,22.689775],[87.839557,22.68465],[87.834137,22.68465]]]},"properties":{"id":"SYN-ARAMBAGH-005-0140","block":"Khanakul - Ii","mouza":"SYNTHETIC_MOUZA_005","plot":"SYN-005-0140","areaSqm":0,"real":false}},{"type":"Feature","geometry":{"type":"Polygon","coordinates":[[[87.839557,22.69036],[87.839557,22.689775],[87.834137,22.689775],[87.834137,22.691443],[87.839557,22.69036]]]},"properties":{"id":"SYN-ARAMBAGH-005-0141","block":"Khanakul - Ii","mouza":"SYNTHETIC_MOUZA_005","plot":"SYN-005-0141","areaSqm":0,"real":false}},{"type":"Feature","geometry":{"type":"Polygon","coordinates":[[[87.839557,22.604677],[87.839557,22.607778],[87.844976,22.607778],[87.844976,22.603528],[87.839557,22.604677]]]},"properties":{"id":"SYN-ARAMBAGH-005-0142","block":"Khanakul - Ii","mouza":"SYNTHETIC_MOUZA_005","plot":"SYN-005-0142","areaSqm":0,"real":false}},{"type":"Feature","geometry":{"type":"Polygon","coordinates":[[[87.839557,22.607778],[87.839557,22.612903],[87.844976,22.612903],[87.844976,22.607778],[87.839557,22.607778]]]},"properties":{"id":"SYN-ARAMBAGH-005-0143","block":"Khanakul - Ii","mouza":"SYNTHETIC_MOUZA_005","plot":"SYN-005-0143","areaSqm":0,"real":false}},{"type":"Feature","geometry":{"type":"Polygon","coordinates":[[[87.839557,22.612903],[87.839557,22.618027],[87.844976,22.618027],[87.844976,22.612903],[87.839557,22.612903]]]},"properties":{"id":"SYN-ARAMBAGH-005-0144","block":"Khanakul - Ii","mouza":"SYNTHETIC_MOUZA_005","plot":"SYN-005-0144","areaSqm":0,"real":false}},{"type":"Feature","geometry":{"type":"Polygon","coordinates":[[[87.839557,22.618027],[87.839557,22.623152],[87.844976,22.623152],[87.844976,22.618027],[87.839557,22.618027]]]},"properties":{"id":"SYN-ARAMBAGH-005-0145","block":"Khanakul - Ii","mouza":"SYNTHETIC_MOUZA_005","plot":"SYN-005-0145","areaSqm":0,"real":false}},{"type":"Feature","geometry":{"type":"Polygon","coordinates":[[[87.839557,22.623152],[87.839557,22.628277],[87.844976,22.628277],[87.844976,22.623152],[87.839557,22.623152]]]},"properties":{"id":"SYN-ARAMBAGH-005-0146","block":"Khanakul - Ii","mouza":"SYNTHETIC_MOUZA_005","plot":"SYN-005-0146","areaSqm":0,"real":false}},{"type":"Feature","geometry":{"type":"Polygon","coordinates":[[[87.839557,22.628277],[87.839557,22.633402],[87.844976,22.633402],[87.844976,22.628277],[87.839557,22.628277]]]},"properties":{"id":"SYN-ARAMBAGH-005-0147","block":"Khanakul - Ii","mouza":"SYNTHETIC_MOUZA_005","plot":"SYN-005-0147","areaSqm":0,"real":false}},{"type":"Feature","geometry":{"type":"Polygon","coordinates":[[[87.839557,22.633402],[87.839557,22.638527],[87.844976,22.638527],[87.844976,22.633402],[87.839557,22.633402]]]},"properties":{"id":"SYN-ARAMBAGH-005-0148","block":"Khanakul - Ii","mouza":"SYNTHETIC_MOUZA_005","plot":"SYN-005-0148","areaSqm":0,"real":false}},{"type":"Feature","geometry":{"type":"Polygon","coordinates":[[[87.839557,22.638527],[87.839557,22.643652],[87.844976,22.643652],[87.844976,22.638527],[87.839557,22.638527]]]},"properties":{"id":"SYN-ARAMBAGH-005-0149","block":"Khanakul - Ii","mouza":"SYNTHETIC_MOUZA_005","plot":"SYN-005-0149","areaSqm":0,"real":false}},{"type":"Feature","geometry":{"type":"Polygon","coordinates":[[[87.839557,22.643652],[87.839557,22.648776],[87.844976,22.648776],[87.844976,22.643652],[87.839557,22.643652]]]},"properties":{"id":"SYN-ARAMBAGH-005-0150","block":"Khanakul - Ii","mouza":"SYNTHETIC_MOUZA_005","plot":"SYN-005-0150","areaSqm":0,"real":false}},{"type":"Feature","geometry":{"type":"Polygon","coordinates":[[[87.839557,22.648776],[87.839557,22.653901],[87.844976,22.653901],[87.844976,22.648776],[87.839557,22.648776]]]},"properties":{"id":"SYN-ARAMBAGH-005-0151","block":"Khanakul - Ii","mouza":"SYNTHETIC_MOUZA_005","plot":"SYN-005-0151","areaSqm":0,"real":false}},{"type":"Feature","geometry":{"type":"Polygon","coordinates":[[[87.839557,22.653901],[87.839557,22.659026],[87.844976,22.659026],[87.844976,22.653901],[87.839557,22.653901]]]},"properties":{"id":"SYN-ARAMBAGH-005-0152","block":"Khanakul - Ii","mouza":"SYNTHETIC_MOUZA_005","plot":"SYN-005-0152","areaSqm":0,"real":false}},{"type":"Feature","geometry":{"type":"Polygon","coordinates":[[[87.839557,22.659026],[87.839557,22.664151],[87.844976,22.664151],[87.844976,22.659026],[87.839557,22.659026]]]},"properties":{"id":"SYN-ARAMBAGH-005-0153","block":"Khanakul - Ii","mouza":"SYNTHETIC_MOUZA_005","plot":"SYN-005-0153","areaSqm":0,"real":false}},{"type":"Feature","geometry":{"type":"Polygon","coordinates":[[[87.839557,22.664151],[87.839557,22.669276],[87.844976,22.669276],[87.844976,22.664151],[87.839557,22.664151]]]},"properties":{"id":"SYN-ARAMBAGH-005-0154","block":"Khanakul - Ii","mouza":"SYNTHETIC_MOUZA_005","plot":"SYN-005-0154","areaSqm":0,"real":false}},{"type":"Feature","geometry":{"type":"Polygon","coordinates":[[[87.839557,22.669276],[87.839557,22.674401],[87.844976,22.674401],[87.844976,22.669276],[87.839557,22.669276]]]},"properties":{"id":"SYN-ARAMBAGH-005-0155","block":"Khanakul - Ii","mouza":"SYNTHETIC_MOUZA_005","plot":"SYN-005-0155","areaSqm":0,"real":false}},{"type":"Feature","geometry":{"type":"Polygon","coordinates":[[[87.839557,22.674401],[87.839557,22.679526],[87.844976,22.679526],[87.844976,22.674401],[87.839557,22.674401]]]},"properties":{"id":"SYN-ARAMBAGH-005-0156","block":"Khanakul - Ii","mouza":"SYNTHETIC_MOUZA_005","plot":"SYN-005-0156","areaSqm":0,"real":false}},{"type":"Feature","geometry":{"type":"Polygon","coordinates":[[[87.839557,22.679526],[87.839557,22.68465],[87.844976,22.68465],[87.844976,22.679526],[87.839557,22.679526]]]},"properties":{"id":"SYN-ARAMBAGH-005-0157","block":"Khanakul - Ii","mouza":"SYNTHETIC_MOUZA_005","plot":"SYN-005-0157","areaSqm":0,"real":false}},{"type":"Feature","geometry":{"type":"Polygon","coordinates":[[[87.843717,22.689528],[87.844976,22.68889],[87.844976,22.68465],[87.839557,22.68465],[87.839557,22.689775],[87.84248,22.689775],[87.843717,22.689528]]]},"properties":{"id":"SYN-ARAMBAGH-005-0158","block":"Khanakul - Ii","mouza":"SYNTHETIC_MOUZA_005","plot":"SYN-005-0158","areaSqm":0,"real":false}},{"type":"Feature","geometry":{"type":"Polygon","coordinates":[[[87.84248,22.689775],[87.839557,22.689775],[87.839557,22.69036],[87.84248,22.689775]]]},"properties":{"id":"SYN-ARAMBAGH-005-0159","block":"Khanakul - Ii","mouza":"SYNTHETIC_MOUZA_005","plot":"SYN-005-0159","areaSqm":0,"real":false}},{"type":"Feature","geometry":{"type":"Polygon","coordinates":[[[87.849342,22.602602],[87.849102,22.602653],[87.850396,22.602653],[87.850396,22.60169],[87.849342,22.602602]]]},"properties":{"id":"SYN-ARAMBAGH-005-0160","block":"Khanakul - Ii","mouza":"SYNTHETIC_MOUZA_005","plot":"SYN-005-0160","areaSqm":0,"real":false}},{"type":"Feature","geometry":{"type":"Polygon","coordinates":[[[87.844976,22.603528],[87.844976,22.607778],[87.850396,22.607778],[87.850396,22.602653],[87.849102,22.602653],[87.844976,22.603528]]]},"properties":{"id":"SYN-ARAMBAGH-005-0161","block":"Khanakul - Ii","mouza":"SYNTHETIC_MOUZA_005","plot":"SYN-005-0161","areaSqm":0,"real":false}},{"type":"Feature","geometry":{"type":"Polygon","coordinates":[[[87.844976,22.607778],[87.844976,22.612903],[87.850396,22.612903],[87.850396,22.607778],[87.844976,22.607778]]]},"properties":{"id":"SYN-ARAMBAGH-005-0162","block":"Khanakul - Ii","mouza":"SYNTHETIC_MOUZA_005","plot":"SYN-005-0162","areaSqm":0,"real":false}},{"type":"Feature","geometry":{"type":"Polygon","coordinates":[[[87.844976,22.612903],[87.844976,22.618027],[87.850396,22.618027],[87.850396,22.612903],[87.844976,22.612903]]]},"properties":{"id":"SYN-ARAMBAGH-005-0163","block":"Khanakul - Ii","mouza":"SYNTHETIC_MOUZA_005","plot":"SYN-005-0163","areaSqm":0,"real":false}},{"type":"Feature","geometry":{"type":"Polygon","coordinates":[[[87.844976,22.618027],[87.844976,22.623152],[87.850396,22.623152],[87.850396,22.618027],[87.844976,22.618027]]]},"properties":{"id":"SYN-ARAMBAGH-005-0164","block":"Khanakul - Ii","mouza":"SYNTHETIC_MOUZA_005","plot":"SYN-005-0164","areaSqm":0,"real":false}},{"type":"Feature","geometry":{"type":"Polygon","coordinates":[[[87.844976,22.623152],[87.844976,22.628277],[87.850396,22.628277],[87.850396,22.623152],[87.844976,22.623152]]]},"properties":{"id":"SYN-ARAMBAGH-005-0165","block":"Khanakul - Ii","mouza":"SYNTHETIC_MOUZA_005","plot":"SYN-005-0165","areaSqm":0,"real":false}},{"type":"Feature","geometry":{"type":"Polygon","coordinates":[[[87.844976,22.628277],[87.844976,22.633402],[87.850396,22.633402],[87.850396,22.628277],[87.844976,22.628277]]]},"properties":{"id":"SYN-ARAMBAGH-005-0166","block":"Khanakul - Ii","mouza":"SYNTHETIC_MOUZA_005","plot":"SYN-005-0166","areaSqm":0,"real":false}},{"type":"Feature","geometry":{"type":"Polygon","coordinates":[[[87.844976,22.633402],[87.844976,22.638527],[87.850396,22.638527],[87.850396,22.633402],[87.844976,22.633402]]]},"properties":{"id":"SYN-ARAMBAGH-005-0167","block":"Khanakul - Ii","mouza":"SYNTHETIC_MOUZA_005","plot":"SYN-005-0167","areaSqm":0,"real":false}},{"type":"Feature","geometry":{"type":"Polygon","coordinates":[[[87.844976,22.638527],[87.844976,22.643652],[87.850396,22.643652],[87.850396,22.638527],[87.844976,22.638527]]]},"properties":{"id":"SYN-ARAMBAGH-005-0168","block":"Khanakul - Ii","mouza":"SYNTHETIC_MOUZA_005","plot":"SYN-005-0168","areaSqm":0,"real":false}},{"type":"Feature","geometry":{"type":"Polygon","coordinates":[[[87.844976,22.643652],[87.844976,22.648776],[87.850396,22.648776],[87.850396,22.643652],[87.844976,22.643652]]]},"properties":{"id":"SYN-ARAMBAGH-005-0169","block":"Khanakul - Ii","mouza":"SYNTHETIC_MOUZA_005","plot":"SYN-005-0169","areaSqm":0,"real":false}},{"type":"Feature","geometry":{"type":"Polygon","coordinates":[[[87.844976,22.648776],[87.844976,22.653901],[87.850396,22.653901],[87.850396,22.648776],[87.844976,22.648776]]]},"properties":{"id":"SYN-ARAMBAGH-005-0170","block":"Khanakul - Ii","mouza":"SYNTHETIC_MOUZA_005","plot":"SYN-005-0170","areaSqm":0,"real":false}},{"type":"Feature","geometry":{"type":"Polygon","coordinates":[[[87.844976,22.653901],[87.844976,22.659026],[87.850396,22.659026],[87.850396,22.653901],[87.844976,22.653901]]]},"properties":{"id":"SYN-ARAMBAGH-005-0171","block":"Khanakul - Ii","mouza":"SYNTHETIC_MOUZA_005","plot":"SYN-005-0171","areaSqm":0,"real":false}},{"type":"Feature","geometry":{"type":"Polygon","coordinates":[[[87.844976,22.659026],[87.844976,22.664151],[87.850396,22.664151],[87.850396,22.659026],[87.844976,22.659026]]]},"properties":{"id":"SYN-ARAMBAGH-005-0172","block":"Khanakul - Ii","mouza":"SYNTHETIC_MOUZA_005","plot":"SYN-005-0172","areaSqm":0,"real":false}},{"type":"Feature","geometry":{"type":"Polygon","coordinates":[[[87.844976,22.664151],[87.844976,22.669276],[87.850396,22.669276],[87.850396,22.664151],[87.844976,22.664151]]]},"properties":{"id":"SYN-ARAMBAGH-005-0173","block":"Khanakul - Ii","mouza":"SYNTHETIC_MOUZA_005","plot":"SYN-005-0173","areaSqm":0,"real":false}},{"type":"Feature","geometry":{"type":"Polygon","coordinates":[[[87.844976,22.669276],[87.844976,22.674401],[87.850396,22.674401],[87.850396,22.669276],[87.844976,22.669276]]]},"properties":{"id":"SYN-ARAMBAGH-005-0174","block":"Khanakul - Ii","mouza":"SYNTHETIC_MOUZA_005","plot":"SYN-005-0174","areaSqm":0,"real":false}},{"type":"Feature","geometry":{"type":"Polygon","coordinates":[[[87.844976,22.674401],[87.844976,22.679526],[87.850396,22.679526],[87.850396,22.674401],[87.844976,22.674401]]]},"properties":{"id":"SYN-ARAMBAGH-005-0175","block":"Khanakul - Ii","mouza":"SYNTHETIC_MOUZA_005","plot":"SYN-005-0175","areaSqm":0,"real":false}},{"type":"Feature","geometry":{"type":"Polygon","coordinates":[[[87.850054,22.682039],[87.850396,22.682066],[87.850396,22.679526],[87.844976,22.679526],[87.844976,22.68465],[87.849399,22.68465],[87.850054,22.682039]]]},"properties":{"id":"SYN-ARAMBAGH-005-0176","block":"Khanakul - Ii","mouza":"SYNTHETIC_MOUZA_005","plot":"SYN-005-0176","areaSqm":0,"real":false}},{"type":"Feature","geometry":{"type":"Polygon","coordinates":[[[87.848824,22.686942],[87.849399,22.68465],[87.844976,22.68465],[87.844976,22.68889],[87.848824,22.686942]]]},"properties":{"id":"SYN-ARAMBAGH-005-0177","block":"Khanakul - Ii","mouza":"SYNTHETIC_MOUZA_005","plot":"SYN-005-0177","areaSqm":0,"real":false}},{"type":"Feature","geometry":{"type":"Polygon","coordinates":[[[87.850396,22.60169],[87.850396,22.602653],[87.855816,22.602653],[87.855816,22.598475],[87.855209,22.597528],[87.850396,22.60169]]]},"properties":{"id":"SYN-ARAMBAGH-005-0178","block":"Khanakul - Ii","mouza":"SYNTHETIC_MOUZA_005","plot":"SYN-005-0178","areaSqm":0,"real":false}},{"type":"Feature","geometry":{"type":"Polygon","coordinates":[[[87.850396,22.602653],[87.850396,22.607778],[87.855816,22.607778],[87.855816,22.602653],[87.850396,22.602653]]]},"properties":{"id":"SYN-ARAMBAGH-005-0179","block":"Khanakul - Ii","mouza":"SYNTHETIC_MOUZA_005","plot":"SYN-005-0179","areaSqm":0,"real":false}},{"type":"Feature","geometry":{"type":"Polygon","coordinates":[[[87.850396,22.607778],[87.850396,22.612903],[87.855816,22.612903],[87.855816,22.607778],[87.850396,22.607778]]]},"properties":{"id":"SYN-ARAMBAGH-005-0180","block":"Khanakul - Ii","mouza":"SYNTHETIC_MOUZA_005","plot":"SYN-005-0180","areaSqm":0,"real":false}},{"type":"Feature","geometry":{"type":"Polygon","coordinates":[[[87.850396,22.612903],[87.850396,22.618027],[87.855816,22.618027],[87.855816,22.612903],[87.850396,22.612903]]]},"properties":{"id":"SYN-ARAMBAGH-005-0181","block":"Khanakul - Ii","mouza":"SYNTHETIC_MOUZA_005","plot":"SYN-005-0181","areaSqm":0,"real":false}},{"type":"Feature","geometry":{"type":"Polygon","coordinates":[[[87.850396,22.618027],[87.850396,22.623152],[87.855816,22.623152],[87.855816,22.618027],[87.850396,22.618027]]]},"properties":{"id":"SYN-ARAMBAGH-005-0182","block":"Khanakul - Ii","mouza":"SYNTHETIC_MOUZA_005","plot":"SYN-005-0182","areaSqm":0,"real":false}},{"type":"Feature","geometry":{"type":"Polygon","coordinates":[[[87.850396,22.623152],[87.850396,22.628277],[87.855816,22.628277],[87.855816,22.623152],[87.850396,22.623152]]]},"properties":{"id":"SYN-ARAMBAGH-005-0183","block":"Khanakul - Ii","mouza":"SYNTHETIC_MOUZA_005","plot":"SYN-005-0183","areaSqm":0,"real":false}},{"type":"Feature","geometry":{"type":"Polygon","coordinates":[[[87.850396,22.628277],[87.850396,22.633402],[87.855816,22.633402],[87.855816,22.628277],[87.850396,22.628277]]]},"properties":{"id":"SYN-ARAMBAGH-005-0184","block":"Khanakul - Ii","mouza":"SYNTHETIC_MOUZA_005","plot":"SYN-005-0184","areaSqm":0,"real":false}},{"type":"Feature","geometry":{"type":"Polygon","coordinates":[[[87.850396,22.633402],[87.850396,22.638527],[87.855816,22.638527],[87.855816,22.633402],[87.850396,22.633402]]]},"properties":{"id":"SYN-ARAMBAGH-005-0185","block":"Khanakul - Ii","mouza":"SYNTHETIC_MOUZA_005","plot":"SYN-005-0185","areaSqm":0,"real":false}},{"type":"Feature","geometry":{"type":"Polygon","coordinates":[[[87.850396,22.638527],[87.850396,22.643652],[87.855816,22.643652],[87.855816,22.638527],[87.850396,22.638527]]]},"properties":{"id":"SYN-ARAMBAGH-005-0186","block":"Khanakul - Ii","mouza":"SYNTHETIC_MOUZA_005","plot":"SYN-005-0186","areaSqm":0,"real":false}},{"type":"Feature","geometry":{"type":"Polygon","coordinates":[[[87.850396,22.643652],[87.850396,22.648776],[87.855816,22.648776],[87.855816,22.643652],[87.850396,22.643652]]]},"properties":{"id":"SYN-ARAMBAGH-005-0187","block":"Khanakul - Ii","mouza":"SYNTHETIC_MOUZA_005","plot":"SYN-005-0187","areaSqm":0,"real":false}},{"type":"Feature","geometry":{"type":"Polygon","coordinates":[[[87.850396,22.648776],[87.850396,22.653901],[87.855816,22.653901],[87.855816,22.648776],[87.850396,22.648776]]]},"properties":{"id":"SYN-ARAMBAGH-005-0188","block":"Khanakul - Ii","mouza":"SYNTHETIC_MOUZA_005","plot":"SYN-005-0188","areaSqm":0,"real":false}},{"type":"Feature","geometry":{"type":"Polygon","coordinates":[[[87.850396,22.653901],[87.850396,22.659026],[87.855816,22.659026],[87.855816,22.653901],[87.850396,22.653901]]]},"properties":{"id":"SYN-ARAMBAGH-005-0189","block":"Khanakul - Ii","mouza":"SYNTHETIC_MOUZA_005","plot":"SYN-005-0189","areaSqm":0,"real":false}},{"type":"Feature","geometry":{"type":"Polygon","coordinates":[[[87.850396,22.659026],[87.850396,22.664151],[87.855816,22.664151],[87.855816,22.659026],[87.850396,22.659026]]]},"properties":{"id":"SYN-ARAMBAGH-005-0190","block":"Khanakul - Ii","mouza":"SYNTHETIC_MOUZA_005","plot":"SYN-005-0190","areaSqm":0,"real":false}},{"type":"Feature","geometry":{"type":"Polygon","coordinates":[[[87.850396,22.664151],[87.850396,22.669276],[87.855816,22.669276],[87.855816,22.664151],[87.850396,22.664151]]]},"properties":{"id":"SYN-ARAMBAGH-005-0191","block":"Khanakul - Ii","mouza":"SYNTHETIC_MOUZA_005","plot":"SYN-005-0191","areaSqm":0,"real":false}},{"type":"Feature","geometry":{"type":"Polygon","coordinates":[[[87.850396,22.669276],[87.850396,22.674401],[87.855816,22.674401],[87.855816,22.669276],[87.850396,22.669276]]]},"properties":{"id":"SYN-ARAMBAGH-005-0192","block":"Khanakul - Ii","mouza":"SYNTHETIC_MOUZA_005","plot":"SYN-005-0192","areaSqm":0,"real":false}},{"type":"Feature","geometry":{"type":"Polygon","coordinates":[[[87.850396,22.674401],[87.850396,22.679526],[87.855816,22.679526],[87.855816,22.674401],[87.850396,22.674401]]]},"properties":{"id":"SYN-ARAMBAGH-005-0193","block":"Khanakul - Ii","mouza":"SYNTHETIC_MOUZA_005","plot":"SYN-005-0193","areaSqm":0,"real":false}},{"type":"Feature","geometry":{"type":"Polygon","coordinates":[[[87.855816,22.682485],[87.855816,22.679526],[87.850396,22.679526],[87.850396,22.682066],[87.855816,22.682485]]]},"properties":{"id":"SYN-ARAMBAGH-005-0194","block":"Khanakul - Ii","mouza":"SYNTHETIC_MOUZA_005","plot":"SYN-005-0194","areaSqm":0,"real":false}},{"type":"Feature","geometry":{"type":"Polygon","coordinates":[[[87.855816,22.598475],[87.855816,22.602653],[87.858495,22.602653],[87.855816,22.598475]]]},"properties":{"id":"SYN-ARAMBAGH-005-0195","block":"Khanakul - Ii","mouza":"SYNTHETIC_MOUZA_005","plot":"SYN-005-0195","areaSqm":0,"real":false}},{"type":"Feature","geometry":{"type":"Polygon","coordinates":[[[87.86051,22.605795],[87.858495,22.602653],[87.855816,22.602653],[87.855816,22.607778],[87.861236,22.607778],[87.861236,22.606129],[87.86051,22.605795]]]},"properties":{"id":"SYN-ARAMBAGH-005-0196","block":"Khanakul - Ii","mouza":"SYNTHETIC_MOUZA_005","plot":"SYN-005-0196","areaSqm":0,"real":false}},{"type":"Feature","geometry":{"type":"Polygon","coordinates":[[[87.855816,22.607778],[87.855816,22.612903],[87.861236,22.612903],[87.861236,22.607778],[87.855816,22.607778]]]},"properties":{"id":"SYN-ARAMBAGH-005-0197","block":"Khanakul - Ii","mouza":"SYNTHETIC_MOUZA_005","plot":"SYN-005-0197","areaSqm":0,"real":false}},{"type":"Feature","geometry":{"type":"Polygon","coordinates":[[[87.855816,22.612903],[87.855816,22.618027],[87.861236,22.618027],[87.861236,22.612903],[87.855816,22.612903]]]},"properties":{"id":"SYN-ARAMBAGH-005-0198","block":"Khanakul - Ii","mouza":"SYNTHETIC_MOUZA_005","plot":"SYN-005-0198","areaSqm":0,"real":false}},{"type":"Feature","geometry":{"type":"Polygon","coordinates":[[[87.855816,22.618027],[87.855816,22.623152],[87.861236,22.623152],[87.861236,22.618027],[87.855816,22.618027]]]},"properties":{"id":"SYN-ARAMBAGH-005-0199","block":"Khanakul - Ii","mouza":"SYNTHETIC_MOUZA_005","plot":"SYN-005-0199","areaSqm":0,"real":false}},{"type":"Feature","geometry":{"type":"Polygon","coordinates":[[[87.855816,22.623152],[87.855816,22.628277],[87.861236,22.628277],[87.861236,22.623152],[87.855816,22.623152]]]},"properties":{"id":"SYN-ARAMBAGH-005-0200","block":"Khanakul - Ii","mouza":"SYNTHETIC_MOUZA_005","plot":"SYN-005-0200","areaSqm":0,"real":false}},{"type":"Feature","geometry":{"type":"Polygon","coordinates":[[[87.855816,22.628277],[87.855816,22.633402],[87.861236,22.633402],[87.861236,22.628277],[87.855816,22.628277]]]},"properties":{"id":"SYN-ARAMBAGH-005-0201","block":"Khanakul - Ii","mouza":"SYNTHETIC_MOUZA_005","plot":"SYN-005-0201","areaSqm":0,"real":false}},{"type":"Feature","geometry":{"type":"Polygon","coordinates":[[[87.855816,22.633402],[87.855816,22.638527],[87.861236,22.638527],[87.861236,22.633402],[87.855816,22.633402]]]},"properties":{"id":"SYN-ARAMBAGH-005-0202","block":"Khanakul - Ii","mouza":"SYNTHETIC_MOUZA_005","plot":"SYN-005-0202","areaSqm":0,"real":false}},{"type":"Feature","geometry":{"type":"Polygon","coordinates":[[[87.855816,22.638527],[87.855816,22.643652],[87.861236,22.643652],[87.861236,22.638527],[87.855816,22.638527]]]},"properties":{"id":"SYN-ARAMBAGH-005-0203","block":"Khanakul - Ii","mouza":"SYNTHETIC_MOUZA_005","plot":"SYN-005-0203","areaSqm":0,"real":false}},{"type":"Feature","geometry":{"type":"Polygon","coordinates":[[[87.855816,22.643652],[87.855816,22.648776],[87.861236,22.648776],[87.861236,22.643652],[87.855816,22.643652]]]},"properties":{"id":"SYN-ARAMBAGH-005-0204","block":"Khanakul - Ii","mouza":"SYNTHETIC_MOUZA_005","plot":"SYN-005-0204","areaSqm":0,"real":false}},{"type":"Feature","geometry":{"type":"Polygon","coordinates":[[[87.855816,22.648776],[87.855816,22.653901],[87.861236,22.653901],[87.861236,22.648776],[87.855816,22.648776]]]},"properties":{"id":"SYN-ARAMBAGH-005-0205","block":"Khanakul - Ii","mouza":"SYNTHETIC_MOUZA_005","plot":"SYN-005-0205","areaSqm":0,"real":false}},{"type":"Feature","geometry":{"type":"Polygon","coordinates":[[[87.855816,22.653901],[87.855816,22.659026],[87.861236,22.659026],[87.861236,22.653901],[87.855816,22.653901]]]},"properties":{"id":"SYN-ARAMBAGH-005-0206","block":"Khanakul - Ii","mouza":"SYNTHETIC_MOUZA_005","plot":"SYN-005-0206","areaSqm":0,"real":false}},{"type":"Feature","geometry":{"type":"Polygon","coordinates":[[[87.855816,22.659026],[87.855816,22.664151],[87.861236,22.664151],[87.861236,22.659026],[87.855816,22.659026]]]},"properties":{"id":"SYN-ARAMBAGH-005-0207","block":"Khanakul - Ii","mouza":"SYNTHETIC_MOUZA_005","plot":"SYN-005-0207","areaSqm":0,"real":false}},{"type":"Feature","geometry":{"type":"Polygon","coordinates":[[[87.855816,22.664151],[87.855816,22.669276],[87.861236,22.669276],[87.861236,22.664151],[87.855816,22.664151]]]},"properties":{"id":"SYN-ARAMBAGH-005-0208","block":"Khanakul - Ii","mouza":"SYNTHETIC_MOUZA_005","plot":"SYN-005-0208","areaSqm":0,"real":false}},{"type":"Feature","geometry":{"type":"Polygon","coordinates":[[[87.855816,22.669276],[87.855816,22.674401],[87.861236,22.674401],[87.861236,22.669276],[87.855816,22.669276]]]},"properties":{"id":"SYN-ARAMBAGH-005-0209","block":"Khanakul - Ii","mouza":"SYNTHETIC_MOUZA_005","plot":"SYN-005-0209","areaSqm":0,"real":false}},{"type":"Feature","geometry":{"type":"Polygon","coordinates":[[[87.855816,22.674401],[87.855816,22.679526],[87.861236,22.679526],[87.861236,22.674401],[87.855816,22.674401]]]},"properties":{"id":"SYN-ARAMBAGH-005-0210","block":"Khanakul - Ii","mouza":"SYNTHETIC_MOUZA_005","plot":"SYN-005-0210","areaSqm":0,"real":false}},{"type":"Feature","geometry":{"type":"Polygon","coordinates":[[[87.861236,22.682904],[87.861236,22.679526],[87.855816,22.679526],[87.855816,22.682485],[87.861236,22.682904]]]},"properties":{"id":"SYN-ARAMBAGH-005-0211","block":"Khanakul - Ii","mouza":"SYNTHETIC_MOUZA_005","plot":"SYN-005-0211","areaSqm":0,"real":false}},{"type":"Feature","geometry":{"type":"Polygon","coordinates":[[[87.863221,22.607041],[87.861236,22.606129],[87.861236,22.607778],[87.866656,22.607778],[87.866656,22.606629],[87.863221,22.607041]]]},"properties":{"id":"SYN-ARAMBAGH-005-0212","block":"Khanakul - Ii","mouza":"SYNTHETIC_MOUZA_005","plot":"SYN-005-0212","areaSqm":0,"real":false}},{"type":"Feature","geometry":{"type":"Polygon","coordinates":[[[87.861236,22.607778],[87.861236,22.612903],[87.866656,22.612903],[87.866656,22.607778],[87.861236,22.607778]]]},"properties":{"id":"SYN-ARAMBAGH-005-0213","block":"Khanakul - Ii","mouza":"SYNTHETIC_MOUZA_005","plot":"SYN-005-0213","areaSqm":0,"real":false}},{"type":"Feature","geometry":{"type":"Polygon","coordinates":[[[87.861236,22.612903],[87.861236,22.618027],[87.866656,22.618027],[87.866656,22.612903],[87.861236,22.612903]]]},"properties":{"id":"SYN-ARAMBAGH-005-0214","block":"Khanakul - Ii","mouza":"SYNTHETIC_MOUZA_005","plot":"SYN-005-0214","areaSqm":0,"real":false}},{"type":"Feature","geometry":{"type":"Polygon","coordinates":[[[87.861236,22.618027],[87.861236,22.623152],[87.866656,22.623152],[87.866656,22.618027],[87.861236,22.618027]]]},"properties":{"id":"SYN-ARAMBAGH-005-0215","block":"Khanakul - Ii","mouza":"SYNTHETIC_MOUZA_005","plot":"SYN-005-0215","areaSqm":0,"real":false}},{"type":"Feature","geometry":{"type":"Polygon","coordinates":[[[87.861236,22.623152],[87.861236,22.628277],[87.866656,22.628277],[87.866656,22.623152],[87.861236,22.623152]]]},"properties":{"id":"SYN-ARAMBAGH-005-0216","block":"Khanakul - Ii","mouza":"SYNTHETIC_MOUZA_005","plot":"SYN-005-0216","areaSqm":0,"real":false}},{"type":"Feature","geometry":{"type":"Polygon","coordinates":[[[87.861236,22.628277],[87.861236,22.633402],[87.866656,22.633402],[87.866656,22.628277],[87.861236,22.628277]]]},"properties":{"id":"SYN-ARAMBAGH-005-0217","block":"Khanakul - Ii","mouza":"SYNTHETIC_MOUZA_005","plot":"SYN-005-0217","areaSqm":0,"real":false}},{"type":"Feature","geometry":{"type":"Polygon","coordinates":[[[87.861236,22.633402],[87.861236,22.638527],[87.866656,22.638527],[87.866656,22.633402],[87.861236,22.633402]]]},"properties":{"id":"SYN-ARAMBAGH-005-0218","block":"Khanakul - Ii","mouza":"SYNTHETIC_MOUZA_005","plot":"SYN-005-0218","areaSqm":0,"real":false}},{"type":"Feature","geometry":{"type":"Polygon","coordinates":[[[87.861236,22.638527],[87.861236,22.643652],[87.866656,22.643652],[87.866656,22.638527],[87.861236,22.638527]]]},"properties":{"id":"SYN-ARAMBAGH-005-0219","block":"Khanakul - Ii","mouza":"SYNTHETIC_MOUZA_005","plot":"SYN-005-0219","areaSqm":0,"real":false}},{"type":"Feature","geometry":{"type":"Polygon","coordinates":[[[87.861236,22.643652],[87.861236,22.648776],[87.866656,22.648776],[87.866656,22.643652],[87.861236,22.643652]]]},"properties":{"id":"SYN-ARAMBAGH-005-0220","block":"Khanakul - Ii","mouza":"SYNTHETIC_MOUZA_005","plot":"SYN-005-0220","areaSqm":0,"real":false}},{"type":"Feature","geometry":{"type":"Polygon","coordinates":[[[87.861236,22.648776],[87.861236,22.653901],[87.866656,22.653901],[87.866656,22.648776],[87.861236,22.648776]]]},"properties":{"id":"SYN-ARAMBAGH-005-0221","block":"Khanakul - Ii","mouza":"SYNTHETIC_MOUZA_005","plot":"SYN-005-0221","areaSqm":0,"real":false}},{"type":"Feature","geometry":{"type":"Polygon","coordinates":[[[87.861236,22.653901],[87.861236,22.659026],[87.866656,22.659026],[87.866656,22.653901],[87.861236,22.653901]]]},"properties":{"id":"SYN-ARAMBAGH-005-0222","block":"Khanakul - Ii","mouza":"SYNTHETIC_MOUZA_005","plot":"SYN-005-0222","areaSqm":0,"real":false}},{"type":"Feature","geometry":{"type":"Polygon","coordinates":[[[87.861236,22.659026],[87.861236,22.664151],[87.866656,22.664151],[87.866656,22.659026],[87.861236,22.659026]]]},"properties":{"id":"SYN-ARAMBAGH-005-0223","block":"Khanakul - Ii","mouza":"SYNTHETIC_MOUZA_005","plot":"SYN-005-0223","areaSqm":0,"real":false}},{"type":"Feature","geometry":{"type":"Polygon","coordinates":[[[87.861236,22.664151],[87.861236,22.669276],[87.866656,22.669276],[87.866656,22.664151],[87.861236,22.664151]]]},"properties":{"id":"SYN-ARAMBAGH-005-0224","block":"Khanakul - Ii","mouza":"SYNTHETIC_MOUZA_005","plot":"SYN-005-0224","areaSqm":0,"real":false}},{"type":"Feature","geometry":{"type":"Polygon","coordinates":[[[87.861236,22.669276],[87.861236,22.674401],[87.866656,22.674401],[87.866656,22.669276],[87.861236,22.669276]]]},"properties":{"id":"SYN-ARAMBAGH-005-0225","block":"Khanakul - Ii","mouza":"SYNTHETIC_MOUZA_005","plot":"SYN-005-0225","areaSqm":0,"real":false}},{"type":"Feature","geometry":{"type":"Polygon","coordinates":[[[87.861236,22.674401],[87.861236,22.679526],[87.866656,22.679526],[87.866656,22.674401],[87.861236,22.674401]]]},"properties":{"id":"SYN-ARAMBAGH-005-0226","block":"Khanakul - Ii","mouza":"SYNTHETIC_MOUZA_005","plot":"SYN-005-0226","areaSqm":0,"real":false}},{"type":"Feature","geometry":{"type":"Polygon","coordinates":[[[87.861281,22.682907],[87.862341,22.68465],[87.866656,22.68465],[87.866656,22.679526],[87.861236,22.679526],[87.861236,22.682904],[87.861281,22.682907]]]},"properties":{"id":"SYN-ARAMBAGH-005-0227","block":"Khanakul - Ii","mouza":"SYNTHETIC_MOUZA_005","plot":"SYN-005-0227","areaSqm":0,"real":false}},{"type":"Feature","geometry":{"type":"Polygon","coordinates":[[[87.86369,22.686867],[87.866656,22.686702],[87.866656,22.68465],[87.862341,22.68465],[87.86369,22.686867]]]},"properties":{"id":"SYN-ARAMBAGH-005-0228","block":"Khanakul - Ii","mouza":"SYNTHETIC_MOUZA_005","plot":"SYN-005-0228","areaSqm":0,"real":false}},{"type":"Feature","geometry":{"type":"Polygon","coordinates":[[[87.866656,22.606629],[87.866656,22.607778],[87.872076,22.607778],[87.872076,22.605978],[87.866656,22.606629]]]},"properties":{"id":"SYN-ARAMBAGH-005-0229","block":"Khanakul - Ii","mouza":"SYNTHETIC_MOUZA_005","plot":"SYN-005-0229","areaSqm":0,"real":false}},{"type":"Feature","geometry":{"type":"Polygon","coordinates":[[[87.866656,22.607778],[87.866656,22.612903],[87.872076,22.612903],[87.872076,22.607778],[87.866656,22.607778]]]},"properties":{"id":"SYN-ARAMBAGH-005-0230","block":"Khanakul - Ii","mouza":"SYNTHETIC_MOUZA_005","plot":"SYN-005-0230","areaSqm":0,"real":false}},{"type":"Feature","geometry":{"type":"Polygon","coordinates":[[[87.866656,22.612903],[87.866656,22.618027],[87.872076,22.618027],[87.872076,22.612903],[87.866656,22.612903]]]},"properties":{"id":"SYN-ARAMBAGH-005-0231","block":"Khanakul - Ii","mouza":"SYNTHETIC_MOUZA_005","plot":"SYN-005-0231","areaSqm":0,"real":false}},{"type":"Feature","geometry":{"type":"Polygon","coordinates":[[[87.866656,22.618027],[87.866656,22.623152],[87.872076,22.623152],[87.872076,22.618027],[87.866656,22.618027]]]},"properties":{"id":"SYN-ARAMBAGH-005-0232","block":"Khanakul - Ii","mouza":"SYNTHETIC_MOUZA_005","plot":"SYN-005-0232","areaSqm":0,"real":false}},{"type":"Feature","geometry":{"type":"Polygon","coordinates":[[[87.866656,22.623152],[87.866656,22.628277],[87.872076,22.628277],[87.872076,22.623152],[87.866656,22.623152]]]},"properties":{"id":"SYN-ARAMBAGH-005-0233","block":"Khanakul - Ii","mouza":"SYNTHETIC_MOUZA_005","plot":"SYN-005-0233","areaSqm":0,"real":false}},{"type":"Feature","geometry":{"type":"Polygon","coordinates":[[[87.866656,22.628277],[87.866656,22.633402],[87.872076,22.633402],[87.872076,22.628277],[87.866656,22.628277]]]},"properties":{"id":"SYN-ARAMBAGH-005-0234","block":"Khanakul - Ii","mouza":"SYNTHETIC_MOUZA_005","plot":"SYN-005-0234","areaSqm":0,"real":false}},{"type":"Feature","geometry":{"type":"Polygon","coordinates":[[[87.866656,22.633402],[87.866656,22.638527],[87.872076,22.638527],[87.872076,22.633402],[87.866656,22.633402]]]},"properties":{"id":"SYN-ARAMBAGH-005-0235","block":"Khanakul - Ii","mouza":"SYNTHETIC_MOUZA_005","plot":"SYN-005-0235","areaSqm":0,"real":false}},{"type":"Feature","geometry":{"type":"Polygon","coordinates":[[[87.866656,22.638527],[87.866656,22.643652],[87.872076,22.643652],[87.872076,22.638527],[87.866656,22.638527]]]},"properties":{"id":"SYN-ARAMBAGH-005-0236","block":"Khanakul - Ii","mouza":"SYNTHETIC_MOUZA_005","plot":"SYN-005-0236","areaSqm":0,"real":false}},{"type":"Feature","geometry":{"type":"Polygon","coordinates":[[[87.866656,22.643652],[87.866656,22.648776],[87.872076,22.648776],[87.872076,22.643652],[87.866656,22.643652]]]},"properties":{"id":"SYN-ARAMBAGH-005-0237","block":"Khanakul - Ii","mouza":"SYNTHETIC_MOUZA_005","plot":"SYN-005-0237","areaSqm":0,"real":false}},{"type":"Feature","geometry":{"type":"Polygon","coordinates":[[[87.866656,22.648776],[87.866656,22.653901],[87.872076,22.653901],[87.872076,22.648776],[87.866656,22.648776]]]},"properties":{"id":"SYN-ARAMBAGH-005-0238","block":"Khanakul - Ii","mouza":"SYNTHETIC_MOUZA_005","plot":"SYN-005-0238","areaSqm":0,"real":false}},{"type":"Feature","geometry":{"type":"Polygon","coordinates":[[[87.866656,22.653901],[87.866656,22.659026],[87.872076,22.659026],[87.872076,22.653901],[87.866656,22.653901]]]},"properties":{"id":"SYN-ARAMBAGH-005-0239","block":"Khanakul - Ii","mouza":"SYNTHETIC_MOUZA_005","plot":"SYN-005-0239","areaSqm":0,"real":false}},{"type":"Feature","geometry":{"type":"Polygon","coordinates":[[[87.866656,22.659026],[87.866656,22.664151],[87.872076,22.664151],[87.872076,22.659026],[87.866656,22.659026]]]},"properties":{"id":"SYN-ARAMBAGH-005-0240","block":"Khanakul - Ii","mouza":"SYNTHETIC_MOUZA_005","plot":"SYN-005-0240","areaSqm":0,"real":false}},{"type":"Feature","geometry":{"type":"Polygon","coordinates":[[[87.866656,22.664151],[87.866656,22.669276],[87.872076,22.669276],[87.872076,22.664151],[87.866656,22.664151]]]},"properties":{"id":"SYN-ARAMBAGH-005-0241","block":"Khanakul - Ii","mouza":"SYNTHETIC_MOUZA_005","plot":"SYN-005-0241","areaSqm":0,"real":false}},{"type":"Feature","geometry":{"type":"Polygon","coordinates":[[[87.866656,22.669276],[87.866656,22.674401],[87.872076,22.674401],[87.872076,22.669276],[87.866656,22.669276]]]},"properties":{"id":"SYN-ARAMBAGH-005-0242","block":"Khanakul - Ii","mouza":"SYNTHETIC_MOUZA_005","plot":"SYN-005-0242","areaSqm":0,"real":false}},{"type":"Feature","geometry":{"type":"Polygon","coordinates":[[[87.866656,22.674401],[87.866656,22.679526],[87.872076,22.679526],[87.872076,22.674401],[87.866656,22.674401]]]},"properties":{"id":"SYN-ARAMBAGH-005-0243","block":"Khanakul - Ii","mouza":"SYNTHETIC_MOUZA_005","plot":"SYN-005-0243","areaSqm":0,"real":false}},{"type":"Feature","geometry":{"type":"Polygon","coordinates":[[[87.866656,22.679526],[87.866656,22.68465],[87.872076,22.68465],[87.872076,22.679526],[87.866656,22.679526]]]},"properties":{"id":"SYN-ARAMBAGH-005-0244","block":"Khanakul - Ii","mouza":"SYNTHETIC_MOUZA_005","plot":"SYN-005-0244","areaSqm":0,"real":false}},{"type":"Feature","geometry":{"type":"Polygon","coordinates":[[[87.871241,22.686446],[87.872075,22.689775],[87.872076,22.689775],[87.872076,22.68465],[87.866656,22.68465],[87.866656,22.686702],[87.871241,22.686446]]]},"properties":{"id":"SYN-ARAMBAGH-005-0245","block":"Khanakul - Ii","mouza":"SYNTHETIC_MOUZA_005","plot":"SYN-005-0245","areaSqm":0,"real":false}},{"type":"Feature","geometry":{"type":"Polygon","coordinates":[[[87.877034,22.602653],[87.877496,22.602653],[87.877496,22.601947],[87.877034,22.602653]]]},"properties":{"id":"SYN-ARAMBAGH-005-0246","block":"Khanakul - Ii","mouza":"SYNTHETIC_MOUZA_005","plot":"SYN-005-0246","areaSqm":0,"real":false}},{"type":"Feature","geometry":{"type":"Polygon","coordinates":[[[87.875096,22.605615],[87.872076,22.605978],[87.872076,22.607778],[87.877496,22.607778],[87.877496,22.602653],[87.877034,22.602653],[87.875096,22.605615]]]},"properties":{"id":"SYN-ARAMBAGH-005-0247","block":"Khanakul - Ii","mouza":"SYNTHETIC_MOUZA_005","plot":"SYN-005-0247","areaSqm":0,"real":false}},{"type":"Feature","geometry":{"type":"Polygon","coordinates":[[[87.872076,22.607778],[87.872076,22.612903],[87.877496,22.612903],[87.877496,22.607778],[87.872076,22.607778]]]},"properties":{"id":"SYN-ARAMBAGH-005-0248","block":"Khanakul - Ii","mouza":"SYNTHETIC_MOUZA_005","plot":"SYN-005-0248","areaSqm":0,"real":false}},{"type":"Feature","geometry":{"type":"Polygon","coordinates":[[[87.872076,22.612903],[87.872076,22.618027],[87.877496,22.618027],[87.877496,22.612903],[87.872076,22.612903]]]},"properties":{"id":"SYN-ARAMBAGH-005-0249","block":"Khanakul - Ii","mouza":"SYNTHETIC_MOUZA_005","plot":"SYN-005-0249","areaSqm":0,"real":false}},{"type":"Feature","geometry":{"type":"Polygon","coordinates":[[[87.872076,22.618027],[87.872076,22.623152],[87.877496,22.623152],[87.877496,22.618027],[87.872076,22.618027]]]},"properties":{"id":"SYN-ARAMBAGH-005-0250","block":"Khanakul - Ii","mouza":"SYNTHETIC_MOUZA_005","plot":"SYN-005-0250","areaSqm":0,"real":false}},{"type":"Feature","geometry":{"type":"Polygon","coordinates":[[[87.872076,22.623152],[87.872076,22.628277],[87.877496,22.628277],[87.877496,22.623152],[87.872076,22.623152]]]},"properties":{"id":"SYN-ARAMBAGH-005-0251","block":"Khanakul - Ii","mouza":"SYNTHETIC_MOUZA_005","plot":"SYN-005-0251","areaSqm":0,"real":false}},{"type":"Feature","geometry":{"type":"Polygon","coordinates":[[[87.872076,22.628277],[87.872076,22.633402],[87.877496,22.633402],[87.877496,22.628277],[87.872076,22.628277]]]},"properties":{"id":"SYN-ARAMBAGH-005-0252","block":"Khanakul - Ii","mouza":"SYNTHETIC_MOUZA_005","plot":"SYN-005-0252","areaSqm":0,"real":false}},{"type":"Feature","geometry":{"type":"Polygon","coordinates":[[[87.872076,22.633402],[87.872076,22.638527],[87.877496,22.638527],[87.877496,22.633402],[87.872076,22.633402]]]},"properties":{"id":"SYN-ARAMBAGH-005-0253","block":"Khanakul - Ii","mouza":"SYNTHETIC_MOUZA_005","plot":"SYN-005-0253","areaSqm":0,"real":false}},{"type":"Feature","geometry":{"type":"Polygon","coordinates":[[[87.872076,22.638527],[87.872076,22.643652],[87.877496,22.643652],[87.877496,22.638527],[87.872076,22.638527]]]},"properties":{"id":"SYN-ARAMBAGH-005-0254","block":"Khanakul - Ii","mouza":"SYNTHETIC_MOUZA_005","plot":"SYN-005-0254","areaSqm":0,"real":false}},{"type":"Feature","geometry":{"type":"Polygon","coordinates":[[[87.872076,22.643652],[87.872076,22.648776],[87.877496,22.648776],[87.877496,22.643652],[87.872076,22.643652]]]},"properties":{"id":"SYN-ARAMBAGH-005-0255","block":"Khanakul - Ii","mouza":"SYNTHETIC_MOUZA_005","plot":"SYN-005-0255","areaSqm":0,"real":false}},{"type":"Feature","geometry":{"type":"Polygon","coordinates":[[[87.872076,22.648776],[87.872076,22.653901],[87.877496,22.653901],[87.877496,22.648776],[87.872076,22.648776]]]},"properties":{"id":"SYN-ARAMBAGH-005-0256","block":"Khanakul - Ii","mouza":"SYNTHETIC_MOUZA_005","plot":"SYN-005-0256","areaSqm":0,"real":false}},{"type":"Feature","geometry":{"type":"Polygon","coordinates":[[[87.872076,22.653901],[87.872076,22.659026],[87.877496,22.659026],[87.877496,22.653901],[87.872076,22.653901]]]},"properties":{"id":"SYN-ARAMBAGH-005-0257","block":"Khanakul - Ii","mouza":"SYNTHETIC_MOUZA_005","plot":"SYN-005-0257","areaSqm":0,"real":false}},{"type":"Feature","geometry":{"type":"Polygon","coordinates":[[[87.872076,22.659026],[87.872076,22.664151],[87.877496,22.664151],[87.877496,22.659026],[87.872076,22.659026]]]},"properties":{"id":"SYN-ARAMBAGH-005-0258","block":"Khanakul - Ii","mouza":"SYNTHETIC_MOUZA_005","plot":"SYN-005-0258","areaSqm":0,"real":false}},{"type":"Feature","geometry":{"type":"Polygon","coordinates":[[[87.872076,22.664151],[87.872076,22.669276],[87.877496,22.669276],[87.877496,22.664151],[87.872076,22.664151]]]},"properties":{"id":"SYN-ARAMBAGH-005-0259","block":"Khanakul - Ii","mouza":"SYNTHETIC_MOUZA_005","plot":"SYN-005-0259","areaSqm":0,"real":false}},{"type":"Feature","geometry":{"type":"Polygon","coordinates":[[[87.872076,22.669276],[87.872076,22.674401],[87.877496,22.674401],[87.877496,22.669276],[87.872076,22.669276]]]},"properties":{"id":"SYN-ARAMBAGH-005-0260","block":"Khanakul - Ii","mouza":"SYNTHETIC_MOUZA_005","plot":"SYN-005-0260","areaSqm":0,"real":false}},{"type":"Feature","geometry":{"type":"Polygon","coordinates":[[[87.872076,22.674401],[87.872076,22.679526],[87.877496,22.679526],[87.877496,22.674401],[87.872076,22.674401]]]},"properties":{"id":"SYN-ARAMBAGH-005-0261","block":"Khanakul - Ii","mouza":"SYNTHETIC_MOUZA_005","plot":"SYN-005-0261","areaSqm":0,"real":false}},{"type":"Feature","geometry":{"type":"Polygon","coordinates":[[[87.872076,22.679526],[87.872076,22.68465],[87.877496,22.68465],[87.877496,22.679526],[87.872076,22.679526]]]},"properties":{"id":"SYN-ARAMBAGH-005-0262","block":"Khanakul - Ii","mouza":"SYNTHETIC_MOUZA_005","plot":"SYN-005-0262","areaSqm":0,"real":false}},{"type":"Feature","geometry":{"type":"Polygon","coordinates":[[[87.872076,22.68465],[87.872076,22.689775],[87.877496,22.689775],[87.877496,22.68465],[87.872076,22.68465]]]},"properties":{"id":"SYN-ARAMBAGH-005-0263","block":"Khanakul - Ii","mouza":"SYNTHETIC_MOUZA_005","plot":"SYN-005-0263","areaSqm":0,"real":false}},{"type":"Feature","geometry":{"type":"Polygon","coordinates":[[[87.873359,22.6949],[87.877496,22.6949],[87.877496,22.689775],[87.872076,22.689775],[87.872076,22.689781],[87.873359,22.6949]]]},"properties":{"id":"SYN-ARAMBAGH-005-0264","block":"Khanakul - Ii","mouza":"SYNTHETIC_MOUZA_005","plot":"SYN-005-0264","areaSqm":0,"real":false}},{"type":"Feature","geometry":{"type":"Polygon","coordinates":[[[87.877496,22.699268],[87.877496,22.6949],[87.873359,22.6949],[87.874642,22.700025],[87.877496,22.699268]]]},"properties":{"id":"SYN-ARAMBAGH-005-0265","block":"Khanakul - Ii","mouza":"SYNTHETIC_MOUZA_005","plot":"SYN-005-0265","areaSqm":0,"real":false}},{"type":"Feature","geometry":{"type":"Polygon","coordinates":[[[87.877714,22.601613],[87.877496,22.601947],[87.877496,22.602653],[87.878461,22.602653],[87.877714,22.601613]]]},"properties":{"id":"SYN-ARAMBAGH-005-0266","block":"Khanakul - Ii","mouza":"SYNTHETIC_MOUZA_005","plot":"SYN-005-0266","areaSqm":0,"real":false}},{"type":"Feature","geometry":{"type":"Polygon","coordinates":[[[87.88209,22.607708],[87.878461,22.602653],[87.877496,22.602653],[87.877496,22.607778],[87.882916,22.607778],[87.882916,22.607771],[87.88209,22.607708]]]},"properties":{"id":"SYN-ARAMBAGH-005-0267","block":"Khanakul - Ii","mouza":"SYNTHETIC_MOUZA_005","plot":"SYN-005-0267","areaSqm":0,"real":false}},{"type":"Feature","geometry":{"type":"Polygon","coordinates":[[[87.877496,22.607778],[87.877496,22.612903],[87.882916,22.612903],[87.882916,22.607778],[87.877496,22.607778]]]},"properties":{"id":"SYN-ARAMBAGH-005-0268","block":"Khanakul - Ii","mouza":"SYNTHETIC_MOUZA_005","plot":"SYN-005-0268","areaSqm":0,"real":false}},{"type":"Feature","geometry":{"type":"Polygon","coordinates":[[[87.877496,22.612903],[87.877496,22.618027],[87.882916,22.618027],[87.882916,22.612903],[87.877496,22.612903]]]},"properties":{"id":"SYN-ARAMBAGH-005-0269","block":"Khanakul - Ii","mouza":"SYNTHETIC_MOUZA_005","plot":"SYN-005-0269","areaSqm":0,"real":false}},{"type":"Feature","geometry":{"type":"Polygon","coordinates":[[[87.877496,22.618027],[87.877496,22.623152],[87.882916,22.623152],[87.882916,22.618027],[87.877496,22.618027]]]},"properties":{"id":"SYN-ARAMBAGH-005-0270","block":"Khanakul - Ii","mouza":"SYNTHETIC_MOUZA_005","plot":"SYN-005-0270","areaSqm":0,"real":false}},{"type":"Feature","geometry":{"type":"Polygon","coordinates":[[[87.877496,22.623152],[87.877496,22.628277],[87.882916,22.628277],[87.882916,22.623152],[87.877496,22.623152]]]},"properties":{"id":"SYN-ARAMBAGH-005-0271","block":"Khanakul - Ii","mouza":"SYNTHETIC_MOUZA_005","plot":"SYN-005-0271","areaSqm":0,"real":false}},{"type":"Feature","geometry":{"type":"Polygon","coordinates":[[[87.877496,22.628277],[87.877496,22.633402],[87.882916,22.633402],[87.882916,22.628277],[87.877496,22.628277]]]},"properties":{"id":"SYN-ARAMBAGH-005-0272","block":"Khanakul - Ii","mouza":"SYNTHETIC_MOUZA_005","plot":"SYN-005-0272","areaSqm":0,"real":false}},{"type":"Feature","geometry":{"type":"Polygon","coordinates":[[[87.877496,22.633402],[87.877496,22.638527],[87.882916,22.638527],[87.882916,22.633402],[87.877496,22.633402]]]},"properties":{"id":"SYN-ARAMBAGH-005-0273","block":"Khanakul - Ii","mouza":"SYNTHETIC_MOUZA_005","plot":"SYN-005-0273","areaSqm":0,"real":false}},{"type":"Feature","geometry":{"type":"Polygon","coordinates":[[[87.877496,22.638527],[87.877496,22.643652],[87.882916,22.643652],[87.882916,22.638527],[87.877496,22.638527]]]},"properties":{"id":"SYN-ARAMBAGH-005-0274","block":"Khanakul - Ii","mouza":"SYNTHETIC_MOUZA_005","plot":"SYN-005-0274","areaSqm":0,"real":false}},{"type":"Feature","geometry":{"type":"Polygon","coordinates":[[[87.877496,22.643652],[87.877496,22.648776],[87.882916,22.648776],[87.882916,22.643652],[87.877496,22.643652]]]},"properties":{"id":"SYN-ARAMBAGH-005-0275","block":"Khanakul - Ii","mouza":"SYNTHETIC_MOUZA_005","plot":"SYN-005-0275","areaSqm":0,"real":false}},{"type":"Feature","geometry":{"type":"Polygon","coordinates":[[[87.877496,22.648776],[87.877496,22.653901],[87.882916,22.653901],[87.882916,22.648776],[87.877496,22.648776]]]},"properties":{"id":"SYN-ARAMBAGH-005-0276","block":"Khanakul - Ii","mouza":"SYNTHETIC_MOUZA_005","plot":"SYN-005-0276","areaSqm":0,"real":false}},{"type":"Feature","geometry":{"type":"Polygon","coordinates":[[[87.877496,22.653901],[87.877496,22.659026],[87.882916,22.659026],[87.882916,22.653901],[87.877496,22.653901]]]},"properties":{"id":"SYN-ARAMBAGH-005-0277","block":"Khanakul - Ii","mouza":"SYNTHETIC_MOUZA_005","plot":"SYN-005-0277","areaSqm":0,"real":false}},{"type":"Feature","geometry":{"type":"Polygon","coordinates":[[[87.877496,22.659026],[87.877496,22.664151],[87.882916,22.664151],[87.882916,22.659026],[87.877496,22.659026]]]},"properties":{"id":"SYN-ARAMBAGH-005-0278","block":"Khanakul - Ii","mouza":"SYNTHETIC_MOUZA_005","plot":"SYN-005-0278","areaSqm":0,"real":false}},{"type":"Feature","geometry":{"type":"Polygon","coordinates":[[[87.877496,22.664151],[87.877496,22.669276],[87.882916,22.669276],[87.882916,22.664151],[87.877496,22.664151]]]},"properties":{"id":"SYN-ARAMBAGH-005-0279","block":"Khanakul - Ii","mouza":"SYNTHETIC_MOUZA_005","plot":"SYN-005-0279","areaSqm":0,"real":false}},{"type":"Feature","geometry":{"type":"Polygon","coordinates":[[[87.877496,22.669276],[87.877496,22.674401],[87.882916,22.674401],[87.882916,22.669276],[87.877496,22.669276]]]},"properties":{"id":"SYN-ARAMBAGH-005-0280","block":"Khanakul - Ii","mouza":"SYNTHETIC_MOUZA_005","plot":"SYN-005-0280","areaSqm":0,"real":false}},{"type":"Feature","geometry":{"type":"Polygon","coordinates":[[[87.877496,22.674401],[87.877496,22.679526],[87.882916,22.679526],[87.882916,22.674401],[87.877496,22.674401]]]},"properties":{"id":"SYN-ARAMBAGH-005-0281","block":"Khanakul - Ii","mouza":"SYNTHETIC_MOUZA_005","plot":"SYN-005-0281","areaSqm":0,"real":false}},{"type":"Feature","geometry":{"type":"Polygon","coordinates":[[[87.877496,22.679526],[87.877496,22.68465],[87.882916,22.68465],[87.882916,22.679526],[87.877496,22.679526]]]},"properties":{"id":"SYN-ARAMBAGH-005-0282","block":"Khanakul - Ii","mouza":"SYNTHETIC_MOUZA_005","plot":"SYN-005-0282","areaSqm":0,"real":false}},{"type":"Feature","geometry":{"type":"Polygon","coordinates":[[[87.877496,22.68465],[87.877496,22.689775],[87.882916,22.689775],[87.882916,22.68465],[87.877496,22.68465]]]},"properties":{"id":"SYN-ARAMBAGH-005-0283","block":"Khanakul - Ii","mouza":"SYNTHETIC_MOUZA_005","plot":"SYN-005-0283","areaSqm":0,"real":false}},{"type":"Feature","geometry":{"type":"Polygon","coordinates":[[[87.877496,22.689775],[87.877496,22.6949],[87.882916,22.6949],[87.882916,22.689775],[87.877496,22.689775]]]},"properties":{"id":"SYN-ARAMBAGH-005-0284","block":"Khanakul - Ii","mouza":"SYNTHETIC_MOUZA_005","plot":"SYN-005-0284","areaSqm":0,"real":false}},{"type":"Feature","geometry":{"type":"Polygon","coordinates":[[[87.881242,22.698275],[87.882916,22.695452],[87.882916,22.6949],[87.877496,22.6949],[87.877496,22.699268],[87.881242,22.698275]]]},"properties":{"id":"SYN-ARAMBAGH-005-0285","block":"Khanakul - Ii","mouza":"SYNTHETIC_MOUZA_005","plot":"SYN-005-0285","areaSqm":0,"real":false}},{"type":"Feature","geometry":{"type":"Polygon","coordinates":[[[87.882997,22.607778],[87.882916,22.607778],[87.882916,22.612903],[87.888336,22.612903],[87.888336,22.608185],[87.882997,22.607778]]]},"properties":{"id":"SYN-ARAMBAGH-005-0286","block":"Khanakul - Ii","mouza":"SYNTHETIC_MOUZA_005","plot":"SYN-005-0286","areaSqm":0,"real":false}},{"type":"Feature","geometry":{"type":"Polygon","coordinates":[[[87.882916,22.612903],[87.882916,22.618027],[87.888336,22.618027],[87.888336,22.612903],[87.882916,22.612903]]]},"properties":{"id":"SYN-ARAMBAGH-005-0287","block":"Khanakul - Ii","mouza":"SYNTHETIC_MOUZA_005","plot":"SYN-005-0287","areaSqm":0,"real":false}},{"type":"Feature","geometry":{"type":"Polygon","coordinates":[[[87.882916,22.618027],[87.882916,22.623152],[87.888336,22.623152],[87.888336,22.618027],[87.882916,22.618027]]]},"properties":{"id":"SYN-ARAMBAGH-005-0288","block":"Khanakul - Ii","mouza":"SYNTHETIC_MOUZA_005","plot":"SYN-005-0288","areaSqm":0,"real":false}},{"type":"Feature","geometry":{"type":"Polygon","coordinates":[[[87.882916,22.623152],[87.882916,22.628277],[87.888336,22.628277],[87.888336,22.623152],[87.882916,22.623152]]]},"properties":{"id":"SYN-ARAMBAGH-005-0289","block":"Khanakul - Ii","mouza":"SYNTHETIC_MOUZA_005","plot":"SYN-005-0289","areaSqm":0,"real":false}},{"type":"Feature","geometry":{"type":"Polygon","coordinates":[[[87.882916,22.628277],[87.882916,22.633402],[87.888336,22.633402],[87.888336,22.628277],[87.882916,22.628277]]]},"properties":{"id":"SYN-ARAMBAGH-005-0290","block":"Khanakul - Ii","mouza":"SYNTHETIC_MOUZA_005","plot":"SYN-005-0290","areaSqm":0,"real":false}},{"type":"Feature","geometry":{"type":"Polygon","coordinates":[[[87.882916,22.633402],[87.882916,22.638527],[87.888336,22.638527],[87.888336,22.633402],[87.882916,22.633402]]]},"properties":{"id":"SYN-ARAMBAGH-005-0291","block":"Khanakul - Ii","mouza":"SYNTHETIC_MOUZA_005","plot":"SYN-005-0291","areaSqm":0,"real":false}},{"type":"Feature","geometry":{"type":"Polygon","coordinates":[[[87.882916,22.638527],[87.882916,22.643652],[87.888336,22.643652],[87.888336,22.638527],[87.882916,22.638527]]]},"properties":{"id":"SYN-ARAMBAGH-005-0292","block":"Khanakul - Ii","mouza":"SYNTHETIC_MOUZA_005","plot":"SYN-005-0292","areaSqm":0,"real":false}},{"type":"Feature","geometry":{"type":"Polygon","coordinates":[[[87.882916,22.643652],[87.882916,22.648776],[87.888336,22.648776],[87.888336,22.643652],[87.882916,22.643652]]]},"properties":{"id":"SYN-ARAMBAGH-005-0293","block":"Khanakul - Ii","mouza":"SYNTHETIC_MOUZA_005","plot":"SYN-005-0293","areaSqm":0,"real":false}},{"type":"Feature","geometry":{"type":"Polygon","coordinates":[[[87.882916,22.648776],[87.882916,22.653901],[87.888336,22.653901],[87.888336,22.648776],[87.882916,22.648776]]]},"properties":{"id":"SYN-ARAMBAGH-005-0294","block":"Khanakul - Ii","mouza":"SYNTHETIC_MOUZA_005","plot":"SYN-005-0294","areaSqm":0,"real":false}},{"type":"Feature","geometry":{"type":"Polygon","coordinates":[[[87.882916,22.653901],[87.882916,22.659026],[87.888336,22.659026],[87.888336,22.653901],[87.882916,22.653901]]]},"properties":{"id":"SYN-ARAMBAGH-005-0295","block":"Khanakul - Ii","mouza":"SYNTHETIC_MOUZA_005","plot":"SYN-005-0295","areaSqm":0,"real":false}},{"type":"Feature","geometry":{"type":"Polygon","coordinates":[[[87.882916,22.659026],[87.882916,22.664151],[87.888336,22.664151],[87.888336,22.659026],[87.882916,22.659026]]]},"properties":{"id":"SYN-ARAMBAGH-005-0296","block":"Khanakul - Ii","mouza":"SYNTHETIC_MOUZA_005","plot":"SYN-005-0296","areaSqm":0,"real":false}},{"type":"Feature","geometry":{"type":"Polygon","coordinates":[[[87.882916,22.664151],[87.882916,22.669276],[87.888336,22.669276],[87.888336,22.664151],[87.882916,22.664151]]]},"properties":{"id":"SYN-ARAMBAGH-005-0297","block":"Khanakul - Ii","mouza":"SYNTHETIC_MOUZA_005","plot":"SYN-005-0297","areaSqm":0,"real":false}},{"type":"Feature","geometry":{"type":"Polygon","coordinates":[[[87.882916,22.669276],[87.882916,22.674401],[87.888336,22.674401],[87.888336,22.669276],[87.882916,22.669276]]]},"properties":{"id":"SYN-ARAMBAGH-005-0298","block":"Khanakul - Ii","mouza":"SYNTHETIC_MOUZA_005","plot":"SYN-005-0298","areaSqm":0,"real":false}},{"type":"Feature","geometry":{"type":"Polygon","coordinates":[[[87.882916,22.674401],[87.882916,22.679526],[87.888336,22.679526],[87.888336,22.674401],[87.882916,22.674401]]]},"properties":{"id":"SYN-ARAMBAGH-005-0299","block":"Khanakul - Ii","mouza":"SYNTHETIC_MOUZA_005","plot":"SYN-005-0299","areaSqm":0,"real":false}},{"type":"Feature","geometry":{"type":"Polygon","coordinates":[[[87.882916,22.679526],[87.882916,22.68465],[87.888336,22.68465],[87.888336,22.679526],[87.882916,22.679526]]]},"properties":{"id":"SYN-ARAMBAGH-005-0300","block":"Khanakul - Ii","mouza":"SYNTHETIC_MOUZA_005","plot":"SYN-005-0300","areaSqm":0,"real":false}},{"type":"Feature","geometry":{"type":"Polygon","coordinates":[[[87.882916,22.68465],[87.882916,22.689775],[87.888336,22.689775],[87.888336,22.68465],[87.882916,22.68465]]]},"properties":{"id":"SYN-ARAMBAGH-005-0301","block":"Khanakul - Ii","mouza":"SYNTHETIC_MOUZA_005","plot":"SYN-005-0301","areaSqm":0,"real":false}},{"type":"Feature","geometry":{"type":"Polygon","coordinates":[[[87.885601,22.690925],[87.888336,22.690968],[87.888336,22.689775],[87.882916,22.689775],[87.882916,22.6949],[87.883243,22.6949],[87.885601,22.690925]]]},"properties":{"id":"SYN-ARAMBAGH-005-0302","block":"Khanakul - Ii","mouza":"SYNTHETIC_MOUZA_005","plot":"SYN-005-0302","areaSqm":0,"real":false}},{"type":"Feature","geometry":{"type":"Polygon","coordinates":[[[87.883243,22.6949],[87.882916,22.6949],[87.882916,22.695452],[87.883243,22.6949]]]},"properties":{"id":"SYN-ARAMBAGH-005-0303","block":"Khanakul - Ii","mouza":"SYNTHETIC_MOUZA_005","plot":"SYN-005-0303","areaSqm":0,"real":false}},{"type":"Feature","geometry":{"type":"Polygon","coordinates":[[[87.892829,22.611805],[87.889281,22.608257],[87.888336,22.608185],[87.888336,22.612903],[87.8928,22.612903],[87.892829,22.611805]]]},"properties":{"id":"SYN-ARAMBAGH-005-0304","block":"Khanakul - Ii","mouza":"SYNTHETIC_MOUZA_005","plot":"SYN-005-0304","areaSqm":0,"real":false}},{"type":"Feature","geometry":{"type":"Polygon","coordinates":[[[87.892786,22.613444],[87.8928,22.612903],[87.888336,22.612903],[87.888336,22.618027],[87.893756,22.618027],[87.893756,22.613752],[87.892786,22.613444]]]},"properties":{"id":"SYN-ARAMBAGH-005-0305","block":"Khanakul - Ii","mouza":"SYNTHETIC_MOUZA_005","plot":"SYN-005-0305","areaSqm":0,"real":false}},{"type":"Feature","geometry":{"type":"Polygon","coordinates":[[[87.888336,22.618027],[87.888336,22.623152],[87.893756,22.623152],[87.893756,22.618027],[87.888336,22.618027]]]},"properties":{"id":"SYN-ARAMBAGH-005-0306","block":"Khanakul - Ii","mouza":"SYNTHETIC_MOUZA_005","plot":"SYN-005-0306","areaSqm":0,"real":false}},{"type":"Feature","geometry":{"type":"Polygon","coordinates":[[[87.888336,22.623152],[87.888336,22.628277],[87.893756,22.628277],[87.893756,22.623152],[87.888336,22.623152]]]},"properties":{"id":"SYN-ARAMBAGH-005-0307","block":"Khanakul - Ii","mouza":"SYNTHETIC_MOUZA_005","plot":"SYN-005-0307","areaSqm":0,"real":false}},{"type":"Feature","geometry":{"type":"Polygon","coordinates":[[[87.888336,22.628277],[87.888336,22.633402],[87.893756,22.633402],[87.893756,22.628277],[87.888336,22.628277]]]},"properties":{"id":"SYN-ARAMBAGH-005-0308","block":"Khanakul - Ii","mouza":"SYNTHETIC_MOUZA_005","plot":"SYN-005-0308","areaSqm":0,"real":false}},{"type":"Feature","geometry":{"type":"Polygon","coordinates":[[[87.888336,22.633402],[87.888336,22.638527],[87.893756,22.638527],[87.893756,22.633402],[87.888336,22.633402]]]},"properties":{"id":"SYN-ARAMBAGH-005-0309","block":"Khanakul - Ii","mouza":"SYNTHETIC_MOUZA_005","plot":"SYN-005-0309","areaSqm":0,"real":false}},{"type":"Feature","geometry":{"type":"Polygon","coordinates":[[[87.888336,22.638527],[87.888336,22.643652],[87.893756,22.643652],[87.893756,22.638527],[87.888336,22.638527]]]},"properties":{"id":"SYN-ARAMBAGH-005-0310","block":"Khanakul - Ii","mouza":"SYNTHETIC_MOUZA_005","plot":"SYN-005-0310","areaSqm":0,"real":false}},{"type":"Feature","geometry":{"type":"Polygon","coordinates":[[[87.888336,22.643652],[87.888336,22.648776],[87.893756,22.648776],[87.893756,22.643652],[87.888336,22.643652]]]},"properties":{"id":"SYN-ARAMBAGH-005-0311","block":"Khanakul - Ii","mouza":"SYNTHETIC_MOUZA_005","plot":"SYN-005-0311","areaSqm":0,"real":false}},{"type":"Feature","geometry":{"type":"Polygon","coordinates":[[[87.888336,22.648776],[87.888336,22.653901],[87.893756,22.653901],[87.893756,22.648776],[87.888336,22.648776]]]},"properties":{"id":"SYN-ARAMBAGH-005-0312","block":"Khanakul - Ii","mouza":"SYNTHETIC_MOUZA_005","plot":"SYN-005-0312","areaSqm":0,"real":false}},{"type":"Feature","geometry":{"type":"Polygon","coordinates":[[[87.888336,22.653901],[87.888336,22.659026],[87.893756,22.659026],[87.893756,22.653901],[87.888336,22.653901]]]},"properties":{"id":"SYN-ARAMBAGH-005-0313","block":"Khanakul - Ii","mouza":"SYNTHETIC_MOUZA_005","plot":"SYN-005-0313","areaSqm":0,"real":false}},{"type":"Feature","geometry":{"type":"Polygon","coordinates":[[[87.888336,22.659026],[87.888336,22.664151],[87.893756,22.664151],[87.893756,22.659026],[87.888336,22.659026]]]},"properties":{"id":"SYN-ARAMBAGH-005-0314","block":"Khanakul - Ii","mouza":"SYNTHETIC_MOUZA_005","plot":"SYN-005-0314","areaSqm":0,"real":false}},{"type":"Feature","geometry":{"type":"Polygon","coordinates":[[[87.888336,22.664151],[87.888336,22.669276],[87.893756,22.669276],[87.893756,22.664151],[87.888336,22.664151]]]},"properties":{"id":"SYN-ARAMBAGH-005-0315","block":"Khanakul - Ii","mouza":"SYNTHETIC_MOUZA_005","plot":"SYN-005-0315","areaSqm":0,"real":false}},{"type":"Feature","geometry":{"type":"Polygon","coordinates":[[[87.888336,22.669276],[87.888336,22.674401],[87.893756,22.674401],[87.893756,22.669276],[87.888336,22.669276]]]},"properties":{"id":"SYN-ARAMBAGH-005-0316","block":"Khanakul - Ii","mouza":"SYNTHETIC_MOUZA_005","plot":"SYN-005-0316","areaSqm":0,"real":false}},{"type":"Feature","geometry":{"type":"Polygon","coordinates":[[[87.888336,22.674401],[87.888336,22.679526],[87.893756,22.679526],[87.893756,22.674401],[87.888336,22.674401]]]},"properties":{"id":"SYN-ARAMBAGH-005-0317","block":"Khanakul - Ii","mouza":"SYNTHETIC_MOUZA_005","plot":"SYN-005-0317","areaSqm":0,"real":false}},{"type":"Feature","geometry":{"type":"Polygon","coordinates":[[[87.888336,22.679526],[87.888336,22.68465],[87.893756,22.68465],[87.893756,22.679526],[87.888336,22.679526]]]},"properties":{"id":"SYN-ARAMBAGH-005-0318","block":"Khanakul - Ii","mouza":"SYNTHETIC_MOUZA_005","plot":"SYN-005-0318","areaSqm":0,"real":false}},{"type":"Feature","geometry":{"type":"Polygon","coordinates":[[[87.888336,22.68465],[87.888336,22.689775],[87.893756,22.689775],[87.893756,22.68465],[87.888336,22.68465]]]},"properties":{"id":"SYN-ARAMBAGH-005-0319","block":"Khanakul - Ii","mouza":"SYNTHETIC_MOUZA_005","plot":"SYN-005-0319","areaSqm":0,"real":false}},{"type":"Feature","geometry":{"type":"Polygon","coordinates":[[[87.893756,22.691053],[87.893756,22.689775],[87.888336,22.689775],[87.888336,22.690968],[87.893756,22.691053]]]},"properties":{"id":"SYN-ARAMBAGH-005-0320","block":"Khanakul - Ii","mouza":"SYNTHETIC_MOUZA_005","plot":"SYN-005-0320","areaSqm":0,"real":false}},{"type":"Feature","geometry":{"type":"Polygon","coordinates":[[[87.893756,22.613752],[87.893756,22.618027],[87.899176,22.618027],[87.899176,22.615473],[87.893756,22.613752]]]},"properties":{"id":"SYN-ARAMBAGH-005-0321","block":"Khanakul - Ii","mouza":"SYNTHETIC_MOUZA_005","plot":"SYN-005-0321","areaSqm":0,"real":false}},{"type":"Feature","geometry":{"type":"Polygon","coordinates":[[[87.893756,22.618027],[87.893756,22.623152],[87.899176,22.623152],[87.899176,22.618027],[87.893756,22.618027]]]},"properties":{"id":"SYN-ARAMBAGH-005-0322","block":"Khanakul - Ii","mouza":"SYNTHETIC_MOUZA_005","plot":"SYN-005-0322","areaSqm":0,"real":false}},{"type":"Feature","geometry":{"type":"Polygon","coordinates":[[[87.893756,22.623152],[87.893756,22.628277],[87.899176,22.628277],[87.899176,22.623152],[87.893756,22.623152]]]},"properties":{"id":"SYN-ARAMBAGH-005-0323","block":"Khanakul - Ii","mouza":"SYNTHETIC_MOUZA_005","plot":"SYN-005-0323","areaSqm":0,"real":false}},{"type":"Feature","geometry":{"type":"Polygon","coordinates":[[[87.893756,22.628277],[87.893756,22.633402],[87.899176,22.633402],[87.899176,22.628277],[87.893756,22.628277]]]},"properties":{"id":"SYN-ARAMBAGH-005-0324","block":"Khanakul - Ii","mouza":"SYNTHETIC_MOUZA_005","plot":"SYN-005-0324","areaSqm":0,"real":false}},{"type":"Feature","geometry":{"type":"Polygon","coordinates":[[[87.893756,22.633402],[87.893756,22.638527],[87.899176,22.638527],[87.899176,22.633402],[87.893756,22.633402]]]},"properties":{"id":"SYN-ARAMBAGH-005-0325","block":"Khanakul - Ii","mouza":"SYNTHETIC_MOUZA_005","plot":"SYN-005-0325","areaSqm":0,"real":false}},{"type":"Feature","geometry":{"type":"Polygon","coordinates":[[[87.893756,22.638527],[87.893756,22.643652],[87.899176,22.643652],[87.899176,22.638527],[87.893756,22.638527]]]},"properties":{"id":"SYN-ARAMBAGH-005-0326","block":"Khanakul - Ii","mouza":"SYNTHETIC_MOUZA_005","plot":"SYN-005-0326","areaSqm":0,"real":false}},{"type":"Feature","geometry":{"type":"Polygon","coordinates":[[[87.893756,22.643652],[87.893756,22.648776],[87.899176,22.648776],[87.899176,22.643652],[87.893756,22.643652]]]},"properties":{"id":"SYN-ARAMBAGH-005-0327","block":"Khanakul - Ii","mouza":"SYNTHETIC_MOUZA_005","plot":"SYN-005-0327","areaSqm":0,"real":false}},{"type":"Feature","geometry":{"type":"Polygon","coordinates":[[[87.893756,22.648776],[87.893756,22.653901],[87.899176,22.653901],[87.899176,22.648776],[87.893756,22.648776]]]},"properties":{"id":"SYN-ARAMBAGH-005-0328","block":"Khanakul - Ii","mouza":"SYNTHETIC_MOUZA_005","plot":"SYN-005-0328","areaSqm":0,"real":false}},{"type":"Feature","geometry":{"type":"Polygon","coordinates":[[[87.893756,22.653901],[87.893756,22.659026],[87.899176,22.659026],[87.899176,22.653901],[87.893756,22.653901]]]},"properties":{"id":"SYN-ARAMBAGH-005-0329","block":"Khanakul - Ii","mouza":"SYNTHETIC_MOUZA_005","plot":"SYN-005-0329","areaSqm":0,"real":false}},{"type":"Feature","geometry":{"type":"Polygon","coordinates":[[[87.893756,22.659026],[87.893756,22.664151],[87.899176,22.664151],[87.899176,22.659026],[87.893756,22.659026]]]},"properties":{"id":"SYN-ARAMBAGH-005-0330","block":"Khanakul - Ii","mouza":"SYNTHETIC_MOUZA_005","plot":"SYN-005-0330","areaSqm":0,"real":false}},{"type":"Feature","geometry":{"type":"Polygon","coordinates":[[[87.893756,22.664151],[87.893756,22.669276],[87.899176,22.669276],[87.899176,22.664151],[87.893756,22.664151]]]},"properties":{"id":"SYN-ARAMBAGH-005-0331","block":"Khanakul - Ii","mouza":"SYNTHETIC_MOUZA_005","plot":"SYN-005-0331","areaSqm":0,"real":false}},{"type":"Feature","geometry":{"type":"Polygon","coordinates":[[[87.893756,22.669276],[87.893756,22.674401],[87.899176,22.674401],[87.899176,22.669276],[87.893756,22.669276]]]},"properties":{"id":"SYN-ARAMBAGH-005-0332","block":"Khanakul - Ii","mouza":"SYNTHETIC_MOUZA_005","plot":"SYN-005-0332","areaSqm":0,"real":false}},{"type":"Feature","geometry":{"type":"Polygon","coordinates":[[[87.893756,22.674401],[87.893756,22.679526],[87.899176,22.679526],[87.899176,22.674401],[87.893756,22.674401]]]},"properties":{"id":"SYN-ARAMBAGH-005-0333","block":"Khanakul - Ii","mouza":"SYNTHETIC_MOUZA_005","plot":"SYN-005-0333","areaSqm":0,"real":false}},{"type":"Feature","geometry":{"type":"Polygon","coordinates":[[[87.895665,22.682847],[87.899176,22.682008],[87.899176,22.679526],[87.893756,22.679526],[87.893756,22.68465],[87.895496,22.68465],[87.895665,22.682847]]]},"properties":{"id":"SYN-ARAMBAGH-005-0334","block":"Khanakul - Ii","mouza":"SYNTHETIC_MOUZA_005","plot":"SYN-005-0334","areaSqm":0,"real":false}},{"type":"Feature","geometry":{"type":"Polygon","coordinates":[[[87.895496,22.68465],[87.893756,22.68465],[87.893756,22.689775],[87.895016,22.689775],[87.895496,22.68465]]]},"properties":{"id":"SYN-ARAMBAGH-005-0335","block":"Khanakul - Ii","mouza":"SYNTHETIC_MOUZA_005","plot":"SYN-005-0335","areaSqm":0,"real":false}},{"type":"Feature","geometry":{"type":"Polygon","coordinates":[[[87.894895,22.691071],[87.895016,22.689775],[87.893756,22.689775],[87.893756,22.691053],[87.894895,22.691071]]]},"properties":{"id":"SYN-ARAMBAGH-005-0336","block":"Khanakul - Ii","mouza":"SYNTHETIC_MOUZA_005","plot":"SYN-005-0336","areaSqm":0,"real":false}},{"type":"Feature","geometry":{"type":"Polygon","coordinates":[[[87.900102,22.615767],[87.899176,22.615473],[87.899176,22.618027],[87.900059,22.618027],[87.900102,22.615767]]]},"properties":{"id":"SYN-ARAMBAGH-005-0337","block":"Khanakul - Ii","mouza":"SYNTHETIC_MOUZA_005","plot":"SYN-005-0337","areaSqm":0,"real":false}},{"type":"Feature","geometry":{"type":"Polygon","coordinates":[[[87.900059,22.618027],[87.899176,22.618027],[87.899176,22.623152],[87.899961,22.623152],[87.900059,22.618027]]]},"properties":{"id":"SYN-ARAMBAGH-005-0338","block":"Khanakul - Ii","mouza":"SYNTHETIC_MOUZA_005","plot":"SYN-005-0338","areaSqm":0,"real":false}},{"type":"Feature","geometry":{"type":"Polygon","coordinates":[[[87.899904,22.626151],[87.899961,22.623152],[87.899176,22.623152],[87.899176,22.628277],[87.901245,22.628277],[87.899904,22.626151]]]},"properties":{"id":"SYN-ARAMBAGH-005-0339","block":"Khanakul - Ii","mouza":"SYNTHETIC_MOUZA_005","plot":"SYN-005-0339","areaSqm":0,"real":false}},{"type":"Feature","geometry":{"type":"Polygon","coordinates":[[[87.902037,22.629532],[87.901245,22.628277],[87.899176,22.628277],[87.899176,22.633402],[87.904596,22.633402],[87.904596,22.628869],[87.902037,22.629532]]]},"properties":{"id":"SYN-ARAMBAGH-005-0340","block":"Khanakul - Ii","mouza":"SYNTHETIC_MOUZA_005","plot":"SYN-005-0340","areaSqm":0,"real":false}},{"type":"Feature","geometry":{"type":"Polygon","coordinates":[[[87.899176,22.633402],[87.899176,22.638527],[87.904596,22.638527],[87.904596,22.633402],[87.899176,22.633402]]]},"properties":{"id":"SYN-ARAMBAGH-005-0341","block":"Khanakul - Ii","mouza":"SYNTHETIC_MOUZA_005","plot":"SYN-005-0341","areaSqm":0,"real":false}},{"type":"Feature","geometry":{"type":"Polygon","coordinates":[[[87.899176,22.638527],[87.899176,22.643652],[87.904596,22.643652],[87.904596,22.638527],[87.899176,22.638527]]]},"properties":{"id":"SYN-ARAMBAGH-005-0342","block":"Khanakul - Ii","mouza":"SYNTHETIC_MOUZA_005","plot":"SYN-005-0342","areaSqm":0,"real":false}},{"type":"Feature","geometry":{"type":"Polygon","coordinates":[[[87.899176,22.643652],[87.899176,22.648776],[87.904596,22.648776],[87.904596,22.643652],[87.899176,22.643652]]]},"properties":{"id":"SYN-ARAMBAGH-005-0343","block":"Khanakul - Ii","mouza":"SYNTHETIC_MOUZA_005","plot":"SYN-005-0343","areaSqm":0,"real":false}},{"type":"Feature","geometry":{"type":"Polygon","coordinates":[[[87.899176,22.648776],[87.899176,22.653901],[87.904596,22.653901],[87.904596,22.648776],[87.899176,22.648776]]]},"properties":{"id":"SYN-ARAMBAGH-005-0344","block":"Khanakul - Ii","mouza":"SYNTHETIC_MOUZA_005","plot":"SYN-005-0344","areaSqm":0,"real":false}},{"type":"Feature","geometry":{"type":"Polygon","coordinates":[[[87.899176,22.653901],[87.899176,22.659026],[87.904596,22.659026],[87.904596,22.653901],[87.899176,22.653901]]]},"properties":{"id":"SYN-ARAMBAGH-005-0345","block":"Khanakul - Ii","mouza":"SYNTHETIC_MOUZA_005","plot":"SYN-005-0345","areaSqm":0,"real":false}},{"type":"Feature","geometry":{"type":"Polygon","coordinates":[[[87.899176,22.659026],[87.899176,22.664151],[87.904596,22.664151],[87.904596,22.659026],[87.899176,22.659026]]]},"properties":{"id":"SYN-ARAMBAGH-005-0346","block":"Khanakul - Ii","mouza":"SYNTHETIC_MOUZA_005","plot":"SYN-005-0346","areaSqm":0,"real":false}},{"type":"Feature","geometry":{"type":"Polygon","coordinates":[[[87.899176,22.664151],[87.899176,22.669276],[87.904596,22.669276],[87.904596,22.664151],[87.899176,22.664151]]]},"properties":{"id":"SYN-ARAMBAGH-005-0347","block":"Khanakul - Ii","mouza":"SYNTHETIC_MOUZA_005","plot":"SYN-005-0347","areaSqm":0,"real":false}},{"type":"Feature","geometry":{"type":"Polygon","coordinates":[[[87.899176,22.669276],[87.899176,22.674401],[87.904596,22.674401],[87.904596,22.669276],[87.899176,22.669276]]]},"properties":{"id":"SYN-ARAMBAGH-005-0348","block":"Khanakul - Ii","mouza":"SYNTHETIC_MOUZA_005","plot":"SYN-005-0348","areaSqm":0,"real":false}},{"type":"Feature","geometry":{"type":"Polygon","coordinates":[[[87.899176,22.674401],[87.899176,22.679526],[87.904596,22.679526],[87.904596,22.674401],[87.899176,22.674401]]]},"properties":{"id":"SYN-ARAMBAGH-005-0349","block":"Khanakul - Ii","mouza":"SYNTHETIC_MOUZA_005","plot":"SYN-005-0349","areaSqm":0,"real":false}},{"type":"Feature","geometry":{"type":"Polygon","coordinates":[[[87.904596,22.680713],[87.904596,22.679526],[87.899176,22.679526],[87.899176,22.682008],[87.904596,22.680713]]]},"properties":{"id":"SYN-ARAMBAGH-005-0350","block":"Khanakul - Ii","mouza":"SYNTHETIC_MOUZA_005","plot":"SYN-005-0350","areaSqm":0,"real":false}},{"type":"Feature","geometry":{"type":"Polygon","coordinates":[[[87.906879,22.628277],[87.910015,22.628277],[87.910015,22.627464],[87.906879,22.628277]]]},"properties":{"id":"SYN-ARAMBAGH-005-0351","block":"Khanakul - Ii","mouza":"SYNTHETIC_MOUZA_005","plot":"SYN-005-0351","areaSqm":0,"real":false}},{"type":"Feature","geometry":{"type":"Polygon","coordinates":[[[87.904596,22.628869],[87.904596,22.633402],[87.910015,22.633402],[87.910015,22.628277],[87.906879,22.628277],[87.904596,22.628869]]]},"properties":{"id":"SYN-ARAMBAGH-005-0352","block":"Khanakul - Ii","mouza":"SYNTHETIC_MOUZA_005","plot":"SYN-005-0352","areaSqm":0,"real":false}},{"type":"Feature","geometry":{"type":"Polygon","coordinates":[[[87.904596,22.633402],[87.904596,22.638527],[87.910015,22.638527],[87.910015,22.633402],[87.904596,22.633402]]]},"properties":{"id":"SYN-ARAMBAGH-005-0353","block":"Khanakul - Ii","mouza":"SYNTHETIC_MOUZA_005","plot":"SYN-005-0353","areaSqm":0,"real":false}},{"type":"Feature","geometry":{"type":"Polygon","coordinates":[[[87.904596,22.638527],[87.904596,22.643652],[87.910015,22.643652],[87.910015,22.638527],[87.904596,22.638527]]]},"properties":{"id":"SYN-ARAMBAGH-005-0354","block":"Khanakul - Ii","mouza":"SYNTHETIC_MOUZA_005","plot":"SYN-005-0354","areaSqm":0,"real":false}},{"type":"Feature","geometry":{"type":"Polygon","coordinates":[[[87.904596,22.643652],[87.904596,22.648776],[87.910015,22.648776],[87.910015,22.643652],[87.904596,22.643652]]]},"properties":{"id":"SYN-ARAMBAGH-005-0355","block":"Khanakul - Ii","mouza":"SYNTHETIC_MOUZA_005","plot":"SYN-005-0355","areaSqm":0,"real":false}},{"type":"Feature","geometry":{"type":"Polygon","coordinates":[[[87.904596,22.648776],[87.904596,22.653901],[87.910015,22.653901],[87.910015,22.648776],[87.904596,22.648776]]]},"properties":{"id":"SYN-ARAMBAGH-005-0356","block":"Khanakul - Ii","mouza":"SYNTHETIC_MOUZA_005","plot":"SYN-005-0356","areaSqm":0,"real":false}},{"type":"Feature","geometry":{"type":"Polygon","coordinates":[[[87.904596,22.653901],[87.904596,22.659026],[87.910015,22.659026],[87.910015,22.653901],[87.904596,22.653901]]]},"properties":{"id":"SYN-ARAMBAGH-005-0357","block":"Khanakul - Ii","mouza":"SYNTHETIC_MOUZA_005","plot":"SYN-005-0357","areaSqm":0,"real":false}},{"type":"Feature","geometry":{"type":"Polygon","coordinates":[[[87.904596,22.659026],[87.904596,22.664151],[87.910015,22.664151],[87.910015,22.659026],[87.904596,22.659026]]]},"properties":{"id":"SYN-ARAMBAGH-005-0358","block":"Khanakul - Ii","mouza":"SYNTHETIC_MOUZA_005","plot":"SYN-005-0358","areaSqm":0,"real":false}},{"type":"Feature","geometry":{"type":"Polygon","coordinates":[[[87.904596,22.664151],[87.904596,22.669276],[87.910015,22.669276],[87.910015,22.664151],[87.904596,22.664151]]]},"properties":{"id":"SYN-ARAMBAGH-005-0359","block":"Khanakul - Ii","mouza":"SYNTHETIC_MOUZA_005","plot":"SYN-005-0359","areaSqm":0,"real":false}},{"type":"Feature","geometry":{"type":"Polygon","coordinates":[[[87.904596,22.669276],[87.904596,22.674401],[87.910015,22.674401],[87.910015,22.669276],[87.904596,22.669276]]]},"properties":{"id":"SYN-ARAMBAGH-005-0360","block":"Khanakul - Ii","mouza":"SYNTHETIC_MOUZA_005","plot":"SYN-005-0360","areaSqm":0,"real":false}},{"type":"Feature","geometry":{"type":"Polygon","coordinates":[[[87.904596,22.674401],[87.904596,22.679526],[87.910015,22.679526],[87.910015,22.674401],[87.904596,22.674401]]]},"properties":{"id":"SYN-ARAMBAGH-005-0361","block":"Khanakul - Ii","mouza":"SYNTHETIC_MOUZA_005","plot":"SYN-005-0361","areaSqm":0,"real":false}},{"type":"Feature","geometry":{"type":"Polygon","coordinates":[[[87.90572,22.680445],[87.908437,22.680554],[87.909416,22.68465],[87.910015,22.68465],[87.910015,22.679526],[87.904596,22.679526],[87.904596,22.680713],[87.90572,22.680445]]]},"properties":{"id":"SYN-ARAMBAGH-005-0362","block":"Khanakul - Ii","mouza":"SYNTHETIC_MOUZA_005","plot":"SYN-005-0362","areaSqm":0,"real":false}},{"type":"Feature","geometry":{"type":"Polygon","coordinates":[[[87.909712,22.68589],[87.908645,22.688565],[87.905364,22.689457],[87.905455,22.689775],[87.910015,22.689775],[87.910015,22.68465],[87.909416,22.68465],[87.909712,22.68589]]]},"properties":{"id":"SYN-ARAMBAGH-005-0363","block":"Khanakul - Ii","mouza":"SYNTHETIC_MOUZA_005","plot":"SYN-005-0363","areaSqm":0,"real":false}},{"type":"Feature","geometry":{"type":"Polygon","coordinates":[[[87.906121,22.692092],[87.910015,22.690944],[87.910015,22.689775],[87.905455,22.689775],[87.906121,22.692092]]]},"properties":{"id":"SYN-ARAMBAGH-005-0364","block":"Khanakul - Ii","mouza":"SYNTHETIC_MOUZA_005","plot":"SYN-005-0364","areaSqm":0,"real":false}},{"type":"Feature","geometry":{"type":"Polygon","coordinates":[[[87.913412,22.626583],[87.910015,22.627464],[87.910015,22.628277],[87.915435,22.628277],[87.915435,22.626597],[87.913412,22.626583]]]},"properties":{"id":"SYN-ARAMBAGH-005-0365","block":"Khanakul - Ii","mouza":"SYNTHETIC_MOUZA_005","plot":"SYN-005-0365","areaSqm":0,"real":false}},{"type":"Feature","geometry":{"type":"Polygon","coordinates":[[[87.910015,22.628277],[87.910015,22.633402],[87.915435,22.633402],[87.915435,22.628277],[87.910015,22.628277]]]},"properties":{"id":"SYN-ARAMBAGH-005-0366","block":"Khanakul - Ii","mouza":"SYNTHETIC_MOUZA_005","plot":"SYN-005-0366","areaSqm":0,"real":false}},{"type":"Feature","geometry":{"type":"Polygon","coordinates":[[[87.910015,22.633402],[87.910015,22.638527],[87.915435,22.638527],[87.915435,22.633402],[87.910015,22.633402]]]},"properties":{"id":"SYN-ARAMBAGH-005-0367","block":"Khanakul - Ii","mouza":"SYNTHETIC_MOUZA_005","plot":"SYN-005-0367","areaSqm":0,"real":false}},{"type":"Feature","geometry":{"type":"Polygon","coordinates":[[[87.910015,22.638527],[87.910015,22.643652],[87.915435,22.643652],[87.915435,22.638527],[87.910015,22.638527]]]},"properties":{"id":"SYN-ARAMBAGH-005-0368","block":"Khanakul - Ii","mouza":"SYNTHETIC_MOUZA_005","plot":"SYN-005-0368","areaSqm":0,"real":false}},{"type":"Feature","geometry":{"type":"Polygon","coordinates":[[[87.910015,22.643652],[87.910015,22.648776],[87.915435,22.648776],[87.915435,22.643652],[87.910015,22.643652]]]},"properties":{"id":"SYN-ARAMBAGH-005-0369","block":"Khanakul - Ii","mouza":"SYNTHETIC_MOUZA_005","plot":"SYN-005-0369","areaSqm":0,"real":false}},{"type":"Feature","geometry":{"type":"Polygon","coordinates":[[[87.910015,22.648776],[87.910015,22.653901],[87.915435,22.653901],[87.915435,22.648776],[87.910015,22.648776]]]},"properties":{"id":"SYN-ARAMBAGH-005-0370","block":"Khanakul - Ii","mouza":"SYNTHETIC_MOUZA_005","plot":"SYN-005-0370","areaSqm":0,"real":false}},{"type":"Feature","geometry":{"type":"Polygon","coordinates":[[[87.910015,22.653901],[87.910015,22.659026],[87.915435,22.659026],[87.915435,22.653901],[87.910015,22.653901]]]},"properties":{"id":"SYN-ARAMBAGH-005-0371","block":"Khanakul - Ii","mouza":"SYNTHETIC_MOUZA_005","plot":"SYN-005-0371","areaSqm":0,"real":false}},{"type":"Feature","geometry":{"type":"Polygon","coordinates":[[[87.910015,22.659026],[87.910015,22.664151],[87.915435,22.664151],[87.915435,22.659026],[87.910015,22.659026]]]},"properties":{"id":"SYN-ARAMBAGH-005-0372","block":"Khanakul - Ii","mouza":"SYNTHETIC_MOUZA_005","plot":"SYN-005-0372","areaSqm":0,"real":false}},{"type":"Feature","geometry":{"type":"Polygon","coordinates":[[[87.910015,22.664151],[87.910015,22.669276],[87.915435,22.669276],[87.915435,22.664151],[87.910015,22.664151]]]},"properties":{"id":"SYN-ARAMBAGH-005-0373","block":"Khanakul - Ii","mouza":"SYNTHETIC_MOUZA_005","plot":"SYN-005-0373","areaSqm":0,"real":false}},{"type":"Feature","geometry":{"type":"Polygon","coordinates":[[[87.910015,22.669276],[87.910015,22.674401],[87.915435,22.674401],[87.915435,22.669276],[87.910015,22.669276]]]},"properties":{"id":"SYN-ARAMBAGH-005-0374","block":"Khanakul - Ii","mouza":"SYNTHETIC_MOUZA_005","plot":"SYN-005-0374","areaSqm":0,"real":false}},{"type":"Feature","geometry":{"type":"Polygon","coordinates":[[[87.910015,22.674401],[87.910015,22.679526],[87.915435,22.679526],[87.915435,22.674401],[87.910015,22.674401]]]},"properties":{"id":"SYN-ARAMBAGH-005-0375","block":"Khanakul - Ii","mouza":"SYNTHETIC_MOUZA_005","plot":"SYN-005-0375","areaSqm":0,"real":false}},{"type":"Feature","geometry":{"type":"Polygon","coordinates":[[[87.910015,22.679526],[87.910015,22.68465],[87.915435,22.68465],[87.915435,22.679526],[87.910015,22.679526]]]},"properties":{"id":"SYN-ARAMBAGH-005-0376","block":"Khanakul - Ii","mouza":"SYNTHETIC_MOUZA_005","plot":"SYN-005-0376","areaSqm":0,"real":false}},{"type":"Feature","geometry":{"type":"Polygon","coordinates":[[[87.910015,22.68465],[87.910015,22.689775],[87.915435,22.689775],[87.915435,22.68465],[87.910015,22.68465]]]},"properties":{"id":"SYN-ARAMBAGH-005-0377","block":"Khanakul - Ii","mouza":"SYNTHETIC_MOUZA_005","plot":"SYN-005-0377","areaSqm":0,"real":false}},{"type":"Feature","geometry":{"type":"Polygon","coordinates":[[[87.911326,22.690558],[87.912687,22.6949],[87.915435,22.6949],[87.915435,22.689775],[87.910015,22.689775],[87.910015,22.690944],[87.911326,22.690558]]]},"properties":{"id":"SYN-ARAMBAGH-005-0378","block":"Khanakul - Ii","mouza":"SYNTHETIC_MOUZA_005","plot":"SYN-005-0378","areaSqm":0,"real":false}},{"type":"Feature","geometry":{"type":"Polygon","coordinates":[[[87.914193,22.699707],[87.915202,22.699558],[87.915435,22.699473],[87.915435,22.6949],[87.912687,22.6949],[87.914193,22.699707]]]},"properties":{"id":"SYN-ARAMBAGH-005-0379","block":"Khanakul - Ii","mouza":"SYNTHETIC_MOUZA_005","plot":"SYN-005-0379","areaSqm":0,"real":false}},{"type":"Feature","geometry":{"type":"Polygon","coordinates":[[[87.920287,22.626629],[87.915435,22.626597],[87.915435,22.628277],[87.920855,22.628277],[87.920855,22.627562],[87.920287,22.626629]]]},"properties":{"id":"SYN-ARAMBAGH-005-0380","block":"Khanakul - Ii","mouza":"SYNTHETIC_MOUZA_005","plot":"SYN-005-0380","areaSqm":0,"real":false}},{"type":"Feature","geometry":{"type":"MultiPolygon","coordinates":[[[[87.918252,22.629008],[87.920855,22.628414],[87.920855,22.628277],[87.915435,22.628277],[87.915435,22.633402],[87.919877,22.633402],[87.918252,22.629008]]],[[[87.920398,22.633402],[87.920855,22.633402],[87.920855,22.633077],[87.920398,22.633402]]]]},"properties":{"id":"SYN-ARAMBAGH-005-0381","block":"Khanakul - Ii","mouza":"SYNTHETIC_MOUZA_005","plot":"SYN-005-0381","areaSqm":0,"real":false}},{"type":"Feature","geometry":{"type":"Polygon","coordinates":[[[87.919986,22.633695],[87.919877,22.633402],[87.915435,22.633402],[87.915435,22.638527],[87.920855,22.638527],[87.920855,22.633402],[87.920398,22.633402],[87.919986,22.633695]]]},"properties":{"id":"SYN-ARAMBAGH-005-0382","block":"Khanakul - Ii","mouza":"SYNTHETIC_MOUZA_005","plot":"SYN-005-0382","areaSqm":0,"real":false}},{"type":"Feature","geometry":{"type":"Polygon","coordinates":[[[87.915435,22.638527],[87.915435,22.643652],[87.920855,22.643652],[87.920855,22.638527],[87.915435,22.638527]]]},"properties":{"id":"SYN-ARAMBAGH-005-0383","block":"Khanakul - Ii","mouza":"SYNTHETIC_MOUZA_005","plot":"SYN-005-0383","areaSqm":0,"real":false}},{"type":"Feature","geometry":{"type":"Polygon","coordinates":[[[87.915435,22.643652],[87.915435,22.648776],[87.920855,22.648776],[87.920855,22.643652],[87.915435,22.643652]]]},"properties":{"id":"SYN-ARAMBAGH-005-0384","block":"Khanakul - Ii","mouza":"SYNTHETIC_MOUZA_005","plot":"SYN-005-0384","areaSqm":0,"real":false}},{"type":"Feature","geometry":{"type":"Polygon","coordinates":[[[87.915435,22.648776],[87.915435,22.653901],[87.920855,22.653901],[87.920855,22.648776],[87.915435,22.648776]]]},"properties":{"id":"SYN-ARAMBAGH-005-0385","block":"Khanakul - Ii","mouza":"SYNTHETIC_MOUZA_005","plot":"SYN-005-0385","areaSqm":0,"real":false}},{"type":"Feature","geometry":{"type":"Polygon","coordinates":[[[87.915435,22.653901],[87.915435,22.659026],[87.920855,22.659026],[87.920855,22.653901],[87.915435,22.653901]]]},"properties":{"id":"SYN-ARAMBAGH-005-0386","block":"Khanakul - Ii","mouza":"SYNTHETIC_MOUZA_005","plot":"SYN-005-0386","areaSqm":0,"real":false}},{"type":"Feature","geometry":{"type":"Polygon","coordinates":[[[87.915435,22.659026],[87.915435,22.664151],[87.920855,22.664151],[87.920855,22.659026],[87.915435,22.659026]]]},"properties":{"id":"SYN-ARAMBAGH-005-0387","block":"Khanakul - Ii","mouza":"SYNTHETIC_MOUZA_005","plot":"SYN-005-0387","areaSqm":0,"real":false}},{"type":"Feature","geometry":{"type":"Polygon","coordinates":[[[87.915435,22.664151],[87.915435,22.669276],[87.920855,22.669276],[87.920855,22.664151],[87.915435,22.664151]]]},"properties":{"id":"SYN-ARAMBAGH-005-0388","block":"Khanakul - Ii","mouza":"SYNTHETIC_MOUZA_005","plot":"SYN-005-0388","areaSqm":0,"real":false}},{"type":"Feature","geometry":{"type":"Polygon","coordinates":[[[87.915435,22.669276],[87.915435,22.674401],[87.920855,22.674401],[87.920855,22.669276],[87.915435,22.669276]]]},"properties":{"id":"SYN-ARAMBAGH-005-0389","block":"Khanakul - Ii","mouza":"SYNTHETIC_MOUZA_005","plot":"SYN-005-0389","areaSqm":0,"real":false}},{"type":"Feature","geometry":{"type":"Polygon","coordinates":[[[87.915435,22.674401],[87.915435,22.679526],[87.920855,22.679526],[87.920855,22.674401],[87.915435,22.674401]]]},"properties":{"id":"SYN-ARAMBAGH-005-0390","block":"Khanakul - Ii","mouza":"SYNTHETIC_MOUZA_005","plot":"SYN-005-0390","areaSqm":0,"real":false}},{"type":"Feature","geometry":{"type":"Polygon","coordinates":[[[87.915435,22.679526],[87.915435,22.68465],[87.920855,22.68465],[87.920855,22.679526],[87.915435,22.679526]]]},"properties":{"id":"SYN-ARAMBAGH-005-0391","block":"Khanakul - Ii","mouza":"SYNTHETIC_MOUZA_005","plot":"SYN-005-0391","areaSqm":0,"real":false}},{"type":"Feature","geometry":{"type":"Polygon","coordinates":[[[87.915435,22.68465],[87.915435,22.689775],[87.920855,22.689775],[87.920855,22.68465],[87.915435,22.68465]]]},"properties":{"id":"SYN-ARAMBAGH-005-0392","block":"Khanakul - Ii","mouza":"SYNTHETIC_MOUZA_005","plot":"SYN-005-0392","areaSqm":0,"real":false}},{"type":"Feature","geometry":{"type":"Polygon","coordinates":[[[87.915435,22.689775],[87.915435,22.6949],[87.920855,22.6949],[87.920855,22.689775],[87.915435,22.689775]]]},"properties":{"id":"SYN-ARAMBAGH-005-0393","block":"Khanakul - Ii","mouza":"SYNTHETIC_MOUZA_005","plot":"SYN-005-0393","areaSqm":0,"real":false}},{"type":"Feature","geometry":{"type":"Polygon","coordinates":[[[87.920855,22.697497],[87.920855,22.6949],[87.915435,22.6949],[87.915435,22.699473],[87.920855,22.697497]]]},"properties":{"id":"SYN-ARAMBAGH-005-0394","block":"Khanakul - Ii","mouza":"SYNTHETIC_MOUZA_005","plot":"SYN-005-0394","areaSqm":0,"real":false}},{"type":"Feature","geometry":{"type":"Polygon","coordinates":[[[87.920855,22.627562],[87.920855,22.628277],[87.921291,22.628277],[87.920855,22.627562]]]},"properties":{"id":"SYN-ARAMBAGH-005-0395","block":"Khanakul - Ii","mouza":"SYNTHETIC_MOUZA_005","plot":"SYN-005-0395","areaSqm":0,"real":false}},{"type":"Feature","geometry":{"type":"MultiPolygon","coordinates":[[[[87.921311,22.62831],[87.921291,22.628277],[87.920855,22.628277],[87.920855,22.628414],[87.921311,22.62831]]],[[[87.92325,22.631373],[87.920855,22.633077],[87.920855,22.633402],[87.926275,22.633402],[87.926275,22.630836],[87.92325,22.631373]]]]},"properties":{"id":"SYN-ARAMBAGH-005-0396","block":"Khanakul - Ii","mouza":"SYNTHETIC_MOUZA_005","plot":"SYN-005-0396","areaSqm":0,"real":false}},{"type":"Feature","geometry":{"type":"Polygon","coordinates":[[[87.920855,22.633402],[87.920855,22.638527],[87.926275,22.638527],[87.926275,22.633402],[87.920855,22.633402]]]},"properties":{"id":"SYN-ARAMBAGH-005-0397","block":"Khanakul - Ii","mouza":"SYNTHETIC_MOUZA_005","plot":"SYN-005-0397","areaSqm":0,"real":false}},{"type":"Feature","geometry":{"type":"Polygon","coordinates":[[[87.920855,22.638527],[87.920855,22.643652],[87.926275,22.643652],[87.926275,22.638527],[87.920855,22.638527]]]},"properties":{"id":"SYN-ARAMBAGH-005-0398","block":"Khanakul - Ii","mouza":"SYNTHETIC_MOUZA_005","plot":"SYN-005-0398","areaSqm":0,"real":false}},{"type":"Feature","geometry":{"type":"Polygon","coordinates":[[[87.920855,22.643652],[87.920855,22.648776],[87.926275,22.648776],[87.926275,22.643652],[87.920855,22.643652]]]},"properties":{"id":"SYN-ARAMBAGH-005-0399","block":"Khanakul - Ii","mouza":"SYNTHETIC_MOUZA_005","plot":"SYN-005-0399","areaSqm":0,"real":false}},{"type":"Feature","geometry":{"type":"Polygon","coordinates":[[[87.920855,22.648776],[87.920855,22.653901],[87.926275,22.653901],[87.926275,22.648776],[87.920855,22.648776]]]},"properties":{"id":"SYN-ARAMBAGH-005-0400","block":"Khanakul - Ii","mouza":"SYNTHETIC_MOUZA_005","plot":"SYN-005-0400","areaSqm":0,"real":false}},{"type":"Feature","geometry":{"type":"Polygon","coordinates":[[[87.920855,22.653901],[87.920855,22.659026],[87.926275,22.659026],[87.926275,22.653901],[87.920855,22.653901]]]},"properties":{"id":"SYN-ARAMBAGH-005-0401","block":"Khanakul - Ii","mouza":"SYNTHETIC_MOUZA_005","plot":"SYN-005-0401","areaSqm":0,"real":false}},{"type":"Feature","geometry":{"type":"Polygon","coordinates":[[[87.920855,22.659026],[87.920855,22.664151],[87.926275,22.664151],[87.926275,22.659026],[87.920855,22.659026]]]},"properties":{"id":"SYN-ARAMBAGH-005-0402","block":"Khanakul - Ii","mouza":"SYNTHETIC_MOUZA_005","plot":"SYN-005-0402","areaSqm":0,"real":false}},{"type":"Feature","geometry":{"type":"Polygon","coordinates":[[[87.920855,22.664151],[87.920855,22.669276],[87.926275,22.669276],[87.926275,22.664151],[87.920855,22.664151]]]},"properties":{"id":"SYN-ARAMBAGH-005-0403","block":"Khanakul - Ii","mouza":"SYNTHETIC_MOUZA_005","plot":"SYN-005-0403","areaSqm":0,"real":false}},{"type":"Feature","geometry":{"type":"Polygon","coordinates":[[[87.920855,22.669276],[87.920855,22.674401],[87.926275,22.674401],[87.926275,22.669276],[87.920855,22.669276]]]},"properties":{"id":"SYN-ARAMBAGH-005-0404","block":"Khanakul - Ii","mouza":"SYNTHETIC_MOUZA_005","plot":"SYN-005-0404","areaSqm":0,"real":false}},{"type":"Feature","geometry":{"type":"Polygon","coordinates":[[[87.920855,22.674401],[87.920855,22.679526],[87.926275,22.679526],[87.926275,22.674401],[87.920855,22.674401]]]},"properties":{"id":"SYN-ARAMBAGH-005-0405","block":"Khanakul - Ii","mouza":"SYNTHETIC_MOUZA_005","plot":"SYN-005-0405","areaSqm":0,"real":false}},{"type":"Feature","geometry":{"type":"Polygon","coordinates":[[[87.923372,22.683822],[87.926275,22.684214],[87.926275,22.679526],[87.920855,22.679526],[87.920855,22.68465],[87.923287,22.68465],[87.923372,22.683822]]]},"properties":{"id":"SYN-ARAMBAGH-005-0406","block":"Khanakul - Ii","mouza":"SYNTHETIC_MOUZA_005","plot":"SYN-005-0406","areaSqm":0,"real":false}},{"type":"Feature","geometry":{"type":"Polygon","coordinates":[[[87.923287,22.68465],[87.920855,22.68465],[87.920855,22.689775],[87.922755,22.689775],[87.923287,22.68465]]]},"properties":{"id":"SYN-ARAMBAGH-005-0407","block":"Khanakul - Ii","mouza":"SYNTHETIC_MOUZA_005","plot":"SYN-005-0407","areaSqm":0,"real":false}},{"type":"Feature","geometry":{"type":"Polygon","coordinates":[[[87.922755,22.689775],[87.920855,22.689775],[87.920855,22.6949],[87.922224,22.6949],[87.922755,22.689775]]]},"properties":{"id":"SYN-ARAMBAGH-005-0408","block":"Khanakul - Ii","mouza":"SYNTHETIC_MOUZA_005","plot":"SYN-005-0408","areaSqm":0,"real":false}},{"type":"Feature","geometry":{"type":"Polygon","coordinates":[[[87.921998,22.697081],[87.922224,22.6949],[87.920855,22.6949],[87.920855,22.697497],[87.921998,22.697081]]]},"properties":{"id":"SYN-ARAMBAGH-005-0409","block":"Khanakul - Ii","mouza":"SYNTHETIC_MOUZA_005","plot":"SYN-005-0409","areaSqm":0,"real":false}},{"type":"Feature","geometry":{"type":"Polygon","coordinates":[[[87.926275,22.630836],[87.926275,22.633402],[87.931695,22.633402],[87.931695,22.629873],[87.926275,22.630836]]]},"properties":{"id":"SYN-ARAMBAGH-005-0410","block":"Khanakul - Ii","mouza":"SYNTHETIC_MOUZA_005","plot":"SYN-005-0410","areaSqm":0,"real":false}},{"type":"Feature","geometry":{"type":"Polygon","coordinates":[[[87.926275,22.633402],[87.926275,22.638527],[87.931695,22.638527],[87.931695,22.633402],[87.926275,22.633402]]]},"properties":{"id":"SYN-ARAMBAGH-005-0411","block":"Khanakul - Ii","mouza":"SYNTHETIC_MOUZA_005","plot":"SYN-005-0411","areaSqm":0,"real":false}},{"type":"Feature","geometry":{"type":"Polygon","coordinates":[[[87.926275,22.638527],[87.926275,22.643652],[87.931695,22.643652],[87.931695,22.638527],[87.926275,22.638527]]]},"properties":{"id":"SYN-ARAMBAGH-005-0412","block":"Khanakul - Ii","mouza":"SYNTHETIC_MOUZA_005","plot":"SYN-005-0412","areaSqm":0,"real":false}},{"type":"Feature","geometry":{"type":"Polygon","coordinates":[[[87.926275,22.643652],[87.926275,22.648776],[87.931695,22.648776],[87.931695,22.643652],[87.926275,22.643652]]]},"properties":{"id":"SYN-ARAMBAGH-005-0413","block":"Khanakul - Ii","mouza":"SYNTHETIC_MOUZA_005","plot":"SYN-005-0413","areaSqm":0,"real":false}},{"type":"Feature","geometry":{"type":"Polygon","coordinates":[[[87.926275,22.648776],[87.926275,22.653901],[87.931695,22.653901],[87.931695,22.648776],[87.926275,22.648776]]]},"properties":{"id":"SYN-ARAMBAGH-005-0414","block":"Khanakul - Ii","mouza":"SYNTHETIC_MOUZA_005","plot":"SYN-005-0414","areaSqm":0,"real":false}},{"type":"Feature","geometry":{"type":"Polygon","coordinates":[[[87.926275,22.653901],[87.926275,22.659026],[87.931695,22.659026],[87.931695,22.653901],[87.926275,22.653901]]]},"properties":{"id":"SYN-ARAMBAGH-005-0415","block":"Khanakul - Ii","mouza":"SYNTHETIC_MOUZA_005","plot":"SYN-005-0415","areaSqm":0,"real":false}},{"type":"Feature","geometry":{"type":"Polygon","coordinates":[[[87.926275,22.659026],[87.926275,22.664151],[87.931695,22.664151],[87.931695,22.659026],[87.926275,22.659026]]]},"properties":{"id":"SYN-ARAMBAGH-005-0416","block":"Khanakul - Ii","mouza":"SYNTHETIC_MOUZA_005","plot":"SYN-005-0416","areaSqm":0,"real":false}},{"type":"Feature","geometry":{"type":"Polygon","coordinates":[[[87.926275,22.664151],[87.926275,22.669276],[87.931695,22.669276],[87.931695,22.664151],[87.926275,22.664151]]]},"properties":{"id":"SYN-ARAMBAGH-005-0417","block":"Khanakul - Ii","mouza":"SYNTHETIC_MOUZA_005","plot":"SYN-005-0417","areaSqm":0,"real":false}},{"type":"Feature","geometry":{"type":"Polygon","coordinates":[[[87.931695,22.673291],[87.931695,22.669276],[87.926275,22.669276],[87.926275,22.674401],[87.931608,22.674401],[87.931695,22.673291]]]},"properties":{"id":"SYN-ARAMBAGH-005-0418","block":"Khanakul - Ii","mouza":"SYNTHETIC_MOUZA_005","plot":"SYN-005-0418","areaSqm":0,"real":false}},{"type":"Feature","geometry":{"type":"Polygon","coordinates":[[[87.931541,22.675247],[87.931608,22.674401],[87.926275,22.674401],[87.926275,22.679526],[87.930191,22.679526],[87.931541,22.675247]]]},"properties":{"id":"SYN-ARAMBAGH-005-0419","block":"Khanakul - Ii","mouza":"SYNTHETIC_MOUZA_005","plot":"SYN-005-0419","areaSqm":0,"real":false}},{"type":"Feature","geometry":{"type":"Polygon","coordinates":[[[87.928612,22.684529],[87.930191,22.679526],[87.926275,22.679526],[87.926275,22.684214],[87.928612,22.684529]]]},"properties":{"id":"SYN-ARAMBAGH-005-0420","block":"Khanakul - Ii","mouza":"SYNTHETIC_MOUZA_005","plot":"SYN-005-0420","areaSqm":0,"real":false}},{"type":"Feature","geometry":{"type":"Polygon","coordinates":[[[87.932379,22.629752],[87.931695,22.629873],[87.931695,22.633402],[87.937115,22.633402],[87.937115,22.630066],[87.932379,22.629752]]]},"properties":{"id":"SYN-ARAMBAGH-005-0421","block":"Khanakul - Ii","mouza":"SYNTHETIC_MOUZA_005","plot":"SYN-005-0421","areaSqm":0,"real":false}},{"type":"Feature","geometry":{"type":"Polygon","coordinates":[[[87.931695,22.633402],[87.931695,22.638527],[87.937115,22.638527],[87.937115,22.633402],[87.931695,22.633402]]]},"properties":{"id":"SYN-ARAMBAGH-005-0422","block":"Khanakul - Ii","mouza":"SYNTHETIC_MOUZA_005","plot":"SYN-005-0422","areaSqm":0,"real":false}},{"type":"Feature","geometry":{"type":"Polygon","coordinates":[[[87.931695,22.638527],[87.931695,22.643652],[87.937115,22.643652],[87.937115,22.638527],[87.931695,22.638527]]]},"properties":{"id":"SYN-ARAMBAGH-005-0423","block":"Khanakul - Ii","mouza":"SYNTHETIC_MOUZA_005","plot":"SYN-005-0423","areaSqm":0,"real":false}},{"type":"Feature","geometry":{"type":"Polygon","coordinates":[[[87.933647,22.648531],[87.937115,22.644472],[87.937115,22.643652],[87.931695,22.643652],[87.931695,22.648776],[87.933628,22.648776],[87.933647,22.648531]]]},"properties":{"id":"SYN-ARAMBAGH-005-0424","block":"Khanakul - Ii","mouza":"SYNTHETIC_MOUZA_005","plot":"SYN-005-0424","areaSqm":0,"real":false}},{"type":"Feature","geometry":{"type":"Polygon","coordinates":[[[87.933628,22.648776],[87.931695,22.648776],[87.931695,22.653901],[87.933224,22.653901],[87.933628,22.648776]]]},"properties":{"id":"SYN-ARAMBAGH-005-0425","block":"Khanakul - Ii","mouza":"SYNTHETIC_MOUZA_005","plot":"SYN-005-0425","areaSqm":0,"real":false}},{"type":"Feature","geometry":{"type":"Polygon","coordinates":[[[87.933224,22.653901],[87.931695,22.653901],[87.931695,22.659026],[87.93282,22.659026],[87.933224,22.653901]]]},"properties":{"id":"SYN-ARAMBAGH-005-0426","block":"Khanakul - Ii","mouza":"SYNTHETIC_MOUZA_005","plot":"SYN-005-0426","areaSqm":0,"real":false}},{"type":"Feature","geometry":{"type":"Polygon","coordinates":[[[87.93282,22.659026],[87.931695,22.659026],[87.931695,22.664151],[87.932416,22.664151],[87.93282,22.659026]]]},"properties":{"id":"SYN-ARAMBAGH-005-0427","block":"Khanakul - Ii","mouza":"SYNTHETIC_MOUZA_005","plot":"SYN-005-0427","areaSqm":0,"real":false}},{"type":"Feature","geometry":{"type":"Polygon","coordinates":[[[87.932416,22.664151],[87.931695,22.664151],[87.931695,22.669276],[87.932012,22.669276],[87.932416,22.664151]]]},"properties":{"id":"SYN-ARAMBAGH-005-0428","block":"Khanakul - Ii","mouza":"SYNTHETIC_MOUZA_005","plot":"SYN-005-0428","areaSqm":0,"real":false}},{"type":"Feature","geometry":{"type":"Polygon","coordinates":[[[87.932012,22.669276],[87.931695,22.669276],[87.931695,22.673291],[87.932012,22.669276]]]},"properties":{"id":"SYN-ARAMBAGH-005-0429","block":"Khanakul - Ii","mouza":"SYNTHETIC_MOUZA_005","plot":"SYN-005-0429","areaSqm":0,"real":false}},{"type":"Feature","geometry":{"type":"Polygon","coordinates":[[[87.940943,22.63032],[87.937115,22.630066],[87.937115,22.633402],[87.941572,22.633402],[87.940943,22.63032]]]},"properties":{"id":"SYN-ARAMBAGH-005-0430","block":"Khanakul - Ii","mouza":"SYNTHETIC_MOUZA_005","plot":"SYN-005-0430","areaSqm":0,"real":false}},{"type":"Feature","geometry":{"type":"Polygon","coordinates":[[[87.941572,22.633402],[87.937115,22.633402],[87.937115,22.638527],[87.942194,22.638527],[87.942535,22.638128],[87.941572,22.633402]]]},"properties":{"id":"SYN-ARAMBAGH-005-0431","block":"Khanakul - Ii","mouza":"SYNTHETIC_MOUZA_005","plot":"SYN-005-0431","areaSqm":0,"real":false}},{"type":"Feature","geometry":{"type":"Polygon","coordinates":[[[87.942194,22.638527],[87.937115,22.638527],[87.937115,22.643652],[87.937816,22.643652],[87.942194,22.638527]]]},"properties":{"id":"SYN-ARAMBAGH-005-0432","block":"Khanakul - Ii","mouza":"SYNTHETIC_MOUZA_005","plot":"SYN-005-0432","areaSqm":0,"real":false}},{"type":"Feature","geometry":{"type":"Polygon","coordinates":[[[87.937816,22.643652],[87.937115,22.643652],[87.937115,22.644472],[87.937816,22.643652]]]},"properties":{"id":"SYN-ARAMBAGH-005-0433","block":"Khanakul - Ii","mouza":"SYNTHETIC_MOUZA_005","plot":"SYN-005-0433","areaSqm":0,"real":false}},{"type":"Feature","geometry":{"type":"Polygon","coordinates":[[[87.910083,22.799789],[87.909232,22.802114],[87.906055,22.802892],[87.906149,22.804054],[87.910087,22.804054],[87.910087,22.799789],[87.910083,22.799789]]]},"properties":{"id":"SYN-ARAMBAGH-006-0001","block":"Pursura","mouza":"SYNTHETIC_MOUZA_006","plot":"SYN-006-0001","areaSqm":0,"real":false}},{"type":"Feature","geometry":{"type":"Polygon","coordinates":[[[87.906464,22.807972],[87.907148,22.808973],[87.910087,22.808973],[87.910087,22.804054],[87.906149,22.804054],[87.906464,22.807972]]]},"properties":{"id":"SYN-ARAMBAGH-006-0002","block":"Pursura","mouza":"SYNTHETIC_MOUZA_006","plot":"SYN-006-0002","areaSqm":0,"real":false}},{"type":"Feature","geometry":{"type":"Polygon","coordinates":[[[87.909413,22.812282],[87.909817,22.813891],[87.910087,22.813891],[87.910087,22.808973],[87.907148,22.808973],[87.909413,22.812282]]]},"properties":{"id":"SYN-ARAMBAGH-006-0003","block":"Pursura","mouza":"SYNTHETIC_MOUZA_006","plot":"SYN-006-0003","areaSqm":0,"real":false}},{"type":"Feature","geometry":{"type":"Polygon","coordinates":[[[87.910087,22.814965],[87.910087,22.813891],[87.909817,22.813891],[87.910087,22.814965]]]},"properties":{"id":"SYN-ARAMBAGH-006-0004","block":"Pursura","mouza":"SYNTHETIC_MOUZA_006","plot":"SYN-006-0004","areaSqm":0,"real":false}},{"type":"Feature","geometry":{"type":"Polygon","coordinates":[[[87.90705,22.823728],[87.910087,22.823728],[87.910087,22.819947],[87.90705,22.823728]]]},"properties":{"id":"SYN-ARAMBAGH-006-0005","block":"Pursura","mouza":"SYNTHETIC_MOUZA_006","plot":"SYN-006-0005","areaSqm":0,"real":false}},{"type":"Feature","geometry":{"type":"Polygon","coordinates":[[[87.906547,22.828646],[87.910087,22.828646],[87.910087,22.823728],[87.90705,22.823728],[87.905118,22.826132],[87.906547,22.828646]]]},"properties":{"id":"SYN-ARAMBAGH-006-0006","block":"Pursura","mouza":"SYNTHETIC_MOUZA_006","plot":"SYN-006-0006","areaSqm":0,"real":false}},{"type":"Feature","geometry":{"type":"Polygon","coordinates":[[[87.907452,22.830238],[87.910087,22.831323],[87.910087,22.828646],[87.906547,22.828646],[87.907452,22.830238]]]},"properties":{"id":"SYN-ARAMBAGH-006-0007","block":"Pursura","mouza":"SYNTHETIC_MOUZA_006","plot":"SYN-006-0007","areaSqm":0,"real":false}},{"type":"Feature","geometry":{"type":"Polygon","coordinates":[[[87.912897,22.777723],[87.913436,22.779462],[87.915055,22.779462],[87.915055,22.776491],[87.912897,22.777723]]]},"properties":{"id":"SYN-ARAMBAGH-006-0008","block":"Pursura","mouza":"SYNTHETIC_MOUZA_006","plot":"SYN-006-0008","areaSqm":0,"real":false}},{"type":"Feature","geometry":{"type":"Polygon","coordinates":[[[87.914424,22.782652],[87.915055,22.783241],[87.915055,22.779462],[87.913436,22.779462],[87.914424,22.782652]]]},"properties":{"id":"SYN-ARAMBAGH-006-0009","block":"Pursura","mouza":"SYNTHETIC_MOUZA_006","plot":"SYN-006-0009","areaSqm":0,"real":false}},{"type":"Feature","geometry":{"type":"Polygon","coordinates":[[[87.914499,22.794211],[87.914498,22.794217],[87.915055,22.794217],[87.915055,22.794165],[87.914499,22.794211]]]},"properties":{"id":"SYN-ARAMBAGH-006-0010","block":"Pursura","mouza":"SYNTHETIC_MOUZA_006","plot":"SYN-006-0010","areaSqm":0,"real":false}},{"type":"Feature","geometry":{"type":"Polygon","coordinates":[[[87.913744,22.799136],[87.915055,22.799136],[87.915055,22.794217],[87.914498,22.794217],[87.913744,22.799136]]]},"properties":{"id":"SYN-ARAMBAGH-006-0011","block":"Pursura","mouza":"SYNTHETIC_MOUZA_006","plot":"SYN-006-0011","areaSqm":0,"real":false}},{"type":"Feature","geometry":{"type":"Polygon","coordinates":[[[87.913685,22.799517],[87.910087,22.799789],[87.910087,22.804054],[87.915055,22.804054],[87.915055,22.799136],[87.913744,22.799136],[87.913685,22.799517]]]},"properties":{"id":"SYN-ARAMBAGH-006-0012","block":"Pursura","mouza":"SYNTHETIC_MOUZA_006","plot":"SYN-006-0012","areaSqm":0,"real":false}},{"type":"Feature","geometry":{"type":"Polygon","coordinates":[[[87.910087,22.804054],[87.910087,22.808973],[87.915055,22.808973],[87.915055,22.804054],[87.910087,22.804054]]]},"properties":{"id":"SYN-ARAMBAGH-006-0013","block":"Pursura","mouza":"SYNTHETIC_MOUZA_006","plot":"SYN-006-0013","areaSqm":0,"real":false}},{"type":"Feature","geometry":{"type":"Polygon","coordinates":[[[87.910087,22.808973],[87.910087,22.813891],[87.915055,22.813891],[87.915055,22.808973],[87.910087,22.808973]]]},"properties":{"id":"SYN-ARAMBAGH-006-0014","block":"Pursura","mouza":"SYNTHETIC_MOUZA_006","plot":"SYN-006-0014","areaSqm":0,"real":false}},{"type":"Feature","geometry":{"type":"Polygon","coordinates":[[[87.911039,22.818761],[87.911001,22.81881],[87.915055,22.81881],[87.915055,22.813891],[87.910087,22.813891],[87.910087,22.814965],[87.911039,22.818761]]]},"properties":{"id":"SYN-ARAMBAGH-006-0015","block":"Pursura","mouza":"SYNTHETIC_MOUZA_006","plot":"SYN-006-0015","areaSqm":0,"real":false}},{"type":"Feature","geometry":{"type":"Polygon","coordinates":[[[87.910087,22.819947],[87.910087,22.823728],[87.915055,22.823728],[87.915055,22.81881],[87.911001,22.81881],[87.910087,22.819947]]]},"properties":{"id":"SYN-ARAMBAGH-006-0016","block":"Pursura","mouza":"SYNTHETIC_MOUZA_006","plot":"SYN-006-0016","areaSqm":0,"real":false}},{"type":"Feature","geometry":{"type":"Polygon","coordinates":[[[87.910087,22.823728],[87.910087,22.828646],[87.915055,22.828646],[87.915055,22.823728],[87.910087,22.823728]]]},"properties":{"id":"SYN-ARAMBAGH-006-0017","block":"Pursura","mouza":"SYNTHETIC_MOUZA_006","plot":"SYN-006-0017","areaSqm":0,"real":false}},{"type":"Feature","geometry":{"type":"Polygon","coordinates":[[[87.911375,22.831853],[87.911315,22.833565],[87.915055,22.833565],[87.915055,22.828646],[87.910087,22.828646],[87.910087,22.831323],[87.911375,22.831853]]]},"properties":{"id":"SYN-ARAMBAGH-006-0018","block":"Pursura","mouza":"SYNTHETIC_MOUZA_006","plot":"SYN-006-0018","areaSqm":0,"real":false}},{"type":"Feature","geometry":{"type":"Polygon","coordinates":[[[87.911144,22.838483],[87.915055,22.838483],[87.915055,22.833565],[87.911315,22.833565],[87.911144,22.838483]]]},"properties":{"id":"SYN-ARAMBAGH-006-0019","block":"Pursura","mouza":"SYNTHETIC_MOUZA_006","plot":"SYN-006-0019","areaSqm":0,"real":false}},{"type":"Feature","geometry":{"type":"Polygon","coordinates":[[[87.911082,22.840267],[87.915055,22.841509],[87.915055,22.838483],[87.911144,22.838483],[87.911082,22.840267]]]},"properties":{"id":"SYN-ARAMBAGH-006-0020","block":"Pursura","mouza":"SYNTHETIC_MOUZA_006","plot":"SYN-006-0020","areaSqm":0,"real":false}},{"type":"Feature","geometry":{"type":"Polygon","coordinates":[[[87.914487,22.892586],[87.915055,22.892586],[87.915055,22.891795],[87.914487,22.892586]]]},"properties":{"id":"SYN-ARAMBAGH-006-0021","block":"Pursura","mouza":"SYNTHETIC_MOUZA_006","plot":"SYN-006-0021","areaSqm":0,"real":false}},{"type":"Feature","geometry":{"type":"Polygon","coordinates":[[[87.913407,22.894091],[87.914144,22.89537],[87.915055,22.8953],[87.915055,22.892586],[87.914487,22.892586],[87.913407,22.894091]]]},"properties":{"id":"SYN-ARAMBAGH-006-0022","block":"Pursura","mouza":"SYNTHETIC_MOUZA_006","plot":"SYN-006-0022","areaSqm":0,"real":false}},{"type":"Feature","geometry":{"type":"Polygon","coordinates":[[[87.918465,22.774544],[87.920023,22.774544],[87.920023,22.773654],[87.918465,22.774544]]]},"properties":{"id":"SYN-ARAMBAGH-006-0023","block":"Pursura","mouza":"SYNTHETIC_MOUZA_006","plot":"SYN-006-0023","areaSqm":0,"real":false}},{"type":"Feature","geometry":{"type":"Polygon","coordinates":[[[87.915055,22.776491],[87.915055,22.779462],[87.920023,22.779462],[87.920023,22.774544],[87.918465,22.774544],[87.915055,22.776491]]]},"properties":{"id":"SYN-ARAMBAGH-006-0024","block":"Pursura","mouza":"SYNTHETIC_MOUZA_006","plot":"SYN-006-0024","areaSqm":0,"real":false}},{"type":"Feature","geometry":{"type":"Polygon","coordinates":[[[87.916272,22.78438],[87.920023,22.78438],[87.920023,22.779462],[87.915055,22.779462],[87.915055,22.783241],[87.916272,22.78438]]]},"properties":{"id":"SYN-ARAMBAGH-006-0025","block":"Pursura","mouza":"SYNTHETIC_MOUZA_006","plot":"SYN-006-0025","areaSqm":0,"real":false}},{"type":"Feature","geometry":{"type":"Polygon","coordinates":[[[87.920023,22.78789],[87.920023,22.78438],[87.916272,22.78438],[87.920023,22.78789]]]},"properties":{"id":"SYN-ARAMBAGH-006-0026","block":"Pursura","mouza":"SYNTHETIC_MOUZA_006","plot":"SYN-006-0026","areaSqm":0,"real":false}},{"type":"Feature","geometry":{"type":"Polygon","coordinates":[[[87.915055,22.794165],[87.915055,22.794217],[87.920023,22.794217],[87.920023,22.793752],[87.915055,22.794165]]]},"properties":{"id":"SYN-ARAMBAGH-006-0027","block":"Pursura","mouza":"SYNTHETIC_MOUZA_006","plot":"SYN-006-0027","areaSqm":0,"real":false}},{"type":"Feature","geometry":{"type":"Polygon","coordinates":[[[87.915055,22.794217],[87.915055,22.799136],[87.920023,22.799136],[87.920023,22.794217],[87.915055,22.794217]]]},"properties":{"id":"SYN-ARAMBAGH-006-0028","block":"Pursura","mouza":"SYNTHETIC_MOUZA_006","plot":"SYN-006-0028","areaSqm":0,"real":false}},{"type":"Feature","geometry":{"type":"Polygon","coordinates":[[[87.915055,22.799136],[87.915055,22.804054],[87.920023,22.804054],[87.920023,22.799136],[87.915055,22.799136]]]},"properties":{"id":"SYN-ARAMBAGH-006-0029","block":"Pursura","mouza":"SYNTHETIC_MOUZA_006","plot":"SYN-006-0029","areaSqm":0,"real":false}},{"type":"Feature","geometry":{"type":"Polygon","coordinates":[[[87.915055,22.804054],[87.915055,22.808973],[87.920023,22.808973],[87.920023,22.804054],[87.915055,22.804054]]]},"properties":{"id":"SYN-ARAMBAGH-006-0030","block":"Pursura","mouza":"SYNTHETIC_MOUZA_006","plot":"SYN-006-0030","areaSqm":0,"real":false}},{"type":"Feature","geometry":{"type":"Polygon","coordinates":[[[87.915055,22.808973],[87.915055,22.813891],[87.920023,22.813891],[87.920023,22.808973],[87.915055,22.808973]]]},"properties":{"id":"SYN-ARAMBAGH-006-0031","block":"Pursura","mouza":"SYNTHETIC_MOUZA_006","plot":"SYN-006-0031","areaSqm":0,"real":false}},{"type":"Feature","geometry":{"type":"Polygon","coordinates":[[[87.915055,22.813891],[87.915055,22.81881],[87.920023,22.81881],[87.920023,22.813891],[87.915055,22.813891]]]},"properties":{"id":"SYN-ARAMBAGH-006-0032","block":"Pursura","mouza":"SYNTHETIC_MOUZA_006","plot":"SYN-006-0032","areaSqm":0,"real":false}},{"type":"Feature","geometry":{"type":"Polygon","coordinates":[[[87.915055,22.81881],[87.915055,22.823728],[87.920023,22.823728],[87.920023,22.81881],[87.915055,22.81881]]]},"properties":{"id":"SYN-ARAMBAGH-006-0033","block":"Pursura","mouza":"SYNTHETIC_MOUZA_006","plot":"SYN-006-0033","areaSqm":0,"real":false}},{"type":"Feature","geometry":{"type":"Polygon","coordinates":[[[87.915055,22.823728],[87.915055,22.828646],[87.920023,22.828646],[87.920023,22.823728],[87.915055,22.823728]]]},"properties":{"id":"SYN-ARAMBAGH-006-0034","block":"Pursura","mouza":"SYNTHETIC_MOUZA_006","plot":"SYN-006-0034","areaSqm":0,"real":false}},{"type":"Feature","geometry":{"type":"Polygon","coordinates":[[[87.915055,22.828646],[87.915055,22.833565],[87.920023,22.833565],[87.920023,22.828646],[87.915055,22.828646]]]},"properties":{"id":"SYN-ARAMBAGH-006-0035","block":"Pursura","mouza":"SYNTHETIC_MOUZA_006","plot":"SYN-006-0035","areaSqm":0,"real":false}},{"type":"Feature","geometry":{"type":"Polygon","coordinates":[[[87.915055,22.833565],[87.915055,22.838483],[87.920023,22.838483],[87.920023,22.833565],[87.915055,22.833565]]]},"properties":{"id":"SYN-ARAMBAGH-006-0036","block":"Pursura","mouza":"SYNTHETIC_MOUZA_006","plot":"SYN-006-0036","areaSqm":0,"real":false}},{"type":"Feature","geometry":{"type":"Polygon","coordinates":[[[87.916008,22.841807],[87.91614,22.843402],[87.920023,22.843402],[87.920023,22.838483],[87.915055,22.838483],[87.915055,22.841509],[87.916008,22.841807]]]},"properties":{"id":"SYN-ARAMBAGH-006-0037","block":"Pursura","mouza":"SYNTHETIC_MOUZA_006","plot":"SYN-006-0037","areaSqm":0,"real":false}},{"type":"Feature","geometry":{"type":"Polygon","coordinates":[[[87.916547,22.84832],[87.920023,22.84832],[87.920023,22.843402],[87.91614,22.843402],[87.916547,22.84832]]]},"properties":{"id":"SYN-ARAMBAGH-006-0038","block":"Pursura","mouza":"SYNTHETIC_MOUZA_006","plot":"SYN-006-0038","areaSqm":0,"real":false}},{"type":"Feature","geometry":{"type":"Polygon","coordinates":[[[87.9167,22.850164],[87.9197,22.850507],[87.920023,22.85179],[87.920023,22.84832],[87.916547,22.84832],[87.9167,22.850164]]]},"properties":{"id":"SYN-ARAMBAGH-006-0039","block":"Pursura","mouza":"SYNTHETIC_MOUZA_006","plot":"SYN-006-0039","areaSqm":0,"real":false}},{"type":"Feature","geometry":{"type":"Polygon","coordinates":[[[87.917887,22.877831],[87.920023,22.877831],[87.920023,22.874099],[87.917887,22.877831]]]},"properties":{"id":"SYN-ARAMBAGH-006-0040","block":"Pursura","mouza":"SYNTHETIC_MOUZA_006","plot":"SYN-006-0040","areaSqm":0,"real":false}},{"type":"Feature","geometry":{"type":"Polygon","coordinates":[[[87.917836,22.877919],[87.916949,22.882749],[87.920023,22.882749],[87.920023,22.877831],[87.917887,22.877831],[87.917836,22.877919]]]},"properties":{"id":"SYN-ARAMBAGH-006-0041","block":"Pursura","mouza":"SYNTHETIC_MOUZA_006","plot":"SYN-006-0041","areaSqm":0,"real":false}},{"type":"Feature","geometry":{"type":"Polygon","coordinates":[[[87.916047,22.887668],[87.920023,22.887668],[87.920023,22.882749],[87.916949,22.882749],[87.916047,22.887668]]]},"properties":{"id":"SYN-ARAMBAGH-006-0042","block":"Pursura","mouza":"SYNTHETIC_MOUZA_006","plot":"SYN-006-0042","areaSqm":0,"real":false}},{"type":"Feature","geometry":{"type":"Polygon","coordinates":[[[87.91537,22.891355],[87.915055,22.891795],[87.915055,22.892586],[87.920023,22.892586],[87.920023,22.887668],[87.916047,22.887668],[87.91537,22.891355]]]},"properties":{"id":"SYN-ARAMBAGH-006-0043","block":"Pursura","mouza":"SYNTHETIC_MOUZA_006","plot":"SYN-006-0043","areaSqm":0,"real":false}},{"type":"Feature","geometry":{"type":"Polygon","coordinates":[[[87.920023,22.894915],[87.920023,22.892586],[87.915055,22.892586],[87.915055,22.8953],[87.920023,22.894915]]]},"properties":{"id":"SYN-ARAMBAGH-006-0044","block":"Pursura","mouza":"SYNTHETIC_MOUZA_006","plot":"SYN-006-0044","areaSqm":0,"real":false}},{"type":"Feature","geometry":{"type":"Polygon","coordinates":[[[87.922343,22.772329],[87.920023,22.773654],[87.920023,22.774544],[87.924991,22.774544],[87.924991,22.772235],[87.922343,22.772329]]]},"properties":{"id":"SYN-ARAMBAGH-006-0045","block":"Pursura","mouza":"SYNTHETIC_MOUZA_006","plot":"SYN-006-0045","areaSqm":0,"real":false}},{"type":"Feature","geometry":{"type":"Polygon","coordinates":[[[87.920023,22.774544],[87.920023,22.779462],[87.924991,22.779462],[87.924991,22.774544],[87.920023,22.774544]]]},"properties":{"id":"SYN-ARAMBAGH-006-0046","block":"Pursura","mouza":"SYNTHETIC_MOUZA_006","plot":"SYN-006-0046","areaSqm":0,"real":false}},{"type":"Feature","geometry":{"type":"Polygon","coordinates":[[[87.920023,22.779462],[87.920023,22.78438],[87.924991,22.78438],[87.924991,22.779462],[87.920023,22.779462]]]},"properties":{"id":"SYN-ARAMBAGH-006-0047","block":"Pursura","mouza":"SYNTHETIC_MOUZA_006","plot":"SYN-006-0047","areaSqm":0,"real":false}},{"type":"Feature","geometry":{"type":"Polygon","coordinates":[[[87.921528,22.789299],[87.924991,22.789299],[87.924991,22.78438],[87.920023,22.78438],[87.920023,22.78789],[87.921528,22.789299]]]},"properties":{"id":"SYN-ARAMBAGH-006-0048","block":"Pursura","mouza":"SYNTHETIC_MOUZA_006","plot":"SYN-006-0048","areaSqm":0,"real":false}},{"type":"Feature","geometry":{"type":"Polygon","coordinates":[[[87.922731,22.790424],[87.920038,22.793751],[87.920023,22.793752],[87.920023,22.794217],[87.924991,22.794217],[87.924991,22.789299],[87.921528,22.789299],[87.922731,22.790424]]]},"properties":{"id":"SYN-ARAMBAGH-006-0049","block":"Pursura","mouza":"SYNTHETIC_MOUZA_006","plot":"SYN-006-0049","areaSqm":0,"real":false}},{"type":"Feature","geometry":{"type":"Polygon","coordinates":[[[87.920023,22.794217],[87.920023,22.799136],[87.924991,22.799136],[87.924991,22.794217],[87.920023,22.794217]]]},"properties":{"id":"SYN-ARAMBAGH-006-0050","block":"Pursura","mouza":"SYNTHETIC_MOUZA_006","plot":"SYN-006-0050","areaSqm":0,"real":false}},{"type":"Feature","geometry":{"type":"Polygon","coordinates":[[[87.920023,22.799136],[87.920023,22.804054],[87.924991,22.804054],[87.924991,22.799136],[87.920023,22.799136]]]},"properties":{"id":"SYN-ARAMBAGH-006-0051","block":"Pursura","mouza":"SYNTHETIC_MOUZA_006","plot":"SYN-006-0051","areaSqm":0,"real":false}},{"type":"Feature","geometry":{"type":"Polygon","coordinates":[[[87.920023,22.804054],[87.920023,22.808973],[87.924991,22.808973],[87.924991,22.804054],[87.920023,22.804054]]]},"properties":{"id":"SYN-ARAMBAGH-006-0052","block":"Pursura","mouza":"SYNTHETIC_MOUZA_006","plot":"SYN-006-0052","areaSqm":0,"real":false}},{"type":"Feature","geometry":{"type":"Polygon","coordinates":[[[87.920023,22.808973],[87.920023,22.813891],[87.924991,22.813891],[87.924991,22.808973],[87.920023,22.808973]]]},"properties":{"id":"SYN-ARAMBAGH-006-0053","block":"Pursura","mouza":"SYNTHETIC_MOUZA_006","plot":"SYN-006-0053","areaSqm":0,"real":false}},{"type":"Feature","geometry":{"type":"Polygon","coordinates":[[[87.920023,22.813891],[87.920023,22.81881],[87.924991,22.81881],[87.924991,22.813891],[87.920023,22.813891]]]},"properties":{"id":"SYN-ARAMBAGH-006-0054","block":"Pursura","mouza":"SYNTHETIC_MOUZA_006","plot":"SYN-006-0054","areaSqm":0,"real":false}},{"type":"Feature","geometry":{"type":"Polygon","coordinates":[[[87.920023,22.81881],[87.920023,22.823728],[87.924991,22.823728],[87.924991,22.81881],[87.920023,22.81881]]]},"properties":{"id":"SYN-ARAMBAGH-006-0055","block":"Pursura","mouza":"SYNTHETIC_MOUZA_006","plot":"SYN-006-0055","areaSqm":0,"real":false}},{"type":"Feature","geometry":{"type":"Polygon","coordinates":[[[87.920023,22.823728],[87.920023,22.828646],[87.924991,22.828646],[87.924991,22.823728],[87.920023,22.823728]]]},"properties":{"id":"SYN-ARAMBAGH-006-0056","block":"Pursura","mouza":"SYNTHETIC_MOUZA_006","plot":"SYN-006-0056","areaSqm":0,"real":false}},{"type":"Feature","geometry":{"type":"Polygon","coordinates":[[[87.920023,22.828646],[87.920023,22.833565],[87.924991,22.833565],[87.924991,22.828646],[87.920023,22.828646]]]},"properties":{"id":"SYN-ARAMBAGH-006-0057","block":"Pursura","mouza":"SYNTHETIC_MOUZA_006","plot":"SYN-006-0057","areaSqm":0,"real":false}},{"type":"Feature","geometry":{"type":"Polygon","coordinates":[[[87.920023,22.833565],[87.920023,22.838483],[87.924991,22.838483],[87.924991,22.833565],[87.920023,22.833565]]]},"properties":{"id":"SYN-ARAMBAGH-006-0058","block":"Pursura","mouza":"SYNTHETIC_MOUZA_006","plot":"SYN-006-0058","areaSqm":0,"real":false}},{"type":"Feature","geometry":{"type":"Polygon","coordinates":[[[87.920023,22.838483],[87.920023,22.843402],[87.924991,22.843402],[87.924991,22.838483],[87.920023,22.838483]]]},"properties":{"id":"SYN-ARAMBAGH-006-0059","block":"Pursura","mouza":"SYNTHETIC_MOUZA_006","plot":"SYN-006-0059","areaSqm":0,"real":false}},{"type":"Feature","geometry":{"type":"Polygon","coordinates":[[[87.920023,22.843402],[87.920023,22.84832],[87.924991,22.84832],[87.924991,22.843402],[87.920023,22.843402]]]},"properties":{"id":"SYN-ARAMBAGH-006-0060","block":"Pursura","mouza":"SYNTHETIC_MOUZA_006","plot":"SYN-006-0060","areaSqm":0,"real":false}},{"type":"Feature","geometry":{"type":"Polygon","coordinates":[[[87.920331,22.853018],[87.92033,22.853239],[87.924991,22.853239],[87.924991,22.84832],[87.920023,22.84832],[87.920023,22.85179],[87.920331,22.853018]]]},"properties":{"id":"SYN-ARAMBAGH-006-0061","block":"Pursura","mouza":"SYNTHETIC_MOUZA_006","plot":"SYN-006-0061","areaSqm":0,"real":false}},{"type":"Feature","geometry":{"type":"Polygon","coordinates":[[[87.920298,22.858157],[87.924991,22.858157],[87.924991,22.853239],[87.92033,22.853239],[87.920298,22.858157]]]},"properties":{"id":"SYN-ARAMBAGH-006-0062","block":"Pursura","mouza":"SYNTHETIC_MOUZA_006","plot":"SYN-006-0062","areaSqm":0,"real":false}},{"type":"Feature","geometry":{"type":"Polygon","coordinates":[[[87.920267,22.863076],[87.924991,22.863076],[87.924991,22.858157],[87.920298,22.858157],[87.920267,22.863076]]]},"properties":{"id":"SYN-ARAMBAGH-006-0063","block":"Pursura","mouza":"SYNTHETIC_MOUZA_006","plot":"SYN-006-0063","areaSqm":0,"real":false}},{"type":"Feature","geometry":{"type":"Polygon","coordinates":[[[87.920235,22.867994],[87.924991,22.867994],[87.924991,22.863076],[87.920267,22.863076],[87.920235,22.867994]]]},"properties":{"id":"SYN-ARAMBAGH-006-0064","block":"Pursura","mouza":"SYNTHETIC_MOUZA_006","plot":"SYN-006-0064","areaSqm":0,"real":false}},{"type":"Feature","geometry":{"type":"Polygon","coordinates":[[[87.920203,22.872912],[87.924991,22.872912],[87.924991,22.867994],[87.920235,22.867994],[87.920203,22.872912]]]},"properties":{"id":"SYN-ARAMBAGH-006-0065","block":"Pursura","mouza":"SYNTHETIC_MOUZA_006","plot":"SYN-006-0065","areaSqm":0,"real":false}},{"type":"Feature","geometry":{"type":"Polygon","coordinates":[[[87.920197,22.873795],[87.920023,22.874099],[87.920023,22.877831],[87.924991,22.877831],[87.924991,22.872912],[87.920203,22.872912],[87.920197,22.873795]]]},"properties":{"id":"SYN-ARAMBAGH-006-0066","block":"Pursura","mouza":"SYNTHETIC_MOUZA_006","plot":"SYN-006-0066","areaSqm":0,"real":false}},{"type":"Feature","geometry":{"type":"Polygon","coordinates":[[[87.920023,22.877831],[87.920023,22.882749],[87.924991,22.882749],[87.924991,22.877831],[87.920023,22.877831]]]},"properties":{"id":"SYN-ARAMBAGH-006-0067","block":"Pursura","mouza":"SYNTHETIC_MOUZA_006","plot":"SYN-006-0067","areaSqm":0,"real":false}},{"type":"Feature","geometry":{"type":"Polygon","coordinates":[[[87.920023,22.882749],[87.920023,22.887668],[87.924991,22.887668],[87.924991,22.882749],[87.920023,22.882749]]]},"properties":{"id":"SYN-ARAMBAGH-006-0068","block":"Pursura","mouza":"SYNTHETIC_MOUZA_006","plot":"SYN-006-0068","areaSqm":0,"real":false}},{"type":"Feature","geometry":{"type":"Polygon","coordinates":[[[87.920023,22.887668],[87.920023,22.892586],[87.924991,22.892586],[87.924991,22.887668],[87.920023,22.887668]]]},"properties":{"id":"SYN-ARAMBAGH-006-0069","block":"Pursura","mouza":"SYNTHETIC_MOUZA_006","plot":"SYN-006-0069","areaSqm":0,"real":false}},{"type":"Feature","geometry":{"type":"Polygon","coordinates":[[[87.920894,22.894848],[87.921591,22.897505],[87.924991,22.897505],[87.924991,22.892586],[87.920023,22.892586],[87.920023,22.894915],[87.920894,22.894848]]]},"properties":{"id":"SYN-ARAMBAGH-006-0070","block":"Pursura","mouza":"SYNTHETIC_MOUZA_006","plot":"SYN-006-0070","areaSqm":0,"real":false}},{"type":"Feature","geometry":{"type":"Polygon","coordinates":[[[87.92288,22.902423],[87.924991,22.902423],[87.924991,22.897505],[87.921591,22.897505],[87.92288,22.902423]]]},"properties":{"id":"SYN-ARAMBAGH-006-0071","block":"Pursura","mouza":"SYNTHETIC_MOUZA_006","plot":"SYN-006-0071","areaSqm":0,"real":false}},{"type":"Feature","geometry":{"type":"Polygon","coordinates":[[[87.923446,22.904583],[87.92312,22.907342],[87.924991,22.907342],[87.924991,22.902423],[87.92288,22.902423],[87.923446,22.904583]]]},"properties":{"id":"SYN-ARAMBAGH-006-0072","block":"Pursura","mouza":"SYNTHETIC_MOUZA_006","plot":"SYN-006-0072","areaSqm":0,"real":false}},{"type":"Feature","geometry":{"type":"Polygon","coordinates":[[[87.922647,22.91134],[87.924991,22.911225],[87.924991,22.907342],[87.92312,22.907342],[87.922647,22.91134]]]},"properties":{"id":"SYN-ARAMBAGH-006-0073","block":"Pursura","mouza":"SYNTHETIC_MOUZA_006","plot":"SYN-006-0073","areaSqm":0,"real":false}},{"type":"Feature","geometry":{"type":"Polygon","coordinates":[[[87.924991,22.772235],[87.924991,22.774544],[87.929959,22.774544],[87.929959,22.772058],[87.924991,22.772235]]]},"properties":{"id":"SYN-ARAMBAGH-006-0074","block":"Pursura","mouza":"SYNTHETIC_MOUZA_006","plot":"SYN-006-0074","areaSqm":0,"real":false}},{"type":"Feature","geometry":{"type":"Polygon","coordinates":[[[87.924991,22.774544],[87.924991,22.779462],[87.929959,22.779462],[87.929959,22.774544],[87.924991,22.774544]]]},"properties":{"id":"SYN-ARAMBAGH-006-0075","block":"Pursura","mouza":"SYNTHETIC_MOUZA_006","plot":"SYN-006-0075","areaSqm":0,"real":false}},{"type":"Feature","geometry":{"type":"Polygon","coordinates":[[[87.924991,22.779462],[87.924991,22.78438],[87.929959,22.78438],[87.929959,22.779462],[87.924991,22.779462]]]},"properties":{"id":"SYN-ARAMBAGH-006-0076","block":"Pursura","mouza":"SYNTHETIC_MOUZA_006","plot":"SYN-006-0076","areaSqm":0,"real":false}},{"type":"Feature","geometry":{"type":"Polygon","coordinates":[[[87.924991,22.78438],[87.924991,22.789299],[87.929959,22.789299],[87.929959,22.78438],[87.924991,22.78438]]]},"properties":{"id":"SYN-ARAMBAGH-006-0077","block":"Pursura","mouza":"SYNTHETIC_MOUZA_006","plot":"SYN-006-0077","areaSqm":0,"real":false}},{"type":"Feature","geometry":{"type":"Polygon","coordinates":[[[87.924991,22.789299],[87.924991,22.794217],[87.929959,22.794217],[87.929959,22.789299],[87.924991,22.789299]]]},"properties":{"id":"SYN-ARAMBAGH-006-0078","block":"Pursura","mouza":"SYNTHETIC_MOUZA_006","plot":"SYN-006-0078","areaSqm":0,"real":false}},{"type":"Feature","geometry":{"type":"Polygon","coordinates":[[[87.924991,22.794217],[87.924991,22.799136],[87.929959,22.799136],[87.929959,22.794217],[87.924991,22.794217]]]},"properties":{"id":"SYN-ARAMBAGH-006-0079","block":"Pursura","mouza":"SYNTHETIC_MOUZA_006","plot":"SYN-006-0079","areaSqm":0,"real":false}},{"type":"Feature","geometry":{"type":"Polygon","coordinates":[[[87.924991,22.799136],[87.924991,22.804054],[87.929959,22.804054],[87.929959,22.799136],[87.924991,22.799136]]]},"properties":{"id":"SYN-ARAMBAGH-006-0080","block":"Pursura","mouza":"SYNTHETIC_MOUZA_006","plot":"SYN-006-0080","areaSqm":0,"real":false}},{"type":"Feature","geometry":{"type":"Polygon","coordinates":[[[87.924991,22.804054],[87.924991,22.808973],[87.929959,22.808973],[87.929959,22.804054],[87.924991,22.804054]]]},"properties":{"id":"SYN-ARAMBAGH-006-0081","block":"Pursura","mouza":"SYNTHETIC_MOUZA_006","plot":"SYN-006-0081","areaSqm":0,"real":false}},{"type":"Feature","geometry":{"type":"Polygon","coordinates":[[[87.924991,22.808973],[87.924991,22.813891],[87.929959,22.813891],[87.929959,22.808973],[87.924991,22.808973]]]},"properties":{"id":"SYN-ARAMBAGH-006-0082","block":"Pursura","mouza":"SYNTHETIC_MOUZA_006","plot":"SYN-006-0082","areaSqm":0,"real":false}},{"type":"Feature","geometry":{"type":"Polygon","coordinates":[[[87.924991,22.813891],[87.924991,22.81881],[87.929959,22.81881],[87.929959,22.813891],[87.924991,22.813891]]]},"properties":{"id":"SYN-ARAMBAGH-006-0083","block":"Pursura","mouza":"SYNTHETIC_MOUZA_006","plot":"SYN-006-0083","areaSqm":0,"real":false}},{"type":"Feature","geometry":{"type":"Polygon","coordinates":[[[87.924991,22.81881],[87.924991,22.823728],[87.929959,22.823728],[87.929959,22.81881],[87.924991,22.81881]]]},"properties":{"id":"SYN-ARAMBAGH-006-0084","block":"Pursura","mouza":"SYNTHETIC_MOUZA_006","plot":"SYN-006-0084","areaSqm":0,"real":false}},{"type":"Feature","geometry":{"type":"Polygon","coordinates":[[[87.924991,22.823728],[87.924991,22.828646],[87.929959,22.828646],[87.929959,22.823728],[87.924991,22.823728]]]},"properties":{"id":"SYN-ARAMBAGH-006-0085","block":"Pursura","mouza":"SYNTHETIC_MOUZA_006","plot":"SYN-006-0085","areaSqm":0,"real":false}},{"type":"Feature","geometry":{"type":"Polygon","coordinates":[[[87.924991,22.828646],[87.924991,22.833565],[87.929959,22.833565],[87.929959,22.828646],[87.924991,22.828646]]]},"properties":{"id":"SYN-ARAMBAGH-006-0086","block":"Pursura","mouza":"SYNTHETIC_MOUZA_006","plot":"SYN-006-0086","areaSqm":0,"real":false}},{"type":"Feature","geometry":{"type":"Polygon","coordinates":[[[87.924991,22.833565],[87.924991,22.838483],[87.929959,22.838483],[87.929959,22.833565],[87.924991,22.833565]]]},"properties":{"id":"SYN-ARAMBAGH-006-0087","block":"Pursura","mouza":"SYNTHETIC_MOUZA_006","plot":"SYN-006-0087","areaSqm":0,"real":false}},{"type":"Feature","geometry":{"type":"Polygon","coordinates":[[[87.924991,22.838483],[87.924991,22.843402],[87.929959,22.843402],[87.929959,22.838483],[87.924991,22.838483]]]},"properties":{"id":"SYN-ARAMBAGH-006-0088","block":"Pursura","mouza":"SYNTHETIC_MOUZA_006","plot":"SYN-006-0088","areaSqm":0,"real":false}},{"type":"Feature","geometry":{"type":"Polygon","coordinates":[[[87.924991,22.843402],[87.924991,22.84832],[87.929959,22.84832],[87.929959,22.843402],[87.924991,22.843402]]]},"properties":{"id":"SYN-ARAMBAGH-006-0089","block":"Pursura","mouza":"SYNTHETIC_MOUZA_006","plot":"SYN-006-0089","areaSqm":0,"real":false}},{"type":"Feature","geometry":{"type":"Polygon","coordinates":[[[87.924991,22.84832],[87.924991,22.853239],[87.929959,22.853239],[87.929959,22.84832],[87.924991,22.84832]]]},"properties":{"id":"SYN-ARAMBAGH-006-0090","block":"Pursura","mouza":"SYNTHETIC_MOUZA_006","plot":"SYN-006-0090","areaSqm":0,"real":false}},{"type":"Feature","geometry":{"type":"Polygon","coordinates":[[[87.924991,22.853239],[87.924991,22.858157],[87.929959,22.858157],[87.929959,22.853239],[87.924991,22.853239]]]},"properties":{"id":"SYN-ARAMBAGH-006-0091","block":"Pursura","mouza":"SYNTHETIC_MOUZA_006","plot":"SYN-006-0091","areaSqm":0,"real":false}},{"type":"Feature","geometry":{"type":"Polygon","coordinates":[[[87.924991,22.858157],[87.924991,22.863076],[87.929959,22.863076],[87.929959,22.858157],[87.924991,22.858157]]]},"properties":{"id":"SYN-ARAMBAGH-006-0092","block":"Pursura","mouza":"SYNTHETIC_MOUZA_006","plot":"SYN-006-0092","areaSqm":0,"real":false}},{"type":"Feature","geometry":{"type":"Polygon","coordinates":[[[87.924991,22.863076],[87.924991,22.867994],[87.929959,22.867994],[87.929959,22.863076],[87.924991,22.863076]]]},"properties":{"id":"SYN-ARAMBAGH-006-0093","block":"Pursura","mouza":"SYNTHETIC_MOUZA_006","plot":"SYN-006-0093","areaSqm":0,"real":false}},{"type":"Feature","geometry":{"type":"Polygon","coordinates":[[[87.924991,22.867994],[87.924991,22.872912],[87.929959,22.872912],[87.929959,22.867994],[87.924991,22.867994]]]},"properties":{"id":"SYN-ARAMBAGH-006-0094","block":"Pursura","mouza":"SYNTHETIC_MOUZA_006","plot":"SYN-006-0094","areaSqm":0,"real":false}},{"type":"Feature","geometry":{"type":"Polygon","coordinates":[[[87.924991,22.872912],[87.924991,22.877831],[87.929959,22.877831],[87.929959,22.872912],[87.924991,22.872912]]]},"properties":{"id":"SYN-ARAMBAGH-006-0095","block":"Pursura","mouza":"SYNTHETIC_MOUZA_006","plot":"SYN-006-0095","areaSqm":0,"real":false}},{"type":"Feature","geometry":{"type":"Polygon","coordinates":[[[87.924991,22.877831],[87.924991,22.882749],[87.929959,22.882749],[87.929959,22.877831],[87.924991,22.877831]]]},"properties":{"id":"SYN-ARAMBAGH-006-0096","block":"Pursura","mouza":"SYNTHETIC_MOUZA_006","plot":"SYN-006-0096","areaSqm":0,"real":false}},{"type":"Feature","geometry":{"type":"Polygon","coordinates":[[[87.924991,22.882749],[87.924991,22.887668],[87.929959,22.887668],[87.929959,22.882749],[87.924991,22.882749]]]},"properties":{"id":"SYN-ARAMBAGH-006-0097","block":"Pursura","mouza":"SYNTHETIC_MOUZA_006","plot":"SYN-006-0097","areaSqm":0,"real":false}},{"type":"Feature","geometry":{"type":"Polygon","coordinates":[[[87.924991,22.887668],[87.924991,22.892586],[87.929959,22.892586],[87.929959,22.887668],[87.924991,22.887668]]]},"properties":{"id":"SYN-ARAMBAGH-006-0098","block":"Pursura","mouza":"SYNTHETIC_MOUZA_006","plot":"SYN-006-0098","areaSqm":0,"real":false}},{"type":"Feature","geometry":{"type":"Polygon","coordinates":[[[87.924991,22.892586],[87.924991,22.897505],[87.929959,22.897505],[87.929959,22.892586],[87.924991,22.892586]]]},"properties":{"id":"SYN-ARAMBAGH-006-0099","block":"Pursura","mouza":"SYNTHETIC_MOUZA_006","plot":"SYN-006-0099","areaSqm":0,"real":false}},{"type":"Feature","geometry":{"type":"Polygon","coordinates":[[[87.924991,22.897505],[87.924991,22.902423],[87.929959,22.902423],[87.929959,22.897505],[87.924991,22.897505]]]},"properties":{"id":"SYN-ARAMBAGH-006-0100","block":"Pursura","mouza":"SYNTHETIC_MOUZA_006","plot":"SYN-006-0100","areaSqm":0,"real":false}},{"type":"Feature","geometry":{"type":"Polygon","coordinates":[[[87.924991,22.902423],[87.924991,22.907342],[87.929959,22.907342],[87.929959,22.902423],[87.924991,22.902423]]]},"properties":{"id":"SYN-ARAMBAGH-006-0101","block":"Pursura","mouza":"SYNTHETIC_MOUZA_006","plot":"SYN-006-0101","areaSqm":0,"real":false}},{"type":"Feature","geometry":{"type":"Polygon","coordinates":[[[87.929959,22.910983],[87.929959,22.907342],[87.924991,22.907342],[87.924991,22.911225],[87.929959,22.910983]]]},"properties":{"id":"SYN-ARAMBAGH-006-0102","block":"Pursura","mouza":"SYNTHETIC_MOUZA_006","plot":"SYN-006-0102","areaSqm":0,"real":false}},{"type":"Feature","geometry":{"type":"Polygon","coordinates":[[[87.929635,22.917178],[87.929959,22.917178],[87.929959,22.917077],[87.929635,22.917178]]]},"properties":{"id":"SYN-ARAMBAGH-006-0103","block":"Pursura","mouza":"SYNTHETIC_MOUZA_006","plot":"SYN-006-0103","areaSqm":0,"real":false}},{"type":"Feature","geometry":{"type":"Polygon","coordinates":[[[87.928476,22.91754],[87.926822,22.920877],[87.927321,22.922097],[87.929959,22.922097],[87.929959,22.917178],[87.929635,22.917178],[87.928476,22.91754]]]},"properties":{"id":"SYN-ARAMBAGH-006-0104","block":"Pursura","mouza":"SYNTHETIC_MOUZA_006","plot":"SYN-006-0104","areaSqm":0,"real":false}},{"type":"Feature","geometry":{"type":"Polygon","coordinates":[[[87.927957,22.923652],[87.929959,22.924852],[87.929959,22.922097],[87.927321,22.922097],[87.927957,22.923652]]]},"properties":{"id":"SYN-ARAMBAGH-006-0105","block":"Pursura","mouza":"SYNTHETIC_MOUZA_006","plot":"SYN-006-0105","areaSqm":0,"real":false}},{"type":"Feature","geometry":{"type":"Polygon","coordinates":[[[87.929959,22.772058],[87.929959,22.774544],[87.934927,22.774544],[87.934927,22.771881],[87.929959,22.772058]]]},"properties":{"id":"SYN-ARAMBAGH-006-0106","block":"Pursura","mouza":"SYNTHETIC_MOUZA_006","plot":"SYN-006-0106","areaSqm":0,"real":false}},{"type":"Feature","geometry":{"type":"Polygon","coordinates":[[[87.929959,22.774544],[87.929959,22.779462],[87.934927,22.779462],[87.934927,22.774544],[87.929959,22.774544]]]},"properties":{"id":"SYN-ARAMBAGH-006-0107","block":"Pursura","mouza":"SYNTHETIC_MOUZA_006","plot":"SYN-006-0107","areaSqm":0,"real":false}},{"type":"Feature","geometry":{"type":"Polygon","coordinates":[[[87.929959,22.779462],[87.929959,22.78438],[87.934927,22.78438],[87.934927,22.779462],[87.929959,22.779462]]]},"properties":{"id":"SYN-ARAMBAGH-006-0108","block":"Pursura","mouza":"SYNTHETIC_MOUZA_006","plot":"SYN-006-0108","areaSqm":0,"real":false}},{"type":"Feature","geometry":{"type":"Polygon","coordinates":[[[87.929959,22.78438],[87.929959,22.789299],[87.934927,22.789299],[87.934927,22.78438],[87.929959,22.78438]]]},"properties":{"id":"SYN-ARAMBAGH-006-0109","block":"Pursura","mouza":"SYNTHETIC_MOUZA_006","plot":"SYN-006-0109","areaSqm":0,"real":false}},{"type":"Feature","geometry":{"type":"Polygon","coordinates":[[[87.929959,22.789299],[87.929959,22.794217],[87.934927,22.794217],[87.934927,22.789299],[87.929959,22.789299]]]},"properties":{"id":"SYN-ARAMBAGH-006-0110","block":"Pursura","mouza":"SYNTHETIC_MOUZA_006","plot":"SYN-006-0110","areaSqm":0,"real":false}},{"type":"Feature","geometry":{"type":"Polygon","coordinates":[[[87.929959,22.794217],[87.929959,22.799136],[87.934927,22.799136],[87.934927,22.794217],[87.929959,22.794217]]]},"properties":{"id":"SYN-ARAMBAGH-006-0111","block":"Pursura","mouza":"SYNTHETIC_MOUZA_006","plot":"SYN-006-0111","areaSqm":0,"real":false}},{"type":"Feature","geometry":{"type":"Polygon","coordinates":[[[87.929959,22.799136],[87.929959,22.804054],[87.934927,22.804054],[87.934927,22.799136],[87.929959,22.799136]]]},"properties":{"id":"SYN-ARAMBAGH-006-0112","block":"Pursura","mouza":"SYNTHETIC_MOUZA_006","plot":"SYN-006-0112","areaSqm":0,"real":false}},{"type":"Feature","geometry":{"type":"Polygon","coordinates":[[[87.929959,22.804054],[87.929959,22.808973],[87.934927,22.808973],[87.934927,22.804054],[87.929959,22.804054]]]},"properties":{"id":"SYN-ARAMBAGH-006-0113","block":"Pursura","mouza":"SYNTHETIC_MOUZA_006","plot":"SYN-006-0113","areaSqm":0,"real":false}},{"type":"Feature","geometry":{"type":"Polygon","coordinates":[[[87.929959,22.808973],[87.929959,22.813891],[87.934927,22.813891],[87.934927,22.808973],[87.929959,22.808973]]]},"properties":{"id":"SYN-ARAMBAGH-006-0114","block":"Pursura","mouza":"SYNTHETIC_MOUZA_006","plot":"SYN-006-0114","areaSqm":0,"real":false}},{"type":"Feature","geometry":{"type":"Polygon","coordinates":[[[87.929959,22.813891],[87.929959,22.81881],[87.934927,22.81881],[87.934927,22.813891],[87.929959,22.813891]]]},"properties":{"id":"SYN-ARAMBAGH-006-0115","block":"Pursura","mouza":"SYNTHETIC_MOUZA_006","plot":"SYN-006-0115","areaSqm":0,"real":false}},{"type":"Feature","geometry":{"type":"Polygon","coordinates":[[[87.929959,22.81881],[87.929959,22.823728],[87.934927,22.823728],[87.934927,22.81881],[87.929959,22.81881]]]},"properties":{"id":"SYN-ARAMBAGH-006-0116","block":"Pursura","mouza":"SYNTHETIC_MOUZA_006","plot":"SYN-006-0116","areaSqm":0,"real":false}},{"type":"Feature","geometry":{"type":"Polygon","coordinates":[[[87.929959,22.823728],[87.929959,22.828646],[87.934927,22.828646],[87.934927,22.823728],[87.929959,22.823728]]]},"properties":{"id":"SYN-ARAMBAGH-006-0117","block":"Pursura","mouza":"SYNTHETIC_MOUZA_006","plot":"SYN-006-0117","areaSqm":0,"real":false}},{"type":"Feature","geometry":{"type":"Polygon","coordinates":[[[87.929959,22.828646],[87.929959,22.833565],[87.934927,22.833565],[87.934927,22.828646],[87.929959,22.828646]]]},"properties":{"id":"SYN-ARAMBAGH-006-0118","block":"Pursura","mouza":"SYNTHETIC_MOUZA_006","plot":"SYN-006-0118","areaSqm":0,"real":false}},{"type":"Feature","geometry":{"type":"Polygon","coordinates":[[[87.929959,22.833565],[87.929959,22.838483],[87.934927,22.838483],[87.934927,22.833565],[87.929959,22.833565]]]},"properties":{"id":"SYN-ARAMBAGH-006-0119","block":"Pursura","mouza":"SYNTHETIC_MOUZA_006","plot":"SYN-006-0119","areaSqm":0,"real":false}},{"type":"Feature","geometry":{"type":"Polygon","coordinates":[[[87.929959,22.838483],[87.929959,22.843402],[87.934927,22.843402],[87.934927,22.838483],[87.929959,22.838483]]]},"properties":{"id":"SYN-ARAMBAGH-006-0120","block":"Pursura","mouza":"SYNTHETIC_MOUZA_006","plot":"SYN-006-0120","areaSqm":0,"real":false}},{"type":"Feature","geometry":{"type":"Polygon","coordinates":[[[87.929959,22.843402],[87.929959,22.84832],[87.934927,22.84832],[87.934927,22.843402],[87.929959,22.843402]]]},"properties":{"id":"SYN-ARAMBAGH-006-0121","block":"Pursura","mouza":"SYNTHETIC_MOUZA_006","plot":"SYN-006-0121","areaSqm":0,"real":false}},{"type":"Feature","geometry":{"type":"Polygon","coordinates":[[[87.929959,22.84832],[87.929959,22.853239],[87.934927,22.853239],[87.934927,22.84832],[87.929959,22.84832]]]},"properties":{"id":"SYN-ARAMBAGH-006-0122","block":"Pursura","mouza":"SYNTHETIC_MOUZA_006","plot":"SYN-006-0122","areaSqm":0,"real":false}},{"type":"Feature","geometry":{"type":"Polygon","coordinates":[[[87.929959,22.853239],[87.929959,22.858157],[87.934927,22.858157],[87.934927,22.853239],[87.929959,22.853239]]]},"properties":{"id":"SYN-ARAMBAGH-006-0123","block":"Pursura","mouza":"SYNTHETIC_MOUZA_006","plot":"SYN-006-0123","areaSqm":0,"real":false}},{"type":"Feature","geometry":{"type":"Polygon","coordinates":[[[87.929959,22.858157],[87.929959,22.863076],[87.934927,22.863076],[87.934927,22.858157],[87.929959,22.858157]]]},"properties":{"id":"SYN-ARAMBAGH-006-0124","block":"Pursura","mouza":"SYNTHETIC_MOUZA_006","plot":"SYN-006-0124","areaSqm":0,"real":false}},{"type":"Feature","geometry":{"type":"Polygon","coordinates":[[[87.929959,22.863076],[87.929959,22.867994],[87.934927,22.867994],[87.934927,22.863076],[87.929959,22.863076]]]},"properties":{"id":"SYN-ARAMBAGH-006-0125","block":"Pursura","mouza":"SYNTHETIC_MOUZA_006","plot":"SYN-006-0125","areaSqm":0,"real":false}},{"type":"Feature","geometry":{"type":"Polygon","coordinates":[[[87.929959,22.867994],[87.929959,22.872912],[87.934927,22.872912],[87.934927,22.867994],[87.929959,22.867994]]]},"properties":{"id":"SYN-ARAMBAGH-006-0126","block":"Pursura","mouza":"SYNTHETIC_MOUZA_006","plot":"SYN-006-0126","areaSqm":0,"real":false}},{"type":"Feature","geometry":{"type":"Polygon","coordinates":[[[87.929959,22.872912],[87.929959,22.877831],[87.934927,22.877831],[87.934927,22.872912],[87.929959,22.872912]]]},"properties":{"id":"SYN-ARAMBAGH-006-0127","block":"Pursura","mouza":"SYNTHETIC_MOUZA_006","plot":"SYN-006-0127","areaSqm":0,"real":false}},{"type":"Feature","geometry":{"type":"Polygon","coordinates":[[[87.929959,22.877831],[87.929959,22.882749],[87.934927,22.882749],[87.934927,22.877831],[87.929959,22.877831]]]},"properties":{"id":"SYN-ARAMBAGH-006-0128","block":"Pursura","mouza":"SYNTHETIC_MOUZA_006","plot":"SYN-006-0128","areaSqm":0,"real":false}},{"type":"Feature","geometry":{"type":"Polygon","coordinates":[[[87.929959,22.882749],[87.929959,22.887668],[87.934927,22.887668],[87.934927,22.882749],[87.929959,22.882749]]]},"properties":{"id":"SYN-ARAMBAGH-006-0129","block":"Pursura","mouza":"SYNTHETIC_MOUZA_006","plot":"SYN-006-0129","areaSqm":0,"real":false}},{"type":"Feature","geometry":{"type":"Polygon","coordinates":[[[87.929959,22.887668],[87.929959,22.892586],[87.934927,22.892586],[87.934927,22.887668],[87.929959,22.887668]]]},"properties":{"id":"SYN-ARAMBAGH-006-0130","block":"Pursura","mouza":"SYNTHETIC_MOUZA_006","plot":"SYN-006-0130","areaSqm":0,"real":false}},{"type":"Feature","geometry":{"type":"Polygon","coordinates":[[[87.929959,22.892586],[87.929959,22.897505],[87.934927,22.897505],[87.934927,22.892586],[87.929959,22.892586]]]},"properties":{"id":"SYN-ARAMBAGH-006-0131","block":"Pursura","mouza":"SYNTHETIC_MOUZA_006","plot":"SYN-006-0131","areaSqm":0,"real":false}},{"type":"Feature","geometry":{"type":"Polygon","coordinates":[[[87.929959,22.897505],[87.929959,22.902423],[87.934927,22.902423],[87.934927,22.897505],[87.929959,22.897505]]]},"properties":{"id":"SYN-ARAMBAGH-006-0132","block":"Pursura","mouza":"SYNTHETIC_MOUZA_006","plot":"SYN-006-0132","areaSqm":0,"real":false}},{"type":"Feature","geometry":{"type":"Polygon","coordinates":[[[87.929959,22.902423],[87.929959,22.907342],[87.934927,22.907342],[87.934927,22.902423],[87.929959,22.902423]]]},"properties":{"id":"SYN-ARAMBAGH-006-0133","block":"Pursura","mouza":"SYNTHETIC_MOUZA_006","plot":"SYN-006-0133","areaSqm":0,"real":false}},{"type":"Feature","geometry":{"type":"Polygon","coordinates":[[[87.934927,22.91074],[87.934927,22.907342],[87.929959,22.907342],[87.929959,22.910983],[87.934927,22.91074]]]},"properties":{"id":"SYN-ARAMBAGH-006-0134","block":"Pursura","mouza":"SYNTHETIC_MOUZA_006","plot":"SYN-006-0134","areaSqm":0,"real":false}},{"type":"Feature","geometry":{"type":"Polygon","coordinates":[[[87.930747,22.916831],[87.929959,22.917077],[87.929959,22.917178],[87.932018,22.917178],[87.930747,22.916831]]]},"properties":{"id":"SYN-ARAMBAGH-006-0135","block":"Pursura","mouza":"SYNTHETIC_MOUZA_006","plot":"SYN-006-0135","areaSqm":0,"real":false}},{"type":"Feature","geometry":{"type":"Polygon","coordinates":[[[87.931503,22.919481],[87.930351,22.917963],[87.932438,22.917293],[87.932018,22.917178],[87.929959,22.917178],[87.929959,22.922097],[87.934927,22.922097],[87.934927,22.92002],[87.931503,22.919481]]]},"properties":{"id":"SYN-ARAMBAGH-006-0136","block":"Pursura","mouza":"SYNTHETIC_MOUZA_006","plot":"SYN-006-0136","areaSqm":0,"real":false}},{"type":"Feature","geometry":{"type":"Polygon","coordinates":[[[87.932136,22.926157],[87.931921,22.927015],[87.934927,22.927015],[87.934927,22.922097],[87.929959,22.922097],[87.929959,22.924852],[87.932136,22.926157]]]},"properties":{"id":"SYN-ARAMBAGH-006-0137","block":"Pursura","mouza":"SYNTHETIC_MOUZA_006","plot":"SYN-006-0137","areaSqm":0,"real":false}},{"type":"Feature","geometry":{"type":"Polygon","coordinates":[[[87.93069,22.931934],[87.934927,22.931934],[87.934927,22.927015],[87.931921,22.927015],[87.93069,22.931934]]]},"properties":{"id":"SYN-ARAMBAGH-006-0138","block":"Pursura","mouza":"SYNTHETIC_MOUZA_006","plot":"SYN-006-0138","areaSqm":0,"real":false}},{"type":"Feature","geometry":{"type":"Polygon","coordinates":[[[87.930203,22.933878],[87.931257,22.936852],[87.934927,22.936852],[87.934927,22.931934],[87.93069,22.931934],[87.930203,22.933878]]]},"properties":{"id":"SYN-ARAMBAGH-006-0139","block":"Pursura","mouza":"SYNTHETIC_MOUZA_006","plot":"SYN-006-0139","areaSqm":0,"real":false}},{"type":"Feature","geometry":{"type":"Polygon","coordinates":[[[87.933001,22.941771],[87.934927,22.941771],[87.934927,22.936852],[87.931257,22.936852],[87.933001,22.941771]]]},"properties":{"id":"SYN-ARAMBAGH-006-0140","block":"Pursura","mouza":"SYNTHETIC_MOUZA_006","plot":"SYN-006-0140","areaSqm":0,"real":false}},{"type":"Feature","geometry":{"type":"Polygon","coordinates":[[[87.934115,22.944914],[87.934927,22.944729],[87.934927,22.941771],[87.933001,22.941771],[87.934115,22.944914]]]},"properties":{"id":"SYN-ARAMBAGH-006-0141","block":"Pursura","mouza":"SYNTHETIC_MOUZA_006","plot":"SYN-006-0141","areaSqm":0,"real":false}},{"type":"Feature","geometry":{"type":"Polygon","coordinates":[[[87.934927,22.771881],[87.934927,22.774544],[87.939895,22.774544],[87.939895,22.771704],[87.934927,22.771881]]]},"properties":{"id":"SYN-ARAMBAGH-006-0142","block":"Pursura","mouza":"SYNTHETIC_MOUZA_006","plot":"SYN-006-0142","areaSqm":0,"real":false}},{"type":"Feature","geometry":{"type":"Polygon","coordinates":[[[87.934927,22.774544],[87.934927,22.779462],[87.939895,22.779462],[87.939895,22.774544],[87.934927,22.774544]]]},"properties":{"id":"SYN-ARAMBAGH-006-0143","block":"Pursura","mouza":"SYNTHETIC_MOUZA_006","plot":"SYN-006-0143","areaSqm":0,"real":false}},{"type":"Feature","geometry":{"type":"Polygon","coordinates":[[[87.934927,22.779462],[87.934927,22.78438],[87.939895,22.78438],[87.939895,22.779462],[87.934927,22.779462]]]},"properties":{"id":"SYN-ARAMBAGH-006-0144","block":"Pursura","mouza":"SYNTHETIC_MOUZA_006","plot":"SYN-006-0144","areaSqm":0,"real":false}},{"type":"Feature","geometry":{"type":"Polygon","coordinates":[[[87.934927,22.78438],[87.934927,22.789299],[87.939895,22.789299],[87.939895,22.78438],[87.934927,22.78438]]]},"properties":{"id":"SYN-ARAMBAGH-006-0145","block":"Pursura","mouza":"SYNTHETIC_MOUZA_006","plot":"SYN-006-0145","areaSqm":0,"real":false}},{"type":"Feature","geometry":{"type":"Polygon","coordinates":[[[87.934927,22.789299],[87.934927,22.794217],[87.939895,22.794217],[87.939895,22.789299],[87.934927,22.789299]]]},"properties":{"id":"SYN-ARAMBAGH-006-0146","block":"Pursura","mouza":"SYNTHETIC_MOUZA_006","plot":"SYN-006-0146","areaSqm":0,"real":false}},{"type":"Feature","geometry":{"type":"Polygon","coordinates":[[[87.934927,22.794217],[87.934927,22.799136],[87.939895,22.799136],[87.939895,22.794217],[87.934927,22.794217]]]},"properties":{"id":"SYN-ARAMBAGH-006-0147","block":"Pursura","mouza":"SYNTHETIC_MOUZA_006","plot":"SYN-006-0147","areaSqm":0,"real":false}},{"type":"Feature","geometry":{"type":"Polygon","coordinates":[[[87.934927,22.799136],[87.934927,22.804054],[87.939895,22.804054],[87.939895,22.799136],[87.934927,22.799136]]]},"properties":{"id":"SYN-ARAMBAGH-006-0148","block":"Pursura","mouza":"SYNTHETIC_MOUZA_006","plot":"SYN-006-0148","areaSqm":0,"real":false}},{"type":"Feature","geometry":{"type":"Polygon","coordinates":[[[87.934927,22.804054],[87.934927,22.808973],[87.939895,22.808973],[87.939895,22.804054],[87.934927,22.804054]]]},"properties":{"id":"SYN-ARAMBAGH-006-0149","block":"Pursura","mouza":"SYNTHETIC_MOUZA_006","plot":"SYN-006-0149","areaSqm":0,"real":false}},{"type":"Feature","geometry":{"type":"Polygon","coordinates":[[[87.934927,22.808973],[87.934927,22.813891],[87.939895,22.813891],[87.939895,22.808973],[87.934927,22.808973]]]},"properties":{"id":"SYN-ARAMBAGH-006-0150","block":"Pursura","mouza":"SYNTHETIC_MOUZA_006","plot":"SYN-006-0150","areaSqm":0,"real":false}},{"type":"Feature","geometry":{"type":"Polygon","coordinates":[[[87.934927,22.813891],[87.934927,22.81881],[87.939895,22.81881],[87.939895,22.813891],[87.934927,22.813891]]]},"properties":{"id":"SYN-ARAMBAGH-006-0151","block":"Pursura","mouza":"SYNTHETIC_MOUZA_006","plot":"SYN-006-0151","areaSqm":0,"real":false}},{"type":"Feature","geometry":{"type":"Polygon","coordinates":[[[87.934927,22.81881],[87.934927,22.823728],[87.939895,22.823728],[87.939895,22.81881],[87.934927,22.81881]]]},"properties":{"id":"SYN-ARAMBAGH-006-0152","block":"Pursura","mouza":"SYNTHETIC_MOUZA_006","plot":"SYN-006-0152","areaSqm":0,"real":false}},{"type":"Feature","geometry":{"type":"Polygon","coordinates":[[[87.934927,22.823728],[87.934927,22.828646],[87.939895,22.828646],[87.939895,22.823728],[87.934927,22.823728]]]},"properties":{"id":"SYN-ARAMBAGH-006-0153","block":"Pursura","mouza":"SYNTHETIC_MOUZA_006","plot":"SYN-006-0153","areaSqm":0,"real":false}},{"type":"Feature","geometry":{"type":"Polygon","coordinates":[[[87.934927,22.828646],[87.934927,22.833565],[87.939895,22.833565],[87.939895,22.828646],[87.934927,22.828646]]]},"properties":{"id":"SYN-ARAMBAGH-006-0154","block":"Pursura","mouza":"SYNTHETIC_MOUZA_006","plot":"SYN-006-0154","areaSqm":0,"real":false}},{"type":"Feature","geometry":{"type":"Polygon","coordinates":[[[87.934927,22.833565],[87.934927,22.838483],[87.939895,22.838483],[87.939895,22.833565],[87.934927,22.833565]]]},"properties":{"id":"SYN-ARAMBAGH-006-0155","block":"Pursura","mouza":"SYNTHETIC_MOUZA_006","plot":"SYN-006-0155","areaSqm":0,"real":false}},{"type":"Feature","geometry":{"type":"Polygon","coordinates":[[[87.934927,22.838483],[87.934927,22.843402],[87.939895,22.843402],[87.939895,22.838483],[87.934927,22.838483]]]},"properties":{"id":"SYN-ARAMBAGH-006-0156","block":"Pursura","mouza":"SYNTHETIC_MOUZA_006","plot":"SYN-006-0156","areaSqm":0,"real":false}},{"type":"Feature","geometry":{"type":"Polygon","coordinates":[[[87.934927,22.843402],[87.934927,22.84832],[87.939895,22.84832],[87.939895,22.843402],[87.934927,22.843402]]]},"properties":{"id":"SYN-ARAMBAGH-006-0157","block":"Pursura","mouza":"SYNTHETIC_MOUZA_006","plot":"SYN-006-0157","areaSqm":0,"real":false}},{"type":"Feature","geometry":{"type":"Polygon","coordinates":[[[87.934927,22.84832],[87.934927,22.853239],[87.939895,22.853239],[87.939895,22.84832],[87.934927,22.84832]]]},"properties":{"id":"SYN-ARAMBAGH-006-0158","block":"Pursura","mouza":"SYNTHETIC_MOUZA_006","plot":"SYN-006-0158","areaSqm":0,"real":false}},{"type":"Feature","geometry":{"type":"Polygon","coordinates":[[[87.934927,22.853239],[87.934927,22.858157],[87.939895,22.858157],[87.939895,22.853239],[87.934927,22.853239]]]},"properties":{"id":"SYN-ARAMBAGH-006-0159","block":"Pursura","mouza":"SYNTHETIC_MOUZA_006","plot":"SYN-006-0159","areaSqm":0,"real":false}},{"type":"Feature","geometry":{"type":"Polygon","coordinates":[[[87.934927,22.858157],[87.934927,22.863076],[87.939895,22.863076],[87.939895,22.858157],[87.934927,22.858157]]]},"properties":{"id":"SYN-ARAMBAGH-006-0160","block":"Pursura","mouza":"SYNTHETIC_MOUZA_006","plot":"SYN-006-0160","areaSqm":0,"real":false}},{"type":"Feature","geometry":{"type":"Polygon","coordinates":[[[87.934927,22.863076],[87.934927,22.867994],[87.939895,22.867994],[87.939895,22.863076],[87.934927,22.863076]]]},"properties":{"id":"SYN-ARAMBAGH-006-0161","block":"Pursura","mouza":"SYNTHETIC_MOUZA_006","plot":"SYN-006-0161","areaSqm":0,"real":false}},{"type":"Feature","geometry":{"type":"Polygon","coordinates":[[[87.934927,22.867994],[87.934927,22.872912],[87.939895,22.872912],[87.939895,22.867994],[87.934927,22.867994]]]},"properties":{"id":"SYN-ARAMBAGH-006-0162","block":"Pursura","mouza":"SYNTHETIC_MOUZA_006","plot":"SYN-006-0162","areaSqm":0,"real":false}},{"type":"Feature","geometry":{"type":"Polygon","coordinates":[[[87.934927,22.872912],[87.934927,22.877831],[87.939895,22.877831],[87.939895,22.872912],[87.934927,22.872912]]]},"properties":{"id":"SYN-ARAMBAGH-006-0163","block":"Pursura","mouza":"SYNTHETIC_MOUZA_006","plot":"SYN-006-0163","areaSqm":0,"real":false}},{"type":"Feature","geometry":{"type":"Polygon","coordinates":[[[87.934927,22.877831],[87.934927,22.882749],[87.939895,22.882749],[87.939895,22.877831],[87.934927,22.877831]]]},"properties":{"id":"SYN-ARAMBAGH-006-0164","block":"Pursura","mouza":"SYNTHETIC_MOUZA_006","plot":"SYN-006-0164","areaSqm":0,"real":false}},{"type":"Feature","geometry":{"type":"Polygon","coordinates":[[[87.934927,22.882749],[87.934927,22.887668],[87.939895,22.887668],[87.939895,22.882749],[87.934927,22.882749]]]},"properties":{"id":"SYN-ARAMBAGH-006-0165","block":"Pursura","mouza":"SYNTHETIC_MOUZA_006","plot":"SYN-006-0165","areaSqm":0,"real":false}},{"type":"Feature","geometry":{"type":"Polygon","coordinates":[[[87.934927,22.887668],[87.934927,22.892586],[87.939895,22.892586],[87.939895,22.887668],[87.934927,22.887668]]]},"properties":{"id":"SYN-ARAMBAGH-006-0166","block":"Pursura","mouza":"SYNTHETIC_MOUZA_006","plot":"SYN-006-0166","areaSqm":0,"real":false}},{"type":"Feature","geometry":{"type":"Polygon","coordinates":[[[87.934927,22.892586],[87.934927,22.897505],[87.939895,22.897505],[87.939895,22.892586],[87.934927,22.892586]]]},"properties":{"id":"SYN-ARAMBAGH-006-0167","block":"Pursura","mouza":"SYNTHETIC_MOUZA_006","plot":"SYN-006-0167","areaSqm":0,"real":false}},{"type":"Feature","geometry":{"type":"Polygon","coordinates":[[[87.934927,22.897505],[87.934927,22.902423],[87.939895,22.902423],[87.939895,22.897505],[87.934927,22.897505]]]},"properties":{"id":"SYN-ARAMBAGH-006-0168","block":"Pursura","mouza":"SYNTHETIC_MOUZA_006","plot":"SYN-006-0168","areaSqm":0,"real":false}},{"type":"Feature","geometry":{"type":"Polygon","coordinates":[[[87.934927,22.902423],[87.934927,22.907342],[87.939895,22.907342],[87.939895,22.902423],[87.934927,22.902423]]]},"properties":{"id":"SYN-ARAMBAGH-006-0169","block":"Pursura","mouza":"SYNTHETIC_MOUZA_006","plot":"SYN-006-0169","areaSqm":0,"real":false}},{"type":"Feature","geometry":{"type":"Polygon","coordinates":[[[87.935712,22.910701],[87.936142,22.908264],[87.93967,22.91226],[87.939895,22.91226],[87.939895,22.907342],[87.934927,22.907342],[87.934927,22.91074],[87.935712,22.910701]]]},"properties":{"id":"SYN-ARAMBAGH-006-0170","block":"Pursura","mouza":"SYNTHETIC_MOUZA_006","plot":"SYN-006-0170","areaSqm":0,"real":false}},{"type":"Feature","geometry":{"type":"Polygon","coordinates":[[[87.939895,22.912515],[87.939895,22.91226],[87.93967,22.91226],[87.939895,22.912515]]]},"properties":{"id":"SYN-ARAMBAGH-006-0171","block":"Pursura","mouza":"SYNTHETIC_MOUZA_006","plot":"SYN-006-0171","areaSqm":0,"real":false}},{"type":"Feature","geometry":{"type":"Polygon","coordinates":[[[87.939859,22.920796],[87.934927,22.92002],[87.934927,22.922097],[87.939895,22.922097],[87.939895,22.920614],[87.939859,22.920796]]]},"properties":{"id":"SYN-ARAMBAGH-006-0172","block":"Pursura","mouza":"SYNTHETIC_MOUZA_006","plot":"SYN-006-0172","areaSqm":0,"real":false}},{"type":"Feature","geometry":{"type":"Polygon","coordinates":[[[87.934927,22.922097],[87.934927,22.927015],[87.939895,22.927015],[87.939895,22.922097],[87.934927,22.922097]]]},"properties":{"id":"SYN-ARAMBAGH-006-0173","block":"Pursura","mouza":"SYNTHETIC_MOUZA_006","plot":"SYN-006-0173","areaSqm":0,"real":false}},{"type":"Feature","geometry":{"type":"Polygon","coordinates":[[[87.934927,22.927015],[87.934927,22.931934],[87.939895,22.931934],[87.939895,22.927015],[87.934927,22.927015]]]},"properties":{"id":"SYN-ARAMBAGH-006-0174","block":"Pursura","mouza":"SYNTHETIC_MOUZA_006","plot":"SYN-006-0174","areaSqm":0,"real":false}},{"type":"Feature","geometry":{"type":"Polygon","coordinates":[[[87.934927,22.931934],[87.934927,22.936852],[87.939895,22.936852],[87.939895,22.931934],[87.934927,22.931934]]]},"properties":{"id":"SYN-ARAMBAGH-006-0175","block":"Pursura","mouza":"SYNTHETIC_MOUZA_006","plot":"SYN-006-0175","areaSqm":0,"real":false}},{"type":"Feature","geometry":{"type":"Polygon","coordinates":[[[87.934927,22.936852],[87.934927,22.941771],[87.939895,22.941771],[87.939895,22.936852],[87.934927,22.936852]]]},"properties":{"id":"SYN-ARAMBAGH-006-0176","block":"Pursura","mouza":"SYNTHETIC_MOUZA_006","plot":"SYN-006-0176","areaSqm":0,"real":false}},{"type":"Feature","geometry":{"type":"Polygon","coordinates":[[[87.939895,22.943596],[87.939895,22.941771],[87.934927,22.941771],[87.934927,22.944729],[87.939895,22.943596]]]},"properties":{"id":"SYN-ARAMBAGH-006-0177","block":"Pursura","mouza":"SYNTHETIC_MOUZA_006","plot":"SYN-006-0177","areaSqm":0,"real":false}},{"type":"Feature","geometry":{"type":"Polygon","coordinates":[[[87.939895,22.771704],[87.939895,22.774544],[87.944863,22.774544],[87.944863,22.771527],[87.939895,22.771704]]]},"properties":{"id":"SYN-ARAMBAGH-006-0178","block":"Pursura","mouza":"SYNTHETIC_MOUZA_006","plot":"SYN-006-0178","areaSqm":0,"real":false}},{"type":"Feature","geometry":{"type":"Polygon","coordinates":[[[87.939895,22.774544],[87.939895,22.779462],[87.944863,22.779462],[87.944863,22.774544],[87.939895,22.774544]]]},"properties":{"id":"SYN-ARAMBAGH-006-0179","block":"Pursura","mouza":"SYNTHETIC_MOUZA_006","plot":"SYN-006-0179","areaSqm":0,"real":false}},{"type":"Feature","geometry":{"type":"Polygon","coordinates":[[[87.939895,22.779462],[87.939895,22.78438],[87.944863,22.78438],[87.944863,22.779462],[87.939895,22.779462]]]},"properties":{"id":"SYN-ARAMBAGH-006-0180","block":"Pursura","mouza":"SYNTHETIC_MOUZA_006","plot":"SYN-006-0180","areaSqm":0,"real":false}},{"type":"Feature","geometry":{"type":"Polygon","coordinates":[[[87.939895,22.78438],[87.939895,22.789299],[87.944863,22.789299],[87.944863,22.78438],[87.939895,22.78438]]]},"properties":{"id":"SYN-ARAMBAGH-006-0181","block":"Pursura","mouza":"SYNTHETIC_MOUZA_006","plot":"SYN-006-0181","areaSqm":0,"real":false}},{"type":"Feature","geometry":{"type":"Polygon","coordinates":[[[87.939895,22.789299],[87.939895,22.794217],[87.944863,22.794217],[87.944863,22.789299],[87.939895,22.789299]]]},"properties":{"id":"SYN-ARAMBAGH-006-0182","block":"Pursura","mouza":"SYNTHETIC_MOUZA_006","plot":"SYN-006-0182","areaSqm":0,"real":false}},{"type":"Feature","geometry":{"type":"Polygon","coordinates":[[[87.939895,22.794217],[87.939895,22.799136],[87.944863,22.799136],[87.944863,22.794217],[87.939895,22.794217]]]},"properties":{"id":"SYN-ARAMBAGH-006-0183","block":"Pursura","mouza":"SYNTHETIC_MOUZA_006","plot":"SYN-006-0183","areaSqm":0,"real":false}},{"type":"Feature","geometry":{"type":"Polygon","coordinates":[[[87.939895,22.799136],[87.939895,22.804054],[87.944863,22.804054],[87.944863,22.799136],[87.939895,22.799136]]]},"properties":{"id":"SYN-ARAMBAGH-006-0184","block":"Pursura","mouza":"SYNTHETIC_MOUZA_006","plot":"SYN-006-0184","areaSqm":0,"real":false}},{"type":"Feature","geometry":{"type":"Polygon","coordinates":[[[87.939895,22.804054],[87.939895,22.808973],[87.944863,22.808973],[87.944863,22.804054],[87.939895,22.804054]]]},"properties":{"id":"SYN-ARAMBAGH-006-0185","block":"Pursura","mouza":"SYNTHETIC_MOUZA_006","plot":"SYN-006-0185","areaSqm":0,"real":false}},{"type":"Feature","geometry":{"type":"Polygon","coordinates":[[[87.939895,22.808973],[87.939895,22.813891],[87.944863,22.813891],[87.944863,22.808973],[87.939895,22.808973]]]},"properties":{"id":"SYN-ARAMBAGH-006-0186","block":"Pursura","mouza":"SYNTHETIC_MOUZA_006","plot":"SYN-006-0186","areaSqm":0,"real":false}},{"type":"Feature","geometry":{"type":"Polygon","coordinates":[[[87.939895,22.813891],[87.939895,22.81881],[87.944863,22.81881],[87.944863,22.813891],[87.939895,22.813891]]]},"properties":{"id":"SYN-ARAMBAGH-006-0187","block":"Pursura","mouza":"SYNTHETIC_MOUZA_006","plot":"SYN-006-0187","areaSqm":0,"real":false}},{"type":"Feature","geometry":{"type":"Polygon","coordinates":[[[87.939895,22.81881],[87.939895,22.823728],[87.944863,22.823728],[87.944863,22.81881],[87.939895,22.81881]]]},"properties":{"id":"SYN-ARAMBAGH-006-0188","block":"Pursura","mouza":"SYNTHETIC_MOUZA_006","plot":"SYN-006-0188","areaSqm":0,"real":false}},{"type":"Feature","geometry":{"type":"Polygon","coordinates":[[[87.939895,22.823728],[87.939895,22.828646],[87.944863,22.828646],[87.944863,22.823728],[87.939895,22.823728]]]},"properties":{"id":"SYN-ARAMBAGH-006-0189","block":"Pursura","mouza":"SYNTHETIC_MOUZA_006","plot":"SYN-006-0189","areaSqm":0,"real":false}},{"type":"Feature","geometry":{"type":"Polygon","coordinates":[[[87.939895,22.828646],[87.939895,22.833565],[87.944863,22.833565],[87.944863,22.828646],[87.939895,22.828646]]]},"properties":{"id":"SYN-ARAMBAGH-006-0190","block":"Pursura","mouza":"SYNTHETIC_MOUZA_006","plot":"SYN-006-0190","areaSqm":0,"real":false}},{"type":"Feature","geometry":{"type":"Polygon","coordinates":[[[87.939895,22.833565],[87.939895,22.838483],[87.944863,22.838483],[87.944863,22.833565],[87.939895,22.833565]]]},"properties":{"id":"SYN-ARAMBAGH-006-0191","block":"Pursura","mouza":"SYNTHETIC_MOUZA_006","plot":"SYN-006-0191","areaSqm":0,"real":false}},{"type":"Feature","geometry":{"type":"Polygon","coordinates":[[[87.939895,22.838483],[87.939895,22.843402],[87.944863,22.843402],[87.944863,22.838483],[87.939895,22.838483]]]},"properties":{"id":"SYN-ARAMBAGH-006-0192","block":"Pursura","mouza":"SYNTHETIC_MOUZA_006","plot":"SYN-006-0192","areaSqm":0,"real":false}},{"type":"Feature","geometry":{"type":"Polygon","coordinates":[[[87.939895,22.843402],[87.939895,22.84832],[87.944863,22.84832],[87.944863,22.843402],[87.939895,22.843402]]]},"properties":{"id":"SYN-ARAMBAGH-006-0193","block":"Pursura","mouza":"SYNTHETIC_MOUZA_006","plot":"SYN-006-0193","areaSqm":0,"real":false}},{"type":"Feature","geometry":{"type":"Polygon","coordinates":[[[87.939895,22.84832],[87.939895,22.853239],[87.944863,22.853239],[87.944863,22.84832],[87.939895,22.84832]]]},"properties":{"id":"SYN-ARAMBAGH-006-0194","block":"Pursura","mouza":"SYNTHETIC_MOUZA_006","plot":"SYN-006-0194","areaSqm":0,"real":false}},{"type":"Feature","geometry":{"type":"Polygon","coordinates":[[[87.939895,22.853239],[87.939895,22.858157],[87.944863,22.858157],[87.944863,22.853239],[87.939895,22.853239]]]},"properties":{"id":"SYN-ARAMBAGH-006-0195","block":"Pursura","mouza":"SYNTHETIC_MOUZA_006","plot":"SYN-006-0195","areaSqm":0,"real":false}},{"type":"Feature","geometry":{"type":"Polygon","coordinates":[[[87.939895,22.858157],[87.939895,22.863076],[87.944863,22.863076],[87.944863,22.858157],[87.939895,22.858157]]]},"properties":{"id":"SYN-ARAMBAGH-006-0196","block":"Pursura","mouza":"SYNTHETIC_MOUZA_006","plot":"SYN-006-0196","areaSqm":0,"real":false}},{"type":"Feature","geometry":{"type":"Polygon","coordinates":[[[87.939895,22.863076],[87.939895,22.867994],[87.944863,22.867994],[87.944863,22.863076],[87.939895,22.863076]]]},"properties":{"id":"SYN-ARAMBAGH-006-0197","block":"Pursura","mouza":"SYNTHETIC_MOUZA_006","plot":"SYN-006-0197","areaSqm":0,"real":false}},{"type":"Feature","geometry":{"type":"Polygon","coordinates":[[[87.939895,22.867994],[87.939895,22.872912],[87.944863,22.872912],[87.944863,22.867994],[87.939895,22.867994]]]},"properties":{"id":"SYN-ARAMBAGH-006-0198","block":"Pursura","mouza":"SYNTHETIC_MOUZA_006","plot":"SYN-006-0198","areaSqm":0,"real":false}},{"type":"Feature","geometry":{"type":"Polygon","coordinates":[[[87.939895,22.872912],[87.939895,22.877831],[87.944863,22.877831],[87.944863,22.872912],[87.939895,22.872912]]]},"properties":{"id":"SYN-ARAMBAGH-006-0199","block":"Pursura","mouza":"SYNTHETIC_MOUZA_006","plot":"SYN-006-0199","areaSqm":0,"real":false}},{"type":"Feature","geometry":{"type":"Polygon","coordinates":[[[87.939895,22.877831],[87.939895,22.882749],[87.944863,22.882749],[87.944863,22.877831],[87.939895,22.877831]]]},"properties":{"id":"SYN-ARAMBAGH-006-0200","block":"Pursura","mouza":"SYNTHETIC_MOUZA_006","plot":"SYN-006-0200","areaSqm":0,"real":false}},{"type":"Feature","geometry":{"type":"Polygon","coordinates":[[[87.939895,22.882749],[87.939895,22.887668],[87.944863,22.887668],[87.944863,22.882749],[87.939895,22.882749]]]},"properties":{"id":"SYN-ARAMBAGH-006-0201","block":"Pursura","mouza":"SYNTHETIC_MOUZA_006","plot":"SYN-006-0201","areaSqm":0,"real":false}},{"type":"Feature","geometry":{"type":"Polygon","coordinates":[[[87.939895,22.887668],[87.939895,22.892586],[87.944863,22.892586],[87.944863,22.887668],[87.939895,22.887668]]]},"properties":{"id":"SYN-ARAMBAGH-006-0202","block":"Pursura","mouza":"SYNTHETIC_MOUZA_006","plot":"SYN-006-0202","areaSqm":0,"real":false}},{"type":"Feature","geometry":{"type":"Polygon","coordinates":[[[87.939895,22.892586],[87.939895,22.897505],[87.944863,22.897505],[87.944863,22.892586],[87.939895,22.892586]]]},"properties":{"id":"SYN-ARAMBAGH-006-0203","block":"Pursura","mouza":"SYNTHETIC_MOUZA_006","plot":"SYN-006-0203","areaSqm":0,"real":false}},{"type":"Feature","geometry":{"type":"Polygon","coordinates":[[[87.939895,22.897505],[87.939895,22.902423],[87.944863,22.902423],[87.944863,22.897505],[87.939895,22.897505]]]},"properties":{"id":"SYN-ARAMBAGH-006-0204","block":"Pursura","mouza":"SYNTHETIC_MOUZA_006","plot":"SYN-006-0204","areaSqm":0,"real":false}},{"type":"Feature","geometry":{"type":"Polygon","coordinates":[[[87.939895,22.902423],[87.939895,22.907342],[87.944863,22.907342],[87.944863,22.902423],[87.939895,22.902423]]]},"properties":{"id":"SYN-ARAMBAGH-006-0205","block":"Pursura","mouza":"SYNTHETIC_MOUZA_006","plot":"SYN-006-0205","areaSqm":0,"real":false}},{"type":"Feature","geometry":{"type":"Polygon","coordinates":[[[87.939895,22.907342],[87.939895,22.91226],[87.944863,22.91226],[87.944863,22.907342],[87.939895,22.907342]]]},"properties":{"id":"SYN-ARAMBAGH-006-0206","block":"Pursura","mouza":"SYNTHETIC_MOUZA_006","plot":"SYN-006-0206","areaSqm":0,"real":false}},{"type":"Feature","geometry":{"type":"Polygon","coordinates":[[[87.94122,22.914015],[87.940585,22.917178],[87.944863,22.917178],[87.944863,22.91226],[87.939895,22.91226],[87.939895,22.912515],[87.94122,22.914015]]]},"properties":{"id":"SYN-ARAMBAGH-006-0207","block":"Pursura","mouza":"SYNTHETIC_MOUZA_006","plot":"SYN-006-0207","areaSqm":0,"real":false}},{"type":"Feature","geometry":{"type":"Polygon","coordinates":[[[87.939895,22.920614],[87.939895,22.922097],[87.944863,22.922097],[87.944863,22.917178],[87.940585,22.917178],[87.939895,22.920614]]]},"properties":{"id":"SYN-ARAMBAGH-006-0208","block":"Pursura","mouza":"SYNTHETIC_MOUZA_006","plot":"SYN-006-0208","areaSqm":0,"real":false}},{"type":"Feature","geometry":{"type":"Polygon","coordinates":[[[87.939895,22.922097],[87.939895,22.927015],[87.944863,22.927015],[87.944863,22.922097],[87.939895,22.922097]]]},"properties":{"id":"SYN-ARAMBAGH-006-0209","block":"Pursura","mouza":"SYNTHETIC_MOUZA_006","plot":"SYN-006-0209","areaSqm":0,"real":false}},{"type":"Feature","geometry":{"type":"Polygon","coordinates":[[[87.939895,22.927015],[87.939895,22.931934],[87.944863,22.931934],[87.944863,22.927015],[87.939895,22.927015]]]},"properties":{"id":"SYN-ARAMBAGH-006-0210","block":"Pursura","mouza":"SYNTHETIC_MOUZA_006","plot":"SYN-006-0210","areaSqm":0,"real":false}},{"type":"Feature","geometry":{"type":"Polygon","coordinates":[[[87.939895,22.931934],[87.939895,22.936852],[87.944863,22.936852],[87.944863,22.931934],[87.939895,22.931934]]]},"properties":{"id":"SYN-ARAMBAGH-006-0211","block":"Pursura","mouza":"SYNTHETIC_MOUZA_006","plot":"SYN-006-0211","areaSqm":0,"real":false}},{"type":"Feature","geometry":{"type":"Polygon","coordinates":[[[87.939895,22.936852],[87.939895,22.941771],[87.944863,22.941771],[87.944863,22.936852],[87.939895,22.936852]]]},"properties":{"id":"SYN-ARAMBAGH-006-0212","block":"Pursura","mouza":"SYNTHETIC_MOUZA_006","plot":"SYN-006-0212","areaSqm":0,"real":false}},{"type":"Feature","geometry":{"type":"Polygon","coordinates":[[[87.941269,22.943283],[87.944863,22.944217],[87.944863,22.941771],[87.939895,22.941771],[87.939895,22.943596],[87.941269,22.943283]]]},"properties":{"id":"SYN-ARAMBAGH-006-0213","block":"Pursura","mouza":"SYNTHETIC_MOUZA_006","plot":"SYN-006-0213","areaSqm":0,"real":false}},{"type":"Feature","geometry":{"type":"Polygon","coordinates":[[[87.944863,22.771527],[87.944863,22.774544],[87.949832,22.774544],[87.949832,22.77135],[87.944863,22.771527]]]},"properties":{"id":"SYN-ARAMBAGH-006-0214","block":"Pursura","mouza":"SYNTHETIC_MOUZA_006","plot":"SYN-006-0214","areaSqm":0,"real":false}},{"type":"Feature","geometry":{"type":"Polygon","coordinates":[[[87.944863,22.774544],[87.944863,22.779462],[87.949832,22.779462],[87.949832,22.774544],[87.944863,22.774544]]]},"properties":{"id":"SYN-ARAMBAGH-006-0215","block":"Pursura","mouza":"SYNTHETIC_MOUZA_006","plot":"SYN-006-0215","areaSqm":0,"real":false}},{"type":"Feature","geometry":{"type":"Polygon","coordinates":[[[87.944863,22.779462],[87.944863,22.78438],[87.949832,22.78438],[87.949832,22.779462],[87.944863,22.779462]]]},"properties":{"id":"SYN-ARAMBAGH-006-0216","block":"Pursura","mouza":"SYNTHETIC_MOUZA_006","plot":"SYN-006-0216","areaSqm":0,"real":false}},{"type":"Feature","geometry":{"type":"Polygon","coordinates":[[[87.944863,22.78438],[87.944863,22.789299],[87.949832,22.789299],[87.949832,22.78438],[87.944863,22.78438]]]},"properties":{"id":"SYN-ARAMBAGH-006-0217","block":"Pursura","mouza":"SYNTHETIC_MOUZA_006","plot":"SYN-006-0217","areaSqm":0,"real":false}},{"type":"Feature","geometry":{"type":"Polygon","coordinates":[[[87.944863,22.789299],[87.944863,22.794217],[87.949832,22.794217],[87.949832,22.789299],[87.944863,22.789299]]]},"properties":{"id":"SYN-ARAMBAGH-006-0218","block":"Pursura","mouza":"SYNTHETIC_MOUZA_006","plot":"SYN-006-0218","areaSqm":0,"real":false}},{"type":"Feature","geometry":{"type":"Polygon","coordinates":[[[87.944863,22.794217],[87.944863,22.799136],[87.949832,22.799136],[87.949832,22.794217],[87.944863,22.794217]]]},"properties":{"id":"SYN-ARAMBAGH-006-0219","block":"Pursura","mouza":"SYNTHETIC_MOUZA_006","plot":"SYN-006-0219","areaSqm":0,"real":false}},{"type":"Feature","geometry":{"type":"Polygon","coordinates":[[[87.944863,22.799136],[87.944863,22.804054],[87.949832,22.804054],[87.949832,22.799136],[87.944863,22.799136]]]},"properties":{"id":"SYN-ARAMBAGH-006-0220","block":"Pursura","mouza":"SYNTHETIC_MOUZA_006","plot":"SYN-006-0220","areaSqm":0,"real":false}},{"type":"Feature","geometry":{"type":"Polygon","coordinates":[[[87.944863,22.804054],[87.944863,22.808973],[87.949832,22.808973],[87.949832,22.804054],[87.944863,22.804054]]]},"properties":{"id":"SYN-ARAMBAGH-006-0221","block":"Pursura","mouza":"SYNTHETIC_MOUZA_006","plot":"SYN-006-0221","areaSqm":0,"real":false}},{"type":"Feature","geometry":{"type":"Polygon","coordinates":[[[87.944863,22.808973],[87.944863,22.813891],[87.949832,22.813891],[87.949832,22.808973],[87.944863,22.808973]]]},"properties":{"id":"SYN-ARAMBAGH-006-0222","block":"Pursura","mouza":"SYNTHETIC_MOUZA_006","plot":"SYN-006-0222","areaSqm":0,"real":false}},{"type":"Feature","geometry":{"type":"Polygon","coordinates":[[[87.944863,22.813891],[87.944863,22.81881],[87.949832,22.81881],[87.949832,22.813891],[87.944863,22.813891]]]},"properties":{"id":"SYN-ARAMBAGH-006-0223","block":"Pursura","mouza":"SYNTHETIC_MOUZA_006","plot":"SYN-006-0223","areaSqm":0,"real":false}},{"type":"Feature","geometry":{"type":"Polygon","coordinates":[[[87.944863,22.81881],[87.944863,22.823728],[87.949832,22.823728],[87.949832,22.81881],[87.944863,22.81881]]]},"properties":{"id":"SYN-ARAMBAGH-006-0224","block":"Pursura","mouza":"SYNTHETIC_MOUZA_006","plot":"SYN-006-0224","areaSqm":0,"real":false}},{"type":"Feature","geometry":{"type":"Polygon","coordinates":[[[87.944863,22.823728],[87.944863,22.828646],[87.949832,22.828646],[87.949832,22.823728],[87.944863,22.823728]]]},"properties":{"id":"SYN-ARAMBAGH-006-0225","block":"Pursura","mouza":"SYNTHETIC_MOUZA_006","plot":"SYN-006-0225","areaSqm":0,"real":false}},{"type":"Feature","geometry":{"type":"Polygon","coordinates":[[[87.944863,22.828646],[87.944863,22.833565],[87.949832,22.833565],[87.949832,22.828646],[87.944863,22.828646]]]},"properties":{"id":"SYN-ARAMBAGH-006-0226","block":"Pursura","mouza":"SYNTHETIC_MOUZA_006","plot":"SYN-006-0226","areaSqm":0,"real":false}},{"type":"Feature","geometry":{"type":"Polygon","coordinates":[[[87.944863,22.833565],[87.944863,22.838483],[87.949832,22.838483],[87.949832,22.833565],[87.944863,22.833565]]]},"properties":{"id":"SYN-ARAMBAGH-006-0227","block":"Pursura","mouza":"SYNTHETIC_MOUZA_006","plot":"SYN-006-0227","areaSqm":0,"real":false}},{"type":"Feature","geometry":{"type":"Polygon","coordinates":[[[87.944863,22.838483],[87.944863,22.843402],[87.949832,22.843402],[87.949832,22.838483],[87.944863,22.838483]]]},"properties":{"id":"SYN-ARAMBAGH-006-0228","block":"Pursura","mouza":"SYNTHETIC_MOUZA_006","plot":"SYN-006-0228","areaSqm":0,"real":false}},{"type":"Feature","geometry":{"type":"Polygon","coordinates":[[[87.944863,22.843402],[87.944863,22.84832],[87.949832,22.84832],[87.949832,22.843402],[87.944863,22.843402]]]},"properties":{"id":"SYN-ARAMBAGH-006-0229","block":"Pursura","mouza":"SYNTHETIC_MOUZA_006","plot":"SYN-006-0229","areaSqm":0,"real":false}},{"type":"Feature","geometry":{"type":"Polygon","coordinates":[[[87.944863,22.84832],[87.944863,22.853239],[87.949832,22.853239],[87.949832,22.84832],[87.944863,22.84832]]]},"properties":{"id":"SYN-ARAMBAGH-006-0230","block":"Pursura","mouza":"SYNTHETIC_MOUZA_006","plot":"SYN-006-0230","areaSqm":0,"real":false}},{"type":"Feature","geometry":{"type":"Polygon","coordinates":[[[87.944863,22.853239],[87.944863,22.858157],[87.949832,22.858157],[87.949832,22.853239],[87.944863,22.853239]]]},"properties":{"id":"SYN-ARAMBAGH-006-0231","block":"Pursura","mouza":"SYNTHETIC_MOUZA_006","plot":"SYN-006-0231","areaSqm":0,"real":false}},{"type":"Feature","geometry":{"type":"Polygon","coordinates":[[[87.944863,22.858157],[87.944863,22.863076],[87.949832,22.863076],[87.949832,22.858157],[87.944863,22.858157]]]},"properties":{"id":"SYN-ARAMBAGH-006-0232","block":"Pursura","mouza":"SYNTHETIC_MOUZA_006","plot":"SYN-006-0232","areaSqm":0,"real":false}},{"type":"Feature","geometry":{"type":"Polygon","coordinates":[[[87.944863,22.863076],[87.944863,22.867994],[87.949832,22.867994],[87.949832,22.863076],[87.944863,22.863076]]]},"properties":{"id":"SYN-ARAMBAGH-006-0233","block":"Pursura","mouza":"SYNTHETIC_MOUZA_006","plot":"SYN-006-0233","areaSqm":0,"real":false}},{"type":"Feature","geometry":{"type":"Polygon","coordinates":[[[87.944863,22.867994],[87.944863,22.872912],[87.949832,22.872912],[87.949832,22.867994],[87.944863,22.867994]]]},"properties":{"id":"SYN-ARAMBAGH-006-0234","block":"Pursura","mouza":"SYNTHETIC_MOUZA_006","plot":"SYN-006-0234","areaSqm":0,"real":false}},{"type":"Feature","geometry":{"type":"Polygon","coordinates":[[[87.944863,22.872912],[87.944863,22.877831],[87.949832,22.877831],[87.949832,22.872912],[87.944863,22.872912]]]},"properties":{"id":"SYN-ARAMBAGH-006-0235","block":"Pursura","mouza":"SYNTHETIC_MOUZA_006","plot":"SYN-006-0235","areaSqm":0,"real":false}},{"type":"Feature","geometry":{"type":"Polygon","coordinates":[[[87.944863,22.877831],[87.944863,22.882749],[87.949832,22.882749],[87.949832,22.877831],[87.944863,22.877831]]]},"properties":{"id":"SYN-ARAMBAGH-006-0236","block":"Pursura","mouza":"SYNTHETIC_MOUZA_006","plot":"SYN-006-0236","areaSqm":0,"real":false}},{"type":"Feature","geometry":{"type":"Polygon","coordinates":[[[87.944863,22.882749],[87.944863,22.887668],[87.949832,22.887668],[87.949832,22.882749],[87.944863,22.882749]]]},"properties":{"id":"SYN-ARAMBAGH-006-0237","block":"Pursura","mouza":"SYNTHETIC_MOUZA_006","plot":"SYN-006-0237","areaSqm":0,"real":false}},{"type":"Feature","geometry":{"type":"Polygon","coordinates":[[[87.944863,22.887668],[87.944863,22.892586],[87.949832,22.892586],[87.949832,22.887668],[87.944863,22.887668]]]},"properties":{"id":"SYN-ARAMBAGH-006-0238","block":"Pursura","mouza":"SYNTHETIC_MOUZA_006","plot":"SYN-006-0238","areaSqm":0,"real":false}},{"type":"Feature","geometry":{"type":"Polygon","coordinates":[[[87.944863,22.892586],[87.944863,22.897505],[87.949832,22.897505],[87.949832,22.892586],[87.944863,22.892586]]]},"properties":{"id":"SYN-ARAMBAGH-006-0239","block":"Pursura","mouza":"SYNTHETIC_MOUZA_006","plot":"SYN-006-0239","areaSqm":0,"real":false}},{"type":"Feature","geometry":{"type":"Polygon","coordinates":[[[87.944863,22.897505],[87.944863,22.902423],[87.949832,22.902423],[87.949832,22.897505],[87.944863,22.897505]]]},"properties":{"id":"SYN-ARAMBAGH-006-0240","block":"Pursura","mouza":"SYNTHETIC_MOUZA_006","plot":"SYN-006-0240","areaSqm":0,"real":false}},{"type":"Feature","geometry":{"type":"Polygon","coordinates":[[[87.944863,22.902423],[87.944863,22.907342],[87.949832,22.907342],[87.949832,22.902423],[87.944863,22.902423]]]},"properties":{"id":"SYN-ARAMBAGH-006-0241","block":"Pursura","mouza":"SYNTHETIC_MOUZA_006","plot":"SYN-006-0241","areaSqm":0,"real":false}},{"type":"Feature","geometry":{"type":"Polygon","coordinates":[[[87.944863,22.907342],[87.944863,22.91226],[87.949832,22.91226],[87.949832,22.907342],[87.944863,22.907342]]]},"properties":{"id":"SYN-ARAMBAGH-006-0242","block":"Pursura","mouza":"SYNTHETIC_MOUZA_006","plot":"SYN-006-0242","areaSqm":0,"real":false}},{"type":"Feature","geometry":{"type":"Polygon","coordinates":[[[87.944863,22.91226],[87.944863,22.917178],[87.949832,22.917178],[87.949832,22.91226],[87.944863,22.91226]]]},"properties":{"id":"SYN-ARAMBAGH-006-0243","block":"Pursura","mouza":"SYNTHETIC_MOUZA_006","plot":"SYN-006-0243","areaSqm":0,"real":false}},{"type":"Feature","geometry":{"type":"Polygon","coordinates":[[[87.944863,22.917178],[87.944863,22.922097],[87.949832,22.922097],[87.949832,22.917178],[87.944863,22.917178]]]},"properties":{"id":"SYN-ARAMBAGH-006-0244","block":"Pursura","mouza":"SYNTHETIC_MOUZA_006","plot":"SYN-006-0244","areaSqm":0,"real":false}},{"type":"Feature","geometry":{"type":"Polygon","coordinates":[[[87.944863,22.922097],[87.944863,22.927015],[87.949832,22.927015],[87.949832,22.922097],[87.944863,22.922097]]]},"properties":{"id":"SYN-ARAMBAGH-006-0245","block":"Pursura","mouza":"SYNTHETIC_MOUZA_006","plot":"SYN-006-0245","areaSqm":0,"real":false}},{"type":"Feature","geometry":{"type":"Polygon","coordinates":[[[87.944863,22.927015],[87.944863,22.931934],[87.949832,22.931934],[87.949832,22.927015],[87.944863,22.927015]]]},"properties":{"id":"SYN-ARAMBAGH-006-0246","block":"Pursura","mouza":"SYNTHETIC_MOUZA_006","plot":"SYN-006-0246","areaSqm":0,"real":false}},{"type":"Feature","geometry":{"type":"Polygon","coordinates":[[[87.944863,22.931934],[87.944863,22.936852],[87.949832,22.936852],[87.949832,22.931934],[87.944863,22.931934]]]},"properties":{"id":"SYN-ARAMBAGH-006-0247","block":"Pursura","mouza":"SYNTHETIC_MOUZA_006","plot":"SYN-006-0247","areaSqm":0,"real":false}},{"type":"Feature","geometry":{"type":"Polygon","coordinates":[[[87.944863,22.936852],[87.944863,22.941771],[87.949832,22.941771],[87.949832,22.936852],[87.944863,22.936852]]]},"properties":{"id":"SYN-ARAMBAGH-006-0248","block":"Pursura","mouza":"SYNTHETIC_MOUZA_006","plot":"SYN-006-0248","areaSqm":0,"real":false}},{"type":"Feature","geometry":{"type":"Polygon","coordinates":[[[87.947067,22.94479],[87.947945,22.946689],[87.949832,22.946689],[87.949832,22.941771],[87.944863,22.941771],[87.944863,22.944217],[87.947067,22.94479]]]},"properties":{"id":"SYN-ARAMBAGH-006-0249","block":"Pursura","mouza":"SYNTHETIC_MOUZA_006","plot":"SYN-006-0249","areaSqm":0,"real":false}},{"type":"Feature","geometry":{"type":"Polygon","coordinates":[[[87.949832,22.95077],[87.949832,22.946689],[87.947945,22.946689],[87.949832,22.95077]]]},"properties":{"id":"SYN-ARAMBAGH-006-0250","block":"Pursura","mouza":"SYNTHETIC_MOUZA_006","plot":"SYN-006-0250","areaSqm":0,"real":false}},{"type":"Feature","geometry":{"type":"Polygon","coordinates":[[[87.952104,22.771269],[87.949832,22.77135],[87.949832,22.774544],[87.9548,22.774544],[87.9548,22.77156],[87.952104,22.771269]]]},"properties":{"id":"SYN-ARAMBAGH-006-0251","block":"Pursura","mouza":"SYNTHETIC_MOUZA_006","plot":"SYN-006-0251","areaSqm":0,"real":false}},{"type":"Feature","geometry":{"type":"Polygon","coordinates":[[[87.949832,22.774544],[87.949832,22.779462],[87.9548,22.779462],[87.9548,22.774544],[87.949832,22.774544]]]},"properties":{"id":"SYN-ARAMBAGH-006-0252","block":"Pursura","mouza":"SYNTHETIC_MOUZA_006","plot":"SYN-006-0252","areaSqm":0,"real":false}},{"type":"Feature","geometry":{"type":"Polygon","coordinates":[[[87.949832,22.779462],[87.949832,22.78438],[87.9548,22.78438],[87.9548,22.779462],[87.949832,22.779462]]]},"properties":{"id":"SYN-ARAMBAGH-006-0253","block":"Pursura","mouza":"SYNTHETIC_MOUZA_006","plot":"SYN-006-0253","areaSqm":0,"real":false}},{"type":"Feature","geometry":{"type":"Polygon","coordinates":[[[87.949832,22.78438],[87.949832,22.789299],[87.9548,22.789299],[87.9548,22.78438],[87.949832,22.78438]]]},"properties":{"id":"SYN-ARAMBAGH-006-0254","block":"Pursura","mouza":"SYNTHETIC_MOUZA_006","plot":"SYN-006-0254","areaSqm":0,"real":false}},{"type":"Feature","geometry":{"type":"Polygon","coordinates":[[[87.949832,22.789299],[87.949832,22.794217],[87.9548,22.794217],[87.9548,22.789299],[87.949832,22.789299]]]},"properties":{"id":"SYN-ARAMBAGH-006-0255","block":"Pursura","mouza":"SYNTHETIC_MOUZA_006","plot":"SYN-006-0255","areaSqm":0,"real":false}},{"type":"Feature","geometry":{"type":"Polygon","coordinates":[[[87.949832,22.794217],[87.949832,22.799136],[87.9548,22.799136],[87.9548,22.794217],[87.949832,22.794217]]]},"properties":{"id":"SYN-ARAMBAGH-006-0256","block":"Pursura","mouza":"SYNTHETIC_MOUZA_006","plot":"SYN-006-0256","areaSqm":0,"real":false}},{"type":"Feature","geometry":{"type":"Polygon","coordinates":[[[87.949832,22.799136],[87.949832,22.804054],[87.9548,22.804054],[87.9548,22.799136],[87.949832,22.799136]]]},"properties":{"id":"SYN-ARAMBAGH-006-0257","block":"Pursura","mouza":"SYNTHETIC_MOUZA_006","plot":"SYN-006-0257","areaSqm":0,"real":false}},{"type":"Feature","geometry":{"type":"Polygon","coordinates":[[[87.949832,22.804054],[87.949832,22.808973],[87.9548,22.808973],[87.9548,22.804054],[87.949832,22.804054]]]},"properties":{"id":"SYN-ARAMBAGH-006-0258","block":"Pursura","mouza":"SYNTHETIC_MOUZA_006","plot":"SYN-006-0258","areaSqm":0,"real":false}},{"type":"Feature","geometry":{"type":"Polygon","coordinates":[[[87.949832,22.808973],[87.949832,22.813891],[87.9548,22.813891],[87.9548,22.808973],[87.949832,22.808973]]]},"properties":{"id":"SYN-ARAMBAGH-006-0259","block":"Pursura","mouza":"SYNTHETIC_MOUZA_006","plot":"SYN-006-0259","areaSqm":0,"real":false}},{"type":"Feature","geometry":{"type":"Polygon","coordinates":[[[87.949832,22.813891],[87.949832,22.81881],[87.9548,22.81881],[87.9548,22.813891],[87.949832,22.813891]]]},"properties":{"id":"SYN-ARAMBAGH-006-0260","block":"Pursura","mouza":"SYNTHETIC_MOUZA_006","plot":"SYN-006-0260","areaSqm":0,"real":false}},{"type":"Feature","geometry":{"type":"Polygon","coordinates":[[[87.949832,22.81881],[87.949832,22.823728],[87.9548,22.823728],[87.9548,22.81881],[87.949832,22.81881]]]},"properties":{"id":"SYN-ARAMBAGH-006-0261","block":"Pursura","mouza":"SYNTHETIC_MOUZA_006","plot":"SYN-006-0261","areaSqm":0,"real":false}},{"type":"Feature","geometry":{"type":"Polygon","coordinates":[[[87.949832,22.823728],[87.949832,22.828646],[87.9548,22.828646],[87.9548,22.823728],[87.949832,22.823728]]]},"properties":{"id":"SYN-ARAMBAGH-006-0262","block":"Pursura","mouza":"SYNTHETIC_MOUZA_006","plot":"SYN-006-0262","areaSqm":0,"real":false}},{"type":"Feature","geometry":{"type":"Polygon","coordinates":[[[87.949832,22.828646],[87.949832,22.833565],[87.9548,22.833565],[87.9548,22.828646],[87.949832,22.828646]]]},"properties":{"id":"SYN-ARAMBAGH-006-0263","block":"Pursura","mouza":"SYNTHETIC_MOUZA_006","plot":"SYN-006-0263","areaSqm":0,"real":false}},{"type":"Feature","geometry":{"type":"Polygon","coordinates":[[[87.949832,22.833565],[87.949832,22.838483],[87.9548,22.838483],[87.9548,22.833565],[87.949832,22.833565]]]},"properties":{"id":"SYN-ARAMBAGH-006-0264","block":"Pursura","mouza":"SYNTHETIC_MOUZA_006","plot":"SYN-006-0264","areaSqm":0,"real":false}},{"type":"Feature","geometry":{"type":"Polygon","coordinates":[[[87.949832,22.838483],[87.949832,22.843402],[87.9548,22.843402],[87.9548,22.838483],[87.949832,22.838483]]]},"properties":{"id":"SYN-ARAMBAGH-006-0265","block":"Pursura","mouza":"SYNTHETIC_MOUZA_006","plot":"SYN-006-0265","areaSqm":0,"real":false}},{"type":"Feature","geometry":{"type":"Polygon","coordinates":[[[87.949832,22.843402],[87.949832,22.84832],[87.9548,22.84832],[87.9548,22.843402],[87.949832,22.843402]]]},"properties":{"id":"SYN-ARAMBAGH-006-0266","block":"Pursura","mouza":"SYNTHETIC_MOUZA_006","plot":"SYN-006-0266","areaSqm":0,"real":false}},{"type":"Feature","geometry":{"type":"Polygon","coordinates":[[[87.949832,22.84832],[87.949832,22.853239],[87.9548,22.853239],[87.9548,22.84832],[87.949832,22.84832]]]},"properties":{"id":"SYN-ARAMBAGH-006-0267","block":"Pursura","mouza":"SYNTHETIC_MOUZA_006","plot":"SYN-006-0267","areaSqm":0,"real":false}},{"type":"Feature","geometry":{"type":"Polygon","coordinates":[[[87.949832,22.853239],[87.949832,22.858157],[87.9548,22.858157],[87.9548,22.853239],[87.949832,22.853239]]]},"properties":{"id":"SYN-ARAMBAGH-006-0268","block":"Pursura","mouza":"SYNTHETIC_MOUZA_006","plot":"SYN-006-0268","areaSqm":0,"real":false}},{"type":"Feature","geometry":{"type":"Polygon","coordinates":[[[87.949832,22.858157],[87.949832,22.863076],[87.9548,22.863076],[87.9548,22.858157],[87.949832,22.858157]]]},"properties":{"id":"SYN-ARAMBAGH-006-0269","block":"Pursura","mouza":"SYNTHETIC_MOUZA_006","plot":"SYN-006-0269","areaSqm":0,"real":false}},{"type":"Feature","geometry":{"type":"Polygon","coordinates":[[[87.9548,22.866323],[87.9548,22.863076],[87.949832,22.863076],[87.949832,22.867994],[87.954032,22.867994],[87.9548,22.866323]]]},"properties":{"id":"SYN-ARAMBAGH-006-0270","block":"Pursura","mouza":"SYNTHETIC_MOUZA_006","plot":"SYN-006-0270","areaSqm":0,"real":false}},{"type":"Feature","geometry":{"type":"Polygon","coordinates":[[[87.952744,22.870799],[87.954032,22.867994],[87.949832,22.867994],[87.949832,22.872912],[87.952423,22.872912],[87.952744,22.870799]]]},"properties":{"id":"SYN-ARAMBAGH-006-0271","block":"Pursura","mouza":"SYNTHETIC_MOUZA_006","plot":"SYN-006-0271","areaSqm":0,"real":false}},{"type":"Feature","geometry":{"type":"Polygon","coordinates":[[[87.951705,22.877641],[87.952423,22.872912],[87.949832,22.872912],[87.949832,22.877831],[87.951733,22.877831],[87.951705,22.877641]]]},"properties":{"id":"SYN-ARAMBAGH-006-0272","block":"Pursura","mouza":"SYNTHETIC_MOUZA_006","plot":"SYN-006-0272","areaSqm":0,"real":false}},{"type":"Feature","geometry":{"type":"Polygon","coordinates":[[[87.951733,22.877831],[87.949832,22.877831],[87.949832,22.882749],[87.952465,22.882749],[87.951733,22.877831]]]},"properties":{"id":"SYN-ARAMBAGH-006-0273","block":"Pursura","mouza":"SYNTHETIC_MOUZA_006","plot":"SYN-006-0273","areaSqm":0,"real":false}},{"type":"Feature","geometry":{"type":"Polygon","coordinates":[[[87.952755,22.884696],[87.952465,22.882749],[87.949832,22.882749],[87.949832,22.887668],[87.954563,22.887668],[87.952755,22.884696]]]},"properties":{"id":"SYN-ARAMBAGH-006-0274","block":"Pursura","mouza":"SYNTHETIC_MOUZA_006","plot":"SYN-006-0274","areaSqm":0,"real":false}},{"type":"Feature","geometry":{"type":"Polygon","coordinates":[[[87.954563,22.887668],[87.949832,22.887668],[87.949832,22.892586],[87.9548,22.892586],[87.9548,22.888058],[87.954563,22.887668]]]},"properties":{"id":"SYN-ARAMBAGH-006-0275","block":"Pursura","mouza":"SYNTHETIC_MOUZA_006","plot":"SYN-006-0275","areaSqm":0,"real":false}},{"type":"Feature","geometry":{"type":"Polygon","coordinates":[[[87.949832,22.892586],[87.949832,22.897505],[87.9548,22.897505],[87.9548,22.892586],[87.949832,22.892586]]]},"properties":{"id":"SYN-ARAMBAGH-006-0276","block":"Pursura","mouza":"SYNTHETIC_MOUZA_006","plot":"SYN-006-0276","areaSqm":0,"real":false}},{"type":"Feature","geometry":{"type":"Polygon","coordinates":[[[87.949832,22.897505],[87.949832,22.902423],[87.9548,22.902423],[87.9548,22.897505],[87.949832,22.897505]]]},"properties":{"id":"SYN-ARAMBAGH-006-0277","block":"Pursura","mouza":"SYNTHETIC_MOUZA_006","plot":"SYN-006-0277","areaSqm":0,"real":false}},{"type":"Feature","geometry":{"type":"Polygon","coordinates":[[[87.949832,22.902423],[87.949832,22.907342],[87.9548,22.907342],[87.9548,22.902423],[87.949832,22.902423]]]},"properties":{"id":"SYN-ARAMBAGH-006-0278","block":"Pursura","mouza":"SYNTHETIC_MOUZA_006","plot":"SYN-006-0278","areaSqm":0,"real":false}},{"type":"Feature","geometry":{"type":"Polygon","coordinates":[[[87.949832,22.907342],[87.949832,22.91226],[87.9548,22.91226],[87.9548,22.907342],[87.949832,22.907342]]]},"properties":{"id":"SYN-ARAMBAGH-006-0279","block":"Pursura","mouza":"SYNTHETIC_MOUZA_006","plot":"SYN-006-0279","areaSqm":0,"real":false}},{"type":"Feature","geometry":{"type":"Polygon","coordinates":[[[87.949832,22.91226],[87.949832,22.917178],[87.9548,22.917178],[87.9548,22.91226],[87.949832,22.91226]]]},"properties":{"id":"SYN-ARAMBAGH-006-0280","block":"Pursura","mouza":"SYNTHETIC_MOUZA_006","plot":"SYN-006-0280","areaSqm":0,"real":false}},{"type":"Feature","geometry":{"type":"Polygon","coordinates":[[[87.949832,22.917178],[87.949832,22.922097],[87.9548,22.922097],[87.9548,22.917178],[87.949832,22.917178]]]},"properties":{"id":"SYN-ARAMBAGH-006-0281","block":"Pursura","mouza":"SYNTHETIC_MOUZA_006","plot":"SYN-006-0281","areaSqm":0,"real":false}},{"type":"Feature","geometry":{"type":"Polygon","coordinates":[[[87.949832,22.922097],[87.949832,22.927015],[87.9548,22.927015],[87.9548,22.922097],[87.949832,22.922097]]]},"properties":{"id":"SYN-ARAMBAGH-006-0282","block":"Pursura","mouza":"SYNTHETIC_MOUZA_006","plot":"SYN-006-0282","areaSqm":0,"real":false}},{"type":"Feature","geometry":{"type":"Polygon","coordinates":[[[87.949832,22.927015],[87.949832,22.931934],[87.9548,22.931934],[87.9548,22.927015],[87.949832,22.927015]]]},"properties":{"id":"SYN-ARAMBAGH-006-0283","block":"Pursura","mouza":"SYNTHETIC_MOUZA_006","plot":"SYN-006-0283","areaSqm":0,"real":false}},{"type":"Feature","geometry":{"type":"Polygon","coordinates":[[[87.949832,22.931934],[87.949832,22.936852],[87.9548,22.936852],[87.9548,22.931934],[87.949832,22.931934]]]},"properties":{"id":"SYN-ARAMBAGH-006-0284","block":"Pursura","mouza":"SYNTHETIC_MOUZA_006","plot":"SYN-006-0284","areaSqm":0,"real":false}},{"type":"Feature","geometry":{"type":"Polygon","coordinates":[[[87.949832,22.936852],[87.949832,22.941771],[87.9548,22.941771],[87.9548,22.936852],[87.949832,22.936852]]]},"properties":{"id":"SYN-ARAMBAGH-006-0285","block":"Pursura","mouza":"SYNTHETIC_MOUZA_006","plot":"SYN-006-0285","areaSqm":0,"real":false}},{"type":"Feature","geometry":{"type":"Polygon","coordinates":[[[87.949832,22.941771],[87.949832,22.946689],[87.9548,22.946689],[87.9548,22.941771],[87.949832,22.941771]]]},"properties":{"id":"SYN-ARAMBAGH-006-0286","block":"Pursura","mouza":"SYNTHETIC_MOUZA_006","plot":"SYN-006-0286","areaSqm":0,"real":false}},{"type":"Feature","geometry":{"type":"Polygon","coordinates":[[[87.950219,22.951608],[87.9548,22.951608],[87.9548,22.946689],[87.949832,22.946689],[87.949832,22.95077],[87.950219,22.951608]]]},"properties":{"id":"SYN-ARAMBAGH-006-0287","block":"Pursura","mouza":"SYNTHETIC_MOUZA_006","plot":"SYN-006-0287","areaSqm":0,"real":false}},{"type":"Feature","geometry":{"type":"Polygon","coordinates":[[[87.9548,22.956152],[87.9548,22.951608],[87.950219,22.951608],[87.951161,22.953646],[87.953087,22.956526],[87.9548,22.956152]]]},"properties":{"id":"SYN-ARAMBAGH-006-0288","block":"Pursura","mouza":"SYNTHETIC_MOUZA_006","plot":"SYN-006-0288","areaSqm":0,"real":false}},{"type":"Feature","geometry":{"type":"Polygon","coordinates":[[[87.9548,22.77156],[87.9548,22.774544],[87.959768,22.774544],[87.959768,22.772096],[87.9548,22.77156]]]},"properties":{"id":"SYN-ARAMBAGH-006-0289","block":"Pursura","mouza":"SYNTHETIC_MOUZA_006","plot":"SYN-006-0289","areaSqm":0,"real":false}},{"type":"Feature","geometry":{"type":"Polygon","coordinates":[[[87.9548,22.774544],[87.9548,22.779462],[87.959768,22.779462],[87.959768,22.774544],[87.9548,22.774544]]]},"properties":{"id":"SYN-ARAMBAGH-006-0290","block":"Pursura","mouza":"SYNTHETIC_MOUZA_006","plot":"SYN-006-0290","areaSqm":0,"real":false}},{"type":"Feature","geometry":{"type":"Polygon","coordinates":[[[87.9548,22.779462],[87.9548,22.78438],[87.959768,22.78438],[87.959768,22.779462],[87.9548,22.779462]]]},"properties":{"id":"SYN-ARAMBAGH-006-0291","block":"Pursura","mouza":"SYNTHETIC_MOUZA_006","plot":"SYN-006-0291","areaSqm":0,"real":false}},{"type":"Feature","geometry":{"type":"Polygon","coordinates":[[[87.9548,22.78438],[87.9548,22.789299],[87.959768,22.789299],[87.959768,22.78438],[87.9548,22.78438]]]},"properties":{"id":"SYN-ARAMBAGH-006-0292","block":"Pursura","mouza":"SYNTHETIC_MOUZA_006","plot":"SYN-006-0292","areaSqm":0,"real":false}},{"type":"Feature","geometry":{"type":"Polygon","coordinates":[[[87.9548,22.789299],[87.9548,22.794217],[87.959768,22.794217],[87.959768,22.789299],[87.9548,22.789299]]]},"properties":{"id":"SYN-ARAMBAGH-006-0293","block":"Pursura","mouza":"SYNTHETIC_MOUZA_006","plot":"SYN-006-0293","areaSqm":0,"real":false}},{"type":"Feature","geometry":{"type":"Polygon","coordinates":[[[87.9548,22.794217],[87.9548,22.799136],[87.959768,22.799136],[87.959768,22.794217],[87.9548,22.794217]]]},"properties":{"id":"SYN-ARAMBAGH-006-0294","block":"Pursura","mouza":"SYNTHETIC_MOUZA_006","plot":"SYN-006-0294","areaSqm":0,"real":false}},{"type":"Feature","geometry":{"type":"Polygon","coordinates":[[[87.9548,22.799136],[87.9548,22.804054],[87.959768,22.804054],[87.959768,22.799136],[87.9548,22.799136]]]},"properties":{"id":"SYN-ARAMBAGH-006-0295","block":"Pursura","mouza":"SYNTHETIC_MOUZA_006","plot":"SYN-006-0295","areaSqm":0,"real":false}},{"type":"Feature","geometry":{"type":"Polygon","coordinates":[[[87.9548,22.804054],[87.9548,22.808973],[87.959768,22.808973],[87.959768,22.804054],[87.9548,22.804054]]]},"properties":{"id":"SYN-ARAMBAGH-006-0296","block":"Pursura","mouza":"SYNTHETIC_MOUZA_006","plot":"SYN-006-0296","areaSqm":0,"real":false}},{"type":"Feature","geometry":{"type":"Polygon","coordinates":[[[87.9548,22.808973],[87.9548,22.813891],[87.959768,22.813891],[87.959768,22.808973],[87.9548,22.808973]]]},"properties":{"id":"SYN-ARAMBAGH-006-0297","block":"Pursura","mouza":"SYNTHETIC_MOUZA_006","plot":"SYN-006-0297","areaSqm":0,"real":false}},{"type":"Feature","geometry":{"type":"Polygon","coordinates":[[[87.9548,22.813891],[87.9548,22.81881],[87.959768,22.81881],[87.959768,22.813891],[87.9548,22.813891]]]},"properties":{"id":"SYN-ARAMBAGH-006-0298","block":"Pursura","mouza":"SYNTHETIC_MOUZA_006","plot":"SYN-006-0298","areaSqm":0,"real":false}},{"type":"Feature","geometry":{"type":"Polygon","coordinates":[[[87.9548,22.81881],[87.9548,22.823728],[87.959768,22.823728],[87.959768,22.81881],[87.9548,22.81881]]]},"properties":{"id":"SYN-ARAMBAGH-006-0299","block":"Pursura","mouza":"SYNTHETIC_MOUZA_006","plot":"SYN-006-0299","areaSqm":0,"real":false}},{"type":"Feature","geometry":{"type":"Polygon","coordinates":[[[87.9548,22.823728],[87.9548,22.828646],[87.959768,22.828646],[87.959768,22.823728],[87.9548,22.823728]]]},"properties":{"id":"SYN-ARAMBAGH-006-0300","block":"Pursura","mouza":"SYNTHETIC_MOUZA_006","plot":"SYN-006-0300","areaSqm":0,"real":false}},{"type":"Feature","geometry":{"type":"Polygon","coordinates":[[[87.9548,22.828646],[87.9548,22.833565],[87.959768,22.833565],[87.959768,22.828646],[87.9548,22.828646]]]},"properties":{"id":"SYN-ARAMBAGH-006-0301","block":"Pursura","mouza":"SYNTHETIC_MOUZA_006","plot":"SYN-006-0301","areaSqm":0,"real":false}},{"type":"Feature","geometry":{"type":"Polygon","coordinates":[[[87.9548,22.833565],[87.9548,22.838483],[87.959768,22.838483],[87.959768,22.833565],[87.9548,22.833565]]]},"properties":{"id":"SYN-ARAMBAGH-006-0302","block":"Pursura","mouza":"SYNTHETIC_MOUZA_006","plot":"SYN-006-0302","areaSqm":0,"real":false}},{"type":"Feature","geometry":{"type":"Polygon","coordinates":[[[87.9548,22.838483],[87.9548,22.843402],[87.959768,22.843402],[87.959768,22.838483],[87.9548,22.838483]]]},"properties":{"id":"SYN-ARAMBAGH-006-0303","block":"Pursura","mouza":"SYNTHETIC_MOUZA_006","plot":"SYN-006-0303","areaSqm":0,"real":false}},{"type":"Feature","geometry":{"type":"Polygon","coordinates":[[[87.9548,22.843402],[87.9548,22.84832],[87.959768,22.84832],[87.959768,22.843402],[87.9548,22.843402]]]},"properties":{"id":"SYN-ARAMBAGH-006-0304","block":"Pursura","mouza":"SYNTHETIC_MOUZA_006","plot":"SYN-006-0304","areaSqm":0,"real":false}},{"type":"Feature","geometry":{"type":"Polygon","coordinates":[[[87.9548,22.84832],[87.9548,22.853239],[87.959768,22.853239],[87.959768,22.84832],[87.9548,22.84832]]]},"properties":{"id":"SYN-ARAMBAGH-006-0305","block":"Pursura","mouza":"SYNTHETIC_MOUZA_006","plot":"SYN-006-0305","areaSqm":0,"real":false}},{"type":"Feature","geometry":{"type":"Polygon","coordinates":[[[87.9548,22.853239],[87.9548,22.858157],[87.959768,22.858157],[87.959768,22.853239],[87.9548,22.853239]]]},"properties":{"id":"SYN-ARAMBAGH-006-0306","block":"Pursura","mouza":"SYNTHETIC_MOUZA_006","plot":"SYN-006-0306","areaSqm":0,"real":false}},{"type":"Feature","geometry":{"type":"Polygon","coordinates":[[[87.956496,22.862628],[87.959768,22.85967],[87.959768,22.858157],[87.9548,22.858157],[87.9548,22.863076],[87.956291,22.863076],[87.956496,22.862628]]]},"properties":{"id":"SYN-ARAMBAGH-006-0307","block":"Pursura","mouza":"SYNTHETIC_MOUZA_006","plot":"SYN-006-0307","areaSqm":0,"real":false}},{"type":"Feature","geometry":{"type":"Polygon","coordinates":[[[87.956291,22.863076],[87.9548,22.863076],[87.9548,22.866323],[87.956291,22.863076]]]},"properties":{"id":"SYN-ARAMBAGH-006-0308","block":"Pursura","mouza":"SYNTHETIC_MOUZA_006","plot":"SYN-006-0308","areaSqm":0,"real":false}},{"type":"Feature","geometry":{"type":"Polygon","coordinates":[[[87.955867,22.889813],[87.9548,22.888058],[87.9548,22.892586],[87.958295,22.892586],[87.955867,22.889813]]]},"properties":{"id":"SYN-ARAMBAGH-006-0309","block":"Pursura","mouza":"SYNTHETIC_MOUZA_006","plot":"SYN-006-0309","areaSqm":0,"real":false}},{"type":"Feature","geometry":{"type":"Polygon","coordinates":[[[87.958295,22.892586],[87.9548,22.892586],[87.9548,22.897505],[87.959768,22.897505],[87.959768,22.894269],[87.958295,22.892586]]]},"properties":{"id":"SYN-ARAMBAGH-006-0310","block":"Pursura","mouza":"SYNTHETIC_MOUZA_006","plot":"SYN-006-0310","areaSqm":0,"real":false}},{"type":"Feature","geometry":{"type":"Polygon","coordinates":[[[87.9548,22.897505],[87.9548,22.902423],[87.959768,22.902423],[87.959768,22.897505],[87.9548,22.897505]]]},"properties":{"id":"SYN-ARAMBAGH-006-0311","block":"Pursura","mouza":"SYNTHETIC_MOUZA_006","plot":"SYN-006-0311","areaSqm":0,"real":false}},{"type":"Feature","geometry":{"type":"Polygon","coordinates":[[[87.9548,22.902423],[87.9548,22.907342],[87.959768,22.907342],[87.959768,22.902423],[87.9548,22.902423]]]},"properties":{"id":"SYN-ARAMBAGH-006-0312","block":"Pursura","mouza":"SYNTHETIC_MOUZA_006","plot":"SYN-006-0312","areaSqm":0,"real":false}},{"type":"Feature","geometry":{"type":"Polygon","coordinates":[[[87.9548,22.907342],[87.9548,22.91226],[87.959768,22.91226],[87.959768,22.907342],[87.9548,22.907342]]]},"properties":{"id":"SYN-ARAMBAGH-006-0313","block":"Pursura","mouza":"SYNTHETIC_MOUZA_006","plot":"SYN-006-0313","areaSqm":0,"real":false}},{"type":"Feature","geometry":{"type":"Polygon","coordinates":[[[87.9548,22.91226],[87.9548,22.917178],[87.959768,22.917178],[87.959768,22.91226],[87.9548,22.91226]]]},"properties":{"id":"SYN-ARAMBAGH-006-0314","block":"Pursura","mouza":"SYNTHETIC_MOUZA_006","plot":"SYN-006-0314","areaSqm":0,"real":false}},{"type":"Feature","geometry":{"type":"Polygon","coordinates":[[[87.9548,22.917178],[87.9548,22.922097],[87.959768,22.922097],[87.959768,22.917178],[87.9548,22.917178]]]},"properties":{"id":"SYN-ARAMBAGH-006-0315","block":"Pursura","mouza":"SYNTHETIC_MOUZA_006","plot":"SYN-006-0315","areaSqm":0,"real":false}},{"type":"Feature","geometry":{"type":"Polygon","coordinates":[[[87.9548,22.922097],[87.9548,22.927015],[87.959768,22.927015],[87.959768,22.922097],[87.9548,22.922097]]]},"properties":{"id":"SYN-ARAMBAGH-006-0316","block":"Pursura","mouza":"SYNTHETIC_MOUZA_006","plot":"SYN-006-0316","areaSqm":0,"real":false}},{"type":"Feature","geometry":{"type":"Polygon","coordinates":[[[87.9548,22.927015],[87.9548,22.931934],[87.959768,22.931934],[87.959768,22.927015],[87.9548,22.927015]]]},"properties":{"id":"SYN-ARAMBAGH-006-0317","block":"Pursura","mouza":"SYNTHETIC_MOUZA_006","plot":"SYN-006-0317","areaSqm":0,"real":false}},{"type":"Feature","geometry":{"type":"Polygon","coordinates":[[[87.9548,22.931934],[87.9548,22.936852],[87.959768,22.936852],[87.959768,22.931934],[87.9548,22.931934]]]},"properties":{"id":"SYN-ARAMBAGH-006-0318","block":"Pursura","mouza":"SYNTHETIC_MOUZA_006","plot":"SYN-006-0318","areaSqm":0,"real":false}},{"type":"Feature","geometry":{"type":"Polygon","coordinates":[[[87.9548,22.936852],[87.9548,22.941771],[87.959768,22.941771],[87.959768,22.936852],[87.9548,22.936852]]]},"properties":{"id":"SYN-ARAMBAGH-006-0319","block":"Pursura","mouza":"SYNTHETIC_MOUZA_006","plot":"SYN-006-0319","areaSqm":0,"real":false}},{"type":"Feature","geometry":{"type":"Polygon","coordinates":[[[87.9548,22.941771],[87.9548,22.946689],[87.959768,22.946689],[87.959768,22.941771],[87.9548,22.941771]]]},"properties":{"id":"SYN-ARAMBAGH-006-0320","block":"Pursura","mouza":"SYNTHETIC_MOUZA_006","plot":"SYN-006-0320","areaSqm":0,"real":false}},{"type":"Feature","geometry":{"type":"Polygon","coordinates":[[[87.9548,22.946689],[87.9548,22.951608],[87.959768,22.951608],[87.959768,22.946689],[87.9548,22.946689]]]},"properties":{"id":"SYN-ARAMBAGH-006-0321","block":"Pursura","mouza":"SYNTHETIC_MOUZA_006","plot":"SYN-006-0321","areaSqm":0,"real":false}},{"type":"Feature","geometry":{"type":"Polygon","coordinates":[[[87.95669,22.95574],[87.959768,22.952104],[87.959768,22.951608],[87.9548,22.951608],[87.9548,22.956152],[87.95669,22.95574]]]},"properties":{"id":"SYN-ARAMBAGH-006-0322","block":"Pursura","mouza":"SYNTHETIC_MOUZA_006","plot":"SYN-006-0322","areaSqm":0,"real":false}},{"type":"Feature","geometry":{"type":"Polygon","coordinates":[[[87.961659,22.772301],[87.959768,22.772096],[87.959768,22.774544],[87.964736,22.774544],[87.964736,22.770061],[87.961659,22.772301]]]},"properties":{"id":"SYN-ARAMBAGH-006-0323","block":"Pursura","mouza":"SYNTHETIC_MOUZA_006","plot":"SYN-006-0323","areaSqm":0,"real":false}},{"type":"Feature","geometry":{"type":"Polygon","coordinates":[[[87.959768,22.774544],[87.959768,22.779462],[87.964736,22.779462],[87.964736,22.774544],[87.959768,22.774544]]]},"properties":{"id":"SYN-ARAMBAGH-006-0324","block":"Pursura","mouza":"SYNTHETIC_MOUZA_006","plot":"SYN-006-0324","areaSqm":0,"real":false}},{"type":"Feature","geometry":{"type":"Polygon","coordinates":[[[87.959768,22.779462],[87.959768,22.78438],[87.964736,22.78438],[87.964736,22.779462],[87.959768,22.779462]]]},"properties":{"id":"SYN-ARAMBAGH-006-0325","block":"Pursura","mouza":"SYNTHETIC_MOUZA_006","plot":"SYN-006-0325","areaSqm":0,"real":false}},{"type":"Feature","geometry":{"type":"Polygon","coordinates":[[[87.959768,22.78438],[87.959768,22.789299],[87.964736,22.789299],[87.964736,22.78438],[87.959768,22.78438]]]},"properties":{"id":"SYN-ARAMBAGH-006-0326","block":"Pursura","mouza":"SYNTHETIC_MOUZA_006","plot":"SYN-006-0326","areaSqm":0,"real":false}},{"type":"Feature","geometry":{"type":"Polygon","coordinates":[[[87.959768,22.789299],[87.959768,22.794217],[87.964736,22.794217],[87.964736,22.789299],[87.959768,22.789299]]]},"properties":{"id":"SYN-ARAMBAGH-006-0327","block":"Pursura","mouza":"SYNTHETIC_MOUZA_006","plot":"SYN-006-0327","areaSqm":0,"real":false}},{"type":"Feature","geometry":{"type":"Polygon","coordinates":[[[87.959768,22.794217],[87.959768,22.799136],[87.964736,22.799136],[87.964736,22.794217],[87.959768,22.794217]]]},"properties":{"id":"SYN-ARAMBAGH-006-0328","block":"Pursura","mouza":"SYNTHETIC_MOUZA_006","plot":"SYN-006-0328","areaSqm":0,"real":false}},{"type":"Feature","geometry":{"type":"Polygon","coordinates":[[[87.959768,22.799136],[87.959768,22.804054],[87.964736,22.804054],[87.964736,22.799136],[87.959768,22.799136]]]},"properties":{"id":"SYN-ARAMBAGH-006-0329","block":"Pursura","mouza":"SYNTHETIC_MOUZA_006","plot":"SYN-006-0329","areaSqm":0,"real":false}},{"type":"Feature","geometry":{"type":"Polygon","coordinates":[[[87.959768,22.804054],[87.959768,22.808973],[87.964736,22.808973],[87.964736,22.804054],[87.959768,22.804054]]]},"properties":{"id":"SYN-ARAMBAGH-006-0330","block":"Pursura","mouza":"SYNTHETIC_MOUZA_006","plot":"SYN-006-0330","areaSqm":0,"real":false}},{"type":"Feature","geometry":{"type":"Polygon","coordinates":[[[87.959768,22.808973],[87.959768,22.813891],[87.964736,22.813891],[87.964736,22.808973],[87.959768,22.808973]]]},"properties":{"id":"SYN-ARAMBAGH-006-0331","block":"Pursura","mouza":"SYNTHETIC_MOUZA_006","plot":"SYN-006-0331","areaSqm":0,"real":false}},{"type":"Feature","geometry":{"type":"Polygon","coordinates":[[[87.959768,22.813891],[87.959768,22.81881],[87.964736,22.81881],[87.964736,22.813891],[87.959768,22.813891]]]},"properties":{"id":"SYN-ARAMBAGH-006-0332","block":"Pursura","mouza":"SYNTHETIC_MOUZA_006","plot":"SYN-006-0332","areaSqm":0,"real":false}},{"type":"Feature","geometry":{"type":"Polygon","coordinates":[[[87.964736,22.819221],[87.964736,22.81881],[87.959768,22.81881],[87.959768,22.823728],[87.96299,22.823728],[87.964736,22.819221]]]},"properties":{"id":"SYN-ARAMBAGH-006-0333","block":"Pursura","mouza":"SYNTHETIC_MOUZA_006","plot":"SYN-006-0333","areaSqm":0,"real":false}},{"type":"Feature","geometry":{"type":"Polygon","coordinates":[[[87.962919,22.82391],[87.96299,22.823728],[87.959768,22.823728],[87.959768,22.828646],[87.963602,22.828646],[87.962919,22.82391]]]},"properties":{"id":"SYN-ARAMBAGH-006-0334","block":"Pursura","mouza":"SYNTHETIC_MOUZA_006","plot":"SYN-006-0334","areaSqm":0,"real":false}},{"type":"Feature","geometry":{"type":"Polygon","coordinates":[[[87.96426,22.833203],[87.963602,22.828646],[87.959768,22.828646],[87.959768,22.833565],[87.964479,22.833565],[87.96426,22.833203]]]},"properties":{"id":"SYN-ARAMBAGH-006-0335","block":"Pursura","mouza":"SYNTHETIC_MOUZA_006","plot":"SYN-006-0335","areaSqm":0,"real":false}},{"type":"Feature","geometry":{"type":"Polygon","coordinates":[[[87.964479,22.833565],[87.959768,22.833565],[87.959768,22.838483],[87.964736,22.838483],[87.964736,22.83399],[87.964479,22.833565]]]},"properties":{"id":"SYN-ARAMBAGH-006-0336","block":"Pursura","mouza":"SYNTHETIC_MOUZA_006","plot":"SYN-006-0336","areaSqm":0,"real":false}},{"type":"Feature","geometry":{"type":"Polygon","coordinates":[[[87.959768,22.838483],[87.959768,22.843402],[87.964736,22.843402],[87.964736,22.838483],[87.959768,22.838483]]]},"properties":{"id":"SYN-ARAMBAGH-006-0337","block":"Pursura","mouza":"SYNTHETIC_MOUZA_006","plot":"SYN-006-0337","areaSqm":0,"real":false}},{"type":"Feature","geometry":{"type":"Polygon","coordinates":[[[87.959768,22.843402],[87.959768,22.84832],[87.964736,22.84832],[87.964736,22.843402],[87.959768,22.843402]]]},"properties":{"id":"SYN-ARAMBAGH-006-0338","block":"Pursura","mouza":"SYNTHETIC_MOUZA_006","plot":"SYN-006-0338","areaSqm":0,"real":false}},{"type":"Feature","geometry":{"type":"Polygon","coordinates":[[[87.959768,22.84832],[87.959768,22.853239],[87.964736,22.853239],[87.964736,22.84832],[87.959768,22.84832]]]},"properties":{"id":"SYN-ARAMBAGH-006-0339","block":"Pursura","mouza":"SYNTHETIC_MOUZA_006","plot":"SYN-006-0339","areaSqm":0,"real":false}},{"type":"Feature","geometry":{"type":"Polygon","coordinates":[[[87.964736,22.857501],[87.964736,22.853239],[87.959768,22.853239],[87.959768,22.858157],[87.963035,22.858157],[87.964736,22.857501]]]},"properties":{"id":"SYN-ARAMBAGH-006-0340","block":"Pursura","mouza":"SYNTHETIC_MOUZA_006","plot":"SYN-006-0340","areaSqm":0,"real":false}},{"type":"Feature","geometry":{"type":"Polygon","coordinates":[[[87.960256,22.859229],[87.963035,22.858157],[87.959768,22.858157],[87.959768,22.85967],[87.960256,22.859229]]]},"properties":{"id":"SYN-ARAMBAGH-006-0341","block":"Pursura","mouza":"SYNTHETIC_MOUZA_006","plot":"SYN-006-0341","areaSqm":0,"real":false}},{"type":"Feature","geometry":{"type":"Polygon","coordinates":[[[87.959768,22.894269],[87.959768,22.897505],[87.9626,22.897505],[87.959768,22.894269]]]},"properties":{"id":"SYN-ARAMBAGH-006-0342","block":"Pursura","mouza":"SYNTHETIC_MOUZA_006","plot":"SYN-006-0342","areaSqm":0,"real":false}},{"type":"Feature","geometry":{"type":"Polygon","coordinates":[[[87.9626,22.897505],[87.959768,22.897505],[87.959768,22.902423],[87.964736,22.902423],[87.964736,22.899945],[87.9626,22.897505]]]},"properties":{"id":"SYN-ARAMBAGH-006-0343","block":"Pursura","mouza":"SYNTHETIC_MOUZA_006","plot":"SYN-006-0343","areaSqm":0,"real":false}},{"type":"Feature","geometry":{"type":"Polygon","coordinates":[[[87.959768,22.902423],[87.959768,22.907342],[87.964736,22.907342],[87.964736,22.902423],[87.959768,22.902423]]]},"properties":{"id":"SYN-ARAMBAGH-006-0344","block":"Pursura","mouza":"SYNTHETIC_MOUZA_006","plot":"SYN-006-0344","areaSqm":0,"real":false}},{"type":"Feature","geometry":{"type":"Polygon","coordinates":[[[87.959768,22.907342],[87.959768,22.91226],[87.964736,22.91226],[87.964736,22.907342],[87.959768,22.907342]]]},"properties":{"id":"SYN-ARAMBAGH-006-0345","block":"Pursura","mouza":"SYNTHETIC_MOUZA_006","plot":"SYN-006-0345","areaSqm":0,"real":false}},{"type":"Feature","geometry":{"type":"Polygon","coordinates":[[[87.959768,22.91226],[87.959768,22.917178],[87.964736,22.917178],[87.964736,22.91226],[87.959768,22.91226]]]},"properties":{"id":"SYN-ARAMBAGH-006-0346","block":"Pursura","mouza":"SYNTHETIC_MOUZA_006","plot":"SYN-006-0346","areaSqm":0,"real":false}},{"type":"Feature","geometry":{"type":"Polygon","coordinates":[[[87.959768,22.917178],[87.959768,22.922097],[87.964736,22.922097],[87.964736,22.917178],[87.959768,22.917178]]]},"properties":{"id":"SYN-ARAMBAGH-006-0347","block":"Pursura","mouza":"SYNTHETIC_MOUZA_006","plot":"SYN-006-0347","areaSqm":0,"real":false}},{"type":"Feature","geometry":{"type":"Polygon","coordinates":[[[87.959768,22.922097],[87.959768,22.927015],[87.964736,22.927015],[87.964736,22.922097],[87.959768,22.922097]]]},"properties":{"id":"SYN-ARAMBAGH-006-0348","block":"Pursura","mouza":"SYNTHETIC_MOUZA_006","plot":"SYN-006-0348","areaSqm":0,"real":false}},{"type":"Feature","geometry":{"type":"Polygon","coordinates":[[[87.959768,22.927015],[87.959768,22.931934],[87.964736,22.931934],[87.964736,22.927015],[87.959768,22.927015]]]},"properties":{"id":"SYN-ARAMBAGH-006-0349","block":"Pursura","mouza":"SYNTHETIC_MOUZA_006","plot":"SYN-006-0349","areaSqm":0,"real":false}},{"type":"Feature","geometry":{"type":"Polygon","coordinates":[[[87.959768,22.931934],[87.959768,22.936852],[87.964736,22.936852],[87.964736,22.931934],[87.959768,22.931934]]]},"properties":{"id":"SYN-ARAMBAGH-006-0350","block":"Pursura","mouza":"SYNTHETIC_MOUZA_006","plot":"SYN-006-0350","areaSqm":0,"real":false}},{"type":"Feature","geometry":{"type":"Polygon","coordinates":[[[87.959768,22.936852],[87.959768,22.941771],[87.964736,22.941771],[87.964736,22.936852],[87.959768,22.936852]]]},"properties":{"id":"SYN-ARAMBAGH-006-0351","block":"Pursura","mouza":"SYNTHETIC_MOUZA_006","plot":"SYN-006-0351","areaSqm":0,"real":false}},{"type":"Feature","geometry":{"type":"Polygon","coordinates":[[[87.959768,22.941771],[87.959768,22.946689],[87.964736,22.946689],[87.964736,22.941771],[87.959768,22.941771]]]},"properties":{"id":"SYN-ARAMBAGH-006-0352","block":"Pursura","mouza":"SYNTHETIC_MOUZA_006","plot":"SYN-006-0352","areaSqm":0,"real":false}},{"type":"Feature","geometry":{"type":"Polygon","coordinates":[[[87.961209,22.950401],[87.964736,22.949369],[87.964736,22.946689],[87.959768,22.946689],[87.959768,22.951608],[87.960188,22.951608],[87.961209,22.950401]]]},"properties":{"id":"SYN-ARAMBAGH-006-0353","block":"Pursura","mouza":"SYNTHETIC_MOUZA_006","plot":"SYN-006-0353","areaSqm":0,"real":false}},{"type":"Feature","geometry":{"type":"Polygon","coordinates":[[[87.960188,22.951608],[87.959768,22.951608],[87.959768,22.952104],[87.960188,22.951608]]]},"properties":{"id":"SYN-ARAMBAGH-006-0354","block":"Pursura","mouza":"SYNTHETIC_MOUZA_006","plot":"SYN-006-0354","areaSqm":0,"real":false}},{"type":"Feature","geometry":{"type":"Polygon","coordinates":[[[87.964736,22.770061],[87.964736,22.774544],[87.969704,22.774544],[87.969704,22.771694],[87.965335,22.769625],[87.964736,22.770061]]]},"properties":{"id":"SYN-ARAMBAGH-006-0355","block":"Pursura","mouza":"SYNTHETIC_MOUZA_006","plot":"SYN-006-0355","areaSqm":0,"real":false}},{"type":"Feature","geometry":{"type":"Polygon","coordinates":[[[87.964736,22.774544],[87.964736,22.779462],[87.969704,22.779462],[87.969704,22.774544],[87.964736,22.774544]]]},"properties":{"id":"SYN-ARAMBAGH-006-0356","block":"Pursura","mouza":"SYNTHETIC_MOUZA_006","plot":"SYN-006-0356","areaSqm":0,"real":false}},{"type":"Feature","geometry":{"type":"Polygon","coordinates":[[[87.964736,22.779462],[87.964736,22.78438],[87.969704,22.78438],[87.969704,22.779462],[87.964736,22.779462]]]},"properties":{"id":"SYN-ARAMBAGH-006-0357","block":"Pursura","mouza":"SYNTHETIC_MOUZA_006","plot":"SYN-006-0357","areaSqm":0,"real":false}},{"type":"Feature","geometry":{"type":"Polygon","coordinates":[[[87.964736,22.78438],[87.964736,22.789299],[87.969704,22.789299],[87.969704,22.78438],[87.964736,22.78438]]]},"properties":{"id":"SYN-ARAMBAGH-006-0358","block":"Pursura","mouza":"SYNTHETIC_MOUZA_006","plot":"SYN-006-0358","areaSqm":0,"real":false}},{"type":"Feature","geometry":{"type":"Polygon","coordinates":[[[87.964736,22.789299],[87.964736,22.794217],[87.969704,22.794217],[87.969704,22.789299],[87.964736,22.789299]]]},"properties":{"id":"SYN-ARAMBAGH-006-0359","block":"Pursura","mouza":"SYNTHETIC_MOUZA_006","plot":"SYN-006-0359","areaSqm":0,"real":false}},{"type":"Feature","geometry":{"type":"Polygon","coordinates":[[[87.964736,22.794217],[87.964736,22.799136],[87.969704,22.799136],[87.969704,22.794217],[87.964736,22.794217]]]},"properties":{"id":"SYN-ARAMBAGH-006-0360","block":"Pursura","mouza":"SYNTHETIC_MOUZA_006","plot":"SYN-006-0360","areaSqm":0,"real":false}},{"type":"Feature","geometry":{"type":"Polygon","coordinates":[[[87.964736,22.799136],[87.964736,22.804054],[87.969704,22.804054],[87.969704,22.799136],[87.964736,22.799136]]]},"properties":{"id":"SYN-ARAMBAGH-006-0361","block":"Pursura","mouza":"SYNTHETIC_MOUZA_006","plot":"SYN-006-0361","areaSqm":0,"real":false}},{"type":"Feature","geometry":{"type":"Polygon","coordinates":[[[87.969704,22.806401],[87.969704,22.804054],[87.964736,22.804054],[87.964736,22.808973],[87.968708,22.808973],[87.969704,22.806401]]]},"properties":{"id":"SYN-ARAMBAGH-006-0362","block":"Pursura","mouza":"SYNTHETIC_MOUZA_006","plot":"SYN-006-0362","areaSqm":0,"real":false}},{"type":"Feature","geometry":{"type":"Polygon","coordinates":[[[87.968708,22.808973],[87.964736,22.808973],[87.964736,22.813891],[87.966802,22.813891],[87.968708,22.808973]]]},"properties":{"id":"SYN-ARAMBAGH-006-0363","block":"Pursura","mouza":"SYNTHETIC_MOUZA_006","plot":"SYN-006-0363","areaSqm":0,"real":false}},{"type":"Feature","geometry":{"type":"Polygon","coordinates":[[[87.966802,22.813891],[87.964736,22.813891],[87.964736,22.81881],[87.964896,22.81881],[87.966802,22.813891]]]},"properties":{"id":"SYN-ARAMBAGH-006-0364","block":"Pursura","mouza":"SYNTHETIC_MOUZA_006","plot":"SYN-006-0364","areaSqm":0,"real":false}},{"type":"Feature","geometry":{"type":"Polygon","coordinates":[[[87.964896,22.81881],[87.964736,22.81881],[87.964736,22.819221],[87.964896,22.81881]]]},"properties":{"id":"SYN-ARAMBAGH-006-0365","block":"Pursura","mouza":"SYNTHETIC_MOUZA_006","plot":"SYN-006-0365","areaSqm":0,"real":false}},{"type":"Feature","geometry":{"type":"Polygon","coordinates":[[[87.964736,22.83399],[87.964736,22.838483],[87.967457,22.838483],[87.964736,22.83399]]]},"properties":{"id":"SYN-ARAMBAGH-006-0366","block":"Pursura","mouza":"SYNTHETIC_MOUZA_006","plot":"SYN-006-0366","areaSqm":0,"real":false}},{"type":"Feature","geometry":{"type":"Polygon","coordinates":[[[87.967457,22.838483],[87.964736,22.838483],[87.964736,22.843402],[87.969704,22.843402],[87.969704,22.842195],[87.967457,22.838483]]]},"properties":{"id":"SYN-ARAMBAGH-006-0367","block":"Pursura","mouza":"SYNTHETIC_MOUZA_006","plot":"SYN-006-0367","areaSqm":0,"real":false}},{"type":"Feature","geometry":{"type":"Polygon","coordinates":[[[87.964736,22.843402],[87.964736,22.84832],[87.969704,22.84832],[87.969704,22.843402],[87.964736,22.843402]]]},"properties":{"id":"SYN-ARAMBAGH-006-0368","block":"Pursura","mouza":"SYNTHETIC_MOUZA_006","plot":"SYN-006-0368","areaSqm":0,"real":false}},{"type":"Feature","geometry":{"type":"Polygon","coordinates":[[[87.964736,22.84832],[87.964736,22.853239],[87.969704,22.853239],[87.969704,22.84832],[87.964736,22.84832]]]},"properties":{"id":"SYN-ARAMBAGH-006-0369","block":"Pursura","mouza":"SYNTHETIC_MOUZA_006","plot":"SYN-006-0369","areaSqm":0,"real":false}},{"type":"Feature","geometry":{"type":"Polygon","coordinates":[[[87.969221,22.855771],[87.969704,22.855047],[87.969704,22.853239],[87.964736,22.853239],[87.964736,22.857501],[87.969221,22.855771]]]},"properties":{"id":"SYN-ARAMBAGH-006-0370","block":"Pursura","mouza":"SYNTHETIC_MOUZA_006","plot":"SYN-006-0370","areaSqm":0,"real":false}},{"type":"Feature","geometry":{"type":"Polygon","coordinates":[[[87.964736,22.899945],[87.964736,22.902423],[87.966906,22.902423],[87.964736,22.899945]]]},"properties":{"id":"SYN-ARAMBAGH-006-0371","block":"Pursura","mouza":"SYNTHETIC_MOUZA_006","plot":"SYN-006-0371","areaSqm":0,"real":false}},{"type":"Feature","geometry":{"type":"Polygon","coordinates":[[[87.966906,22.902423],[87.964736,22.902423],[87.964736,22.907342],[87.969704,22.907342],[87.969704,22.90562],[87.966906,22.902423]]]},"properties":{"id":"SYN-ARAMBAGH-006-0372","block":"Pursura","mouza":"SYNTHETIC_MOUZA_006","plot":"SYN-006-0372","areaSqm":0,"real":false}},{"type":"Feature","geometry":{"type":"Polygon","coordinates":[[[87.964736,22.907342],[87.964736,22.91226],[87.969704,22.91226],[87.969704,22.907342],[87.964736,22.907342]]]},"properties":{"id":"SYN-ARAMBAGH-006-0373","block":"Pursura","mouza":"SYNTHETIC_MOUZA_006","plot":"SYN-006-0373","areaSqm":0,"real":false}},{"type":"Feature","geometry":{"type":"Polygon","coordinates":[[[87.964736,22.91226],[87.964736,22.917178],[87.969704,22.917178],[87.969704,22.91226],[87.964736,22.91226]]]},"properties":{"id":"SYN-ARAMBAGH-006-0374","block":"Pursura","mouza":"SYNTHETIC_MOUZA_006","plot":"SYN-006-0374","areaSqm":0,"real":false}},{"type":"Feature","geometry":{"type":"Polygon","coordinates":[[[87.964736,22.917178],[87.964736,22.922097],[87.969704,22.922097],[87.969704,22.917178],[87.964736,22.917178]]]},"properties":{"id":"SYN-ARAMBAGH-006-0375","block":"Pursura","mouza":"SYNTHETIC_MOUZA_006","plot":"SYN-006-0375","areaSqm":0,"real":false}},{"type":"Feature","geometry":{"type":"Polygon","coordinates":[[[87.964736,22.922097],[87.964736,22.927015],[87.969704,22.927015],[87.969704,22.922097],[87.964736,22.922097]]]},"properties":{"id":"SYN-ARAMBAGH-006-0376","block":"Pursura","mouza":"SYNTHETIC_MOUZA_006","plot":"SYN-006-0376","areaSqm":0,"real":false}},{"type":"Feature","geometry":{"type":"Polygon","coordinates":[[[87.964736,22.927015],[87.964736,22.931934],[87.969704,22.931934],[87.969704,22.927015],[87.964736,22.927015]]]},"properties":{"id":"SYN-ARAMBAGH-006-0377","block":"Pursura","mouza":"SYNTHETIC_MOUZA_006","plot":"SYN-006-0377","areaSqm":0,"real":false}},{"type":"Feature","geometry":{"type":"Polygon","coordinates":[[[87.964736,22.931934],[87.964736,22.936852],[87.969704,22.936852],[87.969704,22.931934],[87.964736,22.931934]]]},"properties":{"id":"SYN-ARAMBAGH-006-0378","block":"Pursura","mouza":"SYNTHETIC_MOUZA_006","plot":"SYN-006-0378","areaSqm":0,"real":false}},{"type":"Feature","geometry":{"type":"Polygon","coordinates":[[[87.964736,22.936852],[87.964736,22.941771],[87.969704,22.941771],[87.969704,22.936852],[87.964736,22.936852]]]},"properties":{"id":"SYN-ARAMBAGH-006-0379","block":"Pursura","mouza":"SYNTHETIC_MOUZA_006","plot":"SYN-006-0379","areaSqm":0,"real":false}},{"type":"Feature","geometry":{"type":"Polygon","coordinates":[[[87.964736,22.941771],[87.964736,22.946689],[87.969704,22.946689],[87.969704,22.941771],[87.964736,22.941771]]]},"properties":{"id":"SYN-ARAMBAGH-006-0380","block":"Pursura","mouza":"SYNTHETIC_MOUZA_006","plot":"SYN-006-0380","areaSqm":0,"real":false}},{"type":"Feature","geometry":{"type":"Polygon","coordinates":[[[87.969704,22.947914],[87.969704,22.946689],[87.964736,22.946689],[87.964736,22.949369],[87.969704,22.947914]]]},"properties":{"id":"SYN-ARAMBAGH-006-0381","block":"Pursura","mouza":"SYNTHETIC_MOUZA_006","plot":"SYN-006-0381","areaSqm":0,"real":false}},{"type":"Feature","geometry":{"type":"Polygon","coordinates":[[[87.970236,22.771946],[87.969704,22.771694],[87.969704,22.774544],[87.972274,22.774544],[87.970236,22.771946]]]},"properties":{"id":"SYN-ARAMBAGH-006-0382","block":"Pursura","mouza":"SYNTHETIC_MOUZA_006","plot":"SYN-006-0382","areaSqm":0,"real":false}},{"type":"Feature","geometry":{"type":"Polygon","coordinates":[[[87.972274,22.774544],[87.969704,22.774544],[87.969704,22.779462],[87.974672,22.779462],[87.974672,22.7776],[87.972274,22.774544]]]},"properties":{"id":"SYN-ARAMBAGH-006-0383","block":"Pursura","mouza":"SYNTHETIC_MOUZA_006","plot":"SYN-006-0383","areaSqm":0,"real":false}},{"type":"Feature","geometry":{"type":"Polygon","coordinates":[[[87.969704,22.779462],[87.969704,22.78438],[87.974672,22.78438],[87.974672,22.779462],[87.969704,22.779462]]]},"properties":{"id":"SYN-ARAMBAGH-006-0384","block":"Pursura","mouza":"SYNTHETIC_MOUZA_006","plot":"SYN-006-0384","areaSqm":0,"real":false}},{"type":"Feature","geometry":{"type":"Polygon","coordinates":[[[87.969704,22.78438],[87.969704,22.789299],[87.974672,22.789299],[87.974672,22.78438],[87.969704,22.78438]]]},"properties":{"id":"SYN-ARAMBAGH-006-0385","block":"Pursura","mouza":"SYNTHETIC_MOUZA_006","plot":"SYN-006-0385","areaSqm":0,"real":false}},{"type":"Feature","geometry":{"type":"Polygon","coordinates":[[[87.969704,22.789299],[87.969704,22.794217],[87.974672,22.794217],[87.974672,22.789299],[87.969704,22.789299]]]},"properties":{"id":"SYN-ARAMBAGH-006-0386","block":"Pursura","mouza":"SYNTHETIC_MOUZA_006","plot":"SYN-006-0386","areaSqm":0,"real":false}},{"type":"Feature","geometry":{"type":"Polygon","coordinates":[[[87.974672,22.798456],[87.974672,22.794217],[87.969704,22.794217],[87.969704,22.799136],[87.974013,22.799136],[87.974672,22.798456]]]},"properties":{"id":"SYN-ARAMBAGH-006-0387","block":"Pursura","mouza":"SYNTHETIC_MOUZA_006","plot":"SYN-006-0387","areaSqm":0,"real":false}},{"type":"Feature","geometry":{"type":"Polygon","coordinates":[[[87.971527,22.801697],[87.974013,22.799136],[87.969704,22.799136],[87.969704,22.804054],[87.970614,22.804054],[87.971527,22.801697]]]},"properties":{"id":"SYN-ARAMBAGH-006-0388","block":"Pursura","mouza":"SYNTHETIC_MOUZA_006","plot":"SYN-006-0388","areaSqm":0,"real":false}},{"type":"Feature","geometry":{"type":"Polygon","coordinates":[[[87.970614,22.804054],[87.969704,22.804054],[87.969704,22.806401],[87.970614,22.804054]]]},"properties":{"id":"SYN-ARAMBAGH-006-0389","block":"Pursura","mouza":"SYNTHETIC_MOUZA_006","plot":"SYN-006-0389","areaSqm":0,"real":false}},{"type":"Feature","geometry":{"type":"Polygon","coordinates":[[[87.969704,22.842195],[87.969704,22.843402],[87.970435,22.843402],[87.969704,22.842195]]]},"properties":{"id":"SYN-ARAMBAGH-006-0390","block":"Pursura","mouza":"SYNTHETIC_MOUZA_006","plot":"SYN-006-0390","areaSqm":0,"real":false}},{"type":"Feature","geometry":{"type":"Polygon","coordinates":[[[87.972896,22.847468],[87.970435,22.843402],[87.969704,22.843402],[87.969704,22.84832],[87.972687,22.84832],[87.972896,22.847468]]]},"properties":{"id":"SYN-ARAMBAGH-006-0391","block":"Pursura","mouza":"SYNTHETIC_MOUZA_006","plot":"SYN-006-0391","areaSqm":0,"real":false}},{"type":"Feature","geometry":{"type":"Polygon","coordinates":[[[87.971813,22.851888],[87.972687,22.84832],[87.969704,22.84832],[87.969704,22.853239],[87.970911,22.853239],[87.971813,22.851888]]]},"properties":{"id":"SYN-ARAMBAGH-006-0392","block":"Pursura","mouza":"SYNTHETIC_MOUZA_006","plot":"SYN-006-0392","areaSqm":0,"real":false}},{"type":"Feature","geometry":{"type":"Polygon","coordinates":[[[87.970911,22.853239],[87.969704,22.853239],[87.969704,22.855047],[87.970911,22.853239]]]},"properties":{"id":"SYN-ARAMBAGH-006-0393","block":"Pursura","mouza":"SYNTHETIC_MOUZA_006","plot":"SYN-006-0393","areaSqm":0,"real":false}},{"type":"Feature","geometry":{"type":"Polygon","coordinates":[[[87.969704,22.90562],[87.969704,22.907342],[87.971211,22.907342],[87.969704,22.90562]]]},"properties":{"id":"SYN-ARAMBAGH-006-0394","block":"Pursura","mouza":"SYNTHETIC_MOUZA_006","plot":"SYN-006-0394","areaSqm":0,"real":false}},{"type":"Feature","geometry":{"type":"Polygon","coordinates":[[[87.971211,22.907342],[87.969704,22.907342],[87.969704,22.91226],[87.974672,22.91226],[87.974672,22.911295],[87.971211,22.907342]]]},"properties":{"id":"SYN-ARAMBAGH-006-0395","block":"Pursura","mouza":"SYNTHETIC_MOUZA_006","plot":"SYN-006-0395","areaSqm":0,"real":false}},{"type":"Feature","geometry":{"type":"Polygon","coordinates":[[[87.969704,22.91226],[87.969704,22.917178],[87.974672,22.917178],[87.974672,22.91226],[87.969704,22.91226]]]},"properties":{"id":"SYN-ARAMBAGH-006-0396","block":"Pursura","mouza":"SYNTHETIC_MOUZA_006","plot":"SYN-006-0396","areaSqm":0,"real":false}},{"type":"Feature","geometry":{"type":"Polygon","coordinates":[[[87.969704,22.917178],[87.969704,22.922097],[87.974672,22.922097],[87.974672,22.917178],[87.969704,22.917178]]]},"properties":{"id":"SYN-ARAMBAGH-006-0397","block":"Pursura","mouza":"SYNTHETIC_MOUZA_006","plot":"SYN-006-0397","areaSqm":0,"real":false}},{"type":"Feature","geometry":{"type":"Polygon","coordinates":[[[87.969704,22.922097],[87.969704,22.927015],[87.974672,22.927015],[87.974672,22.922097],[87.969704,22.922097]]]},"properties":{"id":"SYN-ARAMBAGH-006-0398","block":"Pursura","mouza":"SYNTHETIC_MOUZA_006","plot":"SYN-006-0398","areaSqm":0,"real":false}},{"type":"Feature","geometry":{"type":"Polygon","coordinates":[[[87.974672,22.931838],[87.974672,22.927015],[87.969704,22.927015],[87.969704,22.931934],[87.97459,22.931934],[87.974672,22.931838]]]},"properties":{"id":"SYN-ARAMBAGH-006-0399","block":"Pursura","mouza":"SYNTHETIC_MOUZA_006","plot":"SYN-006-0399","areaSqm":0,"real":false}},{"type":"Feature","geometry":{"type":"Polygon","coordinates":[[[87.973029,22.93376],[87.97459,22.931934],[87.969704,22.931934],[87.969704,22.936852],[87.974299,22.936852],[87.973029,22.93376]]]},"properties":{"id":"SYN-ARAMBAGH-006-0400","block":"Pursura","mouza":"SYNTHETIC_MOUZA_006","plot":"SYN-006-0400","areaSqm":0,"real":false}},{"type":"Feature","geometry":{"type":"Polygon","coordinates":[[[87.974299,22.936852],[87.969704,22.936852],[87.969704,22.941771],[87.974672,22.941771],[87.974672,22.937761],[87.974299,22.936852]]]},"properties":{"id":"SYN-ARAMBAGH-006-0401","block":"Pursura","mouza":"SYNTHETIC_MOUZA_006","plot":"SYN-006-0401","areaSqm":0,"real":false}},{"type":"Feature","geometry":{"type":"Polygon","coordinates":[[[87.974656,22.944489],[87.974672,22.944382],[87.974672,22.941771],[87.969704,22.941771],[87.969704,22.946689],[87.972856,22.946689],[87.974656,22.944489]]]},"properties":{"id":"SYN-ARAMBAGH-006-0402","block":"Pursura","mouza":"SYNTHETIC_MOUZA_006","plot":"SYN-006-0402","areaSqm":0,"real":false}},{"type":"Feature","geometry":{"type":"Polygon","coordinates":[[[87.97253,22.947087],[87.972856,22.946689],[87.969704,22.946689],[87.969704,22.947914],[87.97253,22.947087]]]},"properties":{"id":"SYN-ARAMBAGH-006-0403","block":"Pursura","mouza":"SYNTHETIC_MOUZA_006","plot":"SYN-006-0403","areaSqm":0,"real":false}},{"type":"Feature","geometry":{"type":"Polygon","coordinates":[[[87.978633,22.776334],[87.974744,22.777691],[87.974672,22.7776],[87.974672,22.779462],[87.97964,22.779462],[87.97964,22.777729],[87.978633,22.776334]]]},"properties":{"id":"SYN-ARAMBAGH-006-0404","block":"Pursura","mouza":"SYNTHETIC_MOUZA_006","plot":"SYN-006-0404","areaSqm":0,"real":false}},{"type":"Feature","geometry":{"type":"Polygon","coordinates":[[[87.974672,22.779462],[87.974672,22.78438],[87.97964,22.78438],[87.97964,22.779462],[87.974672,22.779462]]]},"properties":{"id":"SYN-ARAMBAGH-006-0405","block":"Pursura","mouza":"SYNTHETIC_MOUZA_006","plot":"SYN-006-0405","areaSqm":0,"real":false}},{"type":"Feature","geometry":{"type":"Polygon","coordinates":[[[87.974672,22.78438],[87.974672,22.789299],[87.97964,22.789299],[87.97964,22.78438],[87.974672,22.78438]]]},"properties":{"id":"SYN-ARAMBAGH-006-0406","block":"Pursura","mouza":"SYNTHETIC_MOUZA_006","plot":"SYN-006-0406","areaSqm":0,"real":false}},{"type":"Feature","geometry":{"type":"Polygon","coordinates":[[[87.97964,22.793336],[87.97964,22.789299],[87.974672,22.789299],[87.974672,22.794217],[87.978786,22.794217],[87.97964,22.793336]]]},"properties":{"id":"SYN-ARAMBAGH-006-0407","block":"Pursura","mouza":"SYNTHETIC_MOUZA_006","plot":"SYN-006-0407","areaSqm":0,"real":false}},{"type":"Feature","geometry":{"type":"Polygon","coordinates":[[[87.978786,22.794217],[87.974672,22.794217],[87.974672,22.798456],[87.978786,22.794217]]]},"properties":{"id":"SYN-ARAMBAGH-006-0408","block":"Pursura","mouza":"SYNTHETIC_MOUZA_006","plot":"SYN-006-0408","areaSqm":0,"real":false}},{"type":"Feature","geometry":{"type":"Polygon","coordinates":[[[87.974672,22.911295],[87.974672,22.91226],[87.975517,22.91226],[87.974672,22.911295]]]},"properties":{"id":"SYN-ARAMBAGH-006-0409","block":"Pursura","mouza":"SYNTHETIC_MOUZA_006","plot":"SYN-006-0409","areaSqm":0,"real":false}},{"type":"Feature","geometry":{"type":"Polygon","coordinates":[[[87.975815,22.912601],[87.975517,22.91226],[87.974672,22.91226],[87.974672,22.917178],[87.976895,22.917178],[87.975815,22.912601]]]},"properties":{"id":"SYN-ARAMBAGH-006-0410","block":"Pursura","mouza":"SYNTHETIC_MOUZA_006","plot":"SYN-006-0410","areaSqm":0,"real":false}},{"type":"Feature","geometry":{"type":"Polygon","coordinates":[[[87.976895,22.917178],[87.974672,22.917178],[87.974672,22.922097],[87.978055,22.922097],[87.976895,22.917178]]]},"properties":{"id":"SYN-ARAMBAGH-006-0411","block":"Pursura","mouza":"SYNTHETIC_MOUZA_006","plot":"SYN-006-0411","areaSqm":0,"real":false}},{"type":"Feature","geometry":{"type":"Polygon","coordinates":[[[87.979125,22.92663],[87.978055,22.922097],[87.974672,22.922097],[87.974672,22.927015],[87.978795,22.927015],[87.979125,22.92663]]]},"properties":{"id":"SYN-ARAMBAGH-006-0412","block":"Pursura","mouza":"SYNTHETIC_MOUZA_006","plot":"SYN-006-0412","areaSqm":0,"real":false}},{"type":"Feature","geometry":{"type":"Polygon","coordinates":[[[87.978795,22.927015],[87.974672,22.927015],[87.974672,22.931838],[87.978795,22.927015]]]},"properties":{"id":"SYN-ARAMBAGH-006-0413","block":"Pursura","mouza":"SYNTHETIC_MOUZA_006","plot":"SYN-006-0413","areaSqm":0,"real":false}},{"type":"Feature","geometry":{"type":"Polygon","coordinates":[[[87.9754,22.939531],[87.974672,22.937761],[87.974672,22.941771],[87.975064,22.941771],[87.9754,22.939531]]]},"properties":{"id":"SYN-ARAMBAGH-006-0414","block":"Pursura","mouza":"SYNTHETIC_MOUZA_006","plot":"SYN-006-0414","areaSqm":0,"real":false}},{"type":"Feature","geometry":{"type":"Polygon","coordinates":[[[87.975064,22.941771],[87.974672,22.941771],[87.974672,22.944382],[87.975064,22.941771]]]},"properties":{"id":"SYN-ARAMBAGH-006-0415","block":"Pursura","mouza":"SYNTHETIC_MOUZA_006","plot":"SYN-006-0415","areaSqm":0,"real":false}},{"type":"Feature","geometry":{"type":"Polygon","coordinates":[[[87.98044,22.778837],[87.97964,22.777729],[87.97964,22.779462],[87.984193,22.779462],[87.984609,22.77856],[87.98044,22.778837]]]},"properties":{"id":"SYN-ARAMBAGH-006-0416","block":"Pursura","mouza":"SYNTHETIC_MOUZA_006","plot":"SYN-006-0416","areaSqm":0,"real":false}},{"type":"Feature","geometry":{"type":"Polygon","coordinates":[[[87.984193,22.779462],[87.97964,22.779462],[87.97964,22.78438],[87.981928,22.78438],[87.984193,22.779462]]]},"properties":{"id":"SYN-ARAMBAGH-006-0417","block":"Pursura","mouza":"SYNTHETIC_MOUZA_006","plot":"SYN-006-0417","areaSqm":0,"real":false}},{"type":"Feature","geometry":{"type":"Polygon","coordinates":[[[87.980266,22.787991],[87.981928,22.78438],[87.97964,22.78438],[87.97964,22.789299],[87.980201,22.789299],[87.980266,22.787991]]]},"properties":{"id":"SYN-ARAMBAGH-006-0418","block":"Pursura","mouza":"SYNTHETIC_MOUZA_006","plot":"SYN-006-0418","areaSqm":0,"real":false}},{"type":"Feature","geometry":{"type":"Polygon","coordinates":[[[87.980018,22.792947],[87.980201,22.789299],[87.97964,22.789299],[87.97964,22.793336],[87.980018,22.792947]]]},"properties":{"id":"SYN-ARAMBAGH-006-0419","block":"Pursura","mouza":"SYNTHETIC_MOUZA_006","plot":"SYN-006-0419","areaSqm":0,"real":false}}]}