{"type":"FeatureCollection","disclaimer":"Demo cadastral fabric — NOT an authoritative land record. Real rows are Banglarbhumi-sourced captures with approximate WGS84 georeferencing; all other rows are synthetic parcels generated inside real block boundaries.","features":[{"type":"Feature","geometry":{"type":"Polygon","coordinates":[[[88.255354,22.545109],[88.250625,22.549447],[88.249676,22.551512],[88.255488,22.551512],[88.255488,22.545117],[88.255354,22.545109]]]},"properties":{"id":"SYN-KOLKATA-001-0001","block":"Kolkata","mouza":"SYNTHETIC_MOUZA_001","plot":"SYN-001-0001","areaSqm":0,"real":false}},{"type":"Feature","geometry":{"type":"Polygon","coordinates":[[[88.247679,22.559341],[88.255488,22.559341],[88.255488,22.551512],[88.249676,22.551512],[88.247173,22.556959],[88.247679,22.559341]]]},"properties":{"id":"SYN-KOLKATA-001-0002","block":"Kolkata","mouza":"SYNTHETIC_MOUZA_001","plot":"SYN-001-0002","areaSqm":0,"real":false}},{"type":"Feature","geometry":{"type":"Polygon","coordinates":[[[88.247827,22.560038],[88.255488,22.559406],[88.255488,22.559341],[88.247679,22.559341],[88.247827,22.560038]]]},"properties":{"id":"SYN-KOLKATA-001-0003","block":"Kolkata","mouza":"SYNTHETIC_MOUZA_001","plot":"SYN-001-0003","areaSqm":0,"real":false}},{"type":"Feature","geometry":{"type":"Polygon","coordinates":[[[88.263226,22.537265],[88.258187,22.54166],[88.260934,22.543683],[88.263804,22.543683],[88.263804,22.537354],[88.263226,22.537265]]]},"properties":{"id":"SYN-KOLKATA-001-0004","block":"Kolkata","mouza":"SYNTHETIC_MOUZA_001","plot":"SYN-001-0004","areaSqm":0,"real":false}},{"type":"Feature","geometry":{"type":"Polygon","coordinates":[[[88.2613,22.543953],[88.259129,22.545327],[88.255488,22.545117],[88.255488,22.551512],[88.263804,22.551512],[88.263804,22.543683],[88.260934,22.543683],[88.2613,22.543953]]]},"properties":{"id":"SYN-KOLKATA-001-0005","block":"Kolkata","mouza":"SYNTHETIC_MOUZA_001","plot":"SYN-001-0005","areaSqm":0,"real":false}},{"type":"Feature","geometry":{"type":"Polygon","coordinates":[[[88.260841,22.558964],[88.263804,22.558157],[88.263804,22.551512],[88.255488,22.551512],[88.255488,22.559341],[88.256271,22.559341],[88.260841,22.558964]]]},"properties":{"id":"SYN-KOLKATA-001-0006","block":"Kolkata","mouza":"SYNTHETIC_MOUZA_001","plot":"SYN-001-0006","areaSqm":0,"real":false}},{"type":"Feature","geometry":{"type":"Polygon","coordinates":[[[88.256271,22.559341],[88.255488,22.559341],[88.255488,22.559406],[88.256271,22.559341]]]},"properties":{"id":"SYN-KOLKATA-001-0007","block":"Kolkata","mouza":"SYNTHETIC_MOUZA_001","plot":"SYN-001-0007","areaSqm":0,"real":false}},{"type":"Feature","geometry":{"type":"Polygon","coordinates":[[[88.271348,22.491118],[88.272119,22.49094],[88.272119,22.489768],[88.271348,22.491118]]]},"properties":{"id":"SYN-KOLKATA-001-0008","block":"Kolkata","mouza":"SYNTHETIC_MOUZA_001","plot":"SYN-001-0008","areaSqm":0,"real":false}},{"type":"Feature","geometry":{"type":"Polygon","coordinates":[[[88.271688,22.540842],[88.26696,22.537837],[88.263804,22.537354],[88.263804,22.543683],[88.272119,22.543683],[88.272119,22.540763],[88.271688,22.540842]]]},"properties":{"id":"SYN-KOLKATA-001-0009","block":"Kolkata","mouza":"SYNTHETIC_MOUZA_001","plot":"SYN-001-0009","areaSqm":0,"real":false}},{"type":"Feature","geometry":{"type":"Polygon","coordinates":[[[88.263804,22.543683],[88.263804,22.551512],[88.272119,22.551512],[88.272119,22.543683],[88.263804,22.543683]]]},"properties":{"id":"SYN-KOLKATA-001-0010","block":"Kolkata","mouza":"SYNTHETIC_MOUZA_001","plot":"SYN-001-0010","areaSqm":0,"real":false}},{"type":"Feature","geometry":{"type":"Polygon","coordinates":[[[88.270029,22.556462],[88.270875,22.558534],[88.272119,22.558274],[88.272119,22.551512],[88.263804,22.551512],[88.263804,22.558157],[88.270029,22.556462]]]},"properties":{"id":"SYN-KOLKATA-001-0011","block":"Kolkata","mouza":"SYNTHETIC_MOUZA_001","plot":"SYN-001-0011","areaSqm":0,"real":false}},{"type":"Feature","geometry":{"type":"Polygon","coordinates":[[[88.279619,22.476359],[88.27759,22.480042],[88.277639,22.48105],[88.280435,22.48105],[88.280435,22.475862],[88.279619,22.476359]]]},"properties":{"id":"SYN-KOLKATA-001-0012","block":"Kolkata","mouza":"SYNTHETIC_MOUZA_001","plot":"SYN-001-0012","areaSqm":0,"real":false}},{"type":"Feature","geometry":{"type":"Polygon","coordinates":[[[88.27777,22.483716],[88.274466,22.48566],[88.272627,22.488879],[88.280435,22.488879],[88.280435,22.48105],[88.277639,22.48105],[88.27777,22.483716]]]},"properties":{"id":"SYN-KOLKATA-001-0013","block":"Kolkata","mouza":"SYNTHETIC_MOUZA_001","plot":"SYN-001-0013","areaSqm":0,"real":false}},{"type":"Feature","geometry":{"type":"Polygon","coordinates":[[[88.280435,22.489016],[88.280435,22.488879],[88.272627,22.488879],[88.272119,22.489768],[88.272119,22.49094],[88.280435,22.489016]]]},"properties":{"id":"SYN-KOLKATA-001-0014","block":"Kolkata","mouza":"SYNTHETIC_MOUZA_001","plot":"SYN-001-0014","areaSqm":0,"real":false}},{"type":"Feature","geometry":{"type":"Polygon","coordinates":[[[88.279684,22.540623],[88.277298,22.54337],[88.274686,22.540296],[88.272119,22.540763],[88.272119,22.543683],[88.280435,22.543683],[88.280435,22.540353],[88.279684,22.540623]]]},"properties":{"id":"SYN-KOLKATA-001-0015","block":"Kolkata","mouza":"SYNTHETIC_MOUZA_001","plot":"SYN-001-0015","areaSqm":0,"real":false}},{"type":"Feature","geometry":{"type":"Polygon","coordinates":[[[88.272119,22.543683],[88.272119,22.551512],[88.280435,22.551512],[88.280435,22.543683],[88.272119,22.543683]]]},"properties":{"id":"SYN-KOLKATA-001-0016","block":"Kolkata","mouza":"SYNTHETIC_MOUZA_001","plot":"SYN-001-0016","areaSqm":0,"real":false}},{"type":"Feature","geometry":{"type":"Polygon","coordinates":[[[88.280435,22.556539],[88.280435,22.551512],[88.272119,22.551512],[88.272119,22.558274],[88.280435,22.556539]]]},"properties":{"id":"SYN-KOLKATA-001-0017","block":"Kolkata","mouza":"SYNTHETIC_MOUZA_001","plot":"SYN-001-0017","areaSqm":0,"real":false}},{"type":"Feature","geometry":{"type":"Polygon","coordinates":[[[88.288689,22.457719],[88.287457,22.458866],[88.28875,22.462528],[88.28875,22.457731],[88.288689,22.457719]]]},"properties":{"id":"SYN-KOLKATA-001-0018","block":"Kolkata","mouza":"SYNTHETIC_MOUZA_001","plot":"SYN-001-0018","areaSqm":0,"real":false}},{"type":"Feature","geometry":{"type":"Polygon","coordinates":[[[88.28843,22.470996],[88.284774,22.473221],[88.28875,22.473221],[88.28875,22.46963],[88.28843,22.470996]]]},"properties":{"id":"SYN-KOLKATA-001-0019","block":"Kolkata","mouza":"SYNTHETIC_MOUZA_001","plot":"SYN-001-0019","areaSqm":0,"real":false}},{"type":"Feature","geometry":{"type":"Polygon","coordinates":[[[88.280435,22.475862],[88.280435,22.48105],[88.28875,22.48105],[88.28875,22.473221],[88.284774,22.473221],[88.280435,22.475862]]]},"properties":{"id":"SYN-KOLKATA-001-0020","block":"Kolkata","mouza":"SYNTHETIC_MOUZA_001","plot":"SYN-001-0020","areaSqm":0,"real":false}},{"type":"Feature","geometry":{"type":"Polygon","coordinates":[[[88.286385,22.487639],[88.286867,22.488879],[88.28875,22.488879],[88.28875,22.48105],[88.280435,22.48105],[88.280435,22.488879],[88.281025,22.488879],[88.286385,22.487639]]]},"properties":{"id":"SYN-KOLKATA-001-0021","block":"Kolkata","mouza":"SYNTHETIC_MOUZA_001","plot":"SYN-001-0021","areaSqm":0,"real":false}},{"type":"Feature","geometry":{"type":"MultiPolygon","coordinates":[[[[88.28789,22.491511],[88.28875,22.491893],[88.28875,22.488879],[88.286867,22.488879],[88.28789,22.491511]]],[[[88.281025,22.488879],[88.280435,22.488879],[88.280435,22.489016],[88.281025,22.488879]]]]},"properties":{"id":"SYN-KOLKATA-001-0022","block":"Kolkata","mouza":"SYNTHETIC_MOUZA_001","plot":"SYN-001-0022","areaSqm":0,"real":false}},{"type":"Feature","geometry":{"type":"Polygon","coordinates":[[[88.280435,22.540353],[88.280435,22.543683],[88.28875,22.543683],[88.28875,22.53737],[88.280435,22.540353]]]},"properties":{"id":"SYN-KOLKATA-001-0023","block":"Kolkata","mouza":"SYNTHETIC_MOUZA_001","plot":"SYN-001-0023","areaSqm":0,"real":false}},{"type":"Feature","geometry":{"type":"Polygon","coordinates":[[[88.280435,22.543683],[88.280435,22.551512],[88.28875,22.551512],[88.28875,22.543683],[88.280435,22.543683]]]},"properties":{"id":"SYN-KOLKATA-001-0024","block":"Kolkata","mouza":"SYNTHETIC_MOUZA_001","plot":"SYN-001-0024","areaSqm":0,"real":false}},{"type":"Feature","geometry":{"type":"Polygon","coordinates":[[[88.28875,22.554804],[88.28875,22.551512],[88.280435,22.551512],[88.280435,22.556539],[88.28875,22.554804]]]},"properties":{"id":"SYN-KOLKATA-001-0025","block":"Kolkata","mouza":"SYNTHETIC_MOUZA_001","plot":"SYN-001-0025","areaSqm":0,"real":false}},{"type":"Feature","geometry":{"type":"Polygon","coordinates":[[[88.289751,22.465363],[88.289744,22.465392],[88.297066,22.465392],[88.297066,22.459665],[88.296325,22.459186],[88.28875,22.457731],[88.28875,22.462528],[88.289751,22.465363]]]},"properties":{"id":"SYN-KOLKATA-001-0026","block":"Kolkata","mouza":"SYNTHETIC_MOUZA_001","plot":"SYN-001-0026","areaSqm":0,"real":false}},{"type":"Feature","geometry":{"type":"Polygon","coordinates":[[[88.28875,22.46963],[88.28875,22.473221],[88.297066,22.473221],[88.297066,22.465392],[88.289744,22.465392],[88.28875,22.46963]]]},"properties":{"id":"SYN-KOLKATA-001-0027","block":"Kolkata","mouza":"SYNTHETIC_MOUZA_001","plot":"SYN-001-0027","areaSqm":0,"real":false}},{"type":"Feature","geometry":{"type":"Polygon","coordinates":[[[88.28875,22.473221],[88.28875,22.48105],[88.297066,22.48105],[88.297066,22.473221],[88.28875,22.473221]]]},"properties":{"id":"SYN-KOLKATA-001-0028","block":"Kolkata","mouza":"SYNTHETIC_MOUZA_001","plot":"SYN-001-0028","areaSqm":0,"real":false}},{"type":"Feature","geometry":{"type":"Polygon","coordinates":[[[88.28875,22.48105],[88.28875,22.488879],[88.297066,22.488879],[88.297066,22.48105],[88.28875,22.48105]]]},"properties":{"id":"SYN-KOLKATA-001-0029","block":"Kolkata","mouza":"SYNTHETIC_MOUZA_001","plot":"SYN-001-0029","areaSqm":0,"real":false}},{"type":"Feature","geometry":{"type":"Polygon","coordinates":[[[88.29269,22.493644],[88.294888,22.496708],[88.297066,22.496708],[88.297066,22.488879],[88.28875,22.488879],[88.28875,22.491893],[88.29269,22.493644]]]},"properties":{"id":"SYN-KOLKATA-001-0030","block":"Kolkata","mouza":"SYNTHETIC_MOUZA_001","plot":"SYN-001-0030","areaSqm":0,"real":false}},{"type":"Feature","geometry":{"type":"Polygon","coordinates":[[[88.297066,22.499744],[88.297066,22.496708],[88.294888,22.496708],[88.297066,22.499744]]]},"properties":{"id":"SYN-KOLKATA-001-0031","block":"Kolkata","mouza":"SYNTHETIC_MOUZA_001","plot":"SYN-001-0031","areaSqm":0,"real":false}},{"type":"Feature","geometry":{"type":"Polygon","coordinates":[[[88.291641,22.51766],[88.291604,22.520195],[88.297066,22.520195],[88.297066,22.51568],[88.291641,22.51766]]]},"properties":{"id":"SYN-KOLKATA-001-0032","block":"Kolkata","mouza":"SYNTHETIC_MOUZA_001","plot":"SYN-001-0032","areaSqm":0,"real":false}},{"type":"Feature","geometry":{"type":"Polygon","coordinates":[[[88.291491,22.528025],[88.297066,22.528025],[88.297066,22.520195],[88.291604,22.520195],[88.291491,22.528025]]]},"properties":{"id":"SYN-KOLKATA-001-0033","block":"Kolkata","mouza":"SYNTHETIC_MOUZA_001","plot":"SYN-001-0033","areaSqm":0,"real":false}},{"type":"Feature","geometry":{"type":"Polygon","coordinates":[[[88.291481,22.528746],[88.289891,22.535854],[88.297066,22.535854],[88.297066,22.528025],[88.291491,22.528025],[88.291481,22.528746]]]},"properties":{"id":"SYN-KOLKATA-001-0034","block":"Kolkata","mouza":"SYNTHETIC_MOUZA_001","plot":"SYN-001-0034","areaSqm":0,"real":false}},{"type":"Feature","geometry":{"type":"Polygon","coordinates":[[[88.289621,22.537058],[88.28875,22.53737],[88.28875,22.543683],[88.297066,22.543683],[88.297066,22.535854],[88.289891,22.535854],[88.289621,22.537058]]]},"properties":{"id":"SYN-KOLKATA-001-0035","block":"Kolkata","mouza":"SYNTHETIC_MOUZA_001","plot":"SYN-001-0035","areaSqm":0,"real":false}},{"type":"Feature","geometry":{"type":"Polygon","coordinates":[[[88.28875,22.543683],[88.28875,22.551512],[88.297066,22.551512],[88.297066,22.543683],[88.28875,22.543683]]]},"properties":{"id":"SYN-KOLKATA-001-0036","block":"Kolkata","mouza":"SYNTHETIC_MOUZA_001","plot":"SYN-001-0036","areaSqm":0,"real":false}},{"type":"Feature","geometry":{"type":"Polygon","coordinates":[[[88.297066,22.553069],[88.297066,22.551512],[88.28875,22.551512],[88.28875,22.554804],[88.297066,22.553069]]]},"properties":{"id":"SYN-KOLKATA-001-0037","block":"Kolkata","mouza":"SYNTHETIC_MOUZA_001","plot":"SYN-001-0037","areaSqm":0,"real":false}},{"type":"Feature","geometry":{"type":"Polygon","coordinates":[[[88.303877,22.460283],[88.300072,22.461612],[88.297066,22.459665],[88.297066,22.465392],[88.305381,22.465392],[88.305381,22.460567],[88.303877,22.460283]]]},"properties":{"id":"SYN-KOLKATA-001-0038","block":"Kolkata","mouza":"SYNTHETIC_MOUZA_001","plot":"SYN-001-0038","areaSqm":0,"real":false}},{"type":"Feature","geometry":{"type":"Polygon","coordinates":[[[88.297066,22.465392],[88.297066,22.473221],[88.305381,22.473221],[88.305381,22.465392],[88.297066,22.465392]]]},"properties":{"id":"SYN-KOLKATA-001-0039","block":"Kolkata","mouza":"SYNTHETIC_MOUZA_001","plot":"SYN-001-0039","areaSqm":0,"real":false}},{"type":"Feature","geometry":{"type":"Polygon","coordinates":[[[88.297066,22.473221],[88.297066,22.48105],[88.305381,22.48105],[88.305381,22.473221],[88.297066,22.473221]]]},"properties":{"id":"SYN-KOLKATA-001-0040","block":"Kolkata","mouza":"SYNTHETIC_MOUZA_001","plot":"SYN-001-0040","areaSqm":0,"real":false}},{"type":"Feature","geometry":{"type":"Polygon","coordinates":[[[88.297066,22.48105],[88.297066,22.488879],[88.305381,22.488879],[88.305381,22.48105],[88.297066,22.48105]]]},"properties":{"id":"SYN-KOLKATA-001-0041","block":"Kolkata","mouza":"SYNTHETIC_MOUZA_001","plot":"SYN-001-0041","areaSqm":0,"real":false}},{"type":"Feature","geometry":{"type":"Polygon","coordinates":[[[88.297066,22.488879],[88.297066,22.496708],[88.305381,22.496708],[88.305381,22.488879],[88.297066,22.488879]]]},"properties":{"id":"SYN-KOLKATA-001-0042","block":"Kolkata","mouza":"SYNTHETIC_MOUZA_001","plot":"SYN-001-0042","areaSqm":0,"real":false}},{"type":"Feature","geometry":{"type":"Polygon","coordinates":[[[88.299831,22.5036],[88.300259,22.504537],[88.305381,22.504537],[88.305381,22.496708],[88.297066,22.496708],[88.297066,22.499744],[88.299831,22.5036]]]},"properties":{"id":"SYN-KOLKATA-001-0043","block":"Kolkata","mouza":"SYNTHETIC_MOUZA_001","plot":"SYN-001-0043","areaSqm":0,"real":false}},{"type":"Feature","geometry":{"type":"Polygon","coordinates":[[[88.300646,22.505383],[88.29878,22.507482],[88.299909,22.512366],[88.305381,22.512366],[88.305381,22.504537],[88.300259,22.504537],[88.300646,22.505383]]]},"properties":{"id":"SYN-KOLKATA-001-0044","block":"Kolkata","mouza":"SYNTHETIC_MOUZA_001","plot":"SYN-001-0044","areaSqm":0,"real":false}},{"type":"Feature","geometry":{"type":"Polygon","coordinates":[[[88.300394,22.514466],[88.297066,22.51568],[88.297066,22.520195],[88.305381,22.520195],[88.305381,22.512366],[88.299909,22.512366],[88.300394,22.514466]]]},"properties":{"id":"SYN-KOLKATA-001-0045","block":"Kolkata","mouza":"SYNTHETIC_MOUZA_001","plot":"SYN-001-0045","areaSqm":0,"real":false}},{"type":"Feature","geometry":{"type":"Polygon","coordinates":[[[88.297066,22.520195],[88.297066,22.528025],[88.305381,22.528025],[88.305381,22.520195],[88.297066,22.520195]]]},"properties":{"id":"SYN-KOLKATA-001-0046","block":"Kolkata","mouza":"SYNTHETIC_MOUZA_001","plot":"SYN-001-0046","areaSqm":0,"real":false}},{"type":"Feature","geometry":{"type":"Polygon","coordinates":[[[88.297066,22.528025],[88.297066,22.535854],[88.305381,22.535854],[88.305381,22.528025],[88.297066,22.528025]]]},"properties":{"id":"SYN-KOLKATA-001-0047","block":"Kolkata","mouza":"SYNTHETIC_MOUZA_001","plot":"SYN-001-0047","areaSqm":0,"real":false}},{"type":"Feature","geometry":{"type":"Polygon","coordinates":[[[88.297066,22.535854],[88.297066,22.543683],[88.305381,22.543683],[88.305381,22.535854],[88.297066,22.535854]]]},"properties":{"id":"SYN-KOLKATA-001-0048","block":"Kolkata","mouza":"SYNTHETIC_MOUZA_001","plot":"SYN-001-0048","areaSqm":0,"real":false}},{"type":"Feature","geometry":{"type":"Polygon","coordinates":[[[88.305381,22.551334],[88.305381,22.543683],[88.297066,22.543683],[88.297066,22.551512],[88.304527,22.551512],[88.305381,22.551334]]]},"properties":{"id":"SYN-KOLKATA-001-0049","block":"Kolkata","mouza":"SYNTHETIC_MOUZA_001","plot":"SYN-001-0049","areaSqm":0,"real":false}},{"type":"Feature","geometry":{"type":"Polygon","coordinates":[[[88.304527,22.551512],[88.297066,22.551512],[88.297066,22.553069],[88.304527,22.551512]]]},"properties":{"id":"SYN-KOLKATA-001-0050","block":"Kolkata","mouza":"SYNTHETIC_MOUZA_001","plot":"SYN-001-0050","areaSqm":0,"real":false}},{"type":"Feature","geometry":{"type":"Polygon","coordinates":[[[88.312931,22.461994],[88.305381,22.460567],[88.305381,22.465392],[88.313696,22.465392],[88.313696,22.460117],[88.312931,22.461994]]]},"properties":{"id":"SYN-KOLKATA-001-0051","block":"Kolkata","mouza":"SYNTHETIC_MOUZA_001","plot":"SYN-001-0051","areaSqm":0,"real":false}},{"type":"Feature","geometry":{"type":"Polygon","coordinates":[[[88.305381,22.465392],[88.305381,22.473221],[88.313696,22.473221],[88.313696,22.465392],[88.305381,22.465392]]]},"properties":{"id":"SYN-KOLKATA-001-0052","block":"Kolkata","mouza":"SYNTHETIC_MOUZA_001","plot":"SYN-001-0052","areaSqm":0,"real":false}},{"type":"Feature","geometry":{"type":"Polygon","coordinates":[[[88.305381,22.473221],[88.305381,22.48105],[88.313696,22.48105],[88.313696,22.473221],[88.305381,22.473221]]]},"properties":{"id":"SYN-KOLKATA-001-0053","block":"Kolkata","mouza":"SYNTHETIC_MOUZA_001","plot":"SYN-001-0053","areaSqm":0,"real":false}},{"type":"Feature","geometry":{"type":"Polygon","coordinates":[[[88.305381,22.48105],[88.305381,22.488879],[88.313696,22.488879],[88.313696,22.48105],[88.305381,22.48105]]]},"properties":{"id":"SYN-KOLKATA-001-0054","block":"Kolkata","mouza":"SYNTHETIC_MOUZA_001","plot":"SYN-001-0054","areaSqm":0,"real":false}},{"type":"Feature","geometry":{"type":"Polygon","coordinates":[[[88.305381,22.488879],[88.305381,22.496708],[88.313696,22.496708],[88.313696,22.488879],[88.305381,22.488879]]]},"properties":{"id":"SYN-KOLKATA-001-0055","block":"Kolkata","mouza":"SYNTHETIC_MOUZA_001","plot":"SYN-001-0055","areaSqm":0,"real":false}},{"type":"Feature","geometry":{"type":"Polygon","coordinates":[[[88.305381,22.496708],[88.305381,22.504537],[88.313696,22.504537],[88.313696,22.496708],[88.305381,22.496708]]]},"properties":{"id":"SYN-KOLKATA-001-0056","block":"Kolkata","mouza":"SYNTHETIC_MOUZA_001","plot":"SYN-001-0056","areaSqm":0,"real":false}},{"type":"Feature","geometry":{"type":"Polygon","coordinates":[[[88.305381,22.504537],[88.305381,22.512366],[88.313696,22.512366],[88.313696,22.504537],[88.305381,22.504537]]]},"properties":{"id":"SYN-KOLKATA-001-0057","block":"Kolkata","mouza":"SYNTHETIC_MOUZA_001","plot":"SYN-001-0057","areaSqm":0,"real":false}},{"type":"Feature","geometry":{"type":"Polygon","coordinates":[[[88.305381,22.512366],[88.305381,22.520195],[88.313696,22.520195],[88.313696,22.512366],[88.305381,22.512366]]]},"properties":{"id":"SYN-KOLKATA-001-0058","block":"Kolkata","mouza":"SYNTHETIC_MOUZA_001","plot":"SYN-001-0058","areaSqm":0,"real":false}},{"type":"Feature","geometry":{"type":"Polygon","coordinates":[[[88.305381,22.520195],[88.305381,22.528025],[88.313696,22.528025],[88.313696,22.520195],[88.305381,22.520195]]]},"properties":{"id":"SYN-KOLKATA-001-0059","block":"Kolkata","mouza":"SYNTHETIC_MOUZA_001","plot":"SYN-001-0059","areaSqm":0,"real":false}},{"type":"Feature","geometry":{"type":"Polygon","coordinates":[[[88.305381,22.528025],[88.305381,22.535854],[88.313696,22.535854],[88.313696,22.528025],[88.305381,22.528025]]]},"properties":{"id":"SYN-KOLKATA-001-0060","block":"Kolkata","mouza":"SYNTHETIC_MOUZA_001","plot":"SYN-001-0060","areaSqm":0,"real":false}},{"type":"Feature","geometry":{"type":"Polygon","coordinates":[[[88.305381,22.535854],[88.305381,22.543683],[88.313696,22.543683],[88.313696,22.535854],[88.305381,22.535854]]]},"properties":{"id":"SYN-KOLKATA-001-0061","block":"Kolkata","mouza":"SYNTHETIC_MOUZA_001","plot":"SYN-001-0061","areaSqm":0,"real":false}},{"type":"Feature","geometry":{"type":"Polygon","coordinates":[[[88.306416,22.551118],[88.310019,22.551512],[88.313696,22.551512],[88.313696,22.543683],[88.305381,22.543683],[88.305381,22.551334],[88.306416,22.551118]]]},"properties":{"id":"SYN-KOLKATA-001-0062","block":"Kolkata","mouza":"SYNTHETIC_MOUZA_001","plot":"SYN-001-0062","areaSqm":0,"real":false}},{"type":"Feature","geometry":{"type":"Polygon","coordinates":[[[88.313696,22.551914],[88.313696,22.551512],[88.310019,22.551512],[88.313696,22.551914]]]},"properties":{"id":"SYN-KOLKATA-001-0063","block":"Kolkata","mouza":"SYNTHETIC_MOUZA_001","plot":"SYN-001-0063","areaSqm":0,"real":false}},{"type":"Feature","geometry":{"type":"Polygon","coordinates":[[[88.315314,22.456151],[88.314739,22.457563],[88.322012,22.457563],[88.322012,22.455564],[88.315314,22.456151]]]},"properties":{"id":"SYN-KOLKATA-001-0064","block":"Kolkata","mouza":"SYNTHETIC_MOUZA_001","plot":"SYN-001-0064","areaSqm":0,"real":false}},{"type":"Feature","geometry":{"type":"Polygon","coordinates":[[[88.313696,22.460117],[88.313696,22.465392],[88.322012,22.465392],[88.322012,22.457563],[88.314739,22.457563],[88.313696,22.460117]]]},"properties":{"id":"SYN-KOLKATA-001-0065","block":"Kolkata","mouza":"SYNTHETIC_MOUZA_001","plot":"SYN-001-0065","areaSqm":0,"real":false}},{"type":"Feature","geometry":{"type":"Polygon","coordinates":[[[88.313696,22.465392],[88.313696,22.473221],[88.322012,22.473221],[88.322012,22.465392],[88.313696,22.465392]]]},"properties":{"id":"SYN-KOLKATA-001-0066","block":"Kolkata","mouza":"SYNTHETIC_MOUZA_001","plot":"SYN-001-0066","areaSqm":0,"real":false}},{"type":"Feature","geometry":{"type":"Polygon","coordinates":[[[88.313696,22.473221],[88.313696,22.48105],[88.322012,22.48105],[88.322012,22.473221],[88.313696,22.473221]]]},"properties":{"id":"SYN-KOLKATA-001-0067","block":"Kolkata","mouza":"SYNTHETIC_MOUZA_001","plot":"SYN-001-0067","areaSqm":0,"real":false}},{"type":"Feature","geometry":{"type":"Polygon","coordinates":[[[88.313696,22.48105],[88.313696,22.488879],[88.322012,22.488879],[88.322012,22.48105],[88.313696,22.48105]]]},"properties":{"id":"SYN-KOLKATA-001-0068","block":"Kolkata","mouza":"SYNTHETIC_MOUZA_001","plot":"SYN-001-0068","areaSqm":0,"real":false}},{"type":"Feature","geometry":{"type":"Polygon","coordinates":[[[88.313696,22.488879],[88.313696,22.496708],[88.322012,22.496708],[88.322012,22.488879],[88.313696,22.488879]]]},"properties":{"id":"SYN-KOLKATA-001-0069","block":"Kolkata","mouza":"SYNTHETIC_MOUZA_001","plot":"SYN-001-0069","areaSqm":0,"real":false}},{"type":"Feature","geometry":{"type":"Polygon","coordinates":[[[88.313696,22.496708],[88.313696,22.504537],[88.322012,22.504537],[88.322012,22.496708],[88.313696,22.496708]]]},"properties":{"id":"SYN-KOLKATA-001-0070","block":"Kolkata","mouza":"SYNTHETIC_MOUZA_001","plot":"SYN-001-0070","areaSqm":0,"real":false}},{"type":"Feature","geometry":{"type":"Polygon","coordinates":[[[88.313696,22.504537],[88.313696,22.512366],[88.322012,22.512366],[88.322012,22.504537],[88.313696,22.504537]]]},"properties":{"id":"SYN-KOLKATA-001-0071","block":"Kolkata","mouza":"SYNTHETIC_MOUZA_001","plot":"SYN-001-0071","areaSqm":0,"real":false}},{"type":"Feature","geometry":{"type":"Polygon","coordinates":[[[88.313696,22.512366],[88.313696,22.520195],[88.322012,22.520195],[88.322012,22.512366],[88.313696,22.512366]]]},"properties":{"id":"SYN-KOLKATA-001-0072","block":"Kolkata","mouza":"SYNTHETIC_MOUZA_001","plot":"SYN-001-0072","areaSqm":0,"real":false}},{"type":"Feature","geometry":{"type":"Polygon","coordinates":[[[88.313696,22.520195],[88.313696,22.528025],[88.322012,22.528025],[88.322012,22.520195],[88.313696,22.520195]]]},"properties":{"id":"SYN-KOLKATA-001-0073","block":"Kolkata","mouza":"SYNTHETIC_MOUZA_001","plot":"SYN-001-0073","areaSqm":0,"real":false}},{"type":"Feature","geometry":{"type":"Polygon","coordinates":[[[88.313696,22.528025],[88.313696,22.535854],[88.322012,22.535854],[88.322012,22.528025],[88.313696,22.528025]]]},"properties":{"id":"SYN-KOLKATA-001-0074","block":"Kolkata","mouza":"SYNTHETIC_MOUZA_001","plot":"SYN-001-0074","areaSqm":0,"real":false}},{"type":"Feature","geometry":{"type":"Polygon","coordinates":[[[88.313696,22.535854],[88.313696,22.543683],[88.322012,22.543683],[88.322012,22.535854],[88.313696,22.535854]]]},"properties":{"id":"SYN-KOLKATA-001-0075","block":"Kolkata","mouza":"SYNTHETIC_MOUZA_001","plot":"SYN-001-0075","areaSqm":0,"real":false}},{"type":"Feature","geometry":{"type":"Polygon","coordinates":[[[88.313696,22.543683],[88.313696,22.551512],[88.322012,22.551512],[88.322012,22.543683],[88.313696,22.543683]]]},"properties":{"id":"SYN-KOLKATA-001-0076","block":"Kolkata","mouza":"SYNTHETIC_MOUZA_001","plot":"SYN-001-0076","areaSqm":0,"real":false}},{"type":"Feature","geometry":{"type":"Polygon","coordinates":[[[88.315858,22.55215],[88.322012,22.556026],[88.322012,22.551512],[88.313696,22.551512],[88.313696,22.551914],[88.315858,22.55215]]]},"properties":{"id":"SYN-KOLKATA-001-0077","block":"Kolkata","mouza":"SYNTHETIC_MOUZA_001","plot":"SYN-001-0077","areaSqm":0,"real":false}},{"type":"Feature","geometry":{"type":"Polygon","coordinates":[[[88.324431,22.455351],[88.322012,22.455564],[88.322012,22.457563],[88.324953,22.457563],[88.324431,22.455351]]]},"properties":{"id":"SYN-KOLKATA-001-0078","block":"Kolkata","mouza":"SYNTHETIC_MOUZA_001","plot":"SYN-001-0078","areaSqm":0,"real":false}},{"type":"Feature","geometry":{"type":"Polygon","coordinates":[[[88.327502,22.464968],[88.329437,22.463401],[88.328539,22.460048],[88.325598,22.460295],[88.324953,22.457563],[88.322012,22.457563],[88.322012,22.465392],[88.327422,22.465392],[88.327502,22.464968]]]},"properties":{"id":"SYN-KOLKATA-001-0079","block":"Kolkata","mouza":"SYNTHETIC_MOUZA_001","plot":"SYN-001-0079","areaSqm":0,"real":false}},{"type":"Feature","geometry":{"type":"Polygon","coordinates":[[[88.32957,22.468383],[88.326599,22.469758],[88.327422,22.465392],[88.322012,22.465392],[88.322012,22.473221],[88.330327,22.473221],[88.330327,22.468449],[88.32957,22.468383]]]},"properties":{"id":"SYN-KOLKATA-001-0080","block":"Kolkata","mouza":"SYNTHETIC_MOUZA_001","plot":"SYN-001-0080","areaSqm":0,"real":false}},{"type":"Feature","geometry":{"type":"Polygon","coordinates":[[[88.322012,22.473221],[88.322012,22.48105],[88.330327,22.48105],[88.330327,22.473221],[88.322012,22.473221]]]},"properties":{"id":"SYN-KOLKATA-001-0081","block":"Kolkata","mouza":"SYNTHETIC_MOUZA_001","plot":"SYN-001-0081","areaSqm":0,"real":false}},{"type":"Feature","geometry":{"type":"Polygon","coordinates":[[[88.322012,22.48105],[88.322012,22.488879],[88.330327,22.488879],[88.330327,22.48105],[88.322012,22.48105]]]},"properties":{"id":"SYN-KOLKATA-001-0082","block":"Kolkata","mouza":"SYNTHETIC_MOUZA_001","plot":"SYN-001-0082","areaSqm":0,"real":false}},{"type":"Feature","geometry":{"type":"Polygon","coordinates":[[[88.322012,22.488879],[88.322012,22.496708],[88.330327,22.496708],[88.330327,22.488879],[88.322012,22.488879]]]},"properties":{"id":"SYN-KOLKATA-001-0083","block":"Kolkata","mouza":"SYNTHETIC_MOUZA_001","plot":"SYN-001-0083","areaSqm":0,"real":false}},{"type":"Feature","geometry":{"type":"Polygon","coordinates":[[[88.322012,22.496708],[88.322012,22.504537],[88.330327,22.504537],[88.330327,22.496708],[88.322012,22.496708]]]},"properties":{"id":"SYN-KOLKATA-001-0084","block":"Kolkata","mouza":"SYNTHETIC_MOUZA_001","plot":"SYN-001-0084","areaSqm":0,"real":false}},{"type":"Feature","geometry":{"type":"Polygon","coordinates":[[[88.322012,22.504537],[88.322012,22.512366],[88.330327,22.512366],[88.330327,22.504537],[88.322012,22.504537]]]},"properties":{"id":"SYN-KOLKATA-001-0085","block":"Kolkata","mouza":"SYNTHETIC_MOUZA_001","plot":"SYN-001-0085","areaSqm":0,"real":false}},{"type":"Feature","geometry":{"type":"Polygon","coordinates":[[[88.322012,22.512366],[88.322012,22.520195],[88.330327,22.520195],[88.330327,22.512366],[88.322012,22.512366]]]},"properties":{"id":"SYN-KOLKATA-001-0086","block":"Kolkata","mouza":"SYNTHETIC_MOUZA_001","plot":"SYN-001-0086","areaSqm":0,"real":false}},{"type":"Feature","geometry":{"type":"Polygon","coordinates":[[[88.322012,22.520195],[88.322012,22.528025],[88.330327,22.528025],[88.330327,22.520195],[88.322012,22.520195]]]},"properties":{"id":"SYN-KOLKATA-001-0087","block":"Kolkata","mouza":"SYNTHETIC_MOUZA_001","plot":"SYN-001-0087","areaSqm":0,"real":false}},{"type":"Feature","geometry":{"type":"Polygon","coordinates":[[[88.322012,22.528025],[88.322012,22.535854],[88.330327,22.535854],[88.330327,22.528025],[88.322012,22.528025]]]},"properties":{"id":"SYN-KOLKATA-001-0088","block":"Kolkata","mouza":"SYNTHETIC_MOUZA_001","plot":"SYN-001-0088","areaSqm":0,"real":false}},{"type":"Feature","geometry":{"type":"Polygon","coordinates":[[[88.322012,22.535854],[88.322012,22.543683],[88.330327,22.543683],[88.330327,22.535854],[88.322012,22.535854]]]},"properties":{"id":"SYN-KOLKATA-001-0089","block":"Kolkata","mouza":"SYNTHETIC_MOUZA_001","plot":"SYN-001-0089","areaSqm":0,"real":false}},{"type":"Feature","geometry":{"type":"Polygon","coordinates":[[[88.322012,22.543683],[88.322012,22.551512],[88.330327,22.551512],[88.330327,22.543683],[88.322012,22.543683]]]},"properties":{"id":"SYN-KOLKATA-001-0090","block":"Kolkata","mouza":"SYNTHETIC_MOUZA_001","plot":"SYN-001-0090","areaSqm":0,"real":false}},{"type":"Feature","geometry":{"type":"Polygon","coordinates":[[[88.324552,22.557626],[88.32565,22.559341],[88.330327,22.559341],[88.330327,22.551512],[88.322012,22.551512],[88.322012,22.556026],[88.324552,22.557626]]]},"properties":{"id":"SYN-KOLKATA-001-0091","block":"Kolkata","mouza":"SYNTHETIC_MOUZA_001","plot":"SYN-001-0091","areaSqm":0,"real":false}},{"type":"Feature","geometry":{"type":"Polygon","coordinates":[[[88.329628,22.565556],[88.330327,22.56631],[88.330327,22.559341],[88.32565,22.559341],[88.329628,22.565556]]]},"properties":{"id":"SYN-KOLKATA-001-0092","block":"Kolkata","mouza":"SYNTHETIC_MOUZA_001","plot":"SYN-001-0092","areaSqm":0,"real":false}},{"type":"Feature","geometry":{"type":"Polygon","coordinates":[[[88.335992,22.460692],[88.331725,22.463244],[88.331636,22.465392],[88.338643,22.465392],[88.338643,22.460672],[88.335992,22.460692]]]},"properties":{"id":"SYN-KOLKATA-001-0093","block":"Kolkata","mouza":"SYNTHETIC_MOUZA_001","plot":"SYN-001-0093","areaSqm":0,"real":false}},{"type":"Feature","geometry":{"type":"Polygon","coordinates":[[[88.331629,22.465559],[88.335928,22.468933],[88.330327,22.468449],[88.330327,22.473221],[88.338643,22.473221],[88.338643,22.465392],[88.331636,22.465392],[88.331629,22.465559]]]},"properties":{"id":"SYN-KOLKATA-001-0094","block":"Kolkata","mouza":"SYNTHETIC_MOUZA_001","plot":"SYN-001-0094","areaSqm":0,"real":false}},{"type":"Feature","geometry":{"type":"Polygon","coordinates":[[[88.330327,22.473221],[88.330327,22.48105],[88.338643,22.48105],[88.338643,22.473221],[88.330327,22.473221]]]},"properties":{"id":"SYN-KOLKATA-001-0095","block":"Kolkata","mouza":"SYNTHETIC_MOUZA_001","plot":"SYN-001-0095","areaSqm":0,"real":false}},{"type":"Feature","geometry":{"type":"Polygon","coordinates":[[[88.330327,22.48105],[88.330327,22.488879],[88.338643,22.488879],[88.338643,22.48105],[88.330327,22.48105]]]},"properties":{"id":"SYN-KOLKATA-001-0096","block":"Kolkata","mouza":"SYNTHETIC_MOUZA_001","plot":"SYN-001-0096","areaSqm":0,"real":false}},{"type":"Feature","geometry":{"type":"Polygon","coordinates":[[[88.330327,22.488879],[88.330327,22.496708],[88.338643,22.496708],[88.338643,22.488879],[88.330327,22.488879]]]},"properties":{"id":"SYN-KOLKATA-001-0097","block":"Kolkata","mouza":"SYNTHETIC_MOUZA_001","plot":"SYN-001-0097","areaSqm":0,"real":false}},{"type":"Feature","geometry":{"type":"Polygon","coordinates":[[[88.330327,22.496708],[88.330327,22.504537],[88.338643,22.504537],[88.338643,22.496708],[88.330327,22.496708]]]},"properties":{"id":"SYN-KOLKATA-001-0098","block":"Kolkata","mouza":"SYNTHETIC_MOUZA_001","plot":"SYN-001-0098","areaSqm":0,"real":false}},{"type":"Feature","geometry":{"type":"Polygon","coordinates":[[[88.330327,22.504537],[88.330327,22.512366],[88.338643,22.512366],[88.338643,22.504537],[88.330327,22.504537]]]},"properties":{"id":"SYN-KOLKATA-001-0099","block":"Kolkata","mouza":"SYNTHETIC_MOUZA_001","plot":"SYN-001-0099","areaSqm":0,"real":false}},{"type":"Feature","geometry":{"type":"Polygon","coordinates":[[[88.330327,22.512366],[88.330327,22.520195],[88.338643,22.520195],[88.338643,22.512366],[88.330327,22.512366]]]},"properties":{"id":"SYN-KOLKATA-001-0100","block":"Kolkata","mouza":"SYNTHETIC_MOUZA_001","plot":"SYN-001-0100","areaSqm":0,"real":false}},{"type":"Feature","geometry":{"type":"Polygon","coordinates":[[[88.330327,22.520195],[88.330327,22.528025],[88.338643,22.528025],[88.338643,22.520195],[88.330327,22.520195]]]},"properties":{"id":"SYN-KOLKATA-001-0101","block":"Kolkata","mouza":"SYNTHETIC_MOUZA_001","plot":"SYN-001-0101","areaSqm":0,"real":false}},{"type":"Feature","geometry":{"type":"Polygon","coordinates":[[[88.330327,22.528025],[88.330327,22.535854],[88.338643,22.535854],[88.338643,22.528025],[88.330327,22.528025]]]},"properties":{"id":"SYN-KOLKATA-001-0102","block":"Kolkata","mouza":"SYNTHETIC_MOUZA_001","plot":"SYN-001-0102","areaSqm":0,"real":false}},{"type":"Feature","geometry":{"type":"Polygon","coordinates":[[[88.330327,22.535854],[88.330327,22.543683],[88.338643,22.543683],[88.338643,22.535854],[88.330327,22.535854]]]},"properties":{"id":"SYN-KOLKATA-001-0103","block":"Kolkata","mouza":"SYNTHETIC_MOUZA_001","plot":"SYN-001-0103","areaSqm":0,"real":false}},{"type":"Feature","geometry":{"type":"Polygon","coordinates":[[[88.330327,22.543683],[88.330327,22.551512],[88.338643,22.551512],[88.338643,22.543683],[88.330327,22.543683]]]},"properties":{"id":"SYN-KOLKATA-001-0104","block":"Kolkata","mouza":"SYNTHETIC_MOUZA_001","plot":"SYN-001-0104","areaSqm":0,"real":false}},{"type":"Feature","geometry":{"type":"Polygon","coordinates":[[[88.330327,22.551512],[88.330327,22.559341],[88.338643,22.559341],[88.338643,22.551512],[88.330327,22.551512]]]},"properties":{"id":"SYN-KOLKATA-001-0105","block":"Kolkata","mouza":"SYNTHETIC_MOUZA_001","plot":"SYN-001-0105","areaSqm":0,"real":false}},{"type":"Feature","geometry":{"type":"Polygon","coordinates":[[[88.331124,22.56717],[88.338643,22.56717],[88.338643,22.559341],[88.330327,22.559341],[88.330327,22.56631],[88.331124,22.56717]]]},"properties":{"id":"SYN-KOLKATA-001-0106","block":"Kolkata","mouza":"SYNTHETIC_MOUZA_001","plot":"SYN-001-0106","areaSqm":0,"real":false}},{"type":"Feature","geometry":{"type":"Polygon","coordinates":[[[88.338378,22.574999],[88.338643,22.574999],[88.338643,22.56717],[88.331124,22.56717],[88.338378,22.574999]]]},"properties":{"id":"SYN-KOLKATA-001-0107","block":"Kolkata","mouza":"SYNTHETIC_MOUZA_001","plot":"SYN-001-0107","areaSqm":0,"real":false}},{"type":"Feature","geometry":{"type":"Polygon","coordinates":[[[88.338643,22.575285],[88.338643,22.574999],[88.338378,22.574999],[88.338643,22.575285]]]},"properties":{"id":"SYN-KOLKATA-001-0108","block":"Kolkata","mouza":"SYNTHETIC_MOUZA_001","plot":"SYN-001-0108","areaSqm":0,"real":false}},{"type":"Feature","geometry":{"type":"Polygon","coordinates":[[[88.341354,22.455153],[88.3395,22.456374],[88.341062,22.457563],[88.346958,22.457563],[88.346958,22.456258],[88.341354,22.455153]]]},"properties":{"id":"SYN-KOLKATA-001-0109","block":"Kolkata","mouza":"SYNTHETIC_MOUZA_001","plot":"SYN-001-0109","areaSqm":0,"real":false}},{"type":"Feature","geometry":{"type":"Polygon","coordinates":[[[88.341988,22.458267],[88.341889,22.460646],[88.338643,22.460672],[88.338643,22.465392],[88.346958,22.465392],[88.346958,22.457563],[88.341062,22.457563],[88.341988,22.458267]]]},"properties":{"id":"SYN-KOLKATA-001-0110","block":"Kolkata","mouza":"SYNTHETIC_MOUZA_001","plot":"SYN-001-0110","areaSqm":0,"real":false}},{"type":"Feature","geometry":{"type":"Polygon","coordinates":[[[88.338643,22.465392],[88.338643,22.473221],[88.346958,22.473221],[88.346958,22.465392],[88.338643,22.465392]]]},"properties":{"id":"SYN-KOLKATA-001-0111","block":"Kolkata","mouza":"SYNTHETIC_MOUZA_001","plot":"SYN-001-0111","areaSqm":0,"real":false}},{"type":"Feature","geometry":{"type":"Polygon","coordinates":[[[88.338643,22.473221],[88.338643,22.48105],[88.346958,22.48105],[88.346958,22.473221],[88.338643,22.473221]]]},"properties":{"id":"SYN-KOLKATA-001-0112","block":"Kolkata","mouza":"SYNTHETIC_MOUZA_001","plot":"SYN-001-0112","areaSqm":0,"real":false}},{"type":"Feature","geometry":{"type":"Polygon","coordinates":[[[88.338643,22.48105],[88.338643,22.488879],[88.346958,22.488879],[88.346958,22.48105],[88.338643,22.48105]]]},"properties":{"id":"SYN-KOLKATA-001-0113","block":"Kolkata","mouza":"SYNTHETIC_MOUZA_001","plot":"SYN-001-0113","areaSqm":0,"real":false}},{"type":"Feature","geometry":{"type":"Polygon","coordinates":[[[88.338643,22.488879],[88.338643,22.496708],[88.346958,22.496708],[88.346958,22.488879],[88.338643,22.488879]]]},"properties":{"id":"SYN-KOLKATA-001-0114","block":"Kolkata","mouza":"SYNTHETIC_MOUZA_001","plot":"SYN-001-0114","areaSqm":0,"real":false}},{"type":"Feature","geometry":{"type":"Polygon","coordinates":[[[88.338643,22.496708],[88.338643,22.504537],[88.346958,22.504537],[88.346958,22.496708],[88.338643,22.496708]]]},"properties":{"id":"SYN-KOLKATA-001-0115","block":"Kolkata","mouza":"SYNTHETIC_MOUZA_001","plot":"SYN-001-0115","areaSqm":0,"real":false}},{"type":"Feature","geometry":{"type":"Polygon","coordinates":[[[88.338643,22.504537],[88.338643,22.512366],[88.346958,22.512366],[88.346958,22.504537],[88.338643,22.504537]]]},"properties":{"id":"SYN-KOLKATA-001-0116","block":"Kolkata","mouza":"SYNTHETIC_MOUZA_001","plot":"SYN-001-0116","areaSqm":0,"real":false}},{"type":"Feature","geometry":{"type":"Polygon","coordinates":[[[88.338643,22.512366],[88.338643,22.520195],[88.346958,22.520195],[88.346958,22.512366],[88.338643,22.512366]]]},"properties":{"id":"SYN-KOLKATA-001-0117","block":"Kolkata","mouza":"SYNTHETIC_MOUZA_001","plot":"SYN-001-0117","areaSqm":0,"real":false}},{"type":"Feature","geometry":{"type":"Polygon","coordinates":[[[88.338643,22.520195],[88.338643,22.528025],[88.346958,22.528025],[88.346958,22.520195],[88.338643,22.520195]]]},"properties":{"id":"SYN-KOLKATA-001-0118","block":"Kolkata","mouza":"SYNTHETIC_MOUZA_001","plot":"SYN-001-0118","areaSqm":0,"real":false}},{"type":"Feature","geometry":{"type":"Polygon","coordinates":[[[88.338643,22.528025],[88.338643,22.535854],[88.346958,22.535854],[88.346958,22.528025],[88.338643,22.528025]]]},"properties":{"id":"SYN-KOLKATA-001-0119","block":"Kolkata","mouza":"SYNTHETIC_MOUZA_001","plot":"SYN-001-0119","areaSqm":0,"real":false}},{"type":"Feature","geometry":{"type":"Polygon","coordinates":[[[88.338643,22.535854],[88.338643,22.543683],[88.346958,22.543683],[88.346958,22.535854],[88.338643,22.535854]]]},"properties":{"id":"SYN-KOLKATA-001-0120","block":"Kolkata","mouza":"SYNTHETIC_MOUZA_001","plot":"SYN-001-0120","areaSqm":0,"real":false}},{"type":"Feature","geometry":{"type":"Polygon","coordinates":[[[88.338643,22.543683],[88.338643,22.551512],[88.346958,22.551512],[88.346958,22.543683],[88.338643,22.543683]]]},"properties":{"id":"SYN-KOLKATA-001-0121","block":"Kolkata","mouza":"SYNTHETIC_MOUZA_001","plot":"SYN-001-0121","areaSqm":0,"real":false}},{"type":"Feature","geometry":{"type":"Polygon","coordinates":[[[88.338643,22.551512],[88.338643,22.559341],[88.346958,22.559341],[88.346958,22.551512],[88.338643,22.551512]]]},"properties":{"id":"SYN-KOLKATA-001-0122","block":"Kolkata","mouza":"SYNTHETIC_MOUZA_001","plot":"SYN-001-0122","areaSqm":0,"real":false}},{"type":"Feature","geometry":{"type":"Polygon","coordinates":[[[88.338643,22.559341],[88.338643,22.56717],[88.346958,22.56717],[88.346958,22.559341],[88.338643,22.559341]]]},"properties":{"id":"SYN-KOLKATA-001-0123","block":"Kolkata","mouza":"SYNTHETIC_MOUZA_001","plot":"SYN-001-0123","areaSqm":0,"real":false}},{"type":"Feature","geometry":{"type":"Polygon","coordinates":[[[88.338643,22.56717],[88.338643,22.574999],[88.346958,22.574999],[88.346958,22.56717],[88.338643,22.56717]]]},"properties":{"id":"SYN-KOLKATA-001-0124","block":"Kolkata","mouza":"SYNTHETIC_MOUZA_001","plot":"SYN-001-0124","areaSqm":0,"real":false}},{"type":"Feature","geometry":{"type":"Polygon","coordinates":[[[88.342329,22.579264],[88.343378,22.582828],[88.346958,22.582828],[88.346958,22.574999],[88.338643,22.574999],[88.338643,22.575285],[88.342329,22.579264]]]},"properties":{"id":"SYN-KOLKATA-001-0125","block":"Kolkata","mouza":"SYNTHETIC_MOUZA_001","plot":"SYN-001-0125","areaSqm":0,"real":false}},{"type":"Feature","geometry":{"type":"Polygon","coordinates":[[[88.345681,22.590657],[88.346958,22.590657],[88.346958,22.582828],[88.343378,22.582828],[88.345681,22.590657]]]},"properties":{"id":"SYN-KOLKATA-001-0126","block":"Kolkata","mouza":"SYNTHETIC_MOUZA_001","plot":"SYN-001-0126","areaSqm":0,"real":false}},{"type":"Feature","geometry":{"type":"Polygon","coordinates":[[[88.346628,22.593876],[88.346958,22.594389],[88.346958,22.590657],[88.345681,22.590657],[88.346628,22.593876]]]},"properties":{"id":"SYN-KOLKATA-001-0127","block":"Kolkata","mouza":"SYNTHETIC_MOUZA_001","plot":"SYN-001-0127","areaSqm":0,"real":false}},{"type":"Feature","geometry":{"type":"Polygon","coordinates":[[[88.353145,22.449733],[88.350158,22.456889],[88.346958,22.456258],[88.346958,22.457563],[88.355273,22.457563],[88.355273,22.452353],[88.353145,22.449733]]]},"properties":{"id":"SYN-KOLKATA-001-0128","block":"Kolkata","mouza":"SYNTHETIC_MOUZA_001","plot":"SYN-001-0128","areaSqm":0,"real":false}},{"type":"Feature","geometry":{"type":"Polygon","coordinates":[[[88.346958,22.457563],[88.346958,22.465392],[88.355273,22.465392],[88.355273,22.457563],[88.346958,22.457563]]]},"properties":{"id":"SYN-KOLKATA-001-0129","block":"Kolkata","mouza":"SYNTHETIC_MOUZA_001","plot":"SYN-001-0129","areaSqm":0,"real":false}},{"type":"Feature","geometry":{"type":"Polygon","coordinates":[[[88.346958,22.465392],[88.346958,22.473221],[88.355273,22.473221],[88.355273,22.465392],[88.346958,22.465392]]]},"properties":{"id":"SYN-KOLKATA-001-0130","block":"Kolkata","mouza":"SYNTHETIC_MOUZA_001","plot":"SYN-001-0130","areaSqm":0,"real":false}},{"type":"Feature","geometry":{"type":"Polygon","coordinates":[[[88.346958,22.473221],[88.346958,22.48105],[88.355273,22.48105],[88.355273,22.473221],[88.346958,22.473221]]]},"properties":{"id":"SYN-KOLKATA-001-0131","block":"Kolkata","mouza":"SYNTHETIC_MOUZA_001","plot":"SYN-001-0131","areaSqm":0,"real":false}},{"type":"Feature","geometry":{"type":"Polygon","coordinates":[[[88.346958,22.48105],[88.346958,22.488879],[88.355273,22.488879],[88.355273,22.48105],[88.346958,22.48105]]]},"properties":{"id":"SYN-KOLKATA-001-0132","block":"Kolkata","mouza":"SYNTHETIC_MOUZA_001","plot":"SYN-001-0132","areaSqm":0,"real":false}},{"type":"Feature","geometry":{"type":"Polygon","coordinates":[[[88.346958,22.488879],[88.346958,22.496708],[88.355273,22.496708],[88.355273,22.488879],[88.346958,22.488879]]]},"properties":{"id":"SYN-KOLKATA-001-0133","block":"Kolkata","mouza":"SYNTHETIC_MOUZA_001","plot":"SYN-001-0133","areaSqm":0,"real":false}},{"type":"Feature","geometry":{"type":"Polygon","coordinates":[[[88.346958,22.496708],[88.346958,22.504537],[88.355273,22.504537],[88.355273,22.496708],[88.346958,22.496708]]]},"properties":{"id":"SYN-KOLKATA-001-0134","block":"Kolkata","mouza":"SYNTHETIC_MOUZA_001","plot":"SYN-001-0134","areaSqm":0,"real":false}},{"type":"Feature","geometry":{"type":"Polygon","coordinates":[[[88.346958,22.504537],[88.346958,22.512366],[88.355273,22.512366],[88.355273,22.504537],[88.346958,22.504537]]]},"properties":{"id":"SYN-KOLKATA-001-0135","block":"Kolkata","mouza":"SYNTHETIC_MOUZA_001","plot":"SYN-001-0135","areaSqm":0,"real":false}},{"type":"Feature","geometry":{"type":"Polygon","coordinates":[[[88.346958,22.512366],[88.346958,22.520195],[88.355273,22.520195],[88.355273,22.512366],[88.346958,22.512366]]]},"properties":{"id":"SYN-KOLKATA-001-0136","block":"Kolkata","mouza":"SYNTHETIC_MOUZA_001","plot":"SYN-001-0136","areaSqm":0,"real":false}},{"type":"Feature","geometry":{"type":"Polygon","coordinates":[[[88.346958,22.520195],[88.346958,22.528025],[88.355273,22.528025],[88.355273,22.520195],[88.346958,22.520195]]]},"properties":{"id":"SYN-KOLKATA-001-0137","block":"Kolkata","mouza":"SYNTHETIC_MOUZA_001","plot":"SYN-001-0137","areaSqm":0,"real":false}},{"type":"Feature","geometry":{"type":"Polygon","coordinates":[[[88.346958,22.528025],[88.346958,22.535854],[88.355273,22.535854],[88.355273,22.528025],[88.346958,22.528025]]]},"properties":{"id":"SYN-KOLKATA-001-0138","block":"Kolkata","mouza":"SYNTHETIC_MOUZA_001","plot":"SYN-001-0138","areaSqm":0,"real":false}},{"type":"Feature","geometry":{"type":"Polygon","coordinates":[[[88.346958,22.535854],[88.346958,22.543683],[88.355273,22.543683],[88.355273,22.535854],[88.346958,22.535854]]]},"properties":{"id":"SYN-KOLKATA-001-0139","block":"Kolkata","mouza":"SYNTHETIC_MOUZA_001","plot":"SYN-001-0139","areaSqm":0,"real":false}},{"type":"Feature","geometry":{"type":"Polygon","coordinates":[[[88.346958,22.543683],[88.346958,22.551512],[88.355273,22.551512],[88.355273,22.543683],[88.346958,22.543683]]]},"properties":{"id":"SYN-KOLKATA-001-0140","block":"Kolkata","mouza":"SYNTHETIC_MOUZA_001","plot":"SYN-001-0140","areaSqm":0,"real":false}},{"type":"Feature","geometry":{"type":"Polygon","coordinates":[[[88.346958,22.551512],[88.346958,22.559341],[88.355273,22.559341],[88.355273,22.551512],[88.346958,22.551512]]]},"properties":{"id":"SYN-KOLKATA-001-0141","block":"Kolkata","mouza":"SYNTHETIC_MOUZA_001","plot":"SYN-001-0141","areaSqm":0,"real":false}},{"type":"Feature","geometry":{"type":"Polygon","coordinates":[[[88.346958,22.559341],[88.346958,22.56717],[88.355273,22.56717],[88.355273,22.559341],[88.346958,22.559341]]]},"properties":{"id":"SYN-KOLKATA-001-0142","block":"Kolkata","mouza":"SYNTHETIC_MOUZA_001","plot":"SYN-001-0142","areaSqm":0,"real":false}},{"type":"Feature","geometry":{"type":"Polygon","coordinates":[[[88.346958,22.56717],[88.346958,22.574999],[88.355273,22.574999],[88.355273,22.56717],[88.346958,22.56717]]]},"properties":{"id":"SYN-KOLKATA-001-0143","block":"Kolkata","mouza":"SYNTHETIC_MOUZA_001","plot":"SYN-001-0143","areaSqm":0,"real":false}},{"type":"Feature","geometry":{"type":"Polygon","coordinates":[[[88.346958,22.574999],[88.346958,22.582828],[88.355273,22.582828],[88.355273,22.574999],[88.346958,22.574999]]]},"properties":{"id":"SYN-KOLKATA-001-0144","block":"Kolkata","mouza":"SYNTHETIC_MOUZA_001","plot":"SYN-001-0144","areaSqm":0,"real":false}},{"type":"Feature","geometry":{"type":"Polygon","coordinates":[[[88.346958,22.582828],[88.346958,22.590657],[88.355273,22.590657],[88.355273,22.582828],[88.346958,22.582828]]]},"properties":{"id":"SYN-KOLKATA-001-0145","block":"Kolkata","mouza":"SYNTHETIC_MOUZA_001","plot":"SYN-001-0145","areaSqm":0,"real":false}},{"type":"Feature","geometry":{"type":"Polygon","coordinates":[[[88.349596,22.598487],[88.355273,22.598487],[88.355273,22.590657],[88.346958,22.590657],[88.346958,22.594389],[88.349596,22.598487]]]},"properties":{"id":"SYN-KOLKATA-001-0146","block":"Kolkata","mouza":"SYNTHETIC_MOUZA_001","plot":"SYN-001-0146","areaSqm":0,"real":false}},{"type":"Feature","geometry":{"type":"Polygon","coordinates":[[[88.354636,22.606316],[88.355273,22.606316],[88.355273,22.598487],[88.349596,22.598487],[88.354636,22.606316]]]},"properties":{"id":"SYN-KOLKATA-001-0147","block":"Kolkata","mouza":"SYNTHETIC_MOUZA_001","plot":"SYN-001-0147","areaSqm":0,"real":false}},{"type":"Feature","geometry":{"type":"Polygon","coordinates":[[[88.355273,22.607305],[88.355273,22.606316],[88.354636,22.606316],[88.355273,22.607305]]]},"properties":{"id":"SYN-KOLKATA-001-0148","block":"Kolkata","mouza":"SYNTHETIC_MOUZA_001","plot":"SYN-001-0148","areaSqm":0,"real":false}},{"type":"Feature","geometry":{"type":"Polygon","coordinates":[[[88.355008,22.637269],[88.355273,22.637314],[88.355273,22.636634],[88.355008,22.637269]]]},"properties":{"id":"SYN-KOLKATA-001-0149","block":"Kolkata","mouza":"SYNTHETIC_MOUZA_001","plot":"SYN-001-0149","areaSqm":0,"real":false}},{"type":"Feature","geometry":{"type":"Polygon","coordinates":[[[88.362101,22.454997],[88.355999,22.453246],[88.355273,22.452353],[88.355273,22.457563],[88.363589,22.457563],[88.363589,22.454915],[88.362101,22.454997]]]},"properties":{"id":"SYN-KOLKATA-001-0150","block":"Kolkata","mouza":"SYNTHETIC_MOUZA_001","plot":"SYN-001-0150","areaSqm":0,"real":false}},{"type":"Feature","geometry":{"type":"Polygon","coordinates":[[[88.355273,22.457563],[88.355273,22.465392],[88.363589,22.465392],[88.363589,22.457563],[88.355273,22.457563]]]},"properties":{"id":"SYN-KOLKATA-001-0151","block":"Kolkata","mouza":"SYNTHETIC_MOUZA_001","plot":"SYN-001-0151","areaSqm":0,"real":false}},{"type":"Feature","geometry":{"type":"Polygon","coordinates":[[[88.355273,22.465392],[88.355273,22.473221],[88.363589,22.473221],[88.363589,22.465392],[88.355273,22.465392]]]},"properties":{"id":"SYN-KOLKATA-001-0152","block":"Kolkata","mouza":"SYNTHETIC_MOUZA_001","plot":"SYN-001-0152","areaSqm":0,"real":false}},{"type":"Feature","geometry":{"type":"Polygon","coordinates":[[[88.355273,22.473221],[88.355273,22.48105],[88.363589,22.48105],[88.363589,22.473221],[88.355273,22.473221]]]},"properties":{"id":"SYN-KOLKATA-001-0153","block":"Kolkata","mouza":"SYNTHETIC_MOUZA_001","plot":"SYN-001-0153","areaSqm":0,"real":false}},{"type":"Feature","geometry":{"type":"Polygon","coordinates":[[[88.355273,22.48105],[88.355273,22.488879],[88.363589,22.488879],[88.363589,22.48105],[88.355273,22.48105]]]},"properties":{"id":"SYN-KOLKATA-001-0154","block":"Kolkata","mouza":"SYNTHETIC_MOUZA_001","plot":"SYN-001-0154","areaSqm":0,"real":false}},{"type":"Feature","geometry":{"type":"Polygon","coordinates":[[[88.355273,22.488879],[88.355273,22.496708],[88.363589,22.496708],[88.363589,22.488879],[88.355273,22.488879]]]},"properties":{"id":"SYN-KOLKATA-001-0155","block":"Kolkata","mouza":"SYNTHETIC_MOUZA_001","plot":"SYN-001-0155","areaSqm":0,"real":false}},{"type":"Feature","geometry":{"type":"Polygon","coordinates":[[[88.355273,22.496708],[88.355273,22.504537],[88.363589,22.504537],[88.363589,22.496708],[88.355273,22.496708]]]},"properties":{"id":"SYN-KOLKATA-001-0156","block":"Kolkata","mouza":"SYNTHETIC_MOUZA_001","plot":"SYN-001-0156","areaSqm":0,"real":false}},{"type":"Feature","geometry":{"type":"Polygon","coordinates":[[[88.355273,22.504537],[88.355273,22.512366],[88.363589,22.512366],[88.363589,22.504537],[88.355273,22.504537]]]},"properties":{"id":"SYN-KOLKATA-001-0157","block":"Kolkata","mouza":"SYNTHETIC_MOUZA_001","plot":"SYN-001-0157","areaSqm":0,"real":false}},{"type":"Feature","geometry":{"type":"Polygon","coordinates":[[[88.355273,22.512366],[88.355273,22.520195],[88.363589,22.520195],[88.363589,22.512366],[88.355273,22.512366]]]},"properties":{"id":"SYN-KOLKATA-001-0158","block":"Kolkata","mouza":"SYNTHETIC_MOUZA_001","plot":"SYN-001-0158","areaSqm":0,"real":false}},{"type":"Feature","geometry":{"type":"Polygon","coordinates":[[[88.355273,22.520195],[88.355273,22.528025],[88.363589,22.528025],[88.363589,22.520195],[88.355273,22.520195]]]},"properties":{"id":"SYN-KOLKATA-001-0159","block":"Kolkata","mouza":"SYNTHETIC_MOUZA_001","plot":"SYN-001-0159","areaSqm":0,"real":false}},{"type":"Feature","geometry":{"type":"Polygon","coordinates":[[[88.355273,22.528025],[88.355273,22.535854],[88.363589,22.535854],[88.363589,22.528025],[88.355273,22.528025]]]},"properties":{"id":"SYN-KOLKATA-001-0160","block":"Kolkata","mouza":"SYNTHETIC_MOUZA_001","plot":"SYN-001-0160","areaSqm":0,"real":false}},{"type":"Feature","geometry":{"type":"Polygon","coordinates":[[[88.355273,22.535854],[88.355273,22.543683],[88.363589,22.543683],[88.363589,22.535854],[88.355273,22.535854]]]},"properties":{"id":"SYN-KOLKATA-001-0161","block":"Kolkata","mouza":"SYNTHETIC_MOUZA_001","plot":"SYN-001-0161","areaSqm":0,"real":false}},{"type":"Feature","geometry":{"type":"Polygon","coordinates":[[[88.355273,22.543683],[88.355273,22.551512],[88.363589,22.551512],[88.363589,22.543683],[88.355273,22.543683]]]},"properties":{"id":"SYN-KOLKATA-001-0162","block":"Kolkata","mouza":"SYNTHETIC_MOUZA_001","plot":"SYN-001-0162","areaSqm":0,"real":false}},{"type":"Feature","geometry":{"type":"Polygon","coordinates":[[[88.355273,22.551512],[88.355273,22.559341],[88.363589,22.559341],[88.363589,22.551512],[88.355273,22.551512]]]},"properties":{"id":"SYN-KOLKATA-001-0163","block":"Kolkata","mouza":"SYNTHETIC_MOUZA_001","plot":"SYN-001-0163","areaSqm":0,"real":false}},{"type":"Feature","geometry":{"type":"Polygon","coordinates":[[[88.355273,22.559341],[88.355273,22.56717],[88.363589,22.56717],[88.363589,22.559341],[88.355273,22.559341]]]},"properties":{"id":"SYN-KOLKATA-001-0164","block":"Kolkata","mouza":"SYNTHETIC_MOUZA_001","plot":"SYN-001-0164","areaSqm":0,"real":false}},{"type":"Feature","geometry":{"type":"Polygon","coordinates":[[[88.355273,22.56717],[88.355273,22.574999],[88.363589,22.574999],[88.363589,22.56717],[88.355273,22.56717]]]},"properties":{"id":"SYN-KOLKATA-001-0165","block":"Kolkata","mouza":"SYNTHETIC_MOUZA_001","plot":"SYN-001-0165","areaSqm":0,"real":false}},{"type":"Feature","geometry":{"type":"Polygon","coordinates":[[[88.355273,22.574999],[88.355273,22.582828],[88.363589,22.582828],[88.363589,22.574999],[88.355273,22.574999]]]},"properties":{"id":"SYN-KOLKATA-001-0166","block":"Kolkata","mouza":"SYNTHETIC_MOUZA_001","plot":"SYN-001-0166","areaSqm":0,"real":false}},{"type":"Feature","geometry":{"type":"Polygon","coordinates":[[[88.355273,22.582828],[88.355273,22.590657],[88.363589,22.590657],[88.363589,22.582828],[88.355273,22.582828]]]},"properties":{"id":"SYN-KOLKATA-001-0167","block":"Kolkata","mouza":"SYNTHETIC_MOUZA_001","plot":"SYN-001-0167","areaSqm":0,"real":false}},{"type":"Feature","geometry":{"type":"Polygon","coordinates":[[[88.355273,22.590657],[88.355273,22.598487],[88.363589,22.598487],[88.363589,22.590657],[88.355273,22.590657]]]},"properties":{"id":"SYN-KOLKATA-001-0168","block":"Kolkata","mouza":"SYNTHETIC_MOUZA_001","plot":"SYN-001-0168","areaSqm":0,"real":false}},{"type":"Feature","geometry":{"type":"Polygon","coordinates":[[[88.355273,22.598487],[88.355273,22.606316],[88.363589,22.606316],[88.363589,22.598487],[88.355273,22.598487]]]},"properties":{"id":"SYN-KOLKATA-001-0169","block":"Kolkata","mouza":"SYNTHETIC_MOUZA_001","plot":"SYN-001-0169","areaSqm":0,"real":false}},{"type":"Feature","geometry":{"type":"Polygon","coordinates":[[[88.358748,22.612703],[88.359135,22.614145],[88.363589,22.614145],[88.363589,22.606316],[88.355273,22.606316],[88.355273,22.607305],[88.358748,22.612703]]]},"properties":{"id":"SYN-KOLKATA-001-0170","block":"Kolkata","mouza":"SYNTHETIC_MOUZA_001","plot":"SYN-001-0170","areaSqm":0,"real":false}},{"type":"Feature","geometry":{"type":"Polygon","coordinates":[[[88.361235,22.621974],[88.363589,22.621974],[88.363589,22.614145],[88.359135,22.614145],[88.361235,22.621974]]]},"properties":{"id":"SYN-KOLKATA-001-0171","block":"Kolkata","mouza":"SYNTHETIC_MOUZA_001","plot":"SYN-001-0171","areaSqm":0,"real":false}},{"type":"Feature","geometry":{"type":"Polygon","coordinates":[[[88.361296,22.622204],[88.358125,22.629803],[88.363589,22.629803],[88.363589,22.621974],[88.361235,22.621974],[88.361296,22.622204]]]},"properties":{"id":"SYN-KOLKATA-001-0172","block":"Kolkata","mouza":"SYNTHETIC_MOUZA_001","plot":"SYN-001-0172","areaSqm":0,"real":false}},{"type":"Feature","geometry":{"type":"Polygon","coordinates":[[[88.363205,22.633158],[88.363589,22.633122],[88.363589,22.629803],[88.358125,22.629803],[88.355273,22.636634],[88.355273,22.637314],[88.357147,22.637632],[88.363205,22.633158]]]},"properties":{"id":"SYN-KOLKATA-001-0173","block":"Kolkata","mouza":"SYNTHETIC_MOUZA_001","plot":"SYN-001-0173","areaSqm":0,"real":false}},{"type":"Feature","geometry":{"type":"Polygon","coordinates":[[[88.363589,22.454915],[88.363589,22.457563],[88.371904,22.457563],[88.371904,22.454461],[88.363589,22.454915]]]},"properties":{"id":"SYN-KOLKATA-001-0174","block":"Kolkata","mouza":"SYNTHETIC_MOUZA_001","plot":"SYN-001-0174","areaSqm":0,"real":false}},{"type":"Feature","geometry":{"type":"Polygon","coordinates":[[[88.363589,22.457563],[88.363589,22.465392],[88.371904,22.465392],[88.371904,22.457563],[88.363589,22.457563]]]},"properties":{"id":"SYN-KOLKATA-001-0175","block":"Kolkata","mouza":"SYNTHETIC_MOUZA_001","plot":"SYN-001-0175","areaSqm":0,"real":false}},{"type":"Feature","geometry":{"type":"Polygon","coordinates":[[[88.363589,22.465392],[88.363589,22.473221],[88.371904,22.473221],[88.371904,22.465392],[88.363589,22.465392]]]},"properties":{"id":"SYN-KOLKATA-001-0176","block":"Kolkata","mouza":"SYNTHETIC_MOUZA_001","plot":"SYN-001-0176","areaSqm":0,"real":false}},{"type":"Feature","geometry":{"type":"Polygon","coordinates":[[[88.363589,22.473221],[88.363589,22.48105],[88.371904,22.48105],[88.371904,22.473221],[88.363589,22.473221]]]},"properties":{"id":"SYN-KOLKATA-001-0177","block":"Kolkata","mouza":"SYNTHETIC_MOUZA_001","plot":"SYN-001-0177","areaSqm":0,"real":false}},{"type":"Feature","geometry":{"type":"Polygon","coordinates":[[[88.363589,22.48105],[88.363589,22.488879],[88.371904,22.488879],[88.371904,22.48105],[88.363589,22.48105]]]},"properties":{"id":"SYN-KOLKATA-001-0178","block":"Kolkata","mouza":"SYNTHETIC_MOUZA_001","plot":"SYN-001-0178","areaSqm":0,"real":false}},{"type":"Feature","geometry":{"type":"Polygon","coordinates":[[[88.363589,22.488879],[88.363589,22.496708],[88.371904,22.496708],[88.371904,22.488879],[88.363589,22.488879]]]},"properties":{"id":"SYN-KOLKATA-001-0179","block":"Kolkata","mouza":"SYNTHETIC_MOUZA_001","plot":"SYN-001-0179","areaSqm":0,"real":false}},{"type":"Feature","geometry":{"type":"Polygon","coordinates":[[[88.363589,22.496708],[88.363589,22.504537],[88.371904,22.504537],[88.371904,22.496708],[88.363589,22.496708]]]},"properties":{"id":"SYN-KOLKATA-001-0180","block":"Kolkata","mouza":"SYNTHETIC_MOUZA_001","plot":"SYN-001-0180","areaSqm":0,"real":false}},{"type":"Feature","geometry":{"type":"Polygon","coordinates":[[[88.363589,22.504537],[88.363589,22.512366],[88.371904,22.512366],[88.371904,22.504537],[88.363589,22.504537]]]},"properties":{"id":"SYN-KOLKATA-001-0181","block":"Kolkata","mouza":"SYNTHETIC_MOUZA_001","plot":"SYN-001-0181","areaSqm":0,"real":false}},{"type":"Feature","geometry":{"type":"Polygon","coordinates":[[[88.363589,22.512366],[88.363589,22.520195],[88.371904,22.520195],[88.371904,22.512366],[88.363589,22.512366]]]},"properties":{"id":"SYN-KOLKATA-001-0182","block":"Kolkata","mouza":"SYNTHETIC_MOUZA_001","plot":"SYN-001-0182","areaSqm":0,"real":false}},{"type":"Feature","geometry":{"type":"Polygon","coordinates":[[[88.363589,22.520195],[88.363589,22.528025],[88.371904,22.528025],[88.371904,22.520195],[88.363589,22.520195]]]},"properties":{"id":"SYN-KOLKATA-001-0183","block":"Kolkata","mouza":"SYNTHETIC_MOUZA_001","plot":"SYN-001-0183","areaSqm":0,"real":false}},{"type":"Feature","geometry":{"type":"Polygon","coordinates":[[[88.363589,22.528025],[88.363589,22.535854],[88.371904,22.535854],[88.371904,22.528025],[88.363589,22.528025]]]},"properties":{"id":"SYN-KOLKATA-001-0184","block":"Kolkata","mouza":"SYNTHETIC_MOUZA_001","plot":"SYN-001-0184","areaSqm":0,"real":false}},{"type":"Feature","geometry":{"type":"Polygon","coordinates":[[[88.363589,22.535854],[88.363589,22.543683],[88.371904,22.543683],[88.371904,22.535854],[88.363589,22.535854]]]},"properties":{"id":"SYN-KOLKATA-001-0185","block":"Kolkata","mouza":"SYNTHETIC_MOUZA_001","plot":"SYN-001-0185","areaSqm":0,"real":false}},{"type":"Feature","geometry":{"type":"Polygon","coordinates":[[[88.363589,22.543683],[88.363589,22.551512],[88.371904,22.551512],[88.371904,22.543683],[88.363589,22.543683]]]},"properties":{"id":"SYN-KOLKATA-001-0186","block":"Kolkata","mouza":"SYNTHETIC_MOUZA_001","plot":"SYN-001-0186","areaSqm":0,"real":false}},{"type":"Feature","geometry":{"type":"Polygon","coordinates":[[[88.363589,22.551512],[88.363589,22.559341],[88.371904,22.559341],[88.371904,22.551512],[88.363589,22.551512]]]},"properties":{"id":"SYN-KOLKATA-001-0187","block":"Kolkata","mouza":"SYNTHETIC_MOUZA_001","plot":"SYN-001-0187","areaSqm":0,"real":false}},{"type":"Feature","geometry":{"type":"Polygon","coordinates":[[[88.363589,22.559341],[88.363589,22.56717],[88.371904,22.56717],[88.371904,22.559341],[88.363589,22.559341]]]},"properties":{"id":"SYN-KOLKATA-001-0188","block":"Kolkata","mouza":"SYNTHETIC_MOUZA_001","plot":"SYN-001-0188","areaSqm":0,"real":false}},{"type":"Feature","geometry":{"type":"Polygon","coordinates":[[[88.363589,22.56717],[88.363589,22.574999],[88.371904,22.574999],[88.371904,22.56717],[88.363589,22.56717]]]},"properties":{"id":"SYN-KOLKATA-001-0189","block":"Kolkata","mouza":"SYNTHETIC_MOUZA_001","plot":"SYN-001-0189","areaSqm":0,"real":false}},{"type":"Feature","geometry":{"type":"Polygon","coordinates":[[[88.363589,22.574999],[88.363589,22.582828],[88.371904,22.582828],[88.371904,22.574999],[88.363589,22.574999]]]},"properties":{"id":"SYN-KOLKATA-001-0190","block":"Kolkata","mouza":"SYNTHETIC_MOUZA_001","plot":"SYN-001-0190","areaSqm":0,"real":false}},{"type":"Feature","geometry":{"type":"Polygon","coordinates":[[[88.363589,22.582828],[88.363589,22.590657],[88.371904,22.590657],[88.371904,22.582828],[88.363589,22.582828]]]},"properties":{"id":"SYN-KOLKATA-001-0191","block":"Kolkata","mouza":"SYNTHETIC_MOUZA_001","plot":"SYN-001-0191","areaSqm":0,"real":false}},{"type":"Feature","geometry":{"type":"Polygon","coordinates":[[[88.363589,22.590657],[88.363589,22.598487],[88.371904,22.598487],[88.371904,22.590657],[88.363589,22.590657]]]},"properties":{"id":"SYN-KOLKATA-001-0192","block":"Kolkata","mouza":"SYNTHETIC_MOUZA_001","plot":"SYN-001-0192","areaSqm":0,"real":false}},{"type":"Feature","geometry":{"type":"Polygon","coordinates":[[[88.363589,22.598487],[88.363589,22.606316],[88.371904,22.606316],[88.371904,22.598487],[88.363589,22.598487]]]},"properties":{"id":"SYN-KOLKATA-001-0193","block":"Kolkata","mouza":"SYNTHETIC_MOUZA_001","plot":"SYN-001-0193","areaSqm":0,"real":false}},{"type":"Feature","geometry":{"type":"Polygon","coordinates":[[[88.363589,22.606316],[88.363589,22.614145],[88.371904,22.614145],[88.371904,22.606316],[88.363589,22.606316]]]},"properties":{"id":"SYN-KOLKATA-001-0194","block":"Kolkata","mouza":"SYNTHETIC_MOUZA_001","plot":"SYN-001-0194","areaSqm":0,"real":false}},{"type":"Feature","geometry":{"type":"Polygon","coordinates":[[[88.363589,22.614145],[88.363589,22.621974],[88.371904,22.621974],[88.371904,22.614145],[88.363589,22.614145]]]},"properties":{"id":"SYN-KOLKATA-001-0195","block":"Kolkata","mouza":"SYNTHETIC_MOUZA_001","plot":"SYN-001-0195","areaSqm":0,"real":false}},{"type":"Feature","geometry":{"type":"Polygon","coordinates":[[[88.363589,22.621974],[88.363589,22.629803],[88.371904,22.629803],[88.371904,22.621974],[88.363589,22.621974]]]},"properties":{"id":"SYN-KOLKATA-001-0196","block":"Kolkata","mouza":"SYNTHETIC_MOUZA_001","plot":"SYN-001-0196","areaSqm":0,"real":false}},{"type":"Feature","geometry":{"type":"Polygon","coordinates":[[[88.371904,22.632336],[88.371904,22.629803],[88.363589,22.629803],[88.363589,22.633122],[88.371904,22.632336]]]},"properties":{"id":"SYN-KOLKATA-001-0197","block":"Kolkata","mouza":"SYNTHETIC_MOUZA_001","plot":"SYN-001-0197","areaSqm":0,"real":false}},{"type":"Feature","geometry":{"type":"Polygon","coordinates":[[[88.377829,22.454137],[88.371904,22.454461],[88.371904,22.457563],[88.38022,22.457563],[88.38022,22.454564],[88.377829,22.454137]]]},"properties":{"id":"SYN-KOLKATA-001-0198","block":"Kolkata","mouza":"SYNTHETIC_MOUZA_001","plot":"SYN-001-0198","areaSqm":0,"real":false}},{"type":"Feature","geometry":{"type":"Polygon","coordinates":[[[88.371904,22.457563],[88.371904,22.465392],[88.38022,22.465392],[88.38022,22.457563],[88.371904,22.457563]]]},"properties":{"id":"SYN-KOLKATA-001-0199","block":"Kolkata","mouza":"SYNTHETIC_MOUZA_001","plot":"SYN-001-0199","areaSqm":0,"real":false}},{"type":"Feature","geometry":{"type":"Polygon","coordinates":[[[88.371904,22.465392],[88.371904,22.473221],[88.38022,22.473221],[88.38022,22.465392],[88.371904,22.465392]]]},"properties":{"id":"SYN-KOLKATA-001-0200","block":"Kolkata","mouza":"SYNTHETIC_MOUZA_001","plot":"SYN-001-0200","areaSqm":0,"real":false}},{"type":"Feature","geometry":{"type":"Polygon","coordinates":[[[88.371904,22.473221],[88.371904,22.48105],[88.38022,22.48105],[88.38022,22.473221],[88.371904,22.473221]]]},"properties":{"id":"SYN-KOLKATA-001-0201","block":"Kolkata","mouza":"SYNTHETIC_MOUZA_001","plot":"SYN-001-0201","areaSqm":0,"real":false}},{"type":"Feature","geometry":{"type":"Polygon","coordinates":[[[88.371904,22.48105],[88.371904,22.488879],[88.38022,22.488879],[88.38022,22.48105],[88.371904,22.48105]]]},"properties":{"id":"SYN-KOLKATA-001-0202","block":"Kolkata","mouza":"SYNTHETIC_MOUZA_001","plot":"SYN-001-0202","areaSqm":0,"real":false}},{"type":"Feature","geometry":{"type":"Polygon","coordinates":[[[88.371904,22.488879],[88.371904,22.496708],[88.38022,22.496708],[88.38022,22.488879],[88.371904,22.488879]]]},"properties":{"id":"SYN-KOLKATA-001-0203","block":"Kolkata","mouza":"SYNTHETIC_MOUZA_001","plot":"SYN-001-0203","areaSqm":0,"real":false}},{"type":"Feature","geometry":{"type":"Polygon","coordinates":[[[88.371904,22.496708],[88.371904,22.504537],[88.38022,22.504537],[88.38022,22.496708],[88.371904,22.496708]]]},"properties":{"id":"SYN-KOLKATA-001-0204","block":"Kolkata","mouza":"SYNTHETIC_MOUZA_001","plot":"SYN-001-0204","areaSqm":0,"real":false}},{"type":"Feature","geometry":{"type":"Polygon","coordinates":[[[88.371904,22.504537],[88.371904,22.512366],[88.38022,22.512366],[88.38022,22.504537],[88.371904,22.504537]]]},"properties":{"id":"SYN-KOLKATA-001-0205","block":"Kolkata","mouza":"SYNTHETIC_MOUZA_001","plot":"SYN-001-0205","areaSqm":0,"real":false}},{"type":"Feature","geometry":{"type":"Polygon","coordinates":[[[88.371904,22.512366],[88.371904,22.520195],[88.38022,22.520195],[88.38022,22.512366],[88.371904,22.512366]]]},"properties":{"id":"SYN-KOLKATA-001-0206","block":"Kolkata","mouza":"SYNTHETIC_MOUZA_001","plot":"SYN-001-0206","areaSqm":0,"real":false}},{"type":"Feature","geometry":{"type":"Polygon","coordinates":[[[88.371904,22.520195],[88.371904,22.528025],[88.38022,22.528025],[88.38022,22.520195],[88.371904,22.520195]]]},"properties":{"id":"SYN-KOLKATA-001-0207","block":"Kolkata","mouza":"SYNTHETIC_MOUZA_001","plot":"SYN-001-0207","areaSqm":0,"real":false}},{"type":"Feature","geometry":{"type":"Polygon","coordinates":[[[88.371904,22.528025],[88.371904,22.535854],[88.38022,22.535854],[88.38022,22.528025],[88.371904,22.528025]]]},"properties":{"id":"SYN-KOLKATA-001-0208","block":"Kolkata","mouza":"SYNTHETIC_MOUZA_001","plot":"SYN-001-0208","areaSqm":0,"real":false}},{"type":"Feature","geometry":{"type":"Polygon","coordinates":[[[88.371904,22.535854],[88.371904,22.543683],[88.38022,22.543683],[88.38022,22.535854],[88.371904,22.535854]]]},"properties":{"id":"SYN-KOLKATA-001-0209","block":"Kolkata","mouza":"SYNTHETIC_MOUZA_001","plot":"SYN-001-0209","areaSqm":0,"real":false}},{"type":"Feature","geometry":{"type":"Polygon","coordinates":[[[88.371904,22.543683],[88.371904,22.551512],[88.38022,22.551512],[88.38022,22.543683],[88.371904,22.543683]]]},"properties":{"id":"SYN-KOLKATA-001-0210","block":"Kolkata","mouza":"SYNTHETIC_MOUZA_001","plot":"SYN-001-0210","areaSqm":0,"real":false}},{"type":"Feature","geometry":{"type":"Polygon","coordinates":[[[88.371904,22.551512],[88.371904,22.559341],[88.38022,22.559341],[88.38022,22.551512],[88.371904,22.551512]]]},"properties":{"id":"SYN-KOLKATA-001-0211","block":"Kolkata","mouza":"SYNTHETIC_MOUZA_001","plot":"SYN-001-0211","areaSqm":0,"real":false}},{"type":"Feature","geometry":{"type":"Polygon","coordinates":[[[88.371904,22.559341],[88.371904,22.56717],[88.38022,22.56717],[88.38022,22.559341],[88.371904,22.559341]]]},"properties":{"id":"SYN-KOLKATA-001-0212","block":"Kolkata","mouza":"SYNTHETIC_MOUZA_001","plot":"SYN-001-0212","areaSqm":0,"real":false}},{"type":"Feature","geometry":{"type":"Polygon","coordinates":[[[88.371904,22.56717],[88.371904,22.574999],[88.38022,22.574999],[88.38022,22.56717],[88.371904,22.56717]]]},"properties":{"id":"SYN-KOLKATA-001-0213","block":"Kolkata","mouza":"SYNTHETIC_MOUZA_001","plot":"SYN-001-0213","areaSqm":0,"real":false}},{"type":"Feature","geometry":{"type":"Polygon","coordinates":[[[88.371904,22.574999],[88.371904,22.582828],[88.38022,22.582828],[88.38022,22.574999],[88.371904,22.574999]]]},"properties":{"id":"SYN-KOLKATA-001-0214","block":"Kolkata","mouza":"SYNTHETIC_MOUZA_001","plot":"SYN-001-0214","areaSqm":0,"real":false}},{"type":"Feature","geometry":{"type":"Polygon","coordinates":[[[88.371904,22.582828],[88.371904,22.590657],[88.38022,22.590657],[88.38022,22.582828],[88.371904,22.582828]]]},"properties":{"id":"SYN-KOLKATA-001-0215","block":"Kolkata","mouza":"SYNTHETIC_MOUZA_001","plot":"SYN-001-0215","areaSqm":0,"real":false}},{"type":"Feature","geometry":{"type":"Polygon","coordinates":[[[88.371904,22.590657],[88.371904,22.598487],[88.38022,22.598487],[88.38022,22.590657],[88.371904,22.590657]]]},"properties":{"id":"SYN-KOLKATA-001-0216","block":"Kolkata","mouza":"SYNTHETIC_MOUZA_001","plot":"SYN-001-0216","areaSqm":0,"real":false}},{"type":"Feature","geometry":{"type":"Polygon","coordinates":[[[88.371904,22.598487],[88.371904,22.606316],[88.38022,22.606316],[88.38022,22.598487],[88.371904,22.598487]]]},"properties":{"id":"SYN-KOLKATA-001-0217","block":"Kolkata","mouza":"SYNTHETIC_MOUZA_001","plot":"SYN-001-0217","areaSqm":0,"real":false}},{"type":"Feature","geometry":{"type":"Polygon","coordinates":[[[88.371904,22.606316],[88.371904,22.614145],[88.38022,22.614145],[88.38022,22.606316],[88.371904,22.606316]]]},"properties":{"id":"SYN-KOLKATA-001-0218","block":"Kolkata","mouza":"SYNTHETIC_MOUZA_001","plot":"SYN-001-0218","areaSqm":0,"real":false}},{"type":"Feature","geometry":{"type":"Polygon","coordinates":[[[88.371904,22.614145],[88.371904,22.621974],[88.38022,22.621974],[88.38022,22.614145],[88.371904,22.614145]]]},"properties":{"id":"SYN-KOLKATA-001-0219","block":"Kolkata","mouza":"SYNTHETIC_MOUZA_001","plot":"SYN-001-0219","areaSqm":0,"real":false}},{"type":"Feature","geometry":{"type":"Polygon","coordinates":[[[88.371904,22.621974],[88.371904,22.629803],[88.38022,22.629803],[88.38022,22.621974],[88.371904,22.621974]]]},"properties":{"id":"SYN-KOLKATA-001-0220","block":"Kolkata","mouza":"SYNTHETIC_MOUZA_001","plot":"SYN-001-0220","areaSqm":0,"real":false}},{"type":"Feature","geometry":{"type":"Polygon","coordinates":[[[88.38022,22.63155],[88.38022,22.629803],[88.371904,22.629803],[88.371904,22.632336],[88.38022,22.63155]]]},"properties":{"id":"SYN-KOLKATA-001-0221","block":"Kolkata","mouza":"SYNTHETIC_MOUZA_001","plot":"SYN-001-0221","areaSqm":0,"real":false}},{"type":"Feature","geometry":{"type":"Polygon","coordinates":[[[88.38022,22.454564],[88.38022,22.457563],[88.388535,22.457563],[88.388535,22.45605],[88.38022,22.454564]]]},"properties":{"id":"SYN-KOLKATA-001-0222","block":"Kolkata","mouza":"SYNTHETIC_MOUZA_001","plot":"SYN-001-0222","areaSqm":0,"real":false}},{"type":"Feature","geometry":{"type":"Polygon","coordinates":[[[88.38022,22.457563],[88.38022,22.465392],[88.388535,22.465392],[88.388535,22.457563],[88.38022,22.457563]]]},"properties":{"id":"SYN-KOLKATA-001-0223","block":"Kolkata","mouza":"SYNTHETIC_MOUZA_001","plot":"SYN-001-0223","areaSqm":0,"real":false}},{"type":"Feature","geometry":{"type":"Polygon","coordinates":[[[88.38022,22.465392],[88.38022,22.473221],[88.388535,22.473221],[88.388535,22.465392],[88.38022,22.465392]]]},"properties":{"id":"SYN-KOLKATA-001-0224","block":"Kolkata","mouza":"SYNTHETIC_MOUZA_001","plot":"SYN-001-0224","areaSqm":0,"real":false}},{"type":"Feature","geometry":{"type":"Polygon","coordinates":[[[88.38022,22.473221],[88.38022,22.48105],[88.388535,22.48105],[88.388535,22.473221],[88.38022,22.473221]]]},"properties":{"id":"SYN-KOLKATA-001-0225","block":"Kolkata","mouza":"SYNTHETIC_MOUZA_001","plot":"SYN-001-0225","areaSqm":0,"real":false}},{"type":"Feature","geometry":{"type":"Polygon","coordinates":[[[88.38022,22.48105],[88.38022,22.488879],[88.388535,22.488879],[88.388535,22.48105],[88.38022,22.48105]]]},"properties":{"id":"SYN-KOLKATA-001-0226","block":"Kolkata","mouza":"SYNTHETIC_MOUZA_001","plot":"SYN-001-0226","areaSqm":0,"real":false}},{"type":"Feature","geometry":{"type":"Polygon","coordinates":[[[88.38022,22.488879],[88.38022,22.496708],[88.388535,22.496708],[88.388535,22.488879],[88.38022,22.488879]]]},"properties":{"id":"SYN-KOLKATA-001-0227","block":"Kolkata","mouza":"SYNTHETIC_MOUZA_001","plot":"SYN-001-0227","areaSqm":0,"real":false}},{"type":"Feature","geometry":{"type":"Polygon","coordinates":[[[88.38022,22.496708],[88.38022,22.504537],[88.388535,22.504537],[88.388535,22.496708],[88.38022,22.496708]]]},"properties":{"id":"SYN-KOLKATA-001-0228","block":"Kolkata","mouza":"SYNTHETIC_MOUZA_001","plot":"SYN-001-0228","areaSqm":0,"real":false}},{"type":"Feature","geometry":{"type":"Polygon","coordinates":[[[88.38022,22.504537],[88.38022,22.512366],[88.388535,22.512366],[88.388535,22.504537],[88.38022,22.504537]]]},"properties":{"id":"SYN-KOLKATA-001-0229","block":"Kolkata","mouza":"SYNTHETIC_MOUZA_001","plot":"SYN-001-0229","areaSqm":0,"real":false}},{"type":"Feature","geometry":{"type":"Polygon","coordinates":[[[88.38022,22.512366],[88.38022,22.520195],[88.388535,22.520195],[88.388535,22.512366],[88.38022,22.512366]]]},"properties":{"id":"SYN-KOLKATA-001-0230","block":"Kolkata","mouza":"SYNTHETIC_MOUZA_001","plot":"SYN-001-0230","areaSqm":0,"real":false}},{"type":"Feature","geometry":{"type":"Polygon","coordinates":[[[88.38022,22.520195],[88.38022,22.528025],[88.388535,22.528025],[88.388535,22.520195],[88.38022,22.520195]]]},"properties":{"id":"SYN-KOLKATA-001-0231","block":"Kolkata","mouza":"SYNTHETIC_MOUZA_001","plot":"SYN-001-0231","areaSqm":0,"real":false}},{"type":"Feature","geometry":{"type":"Polygon","coordinates":[[[88.38022,22.528025],[88.38022,22.535854],[88.388535,22.535854],[88.388535,22.528025],[88.38022,22.528025]]]},"properties":{"id":"SYN-KOLKATA-001-0232","block":"Kolkata","mouza":"SYNTHETIC_MOUZA_001","plot":"SYN-001-0232","areaSqm":0,"real":false}},{"type":"Feature","geometry":{"type":"Polygon","coordinates":[[[88.38022,22.535854],[88.38022,22.543683],[88.388535,22.543683],[88.388535,22.535854],[88.38022,22.535854]]]},"properties":{"id":"SYN-KOLKATA-001-0233","block":"Kolkata","mouza":"SYNTHETIC_MOUZA_001","plot":"SYN-001-0233","areaSqm":0,"real":false}},{"type":"Feature","geometry":{"type":"Polygon","coordinates":[[[88.38022,22.543683],[88.38022,22.551512],[88.388535,22.551512],[88.388535,22.543683],[88.38022,22.543683]]]},"properties":{"id":"SYN-KOLKATA-001-0234","block":"Kolkata","mouza":"SYNTHETIC_MOUZA_001","plot":"SYN-001-0234","areaSqm":0,"real":false}},{"type":"Feature","geometry":{"type":"Polygon","coordinates":[[[88.38022,22.551512],[88.38022,22.559341],[88.388535,22.559341],[88.388535,22.551512],[88.38022,22.551512]]]},"properties":{"id":"SYN-KOLKATA-001-0235","block":"Kolkata","mouza":"SYNTHETIC_MOUZA_001","plot":"SYN-001-0235","areaSqm":0,"real":false}},{"type":"Feature","geometry":{"type":"Polygon","coordinates":[[[88.38022,22.559341],[88.38022,22.56717],[88.388535,22.56717],[88.388535,22.559341],[88.38022,22.559341]]]},"properties":{"id":"SYN-KOLKATA-001-0236","block":"Kolkata","mouza":"SYNTHETIC_MOUZA_001","plot":"SYN-001-0236","areaSqm":0,"real":false}},{"type":"Feature","geometry":{"type":"Polygon","coordinates":[[[88.38022,22.56717],[88.38022,22.574999],[88.388535,22.574999],[88.388535,22.56717],[88.38022,22.56717]]]},"properties":{"id":"SYN-KOLKATA-001-0237","block":"Kolkata","mouza":"SYNTHETIC_MOUZA_001","plot":"SYN-001-0237","areaSqm":0,"real":false}},{"type":"Feature","geometry":{"type":"Polygon","coordinates":[[[88.38022,22.574999],[88.38022,22.582828],[88.388535,22.582828],[88.388535,22.574999],[88.38022,22.574999]]]},"properties":{"id":"SYN-KOLKATA-001-0238","block":"Kolkata","mouza":"SYNTHETIC_MOUZA_001","plot":"SYN-001-0238","areaSqm":0,"real":false}},{"type":"Feature","geometry":{"type":"Polygon","coordinates":[[[88.38022,22.582828],[88.38022,22.590657],[88.388535,22.590657],[88.388535,22.582828],[88.38022,22.582828]]]},"properties":{"id":"SYN-KOLKATA-001-0239","block":"Kolkata","mouza":"SYNTHETIC_MOUZA_001","plot":"SYN-001-0239","areaSqm":0,"real":false}},{"type":"Feature","geometry":{"type":"Polygon","coordinates":[[[88.38022,22.590657],[88.38022,22.598487],[88.388535,22.598487],[88.388535,22.590657],[88.38022,22.590657]]]},"properties":{"id":"SYN-KOLKATA-001-0240","block":"Kolkata","mouza":"SYNTHETIC_MOUZA_001","plot":"SYN-001-0240","areaSqm":0,"real":false}},{"type":"Feature","geometry":{"type":"Polygon","coordinates":[[[88.38022,22.598487],[88.38022,22.606316],[88.388535,22.606316],[88.388535,22.598487],[88.38022,22.598487]]]},"properties":{"id":"SYN-KOLKATA-001-0241","block":"Kolkata","mouza":"SYNTHETIC_MOUZA_001","plot":"SYN-001-0241","areaSqm":0,"real":false}},{"type":"Feature","geometry":{"type":"Polygon","coordinates":[[[88.38022,22.606316],[88.38022,22.614145],[88.388535,22.614145],[88.388535,22.606316],[88.38022,22.606316]]]},"properties":{"id":"SYN-KOLKATA-001-0242","block":"Kolkata","mouza":"SYNTHETIC_MOUZA_001","plot":"SYN-001-0242","areaSqm":0,"real":false}},{"type":"Feature","geometry":{"type":"Polygon","coordinates":[[[88.38022,22.614145],[88.38022,22.621974],[88.388535,22.621974],[88.388535,22.614145],[88.38022,22.614145]]]},"properties":{"id":"SYN-KOLKATA-001-0243","block":"Kolkata","mouza":"SYNTHETIC_MOUZA_001","plot":"SYN-001-0243","areaSqm":0,"real":false}},{"type":"Feature","geometry":{"type":"Polygon","coordinates":[[[88.38022,22.621974],[88.38022,22.629803],[88.388535,22.629803],[88.388535,22.621974],[88.38022,22.621974]]]},"properties":{"id":"SYN-KOLKATA-001-0244","block":"Kolkata","mouza":"SYNTHETIC_MOUZA_001","plot":"SYN-001-0244","areaSqm":0,"real":false}},{"type":"Feature","geometry":{"type":"Polygon","coordinates":[[[88.384087,22.631184],[88.388535,22.630399],[88.388535,22.629803],[88.38022,22.629803],[88.38022,22.63155],[88.384087,22.631184]]]},"properties":{"id":"SYN-KOLKATA-001-0245","block":"Kolkata","mouza":"SYNTHETIC_MOUZA_001","plot":"SYN-001-0245","areaSqm":0,"real":false}},{"type":"Feature","geometry":{"type":"Polygon","coordinates":[[[88.388861,22.456108],[88.388535,22.45605],[88.388535,22.457563],[88.391465,22.457563],[88.388861,22.456108]]]},"properties":{"id":"SYN-KOLKATA-001-0246","block":"Kolkata","mouza":"SYNTHETIC_MOUZA_001","plot":"SYN-001-0246","areaSqm":0,"real":false}},{"type":"Feature","geometry":{"type":"Polygon","coordinates":[[[88.3959,22.46004],[88.391465,22.457563],[88.388535,22.457563],[88.388535,22.465392],[88.39685,22.465392],[88.39685,22.461467],[88.3959,22.46004]]]},"properties":{"id":"SYN-KOLKATA-001-0247","block":"Kolkata","mouza":"SYNTHETIC_MOUZA_001","plot":"SYN-001-0247","areaSqm":0,"real":false}},{"type":"Feature","geometry":{"type":"Polygon","coordinates":[[[88.388535,22.465392],[88.388535,22.473221],[88.39685,22.473221],[88.39685,22.465392],[88.388535,22.465392]]]},"properties":{"id":"SYN-KOLKATA-001-0248","block":"Kolkata","mouza":"SYNTHETIC_MOUZA_001","plot":"SYN-001-0248","areaSqm":0,"real":false}},{"type":"Feature","geometry":{"type":"Polygon","coordinates":[[[88.388535,22.473221],[88.388535,22.48105],[88.39685,22.48105],[88.39685,22.473221],[88.388535,22.473221]]]},"properties":{"id":"SYN-KOLKATA-001-0249","block":"Kolkata","mouza":"SYNTHETIC_MOUZA_001","plot":"SYN-001-0249","areaSqm":0,"real":false}},{"type":"Feature","geometry":{"type":"Polygon","coordinates":[[[88.388535,22.48105],[88.388535,22.488879],[88.39685,22.488879],[88.39685,22.48105],[88.388535,22.48105]]]},"properties":{"id":"SYN-KOLKATA-001-0250","block":"Kolkata","mouza":"SYNTHETIC_MOUZA_001","plot":"SYN-001-0250","areaSqm":0,"real":false}},{"type":"Feature","geometry":{"type":"Polygon","coordinates":[[[88.388535,22.488879],[88.388535,22.496708],[88.39685,22.496708],[88.39685,22.488879],[88.388535,22.488879]]]},"properties":{"id":"SYN-KOLKATA-001-0251","block":"Kolkata","mouza":"SYNTHETIC_MOUZA_001","plot":"SYN-001-0251","areaSqm":0,"real":false}},{"type":"Feature","geometry":{"type":"Polygon","coordinates":[[[88.388535,22.496708],[88.388535,22.504537],[88.39685,22.504537],[88.39685,22.496708],[88.388535,22.496708]]]},"properties":{"id":"SYN-KOLKATA-001-0252","block":"Kolkata","mouza":"SYNTHETIC_MOUZA_001","plot":"SYN-001-0252","areaSqm":0,"real":false}},{"type":"Feature","geometry":{"type":"Polygon","coordinates":[[[88.388535,22.504537],[88.388535,22.512366],[88.39685,22.512366],[88.39685,22.504537],[88.388535,22.504537]]]},"properties":{"id":"SYN-KOLKATA-001-0253","block":"Kolkata","mouza":"SYNTHETIC_MOUZA_001","plot":"SYN-001-0253","areaSqm":0,"real":false}},{"type":"Feature","geometry":{"type":"Polygon","coordinates":[[[88.388535,22.512366],[88.388535,22.520195],[88.39685,22.520195],[88.39685,22.512366],[88.388535,22.512366]]]},"properties":{"id":"SYN-KOLKATA-001-0254","block":"Kolkata","mouza":"SYNTHETIC_MOUZA_001","plot":"SYN-001-0254","areaSqm":0,"real":false}},{"type":"Feature","geometry":{"type":"Polygon","coordinates":[[[88.388535,22.520195],[88.388535,22.528025],[88.39685,22.528025],[88.39685,22.520195],[88.388535,22.520195]]]},"properties":{"id":"SYN-KOLKATA-001-0255","block":"Kolkata","mouza":"SYNTHETIC_MOUZA_001","plot":"SYN-001-0255","areaSqm":0,"real":false}},{"type":"Feature","geometry":{"type":"Polygon","coordinates":[[[88.388535,22.528025],[88.388535,22.535854],[88.39685,22.535854],[88.39685,22.528025],[88.388535,22.528025]]]},"properties":{"id":"SYN-KOLKATA-001-0256","block":"Kolkata","mouza":"SYNTHETIC_MOUZA_001","plot":"SYN-001-0256","areaSqm":0,"real":false}},{"type":"Feature","geometry":{"type":"Polygon","coordinates":[[[88.388535,22.535854],[88.388535,22.543683],[88.39685,22.543683],[88.39685,22.535854],[88.388535,22.535854]]]},"properties":{"id":"SYN-KOLKATA-001-0257","block":"Kolkata","mouza":"SYNTHETIC_MOUZA_001","plot":"SYN-001-0257","areaSqm":0,"real":false}},{"type":"Feature","geometry":{"type":"Polygon","coordinates":[[[88.388535,22.543683],[88.388535,22.551512],[88.39685,22.551512],[88.39685,22.543683],[88.388535,22.543683]]]},"properties":{"id":"SYN-KOLKATA-001-0258","block":"Kolkata","mouza":"SYNTHETIC_MOUZA_001","plot":"SYN-001-0258","areaSqm":0,"real":false}},{"type":"Feature","geometry":{"type":"Polygon","coordinates":[[[88.388535,22.551512],[88.388535,22.559341],[88.39685,22.559341],[88.39685,22.551512],[88.388535,22.551512]]]},"properties":{"id":"SYN-KOLKATA-001-0259","block":"Kolkata","mouza":"SYNTHETIC_MOUZA_001","plot":"SYN-001-0259","areaSqm":0,"real":false}},{"type":"Feature","geometry":{"type":"Polygon","coordinates":[[[88.388535,22.559341],[88.388535,22.56717],[88.39685,22.56717],[88.39685,22.559341],[88.388535,22.559341]]]},"properties":{"id":"SYN-KOLKATA-001-0260","block":"Kolkata","mouza":"SYNTHETIC_MOUZA_001","plot":"SYN-001-0260","areaSqm":0,"real":false}},{"type":"Feature","geometry":{"type":"Polygon","coordinates":[[[88.388535,22.56717],[88.388535,22.574999],[88.39685,22.574999],[88.39685,22.56717],[88.388535,22.56717]]]},"properties":{"id":"SYN-KOLKATA-001-0261","block":"Kolkata","mouza":"SYNTHETIC_MOUZA_001","plot":"SYN-001-0261","areaSqm":0,"real":false}},{"type":"Feature","geometry":{"type":"Polygon","coordinates":[[[88.388535,22.574999],[88.388535,22.582828],[88.39685,22.582828],[88.39685,22.574999],[88.388535,22.574999]]]},"properties":{"id":"SYN-KOLKATA-001-0262","block":"Kolkata","mouza":"SYNTHETIC_MOUZA_001","plot":"SYN-001-0262","areaSqm":0,"real":false}},{"type":"Feature","geometry":{"type":"Polygon","coordinates":[[[88.39685,22.590074],[88.39685,22.582828],[88.388535,22.582828],[88.388535,22.590657],[88.396581,22.590657],[88.39685,22.590074]]]},"properties":{"id":"SYN-KOLKATA-001-0263","block":"Kolkata","mouza":"SYNTHETIC_MOUZA_001","plot":"SYN-001-0263","areaSqm":0,"real":false}},{"type":"Feature","geometry":{"type":"Polygon","coordinates":[[[88.395378,22.594254],[88.39649,22.590854],[88.396581,22.590657],[88.388535,22.590657],[88.388535,22.598487],[88.396081,22.598487],[88.395378,22.594254]]]},"properties":{"id":"SYN-KOLKATA-001-0264","block":"Kolkata","mouza":"SYNTHETIC_MOUZA_001","plot":"SYN-001-0264","areaSqm":0,"real":false}},{"type":"Feature","geometry":{"type":"Polygon","coordinates":[[[88.39653,22.601191],[88.396081,22.598487],[88.388535,22.598487],[88.388535,22.606316],[88.396301,22.606316],[88.39653,22.601191]]]},"properties":{"id":"SYN-KOLKATA-001-0265","block":"Kolkata","mouza":"SYNTHETIC_MOUZA_001","plot":"SYN-001-0265","areaSqm":0,"real":false}},{"type":"Feature","geometry":{"type":"Polygon","coordinates":[[[88.396301,22.606316],[88.388535,22.606316],[88.388535,22.614145],[88.395952,22.614145],[88.396301,22.606316]]]},"properties":{"id":"SYN-KOLKATA-001-0266","block":"Kolkata","mouza":"SYNTHETIC_MOUZA_001","plot":"SYN-001-0266","areaSqm":0,"real":false}},{"type":"Feature","geometry":{"type":"Polygon","coordinates":[[[88.395607,22.621859],[88.395952,22.614145],[88.388535,22.614145],[88.388535,22.621974],[88.39558,22.621974],[88.395607,22.621859]]]},"properties":{"id":"SYN-KOLKATA-001-0267","block":"Kolkata","mouza":"SYNTHETIC_MOUZA_001","plot":"SYN-001-0267","areaSqm":0,"real":false}},{"type":"Feature","geometry":{"type":"Polygon","coordinates":[[[88.39212,22.629766],[88.394104,22.628153],[88.39558,22.621974],[88.388535,22.621974],[88.388535,22.629803],[88.39191,22.629803],[88.39212,22.629766]]]},"properties":{"id":"SYN-KOLKATA-001-0268","block":"Kolkata","mouza":"SYNTHETIC_MOUZA_001","plot":"SYN-001-0268","areaSqm":0,"real":false}},{"type":"Feature","geometry":{"type":"Polygon","coordinates":[[[88.39191,22.629803],[88.388535,22.629803],[88.388535,22.630399],[88.39191,22.629803]]]},"properties":{"id":"SYN-KOLKATA-001-0269","block":"Kolkata","mouza":"SYNTHETIC_MOUZA_001","plot":"SYN-001-0269","areaSqm":0,"real":false}},{"type":"Feature","geometry":{"type":"Polygon","coordinates":[[[88.39685,22.461467],[88.39685,22.465392],[88.399465,22.465392],[88.39685,22.461467]]]},"properties":{"id":"SYN-KOLKATA-001-0270","block":"Kolkata","mouza":"SYNTHETIC_MOUZA_001","plot":"SYN-001-0270","areaSqm":0,"real":false}},{"type":"Feature","geometry":{"type":"Polygon","coordinates":[[[88.40317,22.470954],[88.399465,22.465392],[88.39685,22.465392],[88.39685,22.473221],[88.405166,22.473221],[88.405166,22.472383],[88.40317,22.470954]]]},"properties":{"id":"SYN-KOLKATA-001-0271","block":"Kolkata","mouza":"SYNTHETIC_MOUZA_001","plot":"SYN-001-0271","areaSqm":0,"real":false}},{"type":"Feature","geometry":{"type":"Polygon","coordinates":[[[88.39685,22.473221],[88.39685,22.48105],[88.405166,22.48105],[88.405166,22.473221],[88.39685,22.473221]]]},"properties":{"id":"SYN-KOLKATA-001-0272","block":"Kolkata","mouza":"SYNTHETIC_MOUZA_001","plot":"SYN-001-0272","areaSqm":0,"real":false}},{"type":"Feature","geometry":{"type":"Polygon","coordinates":[[[88.39685,22.48105],[88.39685,22.488879],[88.405166,22.488879],[88.405166,22.48105],[88.39685,22.48105]]]},"properties":{"id":"SYN-KOLKATA-001-0273","block":"Kolkata","mouza":"SYNTHETIC_MOUZA_001","plot":"SYN-001-0273","areaSqm":0,"real":false}},{"type":"Feature","geometry":{"type":"Polygon","coordinates":[[[88.39685,22.488879],[88.39685,22.496708],[88.405166,22.496708],[88.405166,22.488879],[88.39685,22.488879]]]},"properties":{"id":"SYN-KOLKATA-001-0274","block":"Kolkata","mouza":"SYNTHETIC_MOUZA_001","plot":"SYN-001-0274","areaSqm":0,"real":false}},{"type":"Feature","geometry":{"type":"Polygon","coordinates":[[[88.39685,22.496708],[88.39685,22.504537],[88.405166,22.504537],[88.405166,22.496708],[88.39685,22.496708]]]},"properties":{"id":"SYN-KOLKATA-001-0275","block":"Kolkata","mouza":"SYNTHETIC_MOUZA_001","plot":"SYN-001-0275","areaSqm":0,"real":false}},{"type":"Feature","geometry":{"type":"Polygon","coordinates":[[[88.39685,22.504537],[88.39685,22.512366],[88.405166,22.512366],[88.405166,22.504537],[88.39685,22.504537]]]},"properties":{"id":"SYN-KOLKATA-001-0276","block":"Kolkata","mouza":"SYNTHETIC_MOUZA_001","plot":"SYN-001-0276","areaSqm":0,"real":false}},{"type":"Feature","geometry":{"type":"Polygon","coordinates":[[[88.39685,22.512366],[88.39685,22.520195],[88.405166,22.520195],[88.405166,22.512366],[88.39685,22.512366]]]},"properties":{"id":"SYN-KOLKATA-001-0277","block":"Kolkata","mouza":"SYNTHETIC_MOUZA_001","plot":"SYN-001-0277","areaSqm":0,"real":false}},{"type":"Feature","geometry":{"type":"Polygon","coordinates":[[[88.39685,22.520195],[88.39685,22.528025],[88.405166,22.528025],[88.405166,22.520195],[88.39685,22.520195]]]},"properties":{"id":"SYN-KOLKATA-001-0278","block":"Kolkata","mouza":"SYNTHETIC_MOUZA_001","plot":"SYN-001-0278","areaSqm":0,"real":false}},{"type":"Feature","geometry":{"type":"Polygon","coordinates":[[[88.39685,22.528025],[88.39685,22.535854],[88.405166,22.535854],[88.405166,22.528025],[88.39685,22.528025]]]},"properties":{"id":"SYN-KOLKATA-001-0279","block":"Kolkata","mouza":"SYNTHETIC_MOUZA_001","plot":"SYN-001-0279","areaSqm":0,"real":false}},{"type":"Feature","geometry":{"type":"Polygon","coordinates":[[[88.39685,22.535854],[88.39685,22.543683],[88.405166,22.543683],[88.405166,22.535854],[88.39685,22.535854]]]},"properties":{"id":"SYN-KOLKATA-001-0280","block":"Kolkata","mouza":"SYNTHETIC_MOUZA_001","plot":"SYN-001-0280","areaSqm":0,"real":false}},{"type":"Feature","geometry":{"type":"Polygon","coordinates":[[[88.39685,22.543683],[88.39685,22.551512],[88.405166,22.551512],[88.405166,22.543683],[88.39685,22.543683]]]},"properties":{"id":"SYN-KOLKATA-001-0281","block":"Kolkata","mouza":"SYNTHETIC_MOUZA_001","plot":"SYN-001-0281","areaSqm":0,"real":false}},{"type":"Feature","geometry":{"type":"Polygon","coordinates":[[[88.39685,22.551512],[88.39685,22.559341],[88.405166,22.559341],[88.405166,22.551512],[88.39685,22.551512]]]},"properties":{"id":"SYN-KOLKATA-001-0282","block":"Kolkata","mouza":"SYNTHETIC_MOUZA_001","plot":"SYN-001-0282","areaSqm":0,"real":false}},{"type":"Feature","geometry":{"type":"Polygon","coordinates":[[[88.39685,22.559341],[88.39685,22.56717],[88.405166,22.56717],[88.405166,22.559341],[88.39685,22.559341]]]},"properties":{"id":"SYN-KOLKATA-001-0283","block":"Kolkata","mouza":"SYNTHETIC_MOUZA_001","plot":"SYN-001-0283","areaSqm":0,"real":false}},{"type":"Feature","geometry":{"type":"Polygon","coordinates":[[[88.405166,22.572066],[88.405166,22.56717],[88.39685,22.56717],[88.39685,22.574999],[88.403811,22.574999],[88.405166,22.572066]]]},"properties":{"id":"SYN-KOLKATA-001-0284","block":"Kolkata","mouza":"SYNTHETIC_MOUZA_001","plot":"SYN-001-0284","areaSqm":0,"real":false}},{"type":"Feature","geometry":{"type":"Polygon","coordinates":[[[88.403811,22.574999],[88.39685,22.574999],[88.39685,22.582828],[88.400196,22.582828],[88.403811,22.574999]]]},"properties":{"id":"SYN-KOLKATA-001-0285","block":"Kolkata","mouza":"SYNTHETIC_MOUZA_001","plot":"SYN-001-0285","areaSqm":0,"real":false}},{"type":"Feature","geometry":{"type":"Polygon","coordinates":[[[88.400196,22.582828],[88.39685,22.582828],[88.39685,22.590074],[88.400196,22.582828]]]},"properties":{"id":"SYN-KOLKATA-001-0286","block":"Kolkata","mouza":"SYNTHETIC_MOUZA_001","plot":"SYN-001-0286","areaSqm":0,"real":false}},{"type":"Feature","geometry":{"type":"Polygon","coordinates":[[[88.413029,22.473141],[88.406221,22.473138],[88.405166,22.472383],[88.405166,22.473221],[88.413164,22.473221],[88.413029,22.473141]]]},"properties":{"id":"SYN-KOLKATA-001-0287","block":"Kolkata","mouza":"SYNTHETIC_MOUZA_001","plot":"SYN-001-0287","areaSqm":0,"real":false}},{"type":"Feature","geometry":{"type":"Polygon","coordinates":[[[88.413164,22.473221],[88.405166,22.473221],[88.405166,22.48105],[88.413481,22.48105],[88.413481,22.473407],[88.413164,22.473221]]]},"properties":{"id":"SYN-KOLKATA-001-0288","block":"Kolkata","mouza":"SYNTHETIC_MOUZA_001","plot":"SYN-001-0288","areaSqm":0,"real":false}},{"type":"Feature","geometry":{"type":"Polygon","coordinates":[[[88.405166,22.48105],[88.405166,22.488879],[88.413481,22.488879],[88.413481,22.48105],[88.405166,22.48105]]]},"properties":{"id":"SYN-KOLKATA-001-0289","block":"Kolkata","mouza":"SYNTHETIC_MOUZA_001","plot":"SYN-001-0289","areaSqm":0,"real":false}},{"type":"Feature","geometry":{"type":"Polygon","coordinates":[[[88.405166,22.488879],[88.405166,22.496708],[88.413481,22.496708],[88.413481,22.488879],[88.405166,22.488879]]]},"properties":{"id":"SYN-KOLKATA-001-0290","block":"Kolkata","mouza":"SYNTHETIC_MOUZA_001","plot":"SYN-001-0290","areaSqm":0,"real":false}},{"type":"Feature","geometry":{"type":"Polygon","coordinates":[[[88.405166,22.496708],[88.405166,22.504537],[88.413481,22.504537],[88.413481,22.496708],[88.405166,22.496708]]]},"properties":{"id":"SYN-KOLKATA-001-0291","block":"Kolkata","mouza":"SYNTHETIC_MOUZA_001","plot":"SYN-001-0291","areaSqm":0,"real":false}},{"type":"Feature","geometry":{"type":"Polygon","coordinates":[[[88.405166,22.504537],[88.405166,22.512366],[88.413481,22.512366],[88.413481,22.504537],[88.405166,22.504537]]]},"properties":{"id":"SYN-KOLKATA-001-0292","block":"Kolkata","mouza":"SYNTHETIC_MOUZA_001","plot":"SYN-001-0292","areaSqm":0,"real":false}},{"type":"Feature","geometry":{"type":"Polygon","coordinates":[[[88.405166,22.512366],[88.405166,22.520195],[88.413481,22.520195],[88.413481,22.512366],[88.405166,22.512366]]]},"properties":{"id":"SYN-KOLKATA-001-0293","block":"Kolkata","mouza":"SYNTHETIC_MOUZA_001","plot":"SYN-001-0293","areaSqm":0,"real":false}},{"type":"Feature","geometry":{"type":"Polygon","coordinates":[[[88.405166,22.520195],[88.405166,22.528025],[88.413481,22.528025],[88.413481,22.520195],[88.405166,22.520195]]]},"properties":{"id":"SYN-KOLKATA-001-0294","block":"Kolkata","mouza":"SYNTHETIC_MOUZA_001","plot":"SYN-001-0294","areaSqm":0,"real":false}},{"type":"Feature","geometry":{"type":"Polygon","coordinates":[[[88.405166,22.528025],[88.405166,22.535854],[88.413481,22.535854],[88.413481,22.528025],[88.405166,22.528025]]]},"properties":{"id":"SYN-KOLKATA-001-0295","block":"Kolkata","mouza":"SYNTHETIC_MOUZA_001","plot":"SYN-001-0295","areaSqm":0,"real":false}},{"type":"Feature","geometry":{"type":"Polygon","coordinates":[[[88.405166,22.535854],[88.405166,22.543683],[88.413481,22.543683],[88.413481,22.535854],[88.405166,22.535854]]]},"properties":{"id":"SYN-KOLKATA-001-0296","block":"Kolkata","mouza":"SYNTHETIC_MOUZA_001","plot":"SYN-001-0296","areaSqm":0,"real":false}},{"type":"Feature","geometry":{"type":"Polygon","coordinates":[[[88.405166,22.543683],[88.405166,22.551512],[88.413481,22.551512],[88.413481,22.543683],[88.405166,22.543683]]]},"properties":{"id":"SYN-KOLKATA-001-0297","block":"Kolkata","mouza":"SYNTHETIC_MOUZA_001","plot":"SYN-001-0297","areaSqm":0,"real":false}},{"type":"Feature","geometry":{"type":"Polygon","coordinates":[[[88.409134,22.55744],[88.413481,22.553537],[88.413481,22.551512],[88.405166,22.551512],[88.405166,22.559341],[88.410349,22.559341],[88.409134,22.55744]]]},"properties":{"id":"SYN-KOLKATA-001-0298","block":"Kolkata","mouza":"SYNTHETIC_MOUZA_001","plot":"SYN-001-0298","areaSqm":0,"real":false}},{"type":"Feature","geometry":{"type":"Polygon","coordinates":[[[88.410751,22.559971],[88.410349,22.559341],[88.405166,22.559341],[88.405166,22.56717],[88.407427,22.56717],[88.410751,22.559971]]]},"properties":{"id":"SYN-KOLKATA-001-0299","block":"Kolkata","mouza":"SYNTHETIC_MOUZA_001","plot":"SYN-001-0299","areaSqm":0,"real":false}},{"type":"Feature","geometry":{"type":"Polygon","coordinates":[[[88.407427,22.56717],[88.405166,22.56717],[88.405166,22.572066],[88.407427,22.56717]]]},"properties":{"id":"SYN-KOLKATA-001-0300","block":"Kolkata","mouza":"SYNTHETIC_MOUZA_001","plot":"SYN-001-0300","areaSqm":0,"real":false}},{"type":"Feature","geometry":{"type":"Polygon","coordinates":[[[88.420068,22.479909],[88.417488,22.475762],[88.413481,22.473407],[88.413481,22.48105],[88.419953,22.48105],[88.420068,22.479909]]]},"properties":{"id":"SYN-KOLKATA-001-0301","block":"Kolkata","mouza":"SYNTHETIC_MOUZA_001","plot":"SYN-001-0301","areaSqm":0,"real":false}},{"type":"Feature","geometry":{"type":"Polygon","coordinates":[[[88.419953,22.48105],[88.413481,22.48105],[88.413481,22.488879],[88.419163,22.488879],[88.419953,22.48105]]]},"properties":{"id":"SYN-KOLKATA-001-0302","block":"Kolkata","mouza":"SYNTHETIC_MOUZA_001","plot":"SYN-001-0302","areaSqm":0,"real":false}},{"type":"Feature","geometry":{"type":"Polygon","coordinates":[[[88.419163,22.488879],[88.413481,22.488879],[88.413481,22.496708],[88.418372,22.496708],[88.419163,22.488879]]]},"properties":{"id":"SYN-KOLKATA-001-0303","block":"Kolkata","mouza":"SYNTHETIC_MOUZA_001","plot":"SYN-001-0303","areaSqm":0,"real":false}},{"type":"Feature","geometry":{"type":"Polygon","coordinates":[[[88.417849,22.501887],[88.418372,22.496708],[88.413481,22.496708],[88.413481,22.504537],[88.418078,22.504537],[88.417849,22.501887]]]},"properties":{"id":"SYN-KOLKATA-001-0304","block":"Kolkata","mouza":"SYNTHETIC_MOUZA_001","plot":"SYN-001-0304","areaSqm":0,"real":false}},{"type":"Feature","geometry":{"type":"Polygon","coordinates":[[[88.418078,22.504537],[88.413481,22.504537],[88.413481,22.512366],[88.418753,22.512366],[88.418078,22.504537]]]},"properties":{"id":"SYN-KOLKATA-001-0305","block":"Kolkata","mouza":"SYNTHETIC_MOUZA_001","plot":"SYN-001-0305","areaSqm":0,"real":false}},{"type":"Feature","geometry":{"type":"Polygon","coordinates":[[[88.418816,22.513095],[88.418753,22.512366],[88.413481,22.512366],[88.413481,22.520195],[88.421797,22.520195],[88.421797,22.516907],[88.418816,22.513095]]]},"properties":{"id":"SYN-KOLKATA-001-0306","block":"Kolkata","mouza":"SYNTHETIC_MOUZA_001","plot":"SYN-001-0306","areaSqm":0,"real":false}},{"type":"Feature","geometry":{"type":"Polygon","coordinates":[[[88.413481,22.520195],[88.413481,22.528025],[88.421797,22.528025],[88.421797,22.520195],[88.413481,22.520195]]]},"properties":{"id":"SYN-KOLKATA-001-0307","block":"Kolkata","mouza":"SYNTHETIC_MOUZA_001","plot":"SYN-001-0307","areaSqm":0,"real":false}},{"type":"Feature","geometry":{"type":"Polygon","coordinates":[[[88.413481,22.528025],[88.413481,22.535854],[88.421797,22.535854],[88.421797,22.528025],[88.413481,22.528025]]]},"properties":{"id":"SYN-KOLKATA-001-0308","block":"Kolkata","mouza":"SYNTHETIC_MOUZA_001","plot":"SYN-001-0308","areaSqm":0,"real":false}},{"type":"Feature","geometry":{"type":"Polygon","coordinates":[[[88.413481,22.535854],[88.413481,22.543683],[88.421797,22.543683],[88.421797,22.535854],[88.413481,22.535854]]]},"properties":{"id":"SYN-KOLKATA-001-0309","block":"Kolkata","mouza":"SYNTHETIC_MOUZA_001","plot":"SYN-001-0309","areaSqm":0,"real":false}},{"type":"Feature","geometry":{"type":"Polygon","coordinates":[[[88.421797,22.546072],[88.421797,22.543683],[88.413481,22.543683],[88.413481,22.551512],[88.415737,22.551512],[88.421797,22.546072]]]},"properties":{"id":"SYN-KOLKATA-001-0310","block":"Kolkata","mouza":"SYNTHETIC_MOUZA_001","plot":"SYN-001-0310","areaSqm":0,"real":false}},{"type":"Feature","geometry":{"type":"Polygon","coordinates":[[[88.415737,22.551512],[88.413481,22.551512],[88.413481,22.553537],[88.415737,22.551512]]]},"properties":{"id":"SYN-KOLKATA-001-0311","block":"Kolkata","mouza":"SYNTHETIC_MOUZA_001","plot":"SYN-001-0311","areaSqm":0,"real":false}},{"type":"Feature","geometry":{"type":"Polygon","coordinates":[[[88.426012,22.518883],[88.421927,22.517073],[88.421797,22.516907],[88.421797,22.520195],[88.430112,22.520195],[88.430112,22.517343],[88.426012,22.518883]]]},"properties":{"id":"SYN-KOLKATA-001-0312","block":"Kolkata","mouza":"SYNTHETIC_MOUZA_001","plot":"SYN-001-0312","areaSqm":0,"real":false}},{"type":"Feature","geometry":{"type":"Polygon","coordinates":[[[88.421797,22.520195],[88.421797,22.528025],[88.430112,22.528025],[88.430112,22.520195],[88.421797,22.520195]]]},"properties":{"id":"SYN-KOLKATA-001-0313","block":"Kolkata","mouza":"SYNTHETIC_MOUZA_001","plot":"SYN-001-0313","areaSqm":0,"real":false}},{"type":"Feature","geometry":{"type":"Polygon","coordinates":[[[88.421797,22.528025],[88.421797,22.535854],[88.430112,22.535854],[88.430112,22.528025],[88.421797,22.528025]]]},"properties":{"id":"SYN-KOLKATA-001-0314","block":"Kolkata","mouza":"SYNTHETIC_MOUZA_001","plot":"SYN-001-0314","areaSqm":0,"real":false}},{"type":"Feature","geometry":{"type":"Polygon","coordinates":[[[88.425767,22.542508],[88.430112,22.537855],[88.430112,22.535854],[88.421797,22.535854],[88.421797,22.543683],[88.424458,22.543683],[88.425767,22.542508]]]},"properties":{"id":"SYN-KOLKATA-001-0315","block":"Kolkata","mouza":"SYNTHETIC_MOUZA_001","plot":"SYN-001-0315","areaSqm":0,"real":false}},{"type":"Feature","geometry":{"type":"Polygon","coordinates":[[[88.424458,22.543683],[88.421797,22.543683],[88.421797,22.546072],[88.424458,22.543683]]]},"properties":{"id":"SYN-KOLKATA-001-0316","block":"Kolkata","mouza":"SYNTHETIC_MOUZA_001","plot":"SYN-001-0316","areaSqm":0,"real":false}},{"type":"Feature","geometry":{"type":"Polygon","coordinates":[[[88.434185,22.515813],[88.430112,22.517343],[88.430112,22.520195],[88.438428,22.520195],[88.438428,22.512845],[88.434185,22.515813]]]},"properties":{"id":"SYN-KOLKATA-001-0317","block":"Kolkata","mouza":"SYNTHETIC_MOUZA_001","plot":"SYN-001-0317","areaSqm":0,"real":false}},{"type":"Feature","geometry":{"type":"Polygon","coordinates":[[[88.430112,22.520195],[88.430112,22.528025],[88.438428,22.528025],[88.438428,22.520195],[88.430112,22.520195]]]},"properties":{"id":"SYN-KOLKATA-001-0318","block":"Kolkata","mouza":"SYNTHETIC_MOUZA_001","plot":"SYN-001-0318","areaSqm":0,"real":false}},{"type":"Feature","geometry":{"type":"Polygon","coordinates":[[[88.438428,22.52895],[88.438428,22.528025],[88.430112,22.528025],[88.430112,22.535854],[88.431981,22.535854],[88.438428,22.52895]]]},"properties":{"id":"SYN-KOLKATA-001-0319","block":"Kolkata","mouza":"SYNTHETIC_MOUZA_001","plot":"SYN-001-0319","areaSqm":0,"real":false}},{"type":"Feature","geometry":{"type":"Polygon","coordinates":[[[88.431981,22.535854],[88.430112,22.535854],[88.430112,22.537855],[88.431981,22.535854]]]},"properties":{"id":"SYN-KOLKATA-001-0320","block":"Kolkata","mouza":"SYNTHETIC_MOUZA_001","plot":"SYN-001-0320","areaSqm":0,"real":false}},{"type":"Feature","geometry":{"type":"Polygon","coordinates":[[[88.439111,22.512366],[88.446743,22.512366],[88.446743,22.507026],[88.439111,22.512366]]]},"properties":{"id":"SYN-KOLKATA-001-0321","block":"Kolkata","mouza":"SYNTHETIC_MOUZA_001","plot":"SYN-001-0321","areaSqm":0,"real":false}},{"type":"Feature","geometry":{"type":"Polygon","coordinates":[[[88.438428,22.512845],[88.438428,22.520195],[88.446743,22.520195],[88.446743,22.512366],[88.439111,22.512366],[88.438428,22.512845]]]},"properties":{"id":"SYN-KOLKATA-001-0322","block":"Kolkata","mouza":"SYNTHETIC_MOUZA_001","plot":"SYN-001-0322","areaSqm":0,"real":false}},{"type":"Feature","geometry":{"type":"Polygon","coordinates":[[[88.440888,22.526315],[88.446743,22.523558],[88.446743,22.520195],[88.438428,22.520195],[88.438428,22.528025],[88.439292,22.528025],[88.440888,22.526315]]]},"properties":{"id":"SYN-KOLKATA-001-0323","block":"Kolkata","mouza":"SYNTHETIC_MOUZA_001","plot":"SYN-001-0323","areaSqm":0,"real":false}},{"type":"Feature","geometry":{"type":"Polygon","coordinates":[[[88.439292,22.528025],[88.438428,22.528025],[88.438428,22.52895],[88.439292,22.528025]]]},"properties":{"id":"SYN-KOLKATA-001-0324","block":"Kolkata","mouza":"SYNTHETIC_MOUZA_001","plot":"SYN-001-0324","areaSqm":0,"real":false}},{"type":"Feature","geometry":{"type":"Polygon","coordinates":[[[88.452284,22.506058],[88.446836,22.50696],[88.446743,22.507026],[88.446743,22.512366],[88.455058,22.512366],[88.455058,22.506466],[88.452284,22.506058]]]},"properties":{"id":"SYN-KOLKATA-001-0325","block":"Kolkata","mouza":"SYNTHETIC_MOUZA_001","plot":"SYN-001-0325","areaSqm":0,"real":false}},{"type":"Feature","geometry":{"type":"Polygon","coordinates":[[[88.455058,22.519643],[88.455058,22.512366],[88.446743,22.512366],[88.446743,22.520195],[88.453885,22.520195],[88.455058,22.519643]]]},"properties":{"id":"SYN-KOLKATA-001-0326","block":"Kolkata","mouza":"SYNTHETIC_MOUZA_001","plot":"SYN-001-0326","areaSqm":0,"real":false}},{"type":"Feature","geometry":{"type":"Polygon","coordinates":[[[88.453885,22.520195],[88.446743,22.520195],[88.446743,22.523558],[88.453885,22.520195]]]},"properties":{"id":"SYN-KOLKATA-001-0327","block":"Kolkata","mouza":"SYNTHETIC_MOUZA_001","plot":"SYN-001-0327","areaSqm":0,"real":false}},{"type":"Feature","geometry":{"type":"Polygon","coordinates":[[[88.455058,22.506466],[88.455058,22.512366],[88.461803,22.512366],[88.463374,22.507688],[88.455058,22.506466]]]},"properties":{"id":"SYN-KOLKATA-001-0328","block":"Kolkata","mouza":"SYNTHETIC_MOUZA_001","plot":"SYN-001-0328","areaSqm":0,"real":false}},{"type":"Feature","geometry":{"type":"Polygon","coordinates":[[[88.460168,22.517237],[88.461803,22.512366],[88.455058,22.512366],[88.455058,22.519643],[88.460168,22.517237]]]},"properties":{"id":"SYN-KOLKATA-001-0329","block":"Kolkata","mouza":"SYNTHETIC_MOUZA_001","plot":"SYN-001-0329","areaSqm":0,"real":false}}]}