multi_crop_irrigated_flag,consent_percentage_collected,valuation_gap_pct,is_landbank_parcel,sla_overrun_flag,district_code,litigation_delay_target
0,81.38020371082808,38.37578580463204,0,1,WB-MSD,1
1,83.61388054710102,35.38538769029169,1,1,WB-N24,1
1,82.00088038806207,14.264689468024452,0,1,WB-S24,1
0,73.61245226259447,20.861647112450804,1,0,WB-S24,0
0,68.44790843446813,10.674956375538125,1,0,WB-HWR,0
0,69.27708089423679,10.843565603804645,0,1,WB-HGH,1
0,68.49165095365174,35.42880858604427,0,0,WB-MSD,0
1,92.40786174360716,43.63700481421242,0,0,WB-PMD,1
0,82.68402100105551,48.322966273751256,0,0,WB-PBD,0
1,20.0,33.275620289725,1,0,WB-PMD,1
0,83.80621397753569,13.284559551243063,1,0,WB-PBD,0
1,75.50525150493795,9.754265545201882,0,0,WB-N24,0
1,71.66324238397385,41.578293719154104,0,1,WB-PBD,1
0,65.00666784440006,31.04404143619997,0,0,WB-PMD,0
0,92.23402895974824,32.822825945617396,0,0,WB-PMD,0
0,89.05547631821145,40.16579399396191,0,0,WB-S24,0
0,58.08820197917504,36.64747524796032,0,0,WB-MSD,1
0,79.32694116824163,42.55062137852435,0,0,WB-S24,0
0,54.51017877825685,7.529625745694531,0,1,WB-HGH,1
0,47.16687303379925,38.63842865359272,0,0,WB-PMD,1
0,60.719089957380625,43.2883740794943,1,1,WB-MSD,1
0,87.52308250288965,17.876076910624143,1,0,WB-N24,0
0,89.15625081676956,33.820127329696376,0,0,WB-PBD,0
0,81.23553756175127,19.137292872663743,0,0,WB-HGH,0
0,85.05172416326394,48.10869799171043,0,0,WB-HWR,0
1,81.29120916806926,6.504060759597669,0,1,WB-HWR,1
0,60.45333128598686,31.090677972482975,0,1,WB-MSD,1
0,79.77460580413093,12.49265961722818,0,1,WB-PBD,0
0,86.40737145409828,37.04990923297214,0,0,WB-PBD,0
0,85.57724393664434,12.915062753839795,0,0,WB-MSD,0
0,93.40044068654358,15.59224678542609,0,0,WB-PBD,0
0,84.74946924961915,27.246686497059112,0,1,WB-S24,1
0,78.3260677357485,46.16757274985952,0,0,WB-PBD,1
1,91.26270428969569,14.527146746658687,1,1,WB-HWR,1
1,71.52261733351692,11.490800950314657,0,0,WB-PBD,1
1,56.12625627790108,39.15395743343138,0,0,WB-PMD,1
0,69.06479464901226,27.527878955026893,0,0,WB-MSD,0
0,58.591752393483915,46.03033005717971,1,0,WB-N24,0
1,59.846791050461135,11.597655072192904,0,1,WB-HWR,1
0,69.39866392712068,34.06675518603677,0,0,WB-N24,0
0,57.736441422000695,15.479561576831676,1,1,WB-HWR,0
0,66.45669246649727,12.054219289323768,0,0,WB-HGH,0
0,37.91493599483186,35.75432368207717,0,1,WB-PMD,1
1,75.83928673271289,31.715807895892993,0,0,WB-HWR,1
0,72.02169855652004,38.967235626304905,0,1,WB-PMD,1
1,57.29240464077257,18.925815940078206,0,1,WB-HWR,1
0,83.86642203178329,25.158724537198548,0,1,WB-N24,1
0,88.87626247727805,23.24622543486883,0,0,WB-N24,0
0,43.063922441358464,49.28402587849314,0,1,WB-MSD,1
0,58.27095398580814,18.151203053272454,0,0,WB-HWR,0
1,58.15543770382863,18.26677572560451,0,0,WB-HWR,1
1,55.08174418004043,20.954669397287333,0,0,WB-S24,1
1,86.93054715477147,30.406733658064468,1,0,WB-PMD,0
1,68.51112950208953,16.354523491868534,0,1,WB-PMD,1
0,67.238732856409,46.18804731706732,0,0,WB-PMD,0
1,35.93047744067844,16.955850418981857,0,0,WB-PMD,1
0,83.43752454376607,45.31170792020876,0,1,WB-HGH,1
0,49.693348892637495,9.65637786409631,0,0,WB-HGH,0
0,73.07878734479391,34.545321607984356,0,1,WB-PBD,1
0,76.99278488324745,45.814348329720964,0,0,WB-HWR,0
0,96.49185472509572,12.593724727920328,0,0,WB-HWR,0
0,48.44123281585598,48.57471320446648,1,0,WB-HWR,1
1,20.0,25.379751218698026,0,1,WB-HWR,1
0,75.3092918055665,47.5571798798461,0,1,WB-PMD,1
0,99.0,35.45690196335212,0,1,WB-PMD,1
0,94.30103435290988,18.57140914430982,0,0,WB-HGH,0
0,75.77386947494327,13.473613621269788,0,0,WB-N24,0
1,63.15054865862315,18.66807708012947,0,0,WB-S24,1
0,86.52820673947159,9.185783416820374,0,0,WB-PMD,0
1,54.47616840531957,11.47405848544984,0,0,WB-PMD,1
1,80.57443984841194,9.70971981559165,1,1,WB-MSD,0
0,81.09846286499928,24.0324594683701,0,0,WB-PMD,0
0,91.08377833497984,40.80102693159139,0,0,WB-N24,0
1,99.0,11.362259939735308,1,1,WB-N24,0
1,79.0634874092178,10.864419492755115,0,1,WB-HGH,1
1,62.838654737265024,33.954302728279885,0,0,WB-PMD,1
1,71.5396623805441,13.873234188562982,0,0,WB-MSD,1
0,40.15663371199587,9.392451714904622,0,0,WB-S24,1
0,59.49516364039695,12.508186019250994,0,0,WB-HWR,0
0,64.63291611396413,46.56791281445493,0,1,WB-PMD,1
1,62.566408837177335,41.96620637492859,0,0,WB-HGH,1
0,74.742387696607,20.932905305979233,0,1,WB-HGH,1
0,57.19644121712039,34.51193452973268,1,1,WB-S24,1
0,92.17855201184048,29.177405315061712,0,1,WB-MSD,0
0,72.00372716852755,35.47059185671537,0,0,WB-PBD,1
0,71.83259421950494,35.72020186082417,0,0,WB-HGH,0
1,66.09789510276748,33.29303067769968,0,1,WB-N24,1
0,74.79343230946162,16.974561584178886,1,0,WB-N24,0
1,86.85176876401742,6.755288934326815,0,0,WB-HWR,1
0,56.391656117203794,25.500505189554897,0,0,WB-HGH,0
0,60.15390319664538,45.093824811081674,0,0,WB-MSD,1
1,66.53293148202003,30.627376633335917,0,1,WB-HWR,1
1,47.77432337748213,42.45759687658585,0,0,WB-HGH,1
0,57.25335852501304,49.623095433255266,0,0,WB-S24,1
1,63.42802427619614,12.362729186222431,0,0,WB-PMD,1
0,87.73900525282909,36.1299937613892,0,0,WB-MSD,0
0,76.72610392203465,35.34321081650111,0,1,WB-HGH,1
0,75.4846184046158,49.09799513112253,0,1,WB-MSD,1
0,87.3161633190235,49.35203302787602,1,0,WB-PBD,0
0,69.52730780881086,35.900537527585826,1,0,WB-MSD,0
0,79.02836729872001,15.962665639198741,1,0,WB-MSD,0
0,70.14200844721506,40.93501271587696,1,1,WB-N24,1
0,76.77652228919331,9.816311039496714,0,0,WB-S24,0
0,61.51034416299152,40.13146868772329,0,1,WB-PMD,1
1,28.101291151024277,45.95882558651134,0,0,WB-PMD,1
0,69.58297508064652,22.227502764579587,1,1,WB-N24,0
0,97.60946644979893,33.37858827423862,0,0,WB-MSD,0
1,88.67187724034866,24.356422944357185,1,1,WB-PMD,1
0,89.37715472264108,24.69942747446578,0,0,WB-HWR,0
0,94.25035299251192,18.966690009865403,1,1,WB-S24,0
0,73.59583663730588,39.29583292026461,0,0,WB-PBD,0
0,75.55168273330072,47.12794538749273,0,0,WB-N24,1
1,60.8822658821817,47.33378866555075,1,1,WB-HGH,1
1,66.3106885915131,12.865157819372023,0,0,WB-HGH,1
0,83.08388069588055,44.363464234545475,1,1,WB-HGH,0
1,93.6699198690387,38.18441486422049,0,1,WB-S24,1
1,69.489967037742,16.377683031063015,0,0,WB-PBD,1
0,63.89659323267459,8.027807581468155,0,0,WB-PMD,0
1,72.00950325941875,17.05987700979701,0,0,WB-PBD,0
0,82.82172148072407,46.04937065516865,0,0,WB-PBD,0
1,46.01061330959625,33.49304037030976,0,0,WB-N24,1
1,30.668742843529714,37.447459740404234,0,1,WB-S24,1
0,62.090336709151494,16.571855799909315,0,0,WB-HGH,0
0,50.02717633354514,37.37246700086691,0,0,WB-N24,1
0,62.8534764423484,6.265467782506569,0,0,WB-PMD,0
0,69.33995426128551,21.889460559785622,0,0,WB-PBD,1
1,63.84152863758576,33.2039006844049,0,0,WB-MSD,1
1,98.14441562047341,11.57434544935941,0,1,WB-HGH,1
0,77.88140576284177,42.035160850112064,0,1,WB-S24,1
0,77.4085384729949,15.57640844653634,0,0,WB-HWR,0
0,83.19972859278124,34.35265007683008,0,1,WB-PBD,1
0,51.501003879946154,23.233871415889837,1,0,WB-PBD,0
0,90.70401217356483,31.821961796494122,1,1,WB-PBD,0
0,70.63624284236172,9.835274868300866,0,1,WB-PBD,1
1,84.06865111034182,5.7610759964723295,0,1,WB-HGH,1
0,52.7065698052772,45.93039923211355,1,0,WB-S24,0
0,44.03234221171084,17.133350394523227,0,0,WB-N24,1
1,86.72201384445052,41.88546512512066,0,0,WB-HGH,1
0,78.7753714697553,49.97076352124901,0,1,WB-S24,1
1,55.76307202156481,14.514406609951003,0,0,WB-N24,1
1,56.3460645370555,16.932683353251,1,1,WB-PBD,1
0,92.25782611946585,34.82869044355996,0,0,WB-S24,0
0,50.590585928388094,48.445188557027954,0,1,WB-PBD,1
0,99.0,46.21164566858348,0,0,WB-MSD,1
0,55.78882677633836,27.62939840295132,1,0,WB-S24,0
0,83.4910546609509,40.77996271370261,1,0,WB-PMD,0
0,66.08486743651828,11.108563389495547,0,0,WB-HWR,0
0,82.85737375948217,48.984718289180556,0,0,WB-PBD,1
0,62.20594796194453,48.395895531619395,0,1,WB-PBD,1
0,69.0697276906987,12.367803104562693,1,0,WB-PBD,0
1,72.73654515712298,18.474040616139796,1,0,WB-PMD,0
0,53.960625795933495,9.506974887804512,0,1,WB-HGH,1
0,85.33483821756226,17.227291950418085,0,0,WB-N24,0
0,62.76215580351146,41.7180105236843,0,1,WB-PBD,1
1,67.88520152387966,22.024202322436675,0,1,WB-PBD,1
0,54.10171125704678,8.977863521604128,0,0,WB-HGH,0
1,25.87799414168441,20.400148615050703,0,0,WB-HGH,1
1,68.56150027319696,49.16225004085761,0,0,WB-HWR,1
0,99.0,33.335761786664136,0,1,WB-S24,0
1,86.12287718216443,23.7272425882771,0,0,WB-PBD,0
0,71.6533131647809,12.49423310737715,0,1,WB-S24,0
0,67.26796507425118,49.37795587776627,0,1,WB-MSD,1
0,72.40438607061684,41.938205416840795,0,0,WB-HGH,1
0,81.84814407315378,17.66647861029137,0,1,WB-HGH,0
0,50.745369324440794,8.153091307453526,0,1,WB-HWR,1
1,92.0577905040397,7.548150081990111,0,0,WB-N24,0
0,84.8768636779424,10.417016727749022,1,1,WB-PMD,0
0,84.92734306274282,31.134586262648973,0,1,WB-PMD,1
0,79.89256329857508,46.79435395424716,1,0,WB-PMD,0
0,72.35309983849181,27.353454260269302,0,0,WB-HGH,0
1,84.11150224740275,42.932546710528875,0,0,WB-PBD,1
0,82.65265440734481,25.064897893691352,0,0,WB-HWR,0
0,65.62726720306158,36.88625955955214,0,1,WB-N24,1
0,61.67516808785578,37.934273177892536,0,0,WB-MSD,1
0,73.83341331471576,12.82836676565024,0,1,WB-PMD,1
0,99.0,21.25472265391153,1,0,WB-HWR,0
1,49.69607263822978,33.678597044211074,0,0,WB-HGH,1
0,45.58454521645608,8.181347368296478,1,1,WB-PMD,1
1,74.9656951422573,21.269308449333046,1,1,WB-N24,1
0,72.91597863340833,29.06597598265366,0,0,WB-MSD,0
0,75.12014995866735,49.83010218700874,0,0,WB-S24,1
0,76.391157562353,26.354010318009834,0,0,WB-MSD,0
1,67.9823594165735,41.72255407014456,1,0,WB-N24,1
1,98.81754189483748,24.4430278279978,0,0,WB-MSD,1
0,43.18372838742272,40.8375825178869,1,0,WB-PBD,1
1,57.08705355395557,31.793666072904877,0,1,WB-PMD,1
1,70.14141431731714,44.89679486760792,1,0,WB-PMD,1
0,42.42260139922499,23.492414855754944,0,1,WB-S24,1
0,68.83462072022272,32.19369889196655,0,1,WB-MSD,1
0,99.0,33.350840627847234,1,0,WB-S24,0
0,72.37595678932732,23.7822323810213,1,1,WB-MSD,0
1,76.15261630293631,11.494041965936669,0,0,WB-PMD,1
1,49.317034226893554,9.210173311055101,0,1,WB-PBD,1
0,60.9054946552894,5.7502197769834895,0,0,WB-MSD,0
0,65.24646515416913,44.30904189103466,1,0,WB-S24,0
0,66.28112825838778,15.641371050741254,1,1,WB-HGH,0
1,95.06958831006784,14.517803717679563,1,0,WB-PMD,0
1,82.03843909305225,38.12159301917295,0,1,WB-N24,1
1,51.99375677513342,19.400725088932628,0,1,WB-N24,1
1,76.43708601177609,27.772011158532646,0,0,WB-PBD,1
0,80.96799147294213,12.312997938385532,1,0,WB-HGH,0
0,92.52268269338279,48.18855746578861,0,0,WB-S24,1
0,99.0,43.321163000775684,1,1,WB-MSD,0
1,53.72830454709836,43.87053303342515,0,1,WB-PMD,1
0,57.40456479821391,23.304818685740234,0,0,WB-N24,0
0,49.36359853953691,39.30625461682278,0,0,WB-N24,1
0,67.78764253607433,11.474426992540106,0,1,WB-N24,1
1,80.39445074003402,5.387855116630113,0,0,WB-N24,0
0,89.77202129860383,5.898781966011265,0,1,WB-HWR,0
0,70.63288157443459,31.39707818320522,0,1,WB-PBD,1
0,66.24274458141281,25.492770736157336,1,1,WB-S24,1
1,74.73164386047733,28.310690700883388,0,0,WB-PMD,1
1,56.96742777065958,5.335841318774873,0,0,WB-PMD,1
0,99.0,24.02089788458416,0,0,WB-PMD,0
1,43.06210151187494,37.313067254038735,0,0,WB-S24,1
0,75.32533042012304,24.921216588534612,1,1,WB-PBD,1
0,99.0,37.94986428405,0,0,WB-HGH,0
1,72.12239720207997,15.485853397857564,1,1,WB-MSD,1
0,68.5792973699731,41.59139020167765,0,0,WB-MSD,0
1,65.56598238941231,31.479405820405354,0,0,WB-PBD,1
1,68.75294972827666,14.48433947434578,0,0,WB-N24,1
0,96.71127254417755,15.652421413422482,0,1,WB-MSD,0
0,32.18648559606888,33.261370905629164,0,0,WB-N24,1
0,99.0,42.34728169455995,0,0,WB-PBD,0
0,46.368771255897386,23.703250191311984,0,1,WB-PBD,1
0,67.20025807378053,16.62351931074165,0,0,WB-S24,0
1,64.27360043462409,44.01552231097702,0,0,WB-S24,1
0,82.59395885587296,35.11707312878757,0,0,WB-HWR,0
1,43.23376166609255,25.163846927738444,0,0,WB-PMD,1
0,80.31910798947497,26.955508787568583,0,1,WB-HWR,1
1,99.0,14.191541057137838,0,0,WB-PMD,1
0,47.46286791732941,33.206118352917976,0,0,WB-N24,1
0,75.41471101698713,21.14341297442999,0,0,WB-HWR,0
0,60.084320799661036,49.804032950345714,1,1,WB-HWR,1
0,79.66596971147465,26.608258186784955,0,0,WB-HGH,0
1,72.34465999348353,26.86485227853259,0,1,WB-PBD,1
0,60.453235637202425,30.463330433480234,1,0,WB-S24,0
0,80.78170112767933,46.254020140343606,0,0,WB-HWR,1
0,99.0,41.036814493688766,0,1,WB-S24,1
0,68.56373174890862,25.300853140902863,0,0,WB-PMD,1
1,84.95564295866727,37.34146696877582,0,1,WB-HWR,1
1,48.72108675831905,31.380597445134274,0,0,WB-PMD,1
1,54.78414521727584,27.1565171915562,1,1,WB-HWR,1
0,80.50331300184679,13.654209775295774,0,0,WB-MSD,0
0,98.71408851364737,25.87713185547009,1,1,WB-N24,0
1,78.40104027814188,16.061836416015858,0,0,WB-HGH,1
0,66.36495545058322,46.16789674332446,0,0,WB-PMD,1
1,71.98724529762038,20.093306607335613,0,0,WB-PBD,1
1,49.49266078854508,47.851880654001754,1,0,WB-PBD,1
1,82.88127587439661,28.987488054262005,1,0,WB-N24,0
0,87.88199512182136,33.41949704042722,0,0,WB-N24,0
0,63.862374009004554,29.43232000201975,1,0,WB-MSD,0
1,63.53924134032897,10.822127763501541,0,1,WB-PBD,1
0,76.78580813373688,21.911954855357344,0,1,WB-PMD,0
0,64.13904475126928,9.461575052493078,0,1,WB-PBD,1
0,70.80961293673519,33.03293198825217,0,0,WB-HGH,0
1,99.0,25.10933878401975,0,0,WB-HWR,0
1,67.55353738657206,40.00932372069216,0,0,WB-HGH,1
0,65.549877263618,14.921171644971643,0,1,WB-MSD,1
0,60.344247498567135,12.405472629320071,0,0,WB-MSD,0
0,85.39545548699886,23.284950393369552,0,0,WB-PBD,0
1,68.73796488207415,46.69634224482715,1,1,WB-HWR,1
0,60.31128531021433,36.968981675558524,0,0,WB-PBD,1
0,95.78347258091422,23.85156311568134,0,1,WB-HGH,0
1,97.55285408124547,28.277247638943976,0,1,WB-HGH,1
1,61.192375816703304,8.789585502969425,0,0,WB-PMD,0
1,38.40228087550891,49.30591533692509,1,0,WB-PMD,1
1,90.1352464170646,34.98832871127135,0,0,WB-HGH,1
0,59.67666313631993,17.84318308085401,1,1,WB-HWR,1
0,86.23126078492983,31.361377739685995,0,0,WB-MSD,0
1,36.53813128118696,9.92670647310473,0,1,WB-PMD,1
1,88.06675208938756,48.462650096341264,0,0,WB-PMD,1
1,50.198905272945936,12.865324454751466,0,0,WB-S24,1
1,85.15375414319745,34.161364312484636,0,0,WB-S24,1
0,72.25691522105582,16.045450814251872,0,1,WB-PMD,1
0,54.82909045086039,37.29026221918411,0,0,WB-PBD,1
1,64.67334636731795,39.956961525812645,0,1,WB-HWR,1
0,84.35373222522061,35.30388780101447,1,0,WB-N24,0
1,73.90610015607422,32.65247571148366,0,0,WB-PMD,1
1,82.51943364850472,45.16110922784053,0,1,WB-S24,1
1,99.0,8.538201994539111,0,1,WB-HWR,1
0,43.84365098920108,19.891164460108783,0,0,WB-HWR,0
0,99.0,16.17293658338807,0,0,WB-S24,0
0,73.87840687541784,49.46062829294397,1,1,WB-HWR,1
0,55.8218871301837,22.522540085009307,1,0,WB-HWR,0
0,48.05435473669819,37.96757146581794,0,0,WB-S24,1
0,68.5958329660134,35.812632374645204,0,1,WB-HGH,1
0,88.58970201464027,14.543655686481998,0,0,WB-PMD,0
0,69.70411583320438,15.75489560951981,0,0,WB-PBD,0
0,99.0,17.657805359886535,0,0,WB-N24,0
0,45.87883757907194,23.500727521672065,0,1,WB-PBD,1
0,71.78239893877102,15.544627954273706,0,1,WB-HGH,1
1,49.45691800056386,5.884316723608151,0,0,WB-MSD,1
0,78.54537388724943,44.5726875563238,0,0,WB-HGH,1
0,87.9639730217514,48.45244241213978,0,0,WB-HWR,0
0,64.42628771374105,20.37066741642056,0,1,WB-PBD,1
1,25.124150580711586,20.23280957414628,0,0,WB-HGH,1
0,75.5810666423369,5.319131574846694,1,1,WB-PBD,0
0,79.86129393120316,35.61128097486683,0,0,WB-HGH,0
0,79.27730558931056,42.144795308688295,1,1,WB-N24,1
0,94.24407945279877,11.597373516200143,0,0,WB-HGH,0
0,52.72103376631712,12.184985721521784,0,1,WB-PBD,1
0,84.2438898981081,40.553746248714695,0,0,WB-HWR,1
0,93.46513522460356,32.73308367593651,0,0,WB-PBD,0
1,39.9854234878827,7.018725093247266,1,1,WB-S24,1
1,77.75373286654158,33.01461457080268,0,1,WB-PBD,1
0,62.924763041861915,18.901297527969472,0,0,WB-N24,0
0,70.53259188417037,21.592631996188068,0,1,WB-PMD,1
1,78.25817670369005,39.63791382335961,1,0,WB-N24,1
0,63.22988584595606,41.492083670267476,0,1,WB-N24,1
0,59.83725457509099,23.01604820779238,1,0,WB-HGH,0
0,72.61474351478444,47.62188212028597,1,0,WB-N24,0
0,52.429573100469554,23.29082230784325,0,0,WB-PBD,0
1,52.45514768006666,39.73262158535495,1,0,WB-PMD,1
1,84.22871909321707,26.77447690539166,1,1,WB-MSD,1
1,51.32170736714419,45.38895469349378,0,0,WB-HWR,1
0,83.99362501636581,45.84925596425804,0,0,WB-MSD,1
0,80.32664327137113,8.933756354198774,0,0,WB-N24,0
0,40.93547888176926,47.14219990896016,0,1,WB-PBD,1
0,59.80383625795821,42.149067868418705,0,0,WB-HGH,1
0,93.4939692548527,40.60898214407001,0,0,WB-HGH,0
1,54.33902043948573,14.04101028584851,0,1,WB-HWR,1
1,63.640723278431025,41.230364393959924,0,0,WB-HWR,1
0,80.31709607853414,43.255973060826655,0,1,WB-PBD,1
1,86.10102916708672,18.011765050436793,1,1,WB-HWR,1
1,67.47230005119908,47.85170352630457,0,0,WB-HWR,1
0,61.24481649555045,7.243706587962391,0,1,WB-HGH,0
0,97.60265751057314,11.745916396121284,0,1,WB-PBD,0
0,99.0,29.191151212318143,0,0,WB-PMD,0
0,89.61944491407232,30.910661200503935,1,0,WB-HWR,0
0,73.53572656617044,34.03175374854065,0,1,WB-PBD,1
1,57.451217010463324,5.763610819195991,0,0,WB-N24,1
0,57.05200068198182,48.216504857995865,1,1,WB-HGH,1
0,81.40525389478364,7.00646417303648,1,0,WB-PMD,0
0,79.53116797599631,11.437787872553107,0,0,WB-HGH,0
0,97.22877467303573,5.630653288672564,1,0,WB-HGH,0
1,83.7081016656505,30.50862949823426,0,0,WB-S24,1
1,44.94455456832328,46.95200977644375,0,0,WB-PBD,1
0,90.93505711901253,34.96762247362089,0,1,WB-N24,1
0,54.034908708340566,42.01958608161923,0,1,WB-HWR,1
0,65.08851710485767,5.5976541556361035,1,1,WB-N24,0
0,76.5036037125305,29.390688431587673,0,1,WB-PBD,1
0,99.0,25.680333987748483,0,1,WB-HGH,0
0,99.0,27.453557489935687,1,0,WB-S24,0
0,82.9210150644513,8.249593340083457,0,1,WB-PBD,0
0,68.70246086303302,35.79959124811884,1,0,WB-PMD,0
0,81.6211016726499,27.64491866863855,1,1,WB-PMD,0
0,87.97779766572904,39.43169824375688,0,1,WB-PBD,1
0,66.22798273997054,26.838078532777192,0,0,WB-HWR,1
0,99.0,11.722173630189443,0,0,WB-N24,0
0,76.14127366544524,34.17156293350199,0,0,WB-N24,0
1,80.9593756036451,12.75738629473248,0,0,WB-HWR,1
1,83.9866365369803,44.25775535096667,0,0,WB-S24,1
0,79.5885589910602,32.590230758115865,1,0,WB-HGH,0
0,87.10092900845302,12.074174760062942,0,0,WB-MSD,0
0,60.88944264215538,48.30521258665431,0,1,WB-MSD,1
0,61.95056842897145,28.326445850089428,0,1,WB-HGH,1
0,52.19722380650949,8.280430334224475,0,1,WB-PMD,1
1,79.91102215116408,33.207480698678026,1,1,WB-S24,1
0,86.02085706321805,16.39395081557646,0,0,WB-HWR,0
0,80.23991159073394,41.16620533447861,0,0,WB-MSD,0
0,99.0,41.80199331047858,0,1,WB-PBD,1
0,71.89927166107717,49.05263101345978,0,1,WB-N24,1
0,84.03734980066523,27.584128896102666,0,0,WB-PBD,0
1,52.349384229492344,25.47305958774817,0,1,WB-N24,1
0,65.03220535546077,38.90640224509163,0,1,WB-PBD,1
1,84.519679636184,10.961179535386695,1,1,WB-HWR,0
1,87.2838379933766,29.611198120690588,1,1,WB-HWR,1
0,66.70859494204473,29.581142005888292,0,0,WB-S24,0
0,70.7112134665548,9.026290526467424,1,1,WB-PBD,0
0,44.67827255974543,23.80928384781111,0,1,WB-PBD,1
0,65.57347438548103,43.397815935524086,0,0,WB-S24,1
0,88.02689694335615,43.526912989759715,0,1,WB-S24,1
1,82.35369028991819,9.465694921385644,0,0,WB-HWR,1
0,81.01198298486177,9.082439723652389,0,0,WB-HWR,0
0,72.89592636925728,16.821296465087087,0,0,WB-PMD,0
1,72.12713685530717,44.364472814929705,0,0,WB-PBD,1
0,60.114219489477954,10.800616328307452,1,0,WB-HWR,0
1,84.57891156364562,37.39985611823508,0,1,WB-MSD,1
0,79.57751299900902,9.552452882589645,0,0,WB-HWR,0
0,80.85633926387038,33.041203418652145,1,0,WB-PBD,0
1,62.53137283198355,21.023028460361516,0,0,WB-S24,1
0,33.239827442317605,40.50112833346402,0,0,WB-PBD,1
1,91.74874881156651,15.516070197141362,1,1,WB-MSD,0
1,63.380925791848725,33.76408232254819,0,1,WB-HGH,1
1,56.47003624722383,15.605714055914822,0,1,WB-PBD,1
0,84.48262041445189,37.11471274004692,0,1,WB-HGH,1
0,64.94377248145567,44.3155115552337,1,0,WB-PBD,0
1,91.07885491283919,10.706080960704202,0,1,WB-MSD,1
1,83.10610709238055,43.99680598679766,1,1,WB-HGH,1
1,84.3042478176086,31.710886448643407,0,0,WB-HGH,1
0,47.41279719839038,10.719972089016078,0,1,WB-MSD,1
0,93.8149917369552,24.23938349118704,1,1,WB-PBD,0
1,76.70250956220941,12.238713206829406,0,1,WB-PMD,1
0,65.35301149356835,36.51565499899563,0,0,WB-HWR,1
1,74.58099241216053,39.14906604880773,0,1,WB-N24,1
1,40.02776580783024,9.760843412275953,1,0,WB-HWR,0
0,79.35575060665208,27.776293371258994,0,0,WB-HGH,0
1,53.47131285272271,41.65812752116627,0,0,WB-PBD,1
1,47.65193485481638,47.127336869794846,0,0,WB-PBD,1
0,44.59753464807796,28.10830400337965,1,0,WB-PBD,0
1,92.02839074981866,47.76256506251332,0,0,WB-PBD,1
0,60.67325891352981,29.106003670521343,0,1,WB-PMD,1
1,99.0,22.73857225699586,0,1,WB-N24,1
0,62.35557366505864,43.1691407848803,0,1,WB-S24,1
1,41.26755676332696,27.184221970614008,0,0,WB-HGH,1
0,51.90256008092413,26.235612975403537,0,0,WB-N24,1
0,94.2446091601249,27.064062023442272,0,1,WB-HWR,1
1,69.19383279713999,43.10532508413854,1,0,WB-S24,1
0,62.13082866316918,42.43736937596235,1,1,WB-S24,1
0,74.88032806535018,23.158399659809504,0,1,WB-PBD,1
1,81.0320892510158,19.998493694173625,1,0,WB-N24,0
1,92.1131786862443,27.136761081760817,0,1,WB-HWR,1
0,98.07298613807268,30.774762938169907,1,1,WB-PBD,0
0,65.52416437579646,15.725174478259863,0,0,WB-PBD,0
0,48.13114165052331,40.72797881220158,0,0,WB-MSD,1
0,64.55762709978103,26.89172445795903,1,0,WB-MSD,0
0,76.68504911849195,20.032049678898183,1,0,WB-MSD,0
1,54.652339328209,9.806944683379577,0,0,WB-PMD,1
1,54.771283531889225,15.748032218162312,0,0,WB-HGH,1
1,78.18818186789794,47.717652729019264,0,0,WB-S24,1
1,71.12425767173188,18.729485906878697,0,1,WB-HWR,1
0,72.59034591740856,12.59866802151659,0,0,WB-S24,0
0,58.347083975398746,25.730275624474693,0,0,WB-N24,0
0,67.85278714429619,18.81894845121119,1,0,WB-HGH,0
0,55.36380340317052,6.582166262203737,0,0,WB-PBD,0
0,88.02357140024617,19.541534777573776,0,0,WB-HGH,0
1,90.63448802502755,29.484888077276086,0,0,WB-PBD,1
0,38.76861847971431,29.827056740898513,0,0,WB-MSD,1
0,55.26880451653662,21.045151452959992,0,1,WB-HGH,1
0,45.06247340837858,25.12862403136703,0,1,WB-PBD,1
1,60.29956918067583,48.44830632056449,1,0,WB-S24,1
0,70.4981165437735,21.980681475364023,1,0,WB-MSD,0
0,45.90638604542646,16.620206596699234,0,1,WB-MSD,1
0,55.40652336374436,15.956016983004206,0,1,WB-MSD,1
1,53.92876730253303,25.599407571686037,0,0,WB-S24,1
0,75.73081192918099,39.178406692262485,1,1,WB-S24,1
1,73.2481980666525,14.269468288481294,1,0,WB-S24,0
1,59.00872403992944,36.91832572133456,0,0,WB-MSD,1
0,75.18277569850916,5.951742050723733,0,1,WB-HGH,0
0,62.15975847742922,23.851984009277572,1,1,WB-PBD,0
1,67.11020801413105,39.91392793412541,0,1,WB-S24,1
0,99.0,20.242983009849414,0,0,WB-HGH,0
0,96.12829893222626,30.368169565042976,1,0,WB-PBD,0
1,48.60753773530324,14.224065477165986,0,0,WB-MSD,1
1,86.93518352182514,38.38979260067775,0,0,WB-HGH,1
1,86.60513798084865,7.352559647094183,0,1,WB-MSD,1
1,51.331260802452874,43.364419019397516,0,1,WB-PMD,1
0,86.73799758758749,13.918837388975067,0,1,WB-S24,1
0,99.0,44.34791142687488,0,1,WB-N24,1
1,51.79419348760055,20.86381585852328,0,0,WB-HGH,1
0,55.48494922174325,37.520760851351895,0,1,WB-S24,1
0,90.31790640318304,19.36513840037848,1,1,WB-HWR,0
1,76.88691559486166,45.76602520555914,0,0,WB-PBD,1
0,81.92657295431141,10.698670648326846,0,1,WB-PMD,0
0,78.13060589520894,13.033390517266941,0,0,WB-S24,0
0,79.0325265767066,27.186355632146103,0,1,WB-HWR,1
0,48.1235016904005,8.687229756716576,0,0,WB-HGH,0
0,90.85171871918607,13.819108311579287,0,0,WB-HGH,0
0,93.05261986369993,47.469487199540644,1,1,WB-HWR,1
0,67.8709666067755,48.94203475165492,0,1,WB-PMD,1
0,71.21741490335047,21.931669819868986,1,0,WB-HWR,0
1,44.440064953997,46.5478709456271,1,0,WB-PBD,1
0,81.25658560832103,29.51711040530443,0,0,WB-HGH,0
1,82.2970339508546,17.13841096431952,0,0,WB-HWR,1
0,70.8805616940124,36.60794244862694,1,1,WB-N24,0
0,92.23836047766905,34.65058129586858,1,1,WB-N24,0
1,65.98660984236108,49.510639359893,0,0,WB-HWR,1
0,82.16290666608481,16.92712793341775,0,1,WB-PBD,1
1,53.64604190354192,35.24267761977809,0,0,WB-HGH,1
0,71.57606128426372,7.3410689763251105,1,1,WB-N24,0
1,68.86162335774895,10.114071741352372,0,0,WB-HWR,0
0,76.05554259673696,5.176326872799197,0,0,WB-MSD,0
1,65.34851528099955,49.97573064768529,1,1,WB-HWR,1
0,69.63349327790998,41.1023163716365,0,0,WB-S24,0
1,86.86884908594712,40.40253566300934,0,1,WB-HWR,1
0,64.13824372971209,27.937673387968086,0,1,WB-PBD,1
0,43.08161218670377,18.5030187307448,1,0,WB-N24,0
1,99.0,11.806892800820417,0,0,WB-S24,0
0,96.86617341642875,17.810363248090866,0,1,WB-N24,0
0,48.739271488098865,21.91870498681126,0,1,WB-N24,1
1,84.4147404944135,39.033954364113235,0,0,WB-PBD,1
0,62.94645413007582,29.28478050064186,0,0,WB-HWR,0
0,76.74276987595907,8.48676319499672,0,1,WB-PBD,1
0,77.29603432224289,5.811305403151051,0,0,WB-HWR,0
1,67.7806595943062,9.604948079032841,1,0,WB-S24,0
0,57.89221801944486,23.47244211638207,1,0,WB-PBD,0
0,59.57026105830733,46.99368126720582,0,1,WB-PBD,1
1,55.50854552133764,33.68311165441497,0,1,WB-MSD,1
1,57.027200251851994,41.08216549439818,0,1,WB-PMD,1
0,70.7907907791116,25.986856752704686,1,1,WB-HGH,0
0,59.11632019600647,21.274973743776926,0,1,WB-PBD,1
0,84.27693718282715,9.878016772248023,0,0,WB-PMD,0
0,98.7704307960467,44.416985998379225,0,1,WB-HGH,0
0,61.55904165533923,40.24220130625563,0,0,WB-MSD,1
0,76.30928100963679,12.56531439189763,0,1,WB-HWR,0
0,80.99433198545282,28.051725374431722,0,0,WB-HWR,0
0,80.49604087654694,26.93186635645602,0,0,WB-HWR,0
1,73.36719482248958,33.12911987089379,0,1,WB-PMD,1
1,85.368283530475,47.57841022960675,0,1,WB-PMD,1
1,80.68048114825183,31.089714879311583,0,0,WB-HGH,1
0,49.72207639810864,29.309777005037837,0,1,WB-HWR,1
0,87.64480915900691,7.264531982059878,0,0,WB-N24,0
1,87.97123507080136,7.830836420811077,0,0,WB-PBD,1
1,58.260850124785534,13.4306056097055,0,1,WB-PMD,1
0,72.68288103805683,6.461184726128673,0,0,WB-PMD,0
1,84.29992187059925,38.45088030065056,0,1,WB-PMD,1
1,68.23235124757149,37.54986367972834,0,0,WB-HGH,1
1,91.31360485978821,11.122530549423931,0,1,WB-HWR,1
1,99.0,42.62355053578764,1,1,WB-N24,1
0,57.85225141257032,11.965371568075039,0,0,WB-PBD,0
0,47.14119714323205,18.55290141488115,0,0,WB-PBD,0
1,77.46873472088777,16.203960462261428,0,1,WB-HWR,1
1,84.98812509227058,21.75381943578715,0,1,WB-N24,1
0,67.84440527079416,16.459869465048286,0,0,WB-HGH,0
0,98.15869193977862,27.002791689730344,0,0,WB-PMD,0
0,47.905095604981526,23.333354660960843,0,0,WB-PMD,0
1,84.472535214569,49.39562708506969,0,0,WB-MSD,1
1,61.09450522633992,7.516685755770155,0,0,WB-HWR,1
0,99.0,11.398161937430823,1,0,WB-PBD,0
0,99.0,7.377165225887111,1,1,WB-PMD,0
0,58.200181419899735,33.16285377420691,0,1,WB-MSD,1
1,62.107971553645555,7.452917483617381,0,1,WB-PBD,1
1,87.47258196563644,42.639788181925546,0,1,WB-PBD,1
1,65.03164830378874,28.037238380686752,0,1,WB-HWR,1
0,71.18259807721971,28.715343106169016,0,0,WB-S24,0
0,72.45699156976339,30.271752847048738,0,1,WB-MSD,1
0,37.44588318844219,12.686616783779483,0,1,WB-S24,1
0,71.75092057030373,13.89606364015194,0,1,WB-S24,1
1,59.58490006684487,19.34677952928521,0,0,WB-MSD,1
1,63.123789196804104,31.707338711983315,0,1,WB-N24,1
1,97.98537606243866,14.455299917309654,1,1,WB-HWR,1
1,49.38287590297338,10.234927720996755,0,1,WB-MSD,1
0,86.63769336146359,48.65525988882945,0,0,WB-PBD,1
1,66.97866725402744,5.989181666433031,0,1,WB-MSD,1
1,66.96431696707498,41.12138324012097,0,1,WB-PMD,1
1,86.2266941289308,40.46158173087599,0,0,WB-MSD,1
0,78.12092330224003,18.37463512302932,0,1,WB-N24,1
0,82.27103394995156,11.103197720329103,0,0,WB-S24,0
0,89.42732388959149,11.553289101744053,0,1,WB-HGH,0
1,66.03644910270019,36.38442277567366,0,1,WB-N24,1
0,60.979738778860494,33.92629659887781,0,0,WB-N24,1
0,52.46729052195963,40.223555341312405,0,0,WB-HWR,1
1,57.142610460378805,47.18665275795971,0,1,WB-PMD,1
0,99.0,36.13673134699664,0,0,WB-N24,0
0,94.40423245326215,12.013319144814956,0,0,WB-MSD,0
0,47.68066140825562,15.95491775444348,1,1,WB-PMD,1
1,48.19575677861574,42.898717889290154,0,0,WB-HWR,1
0,80.67358911093285,14.418773412539386,0,0,WB-MSD,0
1,81.8507663528034,8.263504262951663,0,1,WB-HGH,1
0,81.87990903571256,36.64760243190127,1,0,WB-PBD,0
1,67.41079571603343,23.113685997056393,1,0,WB-PBD,1
0,69.7418233199478,46.40180236456566,0,1,WB-S24,1
0,77.90183143486843,34.261478199214764,0,1,WB-S24,1
1,73.54607411327994,9.068854000624734,0,1,WB-HGH,1
0,32.052593290544365,47.65354552641473,0,1,WB-PBD,1
0,67.86360664964651,16.635076863811065,0,1,WB-S24,0
0,56.674684183314355,20.17456206828286,0,0,WB-PMD,0
1,75.15380554035322,23.101718615759392,0,0,WB-N24,1
0,99.0,7.305093338194096,0,0,WB-HWR,0
1,78.61466997853748,27.343194000377217,1,0,WB-MSD,0
0,66.35646564889684,10.54933209838815,0,1,WB-S24,1
0,88.59242703559053,23.043664700975828,0,1,WB-HGH,0
0,80.68838196976583,20.781940459643792,0,0,WB-MSD,0
0,79.56170082813314,39.777803754192654,1,1,WB-PBD,1
0,82.92331067788209,41.1426730234729,1,0,WB-HGH,0
0,99.0,11.90357970750896,0,0,WB-HWR,0
0,51.64400816413352,21.49480343206518,0,1,WB-HWR,1
1,80.52537738260618,21.800892246432426,1,0,WB-HGH,0
0,55.32513966033231,11.813469977123827,0,0,WB-S24,0
0,81.99922763416046,40.930407727303574,0,0,WB-S24,0
1,55.4636427932503,36.825274775094044,1,0,WB-PBD,1
0,64.48739735510848,13.567180383366562,0,1,WB-PMD,1
0,66.68838154371768,21.502485886720958,0,1,WB-PBD,1
1,89.56470094820476,9.761226118543139,1,0,WB-N24,0
1,88.53217999096344,33.269296869186974,0,0,WB-PMD,1
0,49.57708722396508,10.461736604687886,0,1,WB-MSD,1
1,72.98881399799728,49.3670375881213,0,1,WB-N24,1
0,59.227562614514895,40.130693360953806,0,0,WB-PBD,1
0,49.34691160784398,22.560734731279776,0,0,WB-PMD,1
0,68.09369309236133,31.03537695257095,0,1,WB-PMD,1
1,66.44730980779525,46.01038172973839,0,1,WB-N24,1
0,99.0,29.934467617812174,0,0,WB-HGH,0
0,79.79327685649253,12.852431887907983,0,1,WB-S24,1
0,47.202884986423726,22.041651001152168,0,0,WB-PMD,0
0,61.83406792492304,42.941518926338546,1,0,WB-MSD,0
0,90.38489931772918,33.989585719532805,0,0,WB-MSD,0
0,99.0,34.28259729502101,0,1,WB-PMD,1
0,43.452300379716746,44.006966855982014,0,0,WB-N24,1
0,38.16136106749719,45.22878758581271,0,0,WB-PMD,1
0,99.0,46.39066573007463,0,0,WB-N24,0
0,79.01305519267626,9.268213696392024,0,1,WB-HGH,0
0,56.370730826225405,29.48567008833954,0,0,WB-MSD,1
0,81.62332355020384,38.322928454824336,0,0,WB-PMD,0
1,24.5565406976962,39.06170803071562,0,0,WB-HWR,1
0,72.0607591187489,32.30222908865017,0,1,WB-PBD,1
1,77.90078111117553,12.505430083265338,0,0,WB-MSD,0
0,88.63686251168093,40.88392492737489,0,0,WB-HGH,0
0,53.74987285873432,37.40501000817256,0,0,WB-HWR,1
0,73.54236890526046,8.876109719706633,0,1,WB-MSD,0
0,55.34235673092743,25.871442110346933,0,0,WB-HGH,0
0,76.5969076021377,12.82898297848116,0,1,WB-S24,0
0,55.88376619746556,20.186467057083735,0,1,WB-HGH,1
0,64.65418489511603,5.813649149255845,0,1,WB-HGH,1
0,54.075322893775876,23.01484407848412,1,0,WB-S24,0
0,83.72045235282583,29.74446145202947,1,1,WB-PMD,0
0,87.45212009981998,32.88121667721891,0,0,WB-PBD,0
0,67.77682974076654,34.85706553079196,0,0,WB-HWR,0
0,72.68828390928051,42.6331090896107,0,1,WB-MSD,1
1,45.9253545365962,14.695830827407852,0,0,WB-N24,1
0,66.60582033587784,10.421682009731057,0,0,WB-PBD,0
1,71.0963168932486,43.31917273540665,0,0,WB-MSD,1
0,99.0,12.047576670169246,0,1,WB-HGH,0
0,51.984593536065056,48.86420366012879,1,0,WB-N24,0
1,98.35519029754387,42.91422032293866,0,1,WB-S24,1
1,89.94345792238454,27.53944726503196,1,1,WB-PBD,1
0,77.05145528082245,49.163964121491134,1,1,WB-PMD,1
0,99.0,9.38195280986019,0,0,WB-HWR,0
1,78.69789850692354,18.637959252879575,0,1,WB-PBD,1
1,79.00486552202271,33.72009867682752,0,0,WB-PBD,1
0,71.04382824568418,20.750309081293043,0,0,WB-PMD,0
0,94.0242398835353,46.77676483913563,0,0,WB-N24,0
0,91.73644620859591,7.95317396800179,0,0,WB-S24,0
0,60.73780882506818,29.723532442743405,0,0,WB-PMD,1
0,48.253550497222186,31.58898203278015,1,0,WB-MSD,0
0,68.34634852687817,34.37276556997509,0,0,WB-S24,1
0,57.59930584084236,16.50498004993165,1,0,WB-PMD,0
1,70.85655765692361,21.4054892383939,0,1,WB-PBD,1
0,94.2738864243145,42.965623834923996,1,1,WB-S24,1
0,63.76857020843778,13.772424603657193,0,1,WB-N24,1
1,71.22917913639165,42.20905312280129,0,0,WB-N24,1
1,73.04440922655111,30.319494030623407,1,0,WB-HWR,0
0,87.27175587969512,39.29843800373369,0,1,WB-S24,1
0,31.555991988277107,37.112331481856216,0,0,WB-HWR,1
0,61.07939469422466,14.338017292319556,0,1,WB-MSD,1
0,75.80310646103051,30.596573139524278,0,0,WB-PMD,0
0,93.6014212156835,44.047541876229154,0,1,WB-HGH,1
0,63.14575594488831,24.44523065608682,0,0,WB-MSD,1
0,38.22205129124627,48.49658466004925,0,0,WB-N24,1
0,83.15480602739045,25.349679504577313,0,1,WB-PBD,0
0,60.56347700113867,11.425353650054811,1,0,WB-N24,0
0,50.5860001363735,22.524560603495296,0,0,WB-HGH,1
0,60.761782985161965,47.826608287574174,0,0,WB-PBD,1
0,68.6785435621947,19.38743822029344,0,1,WB-S24,1
0,61.11459603831217,44.06441719401783,0,0,WB-S24,1
1,32.299810972216754,44.65628067568504,0,0,WB-MSD,1
0,88.14719154396838,20.758393594938248,0,0,WB-N24,0
1,94.947750743017,8.746594612278447,0,0,WB-PBD,0
1,83.7273958441111,37.60510591214682,0,1,WB-PMD,1
0,51.5216579323533,19.01805345562937,0,0,WB-PBD,0
0,68.37315238894467,40.231562641590756,1,0,WB-HWR,0
0,71.88261632586976,24.91946817171949,0,0,WB-HGH,1
0,82.77829901211439,26.83700340541797,0,0,WB-MSD,0
1,84.03012879692545,40.005923303684156,1,0,WB-S24,1
0,58.78487162198708,22.206349897773254,0,0,WB-N24,0
0,73.47592001544409,24.940730539531152,1,0,WB-PBD,0
0,80.23104728307433,21.928571094632996,0,1,WB-S24,1
0,98.2048017986418,21.5303231874776,1,0,WB-N24,0
0,84.68111771684502,28.667595960565674,0,1,WB-S24,1
0,86.20302037275934,41.39597500255178,0,0,WB-N24,1
0,73.5088793027285,21.279574036515463,0,0,WB-S24,0
1,97.38826461366307,28.591462424198152,0,0,WB-PMD,1
0,79.37573032727096,35.18272964491704,1,0,WB-HWR,0
0,56.50041761687573,17.124775083664474,0,1,WB-HGH,1
0,97.26065946225343,17.488526220607667,0,1,WB-S24,0
0,84.56225890570249,47.00359071605546,0,1,WB-HGH,1
0,64.02520761968732,37.559055799898985,0,1,WB-S24,1
0,63.36912658681362,30.9734004300489,0,0,WB-MSD,0
0,77.33835981253371,34.14740244892754,0,0,WB-PBD,0
0,80.33732631481652,6.318474939653827,0,1,WB-HWR,0
0,75.55126078136172,32.81463345027636,0,1,WB-MSD,1
1,77.60355612197193,27.927899295089087,1,0,WB-PMD,0
0,99.0,29.558735590074605,0,0,WB-HWR,0
0,91.28777674022794,21.174072207386768,0,0,WB-HGH,0
0,75.43144064277044,8.666325397082385,1,1,WB-PBD,0
1,88.94359045381469,13.700265512542348,0,0,WB-N24,0
0,53.41456973650429,47.78351209457023,0,0,WB-MSD,1
0,79.16268689904255,23.39148030219203,0,0,WB-HWR,0
1,99.0,26.000742012388887,0,1,WB-PMD,1
1,68.07517388293726,7.3719405434047545,0,0,WB-MSD,1
1,56.74258928485647,6.690480329479127,0,1,WB-PBD,1
0,60.262400005324906,37.27316511710409,0,0,WB-PBD,1
0,52.38660532783701,29.21425988545001,0,1,WB-HGH,1
1,57.874285653701335,27.891769289732,0,1,WB-PMD,1
1,65.33085422537948,15.94060386902009,1,0,WB-PBD,1
0,46.69979365478444,38.5137829233465,0,0,WB-PBD,1
0,72.28113001109286,12.570646059882135,0,0,WB-N24,0
0,88.24098912815965,13.547063464745902,0,0,WB-HGH,0
1,55.660388757355435,25.732047710672397,1,1,WB-HGH,1
0,99.0,17.88259379503734,0,0,WB-PMD,0
0,81.1942575934967,16.135834155491587,0,0,WB-PBD,0
0,90.55045054123303,34.03569400489992,1,0,WB-N24,0
0,60.15897803066153,34.2937285348345,0,0,WB-S24,1
0,87.38145408719909,42.10326814099682,1,1,WB-HWR,0
0,52.34518979288437,23.796885513783913,0,0,WB-MSD,1
0,88.02445501505716,8.28882909617676,0,1,WB-HGH,0
0,75.09310811628356,17.314987321465594,1,1,WB-N24,0
0,81.95852195972611,49.10024584385676,0,0,WB-PMD,1
0,50.83929709875267,31.831635885471595,0,0,WB-N24,1
0,55.88874283902112,36.938168816045916,0,1,WB-PBD,1
0,82.75010792856092,5.3311023331436544,1,0,WB-HWR,0
0,54.92973592396439,28.31925794821344,0,0,WB-HGH,0
0,80.33771325778422,6.68878958893114,0,0,WB-S24,0
0,47.39151948371558,30.615359544115158,0,0,WB-PBD,1
0,87.26713582800002,46.43468823362339,0,1,WB-HGH,1
1,49.814580334166834,48.578860872518355,0,0,WB-MSD,1
0,81.94139887823141,29.324870392501587,0,0,WB-PMD,0
1,83.26135680562801,25.61921623634972,0,1,WB-HGH,1
0,59.45810726826765,47.52576924118223,0,1,WB-N24,1
1,82.47647820752508,35.31244243985128,0,0,WB-MSD,1
1,76.687960740004,7.920467579228426,0,1,WB-HWR,1
0,62.30084658853071,25.95765099503739,1,0,WB-S24,0
0,53.846015686628256,15.811025830893676,1,1,WB-HWR,1
0,36.672737549893576,26.14119446519067,0,0,WB-N24,1
0,78.29370085139449,25.49595074028628,0,0,WB-S24,0
1,43.83355011548301,31.19651612666339,0,1,WB-S24,1
1,73.71619558994355,21.054672065716307,0,0,WB-PBD,1
1,67.25793211051952,12.392170225516763,0,1,WB-S24,1
0,84.22456995788752,27.667374556548033,0,0,WB-HGH,0
1,66.56318100918244,42.35912979555929,0,1,WB-HWR,1
1,66.06993984575236,34.8805502630421,1,1,WB-PMD,1
0,85.17367267718932,20.22655396663471,0,0,WB-PMD,0
0,78.03104452351411,47.09853602414857,0,1,WB-HWR,1
1,77.69080722929002,46.0493407062132,0,0,WB-PBD,1
0,80.44681661655348,14.420677972284444,1,1,WB-S24,0
1,44.3597017822721,6.7737913304163335,0,0,WB-N24,1
0,85.62219623976567,38.3588918757843,0,1,WB-MSD,1
1,83.02443829224484,42.2424617607119,0,0,WB-MSD,1
0,53.69970368562305,48.553905467810985,0,0,WB-HGH,1
0,67.60655147386437,45.04263773397398,0,0,WB-PBD,1
0,71.29246882270265,32.02406456928867,0,0,WB-MSD,1
1,69.57905788076881,28.852355264557136,0,1,WB-S24,1
1,78.00947939823362,6.252847306816383,0,1,WB-PMD,1
0,97.76460207296131,16.099540108015002,0,1,WB-N24,0
0,91.47180109811092,25.68266382798169,1,0,WB-S24,0
1,48.38005451823469,33.28267550376055,0,0,WB-PBD,1
0,83.19725982550888,30.07633249932848,0,0,WB-N24,0
1,95.92079975163738,38.41861953567607,0,1,WB-MSD,1
0,78.96255337240565,17.58951188991684,0,1,WB-N24,0
0,91.6376476533474,30.422867344361297,0,0,WB-N24,0
0,99.0,8.966400952585646,0,0,WB-N24,0
0,90.42677182992567,23.61494856124431,1,0,WB-MSD,0
1,76.48755472155112,38.757237482957045,1,1,WB-S24,1
0,90.81159253352556,36.20303840430698,0,1,WB-N24,1
0,74.60798099574404,49.578923172748055,0,1,WB-S24,1
1,72.4302547791292,17.50510066944902,0,0,WB-N24,1
0,65.67454375715282,27.418518462829063,0,1,WB-N24,1
0,99.0,19.828868619829855,0,1,WB-PBD,0
1,57.268284013043974,24.827140132662862,0,0,WB-S24,1
0,99.0,43.562755844122464,1,0,WB-PMD,0
0,80.99755422732669,35.7894083834819,0,0,WB-S24,1
1,46.81248885356506,44.709853610641176,1,0,WB-HWR,1
0,78.61768727384559,14.157999874934891,1,1,WB-MSD,0
0,34.19952286227077,44.30125030286471,1,0,WB-PMD,0
0,83.25914430295865,7.689302338027299,0,1,WB-PBD,0
1,87.93416669380184,44.98696761967186,0,0,WB-S24,1
0,61.33759279826303,19.808320075732755,0,0,WB-PBD,0
0,74.22385852720048,19.156443503632993,0,0,WB-PMD,0
1,99.0,28.043985951439875,0,0,WB-PBD,1
1,62.89655932328514,47.33105844754543,1,0,WB-PBD,1
0,52.93966343298119,7.150161410663242,0,0,WB-HGH,0
0,98.66994124432678,20.85039387818354,1,0,WB-S24,0
0,99.0,43.54573949075011,1,0,WB-PBD,0
1,72.06652209326126,22.822451484596,0,0,WB-HGH,1
0,90.20633463735041,13.962060391868015,0,0,WB-HGH,0
0,96.14656647955586,24.11573815991353,0,0,WB-N24,0
1,58.63528381430909,22.34986256712512,0,1,WB-N24,1
1,63.26449496337837,46.19372906600165,1,0,WB-MSD,1
0,94.15574123678523,39.28704690843937,0,1,WB-PMD,1
1,99.0,27.730200008480285,0,0,WB-S24,0
0,82.13185548313838,49.4766755024707,0,1,WB-N24,1
1,56.163341636963025,25.937488907416547,0,0,WB-PMD,1
0,99.0,7.620702386912385,0,1,WB-S24,0
0,62.44252383938464,16.802344481674318,1,0,WB-PMD,0
1,65.96751993891387,24.62317160986907,0,1,WB-MSD,1
0,78.16208102081319,12.060618086575404,0,0,WB-MSD,0
0,99.0,47.640430684581936,0,0,WB-HGH,0
1,87.37156757794003,39.50820040179979,0,1,WB-HGH,1
1,79.46757900651438,17.07292401924977,0,0,WB-S24,1
0,80.33919354212591,31.58620400830621,1,0,WB-PMD,0
1,72.78326403558239,37.46521206993074,0,0,WB-PMD,1
0,82.04651126133311,47.35755180080591,0,1,WB-N24,1
0,26.467918601502546,44.67359071289348,0,1,WB-N24,1
0,66.66106573674362,28.183650176219615,0,0,WB-S24,0
0,76.34379482850206,39.85936789068579,0,1,WB-HWR,1
1,51.281746494848875,30.296513922241324,0,0,WB-N24,1
0,78.95381972060808,29.871675052049305,0,0,WB-PBD,0
0,68.31951802224981,10.163388125218635,1,1,WB-N24,0
0,99.0,10.676194610726842,0,1,WB-HWR,0
1,99.0,28.829012676010585,0,1,WB-PMD,1
0,63.61549975587307,17.0987695240553,0,0,WB-HGH,0
0,69.28492119179948,5.946660610721088,0,0,WB-HGH,0
0,70.66894381904893,37.52776417550955,1,0,WB-PMD,0
0,63.87012942912679,6.461896851057423,1,0,WB-HGH,0
0,75.51044971250629,31.787457849682454,0,0,WB-N24,0
1,58.35092276002338,29.263720735729148,1,1,WB-MSD,1
1,51.648923971124525,48.5966610760012,1,1,WB-HGH,1
0,83.20880203020484,26.789591270643875,1,0,WB-MSD,0
1,83.33153251599259,7.862064637000881,0,0,WB-HWR,0
1,57.522316326120134,29.825958551290775,0,1,WB-MSD,1
1,88.1163977537268,42.84932767772457,0,0,WB-HWR,1
0,60.631600875024034,49.858217792664796,1,1,WB-N24,1
0,76.55697428468366,24.36544281600826,0,0,WB-PMD,0
0,86.7661922270242,19.413443412353413,0,0,WB-PBD,0
0,71.39497383533316,45.79939836283995,0,1,WB-N24,1
1,80.18533641854042,13.605895808425462,0,0,WB-HGH,0
1,62.704266410023706,32.6943011764817,0,0,WB-N24,1
1,68.46360149829425,23.257149088142647,1,0,WB-HWR,0
0,68.29453024415388,6.848706422999988,0,1,WB-N24,1
0,58.5615897622757,20.6279813437564,1,1,WB-N24,0
1,68.81806506391592,16.93528351262036,0,0,WB-PBD,0
1,44.124870620452555,35.874101927456906,0,0,WB-HWR,1
0,63.159232551442116,47.69557239613631,0,1,WB-S24,1
1,66.87224111934593,17.0621234320387,0,0,WB-S24,1
1,67.38876445508316,41.51596726182568,0,1,WB-HWR,1
0,67.65304597432598,7.4911917622284285,0,0,WB-S24,0
0,70.88824440251769,29.21544545179159,0,0,WB-HGH,0
0,80.62994732554915,8.174752866945257,0,1,WB-S24,0
0,87.74130733438541,47.03148460087877,0,0,WB-HGH,1
0,60.30422591673119,39.48580762508256,0,1,WB-HWR,1
1,50.342384602995395,34.60774600420666,0,0,WB-S24,1
0,53.243200579624144,42.075337173109894,0,0,WB-S24,1
0,63.23034741849131,34.13839080065734,0,1,WB-PMD,1
0,65.66541627930283,48.6024978728431,0,0,WB-MSD,1
0,58.14007080844577,37.12810765391472,0,1,WB-HGH,1
1,48.6699000435019,46.60963743120111,0,0,WB-HGH,1
0,63.789825105464615,28.270935140478713,0,1,WB-N24,1
0,75.26567916205148,10.267898584183818,0,1,WB-PBD,1
1,82.71053038504016,28.76799746403577,0,0,WB-S24,1
0,61.96638504405022,10.709277262839198,0,1,WB-PMD,1
0,64.56603920141819,31.662206562938227,1,1,WB-PBD,0
0,55.319430440748405,26.712187723744833,0,0,WB-MSD,1
0,71.43409493325403,33.01589290247517,0,0,WB-MSD,0
0,56.72828458456534,5.452114147467421,0,0,WB-PMD,0
0,82.3163006383416,13.767822124491385,0,0,WB-PBD,0
0,39.854403145186,27.10986943604589,0,0,WB-S24,1
1,65.52666589585567,47.77266027151107,0,0,WB-MSD,1
0,77.41993210545135,22.26240681598213,1,0,WB-PMD,0
0,75.30902129380507,24.09674117241356,1,1,WB-HGH,0
0,99.0,37.161324005298,0,0,WB-N24,0
0,78.29640044222234,32.17067407787531,0,1,WB-PMD,1
1,53.92701725684381,18.451676754424994,0,0,WB-HWR,1
0,70.28164355239669,23.48673780053425,0,0,WB-MSD,0
1,40.02756599760387,14.79649094857546,0,1,WB-MSD,1
0,70.5492045126583,48.470965660859385,0,0,WB-S24,1
0,57.004990973986345,10.878547170081188,0,0,WB-S24,0
0,88.47702496008291,21.732655305488876,0,0,WB-HWR,0
1,62.10827505728037,6.162753749900504,1,0,WB-MSD,0
0,69.89821351568555,14.980077137009587,0,0,WB-PBD,0
0,60.55995885472074,40.12120122710697,1,1,WB-N24,1
0,99.0,14.052885452999575,1,0,WB-PBD,0
1,66.21763020987758,8.602853113803452,0,1,WB-HWR,1
0,99.0,26.350393093003547,0,1,WB-HWR,0
1,86.6547317181288,5.448615563053332,0,0,WB-N24,0
0,80.67720109203695,8.814476949184993,0,0,WB-HWR,0
0,78.63719665171536,41.34316413033388,0,1,WB-HWR,1
0,79.08835136789253,39.71630051868229,0,1,WB-MSD,1
0,37.30189357177902,46.181246918220324,0,0,WB-PMD,1
0,66.98009890528638,43.453194615983726,0,0,WB-MSD,1
0,87.21284348131779,35.74290034579181,0,0,WB-N24,1
1,71.1198506974661,7.354978578529828,0,0,WB-S24,0
0,46.70658275753565,40.228187809399586,0,0,WB-PBD,1
0,71.05671988960555,43.04798648782522,0,1,WB-S24,1
0,99.0,40.95869655973795,0,0,WB-S24,0
0,94.44405087962495,27.881556588861173,0,1,WB-PMD,1
0,70.88392783141143,15.480582739226675,0,1,WB-PBD,1
0,89.12608698704555,43.0398489059927,0,0,WB-S24,0
0,65.40287363337507,37.72232643830623,1,0,WB-N24,0
1,41.330311437119065,49.134252847498324,0,1,WB-PBD,1
1,55.35961221366802,12.006166899016982,0,1,WB-HGH,1
0,99.0,15.154906237342477,0,1,WB-PMD,0
0,67.06812452707253,14.530916744667621,1,0,WB-S24,0
0,67.61908837124967,40.664289542960155,0,0,WB-HWR,1
0,66.60291246705215,13.410828340255318,0,0,WB-PBD,0
0,99.0,7.999692342048775,0,0,WB-HGH,0
0,99.0,49.93523629635329,0,1,WB-HWR,1
1,99.0,6.116774515031711,0,0,WB-HGH,0
1,69.13718621279908,42.58598270714896,0,1,WB-S24,1
0,77.32124079744771,21.441507869779375,1,0,WB-HWR,0
0,44.70043411042576,42.87269568910169,0,1,WB-S24,1
0,98.58481967012894,29.957922104501524,0,1,WB-HWR,0
1,50.97996807717717,45.5734053268862,0,0,WB-PBD,1
0,75.90196014772732,46.6786843886582,0,1,WB-MSD,1
0,52.248554502608805,5.40941815763492,1,0,WB-N24,0
1,61.40039711870347,8.393547919675472,0,0,WB-MSD,0
0,56.9292762411054,16.266142830688494,0,1,WB-N24,1
1,61.05824530783528,35.11919373635757,0,1,WB-MSD,1
0,62.295791343318385,44.97224884301777,1,0,WB-HGH,0
0,62.13116169134861,25.697387808228324,0,0,WB-PMD,0
0,87.00001041204553,32.313790232341944,0,1,WB-HWR,1
1,52.11246972487464,13.482493375800251,0,1,WB-S24,1
1,75.96974568624961,41.22350752467584,0,0,WB-PMD,1
1,93.92326474150005,48.52976501090614,1,1,WB-PBD,1
0,62.76246543875887,17.086951981156886,0,0,WB-PBD,0
1,59.07745996654317,27.267167822024586,0,0,WB-PBD,1
0,67.85055674675549,8.875224972786821,0,0,WB-N24,0
0,93.23505375049278,30.161149540833577,0,0,WB-S24,0
1,75.49393735716043,27.625254883100624,0,1,WB-PBD,1
0,62.43814269706323,11.499641786978492,1,0,WB-PBD,0
0,80.70977972138472,24.892979590313377,0,1,WB-MSD,0
0,52.15874130294438,20.034709343895347,1,0,WB-HGH,0
0,84.26447118797306,28.48238938873352,0,1,WB-HWR,0
0,79.35493153863182,31.354445094295965,0,1,WB-HWR,1
0,66.45944751950009,5.382301037324428,0,1,WB-HWR,1
0,56.90545562794984,39.24526923272999,0,1,WB-PMD,1
1,56.03974339889777,37.08564313377833,1,0,WB-MSD,1
1,81.62671205422639,21.482887379293498,1,1,WB-MSD,1
0,94.12164904480312,7.382117100596822,0,1,WB-HGH,0
0,60.52846055348169,38.971964290327264,0,0,WB-N24,1
0,80.25096066392672,47.98288222151596,0,1,WB-PMD,1
0,34.433513665162764,15.806821820990638,1,0,WB-HGH,0
0,61.47688084817041,19.558607618166704,1,0,WB-PBD,0
0,71.44093920832377,13.271580026681672,1,1,WB-S24,0
0,55.625698494327,30.962125550517786,0,0,WB-PMD,1
0,55.14288525378727,11.967862759135473,0,1,WB-PMD,1
0,59.979967983560044,21.028727455762073,0,0,WB-PBD,0
0,77.25946910987471,36.36558562704184,0,0,WB-PBD,1
1,68.62807766868525,30.205219235420678,0,0,WB-S24,1
1,31.711837800150505,22.390815394757087,0,0,WB-HWR,1
0,33.82739725256881,23.911232081339385,0,1,WB-PMD,1
1,61.07642679857084,30.29498971804533,1,0,WB-HGH,1
0,80.23835854896393,5.263912754922258,1,0,WB-N24,0
1,22.544912830945776,8.532944080412443,0,0,WB-PBD,1
1,63.00485682927065,44.656613049335526,0,0,WB-PBD,1
0,62.52753858268642,8.504554509108084,0,1,WB-N24,1
0,96.99008000775206,36.80616182947273,0,0,WB-HGH,0
0,65.06960738916845,46.401717384907364,1,1,WB-PBD,1
0,78.89380172533671,17.1807621935779,1,1,WB-N24,0
0,74.54262852157434,21.67211466767814,0,1,WB-MSD,0
0,33.64980336347039,30.60146326301223,0,1,WB-PBD,1
0,85.82772989937126,44.67690363373631,0,0,WB-HWR,1
1,75.87713709821318,47.385751426718905,0,0,WB-HWR,1
1,81.14883551414262,38.28034616500706,0,1,WB-PBD,1
0,99.0,8.897889238461232,1,1,WB-MSD,0
0,34.48596708902541,35.11193699906829,0,1,WB-PBD,1
0,99.0,23.46366748426979,0,1,WB-HWR,0
0,66.8259446507936,26.181544977097772,0,0,WB-MSD,1
1,77.17192027925417,7.211677565532967,1,0,WB-PBD,0
0,71.18077958457764,13.597796270586118,0,1,WB-MSD,1
0,64.36374599883521,40.57311233901415,0,1,WB-HGH,1
0,61.74300729170234,25.42814748715369,0,0,WB-HGH,0
0,77.93115724031416,18.5748008734017,0,1,WB-S24,1
1,44.690873459909774,22.28085832842312,0,0,WB-HGH,1
1,85.51042501539177,43.44797809965561,0,0,WB-PMD,1
0,64.50850071206543,38.70495578322306,0,1,WB-MSD,1
0,51.65875189727356,17.254192873148725,1,1,WB-PMD,0
0,63.89976855607535,10.287582809556799,0,0,WB-PMD,0
1,94.6286859035263,16.33991997398323,0,0,WB-PBD,1
1,62.36396843370798,46.434040297463014,1,0,WB-PBD,1
0,78.45216512777317,31.17149770323899,0,1,WB-N24,1
0,58.84278703712148,29.00660939351523,0,0,WB-MSD,0
1,85.64259329862514,31.83771198616077,1,1,WB-PMD,1
0,84.33913929822367,21.471271958593185,0,1,WB-PMD,1
1,99.0,41.319815914378076,0,1,WB-HGH,1
0,68.83984898101411,28.54788121851124,0,0,WB-HWR,0
0,84.03578648564232,10.2536556245958,0,1,WB-MSD,0
0,73.765215711701,10.807930617307832,0,0,WB-HWR,0
0,95.32569207353426,29.158661592617825,1,0,WB-MSD,0
0,59.06101702304285,47.14565981318776,0,0,WB-MSD,1
1,85.41009563179107,18.875845475428946,0,0,WB-S24,1
0,68.49544866989973,44.12935259866482,1,1,WB-N24,1
0,70.84461281204705,39.38430139604957,0,0,WB-HWR,1
0,73.65154472007072,16.15155993081081,0,0,WB-S24,0
0,76.54032713568019,6.63533367423091,0,1,WB-HGH,1
0,69.90787722380475,9.583126931407223,0,0,WB-N24,0
0,75.86483729706947,37.78222702313481,0,1,WB-N24,1
1,99.0,13.985138211829101,0,0,WB-PMD,0
0,89.73809434107393,21.70719142274272,1,0,WB-MSD,0
0,87.64478266494413,27.57646247028912,1,1,WB-MSD,0
0,63.80028853157033,37.64606758025732,1,0,WB-PBD,0
1,55.993665091890165,10.095405046660641,1,0,WB-MSD,1
1,89.19541004827956,23.286488237485766,0,0,WB-MSD,1
1,87.76884226553629,26.82828091142129,0,0,WB-MSD,1
0,98.50807216351768,29.337217878719287,1,0,WB-PMD,0
0,61.12834873255387,41.82622886278475,0,0,WB-HGH,1
0,67.86812420351376,12.72551877694476,1,0,WB-MSD,0
0,42.48928507454218,41.35241533219801,0,1,WB-PMD,1
0,64.93552009090429,36.17952924634935,0,0,WB-N24,0
0,89.93826919043005,30.01418663895317,0,0,WB-PMD,0
0,63.603083173892436,36.478754168115735,1,0,WB-MSD,0
0,83.52863631361483,23.540798252824537,0,1,WB-S24,1
1,68.5709440920394,11.227891368565606,0,1,WB-PMD,1
0,77.8330265079881,34.95943581194153,0,1,WB-HWR,1
0,51.34155498331799,28.610253800853002,0,1,WB-HGH,1
1,73.53377009341023,33.771866024424895,1,0,WB-HGH,1
0,20.0,20.209945146282053,0,0,WB-N24,1
1,68.63586915308427,45.808995980292615,0,1,WB-PMD,1
0,42.65148161312747,31.431644085900963,0,1,WB-N24,1
0,93.70790129784268,8.843111793089323,0,0,WB-N24,0
1,85.9933323497612,25.24117958169929,0,0,WB-S24,1
1,80.40007767538945,39.036022463463546,0,1,WB-PBD,1
1,99.0,40.736055277952254,0,1,WB-N24,1
0,54.91950262515293,27.256867374369143,1,0,WB-PBD,0
0,99.0,45.26364068740855,0,1,WB-PBD,1
0,88.77944815668693,17.045079673743388,0,0,WB-HGH,0
0,67.74200483005897,23.476941375721996,0,0,WB-HWR,0
1,92.44116264929299,45.43686097560365,0,0,WB-HWR,1
0,52.086716776590585,45.33155224122105,0,0,WB-PMD,1
1,57.158745092501874,35.85707459711064,0,0,WB-S24,1
0,61.045384981685395,43.65412462049991,0,1,WB-S24,1
0,62.478401254847725,8.994797013030471,0,0,WB-HWR,0
0,52.98196243031545,43.92477392934993,0,0,WB-PMD,1
1,94.01549520771584,19.427895794760204,0,0,WB-MSD,0
1,67.34062079334304,13.024918059269734,0,0,WB-HWR,1
1,78.34508943042383,15.771642635392086,0,1,WB-PMD,1
1,61.73367540455375,23.808582860624917,0,1,WB-PMD,1
1,39.22914059012669,16.303640207201028,1,1,WB-PMD,1
1,76.8610324510456,19.425541370742458,0,1,WB-PMD,1
0,37.579410442444015,11.074031873223895,0,0,WB-HGH,1
0,70.76458717046157,18.327954450154934,0,0,WB-HGH,0
0,47.37032930100941,30.752771654390052,1,1,WB-HWR,1
1,99.0,24.883416864097878,0,1,WB-PMD,1
1,88.40452899914499,20.602344255616003,1,1,WB-N24,1
0,73.90356824288665,38.59034579857013,0,1,WB-PMD,1
1,94.74672019778404,45.207948712699306,1,1,WB-N24,1
1,56.76631240561676,39.055515030607864,1,0,WB-HGH,1
0,81.78262881606167,19.940031595295565,1,0,WB-PMD,0
0,75.59658780693684,38.499897552689916,0,1,WB-PBD,1
1,76.75236146400606,11.839108211332304,0,1,WB-HWR,1
0,94.90236300192183,10.864309464108091,0,0,WB-PMD,0
1,85.18485785003644,20.55321666662715,0,0,WB-S24,0
0,77.19702593085042,41.34660660698257,1,0,WB-N24,0
1,42.21202614789067,16.085671125903584,0,0,WB-MSD,1
1,54.71916668496965,7.846403400440582,0,1,WB-MSD,1
1,69.79123919527697,10.926929084285979,0,0,WB-PMD,1
0,73.68070273697973,43.643523583831104,0,0,WB-PBD,0
1,51.656332955869374,33.52024781362795,0,0,WB-N24,1
1,99.0,16.394052351648952,1,1,WB-PBD,0
0,99.0,29.98831213976816,0,0,WB-MSD,0
1,82.8381297670647,28.741083009140766,0,0,WB-HWR,1
0,73.29666350310741,34.49461902982976,0,0,WB-MSD,0
0,68.18023854177927,15.493439948972734,0,0,WB-HWR,1
0,54.86546771959976,43.8981344237479,0,0,WB-HWR,1
0,73.39464933333953,18.92158529360058,0,0,WB-HGH,0
0,76.63954572256951,36.23592442893066,0,1,WB-MSD,1
1,49.64830964133076,5.72560908674967,0,0,WB-MSD,1
0,78.01517551040816,21.769570845236625,0,0,WB-PBD,0
1,69.20533712115453,20.826941808146373,0,1,WB-PMD,1
0,37.65946395820696,29.45679928623565,1,0,WB-S24,0
0,56.51306980596897,8.273131779973841,1,1,WB-S24,0
0,64.5551003984104,40.555911817674875,1,0,WB-HWR,0
1,99.0,14.800136079540584,0,0,WB-S24,0
0,82.01795624160765,35.46670166969046,1,1,WB-N24,0
0,47.96133175620196,41.144545545984194,1,1,WB-PBD,1
1,80.74865320951747,30.28446303086809,1,0,WB-PBD,0
0,44.14852819910942,38.33974430248935,0,0,WB-PBD,1
0,91.48843896996732,34.78371404967525,0,0,WB-N24,0
0,63.51975626727818,20.998840871840343,1,1,WB-PMD,1
1,70.31454860269493,41.39863425651044,0,1,WB-HGH,1
0,95.86433965575942,18.26156164484876,0,0,WB-N24,0
1,48.8310557654835,30.704581298818272,1,0,WB-PBD,1
0,46.85187266796616,38.54289826136928,0,0,WB-PBD,1
1,61.495212125771914,22.05301594156284,0,0,WB-MSD,1
1,90.6908193183477,18.624542342784128,0,0,WB-PBD,1
1,44.65177064141683,25.67057045777702,1,0,WB-PMD,1
0,21.021199234009764,41.80835724571191,0,1,WB-S24,1
1,63.87914054863802,46.84647934155492,0,1,WB-HGH,1
0,81.93133439839657,29.528753578695056,0,1,WB-N24,1
0,93.60471149529893,34.76597923956433,1,0,WB-PBD,0
0,63.66309548246282,45.64731300075114,0,0,WB-MSD,1
1,64.59432107191196,9.434608313582409,1,1,WB-MSD,1
1,92.77021321660345,15.443536003977426,1,0,WB-HWR,0
1,38.34464940548243,36.900500281321214,0,1,WB-HGH,1
0,65.00662604670583,42.068500786053484,0,0,WB-MSD,0
0,75.42763001865104,43.566306274876005,0,0,WB-HWR,0
1,80.08593698313062,23.679822958471966,0,0,WB-HGH,1
0,62.823479522564114,9.020295603134008,0,0,WB-PBD,0
0,72.61993821070514,24.700166478482895,1,1,WB-HGH,1
0,27.210107638566186,15.38305655931742,1,0,WB-HGH,0
0,60.15152857799073,18.103840474848088,0,0,WB-PBD,0
0,80.16315682598041,39.752040057687765,0,0,WB-PMD,0
0,54.31870738341577,8.39871887116491,0,1,WB-MSD,1
0,73.06171598861275,42.2411547866316,0,0,WB-HWR,1
0,80.04370501444856,24.24510886208761,0,0,WB-PMD,0
1,65.83411438456022,31.82287689952678,1,0,WB-HWR,0
0,75.06834787793828,9.034350405605554,1,0,WB-S24,0
0,54.67081382487698,20.18115852607758,0,0,WB-MSD,0
1,68.28099696547116,9.03654135566806,1,1,WB-HWR,1
0,82.983891052606,48.26946752964993,0,0,WB-HWR,0
1,74.82551329743181,41.32677421968127,0,0,WB-HGH,1
1,61.44243714784916,25.68347394604071,0,1,WB-S24,1
0,76.03589527723427,15.0621146745652,0,0,WB-PBD,0
0,84.86297623145913,47.00547973624335,1,0,WB-PBD,0
1,35.101056985605396,20.50684680771373,0,0,WB-N24,1
1,92.86333316920616,12.244299425931864,0,0,WB-S24,0
0,65.9474147037407,30.34239748042797,0,1,WB-HGH,1
0,79.65881879832415,47.46983541551673,0,1,WB-N24,1
0,93.5504446256141,5.172363072514516,0,1,WB-N24,0
1,47.30987344985161,15.715617946429944,0,1,WB-PBD,1
0,59.23006195630416,47.23014381846834,0,0,WB-HWR,1
1,66.80612347423731,12.698868508572293,0,0,WB-HGH,1
0,57.89243661976029,10.095955323791895,0,0,WB-S24,0
0,99.0,30.658424710991202,0,0,WB-N24,0
0,56.57810231111773,43.78297204826735,0,1,WB-HGH,1
0,62.0001579692364,26.469941796226674,0,1,WB-PBD,1
0,75.67900256885358,49.755391550803616,1,0,WB-N24,0
0,50.3613085306304,35.56272647920967,0,0,WB-N24,1
0,64.87774718838725,8.333370824470148,0,0,WB-PMD,0
1,77.71415870250316,49.67744592568889,0,0,WB-PBD,1
0,66.0085127211148,23.35524065510857,0,0,WB-PMD,0
0,70.31903653980093,17.933114023046713,0,0,WB-PBD,0
1,62.47202197592932,30.104563261004852,0,1,WB-PBD,1
1,44.73953443474619,18.693841631938895,0,1,WB-PMD,1
1,77.7886778041063,8.890587820406854,0,0,WB-MSD,1
1,99.0,5.0642754385629525,1,0,WB-HGH,0
0,72.3312293541019,25.231250881411803,0,0,WB-HGH,0
0,76.05475411045589,42.658854000196655,0,1,WB-MSD,1
1,84.46900959210348,30.754183353353444,0,1,WB-HGH,1
1,49.152051062159416,49.964328452454836,1,1,WB-HWR,1
0,99.0,17.908099054124,0,0,WB-N24,0
1,75.64191833561044,17.62047791420249,0,1,WB-HGH,1
0,99.0,12.188725710527489,0,0,WB-HWR,0
0,58.80540608056819,12.382861471940084,0,0,WB-N24,0
0,99.0,17.83339682045215,0,0,WB-HGH,0
0,85.95279889262609,40.67780203730872,1,0,WB-PBD,0
0,81.95472154534245,45.75905557864015,0,1,WB-MSD,1
0,76.21244017835666,48.87892263684566,0,0,WB-S24,0
1,67.52648487465991,15.453034434340369,0,0,WB-HGH,1
0,93.6095698525297,44.65838955263413,0,0,WB-S24,0
0,74.52647765726485,19.771479017480168,0,0,WB-HGH,0
1,36.59274533543126,10.077824503259798,0,0,WB-PBD,1
1,51.89064368927396,44.151121648407454,0,0,WB-MSD,1
1,68.65477646053054,33.62475355896284,0,0,WB-MSD,1
1,77.57998169697998,12.412890323647778,0,0,WB-S24,0
1,70.98140719980188,24.342406588085115,0,1,WB-HWR,1
0,93.94147421628594,17.926596269468043,0,0,WB-PBD,0
0,36.88016644730475,38.155755591958865,0,0,WB-S24,1
0,74.58458285709288,25.403730378092064,0,0,WB-S24,0
0,39.27637394303122,49.517597529787324,0,1,WB-PMD,1
0,85.67482131871503,7.46352420168178,0,1,WB-PMD,0
1,70.29974314004394,20.9756869761311,0,0,WB-PBD,1
0,79.55297949643412,26.685507519948985,1,0,WB-PBD,0
0,56.45010670938421,27.64100996367439,0,1,WB-PBD,1
0,95.03036876983953,19.217112007353656,0,1,WB-N24,0
1,90.75104395305932,37.81581120939056,1,1,WB-HWR,1
0,82.50379745421398,44.36361830700386,0,1,WB-HGH,1
1,69.66868955645806,47.24236858900384,0,1,WB-PMD,1
0,82.43743113531238,41.22920195597868,1,0,WB-MSD,0
0,59.27593377622772,43.276108878796975,0,0,WB-MSD,1
0,87.40000186237282,29.774538527899796,0,1,WB-S24,1
1,99.0,42.164970189206656,0,1,WB-PMD,1
0,91.27099007962535,18.65767591165785,0,0,WB-HGH,0
1,58.86715554346663,22.931544294914648,0,1,WB-PBD,1
0,78.50551171091585,19.261085621834496,0,0,WB-MSD,0
0,48.72345221234434,26.032430095156645,1,0,WB-PMD,0
1,82.30302560116216,17.851082730738636,1,1,WB-HWR,1
1,80.1108614315257,48.27251490145011,1,0,WB-HWR,1
1,38.34330588842105,19.078008260255068,1,0,WB-N24,1
1,51.08789080957745,9.412004214992292,1,0,WB-PMD,1
1,66.9034998586122,28.706772472268604,0,0,WB-PBD,1
1,66.58452455146512,7.569458530032937,0,0,WB-S24,1
1,50.22941516246151,9.974442483886124,0,0,WB-N24,1
1,79.0016171283393,14.872522513831083,1,0,WB-PBD,0
1,76.52652496092922,25.895761244696377,0,1,WB-N24,1
0,68.50315562438665,24.496291953906255,0,1,WB-PMD,1
1,58.395752997149465,40.986133790125606,0,0,WB-HGH,1
0,90.87672827549814,38.2763594247851,0,1,WB-MSD,1
1,99.0,24.184323229581558,0,0,WB-PMD,1
1,63.295893290762336,20.016689340903348,0,0,WB-PBD,1
0,60.98099549121323,19.241095282767436,0,0,WB-S24,1
1,80.84173797741593,39.829778928230404,0,1,WB-S24,1
0,65.55547116455425,7.343258279957139,0,1,WB-PBD,0
0,69.49085038806179,5.576974227977262,0,0,WB-N24,0
1,85.31375673104408,40.799497636699165,0,0,WB-HWR,1
0,37.63159042486873,26.471586919507217,0,0,WB-PBD,1
1,95.72944184734806,10.889651234910918,0,0,WB-MSD,0
1,73.30824943792814,15.600467056752557,1,0,WB-PMD,1
0,64.59312339788076,46.96267788938221,0,0,WB-S24,0
0,70.39378522401393,43.67763390312041,0,1,WB-HGH,1
0,71.32372839036934,36.94032726007876,0,0,WB-S24,1
0,40.838376537991344,26.700135365179694,0,1,WB-HWR,1
1,98.90888809415824,28.414563178612358,1,1,WB-S24,1
0,72.74386138087114,48.88600408777814,0,0,WB-HWR,1
0,79.97403834805276,48.459669974792924,0,1,WB-MSD,1
0,89.12789587033276,14.687107060362543,0,1,WB-PBD,0
0,53.619075763914594,41.49970548373932,1,0,WB-S24,0
1,80.52249418263412,13.875919977515757,1,0,WB-N24,0
0,67.18246036382172,14.609186504777812,0,1,WB-PMD,1
1,87.24187395389689,35.42418653740596,0,0,WB-N24,1
0,33.70990643367308,23.22504943643968,1,0,WB-PMD,0
1,70.21630259565715,46.91949831979341,0,0,WB-S24,1
0,61.14922819588869,9.005438070320398,1,1,WB-MSD,0
0,79.7807331114148,28.018653836427188,0,1,WB-S24,1
1,80.46079537262764,46.333468869940454,0,1,WB-PMD,1
0,59.26273389320353,45.68511472157773,0,0,WB-MSD,1
1,59.180870444831214,12.043814603708356,0,0,WB-HGH,1
1,70.00802336596807,21.49869650434054,0,0,WB-MSD,1
0,55.860439908326256,32.860463002101326,1,1,WB-S24,1
0,87.15570651813829,12.172769814713098,0,0,WB-HGH,0
1,65.35427039194597,48.56099774205824,0,0,WB-HGH,1
0,20.0,46.163719792744715,0,0,WB-PMD,1
0,65.25320298080749,12.512758056551114,0,0,WB-HGH,0
0,53.30621122480849,10.451995756744344,1,1,WB-HGH,1
0,42.63703532170298,8.843381726371938,1,1,WB-PBD,0
0,49.72632051199369,45.9249648816484,0,1,WB-MSD,1
1,73.96935249299347,13.713071440795735,1,0,WB-N24,0
1,95.91553490846816,23.73282178449596,1,1,WB-HGH,1
1,77.63732052956964,25.198311454340136,1,1,WB-N24,1
1,61.08293901211668,31.95549698961054,0,0,WB-HGH,1
0,80.20627551307265,8.228090468634123,1,1,WB-N24,0
1,63.73637441605815,15.204137783023217,0,0,WB-S24,1
0,59.497193355063395,46.917067411351674,0,1,WB-S24,1
0,51.22147197180628,45.878454827085626,1,1,WB-N24,1
0,40.467081478469055,40.15807913325615,0,1,WB-MSD,1
0,64.98137328192999,5.8730560528196945,0,0,WB-HGH,0
1,74.84496281856238,19.715304582324595,1,0,WB-PBD,0
1,70.26077393973199,33.25814309043085,1,0,WB-MSD,1
0,64.51259529694755,17.383559529806405,0,0,WB-N24,0
0,54.97657090745794,45.93140127741998,1,1,WB-MSD,1
1,82.94843145032944,33.525025782459885,0,1,WB-HWR,1
0,48.29162544096147,8.235802279240051,0,1,WB-PBD,1
0,85.96850244918255,45.905251497606635,1,0,WB-HWR,0
0,53.96009365931896,48.099499617930014,0,1,WB-N24,1
1,58.45616572764537,8.497058827627647,0,1,WB-HGH,1
1,45.59786656891781,28.95621056875917,0,1,WB-MSD,1
0,62.974761356058536,18.651392699637668,0,0,WB-MSD,0
0,89.55562425260362,22.677758441663105,0,0,WB-HWR,0
1,81.28130559199121,13.084304807990385,1,0,WB-MSD,0
1,89.61159801650463,31.013244590558564,1,1,WB-N24,1
0,81.39856582681085,48.10907089620008,0,1,WB-PBD,1
1,52.13394308645336,27.638267012222407,1,1,WB-HGH,1
0,66.04579396210397,8.731156162751653,0,0,WB-HWR,0
0,57.95641567588567,32.90006000648337,0,0,WB-MSD,1
1,95.95034827270273,20.310034750306567,1,1,WB-N24,0
0,50.45780436432639,43.5166335316084,0,1,WB-HGH,1
0,88.086558409004,24.56051667424116,0,1,WB-HGH,1
0,88.07316966195785,13.677782402401052,0,1,WB-S24,1
0,99.0,13.599753021101522,0,0,WB-HGH,0
1,64.62564133266905,39.59438813245222,1,1,WB-N24,1
0,84.82179887244291,16.951441923831197,0,1,WB-PBD,1
1,99.0,39.525502737165034,0,0,WB-PMD,1
0,60.88244981519346,14.264928984496972,0,0,WB-S24,0
0,44.369275544417526,19.475886591558925,0,0,WB-N24,0
0,38.15981938966026,25.946913759786472,0,0,WB-N24,0
1,84.82881651950396,47.44381323620528,0,1,WB-N24,1
0,38.10329625494549,46.92791411392211,1,0,WB-HWR,1
1,65.29825704711739,14.309234394002951,1,0,WB-MSD,0
0,79.8716373667013,21.119856855938277,0,0,WB-HWR,0
1,75.33315966293846,11.722972480419754,0,0,WB-PBD,1
0,79.6580075553151,27.949328569107372,0,0,WB-N24,0
1,76.00121740441537,25.726214781259998,1,1,WB-MSD,1
1,95.01958463964108,45.53420731028296,1,0,WB-HWR,1
1,54.85830514670165,46.85024200059827,0,0,WB-HWR,1
1,59.814087507746436,22.260532595328144,0,0,WB-HWR,1
1,58.09212998512517,27.128207435854524,0,0,WB-PBD,1
0,86.94345261352699,45.33063121157599,0,0,WB-PBD,0
0,88.20717459111114,41.30185134852776,0,0,WB-N24,0
0,80.12205574773314,5.164534010509217,0,1,WB-S24,0
1,93.3028860040187,19.40268038826121,0,1,WB-N24,1
0,50.795264387225146,23.979840887125665,0,0,WB-HWR,1
1,99.0,15.337232765745426,0,0,WB-PMD,0
0,99.0,13.980722715317244,0,1,WB-MSD,0
0,85.24119595042345,6.700302796805585,0,1,WB-HWR,0
0,99.0,33.951637628139224,0,0,WB-HGH,0
1,42.180782261800076,16.812963071742452,0,1,WB-PMD,1
0,62.559933547272266,7.355623029409089,0,1,WB-PMD,0
0,58.764537707724855,15.394068973762863,0,1,WB-MSD,1
0,84.98662782763218,41.08612787762569,0,0,WB-N24,0
0,53.09746668716138,43.3170131740946,0,0,WB-HWR,1
0,85.63491268807473,26.73798103369862,0,0,WB-HWR,0
0,96.66965059194084,23.72318016839088,0,1,WB-S24,0
1,84.51365220151199,49.00341620758018,0,1,WB-HGH,1
0,77.10751842590702,14.025409681463145,1,0,WB-N24,0
0,54.21827986378651,14.691167728457382,0,1,WB-PBD,1
0,56.756682609743436,18.13402296663799,0,1,WB-N24,1
0,94.49314029534,12.77407932264893,0,1,WB-PMD,0
0,86.02828207029599,22.071451919188398,0,1,WB-N24,0
0,71.29764865120421,45.987540214538924,0,1,WB-S24,1
0,64.47762817621397,32.69065282828584,0,0,WB-N24,0
0,35.53545828399522,23.537594687551863,0,1,WB-S24,1
1,52.724656463680105,47.04848575570467,1,1,WB-PMD,1
1,99.0,7.180890461412004,0,0,WB-S24,0
1,48.951799721955595,14.462428005583762,0,0,WB-MSD,1
0,75.41063678197945,30.464987229579155,0,1,WB-MSD,1
0,90.13399151751358,32.69986804369306,1,0,WB-HWR,0
0,49.411391975958736,6.780087795317591,1,1,WB-PBD,0
0,75.3247885460595,23.13674410582095,0,0,WB-PMD,0
1,88.88247967519179,34.211928417389274,1,0,WB-S24,1
0,72.2249877943305,36.41317458815307,0,0,WB-HGH,1
0,99.0,33.71629561323212,1,0,WB-PMD,0
0,41.965213340192484,19.425345096241607,1,1,WB-HGH,1
1,91.05711353790983,9.208405561905927,0,0,WB-PBD,0
0,68.88956872686364,24.220060088870035,0,0,WB-S24,0
0,85.89456278706015,10.793949681562497,0,0,WB-PMD,0
0,79.94352873058642,47.64306463343002,0,0,WB-PMD,0
0,58.80318845202006,26.382688971018272,0,0,WB-PBD,0
0,76.12193506426813,19.27666284605904,0,1,WB-HWR,1
0,38.55777387483083,39.483683200350505,0,0,WB-HGH,1
0,82.85845501028508,27.407686666201876,0,0,WB-PMD,0
0,77.36685238782947,18.95153108056025,0,0,WB-N24,0
0,83.49588303557584,41.53854840758608,0,0,WB-HGH,1
0,91.04612985156871,44.021846795050486,0,0,WB-S24,0
0,78.6171571237748,35.285367482990466,0,0,WB-PBD,0
1,74.66560955636898,7.113399008345028,0,1,WB-HGH,1
1,56.14076994009674,30.484529607493943,0,1,WB-N24,1
0,59.180026254317085,39.34827103987767,0,1,WB-MSD,1
0,93.36122316319197,11.142635543761198,1,0,WB-N24,0
0,97.85403730270761,15.29018381230715,0,0,WB-PBD,0
0,67.71401214638303,44.71227972806614,0,0,WB-PBD,1
1,72.82804945055894,5.9054774833883314,0,1,WB-MSD,1
0,55.716941250112214,38.87272120216892,0,1,WB-HGH,1
1,93.10962321481401,26.31979816314903,0,0,WB-S24,1
0,83.97750282645201,25.10474714778231,0,0,WB-HWR,0
0,99.0,5.319343962269923,0,1,WB-N24,0
1,56.1901846107647,41.87292039349217,1,1,WB-PBD,1
1,65.19585781767209,21.192120528645493,0,1,WB-HWR,1
1,76.1660266054603,29.334453408524432,0,1,WB-HWR,1
1,83.63681167906387,35.478530885104675,1,1,WB-HWR,1
0,68.11798252414262,36.61833093970621,0,0,WB-S24,1
1,56.28670037183339,48.019102647173256,0,1,WB-PBD,1
0,87.86533552062428,28.91029789564741,0,1,WB-N24,0
1,84.98043652582047,22.98737979384924,0,1,WB-PBD,1
0,55.50706618985295,47.916663192126855,0,0,WB-HGH,1
1,96.39797041989893,33.89496057614845,0,0,WB-N24,1
0,93.06357676553887,18.416766032445004,1,0,WB-PBD,0
0,74.41733695046027,10.690891043160702,1,0,WB-N24,0
0,73.43276152276866,42.914952565933156,1,1,WB-HGH,0
1,81.97303988008633,21.29817212573682,1,0,WB-PMD,0
0,56.489344735387355,34.7211374613994,0,0,WB-N24,0
0,72.54056662495348,26.186738871465415,0,1,WB-PMD,1
0,33.257096197034755,13.951840090776725,0,0,WB-HWR,1
0,87.77620161905284,32.07589738792093,0,0,WB-MSD,0
1,43.89312199604653,7.7307381027807045,1,0,WB-S24,0
0,99.0,23.60041069420365,0,1,WB-HGH,1
1,66.05783830860389,29.597672284865197,1,0,WB-N24,1
0,68.18999432523881,24.62211383533606,1,1,WB-HGH,1
0,60.7007896904789,38.690247886294586,1,0,WB-HWR,0
1,66.81530026940263,42.25662295453906,1,1,WB-PMD,1
1,97.53356421266466,39.70593833149301,0,0,WB-S24,1
0,27.21944418236857,6.746582651531095,0,0,WB-HGH,1
0,94.98537694958738,13.73579467006875,0,0,WB-PMD,0
1,78.08442265983075,29.147337916869844,0,0,WB-HWR,1
0,50.27361033857012,47.06699181997106,0,0,WB-HWR,1
1,52.64437692511372,42.57305487734526,1,0,WB-HWR,1
1,99.0,42.914052875831075,1,0,WB-MSD,0
1,54.980876161030835,18.644368719185373,0,0,WB-PMD,1
0,51.23969080927273,24.325155368541616,0,0,WB-N24,0
1,92.47166176256513,26.181767629217184,0,0,WB-PBD,1
0,78.09395177314646,12.081721250745968,0,1,WB-HGH,1
0,55.11733962234482,6.398065861000534,0,1,WB-MSD,1
0,75.89924955728314,47.61063047572326,0,0,WB-PBD,1
0,53.536451694475005,15.832066354857803,0,0,WB-HWR,0
1,91.8147851716069,15.79770066756341,0,1,WB-PBD,1
1,91.1046773677164,8.752057419594179,0,0,WB-PMD,0
1,81.57611157879498,46.782848837470034,0,1,WB-HWR,1
0,78.5098991024463,31.08817017228974,0,0,WB-MSD,0
0,99.0,35.01665857064093,0,1,WB-HWR,1
0,71.99435389298806,46.020959926837364,0,0,WB-S24,1
1,50.72626574242558,20.552907600535526,1,1,WB-S24,1
0,80.09053043098152,32.96782900121379,0,0,WB-MSD,1
1,99.0,6.745975462799936,0,1,WB-PMD,1
0,53.73432912265466,13.40476377040082,0,0,WB-PMD,0
0,65.49367019950826,42.40606122904741,0,0,WB-PBD,1
1,79.49602868582615,39.50457603522511,1,1,WB-MSD,1
0,71.0297127178967,20.77892111557161,0,0,WB-HGH,0
1,54.318535553208335,21.956478249839563,0,1,WB-MSD,1
1,92.19344141214847,29.009949509911074,0,0,WB-PBD,1
0,99.0,5.010845210831055,0,1,WB-PMD,0
0,75.53036626243033,15.855995121711254,0,0,WB-HGH,0
0,55.72677078475199,14.37043138736965,0,1,WB-MSD,1
1,44.118710549037445,16.271732603739355,0,1,WB-PBD,1
0,76.64356766198125,41.26576291400486,0,0,WB-N24,1
0,91.86979217969264,17.58532354458994,0,1,WB-N24,1
0,80.55301943691687,13.618459492256667,0,1,WB-HGH,1
1,71.95673086346063,27.691855735686417,0,0,WB-S24,1
0,61.39311026779249,43.95402663677294,0,1,WB-HGH,1
1,52.341054611074384,15.860736672687494,0,0,WB-PBD,1
1,87.02552387384787,8.534130925675942,0,1,WB-HWR,1
0,88.44788918494055,21.03821311323491,0,0,WB-N24,0
0,44.176863839566806,38.644332105424,0,0,WB-HWR,1
1,99.0,29.781074511265757,0,0,WB-N24,1
0,82.33328197609202,41.755701630845635,0,0,WB-PBD,0
1,97.19270361262429,48.18164664241553,1,1,WB-N24,1
0,47.84170052726793,40.66981145382277,0,1,WB-HGH,1
0,47.415165202522104,32.1711385479689,0,0,WB-HWR,1
1,69.31855242418865,27.200371462357122,0,0,WB-PMD,1
0,81.0501196841135,6.803108885672,1,1,WB-HWR,0
0,99.0,49.29448904663186,0,0,WB-PBD,0
0,84.70942044867238,22.256650515876913,1,0,WB-PMD,0
0,67.6317370173834,11.850269626259006,1,0,WB-HWR,0
0,53.52535426201394,35.00189849284055,0,0,WB-MSD,1
0,94.14001030894471,17.79297300929567,1,0,WB-PBD,0
1,54.63530233648713,31.360022191897144,0,1,WB-MSD,1
0,99.0,31.404555853006606,1,0,WB-S24,0
1,66.88107630708284,25.057841940629114,0,1,WB-HGH,1
0,99.0,42.625337699526916,0,0,WB-N24,1
1,84.22076322106702,16.923517769994938,0,0,WB-MSD,1
0,69.53408119003575,25.18846662279804,1,1,WB-N24,0
1,62.65086530712972,29.196145786593718,0,0,WB-N24,1
0,65.86365820777057,34.86311243452848,0,0,WB-S24,1
0,79.70970046275427,40.27873327275152,0,1,WB-HGH,1
0,73.3888169319189,22.76632772952152,0,0,WB-HWR,0
0,61.311394654763305,34.07211248434682,0,1,WB-MSD,1
0,69.01863461428262,11.77749288808336,0,0,WB-HWR,0
0,73.4143865349447,46.96916452441154,0,1,WB-HGH,1
1,33.68278630053338,22.23764628894516,0,0,WB-PMD,1
0,80.24702606619658,37.82846398893973,0,0,WB-HGH,0
0,54.36501795509748,5.915348684697994,0,1,WB-N24,1
0,51.24001674229659,14.233421430716314,0,1,WB-HWR,1
1,41.627801752007215,26.91871449456101,1,0,WB-HGH,1
0,39.70993503837798,44.521361047955594,0,0,WB-HWR,1
0,47.60194494397879,28.726481747780472,1,0,WB-HGH,1
0,59.23762276265117,46.84417170322455,0,1,WB-PBD,1
1,99.0,26.770860346225835,0,1,WB-MSD,1
1,62.534165833886334,27.070209353117747,0,1,WB-N24,1
0,75.19950191282456,10.388605482523936,1,0,WB-HGH,0
1,79.20866495711391,41.11953098684989,0,1,WB-S24,1
1,74.35917335188527,16.11344356101781,0,0,WB-HGH,1
0,70.60601770693212,45.48256202175418,0,0,WB-PBD,1
1,50.484712255213594,45.98708991486782,0,0,WB-S24,1
0,98.11669586902582,47.448955034336734,1,1,WB-S24,0
0,99.0,28.41037200963905,0,1,WB-HGH,1
0,41.71214350579166,35.469220315263996,0,0,WB-PBD,1
0,53.56748536404517,40.033214602774855,0,1,WB-S24,1
0,66.96341383721389,10.895657839270953,0,1,WB-MSD,1
1,54.63831969161656,32.043073774887375,0,0,WB-N24,1
0,81.10737996220557,6.543405558649026,0,0,WB-PMD,0
0,58.891100356680965,27.390473752492664,1,1,WB-N24,0
0,99.0,11.967920672910234,0,1,WB-HWR,0
1,93.42987469818473,13.231531668293812,1,0,WB-HWR,0
0,75.82633255137986,21.42714050116707,0,0,WB-PBD,0
0,90.48575273975518,24.459672502242636,0,0,WB-S24,0
0,91.90620763843157,33.04275910394843,0,0,WB-N24,0
0,61.84894521495162,8.349278829733205,0,1,WB-N24,1
1,57.308089598244635,27.666129255685007,0,0,WB-PMD,1
1,73.40657513345366,13.21813086138955,0,1,WB-PBD,1
0,87.50945024096299,30.828882876428384,0,0,WB-MSD,0
1,74.50308717576152,33.683207551753256,0,0,WB-S24,1
0,43.61406332056205,30.051916544878424,0,0,WB-PBD,1
1,57.54916000888484,38.22329797152384,0,1,WB-HGH,1
0,70.6684884553012,20.102415990840562,0,0,WB-N24,0
0,70.63801912213505,39.42979662349089,0,1,WB-PBD,1
0,99.0,24.474518676868716,0,0,WB-PBD,0
1,47.052217036818035,26.788302424516857,0,0,WB-PMD,1
0,81.10060635304575,34.16459572674822,1,0,WB-MSD,0
0,98.8040359499092,5.826127279965078,1,0,WB-HGH,0
0,99.0,34.429739963911175,0,1,WB-HWR,1
1,64.72084638268869,32.83633170824519,0,0,WB-N24,1
0,80.8457301489636,18.943120253897597,0,1,WB-PMD,1
1,82.25568642957565,8.860742820477027,1,0,WB-MSD,0
1,75.51867116795924,9.092095246086853,0,0,WB-MSD,0
0,70.22078637769249,46.545068614335285,0,0,WB-PBD,1
1,79.84755701100083,36.01756945516267,0,0,WB-N24,1
0,26.419570466045663,10.719617619683317,0,1,WB-HWR,1
1,84.27725082112737,21.052542618900787,0,1,WB-MSD,1
0,74.2712022659154,31.66173472557184,0,0,WB-PBD,0
1,67.99545185799123,42.60072672907919,0,0,WB-MSD,1
1,99.0,6.964741792085384,0,1,WB-HGH,1
1,59.851187661770055,15.648490916150399,0,1,WB-MSD,1
1,64.74463219682944,45.0387045632921,0,1,WB-N24,1
0,99.0,5.412449758271742,0,0,WB-MSD,0
0,57.02289651270258,14.062959625724933,1,0,WB-MSD,0
1,62.0979249071423,48.15608791878347,0,1,WB-PMD,1
0,69.3535423782447,32.6030830934977,0,1,WB-HGH,1
0,87.13322067833188,16.77521149868779,0,0,WB-HWR,0
1,75.74044513235964,8.014599247813141,1,1,WB-HWR,1
1,48.73274375125927,6.268610320124997,1,1,WB-N24,1
1,62.42096586371059,16.013528583661728,0,0,WB-HWR,1
0,61.067620202180194,44.66686188150097,0,0,WB-S24,1
1,70.61002118598518,23.716114443387927,0,0,WB-PMD,1
0,79.66518585533693,37.41500161246969,0,0,WB-N24,0
1,79.5277036059835,46.322826592098096,0,1,WB-MSD,1
0,40.03178842712876,23.361820772126748,1,0,WB-S24,0
1,91.15093777609542,13.607481696682868,0,1,WB-HWR,1
1,76.54623922793922,28.270306888561375,1,1,WB-MSD,1
0,96.92157685669031,45.86376591769345,1,0,WB-N24,0
1,79.9955698912321,41.19684863619653,0,0,WB-S24,1
0,91.82381323924372,7.96234295134192,1,1,WB-HWR,0
1,80.39781560610228,36.16577600349118,0,1,WB-PBD,1
1,96.23206361164947,30.735388510652918,0,1,WB-PBD,1
0,81.40051144832002,45.83584293558915,0,0,WB-HGH,1
1,70.23752556402772,10.511663758263374,0,0,WB-PBD,1
1,99.0,29.03162509420955,0,0,WB-S24,1
0,88.00266820103806,44.57582120803515,0,1,WB-PMD,1
0,82.32739957807944,23.451070403378434,0,0,WB-PBD,0
1,49.02652050230995,26.689771297979018,0,1,WB-N24,1
1,48.81046288565632,8.170730495013123,0,0,WB-N24,1
1,77.26887867855336,17.516463820200986,1,1,WB-N24,1
1,74.61938155982834,19.60279921260263,0,1,WB-PBD,1
0,60.94579382985031,47.53051019351991,0,0,WB-MSD,1
1,74.53768859301708,17.720031224352155,0,1,WB-PBD,1
0,99.0,25.73909308713434,0,0,WB-HGH,0
0,84.51724454190537,35.20869906039259,0,0,WB-PMD,0
0,51.46184682445071,12.298251758354482,0,0,WB-MSD,1
0,69.99284111142701,26.88990742138435,0,0,WB-PMD,0
0,57.5106033446539,38.23425677641584,0,0,WB-MSD,1
0,65.0214015046459,44.008484586217975,1,1,WB-MSD,1
1,64.55491801866643,33.1816673598092,0,1,WB-HWR,1
0,63.402379513127904,35.10740818926266,0,0,WB-HGH,1
0,49.40756330447889,10.682756266305603,0,1,WB-S24,1
0,69.70221573267258,47.55994237608562,0,1,WB-N24,1
0,61.90906253674842,10.965833486801706,0,1,WB-PBD,1
0,20.0,39.86028217318093,0,1,WB-HWR,1
0,99.0,16.916734480024346,0,0,WB-HWR,0
0,91.59785377590009,47.01169146655632,0,0,WB-MSD,0
1,65.22658695135007,37.39817927162658,0,1,WB-PBD,1
0,72.33874289533077,38.9216170840266,1,0,WB-HGH,0
0,50.91022174828389,14.85766278769475,0,0,WB-HWR,1
0,99.0,24.936798948582236,0,0,WB-PMD,0
1,99.0,32.80159375651789,0,0,WB-HGH,1
0,74.82048710843745,39.64881281929704,0,0,WB-PBD,0
0,90.4235515953362,9.678171916057531,0,0,WB-MSD,0
0,75.15516202081064,48.30643924045378,0,0,WB-HGH,1
0,47.93894210023325,45.05993017495502,0,1,WB-MSD,1
0,64.58717935865417,17.165686572301297,0,0,WB-PMD,0
0,74.37470340189523,42.02421093645494,0,0,WB-N24,0
0,63.818141062618004,28.324576536792055,1,0,WB-MSD,0
0,68.06424100616935,25.781291670290837,0,0,WB-MSD,0
0,70.35480796483594,19.149534761513245,0,0,WB-PBD,0
1,70.5441870384217,31.14358639842166,1,0,WB-PMD,1
1,72.9406528289547,37.8450102966619,0,0,WB-PBD,1
1,52.909108804861184,23.491980723324122,0,1,WB-PMD,1
1,59.09370931569715,33.31486368537314,0,0,WB-PMD,1
0,48.87748321740055,36.46908145198867,0,0,WB-HWR,1
0,89.6006798943516,37.000481765687866,0,0,WB-HWR,0
0,34.09835504687416,7.338474415903111,0,1,WB-HWR,1
0,92.76462617970466,43.68865125582801,0,1,WB-N24,1
1,96.95428915073119,25.621399164427157,0,1,WB-N24,1
0,66.56074943431281,16.80872367632965,0,0,WB-PMD,0
1,25.143532419108624,15.87940283658567,1,0,WB-S24,1
0,65.49640988458877,26.735635077977772,0,0,WB-PBD,0
1,70.84468509680126,44.90741927610316,0,1,WB-HWR,1
0,53.80923204127956,22.025641175719112,0,0,WB-PBD,0
0,62.726068911451634,38.73765860525945,0,1,WB-MSD,1
0,99.0,9.356842894424837,0,1,WB-PMD,0
0,83.96868892143134,26.42255159679778,0,1,WB-HGH,1
0,55.3578459411942,49.625876317673104,1,0,WB-PMD,0
0,43.243214947282226,39.669701125655166,0,1,WB-N24,1
1,66.11368828302412,14.473781979827585,0,0,WB-S24,1
0,68.15777797169211,27.564866316405983,0,0,WB-HGH,0
0,80.9315853725397,15.513114364185494,0,0,WB-PBD,0
0,62.364299173782136,23.430241726812916,0,1,WB-N24,1
1,81.20699235651351,40.10378106807342,0,0,WB-HWR,1
0,99.0,39.705116688068166,1,0,WB-HGH,0
0,86.67901840399672,15.264517005607331,0,0,WB-N24,0
0,71.1344068680461,46.500049316968706,0,1,WB-PBD,1
0,68.7032915210407,31.665568224417207,0,1,WB-PMD,1
1,65.57988358476231,22.096593093290654,0,1,WB-PBD,1
0,93.2515364241386,27.587101135138727,0,0,WB-HGH,0
0,60.70835797287655,32.22820640469847,1,0,WB-HGH,0
1,72.81400876199969,30.195073933060343,1,0,WB-PMD,1
0,72.92156223385953,26.888226599128018,0,0,WB-HGH,0
0,62.96788452939242,27.721976184023006,0,1,WB-S24,1
0,47.295620138086186,12.938535969254879,1,0,WB-HWR,0
1,77.81354106511803,41.57298069371057,0,0,WB-N24,1
0,70.9019285066031,29.37921439734569,0,0,WB-PMD,1
1,81.00432844985826,10.898593776711639,0,1,WB-PBD,1
0,62.39519448409499,39.47706957122501,0,0,WB-PBD,1
0,93.97478337863487,46.95997902698079,0,0,WB-HWR,0
0,56.218071938186796,47.62881046566329,1,1,WB-HGH,1
1,99.0,21.605797958502773,1,0,WB-HGH,0
0,40.542542823091296,11.098259310233932,0,1,WB-PBD,1
1,79.82586116202404,28.32798319848793,0,0,WB-HWR,1
1,80.55775228547922,10.06741532071493,1,1,WB-PBD,0
0,57.67997277706412,47.02943383306778,0,0,WB-HGH,1
0,79.63909088149822,13.26108323098157,0,0,WB-PMD,0
0,95.03133605568286,16.374463697802383,0,1,WB-N24,0
0,32.09726089162684,23.29864370982367,0,0,WB-HGH,1
1,81.04940653483466,22.24240108516066,0,0,WB-PMD,1
1,27.121125234058603,40.75983015790501,0,0,WB-N24,1
0,54.61803353658226,25.534256924793304,0,1,WB-MSD,1
0,99.0,12.68457170015016,1,0,WB-S24,0
1,61.52792339894303,17.024445296873335,0,1,WB-HWR,1
0,50.870160640638495,27.91010233343849,0,1,WB-PMD,1
1,68.43712087827572,11.63542628417607,0,1,WB-S24,1
0,99.0,32.52450540407064,0,0,WB-HGH,0
1,39.02971955029153,30.458628794801566,0,0,WB-MSD,1
0,53.0764215904918,37.161604237201594,0,1,WB-HWR,1
0,98.95377029723328,47.19670769207155,0,0,WB-PMD,0
0,99.0,46.051455249552006,0,0,WB-MSD,0
0,70.1382379627749,47.57340281309741,1,0,WB-HGH,0
0,49.69705135452044,16.01220186606654,0,0,WB-HWR,0
1,99.0,10.920438798770958,0,0,WB-HWR,0
1,99.0,18.602451522340182,0,0,WB-HGH,0
0,84.22104577972019,45.27883277448416,0,1,WB-HGH,1
0,57.37675771912644,48.74240635805697,1,0,WB-MSD,0
0,71.11747186491534,43.66962279817142,1,0,WB-MSD,0
0,69.11351854119305,9.950797450739461,0,0,WB-PMD,0
0,77.9553234830804,47.634259912690695,0,0,WB-HWR,0
0,98.11802588636405,24.05111123078537,0,0,WB-PMD,0
0,87.82950674047325,5.418963084305916,0,1,WB-MSD,0
0,52.60723061427435,24.90771833366871,0,1,WB-HWR,1
0,96.77693610035168,7.073112635396042,0,0,WB-PMD,0
0,77.63637852023679,29.47450645225029,1,0,WB-HGH,0
1,84.3671843254605,20.234931234667307,0,0,WB-HGH,1
0,98.39773546701485,26.304572011732194,0,1,WB-PBD,1
1,51.99155550875608,32.59266623344027,0,1,WB-MSD,1
0,71.35513958328367,44.09604931180191,0,1,WB-PMD,1
0,62.43381807553413,34.785570941236784,0,0,WB-PBD,1
1,43.77853034342179,24.53219908151813,0,1,WB-PBD,1
1,78.24077959688856,41.87425341516643,0,0,WB-S24,1
1,99.0,45.75119619079095,0,0,WB-HWR,1
0,38.87860059889645,10.389198489448875,1,1,WB-N24,0
0,71.41894900110954,28.936983989875614,0,1,WB-S24,1
1,83.52977283134592,17.803038188409985,0,0,WB-MSD,1
0,74.21540762981127,7.117753904462633,0,0,WB-HWR,0
0,69.96369505471667,35.08460128012934,1,0,WB-N24,0
0,48.614105457975164,43.82468498566515,0,0,WB-PBD,1
0,76.19016137292294,12.330619451482733,0,0,WB-N24,0
1,58.37824841371332,41.558614593075525,1,1,WB-HGH,1
0,32.58140931038604,43.40280800916237,0,1,WB-MSD,1
0,93.50265996924715,46.145319919991756,0,1,WB-HGH,1
0,89.25094475715676,16.93782900887236,0,1,WB-PMD,0
0,72.92989758331943,45.677887933545016,1,0,WB-HWR,0
0,76.12334438770264,19.42982396313945,0,1,WB-S24,1
0,91.3377242288801,29.85521060549763,0,0,WB-MSD,0
0,76.03811382200549,7.272836187452696,0,0,WB-PBD,0
1,88.27231598570366,6.974648976593462,1,0,WB-MSD,0
0,66.6453203842707,37.41679457294913,0,0,WB-HWR,0
0,95.61570729433103,25.001599009000596,0,1,WB-PBD,0
1,77.77414306678831,16.53315689161479,1,1,WB-HGH,1
1,75.49293498490573,13.56860732112096,0,0,WB-MSD,1
0,49.13890040318343,35.14790708866481,1,1,WB-S24,1
0,77.16520537743075,5.018069481140294,1,0,WB-S24,0
0,57.024811485099875,41.26510261385844,1,1,WB-HGH,1
1,60.510910922487106,8.566232275846797,0,0,WB-N24,1
1,57.32323869030982,13.617032670865376,0,0,WB-S24,1
1,52.80777122581395,22.380637788459033,1,0,WB-N24,1
0,99.0,26.818643287224663,1,1,WB-PBD,0
1,95.96410311579126,20.974780211627383,0,0,WB-S24,0
0,99.0,19.432047424293224,1,1,WB-PMD,0
0,49.98788964799985,48.37622054329348,0,0,WB-HGH,1
0,73.28256749839606,33.87108565595274,0,1,WB-MSD,1
1,48.71686274632627,6.05448299153247,0,1,WB-N24,1
0,59.47749221045285,24.357915879994092,1,0,WB-PMD,0
1,55.473714298501655,44.37539148847866,0,0,WB-PBD,1
0,94.31251211594811,18.565528388480057,0,1,WB-PBD,0
0,64.86786579416832,9.25503551484747,1,1,WB-S24,0
0,91.23082800649229,39.1273147215463,0,1,WB-S24,1
0,82.87417601259332,32.270622437123656,0,0,WB-PMD,0
1,99.0,30.664062852192675,0,0,WB-HWR,0
0,45.37000398348496,7.410945182333357,0,1,WB-HWR,1
1,94.66619831616238,11.32245544079828,0,0,WB-S24,0
1,92.63593566721309,33.01472282959012,1,0,WB-HWR,0
1,54.47918091551338,14.352072865647612,0,0,WB-HGH,1
0,90.12840005651688,27.683153588679094,1,1,WB-PMD,0
0,78.05060933447211,29.519675871322704,0,1,WB-HGH,1
0,67.90542732083865,17.75782356219227,0,0,WB-HWR,0
1,57.16916123450401,47.67913199936718,0,0,WB-S24,1
1,59.05602987391465,42.91088480760088,0,0,WB-HGH,1
0,99.0,37.50680784347593,0,0,WB-PBD,0
1,72.0122907412347,8.50972398842341,0,0,WB-MSD,0
0,86.07834002756627,9.775850868905874,0,1,WB-S24,0
0,57.76381112998404,27.175160563923008,0,0,WB-PMD,0
0,57.9626469680105,12.232100713594356,0,0,WB-N24,0
1,91.47572656649896,49.021945858826335,0,1,WB-N24,1
0,47.70762819207242,12.133410531233425,1,0,WB-S24,0
1,64.52615217770511,26.93605259587883,0,0,WB-HWR,1
1,72.61249339930018,21.385447557867742,0,0,WB-HGH,1
1,74.00470683312095,33.77238896543441,1,0,WB-HGH,1
0,68.77632086970918,10.80663840002412,1,1,WB-S24,0
0,79.12475605972662,24.364239261907592,0,0,WB-PBD,0
0,84.4714036047206,17.361726476321465,0,0,WB-PMD,0
0,85.22347581826794,44.94881861022596,0,1,WB-HWR,1
0,54.25553144397912,6.826357046061279,0,1,WB-PBD,1
1,66.88520823728165,46.117737230290665,1,0,WB-S24,1
0,93.50573151378488,42.48473623488502,0,0,WB-S24,0
0,88.1036493763297,18.390682239836696,0,1,WB-PBD,1
0,47.28852987334085,40.518079460469714,1,0,WB-N24,0
0,78.32663820633962,6.40461021524364,0,1,WB-S24,0
0,36.39194551125342,48.508949763202715,0,1,WB-PMD,1
0,72.84482823708666,28.69677241654052,1,1,WB-MSD,1
1,99.0,18.647646172945038,0,0,WB-HWR,0
0,54.93793108915825,21.316244566760467,1,0,WB-PBD,0
1,56.98218518115152,7.988240905722382,1,1,WB-N24,1
1,85.75253606831147,49.520728131891765,0,0,WB-PBD,1
0,44.22957272622637,6.768137531781161,0,0,WB-N24,0
1,60.6104094620693,34.47082054165365,0,0,WB-N24,1
0,82.73594047647154,24.923116746790622,0,0,WB-PMD,0
1,60.582854741590744,47.70122981849218,0,1,WB-HWR,1
0,67.75254023020251,16.06998831380578,0,0,WB-S24,0
1,85.39534278567062,28.94390707721051,1,1,WB-N24,1
1,79.5878295036581,26.706029386223882,0,0,WB-S24,1
1,76.80273113331724,36.62898998225456,0,0,WB-HWR,1
1,65.8957989731393,8.060460437858923,0,0,WB-S24,1
0,78.6611000748412,13.720510851050967,1,1,WB-PMD,0
0,69.77281175820438,14.655416904178242,0,1,WB-PMD,1
0,80.24050097866413,38.21678396787603,0,0,WB-HGH,1
0,63.055223547876395,13.511241334703303,1,1,WB-PMD,0
1,68.71375846116825,30.80712937509395,0,0,WB-N24,1
0,54.18075973406375,14.685971922542917,0,1,WB-HWR,1
1,71.36986301988776,43.77312275377903,1,1,WB-PMD,1
0,57.40198445468079,47.39834545203373,0,1,WB-PBD,1
1,51.947163897084124,28.33218387240082,1,1,WB-HWR,1
0,76.65590066139698,20.85389978941302,0,0,WB-N24,0
1,75.82931596543789,15.532599875787461,0,0,WB-HWR,1
1,86.09172722907431,7.24014506853697,1,0,WB-PMD,0
0,64.23973974764822,17.082503428887293,0,0,WB-PBD,0
0,79.3449512430616,34.440610097539306,0,1,WB-HGH,1
1,81.91435630092593,29.012761908914488,1,0,WB-N24,0
0,80.00592854096871,47.48185752264173,1,1,WB-MSD,1
0,57.13823370956144,22.832476812126526,1,0,WB-N24,0
0,74.6885426808814,36.22385040477775,0,0,WB-HWR,0
0,78.5545253289839,27.019523636380463,0,1,WB-MSD,1
0,72.12921240434295,28.065929716589526,0,0,WB-MSD,0
0,34.44340214932048,17.049844157185287,0,1,WB-S24,1
0,74.88881323152265,25.472784957889985,1,0,WB-MSD,0
0,99.0,26.185324865571825,0,1,WB-S24,0
1,65.51929316237431,36.798913478702026,0,0,WB-MSD,1
0,58.89461223860422,47.328799963375126,0,0,WB-PBD,1
1,78.72027407480516,19.819457486712693,0,1,WB-HGH,1
0,77.62280778839829,6.89902108615843,1,1,WB-HGH,0
0,93.46923297749547,27.333280647528788,0,0,WB-MSD,0
0,49.35837319364002,29.500759946712588,0,0,WB-HWR,1
0,85.16484454634987,12.579824800936187,1,0,WB-HWR,0
0,82.62759710252634,39.220907282423,0,0,WB-S24,0
0,69.44136233507017,49.321809879867125,0,1,WB-PMD,1
0,78.09637172259042,47.559862265380744,0,1,WB-HGH,1
0,90.53023466877043,13.869771747064348,0,0,WB-PMD,0
1,87.7016768405121,44.391345795534235,0,0,WB-HGH,1
0,51.42565238267288,36.70221363852581,1,1,WB-PMD,1
0,86.76284736159872,25.42309537131102,0,0,WB-PMD,0
1,70.83560510941467,29.327494744612807,1,1,WB-HGH,1
0,73.31173376427928,43.232007874210616,1,0,WB-PBD,0
0,73.3175458380305,26.606072283726792,0,1,WB-PBD,1
1,69.29562620163132,21.79433160973071,0,0,WB-HWR,1
0,93.45073494792717,27.196137186169363,0,1,WB-PMD,1
1,70.49307672271418,31.06084118157721,0,0,WB-PMD,1
1,51.84816968910296,13.508494420025698,1,0,WB-PMD,1
0,64.91646259254487,45.54084786201458,0,1,WB-PMD,1
0,75.21650490258855,35.33841269733262,0,0,WB-PMD,1
0,94.1258661173469,33.497101280186996,0,0,WB-S24,0
0,82.855704329079,9.477330178128717,0,0,WB-N24,0
0,56.690364982553206,32.18782721776663,0,0,WB-PMD,1
1,99.0,10.443229800732155,0,1,WB-S24,1
0,76.76595559760364,8.541395383792958,0,1,WB-PBD,0
0,94.95703328398227,28.7289903039077,0,0,WB-PMD,0
1,69.26914019560988,23.125349032092274,0,1,WB-PBD,1
1,81.6004664046981,31.496462157030045,0,0,WB-HWR,1
0,87.11043308133128,9.014997562575736,0,1,WB-N24,0
0,93.92750481157661,24.394237828126627,0,0,WB-HGH,0
0,91.03262949680806,12.86540217703211,0,0,WB-N24,0
0,87.6995460013136,49.419503866585245,0,0,WB-PMD,0
0,66.32843883850605,30.251759559582847,1,0,WB-PMD,0
0,61.708571244790896,35.934658742339025,0,0,WB-N24,1
1,77.98693518583556,19.643822630717352,0,0,WB-N24,1
0,88.79630530213925,9.263251165070486,1,1,WB-HWR,0
0,67.99102738602107,48.914188825259146,1,0,WB-MSD,0
0,91.17309538285896,17.881656592243246,0,1,WB-PBD,0
0,98.14710141875122,24.071368332810838,0,0,WB-HGH,0
1,55.50622345667844,34.243876476615874,0,1,WB-MSD,1
1,56.93542733166696,6.111378395875008,0,1,WB-N24,1
1,69.47324893970395,41.461660873277914,1,1,WB-HGH,1
0,77.53702802740554,29.146018551287913,0,1,WB-N24,1
0,62.557793752193085,17.519773418096996,0,1,WB-PBD,1
0,96.33964821960859,7.772359338161117,0,0,WB-HGH,0
0,79.63320350733213,12.312428696349865,0,1,WB-MSD,0
0,72.71004686833331,45.27652364840466,0,0,WB-S24,1
1,46.15362857036651,35.8710900771151,1,0,WB-PBD,1
0,48.315315304304875,16.245577473660042,0,0,WB-MSD,0
0,77.0581665050725,7.952034422526329,0,1,WB-HGH,0
0,33.61327872921295,36.07768905739863,0,0,WB-N24,1
0,90.22747337359328,30.75834766854943,0,0,WB-MSD,0
0,69.15323080129824,23.203378600620574,0,0,WB-N24,0
1,99.0,21.36251521355287,1,1,WB-PBD,1
1,99.0,14.756642416809873,0,0,WB-PBD,0
1,68.7339167535447,35.13250654418829,1,0,WB-MSD,1
0,70.08593395443633,48.68006125072417,0,0,WB-N24,1
0,89.92046725203653,12.907186062657164,0,1,WB-HGH,1
0,99.0,31.870247900697652,0,1,WB-MSD,0
0,42.515476966151695,24.08832750856893,0,1,WB-S24,1
1,39.84524162361564,25.10099247850992,1,1,WB-HWR,1
0,60.80337350002114,16.436627605751646,0,0,WB-PBD,0
0,82.48927649712957,42.131069404763856,0,1,WB-N24,1
0,80.94372462913675,26.83650218662585,0,0,WB-HGH,0
0,91.2558861897093,29.453263348921883,1,0,WB-PBD,0
1,50.405444489424454,18.71424107587966,0,0,WB-HGH,1
0,30.309410466560223,13.181380955012738,0,0,WB-PBD,1
0,87.44425551543861,8.865967469126922,0,1,WB-N24,0
0,57.092467086625774,37.13536134162121,0,0,WB-HGH,1
0,35.667218441004515,13.830542675953502,0,1,WB-N24,1
1,74.61114742726888,36.053390938495895,1,0,WB-HGH,0
1,86.27716238793619,22.566940072112924,0,0,WB-PBD,1
1,69.80297162181701,23.709866044534316,0,0,WB-HWR,1
1,63.758729048715196,26.11298732417473,0,1,WB-HWR,1
0,69.13147982137369,21.546882865739445,0,1,WB-MSD,1
1,65.32951027678591,9.527898975016555,0,0,WB-S24,1
0,47.735151985076996,18.93343145012806,1,0,WB-S24,0
0,59.13574781417223,34.868046231227225,1,0,WB-MSD,0
1,81.38303829024866,34.96029806609919,1,1,WB-MSD,1
0,77.790213744777,17.880093825799747,1,1,WB-PMD,1
1,75.02507650740276,25.704618195095957,0,0,WB-N24,1
0,54.08732732663917,13.705125260537187,0,1,WB-HGH,1
0,68.73294308155799,14.46674366884261,0,0,WB-S24,0
1,32.812829164028614,6.037118978297333,0,0,WB-PBD,1
1,75.21257994993701,45.353594745848504,0,1,WB-MSD,1
0,97.71943874064421,14.48179992837078,0,0,WB-HWR,0
0,45.4656216232421,15.239024462140849,0,0,WB-HGH,0
0,61.45330188028041,17.582064469030932,1,0,WB-PMD,0
0,77.92392201678233,10.733363226294305,0,0,WB-HWR,0
0,94.5511674196947,33.766829743161324,1,1,WB-MSD,1
1,63.93195690659731,8.381432892991395,0,1,WB-HGH,1
0,59.539494073213866,11.039109184685762,0,1,WB-MSD,1
1,36.5593834365105,34.014052696554174,0,0,WB-S24,1
0,73.86188632754592,20.284727921664924,0,0,WB-S24,1
0,99.0,36.857652201553506,0,0,WB-N24,0
1,76.99245231536416,30.084113510156392,0,0,WB-PMD,1
0,71.59897837469316,16.52095278776809,0,1,WB-HGH,1
0,77.79748159380574,34.287257772019764,0,1,WB-PMD,1
0,71.80034392892516,10.23231561317963,0,0,WB-PBD,0
1,57.36574129931766,29.13846723860137,0,1,WB-PMD,1
1,86.81903848219869,24.67166472702656,0,1,WB-MSD,1
0,76.06370741601158,17.054311226784833,0,0,WB-MSD,0
0,72.31703853480583,32.1802248982775,0,1,WB-S24,1
0,54.4434115089915,44.21001165531271,0,0,WB-N24,1
1,95.46314277482566,49.95071148933845,0,0,WB-MSD,1
1,83.96464941599598,32.3493245934541,0,0,WB-S24,1
0,62.04742492738856,23.211764344812657,1,0,WB-HWR,0
0,90.03284736627486,15.134319509729073,0,0,WB-S24,0
0,63.04372490906627,16.56932402278003,0,0,WB-HGH,0
1,57.923937134801335,26.575474016739456,0,0,WB-N24,1
1,58.32534388535483,21.527496557631917,0,1,WB-MSD,1
0,40.12076604441436,46.12165351812249,0,1,WB-HGH,1
0,80.4877628475277,21.57329604450693,0,1,WB-PBD,1
0,39.0393921899097,21.805006601544598,0,0,WB-PBD,1
1,49.88801103721627,22.259053059528963,0,0,WB-S24,1
0,34.6394158365864,42.64790946654461,0,0,WB-N24,1
1,70.45074552976392,34.28547443811058,0,0,WB-PMD,1
0,69.2942317151063,32.637598264350174,0,0,WB-N24,0
0,66.11946816264545,20.0364360072738,0,1,WB-N24,1
0,53.233601495929626,41.805687957459774,0,1,WB-N24,1
0,50.89979243814048,6.726373761006551,1,1,WB-S24,0
0,80.35865754383833,44.185872755215094,1,0,WB-HGH,0
1,62.09006522924722,28.073745490726832,0,0,WB-S24,1
0,77.6944497876506,22.921260568853576,0,1,WB-PMD,1
0,56.065523649763996,27.372527632295856,0,0,WB-HGH,0
0,75.25912936987949,35.0336988740224,0,0,WB-PMD,0
1,95.45900467168914,5.574444193305381,1,0,WB-HWR,0
1,82.5509844070701,44.219833540621146,1,0,WB-HWR,1
0,64.57655127210336,25.10327863901268,0,0,WB-MSD,0
1,76.62958146640669,20.433493386503518,0,1,WB-MSD,1
0,67.66802685845616,11.22105045353257,0,1,WB-HGH,1
0,72.1418433245051,24.775941846129896,0,0,WB-S24,0
1,66.13900106132694,27.334524707797048,1,0,WB-PMD,1
1,69.04196629406296,23.1641012522065,1,1,WB-PMD,1
1,75.81768035533516,35.53970422221037,0,0,WB-MSD,1
0,54.11954340752489,23.94034379416517,0,0,WB-MSD,0
0,53.71418111418039,48.2637910030958,0,0,WB-PBD,1
1,47.006234031038204,31.967488302061632,0,0,WB-PMD,1
0,43.19512011893322,41.3365071043359,1,1,WB-S24,1
0,50.088911540031376,9.921015639926548,0,1,WB-PBD,1
0,74.87032512247433,22.878108182565757,0,0,WB-S24,0
0,55.92982472114609,20.15814656512187,0,0,WB-N24,1
0,81.24506035615974,30.62670746614663,1,0,WB-PMD,0
1,72.62484747754611,43.750108402764155,0,0,WB-N24,1
0,36.566924158115036,8.5252197992903,1,1,WB-HWR,1
0,83.78956051599042,8.265865912011986,1,1,WB-HWR,0
0,86.59437562065078,43.26429686709195,1,0,WB-HGH,0
1,54.11047185297264,14.578253871726083,0,1,WB-PMD,1
0,79.56344777210985,35.093896450241616,0,1,WB-MSD,1
0,56.58303172663442,29.429515956236234,0,1,WB-PBD,1
1,73.75806678147003,42.480211769925326,0,0,WB-N24,1
1,49.23902867481062,10.629000942638159,0,0,WB-S24,1
1,39.72408385437762,10.840233457517508,0,1,WB-PMD,1
1,65.10929058696657,30.05682621252384,0,0,WB-HGH,1
0,69.77287896705295,47.58703940112669,1,1,WB-S24,1
1,64.84176551493712,23.67489912668394,0,1,WB-N24,1
0,50.687449951993926,19.712394511461273,0,1,WB-PMD,1
1,64.80181688163954,32.30101954390486,1,0,WB-MSD,1
1,76.84730554645321,46.8701870245264,1,1,WB-N24,1
1,71.19192545779434,42.66175247800807,1,0,WB-PMD,1
1,75.28501855078584,49.79676248299489,0,1,WB-PMD,1
0,59.93792639182381,6.015586244106969,1,0,WB-N24,0
0,93.09092246489087,10.078616512074301,0,0,WB-N24,0
1,50.82887994201395,32.426049351497994,0,1,WB-S24,1
1,80.77608534756094,41.925939770023234,0,0,WB-HGH,1
0,93.2740396732793,17.835995403804496,0,0,WB-N24,0
0,80.65634566948012,15.764498961539845,0,1,WB-HWR,1
0,68.35456391283306,40.41391097215404,0,0,WB-HGH,1
1,62.49065316006637,7.537183423395421,0,1,WB-HWR,1
1,90.6495777188326,21.62221914121633,0,0,WB-S24,1
0,46.386451345289885,27.761415016654837,0,1,WB-N24,1
0,54.537763313166415,30.215690345764553,1,1,WB-HGH,1
1,64.84396022114902,37.787682055674956,0,0,WB-MSD,1
1,94.27776763521597,20.96805755437962,0,0,WB-N24,0
0,78.83581744873612,32.57079551035733,0,0,WB-PMD,0
0,54.57517634681558,31.341894025593035,1,0,WB-N24,0
0,66.41446130307173,29.64272452941862,1,0,WB-MSD,0
0,60.9421834062667,33.82174819139955,0,1,WB-HGH,1
0,59.22379813979637,16.675212698063433,0,0,WB-N24,0
1,89.62001205402203,8.809193911308304,0,0,WB-N24,0
1,47.3086236732569,10.367225241788454,1,1,WB-PBD,1
0,99.0,15.106207219425547,1,0,WB-PBD,0
1,86.9081344233232,27.508907098525334,1,0,WB-HGH,0
0,91.63551007086656,42.8199237745709,0,0,WB-HGH,0
0,63.66708878354535,36.55820039397729,0,0,WB-PMD,1
0,69.30106705657603,40.50682718909212,1,1,WB-PMD,1
0,46.203267338555186,20.793903076674113,0,1,WB-N24,1
1,62.556076672797545,23.209418374184757,0,0,WB-HWR,1
1,80.88578725757671,22.715684869577576,0,0,WB-HGH,1
0,95.32913511206513,13.634293298202568,1,0,WB-MSD,0
0,52.07117729755587,7.754749616460741,0,0,WB-N24,0
1,65.42089313426521,31.591224177225207,0,1,WB-HWR,1
0,69.2766140358146,49.51475075392637,0,0,WB-PBD,1
0,46.87579436053527,12.507336722761828,1,0,WB-PMD,0
1,82.6442863516512,7.100816895467319,0,0,WB-MSD,0
0,58.96817402863304,40.078925682076985,0,1,WB-HGH,1
0,68.48297367881356,16.36637030081259,0,1,WB-N24,1
0,63.864911305586205,42.33397124088177,1,1,WB-PBD,0
1,57.79190689704586,36.67715001655319,1,1,WB-S24,1
0,71.87319026135002,47.555309167286204,1,0,WB-PBD,0
0,68.1190275857756,23.40172560905024,0,0,WB-N24,0
1,65.30655811898401,34.78864277527853,1,0,WB-PMD,1
0,58.88769080975383,25.91846513659718,0,1,WB-HWR,1
1,77.7514440740932,33.37649137888445,0,1,WB-MSD,1
0,99.0,25.23195077034818,0,0,WB-MSD,0
1,74.5179701911043,13.488451089083368,0,1,WB-S24,1
0,89.93012786840032,27.85538372015214,1,1,WB-MSD,0
0,46.976005347237674,28.786289064684905,0,1,WB-S24,1
0,74.83970590728785,41.47717317170725,0,0,WB-PMD,1
0,52.2473702585208,38.09843176071115,0,1,WB-S24,1
1,45.415351304425776,34.87062307736498,0,0,WB-HGH,1
1,58.691314665737345,10.102419299865765,0,1,WB-N24,1
0,93.45418801944432,37.427733079867174,0,1,WB-MSD,1
0,89.10028491605362,27.513732035953165,0,0,WB-S24,0
1,76.37408499697919,45.23447912477717,0,1,WB-PBD,1
1,44.41138992198125,46.394192035874426,0,1,WB-HWR,1
0,68.46694827501713,7.482046577080346,1,0,WB-N24,0
0,77.43060016023124,41.92887021595155,0,0,WB-PMD,0
0,75.15965213241476,6.696382569020178,1,0,WB-MSD,0
1,38.811715497346576,21.52263315627602,1,1,WB-PBD,1
0,55.97427873564231,29.40349890294856,1,1,WB-HGH,1
0,70.8466002453231,11.664535938220734,0,0,WB-S24,0
0,81.65323637130942,38.584121565608456,0,0,WB-PBD,0
1,32.469699220200965,5.375961687746235,1,0,WB-N24,0
0,69.08176844136254,12.586957179531659,0,0,WB-MSD,0
0,74.57487785782114,31.135857343406407,0,0,WB-PBD,0
0,87.29301579329183,37.14744029167816,0,0,WB-HGH,0
0,84.47143651627385,46.24893962122623,0,0,WB-HWR,0
0,82.4862837385585,36.74734933705807,1,0,WB-S24,0
0,57.60107087936518,35.230067161468966,0,1,WB-N24,1
0,37.65596153178046,22.745351585779893,0,1,WB-MSD,1
0,64.92505037289479,5.057799148706064,0,1,WB-S24,1
0,90.02937285375408,10.407166643102988,0,1,WB-S24,0
1,97.08218149543977,29.054954514021762,0,0,WB-PMD,1
1,84.78988384136014,35.380844862998885,0,0,WB-S24,1
0,79.72813481043121,23.78517277534081,0,0,WB-PBD,0
1,78.83351367094738,37.88055551877756,0,1,WB-PBD,1
0,61.98986255830595,28.483803289948042,1,1,WB-HWR,0
0,69.65891471603484,8.337928801744049,0,1,WB-HGH,0
0,99.0,13.640731293557698,0,1,WB-MSD,0
0,55.033955895746224,42.79992004597743,0,1,WB-MSD,1
1,99.0,37.62107359809978,0,0,WB-N24,1
1,66.20349321914296,45.264289415562274,1,0,WB-PBD,1
1,95.85777796371141,10.290076210442145,1,0,WB-S24,0
0,46.67732982904431,49.56001405767832,0,0,WB-HGH,1
0,82.54627562096368,14.423302127747013,0,1,WB-N24,0
0,58.7381375529428,5.53009443289889,0,0,WB-MSD,0
0,46.52519054536462,49.884032257409935,0,0,WB-N24,1
0,75.93361276339702,17.64832484503009,0,0,WB-N24,0
0,90.17049219472744,35.06087536306519,1,0,WB-MSD,0
0,56.791054105317066,12.950704137933734,0,0,WB-N24,0
0,45.01771271174878,31.110283948961378,1,0,WB-HWR,0
1,70.34679424197081,45.68157439045517,0,0,WB-N24,1
1,70.42616408201074,19.408152534279736,0,1,WB-HGH,1
1,81.86975329598097,35.16142892199616,0,0,WB-PBD,1
0,89.09270228456079,13.455661495928743,0,1,WB-HGH,1
0,70.93052673709511,33.11579294234264,0,1,WB-S24,1
0,99.0,20.140265831787957,0,1,WB-PMD,0
1,76.03622540163525,14.504371636457826,0,1,WB-HWR,1
0,65.7643228918758,19.093192281663583,0,0,WB-HWR,0
0,42.9917875361491,13.04784808285097,0,0,WB-S24,1
1,67.27212863430898,45.586224852704724,0,0,WB-MSD,1
0,65.94503498259955,22.8734098842708,0,0,WB-HGH,0
0,89.28548633306647,16.03756872384653,0,1,WB-HGH,0
0,80.32470523320337,25.17835284571698,0,1,WB-S24,1
0,50.77135581061289,19.4241275062923,0,0,WB-MSD,1
0,75.10057895539867,38.498866421599665,0,0,WB-PMD,1
0,84.08756109112296,48.704896034847245,0,0,WB-N24,0
0,99.0,24.711514551394107,1,1,WB-MSD,0
0,87.97507141345307,43.74650299875082,0,1,WB-N24,1
1,85.6952397776066,30.46383831018288,0,1,WB-PBD,1
0,73.08154790307294,12.075604929240507,1,1,WB-HGH,0
0,78.98961609762209,36.078023393660374,0,0,WB-HGH,0
0,94.49108821271085,28.104552370661906,0,0,WB-S24,0
1,48.010006845366306,34.27729354634465,1,0,WB-S24,1
0,65.71009211009479,45.035933565724925,0,0,WB-N24,1
0,58.093762522387664,24.81955567952207,1,1,WB-MSD,1
1,78.82475613707024,45.552993044781005,0,0,WB-HGH,1
1,94.14399916171418,38.78010564267447,0,1,WB-HGH,1
0,61.25446283902067,26.987221664509313,1,0,WB-HWR,0
1,28.97452138555012,32.14499610460837,0,0,WB-PBD,1
0,64.58002658955954,19.651150963355516,0,0,WB-PBD,1
0,88.44252717631332,49.26187848824484,0,0,WB-N24,1
0,81.67733825309783,35.030802337267815,0,1,WB-PMD,1
0,79.70735246059037,6.973108362348345,0,0,WB-MSD,0
1,66.96012056625936,19.697985758660394,0,1,WB-HGH,1
0,48.977446748043846,33.04914951915759,0,1,WB-HWR,1
0,81.27529778924041,7.534997500965791,0,0,WB-MSD,0
1,56.98292741937675,6.074788609361424,0,1,WB-HGH,1
1,99.0,25.251090778751117,0,0,WB-S24,0
0,82.26912975038128,19.97105808617015,0,1,WB-MSD,1
0,61.54833055402888,24.723437361492465,1,1,WB-N24,1
0,60.99506554700469,16.821198944600233,0,1,WB-MSD,1
1,70.3270042809554,12.412298612434142,0,0,WB-PMD,1
1,67.6889654036085,36.01145106411519,1,0,WB-MSD,1
1,92.10300795953918,28.15570023205102,1,0,WB-MSD,0
0,75.35549105539283,14.006939506221507,0,0,WB-MSD,0
0,58.830628699646496,19.381524181699923,1,1,WB-PBD,0
0,99.0,31.631355844849665,0,1,WB-HGH,1
0,72.88754996736401,8.250320672261502,1,0,WB-PMD,0
0,85.83911416744014,11.63538541697808,0,0,WB-N24,0
1,61.051922865994335,8.296052184832554,0,0,WB-PBD,0
0,78.53608129940142,41.55427997213535,0,0,WB-HGH,0
0,77.59997984057752,38.85841549454042,1,0,WB-HWR,0
1,37.98631274226925,38.89908193456657,0,0,WB-N24,1
0,99.0,37.23464045642126,0,1,WB-HGH,1
1,95.23160029660585,35.12234406514411,0,0,WB-PBD,1
0,64.85048430937222,26.464636192017874,1,0,WB-PBD,0
0,52.1591446717946,33.90251735782017,1,1,WB-HWR,1
0,78.25610904846394,6.72626996545886,0,0,WB-N24,0
0,73.56055858945913,32.96589901955531,0,1,WB-N24,1
1,78.40204107413813,40.00449674915947,0,1,WB-PMD,1
0,75.44839313149362,27.516126217297558,0,1,WB-HGH,1
0,81.11233780750666,21.08809977922566,1,0,WB-PMD,0
0,98.05150258905252,17.48420306604406,0,0,WB-PBD,0
0,82.22585769231563,33.92609225729371,0,1,WB-PBD,1
1,53.10620101962106,36.176053938345895,0,1,WB-MSD,1
0,96.52613134882414,44.193541993814414,0,0,WB-HWR,0
1,99.0,20.405033710744583,0,0,WB-HWR,0
1,99.0,39.63975383235135,0,0,WB-N24,0
0,51.77710740168723,30.261012088520207,0,0,WB-PMD,1
1,76.37187623670495,44.72764208051356,0,0,WB-PBD,1
0,34.52222334259823,28.751544873302933,0,0,WB-MSD,1
0,81.95668481482576,28.293342277908526,0,0,WB-HGH,0
0,62.13239463299809,31.00446866484091,0,1,WB-MSD,1
1,99.0,38.71919098140955,1,0,WB-S24,1
1,58.05693053966553,48.41107154728074,0,1,WB-HGH,1
0,41.59470531658929,8.310350939709455,0,1,WB-HWR,1
1,63.51725266735465,7.404557107595773,0,0,WB-HGH,1
0,36.44122011809152,47.18976518333023,0,1,WB-PBD,1
0,85.51979018113158,28.844403148319273,0,1,WB-PMD,1
0,34.82850516738623,32.67063565551212,0,0,WB-MSD,1
1,72.51223646129687,26.709062071762798,0,0,WB-N24,1
0,34.599387242588456,9.214585367336351,0,0,WB-PMD,1
0,66.23463951834044,39.56402202883999,0,1,WB-S24,1
0,99.0,38.62510902898641,1,1,WB-N24,1
0,78.49166204584431,19.02664946717654,1,0,WB-S24,0
0,56.457115110631186,18.78076603527802,0,1,WB-S24,1
0,71.4383371990965,42.70286214074833,0,0,WB-PBD,0
1,72.32430369680004,8.256076598359698,0,0,WB-PBD,1
0,80.5073462251813,44.64973167604546,0,1,WB-HWR,1
0,47.396549460945124,16.54977604531615,0,0,WB-HWR,0
0,82.66621092925195,31.684313648997225,1,1,WB-S24,0
1,23.320950631150048,47.11973805508,0,1,WB-PMD,1
1,60.66207805745141,35.51551256914909,1,1,WB-HWR,1
0,63.21107083587219,23.649341561016648,0,0,WB-PBD,1
1,83.3998828692823,36.029039400743684,1,1,WB-HWR,1
0,72.40735534818364,20.47908363423666,0,1,WB-S24,1
0,46.699865030586835,17.476628735713376,0,0,WB-MSD,0
0,54.27012373529372,49.85074750706059,0,0,WB-N24,1
0,75.57624017185333,38.78556040309045,0,0,WB-PMD,0
0,70.57678784643798,34.01239898218179,0,1,WB-PMD,1
1,61.575766026556565,20.988033944869343,0,1,WB-HGH,1
1,63.34499178878437,7.212237311977168,0,0,WB-HWR,1
1,84.5310239488672,6.397559421582002,0,1,WB-PMD,1
0,62.681533688354136,29.938156495195948,1,0,WB-MSD,0
0,70.41435760747667,39.2914724467573,0,1,WB-MSD,1
1,99.0,29.18206356997348,0,0,WB-PBD,1
0,46.373712536089386,42.83532823726016,0,0,WB-N24,1
0,38.66683083165614,6.504193989194974,1,0,WB-PBD,0
0,86.10461396637493,21.503843439167305,0,0,WB-HWR,0
1,59.78442489670614,15.668167602838013,0,1,WB-S24,1
0,66.27172450063284,25.127283567070492,0,0,WB-MSD,0
0,57.93918519363994,8.256937693735512,1,0,WB-MSD,0
1,67.32359746618478,47.93592387069827,1,0,WB-HGH,1
0,99.0,15.046493048121242,0,0,WB-HGH,0
0,86.43831225512615,46.50384989676132,0,1,WB-MSD,1
0,87.52002321396559,24.165191976650682,0,1,WB-N24,0
0,46.50791299573238,49.348585996484815,0,0,WB-PMD,1
1,51.27923274204835,29.932627255709484,0,0,WB-PMD,1
0,20.896584129262315,46.887478887911335,0,0,WB-MSD,1
0,57.43114522051043,5.240704491240028,1,1,WB-PMD,0
1,89.22065735494185,38.670746278140506,0,1,WB-HGH,1
1,81.30503728347068,45.63727938961319,0,1,WB-S24,1
1,68.01276126686177,11.287425514052934,0,1,WB-PMD,1
0,71.59859489307505,9.325663327946817,0,1,WB-PBD,0
0,59.6000602336427,24.105767323368,1,1,WB-MSD,1
1,75.68565988323212,47.01555077598208,0,0,WB-PMD,1
1,85.78580903065107,29.407395208569742,0,0,WB-S24,1
0,42.91403782661149,28.735540867477948,0,0,WB-MSD,1
0,77.39365838107227,11.350675323469485,0,0,WB-N24,0
0,88.78382767718401,5.035527999194845,1,1,WB-N24,0
1,64.52819479865934,41.45630408354575,0,0,WB-HGH,1
0,84.61261101817051,8.94085533438072,1,0,WB-S24,0
0,99.0,33.52324184308958,0,0,WB-PBD,0
0,70.12182972623594,46.157740453183614,1,0,WB-S24,0
1,79.07952690009583,14.389336092129396,0,0,WB-PBD,1
1,58.71497249409495,34.93727763066099,1,1,WB-PBD,1
0,75.26252092683691,8.541435951837926,0,1,WB-S24,1
1,80.28488924968147,32.16898147269258,0,1,WB-MSD,1
1,75.50716212486249,12.376927442894123,0,0,WB-HWR,1
0,53.64548424524058,38.11791022318301,0,0,WB-S24,1
0,75.71451188385811,18.55540826572587,0,0,WB-MSD,0
0,98.31952689691747,25.85259539620908,0,1,WB-PBD,1
1,80.0754437612615,31.974374391242975,1,0,WB-MSD,1
0,89.31576940329313,12.70730347998078,0,0,WB-MSD,0
0,67.7337845397727,38.37370183779294,1,1,WB-PMD,1
1,85.49820430962679,18.618815328656655,1,0,WB-N24,0
0,77.02682108789747,34.806733696073906,0,0,WB-N24,0
1,54.88360686562982,12.122737281471814,0,0,WB-HGH,1
0,77.73337808637974,35.965294664285764,0,0,WB-N24,1
0,54.14946005807441,10.76846327647078,0,0,WB-HWR,0
1,60.60815505207374,24.14104233214926,0,0,WB-PBD,1
1,75.40790953126273,16.124273318249458,1,1,WB-S24,1
0,77.35039692084223,38.676886224268216,0,1,WB-S24,1
1,50.59381562861168,16.791575202809355,0,0,WB-HWR,1
1,90.97174388129177,44.67727878779283,0,1,WB-N24,1
0,82.29611300940851,45.13190951329758,1,0,WB-PBD,0
1,59.31488815900409,13.839859185025363,0,0,WB-N24,1
0,44.32347366391484,32.623067525347594,0,0,WB-MSD,1
0,69.39171757653423,8.947293877398394,0,1,WB-HGH,0
0,63.97301315049911,22.619169482073314,0,0,WB-N24,0
1,74.03652822695442,37.09947782755725,1,1,WB-HGH,1
1,65.4639000991998,34.67404610824623,1,1,WB-S24,1
0,35.865776506589825,33.11153012329736,0,0,WB-PBD,1
0,65.00975511057915,17.71433886480996,0,1,WB-PMD,1
0,66.49885600077036,22.01112272454809,0,1,WB-MSD,1
0,83.40589844593306,9.632576511512879,0,0,WB-HGH,0
1,59.43240585700111,37.35602691951205,0,0,WB-N24,1
1,99.0,27.674995855607307,0,1,WB-MSD,1
0,37.590470088268376,36.894453455554455,0,1,WB-N24,1
1,95.60101496044724,16.202458615859275,1,0,WB-MSD,0
0,67.96225852419411,19.59972028857798,0,0,WB-S24,0
1,87.47252770218401,20.039690176705157,1,0,WB-HWR,0
1,73.4364267130572,6.158408438624729,0,0,WB-MSD,0
0,92.51199964845844,20.34715427737806,0,0,WB-PMD,0
0,65.0274846380494,41.14870580831151,1,1,WB-HWR,1
1,52.22483234679938,45.37843230873823,0,1,WB-N24,1
0,97.56907717087914,28.319824203616736,0,0,WB-HWR,0
0,69.95734837412147,25.49757628486491,0,1,WB-MSD,1
0,75.98805252523579,6.3871078414716616,0,1,WB-PMD,0
0,94.22553445280631,44.56419519134222,1,0,WB-PMD,0
0,53.42480564230017,5.585459604164273,1,0,WB-PBD,0
1,82.71883615750663,47.51375360945953,0,0,WB-HWR,1
1,61.38189438366796,27.01473119096408,0,1,WB-PBD,1
0,69.6209515984013,20.3870522108627,0,0,WB-N24,0
1,73.3010213769172,46.5898295679197,0,1,WB-N24,1
0,44.99600649395515,6.097594689954353,0,0,WB-N24,1
1,57.98093322923218,31.16412026910892,0,0,WB-S24,1
1,96.31931206343651,29.701963602470194,0,0,WB-HWR,1
0,87.95144139452633,14.869418054512193,0,0,WB-HGH,0
1,70.87248760810978,24.299934410759477,0,1,WB-PMD,1
0,76.37622225323207,34.35188026746966,0,1,WB-HGH,1
0,66.70363489854377,37.720903859686736,0,0,WB-N24,0
1,96.41850094490368,5.032258641796091,1,1,WB-MSD,0
0,68.39365359970505,47.15840435409569,1,1,WB-MSD,1
0,76.17315765842727,12.403641757676558,0,0,WB-HWR,0
0,92.62854259455717,15.511119540006163,0,1,WB-MSD,1
1,58.007313272773686,16.85630505622317,1,0,WB-PBD,0
0,99.0,6.701906144841589,1,0,WB-HGH,0
0,44.451694624619215,10.53734556156462,1,0,WB-MSD,0
1,99.0,49.38574653248729,0,1,WB-N24,1
1,65.29183948886445,19.184753181977875,1,0,WB-HGH,0
0,67.63142253914492,10.18854906525722,0,1,WB-HGH,1
0,37.97981691870703,9.81460675285805,0,1,WB-PMD,1
0,63.81369508720153,37.37569854514874,1,0,WB-HGH,0
0,53.283482441516085,43.45558988146884,0,0,WB-N24,1
0,61.06236578327749,16.562853477881145,1,0,WB-PMD,0
1,69.52840261580016,5.940928055085574,0,0,WB-N24,1
1,89.2402490605123,15.039050830041012,1,0,WB-S24,0
0,75.73686032521127,7.54320608585408,0,0,WB-MSD,0
0,77.53817976122005,9.652772148351868,1,0,WB-S24,0
1,52.280651000779876,24.417865393143906,0,0,WB-MSD,1
0,56.14642638715085,15.346326688773466,0,0,WB-S24,1
1,99.0,28.21756453364405,0,0,WB-HGH,1
0,58.76638137426156,16.407218896573568,0,1,WB-HWR,1
0,99.0,47.32417854963264,0,1,WB-N24,1
1,67.6248984201444,45.7674785566819,0,0,WB-S24,1
0,72.04118285058307,30.50627472547097,0,0,WB-HWR,0
1,91.26657288413874,20.949079639432377,0,0,WB-S24,0
0,94.89406359489581,22.1516096915631,0,0,WB-MSD,0
0,70.00537391497643,23.533352741502362,1,0,WB-S24,0
1,65.0116250366123,37.741069496072484,0,1,WB-HWR,1
0,70.99343192660017,25.323754798347707,0,1,WB-S24,1
1,78.08323550817813,43.55284759276538,0,0,WB-HGH,1
0,88.0434663636556,47.4842653668664,0,1,WB-HGH,1
0,72.07613746189473,20.117576902052022,0,0,WB-PMD,0
1,83.13995336441677,30.231251661905606,0,0,WB-HGH,1
0,99.0,9.2775441574654,1,0,WB-PBD,0
0,78.86357302076613,14.021107149486154,0,0,WB-PMD,0
0,77.60975140808601,23.605959501957205,0,0,WB-S24,0
0,44.65960514837878,14.279122215580049,0,0,WB-PBD,0
0,24.646857537076855,44.44522208549229,0,0,WB-N24,1
1,78.99076312614304,12.122881522659412,0,0,WB-HWR,1
1,70.2931638369443,25.504736969889137,1,1,WB-N24,1
1,62.73391185153464,32.2564658206944,0,1,WB-PBD,1
1,76.3835436753542,36.133875867238004,0,0,WB-HGH,1
1,70.91273287445566,22.238121637692803,0,0,WB-MSD,1
1,92.30004451141018,44.10945809261278,1,0,WB-S24,1
0,73.5499956286616,30.574361798506647,0,1,WB-PMD,1
1,58.55538086873698,24.77785012013983,0,0,WB-MSD,1
1,89.8229923012672,8.025828532341649,0,0,WB-MSD,0
0,68.09164065096836,25.911026080032425,0,0,WB-S24,0
0,81.47766030610153,41.93311283670786,1,0,WB-HGH,0
0,63.40660728852959,32.6543458199592,0,0,WB-S24,0
0,60.30311606104615,42.44731041781033,0,1,WB-HWR,1
1,73.51502814334253,27.230525176968754,1,1,WB-MSD,1
0,72.23091558378633,10.330776729251683,0,0,WB-HWR,0
0,80.636886636603,5.613793062614648,0,0,WB-HWR,0
1,67.16437644042463,18.6448796023366,0,0,WB-N24,1
0,38.94552389213285,36.40957121740066,0,0,WB-HGH,1
0,64.21007009540901,40.56169567737622,0,1,WB-HWR,1
0,86.28873240858869,18.308877557914826,1,0,WB-PBD,0
1,66.64723057362409,27.30442643974612,0,0,WB-HWR,1
1,67.56509875473813,23.950350699533672,0,0,WB-PMD,1
0,89.75477710630688,23.473525295814255,1,1,WB-N24,0
1,59.18448190933939,15.410692094006771,0,1,WB-PBD,1
0,44.229542071627804,11.136699726325627,0,0,WB-MSD,0
1,69.1086398485411,13.85098512040459,0,0,WB-HGH,1
1,63.28486887752273,7.4899574223505745,1,0,WB-HGH,1
1,54.60756624444143,13.915883382060967,1,1,WB-PMD,1
0,68.84318779382357,5.414040393142075,1,0,WB-MSD,0
1,80.84710165044211,33.22662802861902,1,0,WB-HWR,1
1,71.83280589177932,19.23689333244573,0,0,WB-PBD,1
0,77.52565930835227,48.79151201421089,0,1,WB-PMD,1
1,99.0,13.717267284933405,1,0,WB-PBD,0
0,65.82818049196385,20.562285663931725,0,0,WB-HWR,0
1,77.01027542360406,21.102852138868993,0,0,WB-MSD,1
0,62.83415947321558,5.380317322810725,0,1,WB-HWR,1
1,56.76552504203449,42.764357886775656,0,1,WB-S24,1
0,61.47166223848014,6.439750706494612,1,1,WB-S24,0
0,63.382345712609606,47.308092562815865,0,0,WB-HWR,0
0,78.47056435584825,45.14334579921293,0,0,WB-N24,0
0,99.0,29.09848622386836,1,1,WB-PMD,0
0,59.111218147034876,29.461800871008144,0,0,WB-S24,1
0,64.50074449892168,34.420006533027035,0,1,WB-HWR,1
0,70.86378576399753,22.417250537069915,0,1,WB-PBD,1
0,79.12437927677544,34.1250027529035,1,0,WB-PMD,0
0,76.74391461518613,7.014577490981909,1,0,WB-MSD,0
1,95.1137242910661,7.432143230737696,1,1,WB-S24,0
0,28.324942730366253,25.575368882879495,0,1,WB-MSD,1
1,29.035262336477892,29.73300354977157,0,0,WB-N24,1
1,63.07419290381731,44.951793815111856,1,0,WB-PMD,1
1,91.75140337578677,9.709728525855333,1,0,WB-PMD,0
0,43.81833543109927,42.01915672372502,0,0,WB-HGH,1
1,20.0,14.45213017814313,0,0,WB-PBD,1
0,82.28122931194575,22.733764182951433,1,0,WB-N24,0
0,76.38583002664886,19.24710956723358,1,1,WB-N24,0
0,52.37624867761026,23.006987278942955,1,1,WB-MSD,0
1,54.260287187023266,11.772297413266351,1,1,WB-N24,1
0,54.54461304657586,27.660653348159972,0,0,WB-PBD,1
0,73.98963571453092,41.073916542411524,0,0,WB-N24,0
1,60.72632502870587,24.86903046705036,0,1,WB-HGH,1
1,80.89315054155935,27.07761091541896,0,0,WB-S24,0
0,20.616720067720962,43.19454133765914,0,0,WB-PBD,1
0,56.576666427699614,36.77261515871139,0,0,WB-N24,0
1,51.7310287036011,27.070448383390314,0,1,WB-HWR,1
0,67.38586778929513,16.596304168513086,0,1,WB-S24,1
0,62.315140347177504,44.8217036080235,0,0,WB-MSD,1
0,86.3611880381238,30.965918076075127,0,1,WB-PMD,1
1,38.531938110118965,14.951642454981203,0,0,WB-PBD,1
1,72.81884657395354,17.110388868710466,0,0,WB-HWR,0
1,82.0500556178107,41.140989002131064,0,1,WB-PMD,1
1,99.0,6.986550293935496,1,1,WB-HWR,0
0,63.32821252031745,49.6441484162969,0,0,WB-N24,1
0,77.8402548783453,10.86582558716563,0,0,WB-PBD,0
0,39.53046973387743,40.82308364286218,0,1,WB-MSD,1
0,28.944788322365568,22.76488925472573,0,1,WB-N24,1
0,87.2059387640706,27.149728247936007,0,1,WB-PMD,1
1,71.89991471433473,44.629275985906006,1,0,WB-MSD,1
0,93.2132284163716,23.581003531514597,1,1,WB-HGH,0
1,47.27874799854452,29.187218915295553,0,1,WB-HWR,1
0,81.35823851151754,7.218484808412647,0,0,WB-HGH,0
0,99.0,5.105636324035392,1,1,WB-PMD,0
0,79.55470095043079,16.015994285077667,1,0,WB-N24,0
0,76.97846710063888,35.62623918134453,0,0,WB-MSD,0
1,72.1540094548383,10.456920201161152,0,1,WB-MSD,1
0,43.72413377173358,10.119288146204724,0,0,WB-MSD,1
0,96.40031284278626,23.49322736161565,0,0,WB-S24,0
0,61.00456248350881,34.1526667373702,0,1,WB-HWR,1
0,81.0806986148943,37.043239651156874,0,0,WB-S24,0
0,43.86538248171743,13.030280334426866,0,0,WB-PBD,1
1,50.76972603885996,8.581466631741911,0,1,WB-HWR,1
1,97.83157318600024,47.31786652754949,1,0,WB-HGH,1
0,65.74855879875882,16.729987215294578,1,0,WB-S24,0
1,98.1589585687658,43.400592392392575,0,0,WB-PMD,1
0,70.59184813694668,43.857115270826824,1,0,WB-PBD,0
0,38.845840086758564,39.7635166293145,0,1,WB-HWR,1
0,88.05721679517097,12.597512299365654,1,1,WB-MSD,0
0,61.38193828039906,41.981065666439015,0,0,WB-PMD,1
0,84.57639864330679,39.6162751658714,0,1,WB-PBD,1
0,72.45379561572148,31.85253455477977,0,0,WB-HGH,0
0,44.22387189702833,20.174091582602873,0,0,WB-MSD,1
0,74.95730577667024,16.812887191994484,1,1,WB-PMD,1
0,99.0,10.485014543616153,0,1,WB-HWR,0
1,80.87375625326027,27.939068010539213,0,0,WB-PBD,1
0,70.96468044590166,31.33673939794309,0,0,WB-N24,1
0,91.35618123522416,21.170254573210425,0,0,WB-HWR,0
0,75.792032373656,26.391158045639084,0,0,WB-HWR,0
0,75.7716161447303,21.358150581617,0,0,WB-MSD,0
0,52.350746901136155,33.84527257943156,1,1,WB-HWR,1
0,76.20926446421277,45.55666435084535,1,0,WB-MSD,0
0,90.637981495505,12.37641179211252,1,1,WB-HWR,0
0,56.95088126219956,22.163396445640554,0,0,WB-N24,0
0,97.64092478244505,11.339087177788759,0,0,WB-PMD,0
0,70.34929156538773,33.12246966835244,0,0,WB-PMD,0
0,56.020148792306266,37.79917292698681,0,0,WB-PMD,0
0,89.9573773845644,46.93607296688551,0,1,WB-HGH,1
0,66.83770375671115,17.549236681743423,1,0,WB-N24,0
1,85.67126797474994,47.75950426394436,0,0,WB-N24,1
0,66.74834461934633,7.846820231930366,1,1,WB-PBD,0
0,70.92312941646173,32.135623851406464,1,1,WB-S24,0
0,80.88408367801725,7.570972370449849,1,0,WB-PMD,0
1,77.23614703662011,45.219838449287515,1,0,WB-S24,1
0,36.08042795186871,28.841407568152434,0,1,WB-PBD,1
0,51.81761267830095,35.120675784325826,0,1,WB-N24,1
0,88.72937972623468,42.42082666597037,0,1,WB-PBD,1
0,69.62154139977216,11.763978011778594,0,0,WB-HWR,0
0,62.57283655011441,6.736620287216023,0,1,WB-PBD,1
0,47.54566772536546,44.549651566078346,0,0,WB-PBD,1
1,52.564746217034724,19.171995235651963,0,0,WB-MSD,1
0,35.60762448068495,10.804050856722437,1,1,WB-HWR,1
1,70.17694706337241,26.080755668918894,1,0,WB-MSD,1
1,61.22812354954115,31.923773406320844,0,0,WB-S24,1
0,54.60141796226433,6.3936771540129556,0,0,WB-HWR,0
0,70.77377834697684,17.37030462156895,0,0,WB-HGH,0
0,78.55147135534929,6.475994342460321,0,1,WB-PBD,0
0,99.0,23.915092513797454,1,1,WB-PBD,0
0,44.78609844786216,45.27950130798099,0,0,WB-MSD,1
1,92.8688587794094,49.219358517210615,0,0,WB-S24,1
1,89.5158280982713,33.66713990766324,1,1,WB-MSD,1
0,57.97633069121939,12.27369622030663,1,1,WB-N24,0
0,75.65824718254856,45.76322254996876,0,0,WB-HWR,1
1,63.762601511922924,28.23115204400272,0,1,WB-N24,1
1,75.3423944475373,11.918719044631313,0,1,WB-HGH,1
1,99.0,46.47770012532476,0,0,WB-HWR,1
0,82.90091218736363,39.086107282539636,0,0,WB-HGH,1
0,81.15495071820196,37.92673727254182,0,0,WB-HGH,0
0,64.25443224081644,36.913131670748214,0,1,WB-HGH,1
0,45.28698003136196,14.015291949339904,0,0,WB-PMD,1
0,68.24757221027266,14.495301126838672,0,0,WB-HWR,0
0,93.71894678755046,35.97318492922648,1,0,WB-HWR,0
1,44.51097858138634,14.887523754967859,0,1,WB-PMD,1
0,53.00839137281949,24.7402263561372,0,0,WB-S24,1
0,74.27281925221322,40.19008215172736,1,1,WB-PMD,1
0,54.27621387274928,40.27786331440284,0,1,WB-PBD,1
0,57.73457795192617,25.396779763663684,1,0,WB-N24,0
0,64.37522552889281,40.64854722238603,0,0,WB-N24,0
0,47.418886724577305,42.737980828912555,0,0,WB-HGH,1
1,54.46580676810537,34.464908807791716,0,1,WB-HWR,1
0,84.66170250217155,15.279163353878907,0,0,WB-HWR,0
0,48.46734391984265,17.33053011734964,0,0,WB-HGH,0
0,43.23830157909292,19.167851993393093,0,0,WB-PBD,1
1,60.6595503683899,10.25618484802784,0,0,WB-N24,1
1,85.17519904517722,17.29218291664753,0,1,WB-PMD,1
1,68.455407456056,14.428365094063945,0,1,WB-S24,1
0,63.63754059391887,25.489793741387096,0,1,WB-MSD,1
0,72.79845835528093,45.87968965425192,0,0,WB-PBD,0
0,40.57726620852627,9.701614253928113,0,0,WB-HWR,0
0,80.90470176795058,37.412056577632804,0,1,WB-MSD,1
1,78.9018305652656,35.92773519859075,0,0,WB-HGH,1
0,64.63244746627701,9.308938939851094,0,1,WB-N24,1
1,90.1066412123355,46.515758220761,0,0,WB-MSD,1
1,51.70507021884531,30.581249097056883,1,0,WB-HGH,1
0,92.30236187856424,21.36764845110579,0,1,WB-HWR,1
1,74.78088598071452,39.0442362572888,0,1,WB-HGH,1
0,65.94205338219288,16.58144562807353,0,1,WB-PMD,1
0,71.64227456337039,36.20794266708442,0,0,WB-MSD,1
0,70.06923421540304,6.787004340751125,0,0,WB-MSD,0
0,93.96509213551892,42.77336169241724,0,0,WB-N24,0
0,52.61977570552176,25.167688115959333,0,1,WB-HGH,1
0,58.27465369536123,33.651181146107376,0,1,WB-N24,1
0,90.65345205730463,14.955701891300764,0,0,WB-MSD,0
0,61.280371166690536,35.46831706963016,0,1,WB-HGH,1
0,88.20959539196865,39.750812415197444,0,1,WB-HGH,1
0,99.0,26.294593409797944,0,1,WB-N24,0
0,64.76768951505059,32.79771158278074,0,0,WB-PMD,1
0,84.2645218783555,25.534666572007936,0,0,WB-HGH,0
1,51.23353893588255,45.234111616603045,0,1,WB-PMD,1
1,85.58519936522056,27.404113123144363,0,0,WB-PBD,1
1,75.58963174776181,42.88139190629685,0,1,WB-S24,1
1,80.51468907888388,41.06084262216119,1,1,WB-PBD,1
0,60.37970270336289,23.472716960676046,0,1,WB-S24,1
1,42.10049851979089,15.353802133586377,0,0,WB-PBD,1
0,81.05853716549109,23.273695965189695,1,0,WB-S24,0
0,34.858743255369816,42.17978190988491,0,0,WB-HGH,1
1,66.28769113963438,15.243464111872656,0,0,WB-N24,1
0,88.94127359555945,28.59963556359872,1,0,WB-N24,0
1,75.45415924571465,41.274353658233636,0,0,WB-HWR,1
1,99.0,20.906486380777046,0,0,WB-S24,1
1,90.45196474647193,33.89943366512138,1,0,WB-HWR,1
1,60.229829010139625,16.053420832196654,1,0,WB-PMD,1
0,72.49164083732589,9.917575041567197,0,0,WB-PMD,0
0,71.14732735420016,40.74729012917854,0,0,WB-HWR,0
0,43.52081825976971,9.453588053391808,0,1,WB-S24,1
0,55.07281950328164,17.21216277858131,0,0,WB-N24,1
0,61.90630367436252,43.4799239898848,0,0,WB-S24,1
1,35.34803094859314,20.59111791854002,0,1,WB-PMD,1
1,72.85488242852958,48.78704072813725,0,1,WB-HGH,1
0,67.51670679624527,49.08804506482369,0,0,WB-HWR,1
0,41.887909776391666,17.072420920410053,0,1,WB-HWR,1
0,79.27583157499198,6.84402000124507,0,1,WB-PMD,0
0,84.88570940443728,36.72784778924206,1,1,WB-S24,0
1,76.086620619568,25.29439261917547,1,0,WB-HWR,0
0,66.16677284623853,9.533877978180932,0,1,WB-N24,0
0,82.64595873153338,36.83852685401193,1,0,WB-HWR,0
0,84.24396648858044,6.402870910036455,1,0,WB-S24,0
0,77.53326425495439,44.158851072150895,0,1,WB-PMD,1
0,57.1569794921743,11.239363810098666,0,0,WB-N24,0
0,76.97881377920125,10.729034543602626,0,1,WB-N24,1
0,93.51865171485862,12.905253408586304,0,0,WB-HWR,0
0,61.26067694498886,48.211986132143,0,1,WB-S24,1
0,99.0,36.192621211423074,0,0,WB-HWR,0
1,62.53864318826308,41.06171909586365,0,0,WB-MSD,1
0,72.58332624012245,22.893574357973886,0,0,WB-HGH,0
0,59.89525927188595,20.134072737723002,0,0,WB-PMD,0
0,76.0188750465647,15.551780305242648,1,0,WB-MSD,0
1,40.640009532565045,26.6291612740584,0,1,WB-HGH,1
0,62.17124762129902,29.83229300903758,1,0,WB-N24,0
1,52.34181839372579,33.429867964374,0,1,WB-HWR,1
0,74.43609026206124,16.570332679941252,1,0,WB-HGH,0
0,89.90005275916033,47.689433640634576,0,0,WB-PBD,1
0,83.62811136806192,12.639132419321113,0,1,WB-HGH,1
0,29.31013150453994,48.454392864488554,0,0,WB-HWR,1
1,99.0,5.668525512837671,0,1,WB-HWR,1
0,77.31503893117564,26.65065613175805,1,1,WB-PMD,0
0,58.023015471125994,20.001552715245325,0,0,WB-HGH,0
0,74.82830254183693,25.210553626861287,1,1,WB-HWR,0
0,75.17141680504847,30.679906054135508,0,1,WB-HWR,1
0,59.996723094871854,24.601512110571907,0,0,WB-MSD,0
0,75.56250001215736,23.668108263571774,1,1,WB-PMD,0
1,61.06549882283447,37.9725536935988,0,0,WB-MSD,1
0,64.72148413157959,35.86443237889091,0,0,WB-PMD,1
0,59.64697555640848,42.497207691613156,1,1,WB-PMD,1
1,46.21191678468625,16.2481541557773,1,1,WB-MSD,1
0,74.62505646387692,32.42878293893286,1,1,WB-PMD,0
1,82.53538985729409,31.333765342678422,1,1,WB-PBD,1
0,81.2679047293747,21.638201489270994,0,1,WB-N24,1
1,86.75865454743422,26.872589385620643,1,1,WB-HWR,1
0,77.83812378026762,19.120196448757795,0,0,WB-S24,0
1,62.410941032095735,11.382997892764333,1,0,WB-PMD,0
1,87.1139495597614,14.621054479822977,0,0,WB-N24,1
0,47.56468428284517,9.748114088054049,0,1,WB-PMD,1
1,55.78791511477536,35.738130883555584,0,0,WB-N24,1
0,54.644398714381595,34.73273268991181,0,0,WB-S24,1
0,91.44100906450758,47.77728672109428,0,0,WB-HGH,0
0,88.97019325452136,37.835528614125856,1,1,WB-PBD,0
0,80.77149426680991,7.342062744025915,1,1,WB-HWR,0
0,91.29473757381234,44.79103282680294,0,0,WB-HGH,0
0,56.17290991658422,43.82038233255766,1,0,WB-MSD,0
0,78.27471215749765,24.94941443477144,0,0,WB-S24,0
1,69.74686028910304,31.36383727375647,0,0,WB-PBD,1
1,87.24387786992845,48.92352496126335,0,0,WB-PBD,1
0,69.92596381406044,28.95369637316748,1,1,WB-PBD,0
0,65.07102800861854,45.739482276924036,0,1,WB-S24,1
0,81.73635333409781,8.73674410145839,0,0,WB-PMD,0
0,87.77104500944219,13.597334091890728,0,0,WB-PMD,0
0,59.96978649275757,24.833972454859303,0,0,WB-MSD,0
0,70.90063791565723,31.314056375178712,0,0,WB-PMD,1
0,52.94806859445025,41.73025333382601,0,0,WB-HGH,1
1,27.03490168512709,49.47179518144341,0,0,WB-HWR,1
0,75.60827336544712,22.49831734133524,0,0,WB-PBD,0
0,82.96029641258338,7.133703626303822,1,1,WB-MSD,0
0,76.71720256356106,41.052717648289615,0,1,WB-MSD,1
0,36.90788908042139,32.197132358726364,0,1,WB-PBD,1
0,65.68471025862345,13.934428649069075,0,0,WB-HGH,0
0,32.06974031908054,27.267280547963907,1,1,WB-PMD,1
0,96.65461993777532,38.403961049017596,0,1,WB-PBD,1
0,52.45101752187445,39.66853041808897,1,0,WB-PBD,0
1,94.59726497027813,27.48282853994429,0,0,WB-S24,1
1,89.02565358631462,18.734653855798662,1,0,WB-N24,0
0,55.78937365435089,48.81841619173221,0,0,WB-MSD,1
0,51.60987087718059,34.851317493042174,0,0,WB-HGH,1
0,78.30666389495408,23.37068837058344,0,0,WB-HGH,0
0,56.80216733070472,17.62084508920936,0,0,WB-PMD,0
0,73.84472355884773,37.8996342351603,1,0,WB-HGH,0
0,63.30910336547547,15.898255051719547,1,0,WB-PMD,0
0,39.9391485396186,12.726949503815968,0,1,WB-S24,1
0,31.85157565575974,28.84252500329316,0,0,WB-S24,1
0,76.08031647290275,18.049432668986384,0,1,WB-HWR,0
1,61.891960566048745,33.30073152156268,0,0,WB-PMD,1
1,62.044383295545614,10.307240369340507,0,0,WB-MSD,1
1,84.52554910368814,34.47234970552947,1,0,WB-S24,0
0,93.121960979384,17.7483437598966,1,0,WB-PMD,0
1,67.09419501548743,5.010932049553073,0,0,WB-MSD,1
0,65.86922327562249,10.712122595337938,1,0,WB-MSD,0
1,81.00257459604991,47.012692002579236,0,0,WB-HGH,1
0,47.575159745407646,44.030958760191105,0,1,WB-HWR,1
1,76.01675498545855,15.512406441630658,0,0,WB-N24,1
0,81.93394749279878,40.02673570454711,0,1,WB-PBD,1
1,84.24414375151733,32.38572169282884,0,0,WB-PBD,1
1,37.138451354955635,48.690712015244124,0,1,WB-HWR,1
0,58.29560514343907,21.81225467903266,0,0,WB-PMD,0
0,56.1912614491776,35.66572756327271,0,1,WB-PMD,1
1,73.79796517936583,7.8591075090763365,1,1,WB-PMD,1
0,80.65340243582371,22.831130606738267,0,1,WB-N24,1
1,98.94078733402766,48.37179475346812,1,0,WB-MSD,0
0,63.09062135337469,29.254139350255425,1,1,WB-PBD,1
0,63.04369503043415,17.954577650068003,0,0,WB-HWR,0
0,92.69409633981745,10.412193340787308,0,1,WB-PMD,0
0,77.3383848935455,36.65877530816887,1,0,WB-S24,0
1,94.81772720138353,34.01852195433771,0,0,WB-HGH,1
0,77.19710405417706,21.82724211216986,1,0,WB-N24,0
0,51.17190086316113,47.79236083396254,0,0,WB-PMD,1
0,48.003689613999484,5.999126584453264,0,1,WB-PBD,1
0,44.07277951693928,18.667573323432162,1,1,WB-HGH,1
1,83.91693302565251,46.448126883481166,1,1,WB-HWR,1
1,93.39474281556615,19.44209472437482,1,1,WB-PMD,1
0,99.0,16.351377523482668,0,1,WB-PBD,0
