{"type":"FeatureCollection","features":[{"type":"Feature","properties":{"blockName":"Shimla ( Rural )","districtName":"Shimla","state":"Himachal Pradesh"},"geometry":{"type":"Polygon","coordinates":[[[77.04669999970525,31.11605999956936],[77.05605300024581,31.103941000077157],[77.05002600019981,31.100406999883205],[77.04138199997936,31.099478000209615],[77.03659100027448,31.0952030000185],[77.0268249995741,31.09179300014688],[77.0260089997156,31.087338999795065],[77.02788499989288,31.08171500034706],[77.03477500016618,31.07982300033126],[77.03917699991865,31.068338000398455],[77.04331199994891,31.072482999990484],[77.04630300028327,31.080118000445395],[77.05851699965984,31.090049999807718],[77.0703660001908,31.085474000125032],[77.07351699980973,31.08716800000326],[77.07830800041393,31.085102000057304],[77.08667000022041,31.06584399960093],[77.081885999939,31.062137999569075],[77.08061199964413,31.056580999613516],[77.0710530003957,31.054796000035424],[77.06768799990135,31.050585000097726],[77.07350900034015,31.047234000248977],[77.0806729997592,31.045777999655],[77.08712799975746,31.04295699996561],[77.09321599991853,31.03778599982411],[77.09517008903111,31.036815064667064],[77.1060099999616,31.031428999848515],[77.11360200023216,31.030568999759566],[77.12046099997525,31.03213500003028],[77.12985199957018,31.029262999787647],[77.14477499976647,31.02088200000435],[77.1488879996815,31.008499000028905],[77.16203174876625,31.00630749069819],[77.1751982767791,31.026562861786715],[77.17547618347913,31.033763880898448],[77.18911934767982,31.04244953771604],[77.20322208073452,31.045461858278202],[77.21716668329583,31.063371428748496],[77.22441586380114,31.06443756424227],[77.23211705166068,31.05942542664218],[77.24906187800332,31.059981677112773],[77.2574013866647,31.06254614698713],[77.2689918806708,31.062493753384047],[77.27417658558102,31.05128545685841],[77.28112773615618,31.0437403364474],[77.29024343168908,31.027822497210536],[77.29753169942842,31.025441112217607],[77.30344854331565,31.018562266235676],[77.30086647730616,30.987906823840888],[77.30195898272092,30.979687729005548],[77.30772283753896,30.968971969580764],[77.30852500042846,30.969088000111185],[77.31299599976563,30.971673999755353],[77.31701699993465,30.975690999739925],[77.32096899961971,30.9758590002927],[77.32390025529259,30.97965708190884],[77.32316558652263,30.984064821134666],[77.32461070352122,30.98869129526713],[77.32936088119976,30.993732297507563],[77.32222205110685,30.994967664726005],[77.32080684915684,30.997890248236445],[77.31452775475213,31.002728492026336],[77.3069319017859,31.037510438555955],[77.2957335985268,31.052068119747958],[77.2960830004302,31.060779097877116],[77.29481212797737,31.06306960098135],[77.29776178737666,31.067392762565987],[77.29499584328357,31.072705244051804],[77.30033491772235,31.07777628994387],[77.30400907815647,31.085552119734587],[77.30382761295402,31.088625712007058],[77.30095831157689,31.091698938255433],[77.29390826795225,31.09285368574905],[77.28837873059399,31.096261457999958],[77.28233306691754,31.092011929307148],[77.27715714478649,31.091728398247028],[77.26807897256657,31.104075105182005],[77.26692263057498,31.108151727520237],[77.26829346357255,31.112265723884093],[77.28174616395438,31.116773701545128],[77.28832302568713,31.12524527474966],[77.29498380136141,31.128474156557104],[77.2944496283477,31.13493228979337],[77.28929631067626,31.13979587198196],[77.28656920830235,31.136998831131223],[77.28638446776904,31.136905723420455],[77.28702607199568,31.135263030764293],[77.28105555926669,31.129309660012837],[77.27865878507492,31.129072527675078],[77.27915688358337,31.133258702727005],[77.27791618968047,31.136753110267875],[77.26940251291569,31.138150494849526],[77.26702454984314,31.136907052618426],[77.2639172060143,31.13636713293687],[77.26151377234277,31.140352341887137],[77.25445639744487,31.13981285028285],[77.25597274704472,31.145972331258122],[77.2572670297497,31.14923360934364],[77.2538683415508,31.153142010795193],[77.2538890979036,31.15823291731533],[77.24566605234651,31.16283169142946],[77.24417214263036,31.168461955554847],[77.24242126872662,31.171140142003992],[77.240935151636,31.171685015151354],[77.23543332598729,31.174356664428558],[77.23147837832454,31.17867839519181],[77.22203868223943,31.185976830666277],[77.21547549739637,31.200678311654826],[77.21257832602896,31.201802303233762],[77.20810341194294,31.202013667296967],[77.20433181086446,31.205306463922227],[77.19828489982831,31.209214405820205],[77.19731691454405,31.20920460950515],[77.19684442872745,31.203948430076025],[77.19432432061097,31.20241505900782],[77.18927621372632,31.199838842188854],[77.18233822203138,31.194425258918614],[77.1858366117703,31.188430196496427],[77.18534385163753,31.18668218243681],[77.17117356690665,31.17934811402432],[77.16166160040257,31.176448114289087],[77.1603478923414,31.17397108909455],[77.16249312795554,31.16925986555043],[77.16049448992885,31.167548545628904],[77.15706834003191,31.16746455884237],[77.14743992751067,31.172870119260665],[77.13706510377159,31.175222370715915],[77.1304910317358,31.174347019199615],[77.1134565501797,31.167259274196226],[77.1082441542444,31.16988475497749],[77.10360387641782,31.170273933894975],[77.10312137844892,31.172963781853127],[77.10577716098726,31.179176538666354],[77.10410244437236,31.182836791984414],[77.0991316881769,31.18573666041857],[77.08176309229293,31.192483483226226],[77.06970249117711,31.184528354699864],[77.06186408655839,31.184248411934732],[77.05738499961808,31.17654997959795],[77.05332582592621,31.174170464295514],[77.04856679622071,31.17627003683276],[77.04436765114622,31.175430207638044],[77.05094631062377,31.168011718965715],[77.05276594039589,31.160593230293387],[77.05206608258368,31.15905354328646],[77.039328676877,31.156394085218892],[77.05514545569827,31.138897648907403],[77.05004411794175,31.13625464663471],[77.04268799275673,31.140717277780197],[77.04142825031357,31.138477733860384],[77.0417259825681,31.127486477019374],[77.04623790105836,31.123855424688145],[77.04669999970525,31.11605999956936]],[[77.22872924166126,31.130110575542687],[77.21763014261705,31.11796992846945],[77.21693526525036,31.110231186719943],[77.20549689066905,31.10886278099258],[77.20989093411936,31.10606525091066],[77.2067413985967,31.099194716463046],[77.19961028108963,31.106426769379937],[77.19817454491937,31.104718050297834],[77.19467997010457,31.10537326846162],[77.19624612415936,31.102269177480593],[77.19373331404125,31.10222674476853],[77.19255109225918,31.103750836631832],[77.19200673981925,31.10198267146319],[77.19584768402348,31.097528088350657],[77.19408179863615,31.090032165352227],[77.18754303758118,31.09237584357038],[77.18569246573475,31.08957533583316],[77.18760224534742,31.080741238717223],[77.19124033667225,31.077763518671475],[77.1940735752354,31.077754269144236],[77.19364607440684,31.075183584055196],[77.18467332971045,31.074767556777374],[77.17987446003838,31.072407592736283],[77.1772164624698,31.073935045366113],[77.17838489045039,31.076358332471102],[77.17466746273328,31.083494816232815],[77.17533942447494,31.085809231410963],[77.17064329065539,31.07997288314209],[77.16878545678344,31.082869284689764],[77.16968313037222,31.085625858746425],[77.16666438325473,31.08899438458326],[77.16263548344085,31.090392823170305],[77.16036630056436,31.088502942856564],[77.15617291115097,31.089031243297313],[77.15233584752139,31.08473669094559],[77.15013735225705,31.093778180718516],[77.14417460337529,31.09569547056958],[77.14380722402421,31.094311896876604],[77.13940022583984,31.095128055915097],[77.14145953932632,31.090343911742195],[77.13766247394409,31.08676220521164],[77.13957476806115,31.083491052570082],[77.13893188050196,31.078484250647705],[77.13719190188482,31.07805269657473],[77.13552967415518,31.088433136580022],[77.12643265214524,31.090971587268996],[77.13099495425377,31.094146819120454],[77.12714705199494,31.096357370696126],[77.12815741243469,31.100712617393413],[77.12202666749675,31.101311001101863],[77.11865257215851,31.099069324889456],[77.11524587909412,31.101073976682756],[77.11540732628714,31.109598662048654],[77.11880095310158,31.11082435346117],[77.12202620614454,31.107649919308358],[77.12511710586978,31.109495954075044],[77.12623003129096,31.105316989787298],[77.12828165827199,31.10470741761327],[77.13076860748532,31.10819877915037],[77.13016316769608,31.1110185692516],[77.13212753525761,31.112280569892448],[77.1310338796099,31.114908871847035],[77.13939874015978,31.122850552810803],[77.14503712876052,31.123189396673354],[77.1473708119135,31.121664120402897],[77.15157700767281,31.124472591636845],[77.16041152836942,31.12628493420243],[77.17150802927222,31.116620510128485],[77.17280252331784,31.12369057625915],[77.16961827486352,31.13364454875699],[77.16711991505207,31.134492096832844],[77.17086982718081,31.13748215467774],[77.17390468205548,31.137260819831],[77.174271998454,31.130246034127197],[77.18199950857053,31.126826236141937],[77.18296547217886,31.11776278402533],[77.18928619260379,31.114138912780675],[77.19388364291586,31.115367520694576],[77.20065462601025,31.11206603931629],[77.21644215707994,31.117999991006855],[77.2215114951594,31.122489903985922],[77.21974216267074,31.124607096939997],[77.22475588757419,31.128681110345042],[77.2244650585157,31.13046183994203],[77.22910356557713,31.13096538474474],[77.22759644571943,31.135296211251216],[77.2226516295691,31.139517646921945],[77.22522277151376,31.141445504706326],[77.22242559576466,31.144723010158827],[77.22321941924088,31.1469260308117],[77.22655270334462,31.14508775719429],[77.22876463448034,31.13702138792678],[77.2275378360024,31.136007431997427],[77.23038558332809,31.131419587344112],[77.22872924166126,31.130110575542687]]]}},{"type":"Feature","properties":{"blockName":"Nurpur","districtName":"Kangra","state":"Himachal Pradesh"},"geometry":{"type":"Polygon","coordinates":[[[75.88137938724896,32.20844395462484],[75.88067382953363,32.20687487237751],[75.88051169705722,32.20651430718959],[75.88066288298575,32.20277121372061],[75.87818301593347,32.197410706638834],[75.87505678634164,32.19450659160594],[75.86566189088359,32.18879118416589],[75.86363766894334,32.185501026151485],[75.86335440767982,32.18103907579274],[75.86575433399537,32.17811980718341],[75.87126382096864,32.17622721181641],[75.87622328077987,32.17303460506304],[75.87745613169517,32.169397894197516],[75.87984615287769,32.16593314899569],[75.88199408286067,32.16418947236633],[75.88383963469147,32.16041419575856],[75.88630359543464,32.15188155768777],[75.89823287574666,32.1518074868261],[75.90491759137382,32.15400455576571],[75.9113485821714,32.154034630893534],[75.92020996112086,32.15111226861637],[75.92649964234465,32.152280643536926],[75.92617960870206,32.158791472548444],[75.92325766191163,32.15857097407127],[75.92276000317167,32.16022643080521],[75.93416753010746,32.169193445021506],[75.93950458376958,32.17103194436879],[75.93095600161826,32.17942336189867],[75.92752468151889,32.19023696936068],[75.921487818608,32.19725866995174],[75.92216118958731,32.2044060445034],[75.9208190440637,32.20655580460675],[75.92149977779258,32.20853093255653],[75.93828536567713,32.20914020075969],[75.94329625232024,32.215048635086475],[75.94930804932704,32.23104590514447],[75.94807909697278,32.23445778369978],[75.94090144674442,32.24138027647865],[75.94015441229635,32.24616149515691],[75.94084599184907,32.2496585305168],[75.94372835857695,32.25235726377673],[75.9494873705458,32.25250103029833],[75.95568472556971,32.24734082921594],[75.95981103365233,32.245088060765454],[75.96263628713501,32.24280506789961],[75.96535398529824,32.243741771165844],[75.9687675132102,32.245560123900646],[75.97271551091217,32.25438087687604],[75.97462890130282,32.25923143598203],[75.97884327279888,32.265218586168885],[75.98159129790014,32.265103607845276],[75.99290962737746,32.263483325395214],[75.99895654021219,32.26109443915709],[76.0039857379515,32.25784516702089],[76.00632616961707,32.25716465092796],[76.01232432480782,32.25617025885043],[76.01664084669778,32.253529649673624],[76.02129309629942,32.25263123864079],[76.02553649970974,32.25160854130121],[76.02725606371644,32.2516952386444],[76.0316672302585,32.254853047030565],[76.03332768722305,32.25782155082396],[76.02909969369597,32.256577667925114],[76.0251389265203,32.25989014081739],[76.02559471282581,32.261994524727584],[76.03057722136174,32.266560464593795],[76.03276181760384,32.26958958718973],[76.03286615065241,32.27022571004852],[76.03108999950393,32.27047700041328],[76.01699100043436,32.29084399985078],[76.01679200025069,32.298877999819865],[76.01980599984705,32.303413000309774],[76.0236279998324,32.31831699962987],[76.02362100040892,32.32081999994307],[76.01573900025471,32.31815000002251],[76.02195700011549,32.330677000343314],[76.01975300010093,32.33791000024638],[76.00524899944185,32.35414500069129],[75.99139399993322,32.3756070002629],[75.98347136121441,32.381823052192146],[75.97462500004377,32.39089600025028],[75.96752900016327,32.39186900015426],[75.95916000003405,32.390244000760106],[75.947388000356,32.39223900012979],[75.94479206769984,32.39312404993501],[75.93774399988575,32.3955270006706],[75.93498795103318,32.40051741694526],[75.93494400026543,32.40059699975177],[75.92690299997355,32.40870699962841],[75.88767999973226,32.398033000222824],[75.85956600007091,32.37892200025016],[75.84986098329779,32.36953053030976],[75.8454917692298,32.36530724743159],[75.80764329730039,32.330317472973036],[75.80706436952511,32.32971547129199],[75.80102500020365,32.32343299993306],[75.79866800032801,32.32185700010052],[75.7788310001506,32.30182599996999],[75.77569694735627,32.29350965694516],[75.77073114102939,32.2866097857131],[75.75835067894076,32.27784913892668],[75.76534339168421,32.27075129004004],[75.77064022676512,32.2503022049828],[75.76987959007107,32.24860000418687],[75.76728510532342,32.24823939673081],[75.76789639070591,32.24245487099557],[75.7656790996108,32.23845403722407],[75.75673324104628,32.24033261036175],[75.75346663088038,32.23964839355858],[75.75043043421721,32.23636478530665],[75.75227344456385,32.23202904760251],[75.75522602765909,32.230586344384335],[75.75411248710168,32.22546240126883],[75.75966428987516,32.225866015204474],[75.7617402606046,32.22898519231285],[75.76598223589156,32.227248201243526],[75.77979153095447,32.229381117044966],[75.78650931285455,32.22745327544834],[75.79094145518405,32.23298275974662],[75.78685827678811,32.241164815104185],[75.79041051883041,32.241188578789945],[75.79332882966179,32.23932649472198],[75.79648859857002,32.23985977291022],[75.79945958179434,32.248052996048955],[75.81373677703067,32.251593555897955],[75.81389375908975,32.24610739823788],[75.82517708605371,32.24545250203141],[75.82690569184427,32.2347748738614],[75.82886992180948,32.23485847304016],[75.82960359862722,32.24366644844787],[75.83965666562267,32.248381036355795],[75.84521522320404,32.24931904633695],[75.84898971110636,32.25458839903541],[75.8494461979837,32.251953325185866],[75.84376975457059,32.24563019817515],[75.84575373274862,32.24274540237849],[75.85320331727934,32.24467720369006],[75.85921283720273,32.25060729009442],[75.8654379381104,32.24870329761916],[75.86899673531116,32.25096654137286],[75.86605875360863,32.24600094278935],[75.86614418290776,32.24182308826494],[75.86791954535079,32.24135435441997],[75.87244369372155,32.24351053928001],[75.87506529842483,32.24125481385863],[75.87801697680209,32.24309775855477],[75.8811743921845,32.2417917316032],[75.88305108573905,32.23336487179148],[75.87940197412189,32.22721138389829],[75.88813534896724,32.22452557119823],[75.89149946362937,32.21864715084541],[75.90063007711643,32.21872370113795],[75.90050311802452,32.216471522642735],[75.89169199319099,32.21622801411161],[75.88411873838913,32.211904503590006],[75.8817377284135,32.21303798571449],[75.876038418838,32.20916054342439],[75.87911171703217,32.20886070675624],[75.88137938724896,32.20844395462484]]]}},{"type":"Feature","properties":{"blockName":"Dhatwal","districtName":"Hamirpur","state":"Himachal Pradesh"},"geometry":{"type":"Polygon","coordinates":[[[76.59749813992727,31.56243085290157],[76.59001347823948,31.566104539393052],[76.58706896476099,31.571737899884226],[76.57690188531382,31.574766922655385],[76.57314653318599,31.57415075485352],[76.57041704760871,31.566495993595254],[76.5656640397637,31.56429128311629],[76.54063995866721,31.567184410232414],[76.53341207230937,31.569733267876074],[76.52895823473483,31.57647705007588],[76.51973886265841,31.57579054269945],[76.51713808355578,31.574202218557616],[76.5170076180072,31.567927803325517],[76.51809874476135,31.557461815310603],[76.52301557580824,31.547648416741083],[76.51908830568084,31.527554189774094],[76.51913938177711,31.52266727107775],[76.52192713802708,31.518543674451053],[76.52073522964719,31.510027332995094],[76.5224514211962,31.50734754485336],[76.52763889781693,31.50673876947866],[76.5303361426989,31.50486421990786],[76.53228992973652,31.501687404350264],[76.53006439005964,31.483834729489217],[76.53229083175654,31.47491252489317],[76.53655377473694,31.467097687907994],[76.53600548686376,31.465446663932426],[76.52186212963363,31.464294270863945],[76.52575699988569,31.460933999904228],[76.53294400036538,31.46127300024881],[76.53465300003597,31.454530999605993],[76.53715024738608,31.452884453354898],[76.55400100014612,31.44177400036989],[76.5570070002729,31.43883499973549],[76.5599034881555,31.430989966214042],[76.56051600021328,31.429331000325476],[76.5723419996836,31.43178600022378],[76.58967600044713,31.422143999845787],[76.59332999987964,31.425705000385506],[76.61422700037582,31.418706999628398],[76.61787400038486,31.42353600018629],[76.61741133606438,31.42565950188458],[76.61617999960737,31.43131099990279],[76.62528200026418,31.438838999919938],[76.6271970004413,31.44517099964196],[76.61021399967638,31.469849000031388],[76.60797099966197,31.490646000412653],[76.61680340515306,31.50941398546712],[76.61931600033319,31.51475299965125],[76.62074299958982,31.527884999992807],[76.61687500018115,31.53266900027421],[76.61455423668872,31.546273999945186],[76.61117924652507,31.547193015345442],[76.61057295327925,31.54890659346455],[76.60817421316943,31.548822523940373],[76.60606317697409,31.551569724363333],[76.60137712365537,31.552075795361702],[76.59858251726939,31.556333758795972],[76.59912563673879,31.561221493177413],[76.59749813992727,31.56243085290157]]]}},{"type":"Feature","properties":{"blockName":"Dodra Kwar","districtName":"Shimla","state":"Himachal Pradesh"},"geometry":{"type":"Polygon","coordinates":[[[78.31350699974831,31.283429999894622],[78.2953640003484,31.29275099985881],[78.29559300011692,31.299144999741998],[78.29801200015373,31.30411899979208],[78.29769099973993,31.309422999771698],[78.30179600018533,31.31512800025706],[78.29191599962377,31.32377599976263],[78.2748410000122,31.324611999644105],[78.2599949997695,31.327787000369824],[78.25569900040858,31.330253999922206],[78.24751299972519,31.34083599958177],[78.24459099987479,31.342128999853514],[78.24097400034987,31.340851000273517],[78.23526000034877,31.334466999952156],[78.2287450002816,31.33155299957133],[78.22561599987853,31.32825100018357],[78.21997100036145,31.325839999616335],[78.21469900005889,31.325606999663364],[78.20899999985016,31.328899000388617],[78.20287299968925,31.329431999787005],[78.18602000042273,31.33688199980452],[78.18013799986886,31.336544000405354],[78.17150099997122,31.34429900009883],[78.16423000011446,31.344614000235993],[78.15939098650489,31.3500406029915],[78.10458862486519,31.327129316264973],[78.09602272536853,31.32230268991725],[78.0830492125512,31.310893973178395],[78.04166190477315,31.266619300240563],[78.03079658989077,31.247358671965173],[78.016410694498,31.230561503510614],[78.00254756331947,31.2067041147032],[77.99518061839086,31.199544846617414],[77.99007830486994,31.188819653304392],[77.96928834797893,31.17406807378262],[77.98410799988437,31.160487999721454],[77.99998500000783,31.16334200003331],[78.00732400030245,31.162354000336904],[78.02246899994446,31.152386000213767],[78.02898400001163,31.15023399989923],[78.03128800014116,31.153795000438947],[78.03005199979998,31.16145300015586],[78.03099099993477,31.166817000204446],[78.04168700035484,31.175493000101937],[78.0447460002278,31.180615999828603],[78.05357399994023,31.18245500009823],[78.06865700032034,31.18822099979934],[78.09033199982201,31.188182999845594],[78.09491699991969,31.185991000384433],[78.10259200042054,31.186083000130395],[78.12175800023158,31.19775799983188],[78.12474100019705,31.200932999658278],[78.1286929998821,31.201509000140277],[78.13407099967696,31.209314000340896],[78.14983399993918,31.211374000010153],[78.15206899958474,31.217680000331825],[78.15855400006711,31.219337000302346],[78.16278800016613,31.22684100011213],[78.17038699986023,31.225547999840387],[78.1753999999101,31.227171000041665],[78.18640100000619,31.227055000088228],[78.19144399964091,31.225272999749166],[78.20253000005954,31.217442000148253],[78.21524800019512,31.22093999958139],[78.22182500042351,31.23244699962936],[78.2334590000329,31.233938000038734],[78.24760400032443,31.230219000306647],[78.25267000012047,31.234999000403604],[78.25253300009791,31.239149000226234],[78.25767499980145,31.23857299974418],[78.26325199978004,31.241859000192733],[78.2647860003737,31.24575399994717],[78.26828799999129,31.248079000145765],[78.27321599971867,31.255568000163123],[78.28411899979204,31.266567000166958],[78.2932510000337,31.261853999562504],[78.30355100017857,31.259375000356044],[78.3085169998597,31.261221000049147],[78.31350699974831,31.283429999894622]]]}},{"type":"Feature","properties":{"blockName":"Jogindarnagar","districtName":"Mandi","state":"Himachal Pradesh"},"geometry":{"type":"Polygon","coordinates":[[[76.766344441243,31.919619520924186],[76.76751742069246,31.913637405142197],[76.77912754330151,31.91516320122082],[76.78120601774356,31.914943947405277],[76.78112830372828,31.91332631076068],[76.78624561794095,31.917128614693866],[76.79130966530886,31.91615583692237],[76.79670078081642,31.91965121393241],[76.80473528710388,31.919926458639225],[76.80702721923086,31.90424907383573],[76.810165027594,31.90199359842586],[76.80528015755328,31.89333770557073],[76.80739245279949,31.884049256568005],[76.81018009483557,31.87828345201973],[76.81743967869829,31.870785413815838],[76.83093596112576,31.86435670729628],[76.83246640669938,31.85665552483266],[76.83870183722007,31.851428713664234],[76.84026735185688,31.84804408276824],[76.8386842392863,31.832377013188648],[76.84099656983591,31.82705817529461],[76.85001834197294,31.821627494113613],[76.85352210156378,31.820975013486134],[76.85715014296477,31.82320129420441],[76.8480315363264,31.84002114086303],[76.8560391304016,31.85417436545464],[76.85578257810357,31.861829418093237],[76.85897300490029,31.863007645086782],[76.86182282606262,31.86871459080578],[76.86558443387457,31.87118145905714],[76.85757615361666,31.87714363866803],[76.8528683555902,31.88328090369083],[76.84217645787726,31.887240835396312],[76.840096622761,31.886193978669212],[76.84141891754905,31.881700372174464],[76.84017612103122,31.880366453648946],[76.83789690981462,31.882176807813494],[76.83671603431759,31.886188043143704],[76.84399342835411,31.891823475672936],[76.84585919064921,31.900574727241917],[76.85232965808729,31.903896794101797],[76.85468246622287,31.909140330861646],[76.85422416901025,31.911854766284478],[76.84510881611902,31.919443149481822],[76.84524801048735,31.92509318430308],[76.85368448854837,31.930253973542108],[76.86681425047732,31.9302638301117],[76.8734911195196,31.93558674013599],[76.87494137254635,31.944602658585893],[76.86965136511844,31.95637594429445],[76.87084791669804,31.972700161982914],[76.86247760625656,31.98370493023839],[76.86149833268195,31.984613830064234],[76.85628446005984,31.989452580172497],[76.85128557127217,31.99524687973974],[76.84914525405031,32.00603356060037],[76.84404084960556,32.010125612607],[76.83938110685267,32.011131018681624],[76.83365313408495,32.015385847978564],[76.83191390280444,32.01708149631406],[76.8311587070088,32.02102426355896],[76.83044107679433,32.025202968841995],[76.82778175902104,32.033735472913804],[76.82518120205089,32.036418244106756],[76.81903821464192,32.03683275422827],[76.8145841351498,32.03481844461555],[76.8123158866689,32.03595785956759],[76.80647570908678,32.03989971040335],[76.79336626733942,32.04490617687861],[76.7904717894416,32.04844187409327],[76.79029816362942,32.05204257610404],[76.79080680309153,32.05629353292028],[76.78937171982909,32.058242615604286],[76.78300855590021,32.061375701627355],[76.78036397082064,32.06469648515474],[76.78115117708523,32.067314378355945],[76.77694700030389,32.06888200010428],[76.76962934272007,32.06439759547271],[76.7613450002716,32.05356200048601],[76.74396500008476,32.03756700031687],[76.73813600017633,32.03008999995359],[76.73067499965157,32.02923199995689],[76.72988900027718,32.03237199996789],[76.7235639999787,32.03249700033632],[76.7141419998535,32.03505699968082],[76.7063599998142,32.039383000425175],[76.70597099986179,32.04498300056508],[76.70294199957368,32.04895000004251],[76.6885149997675,32.051814999962346],[76.67969500042398,32.04812999999956],[76.67630799981441,32.04532600019479],[76.67524700034886,32.04122499993383],[76.66788590551016,32.034987483885345],[76.67224504627194,32.03510901736729],[76.67784435753111,32.03251305143624],[76.69903330584242,32.016253603820815],[76.70174108268486,32.01300307173443],[76.70060781369972,32.00663631591328],[76.71701024452722,31.98780937670142],[76.72670940041854,31.9844522317851],[76.73827509382056,31.969278197530855],[76.75165454891834,31.96017789929067],[76.74931376471852,31.952626745328075],[76.76298498237111,31.940863636347785],[76.7651070550466,31.928256632337764],[76.76820829697539,31.92405683165748],[76.766344441243,31.919619520924186]]]}},{"type":"Feature","properties":{"blockName":"Chaurah","districtName":"Chamba","state":"Himachal Pradesh"},"geometry":{"type":"Polygon","coordinates":[[[76.37529788638841,32.80659436813562],[76.36966952882574,32.80826214468226],[76.36903634854872,32.821059519880976],[76.37077040692878,32.82590381430964],[76.36940684405067,32.83105159125796],[76.36346765021193,32.83430167548198],[76.3600851839841,32.83419774353109],[76.3581230809155,32.83655017664938],[76.35811335744557,32.842662210292815],[76.35602729722206,32.84812058429759],[76.36471945883602,32.85343833311265],[76.36591564079424,32.85569465928114],[76.36492891633645,32.85914518620143],[76.34904889089364,32.866168268151114],[76.34953487733276,32.86902216144364],[76.35374354802639,32.87379431585504],[76.36037439516224,32.87666755986004],[76.36413023022601,32.880639542480935],[76.36491554971292,32.8866888205327],[76.36896386858774,32.89372519086493],[76.36953493988563,32.89971832334197],[76.37387583070506,32.90559300970966],[76.37439271695041,32.91345003838859],[76.35883622351298,32.92340424920678],[76.35265864997677,32.92367719884368],[76.34674343835906,32.925854699434865],[76.34346415674548,32.929063432831185],[76.34171194375125,32.93504875559563],[76.33051312967723,32.94130402156338],[76.32812474256286,32.9477158936736],[76.33887317435756,32.95443236256352],[76.34255624437526,32.95500919222047],[76.34429647570187,32.95779030967509],[76.33894966439556,32.96571166685999],[76.3384293975987,32.972276789742125],[76.335120699161,32.97716972939952],[76.31904098375446,32.982649322908],[76.30799687825339,32.98093995361603],[76.26220168555938,32.99419037038933],[76.2480892317327,32.99233246637027],[76.24598553220659,32.99379238800833],[76.24437325282344,33.00056094023523],[76.23530187408227,33.0075579004768],[76.22821166583577,33.01780484331891],[76.22911378117612,33.02826023372285],[76.2055209998943,33.027470000340315],[76.18056550829164,33.02427509941634],[76.16943400037889,33.02285000042724],[76.16107199967308,33.01644099985231],[76.14535499973351,33.01006699999209],[76.13763399980928,33.0104139998063],[76.11079400044281,33.00487099959702],[76.11166400009358,33.00035900016775],[76.09922800037197,32.96880700024292],[76.08700599972718,32.96224599985305],[76.08287800001972,32.958011999754035],[76.07144899997144,32.95100400033442],[76.06736000026388,32.9443049998759],[76.05954699969436,32.94028099956853],[76.04500600002694,32.93751100043238],[76.04056500027463,32.93165200003983],[76.0380779997999,32.92450000027486],[76.03407300036872,32.91770199974752],[76.02149200025565,32.914085000222656],[76.01437400025998,32.909457999986785],[76.00424199976851,32.90067699974378],[76.00003099983081,32.900497000436246],[75.98044351925307,32.892557202652824],[75.97749493364432,32.89136199196241],[75.96254000032081,32.88530000019489],[75.95055399976735,32.88449099975986],[75.94001000006153,32.89831200039856],[75.93095777148403,32.905971144952446],[75.93011731636113,32.89852069347529],[75.93509162218066,32.88832744015929],[75.94411929297104,32.88388120275533],[75.94749855671307,32.878735540113155],[75.95505057942074,32.87356071605427],[75.95863981777342,32.86663235429978],[75.96265771797937,32.86401922930406],[75.96496324605704,32.86320770177406],[75.96972625616183,32.8657668782389],[75.97344797454446,32.864886514800844],[75.98405878398574,32.85030801969941],[75.99094206362537,32.846967842292145],[76.00484969056083,32.835619459270674],[76.00951000168527,32.818894491987294],[76.00765730833814,32.81417969183934],[76.00073756208889,32.80762016993492],[76.00213394212778,32.8045368937627],[76.00645899858398,32.80313618618612],[76.01605240319589,32.803224262189985],[76.02725538203032,32.8050899759217],[76.02913823144428,32.8006571887783],[76.03266124012418,32.80051382785092],[76.05201109463638,32.80650905664771],[76.06992447013823,32.80514060685357],[76.0747224944476,32.803414598305096],[76.0855437578382,32.80575332935274],[76.09274595146456,32.80260954049794],[76.09941618800673,32.802077188611406],[76.1136013745039,32.808047419852585],[76.12436959767882,32.80722269297297],[76.12545183463453,32.80560420916697],[76.12332398381488,32.80014882630735],[76.11412491303435,32.79590433112003],[76.11576446255998,32.78705643390737],[76.11492137242345,32.77831263861742],[76.11884770815527,32.76970741446564],[76.12741528129027,32.774072799220335],[76.14167894442778,32.78570737079855],[76.14703970511835,32.784978657339195],[76.14939683269773,32.78281547035772],[76.1532162291457,32.77472219966984],[76.14834444693872,32.76335196222334],[76.13764953649695,32.75585263978752],[76.12151521965171,32.750169427177354],[76.11473936852707,32.74323111982039],[76.11034155691738,32.73495324979268],[76.0947551268477,32.72150404327704],[76.09604325189463,32.7191790547696],[76.0976512846791,32.72077893430043],[76.09959992489667,32.72027893912178],[76.10110755377065,32.71794241590982],[76.10482336001013,32.711346681903876],[76.1117263392992,32.700763383623325],[76.11335330191343,32.69656379158579],[76.11536189003925,32.69410440299583],[76.11742124939121,32.692375673098866],[76.12881739720518,32.68099786965604],[76.13021002437318,32.68041415299081],[76.13533933014605,32.67775721482366],[76.13951129680896,32.677395196331304],[76.14480363617895,32.67640162263683],[76.14601904024659,32.67615766534402],[76.15818410121534,32.677341665985125],[76.16761752273055,32.68166540043791],[76.17751255905739,32.684159689018486],[76.17935598579015,32.6845713986512],[76.1851924518702,32.680844978612924],[76.18674433458341,32.680402042720175],[76.18953585359685,32.68243196456359],[76.20070200879076,32.69228864570448],[76.21349086830901,32.694013971667516],[76.22085370423514,32.693172173856794],[76.24137643207672,32.68696710984432],[76.26618620293095,32.68385017834311],[76.27576657097052,32.68050781198599],[76.28409212035513,32.681018311246135],[76.29102138323032,32.67681491147903],[76.29552847685778,32.665248280983405],[76.31458211807035,32.652971364137215],[76.32321418698518,32.64345009504592],[76.33901058896754,32.64184173041156],[76.35039651598646,32.633489627644224],[76.36592903349816,32.63266612024529],[76.36953406304661,32.63304223740937],[76.38308337489786,32.64166106380708],[76.38415174880424,32.634789622842845],[76.38782714130957,32.63264158853855],[76.38889120386602,32.62887763349602],[76.39115161745326,32.62852105050615],[76.39101852318635,32.622368233507245],[76.3935783993237,32.620314441858056],[76.39824446431066,32.62134630239001],[76.3997799379938,32.620427753737886],[76.40072658236596,32.61597403397457],[76.40804935799156,32.61820763877154],[76.418154187266,32.618046956901594],[76.42423467628936,32.621742931291294],[76.43089312721611,32.62174677139643],[76.43627494283442,32.62402745390392],[76.44181881448674,32.632455497223475],[76.44317233463562,32.63762224087378],[76.44269599972068,32.65956099984032],[76.4460370000076,32.674355000383],[76.43582200018523,32.67823799958404],[76.42642200017525,32.68824799984537],[76.42900100039589,32.69160800010917],[76.43090800020411,32.698913999781325],[76.42926800011816,32.70616100032993],[76.4255220000403,32.71239500002929],[76.41786999970077,32.71952399963294],[76.4035799999171,32.7275769995789],[76.40358700023995,32.73770900007037],[76.38488800038095,32.77469599972068],[76.38704700011903,32.78435499998329],[76.38525400017204,32.79236199960667],[76.37551900000193,32.79685199981998],[76.37529788638841,32.80659436813562]]]}},{"type":"Feature","properties":{"blockName":"Jawali","districtName":"Kangra","state":"Himachal Pradesh"},"geometry":{"type":"Polygon","coordinates":[[[75.93950458376958,32.17103194436879],[75.94202900053801,32.167237746025194],[75.95308488176192,32.17095250455452],[75.95723973072904,32.168154764031215],[75.97487526248341,32.16298185912552],[75.97739482021484,32.14334677833119],[75.97591903903248,32.1383492996805],[75.97740718589296,32.127988732893755],[75.98582623329406,32.11528874438011],[75.98763895717218,32.1003858638166],[76.00127994231553,32.08265950952881],[75.99939675205854,32.080553127325004],[76.00209983983581,32.06821167153146],[76.01100580897099,32.06025259048471],[76.01138862968156,32.060188870819786],[76.01151623628533,32.06031631014963],[76.01192026121112,32.06267434064836],[76.01223908616493,32.06373653621222],[76.01251550358768,32.06312057885168],[76.01251550358768,32.062865499643124],[76.0123666927687,32.06235574232369],[76.0125794993445,32.06182474391687],[76.01287712098241,32.06137850571349],[76.01389759070133,32.06133602623669],[76.01430161562712,32.06137850571349],[76.01457803304982,32.06139974590161],[76.01504566882261,32.06171834422628],[76.01436329922694,32.06378663024884],[76.01446199172761,32.06524877680965],[76.01478737004118,32.066029443204286],[76.01537374600161,32.0661272273897],[76.01537374600161,32.06619214944817],[76.01747714065755,32.06824039677696],[76.01914412670016,32.07308509859848],[76.01950690062301,32.08015077244022],[76.01940358200977,32.08267812099854],[76.02122207773675,32.08410019197032],[76.02209180938956,32.084771653688904],[76.02244764414354,32.08492975090735],[76.02272444737542,32.08536416662304],[76.02391069092567,32.08694433571259],[76.02422681701404,32.08777369320143],[76.02327805383919,32.0918028628119],[76.02489877785638,32.09215853119133],[76.02438488005822,32.09251399902189],[76.0246007713086,32.097962635167505],[76.02852954060586,32.10483499793685],[76.03082695320137,32.09562346974741],[76.03313309101941,32.093672174731125],[76.03283354213431,32.09264564627961],[76.03416049990722,32.09149067665345],[76.03304750523824,32.09046414820193],[76.03356101722721,32.08982254217665],[76.03889647459266,32.08569490219804],[76.04165731413377,32.08566152565891],[76.04473715129853,32.0848521214283],[76.04875279870276,32.08868766160634],[76.05882289166317,32.093370737269765],[76.06619728837421,32.093318897649056],[76.06837896181969,32.09519276733238],[76.07170320234098,32.10261841820551],[76.07436757430418,32.10356445913254],[76.07419452225946,32.104962475038235],[76.0711162310293,32.10580068095669],[76.07073140123322,32.10932221474849],[76.07637335834386,32.12286443994202],[76.08042733395433,32.12557375192716],[76.08891999626087,32.126381364708266],[76.08583282062824,32.13263698770686],[76.08814459449752,32.13686482655055],[76.09203321176335,32.13782787455682],[76.08818846342689,32.14326592208471],[76.07797835052054,32.15024473850394],[76.07194319182491,32.150002891919996],[76.06860177515188,32.152918989519776],[76.06228222114765,32.15496516301192],[76.0573755209636,32.159725650518396],[76.05431369721941,32.17001943005272],[76.05130697673565,32.173208776763715],[76.05366560618285,32.17395264469883],[76.05297828132268,32.17445909431183],[76.05108193218547,32.17921723728574],[76.04757577590141,32.17776547069997],[76.04262450981332,32.183446763257564],[76.03702834528195,32.19658289508459],[76.0248248751679,32.19936430302022],[76.03009956264475,32.204688282338395],[76.03435616000883,32.216263194690725],[76.03841056999187,32.21980724300988],[76.03304092579816,32.223327321698605],[76.03106393175511,32.229753092831004],[76.02592865088661,32.23464644257933],[76.03351337923914,32.23464307731621],[76.03056504544054,32.24319760128833],[76.02701152905888,32.24447347666967],[76.02645035120281,32.24715630362056],[76.02389086087459,32.248726956983546],[76.02265289461548,32.24713905912034],[76.02146581829294,32.23888856805303],[76.02363871255659,32.23445247769973],[76.01917177905443,32.224572416883575],[76.01330740341399,32.22478561196647],[76.00943839136875,32.22768715763624],[76.0060045909392,32.23445388963535],[76.00700872986903,32.239456271389884],[76.01299045444597,32.24098024094542],[76.01589436263481,32.24509957298693],[76.01265614316651,32.24814767127805],[76.00572559336149,32.241027041664665],[76.00317912071989,32.24027713118471],[75.9999853763241,32.23471434858834],[75.99684827033144,32.237971952044006],[76.00026370030957,32.24643035287852],[75.9906789336859,32.245467740144136],[75.98988541418055,32.24248660627194],[75.99288201729132,32.23904764283452],[75.993463171788,32.23235826512189],[75.99563158742785,32.22940729271244],[75.98591466992616,32.22396101189122],[75.98258482572919,32.22880673534263],[75.9747997491092,32.23196235477889],[75.97351288311313,32.2354361336707],[75.96563846963971,32.24290002461652],[75.96535398529824,32.243741771165844],[75.96263628713501,32.24280506789961],[75.95981103365233,32.245088060765454],[75.95568472556971,32.24734082921594],[75.9494873705458,32.25250103029833],[75.94372835857695,32.25235726377673],[75.94084599184907,32.2496585305168],[75.94015441229635,32.24616149515691],[75.94090144674442,32.24138027647865],[75.94807909697278,32.23445778369978],[75.94930804932704,32.23104590514447],[75.94329625232024,32.215048635086475],[75.93828536567713,32.20914020075969],[75.92149977779258,32.20853093255653],[75.9208190440637,32.20655580460675],[75.92216118958731,32.2044060445034],[75.921487818608,32.19725866995174],[75.92752468151889,32.19023696936068],[75.93095600161826,32.17942336189867],[75.93950458376958,32.17103194436879]]]}},{"type":"Feature","properties":{"blockName":"Indora","districtName":"Kangra","state":"Himachal Pradesh"},"geometry":{"type":"Polygon","coordinates":[[[75.88383963469147,32.16041419575856],[75.88154444701865,32.160207658356796],[75.86819398876162,32.154606113181615],[75.85374744398939,32.156808387397234],[75.8517776193417,32.15868260871548],[75.84767547604247,32.15519987977069],[75.85037735692953,32.151382790983064],[75.84722916679266,32.150347966285665],[75.8387803266508,32.15466688576822],[75.83817887985145,32.15689255135021],[75.84440740178024,32.160450694743815],[75.85195063181624,32.15910263168115],[75.85392760787283,32.16286480156941],[75.86209399793972,32.16388466244729],[75.8655295997113,32.16611627614526],[75.86614303986943,32.1713881604353],[75.86160685677106,32.16916578097607],[75.85757782835412,32.17143576784645],[75.85400558808749,32.168812834844516],[75.8540304192685,32.17849510596443],[75.84835404510318,32.17585472791342],[75.84336135624164,32.178910317557154],[75.83529480261313,32.17134502265475],[75.83474374482802,32.16718063727666],[75.83264110560259,32.167241081610655],[75.8221886703709,32.17180581458672],[75.81840152900742,32.17126152509934],[75.81739905921927,32.17859134781253],[75.8129547490625,32.18008284105031],[75.81465080299222,32.18365221967423],[75.81066842330915,32.1820944077308],[75.80628175699752,32.17983096612625],[75.80561822100418,32.179582636329656],[75.80308367966813,32.17947421676172],[75.79648169357534,32.1739208212889],[75.7940825829449,32.17229598736998],[75.79650127541356,32.16966872143439],[75.79421125524527,32.167292623555795],[75.79592597010748,32.165728010939006],[75.80105256712233,32.16644303311955],[75.80448465704137,32.164990004784954],[75.80860688489986,32.167382976643125],[75.8048428606096,32.1558218113276],[75.80821625987255,32.15579930489406],[75.79771380704659,32.148602307550505],[75.79255688579173,32.149174753911836],[75.79026763004714,32.15431152225898],[75.7900573541636,32.15338547865696],[75.78527321268865,32.15594767594456],[75.78259123110047,32.16043532173279],[75.77901446094864,32.16086527591182],[75.77619522393047,32.165914848691386],[75.77471708022915,32.1687206417443],[75.7704584369074,32.1716229842134],[75.76814400823946,32.17160961219389],[75.76754656702053,32.1716061605959],[75.76478152494747,32.16978900216077],[75.76279891913487,32.16943975584013],[75.75362698539709,32.174226493657784],[75.74713669330379,32.17474979476725],[75.74382852906342,32.17461858997598],[75.73459709797777,32.17051056870781],[75.73666502786881,32.17648925807288],[75.74138721774597,32.181695866870825],[75.74254780813487,32.18541761942765],[75.742140415248,32.186653444400974],[75.72737562018875,32.19852907385774],[75.726291587287,32.199664255700895],[75.71982187438005,32.20620377038773],[75.71933634929314,32.20705458929791],[75.71820424762797,32.209038381316304],[75.71865445364017,32.21229213567358],[75.72054752924515,32.213227256132996],[75.72274769365117,32.2143140256718],[75.7340570721762,32.21875287064853],[75.73578953965557,32.22120158428572],[75.73720224778555,32.22378380228071],[75.73600564134733,32.235135326634065],[75.73391106004743,32.23940622681596],[75.73128135515049,32.23975225176508],[75.72294243014909,32.23523668562461],[75.72109830194512,32.23504433862536],[75.7167730647252,32.23752055173213],[75.71318908021192,32.2384342728235],[75.70978679022824,32.23780972693743],[75.70082977107711,32.23105656480868],[75.69963679160469,32.22948038601106],[75.70007024234786,32.236722960096586],[75.69983400843279,32.23937606715185],[75.69188200505056,32.23944613423174],[75.68854552925285,32.23735205025696],[75.68778549060795,32.23706693459138],[75.68473901199587,32.23440846757677],[75.68299114002917,32.233115518566365],[75.6811359123925,32.23445637895878],[75.67749688307475,32.23849134290123],[75.6718841449374,32.23838348720824],[75.66586617408473,32.236777441026106],[75.66256281761997,32.24067177438292],[75.65854901292664,32.248876843391656],[75.6534032711441,32.25199126758298],[75.63963926773806,32.25263933253922],[75.63349382338129,32.24695211254999],[75.61785767878888,32.23814068194696],[75.62522320009066,32.23365532673199],[75.6371869370276,32.23107408540079],[75.63521172813881,32.21865167263661],[75.62731114169588,32.21551046663478],[75.62565408147071,32.1944364660701],[75.63484584076298,32.188140976125226],[75.63534499957211,32.184978000234594],[75.66473399957448,32.17942400041733],[75.67130300033324,32.176342000383045],[75.67694899989647,32.164364000198475],[75.6705699998057,32.14574100024703],[75.64620200022222,32.11918999981867],[75.62552600002493,32.099318999872025],[75.59364300012442,32.08143599987153],[75.61341099981786,32.06569699981674],[75.61512727230581,32.066231597310434],[75.62445800023659,32.06913800021857],[75.63902906334067,32.07206699589517],[75.64022799992233,32.07230799981437],[75.65499099993474,32.076355000283115],[75.66429900019875,32.076767000396785],[75.67230306173695,32.073291032555176],[75.6804678725943,32.06974525663833],[75.68804199973857,32.06645599974462],[75.70475799988185,32.061024000157545],[75.7072220001952,32.05892899977357],[75.71532399970289,32.043030000434214],[75.72539500007923,32.03542699965635],[75.7488940000581,32.03670099995122],[75.75417596484897,32.03433988657656],[75.79307933254523,32.06323161994334],[75.81338788504291,32.042921113218824],[75.81576920078805,32.04286156730751],[75.82392318920387,32.05565105904918],[75.82676416643318,32.057047564093864],[75.82913768865347,32.05697595107932],[75.8301675005298,32.05134022267316],[75.83185860638963,32.04991780366373],[75.83749564780595,32.04969479517871],[75.84349055734339,32.040885312507214],[75.84941762292499,32.04150523947527],[75.85305510720747,32.0443865459024],[75.8545931043883,32.050624953179124],[75.8510024891736,32.05506905289451],[75.85481643033404,32.06106648952692],[75.84550114196418,32.063965615121106],[75.8425951122747,32.06933915517794],[75.83863182250064,32.08854703012139],[75.82970098081569,32.08939387492745],[75.82848712358197,32.09385633700043],[75.82252738742903,32.1010865418105],[75.81517278389691,32.10160560441517],[75.80542414281001,32.106244839927456],[75.80205041349586,32.112806891624814],[75.7890980851086,32.108937041411366],[75.77638006248992,32.109785699250665],[75.77169799766449,32.11188793468051],[75.77392147069935,32.11287892282411],[75.779244619044,32.1238423951105],[75.78579833762325,32.128277678771894],[75.78928937270643,32.13008673341608],[75.79683895645275,32.1308579065672],[75.80427858189108,32.13586959810351],[75.81360593466621,32.13857149517844],[75.82359137174444,32.14717466347997],[75.82966888041454,32.148514119131335],[75.8276613921596,32.14548179225096],[75.82680452980526,32.13779353394449],[75.83048272909474,32.13435968585088],[75.83342466151896,32.13446154306581],[75.83892379999344,32.145800113584414],[75.85354794378264,32.144321635335245],[75.85227449387287,32.13784007835699],[75.84845540139571,32.13264044020423],[75.84799535590099,32.12599034757653],[75.85235989978958,32.12575374404008],[75.85730867385627,32.117452836978885],[75.86250238457745,32.114319240140844],[75.86611857651116,32.109146205732884],[75.86708100848182,32.10418553273621],[75.8794164451129,32.10356945576581],[75.89428128075656,32.12147204479908],[75.89650156749337,32.12667383502952],[75.89552696499749,32.13042464378236],[75.89075014040674,32.13206823935781],[75.8898701888582,32.14656245539305],[75.88630359543464,32.15188155768777],[75.88383963469147,32.16041419575856]]]}},{"type":"Feature","properties":{"blockName":"Dera Gopipur","districtName":"Kangra","state":"Himachal Pradesh"},"geometry":{"type":"Polygon","coordinates":[[[76.19594343144428,31.908756039759453],[76.17816838156563,31.897617427202533],[76.17661789909681,31.90109551564558],[76.16580382039007,31.911676135745097],[76.13876308155102,31.879417117605954],[76.13944701956439,31.871577394581152],[76.14174806632025,31.857101609251913],[76.15201096403484,31.86110781917057],[76.15613143461809,31.86833759230609],[76.16237038418592,31.871757428062892],[76.15988609786518,31.866675360979173],[76.15866928725785,31.86392891688604],[76.15718016103568,31.861851816608123],[76.15483154104282,31.859981774439404],[76.15116650063356,31.855867466010807],[76.15275270597266,31.851620909577377],[76.15094938540585,31.848370215612988],[76.14695735509792,31.846537387390583],[76.13620359661877,31.84787451109986],[76.13301252680674,31.84338817382519],[76.13086986325362,31.843478219344377],[76.12916809593094,31.846095897607654],[76.12536534233675,31.84541105487631],[76.12125398368448,31.848776925015102],[76.12773248926305,31.854724455569226],[76.12971950714962,31.865059808063734],[76.10537708158711,31.866343041698087],[76.10325587585805,31.86418247534101],[76.10314993122438,31.85873087682853],[76.11218767082443,31.854539669170435],[76.1175724407156,31.85001983125028],[76.1198417746782,31.848073448331036],[76.11961425519377,31.83957602501357],[76.11947275496374,31.837552529725542],[76.11742298868006,31.834093704760733],[76.10897697240938,31.83230135412424],[76.10325279657934,31.82668942717538],[76.10137682607973,31.824328198687454],[76.10098828837886,31.82309215158159],[76.09765522820629,31.820753914261786],[76.10193600024627,31.819060999865314],[76.11492899957375,31.805489999963584],[76.13247403704725,31.800083717389725],[76.15097227315192,31.79745042329847],[76.14963870805997,31.80649983070265],[76.15934863513144,31.8040018665929],[76.16372819500026,31.807227700597934],[76.16137023734666,31.815168843767196],[76.1537931172586,31.82576873274087],[76.15995020873521,31.827620535759195],[76.1622632641384,31.82066485260094],[76.1688267718381,31.821784655137776],[76.17007826210215,31.825406063139326],[76.1631057103603,31.82950035535714],[76.17392064702028,31.838377951781126],[76.18612276815128,31.836461134074113],[76.18929535059999,31.833353588797138],[76.19017990757675,31.835888134629784],[76.19246794743788,31.83601390391857],[76.20450574084731,31.83249013081496],[76.20517836628864,31.828916457928244],[76.19861705203539,31.82553113005764],[76.19763168195664,31.81903059018964],[76.2043818403497,31.82116060297949],[76.20898703292528,31.82833638981259],[76.22004680371708,31.834564191384402],[76.22313637964027,31.839241827948058],[76.24326906071866,31.842748054379285],[76.24823063393666,31.845859994643092],[76.25142184853951,31.847435137421712],[76.24527151187084,31.853739343595862],[76.2469837212218,31.85785272662207],[76.25068163634847,31.858811810416796],[76.24830339898273,31.866755267541635],[76.25110615142779,31.870562043803318],[76.25401453374377,31.8678213355862],[76.26359896941699,31.868007035696166],[76.26881919485004,31.864779718709087],[76.27184777785271,31.85941440924762],[76.27989380265694,31.867380040956164],[76.28290535429869,31.865205303981668],[76.28452006365006,31.86665466488091],[76.2850710710731,31.864780622527746],[76.28966922105775,31.86359001636623],[76.29088517461116,31.865531052815868],[76.29181977616179,31.862323948991104],[76.30002862681971,31.869649226530612],[76.30021736753753,31.873238194187365],[76.3075545835772,31.87817138030499],[76.30671726259163,31.880653296912158],[76.30826752382723,31.885606077458533],[76.31000607791822,31.884527008814473],[76.31345513354762,31.885611292627118],[76.31636634153347,31.888562811824386],[76.31740877089811,31.885486042247123],[76.32957558914217,31.885699419892376],[76.33060915568802,31.887207189959895],[76.33417130376273,31.879951168311834],[76.33304546227833,31.884162641292903],[76.33499881944005,31.886968848933293],[76.32852132020281,31.896668197279553],[76.32577273482389,31.90030282891246],[76.32092685578982,31.904423087255736],[76.32023206835532,31.906289078877933],[76.31680927203035,31.90989112357653],[76.31077272658013,31.91722761296404],[76.3045232306626,31.922643854630223],[76.29432611925506,31.93013477739811],[76.29087304185748,31.93404413213102],[76.28973914694416,31.936250860688745],[76.2809240902746,31.937459221266124],[76.27648277126292,31.94057414098387],[76.27461205550202,31.941886120548077],[76.26856192489299,31.940660806850815],[76.26523659978932,31.941464326817254],[76.26605460333735,31.94652597389461],[76.25427636056565,31.96191444789349],[76.25312942458334,31.965423001770148],[76.2526054193047,31.96314332560405],[76.24732330252846,31.966717047054146],[76.24146376074401,31.977342609873574],[76.23641381024919,31.98392718778956],[76.2348851929973,31.985612221426948],[76.2340577339773,31.989865802464863],[76.23334162811369,31.993546638566556],[76.23025112678812,31.99196756035468],[76.22915504207157,31.989572020932087],[76.2261955782634,31.98986472417772],[76.22446656058338,31.986625875184018],[76.22087457660047,31.98600371430001],[76.21659964655652,31.98235809475034],[76.2115546000648,31.982024023589872],[76.21221253058388,31.976413396161377],[76.2171734392029,31.976271617141492],[76.22230024575981,31.974103672746367],[76.22038341995892,31.96855020892508],[76.22173321871315,31.963996170686755],[76.21966950934046,31.9627350369924],[76.22007166367638,31.957328797586],[76.21570272570028,31.953584667198697],[76.21446460116044,31.949256813850923],[76.21575315158674,31.943347457719028],[76.212984924115,31.940259077894154],[76.20589859014785,31.938620998760143],[76.21376998999312,31.93080385501395],[76.21342180577176,31.928863582088695],[76.20924276414229,31.927498888762784],[76.2129836830506,31.923160421616217],[76.21458825524383,31.918126860366385],[76.20966940431958,31.91262043738334],[76.20568125278766,31.91285262434917],[76.201971648273,31.91050028565968],[76.1996388203753,31.906759451287712],[76.19594343144428,31.908756039759453]],[[76.31636634153347,31.888562811824386],[76.30858543866714,31.8874863808918],[76.30432383207926,31.888480103873746],[76.30084756836067,31.89469948869049],[76.3021599445259,31.895482316156006],[76.30118035169193,31.898124385831807],[76.31015319081718,31.901823075274763],[76.30803382600033,31.899261985951966],[76.31688916600228,31.891834728889705],[76.31636634153347,31.888562811824386]],[[76.30139839951659,31.87853464795569],[76.29828704291276,31.875866265016157],[76.29472251972857,31.87813268157805],[76.29235267933274,31.876962268793704],[76.29245901337282,31.874371982081357],[76.29616867364541,31.86966025401756],[76.29622972682051,31.8686754478137],[76.29395709864127,31.869003450349],[76.2907648201404,31.87585798405877],[76.2907196714757,31.87797365176266],[76.29507475719436,31.883432336932856],[76.29306984729567,31.88621957157602],[76.29908821564868,31.887960777767717],[76.30584187869982,31.88059154946052],[76.30139839951659,31.87853464795569]]]}},{"type":"Feature","properties":{"blockName":"Thural","districtName":"Kangra","state":"Himachal Pradesh"},"geometry":{"type":"Polygon","coordinates":[[[76.48738641035459,31.965739058610723],[76.48775089568733,31.970732916590862],[76.48593921592214,31.972276799834503],[76.47844192685352,31.971417930193354],[76.47783895300535,31.96790077520069],[76.47426584759086,31.97021620841133],[76.47512242665874,31.96584150937821],[76.4668181174622,31.972230350750124],[76.4560025242971,31.966093668488043],[76.44996449676415,31.966434559207585],[76.44800497025324,31.961501319130605],[76.45394227101906,31.96073157410291],[76.44861163851635,31.956268871011616],[76.44277677053157,31.95450784645999],[76.43946121296466,31.947129059258714],[76.43609169877294,31.945797786538662],[76.43901149978097,31.942539504094896],[76.43202134650801,31.939962492275242],[76.42945877510243,31.936315353770624],[76.42292067864645,31.935367951269996],[76.41482354716902,31.937979131931456],[76.41109894106336,31.936990088122116],[76.41488392944984,31.923396197776356],[76.43013850788589,31.902131446509088],[76.43486614495669,31.90033252182849],[76.43838973999453,31.89428659914728],[76.45056092444719,31.886185441405075],[76.45438741924409,31.874348827236645],[76.45574427857565,31.87499267886909],[76.45785657292254,31.872505689186255],[76.45725211159572,31.875293436442973],[76.46388636356488,31.87748295917129],[76.46981683487911,31.88070136567552],[76.47906493040227,31.88679381028618],[76.48057446493965,31.880274550130423],[76.48429466436733,31.878387839027596],[76.48650667734137,31.876758216218775],[76.4897740060656,31.8768443038216],[76.49595684962895,31.876158387299768],[76.49806806389012,31.874957474907603],[76.49927447743522,31.870539660576924],[76.50178775789874,31.876372896292196],[76.50083270306686,31.877445193940616],[76.49841984000369,31.87993289228922],[76.49821695384941,31.880970141558862],[76.49807470808139,31.882163351257702],[76.4968694933325,31.89575702037024],[76.4968609758534,31.895888471575745],[76.49701165366497,31.900649415038515],[76.49550335839331,31.898676369019256],[76.49278840226299,31.897518178021528],[76.48921873315805,31.896917446183238],[76.4871732152717,31.897953582092214],[76.48408899211336,31.90515204263272],[76.48650177873418,31.91034216775688],[76.48971932098993,31.91660459142878],[76.49127122079028,31.91939316606181],[76.49307448380046,31.922486815014565],[76.49463512860837,31.927183385005264],[76.49555214931229,31.929600957818025],[76.50017933840581,31.932689197348623],[76.5005817229682,31.93384725614601],[76.49744248738097,31.93580255224606],[76.49645726209303,31.93496237681228],[76.48908192109383,31.935479496881328],[76.48010977894319,31.93731987940896],[76.4774940189339,31.938048591069673],[76.48282501206472,31.942424312632],[76.48931388412853,31.94366886462643],[76.48800569071011,31.946070646243356],[76.49117446812727,31.950274225874864],[76.49127467238827,31.95460622239932],[76.49207932639985,31.957994661024827],[76.49097244891942,31.95838060598021],[76.48750072407921,31.96026751313525],[76.48767989690975,31.961095389440743],[76.48810411071616,31.963055480725927],[76.48738641035459,31.965739058610723]]]}},{"type":"Feature","properties":{"blockName":"Palampur","districtName":"Kangra","state":"Himachal Pradesh"},"geometry":{"type":"Polygon","coordinates":[[[76.5677603405673,32.06691980170751],[76.56843612262901,32.068547674435706],[76.57031378295477,32.06900548871238],[76.58836183732899,32.069066694772175],[76.59211421270084,32.069396811613615],[76.59602482918257,32.071523754118004],[76.59488336827286,32.07331450306191],[76.5871769652448,32.08798172617577],[76.5862871139592,32.09013353943135],[76.58651247237276,32.092664212783234],[76.59201428363235,32.09430537389392],[76.5963256317226,32.09461852142766],[76.60071258581723,32.096070334778176],[76.60291349036532,32.09747370524735],[76.60865574886378,32.1008214531476],[76.60966966252494,32.10225651032977],[76.60520461580046,32.103763384672504],[76.6003380415674,32.10523183817884],[76.59606701458114,32.10801128199512],[76.59494553211067,32.11117117411044],[76.59584886603238,32.11452099584733],[76.60092104327157,32.12399417998745],[76.60306296668261,32.12801304876325],[76.60580645740214,32.13212002411984],[76.60834246643174,32.13473026229184],[76.61318560253358,32.140734499597556],[76.61188438965291,32.14380520144891],[76.60997738894542,32.148661306674],[76.6117945986419,32.15222615361415],[76.61350269988975,32.15906833423628],[76.61872375629639,32.165618067020205],[76.62074116767081,32.16685916921534],[76.62734634455819,32.172742537638044],[76.63807595264313,32.17779498465086],[76.6391256889994,32.17987271985021],[76.6461096432455,32.17656325698874],[76.65174349206853,32.173105217132104],[76.66477338158637,32.173736001615225],[76.66661940466184,32.17414000136],[76.66977364813539,32.17670017787094],[76.67220944481011,32.17918538419815],[76.62503100038043,32.19248200004432],[76.61360899975557,32.199078000249585],[76.5995790002707,32.214798000327505],[76.59010300035322,32.221084999772984],[76.57238800000624,32.22566999987066],[76.56449100005966,32.22515500040299],[76.55662499974397,32.22895800041147],[76.54846999959085,32.22850800034399],[76.525992999977,32.233261000095126],[76.52448299959082,32.237690000193425],[76.51349600014038,32.23285700035035],[76.50443300038273,32.23330300023332],[76.49453699998264,32.2433399999411],[76.48790701169929,32.24674299859055],[76.48213199989192,32.251914999677524],[76.4764790000059,32.24802800029204],[76.46824353660998,32.248075721017756],[76.46639834001144,32.24157960041828],[76.46653698309535,32.23629352572567],[76.46941056794338,32.227464696838354],[76.47067768302873,32.22470104331853],[76.47124130883941,32.22051629728935],[76.4700824739271,32.21556232514126],[76.47008402975422,32.21080962576366],[76.47122416506323,32.206585263699026],[76.47199408186145,32.20186022297099],[76.46678373458172,32.201397492100625],[76.46439681785893,32.19825885006594],[76.45483695975793,32.18728791970176],[76.4540201136374,32.18536956505346],[76.4551348763735,32.18002905439738],[76.44915219671657,32.17627214824108],[76.44758468468552,32.17243342626165],[76.44831559968526,32.16043837672976],[76.44829164804116,32.15707603013476],[76.44792277761417,32.154302829412075],[76.44094910801499,32.15281648659163],[76.43761231295792,32.15196537630112],[76.43074447917445,32.14620835093467],[76.42873215256685,32.14414100920027],[76.42516304014225,32.14181921778271],[76.42061235727454,32.1404982261123],[76.4189374482047,32.13779492159841],[76.4271136570697,32.13511735658079],[76.43222107784055,32.13675443027279],[76.43433466271455,32.13630558763282],[76.43712995168596,32.13556823528586],[76.44242611497327,32.12593912399143],[76.44491011890693,32.113596711319246],[76.443938730588,32.11126305604523],[76.44040170507469,32.110659317773354],[76.43677893639887,32.10621689799149],[76.42485760789236,32.1028788771585],[76.42572889896957,32.09559535604092],[76.42505880691846,32.09199386172736],[76.42506475143716,32.08470981810365],[76.42428181515368,32.077174981440294],[76.42181766375421,32.074299721155285],[76.42468044504653,32.06540180275107],[76.42521773061384,32.063378645608054],[76.42709703939693,32.05856951287279],[76.43445674208505,32.05803635969028],[76.43550919799117,32.056425384324086],[76.43955444837917,32.052362493734165],[76.44086744597593,32.05047618462828],[76.44177045164508,32.048292726927855],[76.44666164302049,32.04494196539946],[76.45416358158406,32.04904041967967],[76.45602016899568,32.04779863399983],[76.45621814395224,32.045868679895705],[76.45809998612549,32.04352314008088],[76.46173662144798,32.0434369580492],[76.464905725319,32.04097741207795],[76.46567492715621,32.03914096678227],[76.46698742203193,32.03732504491495],[76.4676266223708,32.036601548422766],[76.46879765478798,32.034380875876764],[76.46724394555173,32.03134314317157],[76.46773610583665,32.02756759316992],[76.46886391413841,32.025967406970324],[76.47207163579742,32.03129601689773],[76.47023814027801,32.035713074898524],[76.47122982809412,32.039268422299926],[76.477687172625,32.04234661460464],[76.47599650383563,32.03681638207041],[76.48146413186424,32.03601886417931],[76.48750568114235,32.03899812386436],[76.4906136949661,32.03687211035964],[76.49574628776105,32.03800909084691],[76.49657904738518,32.03702546905021],[76.50498518501831,32.04492697100295],[76.51153711124874,32.04244433763614],[76.50757472259545,32.03795060523629],[76.50701894157095,32.03389427340204],[76.51374965032613,32.03274629510548],[76.50889704975907,32.030314352925075],[76.50812406897069,32.02753087924674],[76.520214350412,32.02876086582137],[76.51995752472004,32.03066837464581],[76.51628961637277,32.0333374860362],[76.51575543256723,32.03628868957139],[76.51823966402935,32.042978900056255],[76.52263260041423,32.04246307770893],[76.52330249641312,32.045201679713784],[76.5231398288401,32.052481375115406],[76.52062810600233,32.05695866700893],[76.51451483219381,32.06222351230531],[76.5143672516474,32.06381776118076],[76.51931377471101,32.06879167939252],[76.51493208165033,32.07338818991309],[76.52239276921097,32.07181727394811],[76.52747056541432,32.07721732691817],[76.53248461497304,32.07409573333149],[76.53504619712436,32.07453528597472],[76.54071070563464,32.06926860606137],[76.5430528720924,32.07067767913162],[76.5426593953149,32.07390477758349],[76.54950856097139,32.069016636708454],[76.54580780758431,32.061900928185366],[76.54777840115236,32.06006234520112],[76.55424752860063,32.06720104309369],[76.55361770189546,32.072097036848845],[76.5567091340194,32.0743497972054],[76.55809901195988,32.07222655271329],[76.56404316106307,32.069555623793065],[76.56519266460987,32.0672827878704],[76.56838125858826,32.06631478729764],[76.5677603405673,32.06691980170751]],[[76.47122410480864,32.06780014356184],[76.47656013863957,32.06838488185684],[76.47343894615051,32.06227279515343],[76.46778261967222,32.06568648044674],[76.47122410480864,32.06780014356184]]]}},{"type":"Feature","properties":{"blockName":"Sundarnagar","districtName":"Mandi","state":"Himachal Pradesh"},"geometry":{"type":"Polygon","coordinates":[[[76.91080624761031,31.444713828380543],[76.91905322592567,31.448242830142533],[76.92171607983329,31.446720804021936],[76.92345941561962,31.44418950384255],[76.92989403787959,31.441361743949358],[76.93181481710019,31.440047796668523],[76.93410511605833,31.43884125092302],[76.93854920678052,31.438596305275325],[76.94200166724323,31.43908747990332],[76.94484431361423,31.43835923858802],[76.94933595868758,31.43268559296581],[76.95023266550515,31.432689443862785],[76.95535634691794,31.434532776166748],[76.95683751414003,31.43360384214367],[76.95722518939101,31.433137873713974],[76.95847953320396,31.43259305092863],[76.96027353859301,31.432201930374845],[76.96300918722426,31.435496039110944],[76.95772356309203,31.43974826037396],[76.96127689870997,31.442603703198415],[76.95779168134106,31.44766219455471],[76.97225067003245,31.4609259015092],[76.97814427633733,31.455857756830085],[76.98355874454046,31.462139657119508],[76.98840914446652,31.461229883152612],[76.99669931272314,31.465745073376468],[76.99803113672766,31.465166286794727],[76.99736348093995,31.462594008107033],[77.0025720718437,31.463344361053487],[77.00561982479513,31.46037769007836],[77.00741332566452,31.462691456845334],[77.01811021011815,31.463651580256283],[77.01953659243986,31.466872212582587],[77.02478657284212,31.467287527597364],[77.02686802044286,31.46655324733456],[77.02741403213196,31.46126242512088],[77.03081772595732,31.461522268038266],[77.03743769039716,31.464959489488876],[77.04246994942866,31.47400974855111],[77.03527709795975,31.476999641820044],[77.01816514520533,31.473022920671326],[77.00684127680353,31.47879133145483],[77.00057057397288,31.477675823180732],[76.99485164928427,31.48273257524818],[76.98625374831187,31.480763436783207],[76.98709712982873,31.483241978234787],[76.98421305888564,31.48534027373472],[76.97780562942631,31.485712162286518],[76.97912824077576,31.492723606109564],[76.97697110083567,31.496376545241446],[76.97975682551714,31.501948230226674],[76.97794881228793,31.505502853673818],[76.97745376967578,31.505379493668727],[76.97362130338053,31.505809387593217],[76.97168244059219,31.505841907078377],[76.96771634133614,31.504812746311245],[76.96347835184451,31.50639375986418],[76.95811935022789,31.50890471378159],[76.95607575958871,31.510849402378085],[76.95428536227968,31.5118609229433],[76.95205722176343,31.51142675903776],[76.9490389899575,31.510479584964912],[76.94600628985847,31.51199520521459],[76.94501414968335,31.512118299020358],[76.94241535988101,31.515673998955947],[76.94721289405987,31.521553116283314],[76.94709506038879,31.522872451402577],[76.946323648018,31.52543134368159],[76.94318059301003,31.526977453646623],[76.94372038498784,31.528793467244782],[76.94201796565665,31.530200710194663],[76.9423444852099,31.532269711178287],[76.9406963660445,31.532842886889796],[76.94005402797109,31.532840077407684],[76.93787384380289,31.53318679843204],[76.93711463793028,31.53531441093139],[76.93528605360854,31.53940843155391],[76.93552077126662,31.54175351271448],[76.93225998241229,31.545689278737257],[76.93265401407155,31.54892285230784],[76.9325867762588,31.551490303434832],[76.9373745231158,31.55492036718124],[76.93764062171738,31.55768927184249],[76.93522580802465,31.560176587979186],[76.93336921161989,31.563713864403383],[76.92987947875497,31.56934333712536],[76.93091732607377,31.572884977959404],[76.92739516275662,31.577162034000708],[76.93084624096133,31.581050597307296],[76.93144128368834,31.584528075110654],[76.9291920252918,31.584859325997172],[76.92546203404567,31.58431518309925],[76.92125381391241,31.58491670004571],[76.91926207368579,31.584628437652327],[76.9161465271406,31.584428549837753],[76.91075029179257,31.583028949326604],[76.90554038608002,31.58370838263579],[76.9016282065765,31.58342210324753],[76.89921256280957,31.58170212465336],[76.8988435475917,31.578216091599415],[76.89843047278816,31.575500415112117],[76.89688510026724,31.57256472308353],[76.89424117079346,31.568731388043147],[76.88117608900535,31.56900841880355],[76.88028833583809,31.567563758660583],[76.87725671042892,31.562427745743946],[76.86912615205034,31.55640438615353],[76.86761079080543,31.554437504986936],[76.86735647961791,31.552465598408673],[76.867698491792,31.549862555712423],[76.86716407865936,31.549032448188996],[76.86588843979973,31.548539386783318],[76.86538263500069,31.547685076704965],[76.86408960864856,31.545720052638387],[76.86781072538474,31.538433304753255],[76.86571323837529,31.537147124939906],[76.86065577314548,31.529984834232778],[76.85666158176662,31.52996480992806],[76.85500786701948,31.528424157049244],[76.85493126996221,31.52746161356265],[76.85593238087472,31.521836673423763],[76.85512308816004,31.520331920581725],[76.85372194890886,31.519833794194312],[76.85171361619047,31.516922438719632],[76.85058781517557,31.513646409953935],[76.84986879101194,31.51229289430171],[76.84861223306814,31.509928773594083],[76.8485634619343,31.507040303167514],[76.84683339384611,31.503524357762956],[76.84491234842619,31.50274827611213],[76.842348446024,31.502380649447446],[76.8407748365895,31.500973559382317],[76.84014587053554,31.498935416836048],[76.84218290871434,31.495101150098037],[76.84641925964115,31.489781081931426],[76.84750297688095,31.485840289597718],[76.8429710673609,31.48485509218881],[76.84109919057522,31.481899499062706],[76.8412962311362,31.475298673095324],[76.84503998290893,31.46919044628214],[76.84907929417415,31.468205247973856],[76.8529215657777,31.469683045436227],[76.85676383738127,31.46485557462512],[76.85774903479017,31.459732547019485],[76.87439887900513,31.462786659976416],[76.87735447303055,31.464954095355267],[76.87853671010117,31.469091925551993],[76.88208342311157,31.470471203183536],[76.88602421364658,31.469781565267056],[76.88947240682614,31.466628931579976],[76.89666627542834,31.454173875224228],[76.90460366033074,31.447439124016398],[76.91080624761031,31.444713828380543]]]}},{"type":"Feature","properties":{"blockName":"Mandi","districtName":"Mandi","state":"Himachal Pradesh"},"geometry":{"type":"Polygon","coordinates":[[[76.96441982511487,31.818716358073516],[76.964421729879,31.815230249476485],[76.95917500052593,31.80897374694092],[76.95359352192355,31.793497270682565],[76.94596468542193,31.791428745440328],[76.92895912696218,31.79176381934485],[76.92234253767805,31.78641353755478],[76.91356465628394,31.78281461889958],[76.91284201504703,31.781150585331318],[76.92155515694498,31.774163648933325],[76.92486961554039,31.76647986385467],[76.92387566233202,31.76427172516003],[76.92029574725098,31.763119230468135],[76.90681439806605,31.766406324492323],[76.9029905481753,31.760808373907366],[76.90505249307813,31.755618386379467],[76.91132068500167,31.750243550399603],[76.91008449400425,31.746974697324447],[76.90622369186997,31.744523861287234],[76.90306141025593,31.733410434244206],[76.90688571430434,31.726965482371156],[76.91247454036778,31.723396546213678],[76.9123459085369,31.720977238608725],[76.90475678160027,31.716216764592048],[76.89887292484565,31.715708398523816],[76.8994850555909,31.713820283579253],[76.9033987585459,31.711627145576358],[76.90392195623338,31.70480309258869],[76.88923287060055,31.70560302515952],[76.88649953322692,31.704617028253324],[76.87926863593884,31.702710573434274],[76.87575871779063,31.70288418755524],[76.86768587520305,31.699999296430462],[76.86121239413671,31.699651162571172],[76.86007045658636,31.699598837316557],[76.86131419199643,31.697612520001826],[76.86198666365368,31.696129542444453],[76.86862249033572,31.692453673298417],[76.87182158929494,31.688066468292902],[76.87262776765743,31.681724484297547],[76.86447485662939,31.66488778524314],[76.86827129068757,31.6479050353891],[76.86992522307065,31.646533560275657],[76.8729334777978,31.648303784891823],[76.87256573512065,31.654445726389213],[76.8758982709885,31.65655652336494],[76.88324268969842,31.645767122954396],[76.88810604705651,31.64735839957052],[76.89080672105337,31.645891028847927],[76.89166495487382,31.63936355788195],[76.89781797332085,31.640978351769547],[76.8998616835699,31.643825584683043],[76.90388918403869,31.644918144057158],[76.90566602586648,31.650038308221383],[76.90857062833192,31.64582134308057],[76.91379031507103,31.6439466307325],[76.92832950080589,31.64554922261857],[76.93175136273527,31.64316111519338],[76.93302099142568,31.646380821217974],[76.93562759633653,31.646882194157968],[76.9392137823902,31.64267094330944],[76.94168295290604,31.64293041480687],[76.94326198255453,31.646231927661404],[76.9416832254006,31.651119028920107],[76.94245455773171,31.65635349871502],[76.9437718648797,31.65921240392936],[76.94624461469726,31.660119863041302],[76.94613603235206,31.664743995339165],[76.95804798812424,31.65816975872741],[76.96072764856217,31.657995349605756],[76.96466605229654,31.66049926003285],[76.9658995237441,31.65876036060223],[76.97348145430573,31.65778718802835],[76.97608514901049,31.654921745642127],[76.98053059591035,31.653628021416125],[76.9811265055838,31.651475227000162],[76.97729499616719,31.649740513913628],[76.97703077894732,31.643466190412425],[76.97508664703122,31.643202161150896],[76.972904315282,31.64536960012697],[76.97156821679982,31.64344369656942],[76.97481365242817,31.640213697803972],[76.98085482399097,31.637930580831664],[76.98587890458782,31.63276145937391],[76.99242345367952,31.631719997679795],[77.00592176317889,31.63296410361056],[77.00613338085088,31.622467202299617],[77.01106835392147,31.62429328650603],[77.01200247163683,31.62478849009682],[77.01400162677373,31.626711785620444],[77.01734796633565,31.628667108700142],[77.02268288051056,31.627884769566492],[77.027971118972,31.626553028299668],[77.03364648319871,31.626742805036486],[77.04395359608168,31.632056833356216],[77.0454705581198,31.63658616991586],[77.04896120109862,31.638136019261935],[77.05294254026609,31.64404014583613],[77.05678142682143,31.645924510607756],[77.05549181969178,31.649150116184956],[77.05791310400662,31.65194411462926],[77.04777820589953,31.65446654479524],[77.05118858618437,31.66194084179648],[77.05669746611522,31.665637494275018],[77.06212318123988,31.663255140712238],[77.06585314640563,31.66982041737839],[77.07452732067935,31.66947511908154],[77.08547247197708,31.67589118473046],[77.08706039052464,31.678283388567593],[77.10480359091304,31.68393649637227],[77.1029050896982,31.68789049614952],[77.1033959001008,31.693875916940044],[77.09354478666262,31.69713779937001],[77.08977636738553,31.701887076827177],[77.0897717952322,31.710065719257614],[77.08787240818515,31.714756824967537],[77.07613853976187,31.72208558468202],[77.07703572951539,31.732008827345567],[77.07559319536972,31.73617514356806],[77.0782851909089,31.74216912410583],[77.07771105112414,31.74681477178433],[77.07400027479292,31.74943598438324],[77.05944590670327,31.745145479880023],[77.05900899087231,31.760139504934273],[77.04451272977872,31.762575566908936],[77.03830724218551,31.760934314067413],[77.03924756432372,31.7591471920893],[77.04285507240371,31.759160187292878],[77.04803837257288,31.755929923227427],[77.05059784131737,31.750857585009612],[77.05538846420632,31.74804213683518],[77.05609579538469,31.743981438792446],[77.051611638966,31.73798896821637],[77.03325544897984,31.73944050097839],[77.02736825124384,31.747131454553028],[77.0188889870372,31.742089874947794],[77.0143319990226,31.742762931164407],[77.01307924790905,31.745399021247863],[77.00534520421786,31.74719801337767],[76.98988705794142,31.740945556891973],[76.98601905943212,31.74695951137238],[76.9826435782386,31.747076927758087],[76.98350582033737,31.74373798961659],[76.98204640321899,31.74412529524625],[76.9754939481872,31.749996907731145],[76.97882865591777,31.758836961056943],[76.98248369676526,31.759152838932437],[76.97504540771945,31.764602858235378],[76.98082248796749,31.769454544191888],[76.98076792879692,31.780087486848117],[76.97839224460648,31.784021138564754],[76.97863691775962,31.78881602603883],[76.97664265403529,31.789271769176878],[76.97403348066064,31.786400154743376],[76.97155229969894,31.792884817080676],[76.96854098637749,31.79348806072545],[76.97037266256837,31.795662653808506],[76.97582764882696,31.797018123687508],[76.97687323481199,31.802234276091042],[76.97502357218019,31.804189257428334],[76.97284071432756,31.813119144033294],[76.96925941518992,31.81788956275318],[76.96441982511487,31.818716358073516]]]}},{"type":"Feature","properties":{"blockName":"Thunag","districtName":"Mandi","state":"Himachal Pradesh"},"geometry":{"type":"Polygon","coordinates":[[[77.22229226407677,31.445385386326564],[77.22365460117896,31.44708895229337],[77.22846817476653,31.444765364929708],[77.229585962822,31.445991187643244],[77.2282578188433,31.448636079391576],[77.23540049263869,31.45303217059825],[77.23265589125646,31.46145415878243],[77.22672448284868,31.467673247722246],[77.2288032351812,31.471102238577487],[77.23003144559482,31.481909052560752],[77.23800350655665,31.481904983128516],[77.23929633865515,31.485646385872087],[77.23767136534127,31.48838476664372],[77.24357299539747,31.49696840706639],[77.24734930082963,31.494931901286293],[77.24758813198673,31.491965251894896],[77.2527402211843,31.493359963691432],[77.25072564087566,31.498565001373777],[77.25423133490824,31.50291784328391],[77.26629943187334,31.504241103943855],[77.27392165925721,31.514353053150955],[77.26998577542327,31.516085587180157],[77.26595396900052,31.521037147346533],[77.2648101455718,31.530903019558764],[77.26881087052533,31.537113028943168],[77.26240273779615,31.559960237175233],[77.25449907477253,31.572135853486884],[77.25631703270494,31.591123678714837],[77.24968222675341,31.59419888976703],[77.24658052257314,31.597595916018747],[77.24150341525046,31.610272331502927],[77.23728723341912,31.61605721876566],[77.23314118072096,31.619052651858453],[77.21609297191316,31.625370650035507],[77.21353479999107,31.63341641763361],[77.20876793539196,31.629875371251444],[77.19978153808756,31.633013215587482],[77.19048014604198,31.641201744265118],[77.19427500808519,31.64632840513184],[77.18735360258677,31.64893518271259],[77.177554514929,31.65639897653159],[77.15307773874673,31.655394712595978],[77.1403368202881,31.651737375779305],[77.1394128882942,31.648182898022355],[77.14321484598838,31.63901765344201],[77.13935120019778,31.636043826561377],[77.13933101491449,31.634053961421216],[77.14294404483184,31.625716448355433],[77.14664436384635,31.619486334626686],[77.13887919461922,31.61841147930636],[77.13692493453817,31.615853097842262],[77.13319028030725,31.61533158728298],[77.13701813847638,31.6089286409441],[77.1445435367549,31.615265571648877],[77.1514040860298,31.61272787189381],[77.14906158682282,31.608939233159163],[77.14352842070014,31.608594658816514],[77.13805279589985,31.604822762760364],[77.13966891358956,31.60329843527461],[77.14606819698975,31.604805339295012],[77.14194504462819,31.598756015377887],[77.14644324575926,31.599304413867685],[77.14591640581756,31.59366514752861],[77.14915966238857,31.591699719666394],[77.1443222396797,31.576568031789293],[77.13880248514664,31.57529667909853],[77.13437301560225,31.56480157013641],[77.12956130451067,31.562229402065327],[77.10363487425008,31.556016262140815],[77.09856810913101,31.55278796579205],[77.09811914957913,31.54907533056212],[77.09932571241177,31.540653863984687],[77.10525374026798,31.536544900227],[77.1071369431155,31.53113532703378],[77.11199280552358,31.52924882907024],[77.11543912721402,31.522793738240466],[77.1319759410369,31.514465124865694],[77.14237286471598,31.489871081585193],[77.14612620416108,31.485459619166136],[77.1467376909917,31.48672530882601],[77.16689893993419,31.480838525677484],[77.16772255165449,31.4783451939756],[77.17081787604423,31.473483696415485],[77.17128734643393,31.469283321967794],[77.17256276316107,31.46321277944628],[77.17642492686895,31.45434756308964],[77.17645591031209,31.45035090487039],[77.176037721064,31.447428119012557],[77.17640418130799,31.445942137719555],[77.1771423763197,31.441421321336975],[77.17707563493263,31.43981033517889],[77.17865235602147,31.434920034132347],[77.17794242580237,31.432454640769095],[77.17787585708521,31.430914715441816],[77.1789925335786,31.425093941632156],[77.19008269875758,31.426230866361436],[77.19771609662064,31.4251737105983],[77.20112970816956,31.43671608727766],[77.20582799136878,31.441759543768],[77.21019780348593,31.441667214870108],[77.21298291572901,31.439592746008486],[77.22324460205681,31.439087449326394],[77.22229226407677,31.445385386326564]]]}},{"type":"Feature","properties":{"blockName":"Chachyot","districtName":"Mandi","state":"Himachal Pradesh"},"geometry":{"type":"Polygon","coordinates":[[[77.04246994942866,31.47400974855111],[77.04575000086191,31.475654149919137],[77.05025473466833,31.472738444423726],[77.05489875457391,31.473355206677525],[77.06636027320809,31.46573875294115],[77.07937903631353,31.46109869544847],[77.08446749667769,31.461337874643277],[77.08969174837557,31.46440676076344],[77.09064039553789,31.464314180055396],[77.09122871763128,31.464196154828755],[77.09281647339841,31.463877631138217],[77.0934751026939,31.463745501853452],[77.0991682051486,31.464164632691677],[77.10135185260594,31.46480665870041],[77.10189591906146,31.464808352123782],[77.10470884733547,31.463747234847062],[77.10853043902858,31.46078176536622],[77.11628954232856,31.458103738097066],[77.11996967785842,31.45732676971471],[77.12543890218365,31.457943215407113],[77.1261806612086,31.458545718010555],[77.12940104532203,31.462173591238297],[77.1303900459639,31.4627577899401],[77.13088230517428,31.463048565938607],[77.13524174271231,31.46731407738281],[77.13684954796832,31.468577133827694],[77.13939346024006,31.470050657711738],[77.14160044240657,31.471925712701534],[77.14202955931677,31.473767019732236],[77.14346649967928,31.476871518106122],[77.14453919033144,31.478849296357964],[77.14485601789096,31.480763258717445],[77.14612620416108,31.485459619166136],[77.14237286471598,31.489871081585193],[77.1319759410369,31.514465124865694],[77.11543912721402,31.522793738240466],[77.11199280552358,31.52924882907024],[77.1071369431155,31.53113532703378],[77.10525374026798,31.536544900227],[77.09932571241177,31.540653863984687],[77.09811914957913,31.54907533056212],[77.09856810913101,31.55278796579205],[77.10363487425008,31.556016262140815],[77.12956130451067,31.562229402065327],[77.13437301560225,31.56480157013641],[77.13880248514664,31.57529667909853],[77.1443222396797,31.576568031789293],[77.14915966238857,31.591699719666394],[77.14591640581756,31.59366514752861],[77.14644324575926,31.599304413867685],[77.14194504462819,31.598756015377887],[77.14606819698975,31.604805339295012],[77.13966891358956,31.60329843527461],[77.13805279589985,31.604822762760364],[77.14352842070014,31.608594658816514],[77.14906158682282,31.608939233159163],[77.1514040860298,31.61272787189381],[77.1445435367549,31.615265571648877],[77.13701813847638,31.6089286409441],[77.13319028030725,31.61533158728298],[77.13692493453817,31.615853097842262],[77.13887919461922,31.61841147930636],[77.14664436384635,31.619486334626686],[77.14294404483184,31.625716448355433],[77.13455962132952,31.622837417213077],[77.12989568144059,31.622927519389577],[77.12848514067673,31.62733678026825],[77.12211906294448,31.6295206795358],[77.12150091213744,31.63674274638072],[77.11585941278173,31.645231808701055],[77.10690241521434,31.648651283829736],[77.09821367102415,31.649541879753997],[77.09471249608487,31.651432667483675],[77.09154130398804,31.65659941922786],[77.084794248256,31.65853054155133],[77.08483402976674,31.665317037951013],[77.08199038874551,31.668434200577963],[77.08542883327408,31.673307767039887],[77.08547247197708,31.67589118473046],[77.07452732067935,31.66947511908154],[77.06585314640563,31.66982041737839],[77.06212318123988,31.663255140712238],[77.05669746611522,31.665637494275018],[77.05118858618437,31.66194084179648],[77.04777820589953,31.65446654479524],[77.05791310400662,31.65194411462926],[77.05549181969178,31.649150116184956],[77.05678142682143,31.645924510607756],[77.05294254026609,31.64404014583613],[77.04896120109862,31.638136019261935],[77.0454705581198,31.63658616991586],[77.04395359608168,31.632056833356216],[77.03364648319871,31.626742805036486],[77.027971118972,31.626553028299668],[77.02268288051056,31.627884769566492],[77.01734796633565,31.628667108700142],[77.01400162677373,31.626711785620444],[77.01200247163683,31.62478849009682],[77.01106835392147,31.62429328650603],[77.00613338085088,31.622467202299617],[76.99873448840594,31.61785307316086],[76.99792020175596,31.613746990831032],[76.99760439762491,31.610263066687253],[76.99736940477425,31.60017721220862],[76.99839972206956,31.598767300070904],[76.999290678622,31.593990255146196],[76.99821811567358,31.59011374455372],[76.99675695207173,31.584832734842905],[76.99662243957397,31.583240127230113],[76.99670845343246,31.580546178363477],[77.00030761130728,31.576335164935983],[77.0009062279401,31.575182253857975],[76.9964766432825,31.568227536571612],[76.99627971873412,31.5638037516419],[76.99647684023404,31.562101935755777],[76.99666868541158,31.55990594330467],[76.99909527033054,31.55437870911021],[77.00373582694692,31.551983479953662],[77.00499679156871,31.546899366912328],[77.0059760435596,31.544422215812688],[77.00569283085952,31.543041637761405],[77.00646567225306,31.538596652213755],[77.0053901145622,31.532896716710184],[77.0065273252759,31.527454951384925],[77.0065937069341,31.52627020880317],[77.00659966584197,31.52513675455765],[77.00666360763944,31.524415697926145],[77.00831843934458,31.5227951960415],[77.01326736629596,31.519476118528075],[77.0143595515521,31.515590879115848],[77.01626081638364,31.51376142425039],[77.01715975082192,31.510631697195095],[77.01478815225147,31.50586902073877],[77.0055415064354,31.501299867594867],[77.00064407826164,31.501724632685693],[76.99740375168187,31.503381210874238],[76.9957043315897,31.505070402077422],[76.99430280742865,31.50560824792234],[76.98715562802988,31.50568616968104],[76.98562577780746,31.507186401631202],[76.98152837933128,31.508241708388198],[76.98121891632002,31.5082163609963],[76.97853922170776,31.507738291289172],[76.97794881228793,31.505502853673818],[76.97975682551714,31.501948230226674],[76.97697110083567,31.496376545241446],[76.97912824077576,31.492723606109564],[76.97780562942631,31.485712162286518],[76.98421305888564,31.48534027373472],[76.98709712982873,31.483241978234787],[76.98625374831187,31.480763436783207],[76.99485164928427,31.48273257524818],[77.00057057397288,31.477675823180732],[77.00684127680353,31.47879133145483],[77.01816514520533,31.473022920671326],[77.03527709795975,31.476999641820044],[77.04246994942866,31.47400974855111]]]}},{"type":"Feature","properties":{"blockName":"Nihri","districtName":"Mandi","state":"Himachal Pradesh"},"geometry":{"type":"Polygon","coordinates":[[[76.95023266550515,31.432689443862785],[76.95198744516455,31.430361719617736],[76.9589627227515,31.422664861094518],[76.9580006154361,31.413284315219016],[76.95487376711071,31.405106403038133],[76.94356900570511,31.397890599071957],[76.94044215737972,31.391877427901022],[76.93324414470158,31.38503401071108],[76.93245218821795,31.37684759903749],[76.92784106011686,31.37162162064135],[76.92507981228357,31.366761433393492],[76.92322554872015,31.365254325227],[76.94265000019743,31.348033999669383],[76.94571700043929,31.339492999702202],[76.94346600005593,31.33443999960633],[76.95581800040043,31.329964000038615],[76.96792600028476,31.322667999928285],[76.97843900035963,31.31092099960449],[77.00307499971154,31.297814999562604],[77.01768499986292,31.28860999955191],[77.03192099985432,31.275229000318177],[77.0608140003659,31.263812999970014],[77.06788213025618,31.25968927384099],[77.06995551093814,31.263750248874942],[77.06198721363904,31.274678367912372],[77.06493893788172,31.27874890903496],[77.07115767428729,31.277607167536814],[77.0703108034009,31.28253866113033],[77.06824846909166,31.284546847259264],[77.06872632476012,31.288617402770967],[77.06133441824886,31.292587465339295],[77.06021662659612,31.29608100503441],[77.04929442060109,31.29951937941587],[77.05199566386887,31.31106312306474],[77.04716975158283,31.322951515699913],[77.04698013672396,31.33786763788123],[77.05185386416457,31.33951649718864],[77.04683471455047,31.34357163472322],[77.04956697723429,31.347551398278483],[77.05285495079539,31.348462201969085],[77.05466803260367,31.347345077613284],[77.05773088067565,31.35001266645145],[77.05826287013542,31.347339669090502],[77.06203385607768,31.346164718327145],[77.06635811933182,31.34835368077779],[77.06867225392142,31.34697032112348],[77.0699820409385,31.35014660248379],[77.07371976095828,31.348468644712227],[77.07545628527942,31.349923917754666],[77.07594693919992,31.350159963711405],[77.07766770470084,31.350212523689095],[77.07938878496452,31.350194733300327],[77.09016417213888,31.353161289162244],[77.086054959269,31.35241713164538],[77.08352354757369,31.354059128226254],[77.0831814652525,31.375883997948222],[77.0935123589083,31.38080998679152],[77.09221244464868,31.392919710676153],[77.09925934694138,31.398529865061278],[77.10062767712566,31.40201910779564],[77.11047965571157,31.404071602622423],[77.10889611506371,31.40857757029869],[77.10256282481458,31.411239793781533],[77.10469260378068,31.42275741392359],[77.0971543074254,31.42298160141985],[77.09412778027291,31.431584786808514],[77.09522069218127,31.434162939867804],[77.10696249981959,31.44083251091172],[77.10710261689229,31.443831015189232],[77.10043304584843,31.448510924339757],[77.10015281170297,31.454956306988038],[77.09348324065911,31.459159818271075],[77.09227823455296,31.462242392972087],[77.09281647339841,31.463877631138217],[77.09122871763128,31.464196154828755],[77.09064039553789,31.464314180055396],[77.08969174837557,31.46440676076344],[77.08446749667769,31.461337874643277],[77.07937903631353,31.46109869544847],[77.06636027320809,31.46573875294115],[77.05489875457391,31.473355206677525],[77.05025473466833,31.472738444423726],[77.04575000086191,31.475654149919137],[77.04246994942866,31.47400974855111],[77.03743769039716,31.464959489488876],[77.03081772595732,31.461522268038266],[77.02741403213196,31.46126242512088],[77.02686802044286,31.46655324733456],[77.02478657284212,31.467287527597364],[77.01953659243986,31.466872212582587],[77.01811021011815,31.463651580256283],[77.00741332566452,31.462691456845334],[77.00561982479513,31.46037769007836],[77.0025720718437,31.463344361053487],[76.99736348093995,31.462594008107033],[76.99803113672766,31.465166286794727],[76.99669931272314,31.465745073376468],[76.98840914446652,31.461229883152612],[76.98355874454046,31.462139657119508],[76.97814427633733,31.455857756830085],[76.97225067003245,31.4609259015092],[76.95779168134106,31.44766219455471],[76.96127689870997,31.442603703198415],[76.95772356309203,31.43974826037396],[76.96300918722426,31.435496039110944],[76.96027353859301,31.432201930374845],[76.95847953320396,31.43259305092863],[76.95722518939101,31.433137873713974],[76.95683751414003,31.43360384214367],[76.95535634691794,31.434532776166748],[76.95023266550515,31.432689443862785]]]}},{"type":"Feature","properties":{"blockName":"Karsog","districtName":"Mandi","state":"Himachal Pradesh"},"geometry":{"type":"Polygon","coordinates":[[[77.1789925335786,31.425093941632156],[77.17314034375192,31.422339907260948],[77.17030229111788,31.41602388669304],[77.16582861989497,31.415839245085124],[77.16555495439769,31.41125533766376],[77.1695915281266,31.408039762225314],[77.16931786173001,31.4064661815691],[77.1663075349648,31.40318218930662],[77.15698019388088,31.40258650985959],[77.15837121935635,31.396751035731768],[77.16026873581359,31.39486935813443],[77.16199729483935,31.392988126600812],[77.15672922277548,31.389156802444518],[77.1580291370351,31.379373239783263],[77.15994479911325,31.37663657941465],[77.16310176303597,31.374934724857724],[77.16541812074973,31.37314733668029],[77.16357087459625,31.37184742331999],[77.1535820632617,31.36917917887604],[77.1463983282203,31.370342260387076],[77.14256700316474,31.367674015043804],[77.13928301000294,31.359874532183937],[77.14037767469,31.352143466148107],[77.13791467981866,31.34851738976579],[77.13647793281041,31.348175307444535],[77.13066252885267,31.353374962684427],[77.124778708071,31.35371704500568],[77.12642070465188,31.34892788891102],[77.13442543798362,31.34448081513756],[77.13634110006177,31.33900749440039],[77.13606743366518,31.33373942233652],[77.12601020640597,31.3244347747451],[77.11944222008248,31.321013948834718],[77.10452741900525,31.32026136826761],[77.09139144725754,31.322450695842974],[77.08872320281364,31.32491369071431],[77.08482346093405,31.33551825076671],[77.0792817233729,31.339281159897666],[77.07825547640914,31.341265238799792],[77.07996588891467,31.343659816847094],[77.08537079372718,31.344070315992326],[77.0919387791514,31.34489131518211],[77.09590693695566,31.347012226832874],[77.09467544041928,31.352348714821403],[77.09016417213888,31.353161289162244],[77.07938878496452,31.350194733300327],[77.07766770470084,31.350212523689095],[77.07594693919992,31.350159963711405],[77.07545628527942,31.349923917754666],[77.07371976095828,31.348468644712227],[77.0699820409385,31.35014660248379],[77.06867225392142,31.34697032112348],[77.06635811933182,31.34835368077779],[77.06203385607768,31.346164718327145],[77.05826287013542,31.347339669090502],[77.05773088067565,31.35001266645145],[77.05466803260367,31.347345077613284],[77.05285495079539,31.348462201969085],[77.04956697723429,31.347551398278483],[77.04683471455047,31.34357163472322],[77.05185386416457,31.33951649718864],[77.04698013672396,31.33786763788123],[77.04716975158283,31.322951515699913],[77.05199566386887,31.31106312306474],[77.04929442060109,31.29951937941587],[77.06021662659612,31.29608100503441],[77.06133441824886,31.292587465339295],[77.06872632476012,31.288617402770967],[77.06824846909166,31.284546847259264],[77.0703108034009,31.28253866113033],[77.07115767428729,31.277607167536814],[77.06493893788172,31.27874890903496],[77.06198721363904,31.274678367912372],[77.06995551093814,31.263750248874942],[77.06788213025618,31.25968927384099],[77.07394399971588,31.25653799992881],[77.08339700037135,31.247904000169513],[77.09527599958778,31.244452000159754],[77.10588799973146,31.2475910001246],[77.11142000033283,31.244367999883366],[77.12170399973985,31.247047000218913],[77.1250310002805,31.24459100027451],[77.12616000018392,31.240671000266502],[77.12493899963516,31.23535699982574],[77.12725100013358,31.23126199984148],[77.13259099997475,31.228690999989738],[77.13932000001802,31.22842600035966],[77.1470490003112,31.23144900037113],[77.16177400036986,31.23078700041981],[77.17914600018781,31.244392000090784],[77.19018600028375,31.25515199986495],[77.19428999978373,31.25070799997428],[77.19660200028216,31.244348999906492],[77.20460499972103,31.24459100027451],[77.20732877201927,31.246608239184336],[77.21115100031847,31.249438999909955],[77.21958900003239,31.259956000169325],[77.22606700019196,31.260994000372875],[77.24031799997579,31.25874099989727],[77.2483669997373,31.254183000145417],[77.25505799982687,31.262840000065978],[77.26695299978115,31.27040499999083],[77.27057599958277,31.275595000109206],[77.27583300009292,31.273517999656008],[77.27808399957695,31.267914000230974],[77.28274499958212,31.265829000308145],[77.30194900024622,31.26968600010889],[77.305564999725,31.271295999710674],[77.32131587622678,31.288105978108433],[77.32480600029675,31.293015000342052],[77.3312149999723,31.29387300033875],[77.33670000020493,31.298190999814835],[77.34134699956445,31.32264899995141],[77.35285899984302,31.345593999563505],[77.35789500005427,31.351925000138692],[77.36418899982255,31.35642099972938],[77.37194100027699,31.358829000158266],[77.38542899994843,31.358343000229354],[77.38666500028961,31.361343000079444],[77.3907699998357,31.37131500038703],[77.3891980001876,31.376391999790997],[77.39089200006583,31.383429999694783],[77.38783999961635,31.386319999868135],[77.38877899975108,31.389201999672594],[77.38285800009669,31.393890000023532],[77.38330099984131,31.401733000177842],[77.38546799994828,31.406631000320488],[77.38078299973569,31.417888999677643],[77.35806299970773,31.432762000266166],[77.34421499962258,31.445819999893104],[77.33719599969567,31.449134999880414],[77.33423138636942,31.45359438087604],[77.33232451786228,31.45505369097509],[77.32803676708318,31.4535252041249],[77.32411907743352,31.45195595100637],[77.32330510104964,31.451322602556104],[77.32140331820864,31.45118686428242],[77.3149487031202,31.452092942934996],[77.31420647105188,31.45170749890201],[77.31355572341795,31.450972753689655],[77.31319170573266,31.449539566198098],[77.30762404341493,31.44219323103283],[77.30619378591456,31.441489259721607],[77.304884329848,31.440746492556627],[77.30289156529358,31.438713653312504],[77.30142911116462,31.437689329998648],[77.29754353180863,31.436298058108946],[77.29329811841347,31.433383797824035],[77.27849762116836,31.430968231398822],[77.2767304380593,31.431165234188256],[77.27262591695256,31.43298722018409],[77.267720106198,31.431833188550854],[77.26339715415537,31.431184819623752],[77.25899304729137,31.431547404689013],[77.25804682560056,31.432590582289606],[77.25801635567035,31.436861718993214],[77.2579679460639,31.43824597707021],[77.25702307335621,31.439397812559037],[77.25325332398177,31.440198144428848],[77.24726908939704,31.444107616972985],[77.24307498772055,31.44632472010977],[77.24047140633041,31.445208801744855],[77.23780472580751,31.44269147343283],[77.23359279687014,31.44271418311314],[77.22846817476653,31.444765364929708],[77.22365460117896,31.44708895229337],[77.22229226407677,31.445385386326564],[77.22324460205681,31.439087449326394],[77.21298291572901,31.439592746008486],[77.21019780348593,31.441667214870108],[77.20582799136878,31.441759543768],[77.20112970816956,31.43671608727766],[77.19771609662064,31.4251737105983],[77.19008269875758,31.426230866361436],[77.1789925335786,31.425093941632156]]]}},{"type":"Feature","properties":{"blockName":"Solan","districtName":"Solan","state":"Himachal Pradesh"},"geometry":{"type":"Polygon","coordinates":[[[77.2069538139674,30.88734531883148],[77.19790965950324,30.888365554726647],[77.19063768658003,30.896776993863227],[77.18555600170816,30.89876320325925],[77.18509217276562,30.90398139622448],[77.18080866318934,30.903394363758935],[77.17207682078873,30.911243160043853],[77.16192255398272,30.91469074078509],[77.15905330206829,30.91840288138792],[77.1524902844991,30.9215284122065],[77.14943920225744,30.933310980717238],[77.13500130356738,30.948552286958545],[77.12658768357477,30.951561388847097],[77.12241242809114,30.95027173495265],[77.12055163634898,30.94850330088667],[77.1211774161049,30.94265736854277],[77.11849069688822,30.938633802607967],[77.11649610311275,30.93700926906257],[77.11129237124601,30.937259080042566],[77.09772616742873,30.94120398947257],[77.08837606540317,30.947866948700778],[77.08634924082486,30.954633777826643],[77.0764562846299,30.959431030517692],[77.07378907620495,30.96742291703407],[77.06956076611652,30.97291310095892],[77.05701211371814,30.972219187665416],[77.04718226205182,30.96872181056318],[77.03976709547516,30.97181940753967],[77.03833032058787,30.977946364533125],[77.02810682307148,30.98423722746611],[77.0273104707017,30.986139111930527],[77.03113099400025,30.993963485326617],[77.03011079407793,30.99849264292118],[77.02382889558714,30.99672422324437],[77.01930682105302,30.996345521428736],[77.01797389717768,30.997902491606737],[77.02141050708929,31.004018573098733],[77.0210285488285,31.006076595158788],[77.0197728137644,31.006071932173995],[77.0146713662906,31.003693146221792],[77.01240218701139,31.006879634887298],[77.01122309127271,31.011947089786418],[77.00998631301798,31.02070979422166],[77.00941485501158,31.023620144254323],[77.00720418292678,31.025416084984386],[77.01150707738975,31.037239378394645],[77.01840729755878,31.042598747834006],[77.01904245904228,31.044927122288925],[77.01903883567377,31.045647842573942],[77.01747657118688,31.046067898814556],[77.01370877963654,31.046184797190676],[77.01251554385732,31.04650879684357],[77.01001247969225,31.046459150669307],[77.00803773575296,31.046332589977112],[77.00563665920453,31.04843224794996],[77.0035806902967,31.050289784146287],[77.0034863990781,31.050840415652715],[77.0028389132853,31.052274442211797],[77.00107853084955,31.05232668293013],[76.99901696995727,31.053145185601863],[76.99847573996351,31.055681182040985],[76.99880999458566,31.05611704116859],[77.00116396374597,31.056464155196636],[77.00626605693304,31.05892214983737],[77.00742674804604,31.06411993718541],[77.0051917870714,31.0656618248334],[77.00319186661142,31.066076985164784],[77.00198513920287,31.070685196764487],[77.00057725323768,31.072873280577483],[76.99799940684721,31.074819144587877],[76.9968867853969,31.078923994846548],[76.99610391476392,31.078871621028554],[76.98534870387965,31.073672556643203],[76.98039367592747,31.067760141017743],[76.97378672827494,31.064177069316372],[76.97281923312119,31.062297918813954],[76.97282250305614,31.06170509381508],[76.97460020013921,31.05890508160428],[76.97399052274449,31.056086610808507],[76.9614503068862,31.052746955907367],[76.94830023286949,31.054429413886396],[76.94699307187284,31.05415873144034],[76.94641617926334,31.051858843910566],[76.94612057210679,31.04990270514577],[76.9497672492592,31.046859762667964],[76.9491666613124,31.045015495069094],[76.94570603860285,31.044159577902235],[76.94455675359137,31.037703029271427],[76.94930624778516,31.025889773194535],[76.95694503078857,31.019790114222417],[76.95846690222584,31.014695807365683],[76.96516339267652,31.01427146675485],[76.96732721907597,31.008987255457498],[76.96488204157299,31.003572070494727],[76.97119447114801,30.996297344746722],[76.97306094120955,30.988134957562295],[76.97621054598,30.985336834827137],[76.98167381769258,30.973196530395626],[76.98558816096494,30.9690345704891],[76.9841540462723,30.966022056572683],[76.98938183140643,30.962517944447654],[76.98329502644435,30.957493547289403],[76.99139457979607,30.962180140201383],[76.99488114614803,30.961604184685427],[76.9987386999311,30.95444743650006],[77.00561357720488,30.948011309674257],[77.00713062827595,30.943669334272386],[77.0372289064889,30.914881013947706],[77.03714230357451,30.910597665350053],[77.03488189718189,30.906455915907827],[77.04313766816892,30.897934339498192],[77.0350184727244,30.893999062706655],[77.03474940456141,30.891765760981116],[77.04268134137084,30.88286560866095],[77.05467060826203,30.877115912769227],[77.05534852351559,30.866423196673225],[77.06461598953632,30.86272267621058],[77.06555681079823,30.854193507724233],[77.07018482816733,30.84702145847359],[77.0697072144165,30.84319885774113],[77.05662715891629,30.84408508026229],[77.04955570872903,30.8430867167786],[77.04453259490339,30.844453218641206],[77.03935915759911,30.839636464151567],[77.03446680969557,30.838971506329983],[77.01867422623462,30.845717987395233],[77.01358506619789,30.843230637983595],[77.01496771718644,30.838743704458466],[77.03227765479,30.82470304441],[77.0371250033163,30.8147675601748],[77.04394123939676,30.80884461258887],[77.04405546498776,30.78073755839165],[77.04916113028202,30.775481899670012],[77.05004462156211,30.771391633716974],[77.0699390002847,30.78197899963118],[77.08132200001035,30.790319000221757],[77.08444199999838,30.794909999696756],[77.08371000041626,30.802930999965724],[77.08808099963846,30.814742999689713],[77.0881730002838,30.828608999705637],[77.09313497100214,30.830475110937698],[77.0978090003851,30.83247399987522],[77.10489699989671,30.834495999590786],[77.10548431385007,30.83510682901698],[77.10699500041898,30.83667800038944],[77.10860399997466,30.84011699979976],[77.11092291985693,30.84160014642964],[77.11534899985651,30.84443099999072],[77.11922499963407,30.853549999632833],[77.12547299997902,30.854202000022326],[77.131134000234,30.85409699967687],[77.13513899966517,30.855596999601914],[77.14819300000698,30.853223999887746],[77.1508639999737,30.857123999872726],[77.15547200023269,30.856621000059135],[77.15708199983447,30.852612000443514],[77.1627810000432,30.848384999767973],[77.16642232712877,30.844891622850184],[77.17128800024108,30.844733999574487],[77.1772000003798,30.846005999777105],[77.18034399967593,30.84945299955632],[77.17928824865379,30.854938748024836],[77.17998500020764,30.862115999853586],[77.19044499963707,30.862589000082323],[77.19530499982596,30.86506299995756],[77.20224799984538,30.8709240004423],[77.21462999977473,30.87632200026013],[77.21275168114522,30.87901934316818],[77.2069538139674,30.88734531883148]]]}},{"type":"Feature","properties":{"blockName":"Theog","districtName":"Shimla","state":"Himachal Pradesh"},"geometry":{"type":"Polygon","coordinates":[[[77.32390025529259,30.97965708190884],[77.32534800011018,30.983939999731263],[77.33072699995114,30.988934999850414],[77.33745599999446,31.00086599966619],[77.36331199984897,31.009841999908417],[77.37313100029547,31.01696199999634],[77.3737490000164,31.022249000091335],[77.39415000012247,31.01209300029177],[77.40422799992234,31.004746999674353],[77.40913400043382,31.00094000038075],[77.41636700033683,30.998713000204873],[77.41776299996252,30.995444999687038],[77.41641187290969,31.008584191007685],[77.4214508471789,31.031259572071633],[77.42984913642857,31.04105757694566],[77.43922722625553,31.04609655031561],[77.43922722625553,31.04805615057097],[77.43642779590613,31.052675209793165],[77.43376833783856,31.05253523930992],[77.42774956389133,31.050575638155237],[77.4186514168295,31.042317320288134],[77.41193278507001,31.044556864207948],[77.4103930989624,31.052395267027975],[77.41277261426478,31.057854155444943],[77.40311458167264,31.062333243284627],[77.398215578786,31.072831105071486],[77.39849552155113,31.077870079340755],[77.40017517994067,31.079269794065794],[77.40661386893498,31.07842996487102],[77.42732964884425,31.062473214667193],[77.43278853816054,31.062473214667193],[77.44440617100804,31.0669523016075],[77.44398625686034,31.07171133311158],[77.45014500219014,31.08206922261661],[77.44944514527731,31.089907627235277],[77.45308440392216,31.093826828645263],[77.45588383427162,31.095086571987736],[77.46596178101146,31.089627683570768],[77.47344407298561,31.08905339809587],[77.46987421951968,31.095018360209224],[77.47029164614258,31.096199342725527],[77.47114683935519,31.096677228970975],[77.47250097104302,31.098033911136156],[77.47213140633937,31.099917703039637],[77.46851463254433,31.101039297925297],[77.46016478977327,31.104323619339596],[77.45707586855656,31.104998958035537],[77.44865576535136,31.109665030217002],[77.44797703441265,31.11041375269258],[77.4527356108598,31.11386885806138],[77.45529901323891,31.11867304632409],[77.46092386704288,31.124776687494204],[77.46380805939447,31.13001758474377],[77.46131974051366,31.1389170050158],[77.47005908775674,31.141427918463705],[77.46916002741341,31.148742973409526],[77.47449680768159,31.157834085974343],[77.47479374943202,31.165448702395736],[77.48066922270652,31.172188718234793],[77.4785741206992,31.18978065535299],[77.48247103511022,31.19623476052584],[77.48266854241933,31.202211747474223],[77.47853216013112,31.202341172507147],[77.47770640532639,31.207326157776038],[77.46407537387944,31.209042373606735],[77.45356116241777,31.215373192518882],[77.45040140340211,31.22098570672506],[77.45054671585831,31.23249687782868],[77.44746276699317,31.238190164644436],[77.44479504955194,31.238652174258505],[77.43028357372799,31.23127239060841],[77.42323610036578,31.232492743645253],[77.41872745900508,31.23571041090679],[77.412064042022,31.23380253066233],[77.40090963916856,31.24635740726859],[77.39204346773192,31.253662823280706],[77.38937742572767,31.253729013383293],[77.38229463329077,31.248958734058363],[77.37911235435172,31.24946600205442],[77.37730499582898,31.256292144167162],[77.37010574028773,31.25834817692686],[77.36621528210964,31.261720036550514],[77.36607972280103,31.264873678377626],[77.36201998523421,31.260357328028306],[77.36059739265562,31.259960125359555],[77.35771846943186,31.259646125268546],[77.35488151217208,31.258093790196313],[77.35433591776842,31.256490497738355],[77.3539239446344,31.25483130791855],[77.35314095888822,31.253625502315117],[77.34953055589051,31.25010322028743],[77.34027103807801,31.244693364707075],[77.33779987376522,31.241621432583088],[77.33656734930378,31.237910080685708],[77.33526156337052,31.23275033196228],[77.33163112797422,31.22893662462559],[77.33136320464826,31.223606261020166],[77.33071046231805,31.221460712441967],[77.32948647871808,31.219747613661468],[77.32247568060825,31.214626361317585],[77.3181259098829,31.214002945879315],[77.31348902519841,31.21371712964185],[77.307824477118,31.211221670144027],[77.28412950317409,31.20156175437154],[77.28424673070214,31.198812427951225],[77.29444536286326,31.19051599771518],[77.2946514586979,31.18720329099915],[77.28589730591597,31.174374818143406],[77.2858060966741,31.17203144659402],[77.28746340511213,31.17027716515912],[77.28861715166028,31.16935813896697],[77.2892205931559,31.1662326333294],[77.2870101593914,31.160134381796354],[77.28739835804782,31.157844900321948],[77.28700774651037,31.156297763331168],[77.28398879794474,31.155740109918213],[77.27963032268133,31.15565478763841],[77.27884330707303,31.156117042767335],[77.27870931258474,31.156132206236407],[77.27858079856503,31.155720124284358],[77.27889396408523,31.155147884767132],[77.28403522544534,31.148959405152482],[77.28735663040425,31.14551765021946],[77.28929631067626,31.13979587198196],[77.2944496283477,31.13493228979337],[77.29498380136141,31.128474156557104],[77.28832302568713,31.12524527474966],[77.28174616395438,31.116773701545128],[77.26829346357255,31.112265723884093],[77.26692263057498,31.108151727520237],[77.26807897256657,31.104075105182005],[77.27715714478649,31.091728398247028],[77.28233306691754,31.092011929307148],[77.28837873059399,31.096261457999958],[77.29390826795225,31.09285368574905],[77.30095831157689,31.091698938255433],[77.30382761295402,31.088625712007058],[77.30400907815647,31.085552119734587],[77.30033491772235,31.07777628994387],[77.29499584328357,31.072705244051804],[77.29776178737666,31.067392762565987],[77.29481212797737,31.06306960098135],[77.2960830004302,31.060779097877116],[77.2957335985268,31.052068119747958],[77.3069319017859,31.037510438555955],[77.31452775475213,31.002728492026336],[77.32080684915684,30.997890248236445],[77.32222205110685,30.994967664726005],[77.32936088119976,30.993732297507563],[77.32461070352122,30.98869129526713],[77.32316558652263,30.984064821134666],[77.32390025529259,30.97965708190884]]]}},{"type":"Feature","properties":{"blockName":"Manali","districtName":"Kullu","state":"Himachal Pradesh"},"geometry":{"type":"Polygon","coordinates":[[[77.34872630837248,32.26211789282655],[77.3505939997134,32.26724199961865],[77.34729000023339,32.27295699966584],[77.34756500032455,32.283954999623575],[77.34236899992948,32.290721999620644],[77.3360289998385,32.30852500042846],[77.33088700013502,32.30723999962635],[77.32933000027936,32.31007399991523],[77.33042899969865,32.31464800040493],[77.32237999993708,32.325390000248376],[77.3115620001862,32.330929000273215],[77.30832700029089,32.3360750001612],[77.29797400039985,32.335872999839125],[77.28701000021141,32.344356999875686],[77.28363800029354,32.344524000382364],[77.28193700009251,32.351173000333745],[77.27687100029647,32.35844800037495],[77.26415300016089,32.36339600012536],[77.25569899970913,32.370780999843305],[77.24615500025311,32.376369000329134],[77.24175299960132,32.37763600030121],[77.22923299960331,32.37442000038277],[77.21704100034196,32.38277800000475],[77.2037659997012,32.38945000011745],[77.20051600001347,32.39257000010548],[77.19625899975307,32.401359999864155],[77.180678999836,32.40443000024436],[77.15081000018142,32.41601200015373],[77.1346590000129,32.408629999674815],[77.11586000003905,32.40288199990442],[77.10984799978542,32.3993000001949],[77.07466899987452,32.39695700006553],[77.07611800014564,32.39400899991546],[77.06916799980343,32.38335799977193],[77.05242900039809,32.36651199992889],[77.04622700037584,32.34820900034515],[77.04090899975057,32.33987399998517],[77.04405199989992,32.333469000494006],[77.04495200003481,32.322834000189005],[77.04199200023066,32.318195000299056],[77.03185300031578,32.31034499982195],[77.03071600004341,32.3067470002739],[77.03427100030649,32.293678000139664],[77.03665199949023,32.29028300006047],[77.03646099967546,32.284831999597145],[77.0301970003913,32.271896000200286],[77.03008999995359,32.26130300003348],[77.03288999957385,32.25285300066548],[77.03167700029337,32.24740600038666],[77.03433199952224,32.24289700019648],[77.0433960002253,32.235984999807954],[77.05240600023677,32.22600900021524],[77.0467449999818,32.21631199999888],[77.0376774559499,32.207017307003184],[77.02992515512187,32.17809761551257],[77.02287858018241,32.162308442280846],[77.02162307354604,32.1525024586216],[77.02439376336156,32.145289933583626],[77.04853280004875,32.12265799067376],[77.05674410675516,32.12083518179827],[77.08176853498998,32.12106275344337],[77.09360433077529,32.119271192411645],[77.10392274453909,32.11512030855545],[77.12016304109153,32.11271303387946],[77.13927009933565,32.11522592673521],[77.15285685446031,32.12077554325674],[77.15511183973967,32.126188169648344],[77.16582073194127,32.134181132653225],[77.16703787619707,32.13869123451292],[77.16453889585341,32.14702237768063],[77.16636654667883,32.150907090989506],[77.17606177253282,32.14887851722983],[77.20513685428244,32.15042565781789],[77.21672003949828,32.152813818303116],[77.23042432702113,32.158474157556384],[77.23825019598979,32.164381988438095],[77.25288257307233,32.17027131486935],[77.25936980837002,32.170738956937385],[77.27126666812228,32.17468659041384],[77.27678228577395,32.17769408881122],[77.2953675195954,32.19624543078203],[77.29937435724088,32.200702529298326],[77.31158107390752,32.216567832839246],[77.31931517695392,32.23900033309894],[77.32987323576128,32.24962796705711],[77.34558562127944,32.25514191826494],[77.34872630837248,32.26211789282655]]]}},{"type":"Feature","properties":{"blockName":"Bhoranj","districtName":"Hamirpur","state":"Himachal Pradesh"},"geometry":{"type":"Polygon","coordinates":[[[76.72613134858295,31.600624402793983],[76.71623200000687,31.621076999703803],[76.7155609996405,31.63069699996663],[76.7238770000236,31.657455000048287],[76.7276990000089,31.664874999581627],[76.71811699969982,31.671984000061627],[76.69367999963231,31.682233999699406],[76.69197099996171,31.697501999617657],[76.68686700021192,31.70143300013291],[76.68860600036669,31.70880300005848],[76.68064752546297,31.71256118595005],[76.67598700029987,31.71476199966662],[76.6725208323706,31.72118339739592],[76.67386599961623,31.732102999853623],[76.6665040000596,31.738798000127645],[76.65761600027827,31.739858999593196],[76.65723699539109,31.739967739319752],[76.6501919996611,31.741988999792568],[76.64804100029198,31.74241999988311],[76.64711760069679,31.743020589628543],[76.6466475781233,31.743326297970327],[76.64415098907693,31.73485083429864],[76.62225620066317,31.712971014201003],[76.6207951881475,31.702061181078705],[76.62197083228813,31.70069823783348],[76.62036548667794,31.696608327112642],[76.6165260992002,31.69558778724661],[76.61307859490131,31.68709767721606],[76.61250076339957,31.68462578085513],[76.61367236598699,31.679458234110257],[76.61326758023472,31.671434804772446],[76.6077222256003,31.66868833639768],[76.60636312515817,31.668301788896486],[76.6032681092359,31.669205533808395],[76.60196657889458,31.667002710107056],[76.60397190607864,31.662698009805354],[76.60296514112844,31.659023387119646],[76.59819480874347,31.654979460533752],[76.59295246718267,31.654188241494182],[76.58997969160953,31.650808019974193],[76.58493979823317,31.653925397539126],[76.58033845835325,31.653172531886867],[76.57775787892302,31.654764890387412],[76.5771672743503,31.653698063315005],[76.58507086542818,31.644637498921497],[76.59687842879651,31.641910918154394],[76.60296788765794,31.637874969454344],[76.59949598655061,31.623934349090973],[76.59601304446647,31.62366980991385],[76.5916714395853,31.62106828167589],[76.59833938465493,31.615082886066375],[76.59433102265865,31.602920683143054],[76.59750164908189,31.59811013757286],[76.592293071668,31.594165725467917],[76.59127978123695,31.591279300099643],[76.59297701058063,31.589714638919475],[76.59661125910236,31.59076867673309],[76.60757171416333,31.596329935877918],[76.61570678713855,31.59583806787259],[76.62189222884336,31.585426356641108],[76.62277081252302,31.577137436643454],[76.62872346381687,31.57861777289196],[76.63211401854716,31.575510000985787],[76.64467599979758,31.58732599999496],[76.65528099961847,31.58419400035291],[76.66682400042731,31.582901000081165],[76.68119000011848,31.58713300008793],[76.68505899957324,31.59316999969576],[76.70539100009461,31.598989000042366],[76.72898900014229,31.587175000226125],[76.7297969996319,31.585431999886964],[76.72613134858295,31.600624402793983]]]}},{"type":"Feature","properties":{"blockName":"Bharwain","districtName":"Una","state":"Himachal Pradesh"},"geometry":{"type":"Polygon","coordinates":[[[76.09765522820629,31.820753914261786],[76.09037000017543,31.82363500035501],[76.08501399959647,31.83130500062532],[76.08266400004362,31.844423000321285],[76.07275399989726,31.83908100038792],[76.06675683036349,31.84413283226445],[76.06081131069351,31.84914115583973],[76.04750800029404,31.86155099967897],[76.03813199959217,31.8639300005691],[76.0086059995673,31.863107999534577],[76.00003099983081,31.851013000249793],[75.99599251324395,31.850468776412924],[75.99790016056403,31.846674728256176],[76.00240951418778,31.83250213316694],[76.00519690441365,31.823996579078937],[76.02410945638638,31.808600691968422],[76.04499796368515,31.789875104552493],[76.05024582798262,31.788622403800957],[76.05288668267434,31.78802135000535],[76.0549066418281,31.78672453840676],[76.0572405057448,31.78503513856083],[76.07323756266345,31.781390228576242],[76.07595592542566,31.781399308131597],[76.07911115635483,31.780635798103674],[76.08322696575192,31.7783509409432],[76.08506590576701,31.770062473304563],[76.08703128596511,31.767033251783175],[76.08834513072327,31.765829716967914],[76.08948006705151,31.764790070105676],[76.09108714565531,31.764003692116773],[76.09219677596047,31.762880817495784],[76.0932954372347,31.75531082813228],[76.09871361334262,31.75383767836621],[76.1013628371253,31.75140032586438],[76.10936868022048,31.744218137656958],[76.11609351460407,31.741465213948516],[76.12404924028027,31.742058798874496],[76.14051700325717,31.74771966602981],[76.14485058888363,31.752731486169182],[76.14734734970051,31.768418989244992],[76.15361090471953,31.774522449651386],[76.15368085308893,31.778246006248253],[76.15250221150791,31.779603255885604],[76.1447849725485,31.780942425552553],[76.14230831967325,31.786241680709054],[76.13548489351308,31.791125275511092],[76.13064254971397,31.79784937065199],[76.12976426370989,31.799684467863926],[76.13247403704725,31.800083717389725],[76.11492899957375,31.805489999963584],[76.10193600024627,31.819060999865314],[76.09765522820629,31.820753914261786]]]}},{"type":"Feature","properties":{"blockName":"Nadaun","districtName":"Hamirpur","state":"Himachal Pradesh"},"geometry":{"type":"Polygon","coordinates":[[[76.45780225656893,31.755343694755766],[76.45397844444972,31.760396129178048],[76.45350601888771,31.76356377075149],[76.44877632236944,31.76725698871911],[76.44357971942856,31.767933786115407],[76.44239315571963,31.766976859794283],[76.43856916643392,31.77249110687916],[76.43963947837926,31.779821952121438],[76.43833620515181,31.78807172642911],[76.44263665885478,31.796036501083734],[76.43736619099695,31.799704580302205],[76.43656200013623,31.79687500018116],[76.43035900006788,31.794621999705555],[76.41958548528197,31.795530733156852],[76.41451999989812,31.795958000161647],[76.41272699995113,31.784725000158687],[76.40457768800997,31.79379217726722],[76.39922300044117,31.7975710008011],[76.38232399995269,31.780930000519163],[76.37005599988453,31.77759200037059],[76.36273200028165,31.786051000153577],[76.35264600011288,31.79342100007915],[76.33819047740866,31.784549796935607],[76.3213419999334,31.778894000158004],[76.31440700028287,31.77808999995358],[76.30867799959009,31.780100000015068],[76.30458799983637,31.787526999871204],[76.30128500040252,31.787924000192504],[76.30281099972791,31.776184000191506],[76.31282800031204,31.768587000589662],[76.30796099980034,31.757813000169847],[76.31145499994835,31.756145000591346],[76.3104929996523,31.748250999883794],[76.31264499996684,31.742496000689925],[76.31587200039257,31.739908000054186],[76.31613199979199,31.733796999731794],[76.31955700035536,31.73127000011044],[76.31388100030796,31.721735000170156],[76.33573199983198,31.682843999950705],[76.34446699975229,31.67535399988725],[76.35224899979158,31.664529999859667],[76.35705600023425,31.65215100006867],[76.36606892214267,31.64231052501209],[76.36606317907251,31.64657218256025],[76.37064148281826,31.652140619194256],[76.37186010735815,31.658233740994376],[76.36901665069792,31.66134800240843],[76.3716618769941,31.664705339779687],[76.37776258097841,31.665426331659944],[76.37659790137212,31.66831030097967],[76.37149549432166,31.67113880910881],[76.36713069592491,31.681573884727072],[76.36921897837323,31.682317416315755],[76.3724101803856,31.68782769289379],[76.3972500236697,31.690220348190564],[76.39684461288863,31.704595624388617],[76.39537143164631,31.70676206691593],[76.39415822282376,31.707628644646263],[76.3904319403818,31.70927514143466],[76.38991199464289,31.715947786361312],[76.39580471961216,31.72132056469235],[76.40143747216166,31.722620431287908],[76.40583772093413,31.72167836716295],[76.41112688929456,31.721889932674287],[76.41049218916328,31.724428734098865],[76.40879965518002,31.726967534624066],[76.40105521802394,31.730134009776805],[76.40048423665826,31.73163283428795],[76.39727790085448,31.733799277714525],[76.39147183365827,31.74116518392617],[76.38774555121626,31.741945103883495],[76.39008531018897,31.74480480859512],[76.39459151168899,31.741858446110427],[76.40282399563097,31.743331627352745],[76.41958955831154,31.737122736724984],[76.42466715936195,31.73818056967758],[76.427781420776,31.73674564019916],[76.43098775657978,31.739951976002942],[76.43243888644548,31.741161251190817],[76.45111299756684,31.737545870445615],[76.45558711215557,31.738041834862827],[76.45195329980498,31.744801189723205],[76.45382164405368,31.74740048044788],[76.45645043883673,31.749316057989745],[76.4616178371935,31.75099067208191],[76.4618123371697,31.751796319844345],[76.46218030377804,31.75439998397212],[76.45780225656893,31.755343694755766]]]}},{"type":"Feature","properties":{"blockName":"Nahan","districtName":"Sirmaur","state":"Himachal Pradesh"},"geometry":{"type":"Polygon","coordinates":[[[77.28071670551162,30.654905748701367],[77.27670514552608,30.655997299935507],[77.27361654177002,30.65461440523069],[77.2675727711665,30.65539485129142],[77.26901804734507,30.648654065632684],[77.26491948784417,30.649885416478867],[77.26299722564153,30.653679897209543],[77.2652646053773,30.65617458149177],[77.26392117742046,30.656769791492707],[77.25722695236203,30.6540483071837],[77.25272832944893,30.655011573725176],[77.24748986576475,30.652271360135217],[77.24411379371668,30.65379178726124],[77.23661973141554,30.653961913811315],[77.23543942878666,30.656036671355366],[77.23329670228105,30.655574713002636],[77.20459190379336,30.674395684313424],[77.20036119341438,30.684951323045198],[77.20006798564907,30.691819300720226],[77.19584447794034,30.69571242179086],[77.19117239558966,30.695329067782325],[77.18475850540074,30.69216515120081],[77.18422160744126,30.689152029342722],[77.16449470496673,30.686670287204038],[77.16689299991208,30.684438999959923],[77.16356700031685,30.680271000206574],[77.16404699996912,30.6769219995507],[77.16723600044111,30.67265499972848],[77.16854100036693,30.663762999762696],[77.16604600042263,30.649892999562326],[77.17567400015503,30.634323000106406],[77.1731489997266,30.627153000410715],[77.17187500033106,30.609469999740725],[77.17171500014717,30.603119000041886],[77.17186699996216,30.598789000012403],[77.17070799957457,30.59519799988783],[77.16442899959873,30.588483999636935],[77.14585099992377,30.574113999761323],[77.13904599997295,30.569356999825743],[77.13694800035,30.568360999760387],[77.13373599971669,30.56685599960474],[77.12462599959025,30.562962999942556],[77.12648164631099,30.558863179592095],[77.13545199971009,30.543873000038957],[77.14417299988412,30.537137999718936],[77.15068799995129,30.53421399977634],[77.1826479998054,30.52845999972925],[77.19845600034421,30.521446000032938],[77.21275299955136,30.502131999692097],[77.21268852895253,30.49684890535275],[77.2133710001716,30.48457100015156],[77.21208200008431,30.48006199996138],[77.21564499981696,30.47584899993143],[77.22496000040377,30.477377000248396],[77.23982999995457,30.484104000199522],[77.24654400020552,30.482964999834905],[77.25495899975812,30.480843000004484],[77.26487700027337,30.479878999616176],[77.26968399981678,30.47688099985828],[77.273910999593,30.471572999694217],[77.27664199962862,30.462111999569174],[77.28762099960949,30.45946699990219],[77.29550199971754,30.457344000025614],[77.30680100006617,30.4545349999903],[77.3218618627348,30.449574532039094],[77.3237609997704,30.44900500038051],[77.33547999970227,30.457508000393943],[77.34032418801092,30.458719624611035],[77.34193904395175,30.458982029696983],[77.35247800025957,30.458974999696522],[77.35917699981877,30.457254000371847],[77.36988099970841,30.437390999894774],[77.38273599986655,30.441160000133948],[77.3810219388115,30.450184602437503],[77.3765473961455,30.452266577040973],[77.37777976412485,30.459804567626747],[77.38581053462855,30.46269756613981],[77.38704338914113,30.469828065812635],[77.39454887553023,30.476401504725686],[77.4013364367272,30.4794564684413],[77.40166492579573,30.486282124920194],[77.39845836875878,30.50037374954894],[77.39953366744487,30.512144285130717],[77.3983727371122,30.51352804678197],[77.4052337963027,30.517087379079328],[77.39520693375306,30.52118525869281],[77.3929109285965,30.526682170445838],[77.40006134375608,30.538635819687386],[77.40019732214876,30.546819596347348],[77.40228410632648,30.55325566291856],[77.40922736085406,30.55796960960987],[77.41433544442526,30.563646782373155],[77.40810776336264,30.561762623546315],[77.40454619894797,30.567391258100145],[77.40408538813023,30.573442297923748],[77.4012773314837,30.579880980622818],[77.39206774133328,30.585524528634153],[77.38067086776641,30.58827579219411],[77.37404499478072,30.59162052646616],[77.37144438205263,30.59692694921938],[77.37217111430556,30.599898156374877],[77.3757335114924,30.60319520949139],[77.37356078540199,30.608023675851996],[77.37747363669905,30.61513606677613],[77.37471256153555,30.618289938829662],[77.36907183739544,30.61826547457207],[77.36255036580678,30.62548737953898],[77.35719592375295,30.62492809475583],[77.35427093455604,30.626271737650598],[77.35424470852655,30.62940618794528],[77.35758562247855,30.63162241873971],[77.35522513593133,30.634181686935335],[77.34598601923943,30.63831532808996],[77.33994755283737,30.637137693749594],[77.3340202480361,30.638645547454075],[77.33014610266059,30.63651778027139],[77.32620792375673,30.639093664341203],[77.3218265994181,30.6397872808584],[77.32013590274977,30.644080330442932],[77.3140340611231,30.647731154369353],[77.30463016974659,30.64980428144247],[77.29569681715446,30.654603745566476],[77.28901863959862,30.656041979154054],[77.28431253139826,30.65421063841029],[77.28071670551162,30.654905748701367]]]}},{"type":"Feature","properties":{"blockName":"Chamba","districtName":"Chamba","state":"Himachal Pradesh"},"geometry":{"type":"Polygon","coordinates":[[[76.18674433458341,32.680402042720175],[76.19535930558754,32.670099424648754],[76.19239765013151,32.66114999217842],[76.18741608408504,32.659675435872714],[76.18576137019113,32.657534170765416],[76.17237721073974,32.65434836378603],[76.17036666658845,32.650961302022495],[76.16348298944848,32.65011865525179],[76.16040944933667,32.64625198594047],[76.1599125721076,32.63945825809219],[76.15489411137418,32.633440619089356],[76.14654271997063,32.63297312720812],[76.14491670164455,32.62132413769882],[76.14151752331509,32.62051469659605],[76.14179399919374,32.62717937083136],[76.13332662132655,32.623745100955716],[76.13151642634205,32.62504890118589],[76.125210008735,32.624824961003185],[76.11700303496212,32.62941897500576],[76.11414441573226,32.629089842022665],[76.11353680138234,32.63165374082752],[76.10793264457595,32.63510439005563],[76.10461785592935,32.640401115419195],[76.10460498033564,32.64332763975881],[76.11401453204508,32.637576996880966],[76.1247875261235,32.63916312128106],[76.13009792028288,32.64408984666915],[76.13335446523644,32.64440007140621],[76.13588886987549,32.64751438498092],[76.13873796168764,32.65353648641974],[76.13527405375464,32.65364642044602],[76.12949723071267,32.651935870344175],[76.12573674885192,32.646843813591204],[76.11794397763254,32.64857670105397],[76.10707210039715,32.644213757958596],[76.09605074774385,32.64498525666431],[76.09237475179344,32.64024984495444],[76.09094909522463,32.63417767106273],[76.09163120401689,32.62501251011929],[76.08528052537599,32.62499169890782],[76.07565814910436,32.61934215691508],[76.07283763055227,32.61927615477077],[76.07338371868371,32.615242957996145],[76.06947645037792,32.612486035901895],[76.06502443303123,32.61330015617733],[76.06337110409322,32.612209745283565],[76.05708957342512,32.61710069024468],[76.04458590241751,32.61113348702088],[76.03858681013321,32.6114499800326],[76.02873524613477,32.61511036824896],[76.02379651209941,32.61078568770938],[76.01590027297925,32.61228282419302],[76.00813084366354,32.60670275123101],[76.00566524615425,32.603748674361896],[76.01074358554808,32.59680621303636],[76.01123569007507,32.593372971985104],[76.02391503465117,32.58741011878203],[76.03015572620586,32.58220167356842],[76.02608678677586,32.57332077123664],[76.02601651644915,32.569294192572954],[76.03249120530495,32.560403808688875],[76.0335141418642,32.55295376280594],[76.0286769268987,32.54165888135236],[76.02900128628039,32.53173375550847],[76.02597327704518,32.52385479776075],[76.03916986309878,32.526747217110426],[76.0463853792819,32.52622896659358],[76.05593720194037,32.51531298300779],[76.05751107847357,32.50826688830631],[76.0633940574898,32.50266120624974],[76.06472745800585,32.49603845121362],[76.06794191648629,32.49155896407501],[76.09036935716017,32.489503813550186],[76.10054596942103,32.485927420214296],[76.11287170686381,32.48758530781578],[76.11747856948045,32.48671609776977],[76.11725696393779,32.477514425250604],[76.1227703566667,32.46737314645361],[76.12332352695927,32.45810060375993],[76.13880227940172,32.452339442411414],[76.14172686210503,32.44054337687538],[76.15453563171411,32.42434399048284],[76.15493768712463,32.42719030878578],[76.16155827389525,32.42660964711757],[76.17809763819548,32.42004331824461],[76.18469720241404,32.41521827830093],[76.19465009212809,32.41437661898584],[76.21146979489515,32.40330000299281],[76.2174853375783,32.40169128402562],[76.2238117722955,32.3954593941358],[76.24271400005114,32.39347499957165],[76.2547300001894,32.39431799977592],[76.25947599961773,32.39300899966565],[76.26174900011631,32.37968400031639],[76.26660199998236,32.37370700077753],[76.27224139762245,32.375130713911346],[76.27546699960243,32.37431299994506],[76.28401900007685,32.367915999923525],[76.2948989999889,32.34013400028391],[76.3018949997545,32.33770000045473],[76.30915800014162,32.34020600000696],[76.32542400021748,32.33578100009311],[76.33863100042038,32.326218000660276],[76.35582700021592,32.326641000381926],[76.35963861932686,32.32222856759438],[76.36789180026642,32.324401137202756],[76.3730501757251,32.32410597880795],[76.381763191718,32.32799001762527],[76.3886265145021,32.319950219726934],[76.39534554376189,32.32039009252878],[76.39892161603979,32.32293572340495],[76.39796436596276,32.32981888613273],[76.39467685195518,32.330188288958425],[76.38597754612692,32.33557623705377],[76.38363563237857,32.33892303257193],[76.38486678357526,32.34742052423786],[76.38935287623428,32.35545708277817],[76.39160864212516,32.363649200650116],[76.40058448228808,32.379636947786935],[76.40160949987859,32.386941827803184],[76.39857800756903,32.39447617793331],[76.39887770484228,32.39767576612377],[76.3998634688241,32.40372645161449],[76.39829879865067,32.40678791562988],[76.39004613661996,32.4072996388673],[76.39770966267088,32.4138644343962],[76.39449654957616,32.415223824420025],[76.38660893585376,32.417041077283955],[76.37877558092839,32.41633888842898],[76.36834121217726,32.41280874183002],[76.36223693518644,32.4127626911453],[76.34634234162581,32.41551111194832],[76.34177084305003,32.418232726659085],[76.33710295333867,32.42257460223618],[76.33686248271744,32.424657295397935],[76.34192510286124,32.4263834631264],[76.34226303121397,32.42768219657614],[76.33806616322289,32.43901518500286],[76.3396881507876,32.44210205756394],[76.33686415185917,32.449692109903026],[76.33114407873632,32.454754786704086],[76.3322896063803,32.456623427729085],[76.33069517404311,32.4575215275965],[76.32605151566497,32.455855929207814],[76.32595144810091,32.454104764823114],[76.32319916920636,32.45574558059411],[76.31684361174337,32.45623872293879],[76.31524229869319,32.44925088272208],[76.31302397067975,32.44824258532708],[76.31459452961388,32.443781421875144],[76.30852040239472,32.43640884719059],[76.30507452496943,32.429009430440885],[76.30548488831698,32.425128005053466],[76.28571580494048,32.422919127116074],[76.28487004471685,32.428494815883084],[76.27962557086346,32.43462093201043],[76.28977013218594,32.44272804776125],[76.28809499558764,32.45001069114056],[76.28628074825798,32.45224438497041],[76.27258285311626,32.45910164812261],[76.26938447001731,32.45809768905718],[76.26946052478343,32.44711735807965],[76.26564863227861,32.44438738596915],[76.2584461175943,32.44393222199449],[76.25602092572518,32.44208772596784],[76.25427675536804,32.44517523614826],[76.2387061839433,32.446910753228735],[76.23024786674569,32.45098859864498],[76.22166413908883,32.45125869383372],[76.21905180819442,32.454337182015365],[76.21826194443327,32.45309101573781],[76.2141421474422,32.45266258321169],[76.21387403076199,32.44903928483518],[76.2083013187509,32.45070774486658],[76.20227951588703,32.449723704885116],[76.19360370035054,32.44427118816486],[76.18658999293388,32.4436072987379],[76.18450687529213,32.45052105909963],[76.18684784385295,32.45725186678027],[76.18451574890275,32.46006494344243],[76.18678664139043,32.46183066065652],[76.18559391912413,32.4723005912993],[76.18829113073116,32.47471251726893],[76.1873217434038,32.48482139439187],[76.17874291615271,32.488396695051506],[76.16995689139748,32.488870276242324],[76.1626543649071,32.48242525961808],[76.16070241068775,32.48430852361952],[76.16143550564414,32.490366648302256],[76.1706806999544,32.49701230097696],[76.16693792214744,32.506059772140816],[76.17174542171392,32.508935837319086],[76.17618088344108,32.50935596820341],[76.18305626343584,32.50663199457097],[76.18155584622536,32.50463239786694],[76.18240975880337,32.501562563861285],[76.19120788033945,32.49279712278906],[76.19308165199669,32.48715779889335],[76.20039402696284,32.487096927381344],[76.20378856389118,32.47832208119917],[76.2069829548995,32.4764528709033],[76.21074656819962,32.4770845151383],[76.21952927805381,32.475526160004335],[76.22528349034087,32.47846984610658],[76.2280332718181,32.478100047579176],[76.22831620033242,32.47246412222154],[76.23585452186876,32.471728626075276],[76.24169747206076,32.47474690374668],[76.24710694003329,32.47438211804035],[76.24995303800233,32.47074344665282],[76.26029949802347,32.4728133649449],[76.25493791625189,32.476697085402236],[76.25068091958883,32.4845589452392],[76.24798828193371,32.486210470137166],[76.24277862443404,32.48314700782822],[76.23773989028376,32.49564263529942],[76.24124905210215,32.500606483802244],[76.22892984283806,32.512374281847656],[76.23676854603161,32.5120587223322],[76.24143663898974,32.51295517374234],[76.24341788862472,32.514979463131795],[76.24043487786736,32.52965368476981],[76.25163875512453,32.531427171226994],[76.2542131139441,32.529493067651],[76.27454667838657,32.52668243984277],[76.28088958328772,32.530365329996016],[76.30048924698121,32.53579793482686],[76.30394512936431,32.52424460260636],[76.30213789494798,32.523298521209824],[76.30164381640907,32.5159089331508],[76.29975281913732,32.51428854188276],[76.30308275236717,32.50793215164754],[76.30658243623049,32.51090957311834],[76.30474496121104,32.51684664365774],[76.30676803381778,32.52366529531719],[76.31250786774393,32.52810164287655],[76.31864828938711,32.5285534128098],[76.32138133987701,32.534091898422446],[76.33041630416915,32.53985623977371],[76.34293530322174,32.552114678249836],[76.34548747216917,32.55680914292765],[76.34856379478333,32.550564050990204],[76.34636216088506,32.54860907594815],[76.34556778612449,32.544279077717306],[76.34537855077957,32.53774286084439],[76.34778596395114,32.5335668319438],[76.34174379683878,32.53282804787614],[76.33782644083766,32.52896696964996],[76.34646266731829,32.52711624761679],[76.35021866426001,32.52763126686955],[76.3589348215848,32.52497163073622],[76.36795981869074,32.52760785481871],[76.38091288002545,32.521768920998966],[76.3794375556987,32.52688213700105],[76.38891305919037,32.539954416962814],[76.39053990309412,32.545106000741384],[76.38444924273841,32.54840432729793],[76.38773848434363,32.551962360074924],[76.39368049935564,32.55152519513172],[76.39533008531527,32.55584724605359],[76.39509440628188,32.56320254925828],[76.4033771982991,32.56026245864558],[76.41418284855968,32.55346233391964],[76.41274572293685,32.550717834160764],[76.41406809596589,32.547975232870726],[76.40863496772965,32.544617971042555],[76.40788321274016,32.5399975673339],[76.40996596975378,32.53865090181773],[76.41737511177206,32.51933404073344],[76.40866966177555,32.52108693091719],[76.40451908818545,32.519460240797514],[76.40779633463319,32.5161478155693],[76.4137065927851,32.51452839916635],[76.41842098733878,32.5106754687979],[76.42093490991823,32.50636261704119],[76.43560481211244,32.51504775315135],[76.43917047653633,32.51903526166802],[76.4392384526925,32.522798668124096],[76.44987340443413,32.52999756483581],[76.45010083758365,32.55447120508211],[76.46011748923081,32.57035014594254],[76.45567152612011,32.58766560628277],[76.45815848612528,32.59881701709173],[76.45698352726805,32.60458463827047],[76.46539765627688,32.60753111766701],[76.46917983428199,32.611570636675594],[76.4734352535342,32.62019642472529],[76.47178802829495,32.631831047564845],[76.46167919523873,32.64775686648625],[76.46548608661368,32.65312393951825],[76.45166799977841,32.6549490002962],[76.44269599972068,32.65956099984032],[76.44317233463562,32.63762224087378],[76.44181881448674,32.632455497223475],[76.43627494283442,32.62402745390392],[76.43089312721611,32.62174677139643],[76.42423467628936,32.621742931291294],[76.418154187266,32.618046956901594],[76.40804935799156,32.61820763877154],[76.40072658236596,32.61597403397457],[76.3997799379938,32.620427753737886],[76.39824446431066,32.62134630239001],[76.3935783993237,32.620314441858056],[76.39101852318635,32.622368233507245],[76.39115161745326,32.62852105050615],[76.38889120386602,32.62887763349602],[76.38782714130957,32.63264158853855],[76.38415174880424,32.634789622842845],[76.38308337489786,32.64166106380708],[76.36953406304661,32.63304223740937],[76.36592903349816,32.63266612024529],[76.35039651598646,32.633489627644224],[76.33901058896754,32.64184173041156],[76.32321418698518,32.64345009504592],[76.31458211807035,32.652971364137215],[76.29552847685778,32.665248280983405],[76.29102138323032,32.67681491147903],[76.28409212035513,32.681018311246135],[76.27576657097052,32.68050781198599],[76.26618620293095,32.68385017834311],[76.24137643207672,32.68696710984432],[76.22085370423514,32.693172173856794],[76.21349086830901,32.694013971667516],[76.20070200879076,32.69228864570448],[76.18953585359685,32.68243196456359],[76.18674433458341,32.680402042720175]]]}},{"type":"Feature","properties":{"blockName":"Bharari","districtName":"Bilaspur","state":"Himachal Pradesh"},"geometry":{"type":"Polygon","coordinates":[[[76.61680340515306,31.50941398546712],[76.6179858769467,31.50763053632022],[76.6232326521652,31.50719050883498],[76.62181985859968,31.50483970348955],[76.61825380476932,31.504847471833386],[76.618555217949,31.49612144085188],[76.62245589422417,31.497471671280664],[76.63462841417004,31.484055532836635],[76.64319927162916,31.481810328583833],[76.65152459258593,31.47620530662965],[76.65402275184857,31.476758090213764],[76.65520020992182,31.478865123526703],[76.65078625098477,31.481790614545275],[76.65120614534737,31.48351295206112],[76.65681840954204,31.483906479200698],[76.66385464227795,31.48179170991955],[76.66711383033908,31.485195255356814],[76.6745126706233,31.479230186224186],[76.67425874434565,31.483174573148062],[76.67701801996571,31.487729255300962],[76.68087079205344,31.486834456844747],[76.68533059573048,31.48010870695134],[76.6884970636886,31.47867732619767],[76.6922410591776,31.482241613759527],[76.68893373670267,31.487767094276023],[76.69388960372231,31.49030198185102],[76.69621378913513,31.4954264744523],[76.69130727690936,31.51383832168125],[76.69165560142494,31.51798536543231],[76.69916406007337,31.527400803204557],[76.69743129941497,31.535803989262718],[76.70195810528242,31.539816373027236],[76.70698902882066,31.5489875648243],[76.7260934520512,31.56660322066216],[76.72928513789884,31.566887530535155],[76.73110999992662,31.5729469997043],[76.7312999996953,31.582222000245167],[76.7297969996319,31.585431999886964],[76.72898900014229,31.587175000226125],[76.70539100009461,31.598989000042366],[76.68505899957324,31.59316999969576],[76.68119000011848,31.58713300008793],[76.66682400042731,31.582901000081165],[76.65528099961847,31.58419400035291],[76.64467599979758,31.58732599999496],[76.63211401854716,31.575510000985787],[76.62206300020733,31.573486000278763],[76.61678300043519,31.565723000216337],[76.61935400028693,31.557311999948865],[76.61455423668872,31.546273999945186],[76.61687500018115,31.53266900027421],[76.62074299958982,31.527884999992807],[76.61931600033319,31.51475299965125],[76.61680340515306,31.50941398546712]]]}},{"type":"Feature","properties":{"blockName":"Darlaghat","districtName":"Solan","state":"Himachal Pradesh"},"geometry":{"type":"Polygon","coordinates":[[[76.92322554872015,31.365254325227],[76.9209060002118,31.367032999873118],[76.90923299970325,31.362855999704664],[76.90183300019288,31.364334000413862],[76.89163999958635,31.36201699968484],[76.87579299994707,31.354411999714046],[76.87738000028685,31.3460269997463],[76.8819430002693,31.340300000045033],[76.87606800003823,31.331335000310048],[76.88024100002218,31.327414000255942],[76.89502700019597,31.319164000218507],[76.90423600039117,31.31609199974605],[76.91294900019625,31.316443999790806],[76.91936500019466,31.31369399977831],[76.92307999974224,31.303402000002336],[76.9280319996771,31.302167999753465],[76.91627499979148,31.28410100026099],[76.91029400006812,31.281076000157327],[76.89868199967458,31.278131000145606],[76.89623300005297,31.27370100000121],[76.89933800024858,31.268100999861304],[76.89662200000538,31.264764999804925],[76.8899380002386,31.266126999661367],[76.88227800042944,31.262830999650987],[76.87638100008314,31.262062000161222],[76.8719180002156,31.256918000365488],[76.86702000007301,31.246337999898856],[76.87037700019846,31.246243000014488],[76.87437400016006,31.235337999848866],[76.88351399987124,31.223851999869964],[76.89804029382458,31.226260010191368],[76.8952264455441,31.212264815368997],[76.89841053751633,31.209525015467136],[76.90988807847208,31.215004615270857],[76.908259007847,31.219521583454366],[76.90833305622562,31.22159494525056],[76.91003617522938,31.22240948101279],[76.91570089687895,31.221261726647413],[76.91868135536032,31.222761212160265],[76.92249486124888,31.222020725675975],[76.94233989956678,31.215208249661032],[76.95063334855024,31.220058436447744],[76.95440983024952,31.21465288412338],[76.96129635464308,31.211468792151095],[76.96225898716256,31.1984362298482],[76.96699810048199,31.194807845805485],[76.9718482872687,31.19514106440863],[76.9746621364485,31.19839920565886],[76.97481023320574,31.204619291946813],[76.97821647121322,31.207433141126614],[76.98399226633006,31.207729335540478],[76.98799089316526,31.205211681673802],[76.98739850433753,31.19706632944758],[76.98932376937654,31.191882924057722],[77.00407399991519,31.187897000146506],[77.00351700030939,31.195222999841633],[77.00515700039529,31.203089000157263],[77.01013899991494,31.209797000131516],[77.02002699994614,31.21850799984435],[77.01914292590538,31.219652028318478],[77.0138849999928,31.22645600034417],[77.01284000036577,31.23402000022287],[77.00477599991251,31.237144000395347],[77.0151370001725,31.271643000424206],[77.01390099983132,31.278772000027857],[77.00307499971154,31.297814999562604],[76.97843900035963,31.31092099960449],[76.96792600028476,31.322667999928285],[76.95581800040043,31.329964000038615],[76.94346600005593,31.33443999960633],[76.94571700043929,31.339492999702202],[76.94265000019743,31.348033999669383],[76.92322554872015,31.365254325227]]]}},{"type":"Feature","properties":{"blockName":"Ani","districtName":"Kullu","state":"Himachal Pradesh"},"geometry":{"type":"Polygon","coordinates":[[[77.38666500028961,31.361343000079444],[77.39685099967397,31.359246999649372],[77.40201600043815,31.362122000030354],[77.4188230002813,31.346162999722708],[77.42430100019106,31.34666300029727],[77.42993900028472,31.341516000363185],[77.4363710001216,31.344159999984072],[77.44697599994248,31.342976000242288],[77.45433800039848,31.347633000062956],[77.47612799980737,31.350060999615494],[77.47871032032509,31.35255132398447],[77.4671322612449,31.370966700153133],[77.4594504088094,31.37555692800987],[77.492717926691,31.39792956040094],[77.4972158859045,31.402140540553546],[77.4961424182381,31.404534121252766],[77.48743966350975,31.417594239682444],[77.48905488637399,31.420128611945927],[77.49015791295739,31.422831872393033],[77.49058682392285,31.425555661664532],[77.48959805980269,31.42785626415531],[77.4892206251318,31.43528297712777],[77.48637390393259,31.442663483832746],[77.49134071660086,31.449074248877537],[77.4898229056027,31.46149133765516],[77.48978717823576,31.46250120166917],[77.48961927211178,31.467247243365648],[77.49383062098644,31.47293826299051],[77.50292230462071,31.484167827583235],[77.50325859980461,31.4879127223943],[77.50702431122306,31.494768616778288],[77.52587991272787,31.500180666704466],[77.52312663018989,31.502933988812572],[77.51452083227065,31.50667118902419],[77.51055385167899,31.517733910491643],[77.5062507027078,31.51820823811977],[77.4967375347095,31.519088153695407],[77.49490200672227,31.521490083700428],[77.49734424074416,31.529112195071775],[77.50052963943136,31.5319618003968],[77.49507843751991,31.541359244533567],[77.49641317802582,31.551352690973943],[77.4832523957815,31.55908491263864],[77.46688945958095,31.56113389921012],[77.46205283187277,31.563911616328085],[77.4580796729386,31.560904452478553],[77.44867293610719,31.562205479199577],[77.44006275848955,31.56050026657408],[77.43947154867311,31.552843384714492],[77.43328278667133,31.537860291819072],[77.43045687668359,31.536858876935696],[77.42154661148697,31.53716948208597],[77.40003476609166,31.54173300907115],[77.3809676278538,31.536898279831803],[77.3762691539983,31.536571875391815],[77.36865369761011,31.5388983900487],[77.35945137937773,31.53373747310593],[77.35343473052842,31.535179477550912],[77.35053262188308,31.528173789388916],[77.34207282170343,31.529692870229837],[77.31927957639141,31.528914295658296],[77.31667300025879,31.524445999683167],[77.3178709997469,31.507245999703173],[77.32215249484182,31.496556388966212],[77.32266814811658,31.491539305094932],[77.32346257323923,31.48380989021433],[77.3241726662356,31.47999795184404],[77.32549274329551,31.474122751064158],[77.3262710004064,31.470658999613192],[77.33136699978729,31.457903000423187],[77.33423138636942,31.45359438087604],[77.33719599969567,31.449134999880414],[77.34421499962258,31.445819999893104],[77.35806299970773,31.432762000266166],[77.38078299973569,31.417888999677643],[77.38546799994828,31.406631000320488],[77.38330099984131,31.401733000177842],[77.38285800009669,31.393890000023532],[77.38877899975108,31.389201999672594],[77.38783999961635,31.386319999868135],[77.39089200006583,31.383429999694783],[77.3891980001876,31.376391999790997],[77.3907699998357,31.37131500038703],[77.38666500028961,31.361343000079444]]]}},{"type":"Feature","properties":{"blockName":"Pangi","districtName":"Chamba","state":"Himachal Pradesh"},"geometry":{"type":"Polygon","coordinates":[[[76.37529788638841,32.80659436813562],[76.37719700004158,32.81976299966277],[76.39315800044142,32.82317399958049],[76.41035500028312,32.84149900017877],[76.43335000040224,32.8511429997497],[76.44387099994674,32.85375599973963],[76.45559700020146,32.85206600004591],[76.46483599998146,32.825709999616834],[76.47111499995736,32.82087299958931],[76.47009299959234,32.81251099978289],[76.47338100013309,32.80530900041009],[76.51325199968011,32.8031620003261],[76.52731299969525,32.806786000173815],[76.53645300030576,32.811576999878696],[76.54690600031171,32.81291999975821],[76.56256100009011,32.82413499983045],[76.57570600013185,32.82842599986003],[76.59127799968002,32.83809699977678],[76.61241100026751,32.85422899996843],[76.61794299996956,32.85316100018008],[76.63008899980753,32.84337999968727],[76.64009900006886,32.84179300024681],[76.65682199963561,32.8487550002431],[76.67090599981208,32.84575300030076],[76.67883300024283,32.85177600016232],[76.68498999998855,32.85413700022241],[76.69042199957568,32.8643489999065],[76.69648699957543,32.871140000110984],[76.69779200040057,32.87822699957644],[76.71752899956374,32.8902550002681],[76.71916200022616,32.922828999658634],[76.76325200007977,32.929707000277915],[76.76821899980706,32.936371000021666],[76.7736819999244,32.93766000010896],[76.7772899999336,32.94564399957096],[76.79127500004125,32.960831000250494],[76.77980800003922,32.961226999626376],[76.78005199960018,32.96802500015366],[76.77671799963605,32.9806899996438],[76.78715499980348,32.988350000352284],[76.7856830002703,32.990310999952726],[76.77445999982916,32.99398800044594],[76.77319299985709,33.009933000107935],[76.77568799980139,33.014781999789534],[76.768875000381,33.01790199977751],[76.76261899966715,33.01833299986811],[76.7567669995974,33.02566499983993],[76.75762200035507,33.036994999819456],[76.75423399969941,33.03881500011221],[76.7555619997865,33.044628000182115],[76.74587199989293,33.053543000309276],[76.7438199996933,33.064120999784336],[76.7375029997637,33.07540500034054],[76.73591600032319,33.083050000357275],[76.73730499962608,33.08984399980079],[76.73575600013936,33.09697300030376],[76.74113499998032,33.11495600041911],[76.74080700014298,33.12093400000413],[76.74572800044695,33.125740000400754],[76.74773400032393,33.13053500029008],[76.74827600013737,33.148772999574305],[76.74440799982938,33.154556000059415],[76.74668899979758,33.15871400025094],[76.7477490001163,33.1785739996904],[76.73207100017657,33.17661300008996],[76.72634100033696,33.18048100039789],[76.71459199992091,33.18068299982065],[76.71151700020943,33.176807000043084],[76.70311700044925,33.17324400031043],[76.6873089999105,33.17255399996719],[76.67728399985674,33.170357000275374],[76.66892200005032,33.17109700022644],[76.65854599999795,33.16395600006939],[76.64478300023535,33.16178099959353],[76.63035600042912,33.16528700029488],[76.61737799999474,33.17311899994195],[76.61514300034924,33.187416000048415],[76.61036700043678,33.190024999853904],[76.6058119999239,33.189414999602604],[76.60185199986995,33.19248199984446],[76.60404200013824,33.203650999594004],[76.59973899955526,33.20632199956066],[76.58078799976641,33.20565400023196],[76.56530799996426,33.20903000033428],[76.55977600026227,33.20628000032178],[76.5519790004306,33.19885999988912],[76.53802499995385,33.19995099983885],[76.5235370000326,33.1953469997643],[76.51374800007022,33.19560600001694],[76.5065459997981,33.18973900015476],[76.48677800010466,33.179507999594534],[76.47327399969538,33.18294899999643],[76.45951800025557,33.18012200003034],[76.44747899995593,33.182487000274875],[76.43946800014817,33.18149600044012],[76.4253920003406,33.18814799963053],[76.41835000025236,33.186294999614574],[76.40937800019464,33.18644300014438],[76.40222899966864,33.18264400032041],[76.39749900007882,33.1762159997686],[76.38378099969344,33.16780899968563],[76.37338300042518,33.154369000429085],[76.3697199996783,33.15462100035893],[76.35315700029537,33.146068999884506],[76.33306099986532,33.12999699976177],[76.30941800044042,33.12004899966166],[76.30545800038647,33.112990999734905],[76.29244199999835,33.10383200004679],[76.29430400042935,33.10046400031342],[76.2932660002258,33.09786600011586],[76.28865099964395,33.09619100021456],[76.27256000044372,33.05207800019963],[76.25455500021314,33.032393999883254],[76.24673500022016,33.030070999776854],[76.22911378117612,33.02826023372285],[76.22821166583577,33.01780484331891],[76.23530187408227,33.0075579004768],[76.24437325282344,33.00056094023523],[76.24598553220659,32.99379238800833],[76.2480892317327,32.99233246637027],[76.26220168555938,32.99419037038933],[76.30799687825339,32.98093995361603],[76.31904098375446,32.982649322908],[76.335120699161,32.97716972939952],[76.3384293975987,32.972276789742125],[76.33894966439556,32.96571166685999],[76.34429647570187,32.95779030967509],[76.34255624437526,32.95500919222047],[76.33887317435756,32.95443236256352],[76.32812474256286,32.9477158936736],[76.33051312967723,32.94130402156338],[76.34171194375125,32.93504875559563],[76.34346415674548,32.929063432831185],[76.34674343835906,32.925854699434865],[76.35265864997677,32.92367719884368],[76.35883622351298,32.92340424920678],[76.37439271695041,32.91345003838859],[76.37387583070506,32.90559300970966],[76.36953493988563,32.89971832334197],[76.36896386858774,32.89372519086493],[76.36491554971292,32.8866888205327],[76.36413023022601,32.880639542480935],[76.36037439516224,32.87666755986004],[76.35374354802639,32.87379431585504],[76.34953487733276,32.86902216144364],[76.34904889089364,32.866168268151114],[76.36492891633645,32.85914518620143],[76.36591564079424,32.85569465928114],[76.36471945883602,32.85343833311265],[76.35602729722206,32.84812058429759],[76.35811335744557,32.842662210292815],[76.3581230809155,32.83655017664938],[76.3600851839841,32.83419774353109],[76.36346765021193,32.83430167548198],[76.36940684405067,32.83105159125796],[76.37077040692878,32.82590381430964],[76.36903634854872,32.821059519880976],[76.36966952882574,32.80826214468226],[76.37529788638841,32.80659436813562]]]}},{"type":"Feature","properties":{"blockName":"Saluni","districtName":"Chamba","state":"Himachal Pradesh"},"geometry":{"type":"Polygon","coordinates":[[[75.93095777148403,32.905971144952446],[75.93085731721146,32.90660598357931],[75.93036699963739,32.90647099983681],[75.91690800040396,32.91600000039978],[75.88392600018483,32.930607000412806],[75.86687499988142,32.931590999924765],[75.85066999992063,32.93507799974992],[75.83822599983006,32.933963999638934],[75.82503333661924,32.930397228149616],[75.81504099994225,32.91994899994643],[75.818481000298,32.91076700009705],[75.81670400018953,32.90441899963719],[75.80846841178783,32.896095009677026],[75.80409200044551,32.89382899960867],[75.8064729996293,32.88188900027717],[75.81127900002588,32.87064699985922],[75.8249279999273,32.853599999740254],[75.83764600006293,32.843112999965],[75.8539730002538,32.837085999919],[75.89036600039066,32.81389599980059],[75.9165799996673,32.769932000361564],[75.92895500017318,32.75714099955752],[75.92985582768438,32.738748273713895],[75.93832718685024,32.73568116555339],[75.94611763961746,32.73014874496863],[75.95751440526567,32.72751009541463],[75.96525013968227,32.715827587273395],[75.97026515691152,32.71206006012375],[75.98455928907998,32.71137260755984],[75.99594044339682,32.707644096597846],[76.00168934788513,32.71294064389565],[76.00700489426055,32.713572276439436],[76.01297582697288,32.70051167957041],[76.0186941230354,32.695676111263595],[76.0383256200314,32.690431199440354],[76.05810757540434,32.67911504542303],[76.05988383087413,32.680487575441305],[76.06531298320766,32.68596600972364],[76.07011839185037,32.688904556200384],[76.07201262308416,32.692140598409935],[76.07453665134545,32.69683974136103],[76.07754062440034,32.69913460887517],[76.08095487716588,32.70147969543166],[76.08770983793875,32.708534271639394],[76.09057941900505,32.71202352606491],[76.09604325189463,32.7191790547696],[76.0947551268477,32.72150404327704],[76.11034155691738,32.73495324979268],[76.11473936852707,32.74323111982039],[76.12151521965171,32.750169427177354],[76.13764953649695,32.75585263978752],[76.14834444693872,32.76335196222334],[76.1532162291457,32.77472219966984],[76.14939683269773,32.78281547035772],[76.14703970511835,32.784978657339195],[76.14167894442778,32.78570737079855],[76.12741528129027,32.774072799220335],[76.11884770815527,32.76970741446564],[76.11492137242345,32.77831263861742],[76.11576446255998,32.78705643390737],[76.11412491303435,32.79590433112003],[76.12332398381488,32.80014882630735],[76.12545183463453,32.80560420916697],[76.12436959767882,32.80722269297297],[76.1136013745039,32.808047419852585],[76.09941618800673,32.802077188611406],[76.09274595146456,32.80260954049794],[76.0855437578382,32.80575332935274],[76.0747224944476,32.803414598305096],[76.06992447013823,32.80514060685357],[76.05201109463638,32.80650905664771],[76.03266124012418,32.80051382785092],[76.02913823144428,32.8006571887783],[76.02725538203032,32.8050899759217],[76.01605240319589,32.803224262189985],[76.00645899858398,32.80313618618612],[76.00213394212778,32.8045368937627],[76.00073756208889,32.80762016993492],[76.00765730833814,32.81417969183934],[76.00951000168527,32.818894491987294],[76.00484969056083,32.835619459270674],[75.99094206362537,32.846967842292145],[75.98405878398574,32.85030801969941],[75.97344797454446,32.864886514800844],[75.96972625616183,32.8657668782389],[75.96496324605704,32.86320770177406],[75.96265771797937,32.86401922930406],[75.95863981777342,32.86663235429978],[75.95505057942074,32.87356071605427],[75.94749855671307,32.878735540113155],[75.94411929297104,32.88388120275533],[75.93509162218066,32.88832744015929],[75.93011731636113,32.89852069347529],[75.93095777148403,32.905971144952446]]]}},{"type":"Feature","properties":{"blockName":"Bhalai","districtName":"Chamba","state":"Himachal Pradesh"},"geometry":{"type":"Polygon","coordinates":[[[76.01590027297925,32.61228282419302],[76.01567466185622,32.614837453685595],[76.0159156783659,32.62007864591283],[76.01912793710466,32.623554114630736],[76.0206325325654,32.62415224383102],[76.02495743793548,32.6247755360622],[76.02721406897416,32.625148089212985],[76.02896226199886,32.629544951138655],[76.03041511766361,32.631021804312866],[76.02943002277738,32.635906209404084],[76.03091683504397,32.63906123888512],[76.02568769822875,32.64755294880962],[76.02768528674665,32.65076839834296],[76.0353524055891,32.6572113968885],[76.03954771235709,32.660393554419045],[76.04130457574564,32.66255510013781],[76.04362517106483,32.66787616115596],[76.04684545985015,32.67071795856697],[76.05129222965274,32.67370557025589],[76.05625436494705,32.67767308504489],[76.05810757540434,32.67911504542303],[76.0383256200314,32.690431199440354],[76.0186941230354,32.695676111263595],[76.01297582697288,32.70051167957041],[76.00700489426055,32.713572276439436],[76.00168934788513,32.71294064389565],[75.99594044339682,32.707644096597846],[75.98455928907998,32.71137260755984],[75.97026515691152,32.71206006012375],[75.96525013968227,32.715827587273395],[75.95751440526567,32.72751009541463],[75.94611763961746,32.73014874496863],[75.93832718685024,32.73568116555339],[75.92985582768438,32.738748273713895],[75.92624700029887,32.72092799962752],[75.91613370031007,32.701351375665524],[75.91291799986584,32.69102100001919],[75.91519200041057,32.680569000059336],[75.92172200027017,32.67217299958429],[75.94036100006014,32.6580729995693],[75.94172700010103,32.6541209998843],[75.9398879998314,32.643536000086385],[75.92693062714676,32.62354101960244],[75.93906342853444,32.6226548069738],[75.9418894653266,32.61355334321229],[75.95050809207487,32.61055733545271],[75.94756818582317,32.602849015070035],[75.95478756369516,32.602447054987636],[75.95706845754336,32.59399479472404],[75.9606387768581,32.5905856051416],[75.96312992950271,32.59205409911743],[75.96331962530053,32.59750999728857],[75.97941520744592,32.60030526287761],[75.99161955709695,32.60882692832013],[76.00017758482772,32.605545250013336],[76.00714878758652,32.60803722823556],[76.00813084366354,32.60670275123101],[76.01590027297925,32.61228282419302]]]}},{"type":"Feature","properties":{"blockName":"Dalhousie","districtName":"Chamba","state":"Himachal Pradesh"},"geometry":{"type":"Polygon","coordinates":[[[76.00813084366354,32.60670275123101],[76.00714878758652,32.60803722823556],[76.00017758482772,32.605545250013336],[75.99161955709695,32.60882692832013],[75.97941520744592,32.60030526287761],[75.96331962530053,32.59750999728857],[75.96312992950271,32.59205409911743],[75.9606387768581,32.5905856051416],[75.95706845754336,32.59399479472404],[75.95478756369516,32.602447054987636],[75.94756818582317,32.602849015070035],[75.95050809207487,32.61055733545271],[75.9418894653266,32.61355334321229],[75.93906342853444,32.6226548069738],[75.92693062714676,32.62354101960244],[75.9024279999523,32.59176300026229],[75.85384399970087,32.537468000148124],[75.84651900005184,32.52436400019849],[75.85439555121377,32.52509600247856],[75.8712080000492,32.499340000041],[75.89114009453976,32.48253052616292],[75.89173707800381,32.48386928573899],[75.89324081820922,32.4871349615093],[75.89561324505524,32.48828423572894],[75.89957074319528,32.48969964182504],[75.90187681176553,32.4916760162352],[75.904232576872,32.493112186778035],[75.91226560827124,32.49803179223346],[75.91788233220393,32.502645416852545],[75.92272752505528,32.50840171017086],[75.92676450797575,32.509677274386775],[75.93096346419259,32.50942135521143],[75.9421123398127,32.508657112235994],[75.94525212938231,32.508056922688866],[75.94565976688477,32.50840592259533],[75.94736371866077,32.50897280215315],[75.95270978712705,32.509613421622134],[75.95816362315276,32.511232218392195],[75.96082273138398,32.51121278044553],[75.96151901079378,32.51050595198814],[75.96240657870072,32.50825687255667],[75.96238025824238,32.50655938780557],[75.9590910094426,32.502348150446835],[75.95041622273055,32.49664247726855],[75.9498305788182,32.494913834605825],[75.95211204733317,32.49157752698136],[75.95276280216166,32.4913764871352],[75.95360403160083,32.49150246506679],[75.95516474205925,32.49199852211416],[75.95622261278339,32.492105032421364],[75.95745047066276,32.491947234677184],[75.95810072816613,32.49182771297865],[75.96001217242389,32.49295299418537],[75.96440663405895,32.49431683135674],[75.97046990466242,32.49045846638518],[75.97180963370766,32.490612125449275],[75.97773137890005,32.49640293924432],[75.9787615783842,32.49654162189836],[75.98195214007927,32.49603742418782],[75.98238814759497,32.496039218335284],[75.98401285111225,32.49646888023466],[75.98600061363749,32.49802798000735],[75.98909947685945,32.50011300690977],[75.99518962729951,32.50285646165645],[76.00348589475828,32.505572258652876],[76.00985410658183,32.51388433709252],[76.0191867158943,32.52131425884602],[76.02597327704518,32.52385479776075],[76.02900128628039,32.53173375550847],[76.0286769268987,32.54165888135236],[76.0335141418642,32.55295376280594],[76.03249120530495,32.560403808688875],[76.02601651644915,32.569294192572954],[76.02608678677586,32.57332077123664],[76.03015572620586,32.58220167356842],[76.02391503465117,32.58741011878203],[76.01123569007507,32.593372971985104],[76.01074358554808,32.59680621303636],[76.00566524615425,32.603748674361896],[76.00813084366354,32.60670275123101]]]}},{"type":"Feature","properties":{"blockName":"Bhattiyat","districtName":"Chamba","state":"Himachal Pradesh"},"geometry":{"type":"Polygon","coordinates":[[[75.98347136121441,32.381823052192146],[75.98577904406767,32.3970802179777],[75.99534090855616,32.40503673595663],[75.99970571234883,32.39966592534222],[76.01098253991233,32.39161062313178],[76.04350512506153,32.38845822326846],[76.07076588483778,32.394349722461754],[76.07210823270884,32.3929859464443],[76.07155099927922,32.3864566318681],[76.07410079671445,32.38609108803331],[76.09048741925903,32.39330115522421],[76.10896332789531,32.38284804999756],[76.11484637975667,32.38150492151499],[76.12114700213249,32.38214232500832],[76.12474639473038,32.38400802884752],[76.12841802986821,32.38859122130788],[76.12892709201174,32.39817851592579],[76.13387953081576,32.401406493914635],[76.13155781763925,32.410525636548925],[76.14127459934332,32.417360358194],[76.15077130705026,32.419980826154244],[76.15453563171411,32.42434399048284],[76.14172686210503,32.44054337687538],[76.13880227940172,32.452339442411414],[76.12332352695927,32.45810060375993],[76.1227703566667,32.46737314645361],[76.11725696393779,32.477514425250604],[76.11747856948045,32.48671609776977],[76.11287170686381,32.48758530781578],[76.10054596942103,32.485927420214296],[76.09036935716017,32.489503813550186],[76.06794191648629,32.49155896407501],[76.06472745800585,32.49603845121362],[76.0633940574898,32.50266120624974],[76.05751107847357,32.50826688830631],[76.05593720194037,32.51531298300779],[76.0463853792819,32.52622896659358],[76.03916986309878,32.526747217110426],[76.02597327704518,32.52385479776075],[76.0191867158943,32.52131425884602],[76.00985410658183,32.51388433709252],[76.00348589475828,32.505572258652876],[75.99518962729951,32.50285646165645],[75.98909947685945,32.50011300690977],[75.98628678240914,32.494645341109674],[75.9862109218966,32.490843816888685],[75.98898318192835,32.47550033956907],[75.99279833987157,32.46917748505297],[75.993059425652,32.4631973459808],[75.98587887061342,32.45858744635359],[75.97855223599697,32.46049861092223],[75.9833992796531,32.45183795975407],[75.98102331757212,32.44825119723504],[75.98313634486647,32.44338914389391],[75.98870660172832,32.43963152277661],[75.98778240893108,32.431976685975314],[75.98607994373447,32.42902964540184],[75.98035258520372,32.42849588607635],[75.97159599885634,32.42457019965502],[75.9693801178982,32.41944428432629],[75.96588290357317,32.41613207313674],[75.96403992740079,32.40978046999277],[75.95419650676342,32.41230354856998],[75.95288906877556,32.411353231366604],[75.9553430812183,32.409237319946385],[75.9543456476336,32.406984823091136],[75.95172488289711,32.407366595192286],[75.95222620007911,32.40537654838903],[75.94714210502417,32.40312886740338],[75.94538651327701,32.39730993090865],[75.94479206769984,32.39312404993501],[75.947388000356,32.39223900012979],[75.95916000003405,32.390244000760106],[75.96752900016327,32.39186900015426],[75.97462500004377,32.39089600025028],[75.98347136121441,32.381823052192146]]]}},{"type":"Feature","properties":{"blockName":"Sihunta","districtName":"Chamba","state":"Himachal Pradesh"},"geometry":{"type":"Polygon","coordinates":[[[76.03286615065241,32.27022571004852],[76.0414659995563,32.26900900016528],[76.045195783059,32.26608676019589],[76.04740099985634,32.26435899976809],[76.0784299999446,32.271229000018366],[76.08657799977493,32.27110699978829],[76.09378100009314,32.2684519996601],[76.09957100000173,32.26361100034745],[76.11018400019151,32.25863300011292],[76.11980399955502,32.25680500035054],[76.12413799976895,32.251410999817836],[76.12387855525117,32.24693522687926],[76.12358899963266,32.24194000013097],[76.1251299996498,32.23513400013405],[76.1226120004435,32.22839399958349],[76.12606000026886,32.22843599972168],[76.1330591035948,32.22832652884625],[76.14373799980888,32.22543699991769],[76.1594620000713,32.23047300012888],[76.1664896874492,32.235503304933616],[76.16861699957491,32.237026000149854],[76.1692492796306,32.23604952166812],[76.17275199960517,32.23064000063556],[76.17332499994882,32.22483099985084],[76.17685700005057,32.22494499971202],[76.18173200003184,32.22737500025613],[76.18423500034504,32.23237199956816],[76.18304706606932,32.23653264016929],[76.18051100038241,32.245415000302046],[76.18601168209352,32.2617832559925],[76.18704999975773,32.26662099975937],[76.18656199973657,32.272678000289545],[76.18148799957157,32.2768100001814],[76.17325600036418,32.28023499984539],[76.16799200043056,32.28368399971686],[76.162781000243,32.2981830001454],[76.16269729764224,32.305507946734394],[76.16261299969023,32.3128850000428],[76.16043900015978,32.317944000415366],[76.16510613174262,32.32216161936327],[76.16834300042916,32.326453999852276],[76.17349199955618,32.340267000122026],[76.16970800042395,32.35098999998854],[76.16646600020579,32.353789999608864],[76.17729200032562,32.3569830002653],[76.20578000014694,32.37398900029217],[76.21139500007922,32.378902000227185],[76.22016899999943,32.39384799968548],[76.2238117722955,32.3954593941358],[76.2174853375783,32.40169128402562],[76.21146979489515,32.40330000299281],[76.19465009212809,32.41437661898584],[76.18469720241404,32.41521827830093],[76.17809763819548,32.42004331824461],[76.16155827389525,32.42660964711757],[76.15493768712463,32.42719030878578],[76.15453563171411,32.42434399048284],[76.15077130705026,32.419980826154244],[76.14127459934332,32.417360358194],[76.13155781763925,32.410525636548925],[76.13387953081576,32.401406493914635],[76.12892709201174,32.39817851592579],[76.12841802986821,32.38859122130788],[76.12474639473038,32.38400802884752],[76.12114700213249,32.38214232500832],[76.11484637975667,32.38150492151499],[76.10896332789531,32.38284804999756],[76.09048741925903,32.39330115522421],[76.07410079671445,32.38609108803331],[76.07155099927922,32.3864566318681],[76.07210823270884,32.3929859464443],[76.07076588483778,32.394349722461754],[76.04350512506153,32.38845822326846],[76.01098253991233,32.39161062313178],[75.99970571234883,32.39966592534222],[75.99534090855616,32.40503673595663],[75.98577904406767,32.3970802179777],[75.98347136121441,32.381823052192146],[75.99139399993322,32.3756070002629],[76.00524899944185,32.35414500069129],[76.01975300010093,32.33791000024638],[76.02195700011549,32.330677000343314],[76.01573900025471,32.31815000002251],[76.02362100040892,32.32081999994307],[76.0236279998324,32.31831699962987],[76.01980599984705,32.303413000309774],[76.01679200025069,32.298877999819865],[76.01699100043436,32.29084399985078],[76.03108999950393,32.27047700041328],[76.03286615065241,32.27022571004852]]]}},{"type":"Feature","properties":{"blockName":"Holi","districtName":"Chamba","state":"Himachal Pradesh"},"geometry":{"type":"Polygon","coordinates":[[[76.67220944481011,32.17918538419815],[76.6824489997216,32.17966799997828],[76.69837999963732,32.19683100005068],[76.71366900052402,32.198532000251646],[76.720228448684,32.19589077413997],[76.7371220001802,32.18769100033944],[76.73974599977811,32.18867900003585],[76.75465400018203,32.20339599972567],[76.76084100041192,32.20711500035702],[76.77130900021024,32.22119899963417],[76.7731549999034,32.22716899974961],[76.77154500030156,32.242492999552326],[76.77822900006834,32.24855799955208],[76.77106499974997,32.250347000213935],[76.76985899989296,32.254025000753245],[76.77972399976284,32.26802100046882],[76.77074400023548,32.281689000347114],[76.7761840001915,32.29109599978062],[76.77213300043769,32.30854000022089],[76.78570600043162,32.3166350003051],[76.77285000022738,32.339168999849505],[76.76316100037991,32.34526100019508],[76.75729399961847,32.35183300019287],[76.7540660000459,32.35830299998349],[76.75645037798262,32.35914359180339],[76.75094332817213,32.363576949116975],[76.74437292267231,32.37406531046577],[76.73491829424393,32.37218047175145],[76.72025450564098,32.37379316122548],[76.70714698394619,32.36942378617886],[76.69067727933304,32.37113809994344],[76.68354836696363,32.37352697089307],[76.67889699510027,32.373224456043886],[76.67265282226998,32.367955014312486],[76.6669769805033,32.36830327767416],[76.66502526820165,32.36708934399809],[76.6644433483819,32.36237006792436],[76.65775463346961,32.35106474714041],[76.65390143780115,32.33960481131305],[76.65330992671181,32.33855418282934],[76.65101071996878,32.33900753287139],[76.64363309469161,32.34814176612963],[76.63857017237564,32.36933820219633],[76.6305753459755,32.37938470593946],[76.62406454933955,32.383127115024365],[76.6186054459846,32.383431236062734],[76.61321219368784,32.37954193441277],[76.60601135354119,32.377066912907765],[76.60173205998666,32.3720442478438],[76.59064383014868,32.379751046573574],[76.59072186162467,32.38280487534479],[76.60113431479687,32.39694890796579],[76.60028644206568,32.403803850867064],[76.59650428654362,32.40814748821606],[76.58846647434837,32.41029682383942],[76.57580946173732,32.40696202527732],[76.55804238614724,32.408850599775405],[76.54642811946218,32.419845391851425],[76.52428578815864,32.43474851972843],[76.51227116128513,32.444733756257904],[76.50398591232005,32.443809916894224],[76.49620944940665,32.445597045167574],[76.49219195029832,32.44819032842099],[76.4809329571903,32.446844527153246],[76.4781576205778,32.4557535018227],[76.47943465968183,32.463704743479184],[76.46203695364255,32.47295279133829],[76.45930667036657,32.47642146837609],[76.43980962921108,32.4691732618366],[76.43336880072962,32.46176591846239],[76.42429562604235,32.457469446058155],[76.42388232460962,32.45405850189837],[76.4267661815141,32.43800565463732],[76.44090935438328,32.4297114367335],[76.44461242622253,32.42102863346469],[76.45845366340592,32.41142974568629],[76.45921989568171,32.406153935855514],[76.42591798952367,32.39295129106927],[76.41192036023648,32.371819020731266],[76.39972127521673,32.36724225572556],[76.39463288769764,32.361590265778204],[76.39160864212516,32.363649200650116],[76.38935287623428,32.35545708277817],[76.38486678357526,32.34742052423786],[76.38363563237857,32.33892303257193],[76.38597754612692,32.33557623705377],[76.39467685195518,32.330188288958425],[76.39796436596276,32.32981888613273],[76.39892161603979,32.32293572340495],[76.39534554376189,32.32039009252878],[76.3886265145021,32.319950219726934],[76.381763191718,32.32799001762527],[76.3730501757251,32.32410597880795],[76.36789180026642,32.324401137202756],[76.35963861932686,32.32222856759438],[76.37331399994122,32.302352999991],[76.37908199973458,32.29720299991857],[76.40714299964975,32.28278000029684],[76.4196780003395,32.279915000377],[76.4245219997905,32.26448800032102],[76.43286899980455,32.263145000441455],[76.44047499982145,32.26568599980908],[76.449637999694,32.26202400000767],[76.45841199961416,32.25514200010326],[76.46376800019311,32.24872600010485],[76.46824353660998,32.248075721017756],[76.4764790000059,32.24802800029204],[76.48213199989192,32.251914999677524],[76.48790701169929,32.24674299859055],[76.49453699998264,32.2433399999411],[76.50443300038273,32.23330300023332],[76.51349600014038,32.23285700035035],[76.52448299959082,32.237690000193425],[76.525992999977,32.233261000095126],[76.54846999959085,32.22850800034399],[76.55662499974397,32.22895800041147],[76.56449100005966,32.22515500040299],[76.57238800000624,32.22566999987066],[76.59010300035322,32.221084999772984],[76.5995790002707,32.214798000327505],[76.61360899975557,32.199078000249585],[76.62503100038043,32.19248200004432],[76.67220944481011,32.17918538419815]]]}},{"type":"Feature","properties":{"blockName":"Brahmaur","districtName":"Chamba","state":"Himachal Pradesh"},"geometry":{"type":"Polygon","coordinates":[[[76.42093490991823,32.50636261704119],[76.41710454084193,32.50396309002463],[76.41111365577063,32.49049361908533],[76.40788743865443,32.48498752075756],[76.40493250563071,32.48105396436904],[76.39062346629999,32.47622981565354],[76.38598358507443,32.47764912300869],[76.38453176722732,32.4775110518936],[76.38110712459417,32.47642453416495],[76.37735206834333,32.47391299299028],[76.37535667956718,32.47119974737052],[76.37439871273045,32.46383542396569],[76.37689972194465,32.4590797541274],[76.38701944309287,32.45626960026192],[76.39720388485148,32.45692449377043],[76.4019163197824,32.45610585709966],[76.40413411899448,32.45552013944291],[76.4094017620817,32.45364427776127],[76.41090503823699,32.44953775836092],[76.41055773804925,32.445195238869246],[76.41167000336804,32.43766976684634],[76.411160504154,32.42984850960107],[76.40504375356642,32.421493736746584],[76.39952249986351,32.41523784395139],[76.39810329593041,32.41416265228463],[76.39770966267088,32.4138644343962],[76.39004613661996,32.4072996388673],[76.39829879865067,32.40678791562988],[76.3998634688241,32.40372645161449],[76.39887770484228,32.39767576612377],[76.39857800756903,32.39447617793331],[76.40160949987859,32.386941827803184],[76.40058448228808,32.379636947786935],[76.39160864212516,32.363649200650116],[76.39463288769764,32.361590265778204],[76.39972127521673,32.36724225572556],[76.41192036023648,32.371819020731266],[76.42591798952367,32.39295129106927],[76.45921989568171,32.406153935855514],[76.45845366340592,32.41142974568629],[76.44461242622253,32.42102863346469],[76.44090935438328,32.4297114367335],[76.4267661815141,32.43800565463732],[76.42388232460962,32.45405850189837],[76.42429562604235,32.457469446058155],[76.43336880072962,32.46176591846239],[76.43980962921108,32.4691732618366],[76.45930667036657,32.47642146837609],[76.46203695364255,32.47295279133829],[76.47943465968183,32.463704743479184],[76.4781576205778,32.4557535018227],[76.4809329571903,32.446844527153246],[76.49219195029832,32.44819032842099],[76.49620944940665,32.445597045167574],[76.50398591232005,32.443809916894224],[76.51227116128513,32.444733756257904],[76.52428578815864,32.43474851972843],[76.54642811946218,32.419845391851425],[76.55804238614724,32.408850599775405],[76.57580946173732,32.40696202527732],[76.58846647434837,32.41029682383942],[76.59650428654362,32.40814748821606],[76.60028644206568,32.403803850867064],[76.60113431479687,32.39694890796579],[76.59072186162467,32.38280487534479],[76.59064383014868,32.379751046573574],[76.60173205998666,32.3720442478438],[76.60601135354119,32.377066912907765],[76.61321219368784,32.37954193441277],[76.6186054459846,32.383431236062734],[76.62406454933955,32.383127115024365],[76.6305753459755,32.37938470593946],[76.63857017237564,32.36933820219633],[76.64363309469161,32.34814176612963],[76.65101071996878,32.33900753287139],[76.65330992671181,32.33855418282934],[76.65390143780115,32.33960481131305],[76.65775463346961,32.35106474714041],[76.6644433483819,32.36237006792436],[76.66502526820165,32.36708934399809],[76.6669769805033,32.36830327767416],[76.67265282226998,32.367955014312486],[76.67889699510027,32.373224456043886],[76.68354836696363,32.37352697089307],[76.69067727933304,32.37113809994344],[76.70714698394619,32.36942378617886],[76.72025450564098,32.37379316122548],[76.73491829424393,32.37218047175145],[76.74437292267231,32.37406531046577],[76.75094332817213,32.363576949116975],[76.75645037798262,32.35914359180339],[76.77323900017979,32.359493000001976],[76.77821400027597,32.362060999715425],[76.78793299970823,32.374637999643994],[76.78476700029688,32.39003400006908],[76.78687999971226,32.40624999963785],[76.80300100029598,32.41216299982261],[76.81134800031003,32.41861299959032],[76.81399500006927,32.42758899983255],[76.82415800019163,32.43709200009579],[76.83557100040139,32.441276999733816],[76.84752699957141,32.44782999975473],[76.86534099998721,32.46114000021089],[76.85915399975732,32.46449999957537],[76.85379800007769,32.476302999783684],[76.85719300015688,32.48301299985013],[76.86302200006531,32.489520999594504],[76.87016300022236,32.50423800018359],[76.88322399998765,32.519936000146345],[76.87420699965338,32.52174399988576],[76.87168100007813,32.527217999611025],[76.87337499995635,32.53153599998649],[76.86585999963933,32.533398000417435],[76.85680400020448,32.532207000352855],[76.83921800041043,32.526385999914],[76.83023799998375,32.53090999989661],[76.8279650003845,32.53850200016723],[76.80902100001919,32.533726000254774],[76.80491989183957,32.53398801053828],[76.79553999977122,32.53714399959597],[76.79234299982966,32.544124999569135],[76.78153200040157,32.55250200006731],[76.77237699999858,32.55085000032733],[76.76767699999363,32.54734399962592],[76.75777400017,32.5583879999063],[76.74660500042052,32.55818899972263],[76.73966999987067,32.5607110000127],[76.72479199995087,32.5521200004377],[76.71491200028862,32.538157999592045],[76.70082900015831,32.54636400029841],[76.70659599990552,32.55432899978359],[76.70906100026502,32.56136699968732],[76.71000699982324,32.56951500041697],[76.70552800011717,32.57325700031038],[76.6803439997758,32.57001500009221],[76.66889999993509,32.57229600006042],[76.64946700040178,32.58035300019088],[76.63899999975024,32.57596600023078],[76.62989799999275,32.57418099975337],[76.62525199978,32.57849900012883],[76.62480900003538,32.58618200009926],[76.63150000012496,32.60303100008065],[76.60885600000444,32.60624699999909],[76.60446900004439,32.61037799984484],[76.60358399970187,32.625682999670744],[76.59671799963604,32.6308250002736],[76.59363599960176,32.64246400011359],[76.57570600013185,32.649520999994195],[76.5500870004148,32.65824500030658],[76.53863500020515,32.65584900043109],[76.53028900023725,32.65776799989334],[76.52208699971533,32.66585200036957],[76.51669300008194,32.666907999604575],[76.49214899957673,32.66205199960018],[76.46548608661368,32.65312393951825],[76.46167919523873,32.64775686648625],[76.47178802829495,32.631831047564845],[76.4734352535342,32.62019642472529],[76.46917983428199,32.611570636675594],[76.46539765627688,32.60753111766701],[76.45698352726805,32.60458463827047],[76.45815848612528,32.59881701709173],[76.45567152612011,32.58766560628277],[76.46011748923081,32.57035014594254],[76.45010083758365,32.55447120508211],[76.44987340443413,32.52999756483581],[76.4392384526925,32.522798668124096],[76.43917047653633,32.51903526166802],[76.43560481211244,32.51504775315135],[76.42093490991823,32.50636261704119]]]}},{"type":"Feature","properties":{"blockName":"Harchakian","districtName":"Kangra","state":"Himachal Pradesh"},"geometry":{"type":"Polygon","coordinates":[[[76.08891999626087,32.126381364708266],[76.0925900198136,32.120793410087856],[76.0947879628942,32.11701996270119],[76.09656629939525,32.114067290573075],[76.09749068914402,32.11038618557404],[76.10180597626487,32.10228746589388],[76.10217846106718,32.100863439795944],[76.10417500097554,32.09468241376243],[76.10641067960921,32.09040912498119],[76.11093059217313,32.0903091797249],[76.11426051371177,32.09127536096918],[76.1156388263708,32.09184591875419],[76.11740642676523,32.093315487419886],[76.11562980706998,32.095108439702756],[76.11662640698313,32.097183315957295],[76.11844432534542,32.098364568270256],[76.12118054864345,32.09801847137538],[76.12112654885118,32.097105095623704],[76.122741965969,32.09486112524081],[76.12690935688136,32.09572699610402],[76.13002546820087,32.09118380368966],[76.13055809527992,32.09238339407841],[76.13143380022973,32.09417948049867],[76.13507126023052,32.09411063379878],[76.13584284796912,32.09380060691251],[76.13674870089187,32.09299076920871],[76.14008898262051,32.092235998792376],[76.14151005624416,32.094576147171495],[76.14368976197301,32.095006315389185],[76.14933210489278,32.091136126131346],[76.15039633832043,32.09048271380624],[76.15693650501578,32.08662078841871],[76.16286975973168,32.087512943767365],[76.16702359606217,32.08654317962407],[76.16920460400934,32.08239012030788],[76.16909891298451,32.07880481199254],[76.17864277844154,32.06787857343744],[76.18994530323323,32.07198963351482],[76.18244559408896,32.084137521029845],[76.18468375754941,32.08737461184893],[76.19393366880382,32.08770479254218],[76.19521658947406,32.09288736875709],[76.18859710347363,32.109359705685904],[76.18572744326696,32.11241054241265],[76.1759837889208,32.11698028820979],[76.17188041444962,32.11692226305206],[76.17038141097339,32.11872976007044],[76.17171712814303,32.12232241224956],[76.17070415697134,32.13298927103807],[76.16899194132509,32.13820930941216],[76.16827240544723,32.1407473068428],[76.1669623306471,32.145536581648],[76.16590615694366,32.14690313117461],[76.16055841124177,32.145213046944605],[76.15870021764101,32.144203814254695],[76.15308288127,32.139940914441695],[76.15122738743406,32.13823481778269],[76.15035216092355,32.136761517829825],[76.14976704761119,32.13620975677492],[76.14432056803986,32.13650186107208],[76.14373742424277,32.13284982036299],[76.13917654576102,32.13622434018123],[76.13640725169336,32.14044598269601],[76.13634296635485,32.140549084572626],[76.13395118160179,32.14163512296261],[76.13234937302519,32.14711243129375],[76.131056251345,32.15048679283126],[76.13092052476247,32.154122631354426],[76.13178044840902,32.15632541998218],[76.13572696133025,32.15627717135442],[76.1373403127053,32.15472973399011],[76.13964356369956,32.151486945066495],[76.14152394627314,32.14966059376144],[76.14358084687865,32.15080752794512],[76.14401125071868,32.15431460423565],[76.142722017707,32.15605330131888],[76.14254783881177,32.15632205561843],[76.1380332277513,32.161024003554985],[76.13496885622777,32.1619423003969],[76.13417629180248,32.162158992043885],[76.13165111780489,32.163899509354906],[76.13047556179782,32.16745994871769],[76.1238274746583,32.1660194560331],[76.12116934219142,32.16344377970671],[76.1198973329956,32.16075380674283],[76.11689236978708,32.159719427209836],[76.11506548878134,32.15858989670642],[76.1121342888664,32.15794379137293],[76.1099681925781,32.15763037404258],[76.10715604671424,32.15575296192969],[76.10395186298814,32.15307196419985],[76.10221972196268,32.15367060331573],[76.10216007532728,32.15592520008795],[76.09943513042697,32.155427197807],[76.09743510924295,32.15751439567288],[76.09651849323393,32.15821300882334],[76.09366880876854,32.15968561270091],[76.09192332090458,32.15865438169442],[76.0895633118974,32.15945090583466],[76.08575315238613,32.15850742617681],[76.07959387735559,32.163358686754066],[76.07550241440498,32.16305678883981],[76.0745957628842,32.16530335556547],[76.06888836840352,32.16673434781194],[76.06821503789376,32.16683082438311],[76.06376655668129,32.17250854483353],[76.06147283040684,32.171623379915104],[76.05869319323631,32.17244155883094],[76.05851421825662,32.173308603309465],[76.0553723926219,32.17534817218046],[76.05366560618285,32.17395264469883],[76.05130697673565,32.173208776763715],[76.05431369721941,32.17001943005272],[76.0573755209636,32.159725650518396],[76.06228222114765,32.15496516301192],[76.06860177515188,32.152918989519776],[76.07194319182491,32.150002891919996],[76.07797835052054,32.15024473850394],[76.08818846342689,32.14326592208471],[76.09203321176335,32.13782787455682],[76.08814459449752,32.13686482655055],[76.08583282062824,32.13263698770686],[76.08891999626087,32.126381364708266]]]}},{"type":"Feature","properties":{"blockName":"Shahpur","districtName":"Kangra","state":"Himachal Pradesh"},"geometry":{"type":"MultiPolygon","coordinates":[[[[76.1330591035948,32.22832652884625],[76.12830949968372,32.220892115878485],[76.13321471598641,32.21676513420363],[76.13402857006253,32.210943398119355],[76.13552436925431,32.21027570815744],[76.14095016621724,32.21529398183185],[76.14367187805476,32.21560035297398],[76.14508071909995,32.214708301047324],[76.14633014272198,32.207303771651766],[76.14106274694825,32.200167643122256],[76.14078872621877,32.196401584565535],[76.13800862679676,32.193446915942445],[76.13878103741501,32.19138198798839],[76.13437272711974,32.18732492770329],[76.13329757502311,32.179609244571054],[76.13950587209837,32.175864854279666],[76.14163071558511,32.1698513107894],[76.14108295021805,32.16853297481697],[76.13383014364626,32.168264108102164],[76.14078465588722,32.165468542139536],[76.14654047256482,32.159373047927886],[76.14687398614558,32.156627144327274],[76.14437836117247,32.154834712751835],[76.14254783881177,32.15632205561843],[76.142722017707,32.15605330131888],[76.14401125071868,32.15431460423565],[76.14358084687865,32.15080752794512],[76.14152394627314,32.14966059376144],[76.13964356369956,32.151486945066495],[76.1373403127053,32.15472973399011],[76.13572696133025,32.15627717135442],[76.13178044840902,32.15632541998218],[76.13092052476247,32.154122631354426],[76.131056251345,32.15048679283126],[76.13234937302519,32.14711243129375],[76.13395118160179,32.14163512296261],[76.13634296635485,32.140549084572626],[76.13640725169336,32.14044598269601],[76.13917654576102,32.13622434018123],[76.14373742424277,32.13284982036299],[76.14432056803986,32.13650186107208],[76.14976704761119,32.13620975677492],[76.15035216092355,32.136761517829825],[76.15122738743406,32.13823481778269],[76.15308288127,32.139940914441695],[76.15870021764101,32.144203814254695],[76.16055841124177,32.145213046944605],[76.16590615694366,32.14690313117461],[76.1669623306471,32.145536581648],[76.16827240544723,32.1407473068428],[76.16899194132509,32.13820930941216],[76.17070415697134,32.13298927103807],[76.17171712814303,32.12232241224956],[76.17038141097339,32.11872976007044],[76.17188041444962,32.11692226305206],[76.17631500923034,32.12072846015036],[76.18107923791655,32.125098256079696],[76.18286908034383,32.12582903528181],[76.18752418439362,32.13318849425366],[76.18914379864742,32.13793949121458],[76.19417597494134,32.140743280577965],[76.20216508974715,32.14491558358736],[76.20608152574187,32.146490719171425],[76.21458095364812,32.14133562264095],[76.2164262033067,32.139841873004116],[76.21874986531407,32.138893850870545],[76.23042904956105,32.14041715762579],[76.23797943909989,32.14380962881137],[76.24210745859239,32.14325609069607],[76.25232158787105,32.13794133122752],[76.25376150858682,32.13627288468592],[76.25527263312557,32.13621153743253],[76.25693092991855,32.137628869876494],[76.2606131707613,32.14515653264789],[76.26770507063259,32.14921932161445],[76.26888373559598,32.153708001623045],[76.26781109800385,32.157523916795355],[76.27193748972343,32.1605455336495],[76.27418230007316,32.16029838286414],[76.27516225263588,32.15930769239611],[76.27988802631143,32.16684846638367],[76.28090093363124,32.176909039120915],[76.27856563979248,32.17828861802536],[76.27067119571916,32.1765325496375],[76.26522902300104,32.17455746665382],[76.26365365719056,32.17389431557024],[76.26036969820308,32.172580610207035],[76.25514710395572,32.17135287013889],[76.25392647662568,32.17154815971986],[76.25467568203715,32.17382268187134],[76.25612031520046,32.17679034389931],[76.25742632866218,32.18190261111664],[76.2579149690007,32.18615466780375],[76.26254347919826,32.19116337628884],[76.26307827544213,32.195245297432564],[76.26602786199629,32.198210771410004],[76.26724434704903,32.20450942966647],[76.26803436459431,32.20646343703805],[76.27209259219944,32.208498470627944],[76.27278993011123,32.21225463934019],[76.27192513573647,32.215580248629635],[76.26950627419524,32.21825655189838],[76.27137065693034,32.22109806782163],[76.2714780458752,32.22418020455285],[76.2681422805419,32.22329357553815],[76.26888363667058,32.22598551711798],[76.26576235604796,32.231214176393166],[76.26178472658393,32.233603804572],[76.25826839896752,32.235602832904476],[76.255758329983,32.23566411360798],[76.2522192576127,32.23490482319909],[76.24933363174176,32.23375073041194],[76.24333331458087,32.23013507717212],[76.23709690919509,32.22958837660235],[76.2369501344412,32.234029299013],[76.23935278480326,32.2372228482559],[76.24268650957481,32.24292355537784],[76.24695432058547,32.24843363680293],[76.24740372530175,32.2504905401064],[76.24401096183647,32.25207317513696],[76.23354679135139,32.25107803212552],[76.232395188787,32.25311111688461],[76.22735960496186,32.25448106944583],[76.22592044237456,32.2518078994151],[76.20704382461287,32.245527070218145],[76.20684610416441,32.237930421351905],[76.20230468341447,32.23617437364845],[76.19546457932694,32.23784604875618],[76.18861016702567,32.243637950730886],[76.18565353518255,32.23702768817731],[76.18304706606932,32.23653264016929],[76.18423500034504,32.23237199956816],[76.18173200003184,32.22737500025613],[76.17685700005057,32.22494499971202],[76.17332499994882,32.22483099985084],[76.17275199960517,32.23064000063556],[76.1692492796306,32.23604952166812],[76.16861699957491,32.237026000149854],[76.1664896874492,32.235503304933616],[76.1594620000713,32.23047300012888],[76.14373799980888,32.22543699991769],[76.1330591035948,32.22832652884625]]],[[[76.2238117722955,32.3954593941358],[76.22016899999943,32.39384799968548],[76.21139500007922,32.378902000227185],[76.20578000014694,32.37398900029217],[76.17729200032562,32.3569830002653],[76.16646600020579,32.353789999608864],[76.16970800042395,32.35098999998854],[76.17349199955618,32.340267000122026],[76.16834300042916,32.326453999852276],[76.16510613174262,32.32216161936327],[76.16787344370454,32.314991047698754],[76.1704540537117,32.315585260351554],[76.17725087522774,32.32378793086838],[76.18351103800404,32.32748512294012],[76.19042723912582,32.32832470482134],[76.19088756880632,32.33108650663701],[76.1950329775899,32.326089156589376],[76.19330164865221,32.324996952447464],[76.19666277037061,32.319543439278334],[76.19493694168659,32.31748843983968],[76.20541475668574,32.307146176055255],[76.20491492698233,32.298639925891905],[76.20831061234492,32.30324059487759],[76.21215229399326,32.303558579864614],[76.21374190686356,32.29971477491699],[76.21774450420554,32.30027341758421],[76.21834643933676,32.30182060133973],[76.22142188511197,32.30138084904701],[76.22698193286999,32.295175283212814],[76.22505419919202,32.29155823962111],[76.23381907369134,32.29420454600307],[76.23975584295783,32.29102844540648],[76.24239665987801,32.29566984468761],[76.24213700401958,32.29894427535805],[76.2450837747964,32.30175736640939],[76.24702759554714,32.30262610071401],[76.24705916714692,32.30290078784111],[76.24356086464223,32.314562160115656],[76.2438041681279,32.31799976108016],[76.24633076035639,32.31918636885587],[76.25062131971816,32.322954253036414],[76.25149949330705,32.325641221365345],[76.25680523527342,32.32844420313751],[76.25868890486913,32.33371087855426],[76.26172897221437,32.3377363744342],[76.26434479157894,32.34054278801932],[76.27046478692046,32.347828568233865],[76.27066312790112,32.35218219615149],[76.26897376402803,32.35795385168893],[76.27001181729162,32.36271593099548],[76.27224139762245,32.375130713911346],[76.26660199998236,32.37370700077753],[76.26174900011631,32.37968400031639],[76.25947599961773,32.39300899966565],[76.2547300001894,32.39431799977592],[76.24271400005114,32.39347499957165],[76.2238117722955,32.3954593941358]]]]}},{"type":"Feature","properties":{"blockName":"Dharmsala","districtName":"Kangra","state":"Himachal Pradesh"},"geometry":{"type":"Polygon","coordinates":[[[76.46824353660998,32.248075721017756],[76.46376800019311,32.24872600010485],[76.45841199961416,32.25514200010326],[76.449637999694,32.26202400000767],[76.44047499982145,32.26568599980908],[76.43286899980455,32.263145000441455],[76.4245219997905,32.26448800032102],[76.4196780003395,32.279915000377],[76.40714299964975,32.28278000029684],[76.37908199973458,32.29720299991857],[76.37331399994122,32.302352999991],[76.35963861932686,32.32222856759438],[76.35582700021592,32.326641000381926],[76.33863100042038,32.326218000660276],[76.32542400021748,32.33578100009311],[76.30915800014162,32.34020600000696],[76.3018949997545,32.33770000045473],[76.2948989999889,32.34013400028391],[76.28401900007685,32.367915999923525],[76.27546699960243,32.37431299994506],[76.27224139762245,32.375130713911346],[76.27001181729162,32.36271593099548],[76.26897376402803,32.35795385168893],[76.27066312790112,32.35218219615149],[76.27046478692046,32.347828568233865],[76.26434479157894,32.34054278801932],[76.26172897221437,32.3377363744342],[76.25868890486913,32.33371087855426],[76.25680523527342,32.32844420313751],[76.25149949330705,32.325641221365345],[76.25062131971816,32.322954253036414],[76.24633076035639,32.31918636885587],[76.2438041681279,32.31799976108016],[76.24356086464223,32.314562160115656],[76.24705916714692,32.30290078784111],[76.24702759554714,32.30262610071401],[76.24653032981092,32.29829973394561],[76.24735838238348,32.29266639773613],[76.24709589276131,32.289675873143096],[76.24946817391714,32.285923032821756],[76.25525976562574,32.287882295831366],[76.26390097255188,32.28586705901762],[76.2725070636501,32.28767929726183],[76.2764466850665,32.28283166365043],[76.28022106505017,32.28369373757596],[76.28576432606286,32.28182127533165],[76.30177911221631,32.2805428665601],[76.3030029708105,32.275138764842154],[76.30641670916384,32.286390186557924],[76.30989455478993,32.28779216757454],[76.30862980672026,32.27991796094517],[76.31099182211494,32.27355474395631],[76.30486711072865,32.269752264655324],[76.3005134972002,32.2680979410672],[76.29971278221916,32.26921709339422],[76.29783274768323,32.2645411286702],[76.29471940717497,32.263017617768924],[76.28589101715676,32.25986810293068],[76.28728275489527,32.26509001998846],[76.28069200313348,32.265280242789004],[76.28052213828613,32.266392267988806],[76.2740908597055,32.26503845915761],[76.26524865520133,32.268532168824606],[76.26081256215008,32.26775862685918],[76.26069071210674,32.264901144372345],[76.25818928380846,32.26324048056375],[76.25416655064583,32.2579101781123],[76.24801410596626,32.24988206510528],[76.24695432058547,32.24843363680293],[76.24268650957481,32.24292355537784],[76.23935278480326,32.2372228482559],[76.2369501344412,32.234029299013],[76.23709690919509,32.22958837660235],[76.24333331458087,32.23013507717212],[76.24933363174176,32.23375073041194],[76.2522192576127,32.23490482319909],[76.255758329983,32.23566411360798],[76.25826839896752,32.235602832904476],[76.26178472658393,32.233603804572],[76.26576235604796,32.231214176393166],[76.26888363667058,32.22598551711798],[76.2681422805419,32.22329357553815],[76.2714780458752,32.22418020455285],[76.27137065693034,32.22109806782163],[76.26950627419524,32.21825655189838],[76.27192513573647,32.215580248629635],[76.27278993011123,32.21225463934019],[76.27209259219944,32.208498470627944],[76.26803436459431,32.20646343703805],[76.26724434704903,32.20450942966647],[76.26602786199629,32.198210771410004],[76.26307827544213,32.195245297432564],[76.26254347919826,32.19116337628884],[76.2579149690007,32.18615466780375],[76.25742632866218,32.18190261111664],[76.25612031520046,32.17679034389931],[76.25467568203715,32.17382268187134],[76.25392647662568,32.17154815971986],[76.25514710395572,32.17135287013889],[76.26036969820308,32.172580610207035],[76.26365365719056,32.17389431557024],[76.26522902300104,32.17455746665382],[76.27067119571916,32.1765325496375],[76.27856563979248,32.17828861802536],[76.28090093363124,32.176909039120915],[76.27988802631143,32.16684846638367],[76.27516225263588,32.15930769239611],[76.27761849359865,32.15583353219182],[76.28311319122088,32.15473789263967],[76.28624926389244,32.15208075842031],[76.29747262945835,32.15054192127269],[76.29677305403328,32.14753619004318],[76.29893274714863,32.145955410314],[76.3043253303498,32.1449632962192],[76.31129156075696,32.14122174958413],[76.3133501350008,32.14097466085195],[76.31706425321278,32.145982914280125],[76.31921928064537,32.14656967425111],[76.32294764951445,32.14365747970896],[76.33279538689766,32.14199034168098],[76.34001069443804,32.138843267602795],[76.34588680263391,32.141185215525354],[76.34695257929815,32.14852399908335],[76.35979293039946,32.163180007651306],[76.37825457398947,32.16801160994788],[76.3796465977124,32.16483488072521],[76.37527872903019,32.15820211713407],[76.37443497159671,32.15075552464782],[76.3775382405974,32.144856434277074],[76.38404936728455,32.144408555710356],[76.39236533169475,32.152043271979494],[76.39844792962833,32.15341032872374],[76.40079828261469,32.15150535059149],[76.40165745173005,32.14660271084648],[76.39348655965705,32.14022113599668],[76.38936971693892,32.13464020867872],[76.39401917684359,32.13680317982295],[76.39994048046884,32.136358207865044],[76.40427167569732,32.1398699192614],[76.41040318415969,32.14086394621421],[76.41473259063662,32.13549724640086],[76.4189374482047,32.13779492159841],[76.42061235727454,32.1404982261123],[76.42516304014225,32.14181921778271],[76.42873215256685,32.14414100920027],[76.43074447917445,32.14620835093467],[76.43761231295792,32.15196537630112],[76.44094910801499,32.15281648659163],[76.44792277761417,32.154302829412075],[76.44829164804116,32.15707603013476],[76.44831559968526,32.16043837672976],[76.44758468468552,32.17243342626165],[76.44915219671657,32.17627214824108],[76.4551348763735,32.18002905439738],[76.4540201136374,32.18536956505346],[76.45483695975793,32.18728791970176],[76.46439681785893,32.19825885006594],[76.46678373458172,32.201397492100625],[76.47199408186145,32.20186022297099],[76.47122416506323,32.206585263699026],[76.47008402975422,32.21080962576366],[76.4700824739271,32.21556232514126],[76.47124130883941,32.22051629728935],[76.47067768302873,32.22470104331853],[76.46941056794338,32.227464696838354],[76.46653698309535,32.23629352572567],[76.46639834001144,32.24157960041828],[76.46824353660998,32.248075721017756]]]}},{"type":"Feature","properties":{"blockName":"Kangra","districtName":"Kangra","state":"Himachal Pradesh"},"geometry":{"type":"Polygon","coordinates":[[[76.25312942458334,31.965423001770148],[76.25422605338969,31.974457850049816],[76.25729700435335,31.973429826025722],[76.2597200090712,31.974590007223128],[76.2534244076104,31.9807207089936],[76.25414450916185,31.989831472644426],[76.25619227085667,31.994059608264365],[76.26182563134785,31.997904565243516],[76.26396004631914,32.00397564915693],[76.26019058472775,32.00868648419396],[76.25339613922051,32.01047075442182],[76.25279743085679,32.01249154544854],[76.2567499026859,32.01356632972238],[76.25999293982238,32.018571809641344],[76.26506636532054,32.02053424006317],[76.26485265762409,32.02628676162482],[76.2701536907403,32.03087305404824],[76.28076725660367,32.03266846148034],[76.28606668443001,32.0367960295132],[76.29070951543184,32.038015104613464],[76.29258494004301,32.04722427298185],[76.29817073359254,32.051109531279906],[76.30131666822973,32.05703897556833],[76.30215591826106,32.06854135040305],[76.29722277171362,32.075861696060485],[76.29295558663108,32.07670845453163],[76.29115009060428,32.08138674760039],[76.29391381606979,32.08667053801497],[76.2976910298172,32.08869208537152],[76.30329219637781,32.08506598920411],[76.30556068317907,32.09290888054045],[76.29904490160101,32.09590849008481],[76.30208147867734,32.098030080723674],[76.30597449003074,32.09976659785025],[76.31416169310774,32.099542600110965],[76.32350616267934,32.10270988555283],[76.33430250585604,32.11110262508612],[76.33558346600421,32.113026697624036],[76.33408482045814,32.11566389926958],[76.33726892322227,32.11990343109852],[76.33844487762906,32.127961398000195],[76.33599119883479,32.13277875683423],[76.34065231395317,32.1304930633043],[76.34261529565941,32.130972945145345],[76.3437884567719,32.13398218283152],[76.34322359259477,32.1361776437833],[76.33525001087935,32.13931852782787],[76.33279538689766,32.14199034168098],[76.32294764951445,32.14365747970896],[76.31921928064537,32.14656967425111],[76.31706425321278,32.145982914280125],[76.3133501350008,32.14097466085195],[76.31129156075696,32.14122174958413],[76.3043253303498,32.1449632962192],[76.29893274714863,32.145955410314],[76.29677305403328,32.14753619004318],[76.29747262945835,32.15054192127269],[76.28624926389244,32.15208075842031],[76.28311319122088,32.15473789263967],[76.27761849359865,32.15583353219182],[76.27516225263588,32.15930769239611],[76.27418230007316,32.16029838286414],[76.27193748972343,32.1605455336495],[76.26781109800385,32.157523916795355],[76.26888373559598,32.153708001623045],[76.26770507063259,32.14921932161445],[76.2606131707613,32.14515653264789],[76.25693092991855,32.137628869876494],[76.25527263312557,32.13621153743253],[76.25376150858682,32.13627288468592],[76.25232158787105,32.13794133122752],[76.24210745859239,32.14325609069607],[76.23797943909989,32.14380962881137],[76.23042904956105,32.14041715762579],[76.21874986531407,32.138893850870545],[76.2164262033067,32.139841873004116],[76.21458095364812,32.14133562264095],[76.20608152574187,32.146490719171425],[76.20216508974715,32.14491558358736],[76.19417597494134,32.140743280577965],[76.18914379864742,32.13793949121458],[76.18752418439362,32.13318849425366],[76.18286908034383,32.12582903528181],[76.18107923791655,32.125098256079696],[76.17631500923034,32.12072846015036],[76.17188041444962,32.11692226305206],[76.1759837889208,32.11698028820979],[76.18572744326696,32.11241054241265],[76.18859710347363,32.109359705685904],[76.19521658947406,32.09288736875709],[76.19393366880382,32.08770479254218],[76.18468375754941,32.08737461184893],[76.18244559408896,32.084137521029845],[76.18994530323323,32.07198963351482],[76.17864277844154,32.06787857343744],[76.18016090779969,32.06603231384025],[76.18277603288766,32.0624760851033],[76.18388831979019,32.05381898355927],[76.18678079219984,32.04927601957269],[76.1853552507443,32.04550986928507],[76.18607980483915,32.04393661418345],[76.18762444081534,32.042890395075744],[76.18845205631737,32.03605104012348],[76.19081102121174,32.03270704779209],[76.19351119068898,32.03118313489381],[76.19408916878018,32.03055661319718],[76.1967911845656,32.027156147038625],[76.19516643158562,32.02457828086301],[76.19305645119431,32.02060788284757],[76.19941510862043,32.023892752848326],[76.20325875708602,32.02115753229435],[76.2042725682245,32.018100081053944],[76.20651318863281,32.01554748312992],[76.20829493626235,32.012010018747446],[76.20830906191372,32.007550288814855],[76.20954455593659,32.00630701295836],[76.21353913402385,32.00887390110972],[76.21575741167527,32.01340423861478],[76.21691102242579,32.01316348290845],[76.21853241823658,32.01216431543088],[76.2254742023726,32.007523007880536],[76.22902961542445,32.00254620374437],[76.23323019671625,31.9941193754089],[76.23334162811369,31.993546638566556],[76.2340577339773,31.989865802464863],[76.2348851929973,31.985612221426948],[76.23641381024919,31.98392718778956],[76.24146376074401,31.977342609873574],[76.24732330252846,31.966717047054146],[76.2526054193047,31.96314332560405],[76.25312942458334,31.965423001770148]]]}},{"type":"Feature","properties":{"blockName":"Nagrota Bagwan","districtName":"Kangra","state":"Himachal Pradesh"},"geometry":{"type":"Polygon","coordinates":[[[76.4189374482047,32.13779492159841],[76.41473259063662,32.13549724640086],[76.41040318415969,32.14086394621421],[76.40427167569732,32.1398699192614],[76.39994048046884,32.136358207865044],[76.39401917684359,32.13680317982295],[76.38936971693892,32.13464020867872],[76.39348655965705,32.14022113599668],[76.40165745173005,32.14660271084648],[76.40079828261469,32.15150535059149],[76.39844792962833,32.15341032872374],[76.39236533169475,32.152043271979494],[76.38404936728455,32.144408555710356],[76.3775382405974,32.144856434277074],[76.37443497159671,32.15075552464782],[76.37527872903019,32.15820211713407],[76.3796465977124,32.16483488072521],[76.37825457398947,32.16801160994788],[76.35979293039946,32.163180007651306],[76.34695257929815,32.14852399908335],[76.34588680263391,32.141185215525354],[76.34001069443804,32.138843267602795],[76.33279538689766,32.14199034168098],[76.33525001087935,32.13931852782787],[76.34322359259477,32.1361776437833],[76.3437884567719,32.13398218283152],[76.34261529565941,32.130972945145345],[76.34065231395317,32.1304930633043],[76.33599119883479,32.13277875683423],[76.33844487762906,32.127961398000195],[76.33726892322227,32.11990343109852],[76.33408482045814,32.11566389926958],[76.33558346600421,32.113026697624036],[76.33430250585604,32.11110262508612],[76.32350616267934,32.10270988555283],[76.31416169310774,32.099542600110965],[76.30597449003074,32.09976659785025],[76.30208147867734,32.098030080723674],[76.29904490160101,32.09590849008481],[76.30556068317907,32.09290888054045],[76.30329219637781,32.08506598920411],[76.2976910298172,32.08869208537152],[76.29391381606979,32.08667053801497],[76.29115009060428,32.08138674760039],[76.29295558663108,32.07670845453163],[76.29722277171362,32.075861696060485],[76.30215591826106,32.06854135040305],[76.30277917002275,32.06979199440508],[76.31522413238787,32.07248674546696],[76.31718658259479,32.05823475283165],[76.32041383213272,32.05290605027403],[76.32416995857676,32.05343413757544],[76.32970717434665,32.05182803383673],[76.34385195700224,32.053966025411796],[76.34550749917179,32.05627377841222],[76.35505542326922,32.061268596868274],[76.3619157018482,32.053323944544445],[76.36134068972109,32.05116609054272],[76.35538784057644,32.04739614691471],[76.35754753998702,32.03622274138644],[76.35466148873678,32.02761505489093],[76.350066323602,32.02466212735533],[76.34799717153231,32.020498374200656],[76.35084738659765,32.01994691891525],[76.35361191335915,32.02206546265103],[76.36290236065548,32.024777356589766],[76.37453447528588,32.0284562501559],[76.37666955755407,32.03263486280872],[76.38414126990375,32.03861158085982],[76.39172563762816,32.038114122668674],[76.39585041506467,32.04167538041452],[76.39576175989737,32.044772476468665],[76.40276679695017,32.05664806815389],[76.40294161796135,32.062466468652644],[76.39910178441988,32.072404671538436],[76.4035079192551,32.079592509286954],[76.41064718102263,32.08070303711554],[76.41441697176589,32.07551076171234],[76.42181766375421,32.074299721155285],[76.42428181515368,32.077174981440294],[76.42506475143716,32.08470981810365],[76.42505880691846,32.09199386172736],[76.42572889896957,32.09559535604092],[76.42485760789236,32.1028788771585],[76.43677893639887,32.10621689799149],[76.44040170507469,32.110659317773354],[76.443938730588,32.11126305604523],[76.44491011890693,32.113596711319246],[76.44242611497327,32.12593912399143],[76.43712995168596,32.13556823528586],[76.43433466271455,32.13630558763282],[76.43222107784055,32.13675443027279],[76.4271136570697,32.13511735658079],[76.4189374482047,32.13779492159841]]]}},{"type":"Feature","properties":{"blockName":"Baroh","districtName":"Kangra","state":"Himachal Pradesh"},"geometry":{"type":"Polygon","coordinates":[[[76.27648277126292,31.94057414098387],[76.28081063810055,31.942983354598198],[76.28349331396532,31.943461804718538],[76.28600938682382,31.94498766824637],[76.28725415105828,31.94819263887922],[76.28957825643147,31.94932122059788],[76.29179180185025,31.94991105355234],[76.2953984537757,31.9528382406923],[76.29723169478694,31.95468629443701],[76.30279809085926,31.957579013260897],[76.30529707210223,31.957591895149903],[76.30714227139879,31.95751981808519],[76.31135444944834,31.957139105385465],[76.31433007587236,31.956820294820773],[76.3157147332484,31.956822312000156],[76.31825265243799,31.957140759238712],[76.32235987690683,31.957461360353534],[76.3244823596732,31.957818449661772],[76.32642680455342,31.958512282016272],[76.32997242938416,31.95916377338949],[76.33681773964702,31.957653028364632],[76.33920460690712,31.95866426834135],[76.34233919299942,31.961029116600514],[76.35279504565489,31.96208651877788],[76.3548893760439,31.962634683443923],[76.35611095755468,31.963032985983546],[76.36012564897959,31.963781682378794],[76.36409463955601,31.96430658967745],[76.3688535073835,31.965378645408236],[76.37315921042926,31.96627607078409],[76.37592536856096,31.965947560131838],[76.3810058366501,31.966187313993373],[76.39161751123919,31.96702425456573],[76.39362332405722,31.967246600250462],[76.40051394486272,31.96619058752566],[76.40644748106644,31.971180641373564],[76.41073087013359,31.971111413361086],[76.41327956859726,31.9748554295345],[76.4196854161491,31.975235774411487],[76.42097107345631,31.978045886008886],[76.42384977814481,31.9787580438487],[76.41404583774528,31.99802345651733],[76.40636122618969,32.008532595802706],[76.39320658811363,32.01234031455391],[76.37949949830323,32.010736525670154],[76.36706610841424,32.012640272630506],[76.366530333708,32.015531376272065],[76.36853157077542,32.01727543331464],[76.36366541922376,32.01920733355166],[76.36290236065548,32.024777356589766],[76.35361191335915,32.02206546265103],[76.35084738659765,32.01994691891525],[76.34799717153231,32.020498374200656],[76.350066323602,32.02466212735533],[76.35466148873678,32.02761505489093],[76.35754753998702,32.03622274138644],[76.35538784057644,32.04739614691471],[76.36134068972109,32.05116609054272],[76.3619157018482,32.053323944544445],[76.35505542326922,32.061268596868274],[76.34550749917179,32.05627377841222],[76.34385195700224,32.053966025411796],[76.32970717434665,32.05182803383673],[76.32416995857676,32.05343413757544],[76.32041383213272,32.05290605027403],[76.31718658259479,32.05823475283165],[76.31522413238787,32.07248674546696],[76.30277917002275,32.06979199440508],[76.30215591826106,32.06854135040305],[76.30131666822973,32.05703897556833],[76.29817073359254,32.051109531279906],[76.29258494004301,32.04722427298185],[76.29070951543184,32.038015104613464],[76.28606668443001,32.0367960295132],[76.28076725660367,32.03266846148034],[76.2701536907403,32.03087305404824],[76.26485265762409,32.02628676162482],[76.26506636532054,32.02053424006317],[76.25999293982238,32.018571809641344],[76.2567499026859,32.01356632972238],[76.25279743085679,32.01249154544854],[76.25339613922051,32.01047075442182],[76.26019058472775,32.00868648419396],[76.26396004631914,32.00397564915693],[76.26182563134785,31.997904565243516],[76.25619227085667,31.994059608264365],[76.25414450916185,31.989831472644426],[76.2534244076104,31.9807207089936],[76.2597200090712,31.974590007223128],[76.25729700435335,31.973429826025722],[76.25422605338969,31.974457850049816],[76.25312942458334,31.965423001770148],[76.25427636056565,31.96191444789349],[76.26605460333735,31.94652597389461],[76.26523659978932,31.941464326817254],[76.26856192489299,31.940660806850815],[76.27461205550202,31.941886120548077],[76.27648277126292,31.94057414098387]]]}},{"type":"Feature","properties":{"blockName":"Jawalamukhi","districtName":"Kangra","state":"Himachal Pradesh"},"geometry":{"type":"MultiPolygon","coordinates":[[[[76.31636634153347,31.888562811824386],[76.31688916600228,31.891834728889705],[76.30803382600033,31.899261985951966],[76.31015319081718,31.901823075274763],[76.30118035169193,31.898124385831807],[76.3021599445259,31.895482316156006],[76.30084756836067,31.89469948869049],[76.30432383207926,31.888480103873746],[76.30858543866714,31.8874863808918],[76.31636634153347,31.888562811824386]]],[[[76.31636634153347,31.888562811824386],[76.31345513354762,31.885611292627118],[76.31000607791822,31.884527008814473],[76.30826752382723,31.885606077458533],[76.30671726259163,31.880653296912158],[76.3075545835772,31.87817138030499],[76.30021736753753,31.873238194187365],[76.30002862681971,31.869649226530612],[76.29181977616179,31.862323948991104],[76.29088517461116,31.865531052815868],[76.28966922105775,31.86359001636623],[76.2850710710731,31.864780622527746],[76.28452006365006,31.86665466488091],[76.28290535429869,31.865205303981668],[76.27989380265694,31.867380040956164],[76.27184777785271,31.85941440924762],[76.26881919485004,31.864779718709087],[76.26359896941699,31.868007035696166],[76.25401453374377,31.8678213355862],[76.25110615142779,31.870562043803318],[76.24830339898273,31.866755267541635],[76.25068163634847,31.858811810416796],[76.2469837212218,31.85785272662207],[76.24527151187084,31.853739343595862],[76.25142184853951,31.847435137421712],[76.2519992870375,31.846874446998186],[76.25375684200469,31.846141791810282],[76.25685577987042,31.843422190681622],[76.25808671073315,31.84206241934521],[76.26076806009797,31.83934307092602],[76.26382642774752,31.837367923191152],[76.2721418111957,31.835269979326142],[76.27412298888487,31.833964655644422],[76.27580530836832,31.832787450280648],[76.27833324868055,31.830352116756842],[76.28224555588776,31.828160519292567],[76.28669261886932,31.826881982817326],[76.29047262681036,31.82521803198665],[76.30083548686827,31.80880423013116],[76.30404251784796,31.79797208404449],[76.30458799983637,31.787526999871204],[76.30867799959009,31.780100000015068],[76.31440700028287,31.77808999995358],[76.3213419999334,31.778894000158004],[76.33819047740866,31.784549796935607],[76.35264600011288,31.79342100007915],[76.36273200028165,31.786051000153577],[76.37005599988453,31.77759200037059],[76.38232399995269,31.780930000519163],[76.39922300044117,31.7975710008011],[76.40457768800997,31.79379217726722],[76.39848860416583,31.799288072786396],[76.40179344541122,31.799915329229123],[76.40307421939974,31.79983620687551],[76.40173554346063,31.80173768754429],[76.40165035068321,31.801849020915654],[76.40092989839616,31.802790531058236],[76.39405749425799,31.80655150574745],[76.38924393595892,31.80981401770282],[76.38767256493696,31.811420760859505],[76.38650180411503,31.81386053973216],[76.3832526363002,31.8187839502192],[76.37657631584437,31.827059818355963],[76.37376339296628,31.828513128178372],[76.36906973228236,31.831245646269622],[76.3670886499213,31.835740668297262],[76.36591318564507,31.83869192039589],[76.36434212488922,31.843571211941935],[76.36294133277636,31.847428882636848],[76.36155516993523,31.850421377644523],[76.35819809156874,31.855986755684285],[76.35737648353796,31.856343576095185],[76.35512715859153,31.85857722765701],[76.35077524298316,31.869899102261797],[76.34458968346718,31.875938925740854],[76.33846827798868,31.886071616911636],[76.33499881944005,31.886968848933293],[76.33304546227833,31.884162641292903],[76.33417130376273,31.879951168311834],[76.33060915568802,31.887207189959895],[76.32957558914217,31.885699419892376],[76.31740877089811,31.885486042247123],[76.31636634153347,31.888562811824386]]],[[[76.30139839951659,31.87853464795569],[76.30584187869982,31.88059154946052],[76.29908821564868,31.887960777767717],[76.29306984729567,31.88621957157602],[76.29507475719436,31.883432336932856],[76.2907196714757,31.87797365176266],[76.2907648201404,31.87585798405877],[76.29395709864127,31.869003450349],[76.29622972682051,31.8686754478137],[76.29616867364541,31.86966025401756],[76.29245901337282,31.874371982081357],[76.29235267933274,31.876962268793704],[76.29472251972857,31.87813268157805],[76.29828704291276,31.875866265016157],[76.30139839951659,31.87853464795569]]]]}},{"type":"Feature","properties":{"blockName":"Jaswan","districtName":"Kangra","state":"Himachal Pradesh"},"geometry":{"type":"Polygon","coordinates":[[[76.06081131069351,31.84914115583973],[76.0638440089939,31.84946487670277],[76.07028618915638,31.853789237083674],[76.07178337240475,31.85081527620406],[76.0752780893124,31.849858813933167],[76.07684461838448,31.850757736680237],[76.07683781591254,31.852247219933304],[76.07322746327685,31.853799138619422],[76.0748556219894,31.856487589031076],[76.07281760175096,31.863479269352865],[76.06833999599405,31.86531132775565],[76.06788594897745,31.86306341474483],[76.06514323077556,31.864595694036097],[76.06215400930017,31.86366046206075],[76.06128124963004,31.873567905434527],[76.06540991933235,31.873758267630024],[76.0674152429192,31.882635317266136],[76.05787499633408,31.877007405767188],[76.05046406466494,31.87464220227588],[76.04854650861455,31.88075632234643],[76.0437606251528,31.881642227406928],[76.0483573910808,31.886108580846383],[76.04760044430509,31.892193784115875],[76.04318107504662,31.89431067939438],[76.03386949458155,31.89143025430286],[76.0326810171153,31.898124479361286],[76.02356186638707,31.90639592103497],[76.02661109962258,31.909244693587766],[76.02616893894543,31.916375281394153],[76.02954891944711,31.919309399609176],[76.0378572692976,31.922632657171448],[76.04107838455985,31.926466282692843],[76.03819502408118,31.937635779767447],[76.03874915484965,31.93943714880544],[76.03888850570002,31.941702819829345],[76.03972437967644,31.947201505045484],[76.03980053966325,31.947420750767094],[76.03942440990863,31.947472799929812],[76.03155582314275,31.951243134762933],[76.02912202116443,31.95208149086818],[76.02547244459771,31.953103563178956],[76.01905751569183,31.954962442063106],[76.0119787063523,31.957006746764023],[76.0103161458735,31.95813015288428],[76.00465444234868,31.96356891717187],[76.00109931168396,31.96741516198017],[75.99772747634199,31.968119576657216],[75.99093063234284,31.968692898058862],[75.98706849201733,31.96801830130363],[75.98198775772892,31.96799767265452],[75.97869321821753,31.968662977614372],[75.9735904820152,31.969644557050742],[75.96712048402316,31.96972896831727],[75.96014627842806,31.966635896729315],[75.95419956805569,31.966666173305327],[75.94287594157151,31.97710449817413],[75.93379808501368,31.973321952346282],[75.93137925404938,31.970725496284672],[75.92853985962688,31.962150477662476],[75.9071926081524,31.950352963318664],[75.90942399971789,31.948729999989553],[75.91080499955115,31.93916300037222],[75.91759499970954,31.926794000143047],[75.92749800043242,31.915426000209777],[75.93389154256067,31.90266438475362],[75.9370624711562,31.89633369714244],[75.94094800015012,31.88857500033606],[75.94619800033752,31.88260500022062],[75.95897699968884,31.856227999722478],[75.97010800038396,31.85331500028707],[75.97929400041784,31.84924700064863],[75.98974600037769,31.849627000185933],[75.99599251324395,31.850468776412924],[76.00003099983081,31.851013000249793],[76.0086059995673,31.863107999534577],[76.03813199959217,31.8639300005691],[76.04750800029404,31.86155099967897],[76.06081131069351,31.84914115583973]]]}},{"type":"Feature","properties":{"blockName":"Rakkar","districtName":"Kangra","state":"Himachal Pradesh"},"geometry":{"type":"Polygon","coordinates":[[[76.30458799983637,31.787526999871204],[76.30404251784796,31.79797208404449],[76.30083548686827,31.80880423013116],[76.29047262681036,31.82521803198665],[76.28669261886932,31.826881982817326],[76.28224555588776,31.828160519292567],[76.27833324868055,31.830352116756842],[76.27067450792225,31.82338554190926],[76.27041558860856,31.81509465689294],[76.26808436330276,31.81086372977734],[76.26483090841975,31.80966255388381],[76.26313882319818,31.815261122303014],[76.25980418561471,31.819975538440417],[76.25752458679028,31.820809981595403],[76.25575933272705,31.817987276791428],[76.25710973762438,31.81569410090208],[76.25656743833667,31.807509783749595],[76.26319690681186,31.807285339047212],[76.25897291436854,31.799623629626865],[76.2337375591411,31.79116721989135],[76.22847614925496,31.793976263993443],[76.22452584659061,31.79960210795099],[76.22042390114217,31.793784283917603],[76.21567653294568,31.79054056059846],[76.21368941343576,31.792623742092076],[76.21265231974883,31.789737233086896],[76.20706621773184,31.78581650462803],[76.20390512232359,31.781165568935933],[76.20018380683729,31.77966096268335],[76.20027186935135,31.77261970543509],[76.20378099969344,31.772905000065748],[76.20925100013363,31.768419000036886],[76.20997600029222,31.76326399973385],[76.22392999986965,31.742666000435634],[76.2541091073495,31.716414093835397],[76.26749409597579,31.70801047610263],[76.27357395727239,31.703601755716477],[76.27922100004918,31.69864300007447],[76.2844540003519,31.69081499971253],[76.28706352624815,31.688700583844422],[76.28963500005528,31.686617000374326],[76.2946850000128,31.691225000633324],[76.31388100030796,31.721735000170156],[76.31955700035536,31.73127000011044],[76.31613199979199,31.733796999731794],[76.31587200039257,31.739908000054186],[76.31264499996684,31.742496000689925],[76.3104929996523,31.748250999883794],[76.31145499994835,31.756145000591346],[76.30796099980034,31.757813000169847],[76.31282800031204,31.768587000589662],[76.30281099972791,31.776184000191506],[76.30128500040252,31.787924000192504],[76.30458799983637,31.787526999871204]]]}},{"type":"Feature","properties":{"blockName":"Khundian","districtName":"Kangra","state":"Himachal Pradesh"},"geometry":{"type":"Polygon","coordinates":[[[76.33499881944005,31.886968848933293],[76.33846827798868,31.886071616911636],[76.34458968346718,31.875938925740854],[76.35077524298316,31.869899102261797],[76.35512715859153,31.85857722765701],[76.35737648353796,31.856343576095185],[76.35819809156874,31.855986755684285],[76.36155516993523,31.850421377644523],[76.36294133277636,31.847428882636848],[76.37457718139189,31.849592405964813],[76.37270351225732,31.858404463395345],[76.37596724009609,31.860372165642957],[76.39127334788674,31.863396134224274],[76.39580143438872,31.85844129962635],[76.40084535582855,31.859013424030366],[76.40094373536516,31.852936263397908],[76.40471636257013,31.8502089272003],[76.41337713244877,31.847127081849408],[76.41949276877631,31.848420729633006],[76.4206983630391,31.84418381932784],[76.42481262110562,31.845591448086907],[76.42517079589555,31.849735360398597],[76.43059550198086,31.84632489557754],[76.43995794630223,31.846059145912932],[76.44931890044694,31.849622436126594],[76.44444036792868,31.850965463885075],[76.44529911706064,31.852380773753737],[76.44769282366491,31.853953934426556],[76.44873426107733,31.85825157505019],[76.45045308943861,31.85914314224226],[76.45340002209338,31.8600875473025],[76.45618943399523,31.86099990232367],[76.45788108574357,31.862324334800235],[76.4585857180565,31.863407724686795],[76.45337338957034,31.868925030365915],[76.45251782493773,31.870867359141357],[76.45438741924409,31.874348827236645],[76.45056092444719,31.886185441405075],[76.43838973999453,31.89428659914728],[76.43486614495669,31.90033252182849],[76.43013850788589,31.902131446509088],[76.41488392944984,31.923396197776356],[76.41109894106336,31.936990088122116],[76.41482354716902,31.937979131931456],[76.41252738373186,31.952488131921825],[76.4192098087857,31.95489546415439],[76.40739972461768,31.963192276602342],[76.41073087013359,31.971111413361086],[76.40644748106644,31.971180641373564],[76.40051394486272,31.96619058752566],[76.39362332405722,31.967246600250462],[76.39161751123919,31.96702425456573],[76.3810058366501,31.966187313993373],[76.37592536856096,31.965947560131838],[76.37315921042926,31.96627607078409],[76.3688535073835,31.965378645408236],[76.36409463955601,31.96430658967745],[76.3648532797551,31.960795806381384],[76.3687868514321,31.95713947500684],[76.36212752366635,31.954907454815213],[76.36303566986032,31.950716853300207],[76.36816740919863,31.948535959566925],[76.37003534335645,31.956356843593483],[76.37744933541853,31.956690228571233],[76.37714071776998,31.954168580815406],[76.38136460858988,31.94847409700202],[76.37845445640812,31.946287417030703],[76.3795704224371,31.941110530826393],[76.37826916638898,31.93959609858115],[76.37478163416512,31.941635430031113],[76.37297656801428,31.94054234635223],[76.37542481670198,31.93923481213693],[76.37489873668738,31.93689824126085],[76.3706922972118,31.93537173112054],[76.3690165805508,31.939411525321702],[76.36663954827657,31.940759193581982],[76.36292445789746,31.939374223241884],[76.36056482660553,31.940426036132692],[76.36013149097556,31.93528157678338],[76.35326030721745,31.933931369736968],[76.35535319689257,31.931014552679528],[76.34495427312129,31.93028237862893],[76.34576101535862,31.919159677776975],[76.35109670384986,31.918811182390186],[76.35168032338828,31.91536102868855],[76.34703226103005,31.916366159570657],[76.3451163849133,31.91463964020727],[76.33952928105151,31.91591855080054],[76.33556091640321,31.914507423678685],[76.33271212136736,31.916111437393],[76.32691113893799,31.914678374907112],[76.32717441996357,31.907783000285292],[76.33339804598307,31.90085115275855],[76.32852132020281,31.896668197279553],[76.33499881944005,31.886968848933293]]]}},{"type":"Feature","properties":{"blockName":"Dhira","districtName":"Kangra","state":"Himachal Pradesh"},"geometry":{"type":"Polygon","coordinates":[[[76.48738641035459,31.965739058610723],[76.4903673760536,31.967800327223358],[76.49154900608181,31.968508243860413],[76.49210455418188,31.96884107305715],[76.49431123957208,31.97108253972749],[76.49567183288883,31.974792628077353],[76.49498107441713,31.978043162861752],[76.49340339195305,31.979791499777946],[76.49260070475879,31.980304535126265],[76.48948529311184,31.980034248381912],[76.48671733273875,31.97979410601323],[76.48711586370621,31.98225890582387],[76.48749606199374,31.984762649876416],[76.48483032216171,31.98887241493003],[76.48460686221699,31.989253154609457],[76.48332478511082,31.991437556597987],[76.48239831972671,31.99181138858478],[76.4800693769003,31.99211282694546],[76.478836732829,31.99203182860606],[76.47664238883522,31.992966350117],[76.47504557779126,31.996960646716502],[76.4704575739579,31.99721463594676],[76.46958435023765,31.99757154898782],[76.46883403236478,31.997878227698095],[76.4679637764072,31.99823392845309],[76.46786350379773,31.99976374899785],[76.46770591829357,32.00110253465431],[76.46725235691082,32.001914040600525],[76.46524242339916,32.00411684541615],[76.46479916195182,32.00649933927315],[76.46333829872356,32.01085288894973],[76.46163514284763,32.015030766856455],[76.46126736779485,32.01556059704399],[76.46004434017419,32.01772557187769],[76.45973190760151,32.01861164421206],[76.46024942427158,32.021367716447],[76.46163197993201,32.022620063764975],[76.46483466268961,32.023644267469024],[76.47004035417905,32.02168432547131],[76.47154130468749,32.02321958511584],[76.46943853775838,32.02543619182683],[76.46893789866516,32.0258624354031],[76.46886391413841,32.025967406970324],[76.46773610583665,32.02756759316992],[76.46724394555173,32.03134314317157],[76.46879765478798,32.034380875876764],[76.4676266223708,32.036601548422766],[76.46698742203193,32.03732504491495],[76.46567492715621,32.03914096678227],[76.464905725319,32.04097741207795],[76.46173662144798,32.0434369580492],[76.45809998612549,32.04352314008088],[76.45621814395224,32.045868679895705],[76.45602016899568,32.04779863399983],[76.45416358158406,32.04904041967967],[76.44666164302049,32.04494196539946],[76.44177045164508,32.048292726927855],[76.44086744597593,32.05047618462828],[76.43955444837917,32.052362493734165],[76.43550919799117,32.056425384324086],[76.43445674208505,32.05803635969028],[76.42709703939693,32.05856951287279],[76.42521773061384,32.063378645608054],[76.42468044504653,32.06540180275107],[76.42181766375421,32.074299721155285],[76.41441697176589,32.07551076171234],[76.41064718102263,32.08070303711554],[76.4035079192551,32.079592509286954],[76.39910178441988,32.072404671538436],[76.40294161796135,32.062466468652644],[76.40276679695017,32.05664806815389],[76.39576175989737,32.044772476468665],[76.39585041506467,32.04167538041452],[76.39172563762816,32.038114122668674],[76.38414126990375,32.03861158085982],[76.37666955755407,32.03263486280872],[76.37453447528588,32.0284562501559],[76.36290236065548,32.024777356589766],[76.36366541922376,32.01920733355166],[76.36853157077542,32.01727543331464],[76.366530333708,32.015531376272065],[76.36706610841424,32.012640272630506],[76.37949949830323,32.010736525670154],[76.39320658811363,32.01234031455391],[76.40636122618969,32.008532595802706],[76.41404583774528,31.99802345651733],[76.42384977814481,31.9787580438487],[76.42097107345631,31.978045886008886],[76.4196854161491,31.975235774411487],[76.41327956859726,31.9748554295345],[76.41073087013359,31.971111413361086],[76.40739972461768,31.963192276602342],[76.4192098087857,31.95489546415439],[76.41252738373186,31.952488131921825],[76.41482354716902,31.937979131931456],[76.42292067864645,31.935367951269996],[76.42945877510243,31.936315353770624],[76.43202134650801,31.939962492275242],[76.43901149978097,31.942539504094896],[76.43609169877294,31.945797786538662],[76.43946121296466,31.947129059258714],[76.44277677053157,31.95450784645999],[76.44861163851635,31.956268871011616],[76.45394227101906,31.96073157410291],[76.44800497025324,31.961501319130605],[76.44996449676415,31.966434559207585],[76.4560025242971,31.966093668488043],[76.4668181174622,31.972230350750124],[76.47512242665874,31.96584150937821],[76.47426584759086,31.97021620841133],[76.47783895300535,31.96790077520069],[76.47844192685352,31.971417930193354],[76.48593921592214,31.972276799834503],[76.48775089568733,31.970732916590862],[76.48738641035459,31.965739058610723]]]}},{"type":"Feature","properties":{"blockName":"Jaisinghpur","districtName":"Kangra","state":"Himachal Pradesh"},"geometry":{"type":"Polygon","coordinates":[[[76.5394888291462,31.872841397112836],[76.55244400029045,31.882065000499438],[76.56837500020617,31.88980100021604],[76.59208700011504,31.896158000191633],[76.60603300022285,31.894016000338183],[76.64070900032016,31.87465300043567],[76.65957599983255,31.87083399968941],[76.66876199986643,31.873237999933792],[76.67819999983021,31.873442000348064],[76.67614538170403,31.88356336006109],[76.67521699986469,31.89445900008286],[76.67647734215569,31.89572204573585],[76.67378955904098,31.89981801788724],[76.67361421732232,31.90026915469781],[76.67154909691334,31.90180220201006],[76.6713128800854,31.90238085459282],[76.66981187921493,31.90433820294578],[76.6695159267187,31.905597789806222],[76.66697375013854,31.904959451017874],[76.66491922284393,31.906788625294894],[76.66690701774473,31.912150498446806],[76.66754250028623,31.915172308655144],[76.66696287643566,31.918005211771174],[76.66553900681976,31.91941700169332],[76.66077179238437,31.92193873128747],[76.65596524070338,31.92169842434288],[76.65121330485022,31.919707562753842],[76.6457299926451,31.9191547953576],[76.642868652966,31.920936409887474],[76.63622454712521,31.920782731937607],[76.62707065288839,31.923332314434788],[76.62352554246985,31.92301335188472],[76.62050003514855,31.922246700524852],[76.61950201250795,31.92196402561933],[76.61588398235995,31.92442539721435],[76.61407656807921,31.927011104578867],[76.61016691926795,31.932580233690885],[76.60978541516482,31.935884299720726],[76.6105073153604,31.940115563182758],[76.61338530868511,31.942596416791275],[76.61542901533687,31.944773849033936],[76.61534213093466,31.94657233034883],[76.61633904381188,31.95344553398428],[76.61626585158785,31.958035591869134],[76.61558634633286,31.960051900674728],[76.61531491744955,31.96429865136173],[76.61453602991389,31.96709985157696],[76.61314336317571,31.97219447769305],[76.6118601241455,31.97554841113032],[76.6115791408647,31.9771332090304],[76.60938262410889,31.981708592677478],[76.60807409794131,31.983447704348123],[76.60500229442039,31.984288313255092],[76.6105366503462,31.986986096830947],[76.6090278289712,31.98991543874655],[76.60589028680732,31.992720175096053],[76.597743909354,31.99293582173084],[76.59425864971695,31.995959590662608],[76.59207292842297,31.998387536255848],[76.58667745390142,31.996448255282814],[76.58527048884207,31.992376208695134],[76.5843472547221,31.989723768936813],[76.5819384511986,31.987165358694426],[76.5800469386154,31.98587775165697],[76.57304511484023,31.991079165071483],[76.56960294711837,31.99056169516615],[76.56759608479155,31.99169324734555],[76.56970324221089,31.995812196275892],[76.56983066805094,31.998533053757455],[76.56723842711176,32.00107912979803],[76.56950354595193,32.01128381439656],[76.56900108033562,32.01238724117832],[76.56530010301742,32.011952631209],[76.56046117394408,32.01253712129119],[76.55875298456266,32.012246878590645],[76.55442267426707,32.00652490699889],[76.54787537774655,32.005799931122],[76.5387092608238,32.00511976306666],[76.5358792130553,32.00486406962119],[76.53299702169528,32.00450004923795],[76.53111791076304,32.003845574813454],[76.53032302159022,32.00356872391751],[76.53007937006691,32.001756573806915],[76.53165780886087,31.997613999686394],[76.52948169322559,31.992592878758387],[76.53030581755951,31.990530870903],[76.5329543299784,31.984957630989925],[76.53394698816305,31.98290258658517],[76.53376506880295,31.982167251417593],[76.53072157234277,31.97953612289382],[76.5287684310183,31.978027107265234],[76.52587807201547,31.974656529175547],[76.52429816283001,31.97160157625177],[76.52403204804062,31.971282089396936],[76.52129545062462,31.96836585510016],[76.51281116100631,31.962048385724472],[76.51151141222198,31.961333715178853],[76.50899598597601,31.961584096329034],[76.5064387097787,31.963085322030054],[76.50488740802751,31.961620060217683],[76.50459373711135,31.957581475604684],[76.50340669496308,31.95082966515696],[76.5032965927636,31.95062976655055],[76.5020939212975,31.94651095161919],[76.50095155387118,31.94397381933635],[76.50065899901364,31.943004601980874],[76.50219554019208,31.93740177796974],[76.50540987726407,31.935117767970667],[76.50651185523799,31.9241032330778],[76.51011933813697,31.92198107586603],[76.51662200939825,31.921392575706875],[76.51424750331967,31.91641851360356],[76.5099928997526,31.91275361438784],[76.50948786837051,31.907358467219524],[76.51656844577718,31.8995857203048],[76.52074958642436,31.89766269008112],[76.52224544497136,31.889391990348145],[76.53136947721964,31.883818513014035],[76.53768584942247,31.877444371060903],[76.5394888291462,31.872841397112836]]]}},{"type":"Feature","properties":{"blockName":"Baijnath","districtName":"Kangra","state":"Himachal Pradesh"},"geometry":{"type":"Polygon","coordinates":[[[76.76962934272007,32.06439759547271],[76.75868072723381,32.07119080441214],[76.74920638746488,32.079403861199296],[76.73281037959538,32.08738443874091],[76.72676041356232,32.08754727898378],[76.72198440465661,32.09372085233554],[76.7209800894596,32.099619265516765],[76.72411393451051,32.10358401938703],[76.72508536689622,32.11408168152445],[76.73551275780756,32.11978373673014],[76.73745458386202,32.124432853093765],[76.7349041524048,32.12965100918677],[76.7251937927594,32.13603467855762],[76.72376138048338,32.14256514336671],[76.70758279001382,32.15611770356924],[76.70559121526242,32.16260347117333],[76.70548522656202,32.1662091824079],[76.71466459949175,32.174618033295644],[76.71500029123052,32.18040749720831],[76.7126268733316,32.18758434164408],[76.71421264699615,32.18723760892857],[76.71546102110932,32.191248804688655],[76.720228448684,32.19589077413997],[76.71366900052402,32.198532000251646],[76.69837999963732,32.19683100005068],[76.6824489997216,32.17966799997828],[76.67220944481011,32.17918538419815],[76.66977364813539,32.17670017787094],[76.66661940466184,32.17414000136],[76.66477338158637,32.173736001615225],[76.65174349206853,32.173105217132104],[76.6461096432455,32.17656325698874],[76.6391256889994,32.17987271985021],[76.63807595264313,32.17779498465086],[76.62734634455819,32.172742537638044],[76.62074116767081,32.16685916921534],[76.61872375629639,32.165618067020205],[76.61350269988975,32.15906833423628],[76.6117945986419,32.15222615361415],[76.60997738894542,32.148661306674],[76.61188438965291,32.14380520144891],[76.61318560253358,32.140734499597556],[76.60834246643174,32.13473026229184],[76.60580645740214,32.13212002411984],[76.60306296668261,32.12801304876325],[76.60092104327157,32.12399417998745],[76.59584886603238,32.11452099584733],[76.59494553211067,32.11117117411044],[76.59606701458114,32.10801128199512],[76.6003380415674,32.10523183817884],[76.60520461580046,32.103763384672504],[76.60966966252494,32.10225651032977],[76.60865574886378,32.1008214531476],[76.60291349036532,32.09747370524735],[76.60071258581723,32.096070334778176],[76.5963256317226,32.09461852142766],[76.59201428363235,32.09430537389392],[76.58651247237276,32.092664212783234],[76.5862871139592,32.09013353943135],[76.5871769652448,32.08798172617577],[76.59488336827286,32.07331450306191],[76.59602482918257,32.071523754118004],[76.59211421270084,32.069396811613615],[76.58836183732899,32.069066694772175],[76.57031378295477,32.06900548871238],[76.56843612262901,32.068547674435706],[76.5677603405673,32.06691980170751],[76.56838125858826,32.06631478729764],[76.56888105861401,32.065827789121215],[76.57112302800539,32.06443500367254],[76.57468834169367,32.06574552093912],[76.57539222217338,32.06263531007153],[76.57536054265495,32.059557928055995],[76.57290386012511,32.04671195888983],[76.57636928521441,32.043712967179715],[76.57284206590867,32.04027173475282],[76.5733595088343,32.03921195656659],[76.57542905840438,32.036682114188295],[76.57584464411508,32.036032055435044],[76.57490961178922,32.033383909939516],[76.57342294791079,32.02249784859691],[76.57657406803884,32.020394471028055],[76.58096962594755,32.01867426310679],[76.586390336345,32.01264070520443],[76.59189344802428,32.011095841699785],[76.59437534034976,32.0070387373479],[76.60391642510297,32.00435474217767],[76.6081725710074,32.000720964001346],[76.60825275995694,31.99787366184006],[76.61418252979996,31.997085475314464],[76.61643642240301,31.995944533313605],[76.61676540070272,31.991886920844763],[76.61483864009125,31.989366668836738],[76.61576971719876,31.98726560882085],[76.61665954060538,31.982789827788395],[76.62022106095327,31.979155683587976],[76.62859386341614,31.981691821220636],[76.63242206872354,31.97846922927158],[76.65067143903576,31.97561098056235],[76.65579666818172,31.968211430712984],[76.65655704407237,31.9625306489703],[76.67178844787861,31.951671185077203],[76.68956000029385,31.95501700033435],[76.68438700006004,31.961496000540023],[76.68672900014332,31.967021999965368],[76.68041200021372,31.987116000303217],[76.66919700014148,32.000796999881686],[76.66467999958235,32.012062000461015],[76.66277299977418,32.030654999928345],[76.66788590551016,32.034987483885345],[76.67524700034886,32.04122499993383],[76.67630799981441,32.04532600019479],[76.67969500042398,32.04812999999956],[76.6885149997675,32.051814999962346],[76.70294199957368,32.04895000004251],[76.70597099986179,32.04498300056508],[76.7063599998142,32.039383000425175],[76.7141419998535,32.03505699968082],[76.7235639999787,32.03249700033632],[76.72988900027718,32.03237199996789],[76.73067499965157,32.02923199995689],[76.73813600017633,32.03008999995359],[76.74396500008476,32.03756700031687],[76.7613450002716,32.05356200048601],[76.76962934272007,32.06439759547271]]]}},{"type":"Feature","properties":{"blockName":"Multhan","districtName":"Kangra","state":"Himachal Pradesh"},"geometry":{"type":"Polygon","coordinates":[[[76.78115117708523,32.067314378355945],[76.78264600051256,32.06675700013551],[76.78371893578031,32.06835907041483],[76.7871090003801,32.07342099987932],[76.79246500005974,32.07464599971314],[76.80113999991113,32.07360800040897],[76.80365800001675,32.065861000185066],[76.80674400023548,32.06378542066068],[76.814934000204,32.0582770002834],[76.81927675172079,32.054555416799076],[76.82613399958444,32.04867900013579],[76.84235400023698,32.04111900044154],[76.85023680618372,32.04615180626092],[76.85891000019643,32.05020100017606],[76.86737188590388,32.05103013912969],[76.88082085140121,32.055370880661656],[76.88734400022548,32.057590000078505],[76.90290099998123,32.059691999885956],[76.91480999968178,32.06045900018279],[76.92212699986123,32.05857799977491],[76.92980200036209,32.059398999864015],[76.93939200014074,32.06275900012781],[76.9438780001696,32.06660800045893],[76.942848000335,32.08594500006177],[76.93872800009717,32.09293400040383],[76.9447709999817,32.1049460003577],[76.94618200029913,32.112350000052515],[76.98867000002053,32.110889000127315],[76.98461199994392,32.131618000070716],[76.98696100034994,32.15430799961456],[76.99502599994997,32.17500299978866],[76.99952699977126,32.182334999760485],[76.9949649998349,32.186858999743095],[77.00546999954088,32.20002699994615],[77.01645699989069,32.201180000057036],[77.02111799989581,32.20605500003825],[77.0376774559499,32.207017307003184],[77.0467449999818,32.21631199999888],[77.05240600023677,32.22600900021524],[77.0433960002253,32.235984999807954],[77.03433199952224,32.24289700019648],[77.03167700029337,32.24740600038666],[77.03288999957385,32.25285300066548],[77.03008999995359,32.26130300003348],[77.0301970003913,32.271896000200286],[77.03646099967546,32.284831999597145],[77.03665199949023,32.29028300006047],[77.03427100030649,32.293678000139664],[77.03071600004341,32.3067470002739],[77.03185300031578,32.31034499982195],[77.04199200023066,32.318195000299056],[77.04495200003481,32.322834000189005],[77.04405199989992,32.333469000494006],[77.04090899975057,32.33987399998517],[77.04622700037584,32.34820900034515],[77.05242900039809,32.36651199992889],[77.06916799980343,32.38335799977193],[77.07611800014564,32.39400899991546],[77.07466899987452,32.39695700006553],[77.07868199967459,32.400547000144],[77.08076500040448,32.40913800061827],[77.07850599965224,32.41731600003345],[77.06901599998844,32.41698800019611],[77.06510200025718,32.42511700004957],[77.05877699995864,32.429173000033984],[77.04657700032834,32.42414100000718],[77.01419099971491,32.41606900008435],[77.00288399989671,32.41160600021681],[76.9957199995784,32.410301000290985],[76.99105100010365,32.4116440001705],[76.98140000020987,32.40499900040362],[76.97095499967355,32.40610900033016],[76.96195199998488,32.403324000502266],[76.95257600018232,32.403206000456635],[76.95167500000133,32.40957600013235],[76.95369000029336,32.42469400032792],[76.9485630003822,32.42515600004941],[76.92601800033049,32.41558500024763],[76.91915100021856,32.4166870007046],[76.91214800013017,32.41986500066929],[76.91764099983232,32.42864600001292],[76.91779299964725,32.43570299989358],[76.9095920000708,32.441677000193465],[76.90044399999067,32.4422260003297],[76.89145700014052,32.43880800008918],[76.9000400002459,32.453491000009706],[76.90793600014632,32.46019400065268],[76.90882899995842,32.4671939997034],[76.90132099996424,32.47021500052193],[76.89366100015508,32.46943300043267],[76.88216399966893,32.467094000487805],[76.86534099998721,32.46114000021089],[76.84752699957141,32.44782999975473],[76.83557100040139,32.441276999733816],[76.82415800019163,32.43709200009579],[76.81399500006927,32.42758899983255],[76.81134800031003,32.41861299959032],[76.80300100029598,32.41216299982261],[76.78687999971226,32.40624999963785],[76.78476700029688,32.39003400006908],[76.78793299970823,32.374637999643994],[76.77821400027597,32.362060999715425],[76.77323900017979,32.359493000001976],[76.75645037798262,32.35914359180339],[76.7540660000459,32.35830299998349],[76.75729399961847,32.35183300019287],[76.76316100037991,32.34526100019508],[76.77285000022738,32.339168999849505],[76.78570600043162,32.3166350003051],[76.77213300043769,32.30854000022089],[76.7761840001915,32.29109599978062],[76.77074400023548,32.281689000347114],[76.77972399976284,32.26802100046882],[76.76985899989296,32.254025000753245],[76.77106499974997,32.250347000213935],[76.77822900006834,32.24855799955208],[76.77154500030156,32.242492999552326],[76.7731549999034,32.22716899974961],[76.77130900021024,32.22119899963417],[76.76084100041192,32.20711500035702],[76.75465400018203,32.20339599972567],[76.73974599977811,32.18867900003585],[76.7371220001802,32.18769100033944],[76.720228448684,32.19589077413997],[76.71546102110932,32.191248804688655],[76.71421264699615,32.18723760892857],[76.7126268733316,32.18758434164408],[76.71500029123052,32.18040749720831],[76.71466459949175,32.174618033295644],[76.70548522656202,32.1662091824079],[76.70559121526242,32.16260347117333],[76.70758279001382,32.15611770356924],[76.72376138048338,32.14256514336671],[76.7251937927594,32.13603467855762],[76.7349041524048,32.12965100918677],[76.73745458386202,32.124432853093765],[76.73551275780756,32.11978373673014],[76.72508536689622,32.11408168152445],[76.72411393451051,32.10358401938703],[76.7209800894596,32.099619265516765],[76.72198440465661,32.09372085233554],[76.72676041356232,32.08754727898378],[76.73281037959538,32.08738443874091],[76.74920638746488,32.079403861199296],[76.75868072723381,32.07119080441214],[76.76962934272007,32.06439759547271],[76.77694700030389,32.06888200010428],[76.78115117708523,32.067314378355945]]]}},{"type":"Feature","properties":{"blockName":"Udaipur","districtName":"Chamba","state":"Himachal Pradesh"},"geometry":{"type":"Polygon","coordinates":[[[76.44269599972068,32.65956099984032],[76.45166799977841,32.6549490002962],[76.46548608661368,32.65312393951825],[76.49214899957673,32.66205199960018],[76.51669300008194,32.666907999604575],[76.52208699971533,32.66585200036957],[76.53028900023725,32.65776799989334],[76.53863500020515,32.65584900043109],[76.5500870004148,32.65824500030658],[76.57570600013185,32.649520999994195],[76.59363599960176,32.64246400011359],[76.59671799963604,32.6308250002736],[76.60358399970187,32.625682999670744],[76.60446900004439,32.61037799984484],[76.60885600000444,32.60624699999909],[76.63150000012496,32.60303100008065],[76.62480900003538,32.58618200009926],[76.62525199978,32.57849900012883],[76.62989799999275,32.57418099975337],[76.63899999975024,32.57596600023078],[76.64946700040178,32.58035300019088],[76.66889999993509,32.57229600006042],[76.6803439997758,32.57001500009221],[76.70552800011717,32.57325700031038],[76.71000699982324,32.56951500041697],[76.70906100026502,32.56136699968732],[76.70659599990552,32.55432899978359],[76.70082900015831,32.54636400029841],[76.71491200028862,32.538157999592045],[76.72479199995087,32.5521200004377],[76.73966999987067,32.5607110000127],[76.74660500042052,32.55818899972263],[76.75777400017,32.5583879999063],[76.76767699999363,32.54734399962592],[76.77237699999858,32.55085000032733],[76.78153200040157,32.55250200006731],[76.79234299982966,32.544124999569135],[76.79553999977122,32.53714399959597],[76.80491989183957,32.53398801053828],[76.81393081185752,32.54113881780228],[76.82937612390907,32.57516301176361],[76.87450538931233,32.63165182886888],[76.877473687161,32.647909098326295],[76.88459492921265,32.65634893535514],[76.8867745198283,32.66516434455889],[76.89927465739959,32.67806608248378],[76.90115313341045,32.694442073243124],[76.91593952209132,32.712949332245955],[76.91607555354403,32.721387743849334],[76.9199634891238,32.736795251999354],[76.92191918272414,32.762915987083204],[76.91460821879434,32.800438027592975],[76.91678849109604,32.80195643304302],[76.92208465977927,32.80202326166426],[76.94220792135854,32.81252463890104],[76.95216085963602,32.823663037419294],[76.95143070726141,32.82839460093015],[76.94461792187963,32.835056364959314],[76.94414777969632,32.837238481770555],[76.94475761267375,32.839434017366045],[76.95183498040006,32.84243902374203],[76.95372214026463,32.84574428946746],[76.9562028167067,32.860390197749496],[76.95953402517517,32.868530260163425],[76.95850247670796,32.88092453314073],[76.95967424027401,32.884040706513474],[76.97152641271384,32.89573146593443],[76.971305353959,32.90425003860844],[76.96675323037732,32.91317435751063],[76.9522123116489,32.92392739563286],[76.95142601999487,32.92918852582983],[76.95503166198165,32.934894440026426],[76.96544641561962,32.93826041538591],[76.97111370573299,32.94924291732684],[76.97935507048015,32.95402049465014],[76.98873736104042,32.964267874562836],[77.00135826317336,32.965459238852816],[77.00471409328082,32.96757813062629],[77.00733989242218,32.976443928844276],[77.00511508749133,32.98875927821814],[77.01287174823267,32.99002301275186],[77.00460099993626,32.99437300021384],[76.99851199972909,32.999942999869575],[76.98420700015299,33.005717999985734],[76.97982000019289,33.01245899968313],[76.97447199998288,33.01526599962625],[76.96604199973854,33.01704799996526],[76.95038599991403,33.02704599967319],[76.9418490001313,33.02757599983255],[76.93521900015679,33.032309999606866],[76.92798600025378,33.04887399993521],[76.91786999960084,33.062831999697096],[76.91415400000716,33.07452800036697],[76.90854600039768,33.079498000232604],[76.90873700021245,33.08334699966434],[76.91281100012759,33.090168000353],[76.91212499996885,33.09389899973911],[76.90259600030521,33.09621400037588],[76.89525599996449,33.106022000315136],[76.89505799982686,33.113045000426496],[76.88655099962898,33.119052999596306],[76.87038399962194,33.11039399958349],[76.86226700032188,33.111153000410695],[76.85193599964674,33.11944599973316],[76.85523199965712,33.12527799977994],[76.84593199976206,33.13058900008235],[76.847054000242,33.13663900028968],[76.84084299980464,33.140231999607124],[76.83512100033397,33.14094500011174],[76.83285500015819,33.14513800011866],[76.82737700024842,33.147522000340075],[76.82134199983346,33.15468199957468],[76.81932799958759,33.16054200001332],[76.81990800025409,33.165038999650164],[76.81604800031499,33.172321000014165],[76.82454700014398,33.18376199971658],[76.82127400029492,33.192898000142634],[76.83658600044362,33.20461700007456],[76.83517500012618,33.211280999818314],[76.82907899959622,33.214527000220926],[76.83106999968078,33.22179800007768],[76.83592200040005,33.230220999999176],[76.84694699980423,33.24163100007064],[76.84642800015212,33.245482999640785],[76.84001200015376,33.247455999794624],[76.83203099993074,33.2465480001901],[76.82723199985696,33.243412000363605],[76.8243560003292,33.23533200007182],[76.82080800038898,33.23577499981644],[76.81499500031907,33.24034500012169],[76.8035129996253,33.25275799968199],[76.79634099983735,33.25489400015806],[76.77802999988467,33.252189999568884],[76.77339900036361,33.2486950002741],[76.77323900017979,33.246619999913094],[76.77560400042432,33.24232899988351],[76.7803960001753,33.23873499962059],[76.77787800006968,33.22383499958562],[76.7600560001843,33.19664400022049],[76.75225800030654,33.19228699984524],[76.74851200022869,33.18444099955252],[76.7477490001163,33.1785739996904],[76.74668899979758,33.15871400025094],[76.74440799982938,33.154556000059415],[76.74827600013737,33.148772999574305],[76.74773400032393,33.13053500029008],[76.74572800044695,33.125740000400754],[76.74080700014298,33.12093400000413],[76.74113499998032,33.11495600041911],[76.73575600013936,33.09697300030376],[76.73730499962608,33.08984399980079],[76.73591600032319,33.083050000357275],[76.7375029997637,33.07540500034054],[76.7438199996933,33.064120999784336],[76.74587199989293,33.053543000309276],[76.7555619997865,33.044628000182115],[76.75423399969941,33.03881500011221],[76.75762200035507,33.036994999819456],[76.7567669995974,33.02566499983993],[76.76261899966715,33.01833299986811],[76.768875000381,33.01790199977751],[76.77568799980139,33.014781999789534],[76.77319299985709,33.009933000107935],[76.77445999982916,32.99398800044594],[76.7856830002703,32.990310999952726],[76.78715499980348,32.988350000352284],[76.77671799963605,32.9806899996438],[76.78005199960018,32.96802500015366],[76.77980800003922,32.961226999626376],[76.79127500004125,32.960831000250494],[76.7772899999336,32.94564399957096],[76.7736819999244,32.93766000010896],[76.76821899980706,32.936371000021666],[76.76325200007977,32.929707000277915],[76.71916200022616,32.922828999658634],[76.71752899956374,32.8902550002681],[76.69779200040057,32.87822699957644],[76.69648699957543,32.871140000110984],[76.69042199957568,32.8643489999065],[76.68498999998855,32.85413700022241],[76.67883300024283,32.85177600016232],[76.67090599981208,32.84575300030076],[76.65682199963561,32.8487550002431],[76.64009900006886,32.84179300024681],[76.63008899980753,32.84337999968727],[76.61794299996956,32.85316100018008],[76.61241100026751,32.85422899996843],[76.59127799968002,32.83809699977678],[76.57570600013185,32.82842599986003],[76.56256100009011,32.82413499983045],[76.54690600031171,32.81291999975821],[76.53645300030576,32.811576999878696],[76.52731299969525,32.806786000173815],[76.51325199968011,32.8031620003261],[76.47338100013309,32.80530900041009],[76.47009299959234,32.81251099978289],[76.47111499995736,32.82087299958931],[76.46483599998146,32.825709999616834],[76.45559700020146,32.85206600004591],[76.44387099994674,32.85375599973963],[76.43335000040224,32.8511429997497],[76.41035500028312,32.84149900017877],[76.39315800044142,32.82317399958049],[76.37719700004158,32.81976299966277],[76.37529788638841,32.80659436813562],[76.37551900000193,32.79685199981998],[76.38525400017204,32.79236199960667],[76.38704700011903,32.78435499998329],[76.38488800038095,32.77469599972068],[76.40358700023995,32.73770900007037],[76.4035799999171,32.7275769995789],[76.41786999970077,32.71952399963294],[76.4255220000403,32.71239500002929],[76.42926800011816,32.70616100032993],[76.43090800020411,32.698913999781325],[76.42900100039589,32.69160800010917],[76.42642200017525,32.68824799984537],[76.43582200018523,32.67823799958404],[76.4460370000076,32.674355000383],[76.44269599972068,32.65956099984032]]]}},{"type":"Feature","properties":{"blockName":"Kullu","districtName":"Kullu","state":"Himachal Pradesh"},"geometry":{"type":"Polygon","coordinates":[[[77.0376774559499,32.207017307003184],[77.02111799989581,32.20605500003825],[77.01645699989069,32.201180000057036],[77.00546999954088,32.20002699994615],[76.9949649998349,32.186858999743095],[76.99952699977126,32.182334999760485],[76.99502599994997,32.17500299978866],[76.98696100034994,32.15430799961456],[76.98461199994392,32.131618000070716],[76.98867000002053,32.110889000127315],[76.94618200029913,32.112350000052515],[76.9447709999817,32.1049460003577],[76.93872800009717,32.09293400040383],[76.942848000335,32.08594500006177],[76.9438780001696,32.06660800045893],[76.93939200014074,32.06275900012781],[76.9427110003125,32.05743400007907],[76.94396999991562,32.04465099964398],[76.96414899967664,32.027954000376894],[76.97717999985719,32.023711999908926],[76.98153700023244,32.01136799993333],[76.9820250002536,31.999974999746485],[76.98121583794062,31.99226439508584],[76.97856900005934,31.983512999625304],[76.9831349983815,31.97624648468758],[76.99011199996886,31.965142999649743],[76.99997699983874,31.953986999600374],[77.00369999975521,31.94570499988589],[77.01794349829385,31.9291708264725],[77.02435299979118,31.920536000236268],[77.02719389158489,31.906356715989716],[77.02763400000913,31.90026299973772],[77.03051000043621,31.893374999556613],[77.05504599967321,31.862199999930112],[77.0563230594617,31.859084001925225],[77.0580478467308,31.859995474711468],[77.0764589007577,31.869291721735635],[77.12026993361059,31.909460478718188],[77.12619553779388,31.919977335086003],[77.12761391974664,31.926369357359988],[77.16377136225861,31.947184460194705],[77.16993462308443,31.957543633931607],[77.17233496039017,31.964904869064526],[77.17600477170294,31.994793964070254],[77.18484561643209,32.012284290387754],[77.21727096238504,32.04855110484965],[77.2258534022128,32.062033140217295],[77.22772108635911,32.06241909506525],[77.22934409015767,32.06827528237841],[77.2389253979888,32.08348620502437],[77.24945732969206,32.095700081193854],[77.25732840128472,32.11190678357127],[77.2756293773939,32.1400021456825],[77.30435472718898,32.18909790064765],[77.30333750941855,32.19146313021935],[77.2953675195954,32.19624543078203],[77.27678228577395,32.17769408881122],[77.27126666812228,32.17468659041384],[77.25936980837002,32.170738956937385],[77.25288257307233,32.17027131486935],[77.23825019598979,32.164381988438095],[77.23042432702113,32.158474157556384],[77.21672003949828,32.152813818303116],[77.20513685428244,32.15042565781789],[77.17606177253282,32.14887851722983],[77.16636654667883,32.150907090989506],[77.16453889585341,32.14702237768063],[77.16703787619707,32.13869123451292],[77.16582073194127,32.134181132653225],[77.15511183973967,32.126188169648344],[77.15285685446031,32.12077554325674],[77.13927009933565,32.11522592673521],[77.12016304109153,32.11271303387946],[77.10392274453909,32.11512030855545],[77.09360433077529,32.119271192411645],[77.08176853498998,32.12106275344337],[77.05674410675516,32.12083518179827],[77.04853280004875,32.12265799067376],[77.02439376336156,32.145289933583626],[77.02162307354604,32.1525024586216],[77.02287858018241,32.162308442280846],[77.02992515512187,32.17809761551257],[77.0376774559499,32.207017307003184]]]}},{"type":"Feature","properties":{"blockName":"Banjar","districtName":"Kullu","state":"Himachal Pradesh"},"geometry":{"type":"Polygon","coordinates":[[[77.49641317802582,31.551352690973943],[77.50215438161945,31.555385071164153],[77.50247709434251,31.561626914750377],[77.51191872307066,31.57386306892556],[77.52067383452987,31.575854256968455],[77.5310895117716,31.5713457460094],[77.53458162244397,31.575187148867883],[77.53648989299421,31.581874249497048],[77.5351579475813,31.585090762029097],[77.53903937296872,31.592351881034517],[77.54334261726802,31.593024844620913],[77.5472223906009,31.59509839527476],[77.54934533921607,31.59836559899327],[77.56127611330203,31.60161798548171],[77.56365286948437,31.60380213925737],[77.56852883623685,31.612744155018788],[77.56295794984959,31.617797767552986],[77.56296515251984,31.628494056655427],[77.57584824839802,31.638892928266102],[77.58808394301963,31.63975731254999],[77.59990960254618,31.63835302387298],[77.62198536333392,31.64847320817205],[77.62658440634533,31.655637458501985],[77.63556371519337,31.655286869493466],[77.64225671627452,31.66057078311519],[77.64896292030261,31.660732446145516],[77.65927900032568,31.670467000251904],[77.66189599960074,31.679518000355472],[77.66996800042295,31.68340699983321],[77.67974099964749,31.699119999588333],[77.6858750001312,31.70352899966366],[77.69473300032774,31.70424500030657],[77.70919800008767,31.702797000081546],[77.7156370002474,31.70420500026063],[77.7347559996897,31.71462200040503],[77.7507780002046,31.713849999877652],[77.7518769996239,31.716849999727742],[77.75618699963036,31.719770000385267],[77.75264700005908,31.751518000355475],[77.76161199979401,31.755166999557446],[77.76295499967352,31.762049000361117],[77.76815800039145,31.757741999593634],[77.77848317885565,31.752674338749785],[77.77715418231969,31.765449656276644],[77.77331366709211,31.773433171903434],[77.75870557710078,31.78665936633672],[77.74687176072325,31.788225208326764],[77.7356494941289,31.793730386648065],[77.733651536889,31.797161515191817],[77.72885457467896,31.80488197552279],[77.72946721084315,31.809165173034387],[77.73057618464327,31.81808689019789],[77.71914359989728,31.82884929655785],[77.71802645395775,31.8315367649098],[77.72636183473094,31.840346147756577],[77.70704921125213,31.846325605142624],[77.69041729142492,31.84558428858412],[77.68525035801764,31.84655104089785],[77.67515722532573,31.85711568633991],[77.66730099524477,31.862880992663747],[77.65741351951834,31.864428208794834],[77.64124614719202,31.875381167107207],[77.62734964307162,31.876485754913688],[77.61744959752099,31.87406201455036],[77.61207583173433,31.869057186639907],[77.60418777554548,31.864913014424133],[77.59563148080827,31.862629594380337],[77.5842252183192,31.861206320115627],[77.5788597226981,31.86292736800368],[77.57416606830947,31.866079137442284],[77.56208996737814,31.866371873962862],[77.49561408362314,31.867231395612464],[77.48143058335478,31.871432548873088],[77.47059510258197,31.874624353431216],[77.46260695544669,31.875486250190363],[77.45660760235904,31.876133222470287],[77.44754673219597,31.87411264188495],[77.44205100035344,31.871524778845526],[77.44798335125074,31.858555795013956],[77.45856633836587,31.810693813668593],[77.45846881948052,31.796819360924815],[77.45025386152656,31.771407392337323],[77.44989891080616,31.76595505817943],[77.45181590837751,31.76046891490853],[77.46027679853546,31.748601097862434],[77.45987542031446,31.744812977137258],[77.463334981824,31.732018999577235],[77.46100736819557,31.727015191497912],[77.45790174207178,31.72594210694274],[77.45605124756707,31.723388870500003],[77.45558658855026,31.71931732303608],[77.44830240193437,31.716158106311582],[77.44266342427767,31.716241004918516],[77.42978484119755,31.72135316421719],[77.42758707438401,31.72386857967126],[77.41859313626429,31.720727029229067],[77.41254445536237,31.71369892906239],[77.40303380906312,31.70978390500329],[77.3783444646254,31.716928872969163],[77.37390287581712,31.723257936404707],[77.36633843706926,31.722354092567343],[77.36237893254179,31.720265637449245],[77.3459818490831,31.71930897552886],[77.3436627142629,31.720869333453038],[77.33434379802793,31.716220128056534],[77.32896197071841,31.7206449624951],[77.2991893604007,31.722414678994312],[77.29276874058496,31.720274321302952],[77.29080173800986,31.717477623993204],[77.29615229319381,31.69905039745794],[77.29464041142592,31.697505752488553],[77.28930164275664,31.69718860117308],[77.28354547174621,31.69146039368229],[77.30583999981621,31.66183100040041],[77.29883599968167,31.653303000133405],[77.30608400027643,31.62167899958621],[77.30711267720835,31.610785012518363],[77.30168199962463,31.592657000320344],[77.30578600002394,31.579673999655427],[77.30459600000546,31.5654280001022],[77.30194099987727,31.557460999625505],[77.30631300004495,31.546382999575826],[77.31927957639141,31.528914295658296],[77.34207282170343,31.529692870229837],[77.35053262188308,31.528173789388916],[77.35343473052842,31.535179477550912],[77.35945137937773,31.53373747310593],[77.36865369761011,31.5388983900487],[77.3762691539983,31.536571875391815],[77.3809676278538,31.536898279831803],[77.40003476609166,31.54173300907115],[77.42154661148697,31.53716948208597],[77.43045687668359,31.536858876935696],[77.43328278667133,31.537860291819072],[77.43947154867311,31.552843384714492],[77.44006275848955,31.56050026657408],[77.44867293610719,31.562205479199577],[77.4580796729386,31.560904452478553],[77.46205283187277,31.563911616328085],[77.46688945958095,31.56113389921012],[77.4832523957815,31.55908491263864],[77.49641317802582,31.551352690973943]]]}},{"type":"Feature","properties":{"blockName":"Padhar","districtName":"Mandi","state":"Himachal Pradesh"},"geometry":{"type":"Polygon","coordinates":[[[76.85715014296477,31.82320129420441],[76.86096970938462,31.823338624278165],[76.86629393421777,31.817230129466964],[76.87441512525788,31.81172159847307],[76.87475339085637,31.807839315132355],[76.88400529680706,31.796113420098322],[76.89591921220193,31.7915695172195],[76.90111059457831,31.781533616483273],[76.90482252563908,31.780392968560705],[76.90939655940377,31.782876145118053],[76.91356465628394,31.78281461889958],[76.92234253767805,31.78641353755478],[76.92895912696218,31.79176381934485],[76.94596468542193,31.791428745440328],[76.95359352192355,31.793497270682565],[76.95917500052593,31.80897374694092],[76.964421729879,31.815230249476485],[76.96441982511487,31.818716358073516],[76.96216168591314,31.824102426585796],[76.96463711930767,31.826037150693992],[76.96634953730137,31.82887308092802],[76.96759807509113,31.828878309586344],[76.96856318704152,31.82806242034445],[76.97490357474027,31.826950336688753],[76.97611075540709,31.826280182584412],[76.9759054617677,31.830359171038936],[76.96979624659957,31.835577340621796],[76.96792018257042,31.84249305610973],[76.96806047770895,31.844714401348597],[76.97263169119964,31.848260518108475],[76.97315176644094,31.851005961256135],[76.96972210918807,31.855733013767633],[76.96416139323378,31.856321693791187],[76.96511864241148,31.86129808873585],[76.9744703848005,31.86629044934483],[76.97796505044676,31.871425318323816],[76.99037056494967,31.875135110796805],[77.01291400287897,31.868699646771347],[77.01253734342373,31.87984605734971],[77.01765963718259,31.88386901264488],[77.01621469285385,31.896409491105203],[77.01830501856182,31.89976847333645],[77.02719389158489,31.906356715989716],[77.02435299979118,31.920536000236268],[77.01794349829385,31.9291708264725],[77.00369999975521,31.94570499988589],[76.99997699983874,31.953986999600374],[76.99011199996886,31.965142999649743],[76.9831349983815,31.97624648468758],[76.98153652718901,31.97543126364195],[76.97037845869897,31.96771708597481],[76.95705604939724,31.964332130423543],[76.951351884382,31.965088890140237],[76.94906190198526,31.95860726661209],[76.93578755155431,31.952787090851587],[76.92878443185612,31.93948211310908],[76.9281453007651,31.932842279047975],[76.9234833088077,31.927744466633897],[76.91803294326576,31.928347274107466],[76.91655102061316,31.929909621332],[76.91938480596406,31.935759814663754],[76.91188053635773,31.93516040213092],[76.91395656734176,31.938379428268036],[76.90949290107659,31.93923463407117],[76.91095975019238,31.949404705562756],[76.90479315917702,31.950688545340142],[76.90060951661593,31.954803522864324],[76.90491205584675,31.957700067404232],[76.90569014838172,31.96007918340763],[76.89585214975699,31.96062939942732],[76.89309083627313,31.9651403862199],[76.88399634675403,31.968912249001164],[76.88103412022855,31.975409947011485],[76.87084791669804,31.972700161982914],[76.86965136511844,31.95637594429445],[76.87494137254635,31.944602658585893],[76.8734911195196,31.93558674013599],[76.86681425047732,31.9302638301117],[76.85368448854837,31.930253973542108],[76.84524801048735,31.92509318430308],[76.84510881611902,31.919443149481822],[76.85422416901025,31.911854766284478],[76.85468246622287,31.909140330861646],[76.85232965808729,31.903896794101797],[76.84585919064921,31.900574727241917],[76.84399342835411,31.891823475672936],[76.83671603431759,31.886188043143704],[76.83789690981462,31.882176807813494],[76.84017612103122,31.880366453648946],[76.84141891754905,31.881700372174464],[76.840096622761,31.886193978669212],[76.84217645787726,31.887240835396312],[76.8528683555902,31.88328090369083],[76.85757615361666,31.87714363866803],[76.86558443387457,31.87118145905714],[76.86182282606262,31.86871459080578],[76.85897300490029,31.863007645086782],[76.85578257810357,31.861829418093237],[76.8560391304016,31.85417436545464],[76.8480315363264,31.84002114086303],[76.85715014296477,31.82320129420441]]]}},{"type":"Feature","properties":{"blockName":"Lad Bharol","districtName":"Mandi","state":"Himachal Pradesh"},"geometry":{"type":"Polygon","coordinates":[[[76.66788590551016,32.034987483885345],[76.66277299977418,32.030654999928345],[76.66467999958235,32.012062000461015],[76.66919700014148,32.000796999881686],[76.68041200021372,31.987116000303217],[76.68672900014332,31.967021999965368],[76.68438700006004,31.961496000540023],[76.68956000029385,31.95501700033435],[76.69224941837604,31.939701521608015],[76.69407699995367,31.932604000074605],[76.6888049996511,31.93048300029028],[76.6870959999805,31.92623500044499],[76.68724799979543,31.921691999586187],[76.68508382715697,31.916157544734972],[76.68299899990399,31.91082600031973],[76.67793300010794,31.907891999915933],[76.67853807387309,31.900141558885878],[76.67894700010402,31.898196999791764],[76.67647734215569,31.89572204573585],[76.67521699986469,31.89445900008286],[76.67614538170403,31.88356336006109],[76.6784261595397,31.886350658556125],[76.68658136473823,31.880143107018853],[76.70441703162078,31.879084194879738],[76.7101953268529,31.87650430612888],[76.71704043296967,31.881141848217794],[76.72166496546583,31.881374034284306],[76.72258282883456,31.877167185617168],[76.71871645989677,31.87817529955049],[76.71695892921127,31.875919046227068],[76.71780006602029,31.869263519895583],[76.72600454237579,31.86318932882449],[76.73588312830378,31.85999583713823],[76.74112320267375,31.855486994329397],[76.75154497012431,31.853879247529278],[76.75658581858073,31.85074329087024],[76.75668523863294,31.852606128570017],[76.75717851137927,31.853719988386786],[76.7572652401987,31.857650263149196],[76.75314142413748,31.862895664203563],[76.75295880420549,31.86598375984272],[76.75247582689798,31.868763264812856],[76.75649545560083,31.870841726664423],[76.75718429581866,31.871379332390347],[76.75928983625698,31.87359620080406],[76.76147384793978,31.87440629571404],[76.76362303877227,31.873987789005298],[76.76803796897713,31.874118646658246],[76.7684914772999,31.874811285612395],[76.76744611524606,31.876453948590893],[76.76274204131221,31.879684397916662],[76.76246926344578,31.881972707574448],[76.75985406731144,31.883423359900178],[76.75565587192102,31.88319432236017],[76.75180885189707,31.882916465122833],[76.75100816299636,31.88409046440347],[76.75153032016817,31.887873604683136],[76.75350795992449,31.890044754262078],[76.75469646976632,31.890523972403457],[76.76059186212478,31.890169126004423],[76.76240965727993,31.890579172790638],[76.76296479259116,31.89133808278632],[76.7620601348674,31.892004566757407],[76.7585483317402,31.89375387763937],[76.75876375714171,31.8986994510189],[76.75705418280432,31.9001562978749],[76.75480246116473,31.900799272668337],[76.7460180327061,31.90197084737673],[76.74301471615627,31.902156977362665],[76.7430030492514,31.902780095125365],[76.74701356782197,31.905164488350522],[76.74844365355182,31.906156668095832],[76.7491798205923,31.90636579284711],[76.75325624238172,31.905519671995307],[76.75448094543935,31.905815162240003],[76.75724385971643,31.907323963829924],[76.76050538961209,31.906317555910505],[76.76695362131261,31.904008612207747],[76.77009926277083,31.904154090139173],[76.77069486037954,31.90458198577005],[76.77171972778325,31.905900576250644],[76.7712177478009,31.90876284942601],[76.76831680827416,31.912945606154835],[76.76751742069246,31.913637405142197],[76.766344441243,31.919619520924186],[76.76820829697539,31.92405683165748],[76.7651070550466,31.928256632337764],[76.76298498237111,31.940863636347785],[76.74931376471852,31.952626745328075],[76.75165454891834,31.96017789929067],[76.73827509382056,31.969278197530855],[76.72670940041854,31.9844522317851],[76.71701024452722,31.98780937670142],[76.70060781369972,32.00663631591328],[76.70174108268486,32.01300307173443],[76.69903330584242,32.016253603820815],[76.67784435753111,32.03251305143624],[76.67224504627194,32.03510901736729],[76.66788590551016,32.034987483885345]]]}},{"type":"Feature","properties":{"blockName":"Sandhol","districtName":"Mandi","state":"Himachal Pradesh"},"geometry":{"type":"Polygon","coordinates":[[[76.64070900032016,31.87465300043567],[76.63639800026755,31.868742000343104],[76.63492055354078,31.857764540900916],[76.63403300002301,31.851170000295326],[76.62820400011458,31.842701000051136],[76.628654000182,31.82516499986491],[76.62611054026928,31.810566331171287],[76.6237259842668,31.800566970789134],[76.62122300014141,31.790071000276498],[76.62292088059422,31.784226555411237],[76.6250698169186,31.783950732440417],[76.63072940343926,31.78273677718056],[76.63477505762285,31.782207691631697],[76.63816003565717,31.78263883921113],[76.6414060819252,31.782676783406885],[76.64434070106256,31.784714491580587],[76.64741373935266,31.791487500847552],[76.65203780959729,31.79268258203558],[76.65544022098948,31.792603134127376],[76.65683650659957,31.79745084058385],[76.66786143855461,31.799882541745944],[76.67054215569601,31.805739651763588],[76.67903091764282,31.81064636633681],[76.68776468908919,31.811139910678378],[76.69156732037561,31.806313081983205],[76.69476236069443,31.805464297339483],[76.69854683197076,31.807610813588212],[76.69844247464056,31.81089698670661],[76.70406466645125,31.816717293768136],[76.70620961428233,31.816826109937097],[76.71070642146424,31.813743306808192],[76.71456287357779,31.814125511483212],[76.71716122271232,31.816443753276644],[76.72014011727265,31.824245758734833],[76.7330995512034,31.835236156723283],[76.73487689485285,31.844387958237746],[76.73177046653387,31.849797355163844],[76.7241515162795,31.84277761059832],[76.71590308555903,31.843996403311394],[76.70845917125382,31.85454971279904],[76.69632125991825,31.866488755251908],[76.69702206651522,31.86922050172484],[76.70232275429174,31.869082138330043],[76.70897677515808,31.87149918144212],[76.71285668878522,31.87673214127534],[76.71695892921127,31.875919046227068],[76.71871645989677,31.87817529955049],[76.72258282883456,31.877167185617168],[76.72166496546583,31.881374034284306],[76.71704043296967,31.881141848217794],[76.7101953268529,31.87650430612888],[76.70441703162078,31.879084194879738],[76.68658136473823,31.880143107018853],[76.6784261595397,31.886350658556125],[76.67614538170403,31.88356336006109],[76.67819999983021,31.873442000348064],[76.66876199986643,31.873237999933792],[76.65957599983255,31.87083399968941],[76.64070900032016,31.87465300043567]]]}},{"type":"Feature","properties":{"blockName":"Dharmpur","districtName":"Mandi","state":"Himachal Pradesh"},"geometry":{"type":"Polygon","coordinates":[[[76.71695892921127,31.875919046227068],[76.71285668878522,31.87673214127534],[76.70897677515808,31.87149918144212],[76.70232275429174,31.869082138330043],[76.69702206651522,31.86922050172484],[76.69632125991825,31.866488755251908],[76.70845917125382,31.85454971279904],[76.71590308555903,31.843996403311394],[76.7241515162795,31.84277761059832],[76.73177046653387,31.849797355163844],[76.73487689485285,31.844387958237746],[76.7330995512034,31.835236156723283],[76.72014011727265,31.824245758734833],[76.71716122271232,31.816443753276644],[76.71456287357779,31.814125511483212],[76.71070642146424,31.813743306808192],[76.70620961428233,31.816826109937097],[76.70406466645125,31.816717293768136],[76.69844247464056,31.81089698670661],[76.69854683197076,31.807610813588212],[76.69476236069443,31.805464297339483],[76.69156732037561,31.806313081983205],[76.68776468908919,31.811139910678378],[76.67903091764282,31.81064636633681],[76.67054215569601,31.805739651763588],[76.66786143855461,31.799882541745944],[76.65683650659957,31.79745084058385],[76.65544022098948,31.792603134127376],[76.6561879029494,31.791041452401146],[76.65571025682294,31.787670630595187],[76.65406374024946,31.78203648859312],[76.65571829496338,31.776305370896182],[76.67146694384445,31.781641515343722],[76.67589992164415,31.78057461722483],[76.68152088677954,31.77531551679772],[76.69607209734949,31.774143556280137],[76.70319027361228,31.769341417572434],[76.71436275913408,31.76733548784256],[76.717188814812,31.76648159684828],[76.72657949604695,31.76316248785855],[76.72840260889336,31.762513135073164],[76.73787910793453,31.759481455704645],[76.74104141652822,31.758298080092402],[76.74207656228356,31.764068806630178],[76.74283142622937,31.771393113801196],[76.74600660412153,31.77300410265724],[76.75786383884514,31.768981620405498],[76.7599652639858,31.773210977304814],[76.76357888116047,31.775393569857442],[76.7725082065885,31.773236235663774],[76.76815078802849,31.78275010693193],[76.7685430714057,31.78521367467141],[76.7738414704076,31.78741532205953],[76.77494869412698,31.79143830163639],[76.77775463916532,31.794117933296036],[76.77972305817264,31.78728046332276],[76.78567932923772,31.788900937328435],[76.78970897818687,31.792705280924054],[76.7881507066898,31.795920555089594],[76.78462940402386,31.795391950678038],[76.7830629361057,31.798102879644205],[76.78629467685789,31.80668876477472],[76.78730929828555,31.818227971343845],[76.78593006741875,31.820708642390002],[76.77914087485158,31.82415687693839],[76.77778693921596,31.81840282203268],[76.7752888941672,31.81603296544904],[76.77303342864985,31.816061414602643],[76.77203798436557,31.816894551042765],[76.77116244129371,31.82028065233027],[76.76628183403949,31.826137177788553],[76.75948433443455,31.829372575184266],[76.75775165021855,31.830665704958392],[76.75208317210075,31.836994394275905],[76.7507164247233,31.840862241699142],[76.75658581858073,31.85074329087024],[76.75154497012431,31.853879247529278],[76.74112320267375,31.855486994329397],[76.73588312830378,31.85999583713823],[76.72600454237579,31.86318932882449],[76.71780006602029,31.869263519895583],[76.71695892921127,31.875919046227068]]]}},{"type":"Feature","properties":{"blockName":"Kotli","districtName":"Mandi","state":"Himachal Pradesh"},"geometry":{"type":"Polygon","coordinates":[[[76.84099656983591,31.82705817529461],[76.84039169931754,31.826991265734364],[76.8403606304388,31.823693591186327],[76.83954956516038,31.822159506056437],[76.83530156081844,31.820722143012517],[76.82752850273829,31.819736842181555],[76.82285338877296,31.81913934340605],[76.81642794229577,31.816751238678762],[76.81343943218411,31.815052017336768],[76.81394820024929,31.814115582068496],[76.81704114863015,31.81089898679886],[76.81813257755647,31.806148404425358],[76.81576767084141,31.800662985108715],[76.81770231490998,31.793961152685085],[76.8155487848486,31.780010497686362],[76.8172178762041,31.774591075118053],[76.81832781227877,31.7709219158138],[76.81877216370447,31.766769327742338],[76.82000714781168,31.76488550975853],[76.82158706239306,31.761585210089436],[76.82211946464162,31.75620880479255],[76.82684190902694,31.753590647190663],[76.82802954202981,31.753078479688156],[76.82977884841517,31.74748528741611],[76.82995402555787,31.743406208130068],[76.83127913882123,31.7393938918147],[76.83123796785799,31.73853312460409],[76.83162918194125,31.736164977631688],[76.83145510287073,31.734148192185387],[76.82930498213926,31.72975235368824],[76.82900554207214,31.72657171511264],[76.82908808994347,31.725216434091237],[76.82980711320778,31.722467083389233],[76.83783399144562,31.718879410756244],[76.83924766274947,31.71245108375058],[76.84289545146396,31.709532753134113],[76.84736346235394,31.699283385719752],[76.85033936486985,31.69803685881402],[76.85351232593314,31.698829603103775],[76.85797467469155,31.69950275734641],[76.86007045658636,31.699598837316557],[76.86121239413671,31.699651162571172],[76.86768587520305,31.699999296430462],[76.87575871779063,31.70288418755524],[76.87926863593884,31.702710573434274],[76.88649953322692,31.704617028253324],[76.88923287060055,31.70560302515952],[76.90392195623338,31.70480309258869],[76.9033987585459,31.711627145576358],[76.8994850555909,31.713820283579253],[76.89887292484565,31.715708398523816],[76.90475678160027,31.716216764592048],[76.9123459085369,31.720977238608725],[76.91247454036778,31.723396546213678],[76.90688571430434,31.726965482371156],[76.90306141025593,31.733410434244206],[76.90622369186997,31.744523861287234],[76.91008449400425,31.746974697324447],[76.91132068500167,31.750243550399603],[76.90505249307813,31.755618386379467],[76.9029905481753,31.760808373907366],[76.90681439806605,31.766406324492323],[76.92029574725098,31.763119230468135],[76.92387566233202,31.76427172516003],[76.92486961554039,31.76647986385467],[76.92155515694498,31.774163648933325],[76.91284201504703,31.781150585331318],[76.91356465628394,31.78281461889958],[76.90939655940377,31.782876145118053],[76.90482252563908,31.780392968560705],[76.90111059457831,31.781533616483273],[76.89591921220193,31.7915695172195],[76.88400529680706,31.796113420098322],[76.87475339085637,31.807839315132355],[76.87441512525788,31.81172159847307],[76.86629393421777,31.817230129466964],[76.86096970938462,31.823338624278165],[76.85715014296477,31.82320129420441],[76.85352210156378,31.820975013486134],[76.85001834197294,31.821627494113613],[76.84099656983591,31.82705817529461]]]}},{"type":"Feature","properties":{"blockName":"Sarkaghat","districtName":"Mandi","state":"Himachal Pradesh"},"geometry":{"type":"Polygon","coordinates":[[[76.72613134858295,31.600624402793983],[76.73425978905806,31.60257641636855],[76.73755384923084,31.601713217391136],[76.73954805449915,31.585187414867335],[76.74554072022812,31.57893988846513],[76.74748510755171,31.578618914131653],[76.75104323205954,31.58046821343737],[76.74539151370743,31.588783711998758],[76.74806723601421,31.600048627142485],[76.7563328033163,31.603311030279883],[76.7670235462997,31.60211755887832],[76.77226467107778,31.608768386252052],[76.76479052786061,31.611899386747325],[76.76382009642037,31.61790928798331],[76.75669581286155,31.620784624710723],[76.75617869459114,31.624767558376163],[76.76003283454776,31.630055362465043],[76.75935831423487,31.632238062037004],[76.75441561868593,31.631865367692626],[76.75221141002862,31.634581412002603],[76.75637703377316,31.646428473595222],[76.75365306553658,31.65526944782681],[76.746006488109,31.656442325652847],[76.74118368837657,31.65488185171614],[76.73889027056958,31.660240320934122],[76.76136175464131,31.65759396508946],[76.7647362564731,31.652621362585876],[76.7668631207365,31.652050104228977],[76.7728216778782,31.655844463551205],[76.77910394509104,31.65704708105801],[76.77829056225971,31.66519560159577],[76.77566627397943,31.66608818142447],[76.7777642861929,31.68546440136106],[76.7753148396082,31.691918449876596],[76.76891595910428,31.6965035228194],[76.76815975157132,31.699580242034585],[76.76555617197982,31.701674281942587],[76.76317605593027,31.711185959764293],[76.75835057891612,31.712436238641544],[76.75422927646002,31.715964600985615],[76.76060929008673,31.717143126554106],[76.76313179849376,31.71898274375866],[76.75789432046656,31.72420722478364],[76.75585586495623,31.729006937120516],[76.75776726065061,31.73085408344923],[76.75788150692608,31.73388585095131],[76.76161169602301,31.735679725938667],[76.75911705400887,31.737880514474227],[76.75962611255511,31.739064946789938],[76.76193377292532,31.739587435811586],[76.75613056557319,31.750307967938397],[76.7540552621407,31.75173355166214],[76.74543978212029,31.752650448259658],[76.74541052717416,31.75584172491574],[76.744160902104,31.75717491229244],[76.74104141652822,31.758298080092402],[76.73787910793453,31.759481455704645],[76.72840260889336,31.762513135073164],[76.72827715166926,31.758137597871894],[76.72078081408335,31.757275139935814],[76.72262458255847,31.751853588672247],[76.72005109608125,31.747228540864512],[76.7154775425546,31.743337502623717],[76.7245820352328,31.733878990922733],[76.72045494833725,31.72955730782354],[76.71348328872284,31.728188410167036],[76.70939708590686,31.72490072259035],[76.69122570839977,31.719470819322908],[76.69185713230087,31.7142392669287],[76.68897243183233,31.713560673586244],[76.69024073402272,31.705044395982156],[76.68686700021192,31.70143300013291],[76.69197099996171,31.697501999617657],[76.69367999963231,31.682233999699406],[76.71811699969982,31.671984000061627],[76.7276990000089,31.664874999581627],[76.7238770000236,31.657455000048287],[76.7155609996405,31.63069699996663],[76.71623200000687,31.621076999703803],[76.72613134858295,31.600624402793983]]]}},{"type":"Feature","properties":{"blockName":"Bhadrota","districtName":"Mandi","state":"Himachal Pradesh"},"geometry":{"type":"Polygon","coordinates":[[[76.82908808994347,31.725216434091237],[76.82602055640359,31.724962332445727],[76.82423306930076,31.72493312336502],[76.82137458856647,31.726018804724106],[76.81218143532504,31.73250674958689],[76.81028759529636,31.7353799738068],[76.80699668185144,31.7373065671444],[76.80476596657616,31.73741108635261],[76.80173976138093,31.73729668809176],[76.79621460192237,31.730079301318767],[76.79062880477557,31.72944718583898],[76.790345233246,31.727704391444547],[76.78777878576238,31.72688671255179],[76.78252460732483,31.728168003650524],[76.77477511058294,31.725840908930877],[76.77242663178367,31.734323994356885],[76.7688483040061,31.734840098192024],[76.76193377292532,31.739587435811586],[76.75962611255511,31.739064946789938],[76.75911705400887,31.737880514474227],[76.76161169602301,31.735679725938667],[76.75788150692608,31.73388585095131],[76.75776726065061,31.73085408344923],[76.75585586495623,31.729006937120516],[76.75789432046656,31.72420722478364],[76.76313179849376,31.71898274375866],[76.76060929008673,31.717143126554106],[76.75422927646002,31.715964600985615],[76.75835057891612,31.712436238641544],[76.76317605593027,31.711185959764293],[76.76555617197982,31.701674281942587],[76.76815975157132,31.699580242034585],[76.76891595910428,31.6965035228194],[76.7753148396082,31.691918449876596],[76.7777642861929,31.68546440136106],[76.77566627397943,31.66608818142447],[76.77829056225971,31.66519560159577],[76.77910394509104,31.65704708105801],[76.7728216778782,31.655844463551205],[76.7668631207365,31.652050104228977],[76.7647362564731,31.652621362585876],[76.76136175464131,31.65759396508946],[76.73889027056958,31.660240320934122],[76.74118368837657,31.65488185171614],[76.746006488109,31.656442325652847],[76.75365306553658,31.65526944782681],[76.75637703377316,31.646428473595222],[76.75221141002862,31.634581412002603],[76.75441561868593,31.631865367692626],[76.75935831423487,31.632238062037004],[76.76003283454776,31.630055362465043],[76.75617869459114,31.624767558376163],[76.75669581286155,31.620784624710723],[76.76382009642037,31.61790928798331],[76.76479052786061,31.611899386747325],[76.77226467107778,31.608768386252052],[76.77497538330738,31.61724260256409],[76.78162708931876,31.619300735240813],[76.78852487592235,31.61829374815801],[76.79374509416084,31.611854808252872],[76.79441084158714,31.592704733636594],[76.79703280422058,31.589752382566473],[76.80093715422635,31.589111567944542],[76.80512765142004,31.59360394956269],[76.80494362225045,31.60224428594512],[76.8079433756863,31.618907833130038],[76.80712161836806,31.619183927696156],[76.80626141233438,31.619829877446932],[76.80593598635676,31.620800531919087],[76.80768752755739,31.623666300759226],[76.80905760692309,31.62548631544115],[76.8110272373172,31.627888211271966],[76.81775912598295,31.633481527650417],[76.81921395655888,31.63568119922803],[76.82192133769962,31.641794655598915],[76.82413692457948,31.644965975399487],[76.82882371534225,31.64695346543016],[76.82713717264244,31.652184595143012],[76.82665779082447,31.653938660740664],[76.83036347339566,31.660813778133388],[76.83303499496913,31.6614702445562],[76.83639510495021,31.664338753630602],[76.83655636688286,31.668073992420886],[76.83358428019045,31.670026091430998],[76.83124604287065,31.673319908786823],[76.83088178326773,31.680206023988887],[76.83238919090849,31.681365951577448],[76.83480098467777,31.681666556266634],[76.83832258232138,31.683796926986645],[76.84034985835933,31.688552346813424],[76.84167430342643,31.6909995630794],[76.84644649201203,31.69686252318695],[76.85033936486985,31.69803685881402],[76.84736346235394,31.699283385719752],[76.84289545146396,31.709532753134113],[76.83924766274947,31.71245108375058],[76.83783399144562,31.718879410756244],[76.82980711320778,31.722467083389233],[76.82908808994347,31.725216434091237]]]}},{"type":"Feature","properties":{"blockName":"Baldwara","districtName":"Mandi","state":"Himachal Pradesh"},"geometry":{"type":"Polygon","coordinates":[[[76.7297969996319,31.585431999886964],[76.7312999996953,31.582222000245167],[76.73110999992662,31.5729469997043],[76.72928513789884,31.566887530535155],[76.72835499968352,31.56379899962417],[76.73494000028086,31.56274200034312],[76.72924800039493,31.555561000140074],[76.73026300043716,31.546570000105476],[76.73619100041441,31.53981599980858],[76.73473399977433,31.532906999558406],[76.73972299961679,31.52501099965798],[76.73283400028896,31.519899000438556],[76.74089100041937,31.517858999893008],[76.76710499969602,31.520090000253333],[76.7863159997836,31.501712999955032],[76.78897754247964,31.495171300814945],[76.79303124199828,31.496128664206537],[76.7947004691514,31.496303693860455],[76.79771687803157,31.496194041321985],[76.80212618927226,31.492788836635555],[76.81410104542698,31.49417692492517],[76.81848755075993,31.49549245771078],[76.81956675879894,31.495892851174176],[76.82090196965021,31.496946545446747],[76.82286935983313,31.49657132220881],[76.81962699898685,31.508517981020077],[76.8130910662997,31.511487924628057],[76.81062808132094,31.518959072203472],[76.81007583193417,31.520740643565887],[76.81062770360569,31.527296408102814],[76.81038516814107,31.527964470384063],[76.81003944176689,31.5302623200501],[76.81017846616334,31.532629986784514],[76.81034830313172,31.53790064080198],[76.8104384790526,31.539821453297463],[76.81518376441926,31.541873545227986],[76.81740987606497,31.546746403923464],[76.8202177015857,31.552560040713388],[76.82086169531107,31.554983765788222],[76.81989335929114,31.55953180734707],[76.8264360386923,31.57057336956541],[76.82686697133374,31.57155044519692],[76.8217749136814,31.573173200782662],[76.82759914988094,31.57623740773022],[76.82853977958723,31.577449692949017],[76.82853241413966,31.578477100038185],[76.82685644476919,31.58006954577297],[76.82237695493257,31.582191878352546],[76.82345432116006,31.58406515718133],[76.82411879964297,31.588185816622172],[76.82812839460979,31.58918318995228],[76.8308082807776,31.588900138230827],[76.83204832536995,31.59214818908771],[76.83311007487009,31.59466727917163],[76.83517125534922,31.596341394140097],[76.8361860125745,31.59941467164981],[76.83509497934989,31.600998443423464],[76.83159994588084,31.60150397572795],[76.82751985755544,31.597919294240114],[76.82121304604527,31.59843033309346],[76.81974584439524,31.601391921100344],[76.81917311564683,31.604385221001223],[76.8187855618043,31.610484227964776],[76.8182696953902,31.612659705980718],[76.81698275744833,31.614597679339454],[76.81287030432117,31.61749289198343],[76.8079433756863,31.618907833130038],[76.80494362225045,31.60224428594512],[76.80512765142004,31.59360394956269],[76.80093715422635,31.589111567944542],[76.79703280422058,31.589752382566473],[76.79441084158714,31.592704733636594],[76.79374509416084,31.611854808252872],[76.78852487592235,31.61829374815801],[76.78162708931876,31.619300735240813],[76.77497538330738,31.61724260256409],[76.77226467107778,31.608768386252052],[76.7670235462997,31.60211755887832],[76.7563328033163,31.603311030279883],[76.74806723601421,31.600048627142485],[76.74539151370743,31.588783711998758],[76.75104323205954,31.58046821343737],[76.74748510755171,31.578618914131653],[76.74554072022812,31.57893988846513],[76.73954805449915,31.585187414867335],[76.73755384923084,31.601713217391136],[76.73425978905806,31.60257641636855],[76.72613134858295,31.600624402793983],[76.7297969996319,31.585431999886964]]]}},{"type":"Feature","properties":{"blockName":"Bali Chowki","districtName":"Mandi","state":"Himachal Pradesh"},"geometry":{"type":"Polygon","coordinates":[[[77.08547247197708,31.67589118473046],[77.08542883327408,31.673307767039887],[77.08199038874551,31.668434200577963],[77.08483402976674,31.665317037951013],[77.084794248256,31.65853054155133],[77.09154130398804,31.65659941922786],[77.09471249608487,31.651432667483675],[77.09821367102415,31.649541879753997],[77.10690241521434,31.648651283829736],[77.11585941278173,31.645231808701055],[77.12150091213744,31.63674274638072],[77.12211906294448,31.6295206795358],[77.12848514067673,31.62733678026825],[77.12989568144059,31.622927519389577],[77.13455962132952,31.622837417213077],[77.14294404483184,31.625716448355433],[77.13933101491449,31.634053961421216],[77.13935120019778,31.636043826561377],[77.14321484598838,31.63901765344201],[77.1394128882942,31.648182898022355],[77.1403368202881,31.651737375779305],[77.15307773874673,31.655394712595978],[77.177554514929,31.65639897653159],[77.18735360258677,31.64893518271259],[77.19427500808519,31.64632840513184],[77.19048014604198,31.641201744265118],[77.19978153808756,31.633013215587482],[77.20876793539196,31.629875371251444],[77.21353479999107,31.63341641763361],[77.21609297191316,31.625370650035507],[77.23314118072096,31.619052651858453],[77.23728723341912,31.61605721876566],[77.24150341525046,31.610272331502927],[77.24658052257314,31.597595916018747],[77.24968222675341,31.59419888976703],[77.25631703270494,31.591123678714837],[77.25449907477253,31.572135853486884],[77.26240273779615,31.559960237175233],[77.26881087052533,31.537113028943168],[77.2648101455718,31.530903019558764],[77.26595396900052,31.521037147346533],[77.26998577542327,31.516085587180157],[77.27392165925721,31.514353053150955],[77.28058060571044,31.511570793557325],[77.28440496012087,31.508046470068564],[77.28761393813278,31.506526170646282],[77.29219609007754,31.508244441427905],[77.29730416105826,31.515760270020508],[77.29891085295355,31.517746538771803],[77.3013186447397,31.5218471406331],[77.30769818622235,31.526480358781612],[77.31156676029781,31.52863943496203],[77.31927957639141,31.528914295658296],[77.30631300004495,31.546382999575826],[77.30194099987727,31.557460999625505],[77.30459600000546,31.5654280001022],[77.30578600002394,31.579673999655427],[77.30168199962463,31.592657000320344],[77.30711267720835,31.610785012518363],[77.30608400027643,31.62167899958621],[77.29883599968167,31.653303000133405],[77.30583999981621,31.66183100040041],[77.28354547174621,31.69146039368229],[77.27382700021593,31.70116000013394],[77.25830100009114,31.710234000398827],[77.24645999992913,31.71283900001987],[77.23857100035144,31.71907599985758],[77.22778300018535,31.722548999936464],[77.22530400007957,31.72480200041207],[77.21834818831832,31.721425538058213],[77.21391107903315,31.716019353510433],[77.20869367117604,31.713809313648937],[77.20458920672655,31.709181949187666],[77.1895970603561,31.7064520418283],[77.18467336838131,31.700648181568397],[77.16629049281204,31.697669230350755],[77.15820448684764,31.694067373610437],[77.14256751757694,31.69342926504862],[77.13182874989695,31.690109326884],[77.11924802137912,31.691325568220464],[77.11433596213499,31.686556253868048],[77.10480359091304,31.68393649637227],[77.08706039052464,31.678283388567593],[77.08547247197708,31.67589118473046]]]}},{"type":"Feature","properties":{"blockName":"Hamirpur","districtName":"Hamirpur","state":"Himachal Pradesh"},"geometry":{"type":"Polygon","coordinates":[[[76.61455423668872,31.546273999945186],[76.61935400028693,31.557311999948865],[76.61678300043519,31.565723000216337],[76.62206300020733,31.573486000278763],[76.63211401854716,31.575510000985787],[76.62872346381687,31.57861777289196],[76.62277081252302,31.577137436643454],[76.62189222884336,31.585426356641108],[76.61570678713855,31.59583806787259],[76.60757171416333,31.596329935877918],[76.59661125910236,31.59076867673309],[76.59297701058063,31.589714638919475],[76.59127978123695,31.591279300099643],[76.592293071668,31.594165725467917],[76.59750164908189,31.59811013757286],[76.59433102265865,31.602920683143054],[76.59833938465493,31.615082886066375],[76.5916714395853,31.62106828167589],[76.59601304446647,31.62366980991385],[76.59949598655061,31.623934349090973],[76.60296788765794,31.637874969454344],[76.59687842879651,31.641910918154394],[76.58507086542818,31.644637498921497],[76.5771672743503,31.653698063315005],[76.57775787892302,31.654764890387412],[76.58033845835325,31.653172531886867],[76.58493979823317,31.653925397539126],[76.58997969160953,31.650808019974193],[76.59295246718267,31.654188241494182],[76.59819480874347,31.654979460533752],[76.60296514112844,31.659023387119646],[76.60397190607864,31.662698009805354],[76.60196657889458,31.667002710107056],[76.6032681092359,31.669205533808395],[76.60636312515817,31.668301788896486],[76.6077222256003,31.66868833639768],[76.61326758023472,31.671434804772446],[76.61367236598699,31.679458234110257],[76.61250076339957,31.68462578085513],[76.61307859490131,31.68709767721606],[76.60566248223785,31.68608226708301],[76.58219180011156,31.689057424060934],[76.56797716081735,31.6883962775662],[76.56037398287305,31.693024300331274],[76.55673768029976,31.69831346779233],[76.55739882589518,31.7128586789849],[76.57236051582521,31.73028476762795],[76.56970997633442,31.73200112914884],[76.56517315381802,31.732174901550536],[76.55293546360082,31.72970764659067],[76.54799385892949,31.733466500678503],[76.54768168356293,31.738265918037712],[76.5456704613228,31.74020500026063],[76.53394678761424,31.741030859386683],[76.5186424667765,31.74656302995993],[76.51496135368359,31.74391142027588],[76.50923864374846,31.742529594864948],[76.51086972255973,31.755410380384774],[76.49666256112835,31.75262713153694],[76.48262544710673,31.746233470698144],[76.47269225704207,31.74880989346184],[76.47529252173257,31.755877811112157],[76.47340912643011,31.756063754039076],[76.46818108049251,31.752099717827775],[76.4618123371697,31.751796319844345],[76.4616178371935,31.75099067208191],[76.45645043883673,31.749316057989745],[76.45382164405368,31.74740048044788],[76.45195329980498,31.744801189723205],[76.45558711215557,31.738041834862827],[76.4562682685658,31.735463468664193],[76.45818758998536,31.73350321010514],[76.45714597270853,31.731214740368046],[76.4575920085644,31.728523663036697],[76.45848993396334,31.72752067973562],[76.46363059367701,31.720887222767146],[76.46415449373495,31.71636684435441],[76.46815928002678,31.711151779231272],[76.46803496044515,31.70477876143076],[76.46617070811175,31.701171062694414],[76.46275271956239,31.695777315770556],[76.45981884956029,31.696442303269748],[76.45903484488224,31.698285000652334],[76.4565499272374,31.70051261236722],[76.45330758707553,31.702190110585207],[76.44928872729298,31.701250650896895],[76.44642363654162,31.699559211388532],[76.45234755989202,31.696439862509692],[76.44857703979858,31.691193920962746],[76.44685571491937,31.688816852715604],[76.44563937106017,31.68651279772746],[76.44429117579716,31.678297408998276],[76.44475572779464,31.673818673692892],[76.44603603593436,31.675538062331782],[76.44982704887929,31.674943795719628],[76.44974508107072,31.672771647893285],[76.44621490299545,31.670842343999027],[76.44678958597069,31.6625998550993],[76.45499102351698,31.66014859997796],[76.45634349235831,31.65506659314883],[76.4684952253744,31.656603490458792],[76.47816743128197,31.65496413338809],[76.47333132877787,31.648816545047566],[76.47542150879565,31.64041484107213],[76.48263467864757,31.643857490830612],[76.48804455671097,31.63861154838429],[76.48755274896024,31.634677091774392],[76.48415108400536,31.630127876600284],[76.48429994608568,31.625496969709445],[76.4903149230953,31.621196864044066],[76.49556239169107,31.62301442177818],[76.4993625156676,31.61998526500804],[76.50619916006326,31.62059781124003],[76.50870756080536,31.622087966286642],[76.51098028791,31.627105105915973],[76.52199859006294,31.633434156760984],[76.52649812758659,31.635972509423823],[76.52663834987999,31.64023870795006],[76.52362504456022,31.644127967331883],[76.52738290759515,31.64839628825814],[76.53293180555846,31.652863761353558],[76.53471457211987,31.653478328362212],[76.53984323937408,31.648673210200513],[76.5406226377246,31.644442832570746],[76.54445593499344,31.64294855323317],[76.5504379617426,31.63675798809072],[76.55336728567175,31.63597236193499],[76.55625208236779,31.62537499286168],[76.56557083042952,31.622362076049],[76.57027113170744,31.62290296340109],[76.58220002081435,31.620225104305177],[76.58543369870631,31.618322754891267],[76.58464795384003,31.616483274383654],[76.5838752608347,31.613314338685825],[76.582619543757,31.610233622883413],[76.57703326907017,31.61166046655734],[76.5691961495827,31.61311652830517],[76.56651731921897,31.613096980641217],[76.56722529880852,31.60976717331647],[76.57199242690905,31.60315308234891],[76.57659546291035,31.601029830662185],[76.58142110899706,31.589228539165788],[76.58602617926482,31.586777034932254],[76.58981608964086,31.57831791733804],[76.59430438024299,31.573138762144197],[76.5942385858421,31.570289084873423],[76.59839432963469,31.562661511919316],[76.59749813992727,31.56243085290157],[76.59912563673879,31.561221493177413],[76.59858251726939,31.556333758795972],[76.60137712365537,31.552075795361702],[76.60606317697409,31.551569724363333],[76.60817421316943,31.548822523940373],[76.61057295327925,31.54890659346455],[76.61117924652507,31.547193015345442],[76.61455423668872,31.546273999945186]]]}},{"type":"Feature","properties":{"blockName":"Amb","districtName":"Una","state":"Himachal Pradesh"},"geometry":{"type":"Polygon","coordinates":[[[76.13247403704725,31.800083717389725],[76.12976426370989,31.799684467863926],[76.13064254971397,31.79784937065199],[76.13548489351308,31.791125275511092],[76.14230831967325,31.786241680709054],[76.1447849725485,31.780942425552553],[76.15250221150791,31.779603255885604],[76.15368085308893,31.778246006248253],[76.15361090471953,31.774522449651386],[76.14734734970051,31.768418989244992],[76.14485058888363,31.752731486169182],[76.14051700325717,31.74771966602981],[76.12404924028027,31.742058798874496],[76.11609351460407,31.741465213948516],[76.10936868022048,31.744218137656958],[76.1013628371253,31.75140032586438],[76.09871361334262,31.75383767836621],[76.0932954372347,31.75531082813228],[76.09219677596047,31.762880817495784],[76.09108714565531,31.764003692116773],[76.08948006705151,31.764790070105676],[76.08834513072327,31.765829716967914],[76.07609063577428,31.742443099869206],[76.07721197525251,31.732860753321177],[76.08455164464272,31.72633660175285],[76.08373612592152,31.718487231700408],[76.07935271155844,31.711453381268598],[76.06847369010876,31.70917123286614],[76.06183471310158,31.711175452085513],[76.05586381006685,31.7103821160419],[76.06130935614192,31.698303139078632],[76.06069771732587,31.69565270211058],[76.05386774589982,31.691269287747502],[76.04163496238368,31.68851691172614],[76.02790930067374,31.67866359315036],[76.02945926423371,31.678995728070447],[76.04270329222322,31.67703848313954],[76.05204830768332,31.657539728775532],[76.06030968324535,31.65271344327084],[76.06048608436538,31.649201098751746],[76.07003948623338,31.647745043299153],[76.0753240491656,31.641808065389966],[76.08537124178946,31.635283913821638],[76.09032959723316,31.62862927871828],[76.09205696825455,31.612189436992992],[76.09460546527004,31.61123375083696],[76.09906533369826,31.613622967126275],[76.10846291543123,31.612507999344757],[76.11594912395299,31.605818196252812],[76.12263892794425,31.588137999669016],[76.13888559439471,31.573643425703608],[76.1400300077787,31.55891551723738],[76.15256006309647,31.56758847472838],[76.15731114819101,31.567824222110232],[76.16690135211576,31.564657466369056],[76.17310147525296,31.561091194902758],[76.17356565043445,31.560774133519487],[76.17759055635912,31.558024862857167],[76.1873875045298,31.548643968044757],[76.1939339170167,31.548629002426594],[76.19835696360303,31.554113028693394],[76.20076830411398,31.56113880950852],[76.2035175343068,31.56139749499846],[76.2073051370225,31.559387981470195],[76.20808324934256,31.561828467210034],[76.21429056615676,31.567034755849363],[76.21662137867372,31.568351750033287],[76.21939845817235,31.566858668592715],[76.220119420375,31.570033767344512],[76.22424577971901,31.57267374609654],[76.22700176202176,31.58110515647786],[76.22974566013414,31.583128523162884],[76.23480789986473,31.584035292494832],[76.23460294886706,31.58400174868183],[76.23294087132422,31.583729724447267],[76.23038848564016,31.583724365387184],[76.21959366501568,31.578492841771265],[76.21687025975473,31.577825794824605],[76.21482053933647,31.579687710719327],[76.21153588157574,31.584268746605403],[76.20324990775708,31.58588346584935],[76.19897558205753,31.584177439337395],[76.1970879851225,31.590241397922227],[76.19429712621144,31.5942105881482],[76.1920077688435,31.59516663313366],[76.18929390179221,31.595299406342576],[76.17826661001612,31.598430575011093],[76.17668909032932,31.599494894773613],[76.18460242196426,31.602533789402912],[76.19356417065,31.608739552188638],[76.19575541558004,31.61186809663542],[76.19586644677918,31.613355649044024],[76.1954550941773,31.615139414752264],[76.19364935893083,31.61891432083928],[76.18901030328294,31.623752076297308],[76.19080476193028,31.63108432358274],[76.18983846827075,31.635094663188227],[76.18874538369255,31.63802062455221],[76.18467833104017,31.641014130397878],[76.18973707780395,31.64685830456716],[76.19202890920684,31.64857868515827],[76.19306606224904,31.648272898575442],[76.19575309263115,31.646256215651874],[76.20034430794351,31.647358787178348],[76.20884359105895,31.648790635579417],[76.21280493110277,31.65048052285789],[76.21352615770604,31.656588415123338],[76.2161704819822,31.658655344968224],[76.21702961062806,31.661804230281064],[76.21751574815329,31.66517300523003],[76.21701257566991,31.670130043167035],[76.21830873526,31.670649102174366],[76.22068782788102,31.672357761901253],[76.22218370261584,31.677289017174473],[76.22394140866913,31.678486188386955],[76.23031857504225,31.680515660569313],[76.23151255635946,31.681510588642823],[76.23811690317262,31.695916217859235],[76.24633676512968,31.701723524321267],[76.24860527711189,31.703176817955807],[76.25049001420285,31.70413541162003],[76.25154678235816,31.710665556270442],[76.2541091073495,31.716414093835397],[76.22392999986965,31.742666000435634],[76.20997600029222,31.76326399973385],[76.20925100013363,31.768419000036886],[76.20378099969344,31.772905000065748],[76.20027186935135,31.77261970543509],[76.19467899993595,31.77216500011474],[76.18956000039378,31.7680819997845],[76.18267799959006,31.770010000561115],[76.18463099972092,31.776581000512806],[76.18247948054363,31.78025349720116],[76.18025999959934,31.784042000138243],[76.174505968076,31.78715684791024],[76.16605400009206,31.79360000023985],[76.15998800004621,31.796166999907143],[76.15097227315192,31.79745042329847],[76.13247403704725,31.800083717389725]]]}},{"type":"Feature","properties":{"blockName":"Bangana","districtName":"Una","state":"Himachal Pradesh"},"geometry":{"type":"Polygon","coordinates":[[[76.31388100030796,31.721735000170156],[76.2946850000128,31.691225000633324],[76.28963500005528,31.686617000374326],[76.28706352624815,31.688700583844422],[76.28566269008115,31.68643326078643],[76.28174819932002,31.684019324832036],[76.2790080549778,31.67827807087633],[76.27822515736517,31.67057957288904],[76.27391921689838,31.66581694229808],[76.27444114923969,31.6620329341726],[76.29029483713708,31.638937439311405],[76.288924764966,31.63671922731055],[76.28624986284098,31.635936328798607],[76.27946474600128,31.638676472241457],[76.27313631928575,31.635414397356612],[76.27000472613724,31.632478529060904],[76.27073047543115,31.625499359208106],[76.27595688370326,31.622015086127362],[76.28715633179934,31.597376299776442],[76.29362712389269,31.5928965212575],[76.30656870807945,31.589661124761165],[76.30983874825966,31.58576152677307],[76.31187754641172,31.589839122177807],[76.32074631419113,31.589737182225235],[76.34266338510719,31.58280527084662],[76.34674097961255,31.576586939136007],[76.35826018436006,31.57781021766749],[76.36559985464964,31.57526172065195],[76.38148057257041,31.544365579208147],[76.3896935007545,31.53391276086529],[76.39243114408208,31.526695339018715],[76.393675527004,31.510518358335617],[76.39840418300668,31.504545319411022],[76.40935475541767,31.498074527317613],[76.41507891685859,31.484137435894013],[76.4272738721915,31.472689111213583],[76.4436997285597,31.449294708683908],[76.44867726114671,31.429135701751306],[76.4490430001344,31.41664699995914],[76.4597470000241,31.422348000260058],[76.46650023050131,31.42414278985791],[76.46686600006592,31.42424000027586],[76.47189299986212,31.42441000002151],[76.47370099960153,31.44018700003005],[76.47921800041047,31.441861999931405],[76.47808799956158,31.444798999574232],[76.47129800030251,31.444104999945864],[76.4645310003055,31.446359999614344],[76.46924274815439,31.455657519179226],[76.47048200044401,31.458681000327942],[76.45278900021225,31.48316399981877],[76.45896900011934,31.486038000153656],[76.44519799998778,31.503440999602503],[76.4391940001031,31.514044000230456],[76.43573000043921,31.52216699980727],[76.43781300026978,31.52475500044295],[76.43688199960468,31.527407000432788],[76.439415000402,31.53679099970492],[76.43259399971339,31.54560299957882],[76.40806599994602,31.59030199963763],[76.40006299960783,31.610514000021112],[76.39561500043197,31.613674000055084],[76.39380599974714,31.61495199963514],[76.3943709997219,31.620136000376192],[76.38303884496679,31.630060772786464],[76.36765299968624,31.640580999813324],[76.36606892214267,31.64231052501209],[76.35705600023425,31.65215100006867],[76.35224899979158,31.664529999859667],[76.34446699975229,31.67535399988725],[76.33573199983198,31.682843999950705],[76.31388100030796,31.721735000170156]]]}},{"type":"Feature","properties":{"blockName":"Una","districtName":"Una","state":"Himachal Pradesh"},"geometry":{"type":"Polygon","coordinates":[[[76.17356565043445,31.560774133519487],[76.17391746701753,31.55680941112547],[76.17789949326703,31.531672870706473],[76.18835231160995,31.513504878247602],[76.20129389579671,31.49459025423687],[76.21348885112963,31.48040428712818],[76.2243583253765,31.475643672817284],[76.22737140406713,31.47637474429905],[76.23114197362327,31.4743412026844],[76.24832128380024,31.45683090152494],[76.25015789187324,31.447590139973045],[76.25644121578955,31.436942467321046],[76.26215307720281,31.421573224424833],[76.27740814397072,31.40150605086359],[76.28715633179934,31.41295872106815],[76.28491644164052,31.429633454920065],[76.28939622105884,31.431873345078884],[76.30432881882001,31.431126715325718],[76.31154624066653,31.427891318829325],[76.31975916974994,31.427144689076215],[76.32175018332435,31.429882332403793],[76.3145327596792,31.445810435603164],[76.33195412418354,31.451783475427078],[76.34240694162713,31.452530105180244],[76.35285976086931,31.45601437826099],[76.36160523339487,31.45377556369135],[76.3596871881133,31.459807741134398],[76.35893780103873,31.46784251182254],[76.35318874456499,31.476374209202447],[76.33865925532041,31.49458296343306],[76.33666580008668,31.50471162564105],[76.32849882905776,31.5144752629231],[76.31560625162729,31.531937358622258],[76.31219147725494,31.53229227876568],[76.30626368232316,31.52868455844566],[76.30383668911196,31.519062722666547],[76.30125475530275,31.51706060606216],[76.28913740067054,31.51621589534733],[76.28731251975705,31.51595224919697],[76.28643666102312,31.522032057433535],[76.28772110514495,31.527771626959066],[76.28625930662179,31.53435952607134],[76.28384006556661,31.542167830381118],[76.27835480992661,31.54310659309482],[76.2658187210572,31.551318705593815],[76.2654731934332,31.55488500763704],[76.26865772157663,31.559380259891157],[76.26831461672623,31.567977410828917],[76.26600324395463,31.569893125067722],[76.26164265708303,31.571311298377793],[76.25559466686042,31.58089948692185],[76.24184981901402,31.588375168878997],[76.23937658266323,31.587764880844645],[76.23554772624664,31.584312263899903],[76.23480789986473,31.584035292494832],[76.22974566013414,31.583128523162884],[76.22700176202176,31.58110515647786],[76.22424577971901,31.57267374609654],[76.220119420375,31.570033767344512],[76.21939845817235,31.566858668592715],[76.21662137867372,31.568351750033287],[76.21429056615676,31.567034755849363],[76.20808324934256,31.561828467210034],[76.2073051370225,31.559387981470195],[76.2035175343068,31.56139749499846],[76.20076830411398,31.56113880950852],[76.19835696360303,31.554113028693394],[76.1939339170167,31.548629002426594],[76.1873875045298,31.548643968044757],[76.17759055635912,31.558024862857167],[76.17356565043445,31.560774133519487]]]}},{"type":"Feature","properties":{"blockName":"Ghumarwin","districtName":"Bilaspur","state":"Himachal Pradesh"},"geometry":{"type":"Polygon","coordinates":[[[76.61741133606438,31.42565950188458],[76.62490320761697,31.430672656617844],[76.63634781450008,31.43276652025878],[76.66478418694072,31.445681342420073],[76.67472810501806,31.44355796842558],[76.67567694553469,31.42039619532818],[76.68225955663331,31.418789873054266],[76.68564808609034,31.415995276560807],[76.6876297008501,31.411716433566596],[76.70165311639823,31.403933556688344],[76.71806585255712,31.388696167893897],[76.71902816132064,31.385318163202726],[76.71250420220724,31.3763808553922],[76.71130721355712,31.36868496364019],[76.71241747428707,31.364407531682275],[76.72245319965549,31.364359731816194],[76.72386825591536,31.36647416295233],[76.72603618232404,31.365397635792306],[76.73143079799297,31.383248253004524],[76.73989558940997,31.387776502283828],[76.75406639664692,31.387603831551644],[76.75614232241031,31.389151138514308],[76.75206666684323,31.39526842509781],[76.76025625672094,31.397107053947423],[76.76523300869644,31.409289709252732],[76.77328376033734,31.409975284931534],[76.78627311561183,31.40864094822126],[76.80226361737209,31.404890843637588],[76.80419719754269,31.405668978440644],[76.79872702263407,31.419072615408936],[76.80346968108097,31.424965043601958],[76.80581699975477,31.432944999711992],[76.80373399992419,31.440327000190962],[76.79718800022607,31.445640999732404],[76.79856900005939,31.45169099993973],[76.80327600038714,31.45143699991769],[76.80251300027481,31.4567429999895],[76.79860700001308,31.464586000143868],[76.7980119995542,31.476165999960983],[76.78592699983125,31.484096999676865],[76.78871649267205,31.49295888674328],[76.78922299984163,31.494567999613537],[76.78897754247964,31.495171300814945],[76.7863159997836,31.501712999955032],[76.76710499969602,31.520090000253333],[76.74089100041937,31.517858999893008],[76.73283400028896,31.519899000438556],[76.73972299961679,31.52501099965798],[76.73473399977433,31.532906999558406],[76.73619100041441,31.53981599980858],[76.73026300043716,31.546570000105476],[76.72924800039493,31.555561000140074],[76.73494000028086,31.56274200034312],[76.72835499968352,31.56379899962417],[76.72928513789884,31.566887530535155],[76.7260934520512,31.56660322066216],[76.70698902882066,31.5489875648243],[76.70195810528242,31.539816373027236],[76.69743129941497,31.535803989262718],[76.69916406007337,31.527400803204557],[76.69165560142494,31.51798536543231],[76.69130727690936,31.51383832168125],[76.69621378913513,31.4954264744523],[76.69388960372231,31.49030198185102],[76.68893373670267,31.487767094276023],[76.6922410591776,31.482241613759527],[76.6884970636886,31.47867732619767],[76.68533059573048,31.48010870695134],[76.68087079205344,31.486834456844747],[76.67701801996571,31.487729255300962],[76.67425874434565,31.483174573148062],[76.6745126706233,31.479230186224186],[76.66711383033908,31.485195255356814],[76.66385464227795,31.48179170991955],[76.65681840954204,31.483906479200698],[76.65120614534737,31.48351295206112],[76.65078625098477,31.481790614545275],[76.65520020992182,31.478865123526703],[76.65402275184857,31.476758090213764],[76.65152459258593,31.47620530662965],[76.64319927162916,31.481810328583833],[76.63462841417004,31.484055532836635],[76.62245589422417,31.497471671280664],[76.618555217949,31.49612144085188],[76.61825380476932,31.504847471833386],[76.62181985859968,31.50483970348955],[76.6232326521652,31.50719050883498],[76.6179858769467,31.50763053632022],[76.61680340515306,31.50941398546712],[76.60797099966197,31.490646000412653],[76.61021399967638,31.469849000031388],[76.6271970004413,31.44517099964196],[76.62528200026418,31.438838999919938],[76.61617999960737,31.43131099990279],[76.61741133606438,31.42565950188458]]]}},{"type":"Feature","properties":{"blockName":"Jhanduta","districtName":"Bilaspur","state":"Himachal Pradesh"},"geometry":{"type":"Polygon","coordinates":[[[76.52186212963363,31.464294270863945],[76.51767000017043,31.467910999692947],[76.51306900023422,31.4603099999066],[76.49987000040028,31.46914099975737],[76.48430600032174,31.470763999958706],[76.4704563850542,31.478891408012146],[76.4640660004456,31.484082999930536],[76.45896900011934,31.486038000153656],[76.45278900021225,31.48316399981877],[76.47048200044401,31.458681000327942],[76.46924274815439,31.455657519179226],[76.4645310003055,31.446359999614344],[76.47129800030251,31.444104999945864],[76.47808799956158,31.444798999574232],[76.47921800041047,31.441861999931405],[76.47370099960153,31.44018700003005],[76.47189299986212,31.42441000002151],[76.46686600006592,31.42424000027586],[76.46650023050131,31.42414278985791],[76.4662932038683,31.422888892108745],[76.47206811764954,31.41340277931488],[76.47397945308933,31.41233212922441],[76.47739288207589,31.41198349264414],[76.4787278204326,31.410156350834995],[76.48211983925921,31.408164322825314],[76.48624978060298,31.40821119369167],[76.49137741813342,31.39785142010703],[76.49251857956887,31.39398727789063],[76.49860666066888,31.39120068986],[76.50375434408778,31.39032926118648],[76.50797320859675,31.386391773861305],[76.51328455783613,31.379661208098298],[76.51536872858401,31.377002748278244],[76.52414462967096,31.373112086853382],[76.52575849995486,31.36765806286934],[76.5269807046958,31.365845240065823],[76.53419619659724,31.366385651676524],[76.5354859098469,31.364876936421524],[76.53754594998566,31.35723957704488],[76.54048257011459,31.353860307906928],[76.54718355267886,31.349190086253543],[76.55484859138943,31.34897048619905],[76.55702565131281,31.3469571460555],[76.55708532672651,31.340975229023627],[76.56440769855652,31.332944649176284],[76.56893910175819,31.32863316438909],[76.57029728579118,31.320881620790203],[76.57269288456905,31.309856446018216],[76.58085686625145,31.30963486925384],[76.58728127940759,31.312062920967094],[76.58973712916526,31.311309628136883],[76.59258331796582,31.30818395162811],[76.59531188713396,31.305025469649763],[76.59666204291898,31.298300403241058],[76.59168708059434,31.294125217904536],[76.59141170818384,31.28932074635543],[76.59369570109578,31.287321848424597],[76.6044518715567,31.289184063793584],[76.61399081682282,31.289469010386597],[76.61455884301625,31.289399390269693],[76.61526370375697,31.28638981893505],[76.61124783961617,31.2788747727526],[76.61049884914263,31.27154602832661],[76.61508559302575,31.26439627776608],[76.61756446093119,31.26347486207527],[76.6190162086312,31.26293523557274],[76.62086700081147,31.263542455120273],[76.62435261298276,31.26482022897045],[76.62937200901104,31.267211137783818],[76.63060450019759,31.264243392118885],[76.64012789798414,31.261109371700172],[76.6422541489099,31.25801473529185],[76.65065568920875,31.251176989226735],[76.66055499461737,31.25018846972216],[76.66337652940337,31.251211175155674],[76.67070978392945,31.251378440962355],[76.67720683892452,31.252270402057434],[76.68186270739807,31.25534740455913],[76.6845134150621,31.25764778042077],[76.68959258722816,31.264539795175438],[76.69272332692003,31.270747788279834],[76.69475240879666,31.275173870977426],[76.69791701066157,31.27929519771527],[76.69154553969497,31.28796219360038],[76.69203256125377,31.28939445928694],[76.69174751663462,31.292196190102118],[76.69081966989194,31.29920630472725],[76.70888150367853,31.301103461455625],[76.71714216697745,31.298142853709805],[76.72271784944923,31.289894341150955],[76.72884254464776,31.284835003532635],[76.74635763559644,31.301748721426407],[76.74679373574236,31.3083488513185],[76.75054362179077,31.311294287501426],[76.75104197930398,31.314618976784402],[76.74671815132166,31.322250664136902],[76.7452564337375,31.331405049403543],[76.75167400844879,31.33010252441204],[76.75296436201575,31.33462830775028],[76.75257786937323,31.341350866849098],[76.74781172243308,31.3485142529305],[76.74425790028192,31.351227226955018],[76.72665612008393,31.35849007715541],[76.72245319965549,31.364359731816194],[76.71241747428707,31.364407531682275],[76.71130721355712,31.36868496364019],[76.71250420220724,31.3763808553922],[76.71902816132064,31.385318163202726],[76.71806585255712,31.388696167893897],[76.70165311639823,31.403933556688344],[76.6876297008501,31.411716433566596],[76.68564808609034,31.415995276560807],[76.68225955663331,31.418789873054266],[76.67567694553469,31.42039619532818],[76.67472810501806,31.44355796842558],[76.66478418694072,31.445681342420073],[76.63634781450008,31.43276652025878],[76.62490320761697,31.430672656617844],[76.61741133606438,31.42565950188458],[76.61787400038486,31.42353600018629],[76.61422700037582,31.418706999628398],[76.59332999987964,31.425705000385506],[76.58967600044713,31.422143999845787],[76.5723419996836,31.43178600022378],[76.56051600021328,31.429331000325476],[76.5599034881555,31.430989966214042],[76.5570070002729,31.43883499973549],[76.55400100014612,31.44177400036989],[76.53715024738608,31.452884453354898],[76.53465300003597,31.454530999605993],[76.53294400036538,31.46127300024881],[76.52575699988569,31.460933999904228],[76.52186212963363,31.464294270863945]]]}},{"type":"Feature","properties":{"blockName":"Naina Devi","districtName":"Bilaspur","state":"Himachal Pradesh"},"geometry":{"type":"Polygon","coordinates":[[[76.4490430001344,31.41664699995914],[76.44158899993243,31.41481600005841],[76.43492704884426,31.41148439498886],[76.41728999993359,31.412577000228453],[76.39881100032744,31.426971000311482],[76.39577499971654,31.421792999847128],[76.39655299962129,31.412985000157676],[76.39581299967028,31.40804900006134],[76.40454100016706,31.394725999905006],[76.39338700020994,31.38856700006704],[76.40516700025694,31.376007000023094],[76.42691799966599,31.344967000326847],[76.43225100008362,31.334594999559613],[76.44206200016123,31.322437000067566],[76.46230300008347,31.303190000118434],[76.45960199963264,31.297613000139904],[76.44247400027496,31.286450999813837],[76.44512900040309,31.280057999976748],[76.45976299986262,31.286899999835157],[76.46501900032666,31.2934040002944],[76.48075100005866,31.307383000125412],[76.4865040000596,31.30386899995443],[76.48967000037027,31.28934900035614],[76.49374400028546,31.28624300011444],[76.49819536922098,31.27940571270352],[76.5003568816648,31.275033324928074],[76.50259400011305,31.270508000244092],[76.51223799968398,31.270383999921705],[76.52493299965829,31.279700999701447],[76.52829700010653,31.28016100023001],[76.53061700007453,31.274457999836898],[76.52827499999131,31.26156000039373],[76.53208899960771,31.259366999987094],[76.54190099973141,31.267009999911636],[76.54525799985686,31.28059799969799],[76.55121600031822,31.280996000065386],[76.54665400038186,31.263551999625122],[76.54892699998112,31.25237699959888],[76.5599290001233,31.25288000031179],[76.56626900021422,31.2618559996547],[76.58456400032838,31.277143000449144],[76.61563899984003,31.2478329995933],[76.60669700026642,31.243073999565468],[76.59870100025103,31.23657400018999],[76.59650399965989,31.22788199955471],[76.58992800037697,31.2227149995976],[76.59455899989797,31.213260999795352],[76.60072299996654,31.212963000442187],[76.63026399978384,31.226325999745143],[76.6399539996774,31.223948999846527],[76.63851199972908,31.2179009997314],[76.64812499966905,31.212179000260733],[76.64939899996392,31.209820000292837],[76.6642610000452,31.212230999960752],[76.67191300038473,31.215209999741774],[76.69409199974604,31.217044999826953],[76.70571899993195,31.223976000192295],[76.71318099960348,31.22620000022988],[76.72132030478826,31.22961736195174],[76.72283899982006,31.2302550001682],[76.7286990002587,31.23433300026778],[76.7326200003128,31.24019399985326],[76.74533100012559,31.23652799986735],[76.74814736560847,31.234087495241738],[76.7595941191733,31.228482076686532],[76.76535084056889,31.22827906822448],[76.7654155710718,31.229562421468643],[76.7641539454483,31.23248278095565],[76.76462758149773,31.23798577212574],[76.76283574707213,31.242677362570305],[76.75426423850388,31.249325842713517],[76.7541711101087,31.254603779440913],[76.7498889009521,31.26065575905608],[76.74817284789867,31.26215386680758],[76.73953899113161,31.26334506832029],[76.73658318396684,31.271267407564835],[76.7298956327773,31.267989467739824],[76.72561904708141,31.2794077928354],[76.71616491777678,31.285870885832765],[76.72271784944923,31.289894341150955],[76.71714216697745,31.298142853709805],[76.70888150367853,31.301103461455625],[76.69081966989194,31.29920630472725],[76.69174751663462,31.292196190102118],[76.69203256125377,31.28939445928694],[76.69154553969497,31.28796219360038],[76.69791701066157,31.27929519771527],[76.69475240879666,31.275173870977426],[76.69272332692003,31.270747788279834],[76.68959258722816,31.264539795175438],[76.6845134150621,31.25764778042077],[76.68186270739807,31.25534740455913],[76.67720683892452,31.252270402057434],[76.67070978392945,31.251378440962355],[76.66337652940337,31.251211175155674],[76.66055499461737,31.25018846972216],[76.65065568920875,31.251176989226735],[76.6422541489099,31.25801473529185],[76.64012789798414,31.261109371700172],[76.63060450019759,31.264243392118885],[76.62937200901104,31.267211137783818],[76.62435261298276,31.26482022897045],[76.62086700081147,31.263542455120273],[76.6190162086312,31.26293523557274],[76.61756446093119,31.26347486207527],[76.61508559302575,31.26439627776608],[76.61049884914263,31.27154602832661],[76.61124783961617,31.2788747727526],[76.61526370375697,31.28638981893505],[76.61455884301625,31.289399390269693],[76.61399081682282,31.289469010386597],[76.6044518715567,31.289184063793584],[76.59369570109578,31.287321848424597],[76.59141170818384,31.28932074635543],[76.59168708059434,31.294125217904536],[76.59666204291898,31.298300403241058],[76.59531188713396,31.305025469649763],[76.59258331796582,31.30818395162811],[76.58973712916526,31.311309628136883],[76.58728127940759,31.312062920967094],[76.58085686625145,31.30963486925384],[76.57269288456905,31.309856446018216],[76.57029728579118,31.320881620790203],[76.56893910175819,31.32863316438909],[76.56440769855652,31.332944649176284],[76.55708532672651,31.340975229023627],[76.55702565131281,31.3469571460555],[76.55484859138943,31.34897048619905],[76.54718355267886,31.349190086253543],[76.54048257011459,31.353860307906928],[76.53754594998566,31.35723957704488],[76.5354859098469,31.364876936421524],[76.53419619659724,31.366385651676524],[76.5269807046958,31.365845240065823],[76.52575849995486,31.36765806286934],[76.52414462967096,31.373112086853382],[76.51536872858401,31.377002748278244],[76.51328455783613,31.379661208098298],[76.50797320859675,31.386391773861305],[76.50375434408778,31.39032926118648],[76.49860666066888,31.39120068986],[76.49251857956887,31.39398727789063],[76.49137741813342,31.39785142010703],[76.48624978060298,31.40821119369167],[76.48211983925921,31.408164322825314],[76.4787278204326,31.410156350834995],[76.47739288207589,31.41198349264414],[76.47397945308933,31.41233212922441],[76.47206811764954,31.41340277931488],[76.4662932038683,31.422888892108745],[76.46650023050131,31.42414278985791],[76.4597470000241,31.422348000260058],[76.4490430001344,31.41664699995914]]]}},{"type":"Feature","properties":{"blockName":"Bilaspur Sadar","districtName":"Bilaspur","state":"Himachal Pradesh"},"geometry":{"type":"Polygon","coordinates":[[[76.87579299994707,31.354411999714046],[76.87388600013884,31.36074300028929],[76.87572500040852,31.367244999756963],[76.87078900031219,31.374649000351155],[76.86518099980333,31.381081000188033],[76.86928600024879,31.38461500038204],[76.87673999955138,31.385330000079477],[76.88352999970976,31.38831700022945],[76.88059200002084,31.411845999793115],[76.85920000008002,31.41291200038853],[76.84592400029243,31.416010000261338],[76.83402300006145,31.421587000239924],[76.82802599960024,31.420568000013247],[76.82432599984509,31.418279999722245],[76.81649000001357,31.420322000360102],[76.8120120003536,31.423739999701297],[76.80413100024555,31.422644000420348],[76.80346968108097,31.424965043601958],[76.79872702263407,31.419072615408936],[76.80419719754269,31.405668978440644],[76.80226361737209,31.404890843637588],[76.78627311561183,31.40864094822126],[76.77328376033734,31.409975284931534],[76.76523300869644,31.409289709252732],[76.76025625672094,31.397107053947423],[76.75206666684323,31.39526842509781],[76.75614232241031,31.389151138514308],[76.75406639664692,31.387603831551644],[76.73989558940997,31.387776502283828],[76.73143079799297,31.383248253004524],[76.72603618232404,31.365397635792306],[76.72386825591536,31.36647416295233],[76.72245319965549,31.364359731816194],[76.72665612008393,31.35849007715541],[76.74425790028192,31.351227226955018],[76.74781172243308,31.3485142529305],[76.75257786937323,31.341350866849098],[76.75296436201575,31.33462830775028],[76.75167400844879,31.33010252441204],[76.7452564337375,31.331405049403543],[76.74671815132166,31.322250664136902],[76.75104197930398,31.314618976784402],[76.75054362179077,31.311294287501426],[76.74679373574236,31.3083488513185],[76.74635763559644,31.301748721426407],[76.72884254464776,31.284835003532635],[76.72271784944923,31.289894341150955],[76.71616491777678,31.285870885832765],[76.72561904708141,31.2794077928354],[76.7298956327773,31.267989467739824],[76.73658318396684,31.271267407564835],[76.73953899113161,31.26334506832029],[76.74817284789867,31.26215386680758],[76.7498889009521,31.26065575905608],[76.7541711101087,31.254603779440913],[76.75426423850388,31.249325842713517],[76.76283574707213,31.242677362570305],[76.76462758149773,31.23798577212574],[76.7641539454483,31.23248278095565],[76.7654155710718,31.229562421468643],[76.76535084056889,31.22827906822448],[76.76799000003854,31.228186000083895],[76.77494000038075,31.227093000041975],[76.77905300029579,31.220467000251915],[76.78618328143335,31.222556965331762],[76.80794499986189,31.2304340003289],[76.8133010004409,31.228238999830012],[76.81935645143915,31.228095397884374],[76.81856725677352,31.23347776118976],[76.80763667898958,31.23923886228374],[76.79966502272265,31.250539978737095],[76.80125164534724,31.250511779595],[76.8041336028835,31.25509458714555],[76.80952209327006,31.25703890971795],[76.81094653665338,31.25974623779871],[76.8172655510644,31.264067076434458],[76.8103618604116,31.268358978484116],[76.81125538632705,31.27620392297274],[76.80757509161725,31.27538316210331],[76.80596903374396,31.27636619124678],[76.79925329240558,31.28964128721566],[76.79963006517545,31.298759253536787],[76.8046375200056,31.298121148572193],[76.80557730434919,31.30403518747397],[76.80956734175948,31.30613821070989],[76.8083477558443,31.314151010061096],[76.81130331569551,31.318511367605595],[76.80488548917407,31.327882943642976],[76.81262495128055,31.331749996964845],[76.81733653905007,31.33764072453988],[76.81684749401671,31.340698426691063],[76.81295252393988,31.345085927573564],[76.81351419282578,31.353383426204232],[76.81062548767619,31.35676759664733],[76.81535614287174,31.35609660887144],[76.82220665751129,31.352692356567047],[76.82502451766743,31.34578500117692],[76.83116110550066,31.34056974180021],[76.84234175057139,31.341460760405823],[76.84704660062016,31.337331946811958],[76.86063005163561,31.329858947532443],[76.86769957817307,31.330682027753426],[76.86987927760663,31.32582512393037],[76.88024100002218,31.327414000255942],[76.87606800003823,31.331335000310048],[76.8819430002693,31.340300000045033],[76.87738000028685,31.3460269997463],[76.87579299994707,31.354411999714046]]]}},{"type":"Feature","properties":{"blockName":"Lahul","districtName":"Lahul & Spiti","state":"Himachal Pradesh"},"geometry":{"type":"Polygon","coordinates":[[[77.34872630837248,32.26211789282655],[77.34943400017903,32.25832400025246],[77.34503200042656,32.25385700020047],[77.3574449999868,32.23265099984383],[77.37006400005362,32.222720999674436],[77.37486300012739,32.22221000039127],[77.38410900023024,32.21708299958084],[77.38918300039524,32.216106000391676],[77.39546200037108,32.21873100003569],[77.41713000044922,32.205169999695784],[77.41989100006964,32.19667800018959],[77.42285199991994,32.19453800042845],[77.44554899978658,32.194468999944434],[77.4579089996007,32.1964569998907],[77.46305100020356,32.19889499990438],[77.4650190001268,32.202655999774606],[77.46475999987416,32.21179999967029],[77.46728500030258,32.221164999864925],[77.4687959998356,32.224705000335575],[77.47393800043841,32.22805800027652],[77.48068999974373,32.225758000331496],[77.4888530002658,32.22536800033299],[77.50025900015277,32.22115300021085],[77.5125810000132,32.20637100022151],[77.51453400014407,32.201862000031326],[77.52500199994239,32.19990499971601],[77.53215799989187,32.200141999853486],[77.53481300002,32.20581399971638],[77.53321800021058,32.21355799980188],[77.545470999587,32.22276699999708],[77.5642850002526,32.20919400000315],[77.56652800026706,32.19607500026109],[77.57312000028782,32.1886749998514],[77.5816190001168,32.1867829998356],[77.58631900012182,32.17955800030154],[77.59394800030003,32.177883000400186],[77.61327400029495,32.164023999807796],[77.6189419999734,32.161827000116034],[77.62711299996505,32.162116999999625],[77.63308700026488,32.15442300042116],[77.63943499982543,32.15396099980035],[77.65210000021489,32.14775499959359],[77.6534349997255,32.1445120002287],[77.65922499963409,32.140499000428576],[77.66254399980579,32.128654000082065],[77.668541000267,32.12583499958561],[77.67047100023655,32.12071199985894],[77.6764600003288,32.11784399980081],[77.68343399997917,32.10876500020464],[77.68799599991553,32.105747000423776],[77.70141600004843,32.10512200038005],[77.7131040003494,32.09722100024902],[77.72057300034373,32.09423400009905],[77.74465900041258,32.09161399978632],[77.74493109389493,32.08876744765962],[77.7535037850717,32.091297688437635],[77.76196640912252,32.09166091651815],[77.76491803533912,32.09478015837766],[77.76980648018497,32.10395359128523],[77.77040894321823,32.10912173518],[77.7696866401264,32.11407859954778],[77.7655022691145,32.11727138706493],[77.7634483101914,32.12156699432137],[77.77670762125979,32.13840028494525],[77.78393693933833,32.14289651476241],[77.79473634020997,32.14648406059098],[77.79836595092797,32.149711180626525],[77.79915076409657,32.16842432861995],[77.80102487210024,32.174064496079666],[77.80440302338087,32.17751180792362],[77.80550975157382,32.1831600387049],[77.79803811116994,32.18783659878005],[77.77861282512185,32.18916075876206],[77.76054477072466,32.19327032236754],[77.74143950752733,32.19402499565706],[77.73815582193367,32.19489876796382],[77.73752402841126,32.19686671752504],[77.71782012789663,32.2021074322123],[77.70235691034321,32.20422115648125],[77.6900582523865,32.21315564401783],[77.68965265544574,32.220965489765604],[77.69302092047917,32.22483582471358],[77.6964916146963,32.23629416514365],[77.69593338122064,32.25169456325352],[77.70560856748148,32.26676728977867],[77.71994918021056,32.27958559939594],[77.72531186634961,32.2891594410554],[77.72972703397551,32.29318846947234],[77.73739916653835,32.29625904991525],[77.74437908642574,32.29655912400443],[77.7468051857108,32.298571127755395],[77.75374337345795,32.31982494506519],[77.75281372897047,32.32112209301022],[77.74336517546254,32.32331012016596],[77.7234337968323,32.34554138003074],[77.70400657094655,32.35351548515155],[77.69635330975751,32.36255740210248],[77.68884812913791,32.36787501781788],[77.68131959222546,32.37150040531952],[77.65359183609439,32.3705781595545],[77.64864043420874,32.373162271521664],[77.63922661791412,32.385431583700665],[77.630488309388,32.38852105530253],[77.62309701891235,32.38877861394195],[77.61060236990352,32.3930739316167],[77.60977734714692,32.398784449442815],[77.61884092696727,32.40668700809897],[77.62434426257772,32.416522426568804],[77.62682143616041,32.441822467333054],[77.63298199272486,32.44789116714372],[77.63445859408893,32.4593216636639],[77.62804052834775,32.48335886112261],[77.62510657920535,32.48791287777715],[77.62506007616162,32.50113307463175],[77.62121093463696,32.50715511131938],[77.6142420701155,32.51434888998932],[77.60777500481265,32.518317356261036],[77.59802080411686,32.52001434998232],[77.5907549798585,32.52536914636909],[77.58937114086552,32.56604776139511],[77.59144353319255,32.570880808002926],[77.5934710358597,32.57204300098374],[77.61066409757012,32.572283744998856],[77.6162567295645,32.57367587214384],[77.6353281620651,32.585996716375405],[77.63702936191555,32.58867514923878],[77.63647398019009,32.59265706487167],[77.63153675881443,32.59770521672243],[77.62961073564696,32.607203986574746],[77.62657426109331,32.611002195894685],[77.6261023832185,32.614342051344636],[77.63200773826657,32.62052453338055],[77.63173501346017,32.62603797467284],[77.60570451994772,32.653371381683996],[77.59053901846102,32.66110850915044],[77.58024353561075,32.67410622452269],[77.58032071722738,32.68047112144512],[77.58434281996523,32.68450307445738],[77.59322800756655,32.704517782469736],[77.59265676809542,32.71129941263786],[77.58528603252444,32.72321431908563],[77.58174814276265,32.724647325813464],[77.5611388560734,32.725625589449464],[77.53626588626167,32.747269255671654],[77.53661706252745,32.75708216860727],[77.53950644486662,32.760864292653025],[77.54354876886066,32.761832207790235],[77.55036558140654,32.756766992202984],[77.55583746952368,32.75832345336471],[77.56469100458622,32.76505934041626],[77.57534341666542,32.77016805171428],[77.58008944667068,32.77096943848886],[77.58828663851762,32.76858196868295],[77.59915239586644,32.76027428523014],[77.60688362737756,32.76062719448947],[77.61729181686394,32.77569634261215],[77.61818478070313,32.7872702558177],[77.61413597079849,32.80246809602585],[77.62124456208693,32.8275875502253],[77.62159451167742,32.839256103586365],[77.61760065124912,32.8500065642516],[77.60338132019183,32.86942170684637],[77.59885942372347,32.881074218100764],[77.59731359164897,32.88817351579519],[77.5987535915051,32.91040230612157],[77.59500063337259,32.92668643563053],[77.58753999977125,32.91923100011064],[77.57170099960149,32.910705999981985],[77.56257599968268,32.90933599975665],[77.54480000011995,32.88987699992367],[77.53736099971042,32.88498700014998],[77.52401000006154,32.88067600009737],[77.5121079997844,32.87913099989578],[77.50231200039855,32.88417400042982],[77.49092100030396,32.876431000390426],[77.47291600007338,32.85938300022531],[77.4660419996386,32.85933299971822],[77.45387299963926,32.863556000209314],[77.44992800027705,32.86812999979969],[77.44892900007335,32.873511999779],[77.44343600037115,32.881378000094685],[77.43546299961781,32.87692299969672],[77.4278409997624,32.87594200032311],[77.41687799962006,32.881667999978276],[77.41504699971932,32.88473500022013],[77.40518199984945,32.883281999764506],[77.39707900029566,32.87859699955192],[77.3888850001427,32.86517300013389],[77.38071400015104,32.861281999664584],[77.37731199974905,32.85734599981811],[77.37742599961024,32.849358000171605],[77.3802719995532,32.844336999752784],[77.37404600022279,32.82298299976566],[77.36595200018473,32.81892399964295],[77.35350800009417,32.81664999999754],[77.34541300001001,32.81762299990157],[77.33915700019548,32.82014800032999],[77.3382109997379,32.82586699966237],[77.33406099991527,32.82752599972514],[77.32842299982167,32.83545700034034],[77.33006299990757,32.84411200016871],[77.3227390003047,32.851871000046685],[77.30632799983738,32.8504639999137],[77.29885100037342,32.853507999994235],[77.29192400019252,32.85763899984005],[77.2876970004163,32.864281000367896],[77.27593200016173,32.87428700044478],[77.2651520003646,32.862845999843046],[77.25643899966019,32.86308700016497],[77.25385300001602,32.87023899992994],[77.24241599959873,32.87798700019994],[77.24166900022425,32.880664999590124],[77.24507099972692,32.88188900027717],[77.2469180003655,32.88476899998943],[77.24589499995432,32.89354700009403],[77.2356030001784,32.895309000410066],[77.2221910004144,32.904396000375186],[77.20658900038211,32.90811900029166],[77.1994320003866,32.91353199990192],[77.19152099979436,32.92923700018747],[77.18424199956866,32.92617400013006],[77.18137400040985,32.92321799961104],[77.17805500023815,32.914181000153064],[77.17505600043415,32.911339000394605],[77.1638109998778,32.91213999956136],[77.16835800002173,32.91834299962977],[77.16460399957498,32.9325290000134],[77.1664429998446,32.939537000332336],[77.16378000024685,32.9409220003501],[77.16382599967022,32.954575000435966],[77.15407599970769,32.955956000269225],[77.15297700028839,32.95914099965745],[77.15201600003843,32.967700999601504],[77.15412900035312,32.97868299972072],[77.14524799999526,32.982086000168806],[77.13780999963183,32.98097200005782],[77.12089500020414,32.98548500043245],[77.11483000020439,32.975856999800726],[77.10188300030029,32.97196200004629],[77.0925899998287,32.97164499981693],[77.08361799977092,32.98386799960855],[77.0761800003068,32.98442800025208],[77.0598442901819,32.994555929512615],[77.05303999979623,32.99807400001515],[77.04213000029932,32.995372999564324],[77.03761299974019,32.99016599956127],[77.02893799988885,32.99167299980917],[77.01614399984578,32.988009999961605],[77.01287174823267,32.99002301275186],[77.00511508749133,32.98875927821814],[77.00733989242218,32.976443928844276],[77.00471409328082,32.96757813062629],[77.00135826317336,32.965459238852816],[76.98873736104042,32.964267874562836],[76.97935507048015,32.95402049465014],[76.97111370573299,32.94924291732684],[76.96544641561962,32.93826041538591],[76.95503166198165,32.934894440026426],[76.95142601999487,32.92918852582983],[76.9522123116489,32.92392739563286],[76.96675323037732,32.91317435751063],[76.971305353959,32.90425003860844],[76.97152641271384,32.89573146593443],[76.95967424027401,32.884040706513474],[76.95850247670796,32.88092453314073],[76.95953402517517,32.868530260163425],[76.9562028167067,32.860390197749496],[76.95372214026463,32.84574428946746],[76.95183498040006,32.84243902374203],[76.94475761267375,32.839434017366045],[76.94414777969632,32.837238481770555],[76.94461792187963,32.835056364959314],[76.95143070726141,32.82839460093015],[76.95216085963602,32.823663037419294],[76.94220792135854,32.81252463890104],[76.92208465977927,32.80202326166426],[76.91678849109604,32.80195643304302],[76.91460821879434,32.800438027592975],[76.92191918272414,32.762915987083204],[76.9199634891238,32.736795251999354],[76.91607555354403,32.721387743849334],[76.91593952209132,32.712949332245955],[76.90115313341045,32.694442073243124],[76.89927465739959,32.67806608248378],[76.8867745198283,32.66516434455889],[76.88459492921265,32.65634893535514],[76.877473687161,32.647909098326295],[76.87450538931233,32.63165182886888],[76.82937612390907,32.57516301176361],[76.81393081185752,32.54113881780228],[76.80491989183957,32.53398801053828],[76.80902100001919,32.533726000254774],[76.8279650003845,32.53850200016723],[76.83023799998375,32.53090999989661],[76.83921800041043,32.526385999914],[76.85680400020448,32.532207000352855],[76.86585999963933,32.533398000417435],[76.87337499995635,32.53153599998649],[76.87168100007813,32.527217999611025],[76.87420699965338,32.52174399988576],[76.88322399998765,32.519936000146345],[76.87016300022236,32.50423800018359],[76.86302200006531,32.489520999594504],[76.85719300015688,32.48301299985013],[76.85379800007769,32.476302999783684],[76.85915399975732,32.46449999957537],[76.86534099998721,32.46114000021089],[76.88216399966893,32.467094000487805],[76.89366100015508,32.46943300043267],[76.90132099996424,32.47021500052193],[76.90882899995842,32.4671939997034],[76.90793600014632,32.46019400065268],[76.9000400002459,32.453491000009706],[76.89145700014052,32.43880800008918],[76.90044399999067,32.4422260003297],[76.9095920000708,32.441677000193465],[76.91779299964725,32.43570299989358],[76.91764099983232,32.42864600001292],[76.91214800013017,32.41986500066929],[76.91915100021856,32.4166870007046],[76.92601800033049,32.41558500024763],[76.9485630003822,32.42515600004941],[76.95369000029336,32.42469400032792],[76.95167500000133,32.40957600013235],[76.95257600018232,32.403206000456635],[76.96195199998488,32.403324000502266],[76.97095499967355,32.40610900033016],[76.98140000020987,32.40499900040362],[76.99105100010365,32.4116440001705],[76.9957199995784,32.410301000290985],[77.00288399989671,32.41160600021681],[77.01419099971491,32.41606900008435],[77.04657700032834,32.42414100000718],[77.05877699995864,32.429173000033984],[77.06510200025718,32.42511700004957],[77.06901599998844,32.41698800019611],[77.07850599965224,32.41731600003345],[77.08076500040448,32.40913800061827],[77.07868199967459,32.400547000144],[77.07466899987452,32.39695700006553],[77.10984799978542,32.3993000001949],[77.11586000003905,32.40288199990442],[77.1346590000129,32.408629999674815],[77.15081000018142,32.41601200015373],[77.180678999836,32.40443000024436],[77.19625899975307,32.401359999864155],[77.20051600001347,32.39257000010548],[77.2037659997012,32.38945000011745],[77.21704100034196,32.38277800000475],[77.22923299960331,32.37442000038277],[77.24175299960132,32.37763600030121],[77.24615500025311,32.376369000329134],[77.25569899970913,32.370780999843305],[77.26415300016089,32.36339600012536],[77.27687100029647,32.35844800037495],[77.28193700009251,32.351173000333745],[77.28363800029354,32.344524000382364],[77.28701000021141,32.344356999875686],[77.29797400039985,32.335872999839125],[77.30832700029089,32.3360750001612],[77.3115620001862,32.330929000273215],[77.32237999993708,32.325390000248376],[77.33042899969865,32.31464800040493],[77.32933000027936,32.31007399991523],[77.33088700013502,32.30723999962635],[77.3360289998385,32.30852500042846],[77.34236899992948,32.290721999620644],[77.34756500032455,32.283954999623575],[77.34729000023339,32.27295699966584],[77.3505939997134,32.26724199961865],[77.34872630837248,32.26211789282655]]]}},{"type":"Feature","properties":{"blockName":"Spiti","districtName":"Lahul & Spiti","state":"Himachal Pradesh"},"geometry":{"type":"Polygon","coordinates":[[[77.74493109389493,32.08876744765962],[77.74600200029215,32.077564000278414],[77.74781800040046,32.07470299964376],[77.75468399956696,32.07092699998111],[77.75807200022268,32.060721999720556],[77.76330599967218,32.05609100019956],[77.76598399996169,32.05200599977712],[77.76409099989979,32.04077900005086],[77.76756299993258,32.03715900038759],[77.77460500002081,32.033741000147074],[77.77891500002727,32.033741000147074],[77.79173300027782,32.018325999745116],[77.79091600037316,32.01639199959118],[77.77580999983167,32.00752299978666],[77.78540799997927,32.00057999976724],[77.79171799958607,31.991994999569613],[77.8010560003342,31.9858090002852],[77.80160499957111,31.981366999587408],[77.79486800005822,31.97489899988898],[77.7868499999276,31.97128899978759],[77.78207400001514,31.96684599994302],[77.7831120002187,31.960596000405133],[77.77490999969677,31.952239999976086],[77.76966099955553,31.943193000056965],[77.77341500000233,31.934677000343356],[77.78112000008798,31.92582500042346],[77.78391300028477,31.915216000418127],[77.7928699996508,31.905640000385745],[77.80677799980492,31.895649000101344],[77.81851200042854,31.893804999601116],[77.83108500017266,31.895317000079558],[77.85942100017905,31.884000999846307],[77.86902599975014,31.882689999643844],[77.86428799979143,31.878497999682963],[77.8501129999151,31.87083399968941],[77.84087400013505,31.855379000140772],[77.8392259996802,31.848648000005255],[77.84438300007542,31.836874000234957],[77.84970099980137,31.829498000032743],[77.84751899990198,31.824884000396366],[77.84708399962693,31.817856000054405],[77.84833499976048,31.80574399998568],[77.85510299980365,31.79646099997524],[77.86372399986277,31.790296999906673],[77.86683700042727,31.783346000417623],[77.87184100006215,31.78020899964565],[77.87625100018357,31.77317199978802],[77.88447599996749,31.769831000400416],[77.89765899996291,31.759265999726153],[77.89919999998006,31.753030999980695],[77.90602900013829,31.75150499975598],[77.91449000001353,31.752854999958345],[77.92115799994178,31.74812300027628],[77.93059499985941,31.74687999961236],[77.93666099990526,31.74873499972051],[77.93601199965411,31.75619500019917],[77.94221499972252,31.75839800016763],[77.94554100021702,31.78477099958201],[77.9542240004373,31.784638999790047],[77.96543899961023,31.78005399969237],[77.9733510002485,31.779638000293517],[77.97753099965598,31.777624000047638],[77.98235299989108,31.77962899987847],[77.99196599983111,31.77636100026001],[78.01003300022285,31.775543000309256],[78.02606200016123,31.76029599956081],[78.0332489997416,31.760978999581198],[78.05367173826016,31.77829154252072],[78.05817399983027,31.783520000347778],[78.07630200033708,31.783852000369563],[78.08351900040162,31.787522999686757],[78.08280900003535,31.7940330004227],[78.08565499997832,31.80091899961218],[78.08617399963043,31.809317000179476],[78.09542099977938,31.822980999873323],[78.0927050004355,31.829862999777674],[78.09676399965889,31.8329849998579],[78.09582500042347,31.837774000369848],[78.08544900037111,31.845139000064876],[78.08827999962233,31.85063699999762],[78.09408600026876,31.85322799987233],[78.08998900019225,31.858388999552744],[78.10577399967042,31.858624999644064],[78.12403900019973,31.867476999563905],[78.14889499980444,31.867776999908642],[78.15286300022734,31.86382300013139],[78.16157499998633,31.86223000041423],[78.17131987830982,31.862794505761883],[78.18918599983408,31.872165999961],[78.18330400017953,31.887839999716277],[78.18608900000743,31.894137999669],[78.18392900022326,31.89830800041392],[78.1867600003738,31.903867999608565],[78.18452499982891,31.915809999931582],[78.19223800028357,31.91912099973439],[78.19544199964861,31.922538999974904],[78.1963880001062,31.92800100004615],[78.20252199969059,31.93293600009639],[78.21276900008934,31.934893000411705],[78.22114599968819,31.933244999956855],[78.2728119999739,31.93620299966875],[78.28651399962143,31.931026000149814],[78.3027799996973,31.926973000303747],[78.30457299964428,31.9349579998119],[78.31188999982368,31.93820200012226],[78.33975999992413,31.93613400008411],[78.34342199972559,31.934183000045493],[78.34800699982321,31.939368999979422],[78.35441600039815,31.940840000365768],[78.36213700032238,31.947715999993477],[78.37141400005612,31.96037500010624],[78.40184799968551,31.955036000311225],[78.40863799984385,31.95103099998073],[78.42192099995424,31.93789700044624],[78.4283289995837,31.938910000396277],[78.4335860000939,31.936362999852633],[78.44129899964918,31.93845199995991],[78.45238880150202,31.937928217713136],[78.45697000016543,31.939618999817014],[78.45843500027507,31.942191999761008],[78.45439900031369,31.949968000422928],[78.45890799960455,31.954282999760665],[78.4605479996905,31.959155999649738],[78.44972999993962,31.96758799998628],[78.43618000010696,31.97266400024347],[78.43325800025656,31.97944299989456],[78.42013500033005,31.98957999971725],[78.42218799967651,32.0009309997659],[78.42697900028071,32.00590900000043],[78.42636900002941,32.016479000005916],[78.43795800026157,32.04349100010961],[78.44415299996103,32.05279200005083],[78.44923400044883,32.05514099955752],[78.45548199989446,32.05490899965065],[78.47038299997553,32.04849599979059],[78.48223099956101,32.048275000391016],[78.48382600026974,32.042079999792236],[78.49032599964522,32.04692500018865],[78.50521099988777,32.04995699971579],[78.51557899957123,32.05339099979483],[78.5244219999754,32.05829200007577],[78.54261800002075,32.06348400028645],[78.56008899990746,32.060569999905624],[78.56869500017416,32.06156900010933],[78.58791399973137,32.060463000367236],[78.59740400029443,32.0582010003759],[78.60134100018706,32.05239499972953],[78.60557600033223,32.05254700044378],[78.62396111701202,32.06306856566181],[78.61755371093506,32.072917938012495],[78.60511016859948,32.08123779288991],[78.5664367674429,32.09654617326731],[78.53907012958285,32.11576461794283],[78.49478912361923,32.16171646084604],[78.46652984657521,32.18546676647816],[78.4589767455804,32.19632339480887],[78.4560623171223,32.204975128299566],[78.46562957754304,32.23034667955568],[78.47982788065224,32.24365997332916],[78.49558258017197,32.24921417279592],[78.49753570530862,32.25703811631604],[78.49245452855371,32.30780410747366],[78.48287200933584,32.32412338248815],[78.47381591817015,32.33014678974263],[78.48411560085435,32.348888396782115],[78.48224639865242,32.3587074278056],[78.46234893795321,32.377132415928315],[78.45974731438713,32.38372802762643],[78.46224975622135,32.391105652004285],[78.47101593024104,32.396305084212315],[78.47559356668978,32.40715408359415],[78.48556518568483,32.418102264707784],[78.48574066140247,32.42177200317548],[78.47615814218454,32.43740844724209],[78.47039031955768,32.451507568619434],[78.46125030545727,32.4602775575633],[78.45162963879687,32.466747283960046],[78.44681549054252,32.47513580297499],[78.4362030029663,32.47814941406426],[78.43088531530509,32.485153198361445],[78.42996215852685,32.49956893955499],[78.42626953141382,32.50637435948914],[78.40522766092789,32.525230407957],[78.40500656080417,32.528546908912745],[78.37387800036947,32.50898399961193],[78.3278199996933,32.472247999845365],[78.32365400003215,32.47407499956165],[78.29598200006933,32.50431800027553],[78.31254600039767,32.51884500019668],[78.3166960002203,32.52565799961707],[78.31423199990695,32.573947999800396],[78.33560900005534,32.57664099988227],[78.34940300034822,32.58130299993354],[78.35829200017571,32.58948899971762],[78.4065699998057,32.619662999947536],[78.39366099985534,32.62604900036115],[78.38870999996658,32.63460900030515],[78.38098099967345,32.66849499994436],[78.38153800017864,32.68204499977696],[78.38546799974847,32.69605300004599],[78.39575200005481,32.71585799964703],[78.39288299995053,32.719208000349],[78.38918300019537,32.73027399984528],[78.38871800033553,32.742435000374996],[78.39080000011995,32.75674400013554],[78.38935900021772,32.758442000198215],[78.36274699967436,32.7600519998],[78.30558000021688,32.7344669998522],[78.31255299982115,32.72824099962247],[78.31601000006151,32.72144299999451],[78.31646000012898,32.71635400003714],[78.31360599981707,32.70941500020217],[78.30274199974355,32.703392000340614],[78.29058100011315,32.69953899982505],[78.27693200021167,32.6995430000095],[78.2543949996296,32.69130300043315],[78.25104499982695,32.68032499959912],[78.24272900034316,32.672179999907144],[78.23069000004352,32.66580600004693],[78.21936800043295,32.66182299983166],[78.2127229997667,32.6639629995928],[78.20167500020113,32.66049999997506],[78.19725000028734,32.66706499965005],[78.18822499958412,32.67387799996976],[78.17026499963009,32.67570499968605],[78.1621700004452,32.673289999833685],[78.15371700003959,32.66701099985784],[78.14430999970676,32.64576700044677],[78.1391449998419,32.63901100005768],[78.1337969996319,32.63908800001127],[78.12464899955177,32.64643099959102],[78.11692799962753,32.65668100012812],[78.11104599997299,32.65886300002751],[78.09661900016675,32.649506000201825],[78.09056899995943,32.64111299986513],[78.0850219995657,32.62231399989122],[78.08290099978137,32.6209790003806],[78.07659100017457,32.621288000241066],[78.06166799997828,32.62554599964824],[78.05147600031722,32.632350999599],[78.05001100020758,32.62511400041086],[78.05197099976186,32.61236599979111],[78.05899800005773,32.601997000061544],[78.05912799975744,32.59592799987735],[78.05328400005664,32.588638000043716],[78.04491399988126,32.585331000425356],[78.03491199998888,32.5837250001087],[78.00450099962148,32.584919000311686],[78.00001499959262,32.58324400041033],[77.9941560000994,32.58868000018191],[77.9853440002255,32.604739999751246],[77.97972900029316,32.61057299984412],[77.97698200041901,32.617534999840416],[77.97176399990872,32.6227569996359],[77.97262600008992,32.63162600033968],[77.97019200026068,32.63721499997234],[77.96401200035359,32.63954899968661],[77.95647399987524,32.644870999597],[77.94471699998962,32.65948099974838],[77.93782000029285,32.676406999683365],[77.92858099961347,32.685093000041945],[77.9208599996893,32.690024999953835],[77.92002099966948,32.695351000048674],[77.92331699967986,32.700530999705904],[77.92391999960836,32.709304999626056],[77.92711600040315,32.71835699977578],[77.92973299967827,32.722720999574506],[77.93616500041452,32.7277599999241],[77.92955000023238,32.733482000294146],[77.93569200018572,32.7539140000311],[77.93290700035783,32.76307699990366],[77.93006100041487,32.76417900036063],[77.92670400028942,32.769134999580615],[77.92127199980303,32.76992800017712],[77.91728200016422,32.77235799982191],[77.89866599963625,32.772465000259615],[77.89003800015365,32.78332500014869],[77.88477300017388,32.78737599990251],[77.88680999968182,32.79746200007128],[77.8823699999756,32.80362700018594],[77.87910499959611,32.81328999973374],[77.86546300001748,32.825569000309144],[77.8492509997339,32.83221800026058],[77.84295699996562,32.83706299975768],[77.83217600012239,32.83337799979489],[77.82605700033037,32.833233000302755],[77.81687200034258,32.84307500001131],[77.78559100032447,32.85574699982425],[77.77930500002577,32.86211400026093],[77.78389000012345,32.87759800024759],[77.79068799975147,32.888222000045346],[77.80492399974287,32.888988000296024],[77.8104710001366,32.89538200017921],[77.80814399984575,32.902739999551386],[77.79972800024706,32.90736399964891],[77.7960210001691,32.913119999788194],[77.77757300019385,32.9247890001123],[77.76565600012435,32.93681699990469],[77.76283999976624,32.94328699969532],[77.75447099963696,32.94530099994125],[77.74121099968795,32.96182999955488],[77.73056799991332,32.96929200012573],[77.72637900009084,32.96481300041967],[77.72174799967053,32.96361199989394],[77.71794100037692,32.96654100006714],[77.71308899965766,32.97532999977972],[77.70894600015782,32.97694000028082],[77.69755600010939,32.97532300035624],[77.69606799983836,32.97825199963012],[77.68894999984269,32.983828999608704],[77.68328100011814,32.983593000416704],[77.67801700018447,32.96650300011339],[77.67439999976023,32.96350100017105],[77.67131000025637,32.95693599959674],[77.65650199996736,32.9536970004163],[77.64134199963365,32.94208900020726],[77.6352080000492,32.9415549998634],[77.63090500036554,32.93897200035758],[77.6241069998382,32.93998300021536],[77.60430899966065,32.93748500013271],[77.60185199967009,32.94139100039439],[77.59758799998627,32.92927200000287],[77.59500063337259,32.92668643563053],[77.5987535915051,32.91040230612157],[77.59731359164897,32.88817351579519],[77.59885942372347,32.881074218100764],[77.60338132019183,32.86942170684637],[77.61760065124912,32.8500065642516],[77.62159451167742,32.839256103586365],[77.62124456208693,32.8275875502253],[77.61413597079849,32.80246809602585],[77.61818478070313,32.7872702558177],[77.61729181686394,32.77569634261215],[77.60688362737756,32.76062719448947],[77.59915239586644,32.76027428523014],[77.58828663851762,32.76858196868295],[77.58008944667068,32.77096943848886],[77.57534341666542,32.77016805171428],[77.56469100458622,32.76505934041626],[77.55583746952368,32.75832345336471],[77.55036558140654,32.756766992202984],[77.54354876886066,32.761832207790235],[77.53950644486662,32.760864292653025],[77.53661706252745,32.75708216860727],[77.53626588626167,32.747269255671654],[77.5611388560734,32.725625589449464],[77.58174814276265,32.724647325813464],[77.58528603252444,32.72321431908563],[77.59265676809542,32.71129941263786],[77.59322800756655,32.704517782469736],[77.58434281996523,32.68450307445738],[77.58032071722738,32.68047112144512],[77.58024353561075,32.67410622452269],[77.59053901846102,32.66110850915044],[77.60570451994772,32.653371381683996],[77.63173501346017,32.62603797467284],[77.63200773826657,32.62052453338055],[77.6261023832185,32.614342051344636],[77.62657426109331,32.611002195894685],[77.62961073564696,32.607203986574746],[77.63153675881443,32.59770521672243],[77.63647398019009,32.59265706487167],[77.63702936191555,32.58867514923878],[77.6353281620651,32.585996716375405],[77.6162567295645,32.57367587214384],[77.61066409757012,32.572283744998856],[77.5934710358597,32.57204300098374],[77.59144353319255,32.570880808002926],[77.58937114086552,32.56604776139511],[77.5907549798585,32.52536914636909],[77.59802080411686,32.52001434998232],[77.60777500481265,32.518317356261036],[77.6142420701155,32.51434888998932],[77.62121093463696,32.50715511131938],[77.62506007616162,32.50113307463175],[77.62510657920535,32.48791287777715],[77.62804052834775,32.48335886112261],[77.63445859408893,32.4593216636639],[77.63298199272486,32.44789116714372],[77.62682143616041,32.441822467333054],[77.62434426257772,32.416522426568804],[77.61884092696727,32.40668700809897],[77.60977734714692,32.398784449442815],[77.61060236990352,32.3930739316167],[77.62309701891235,32.38877861394195],[77.630488309388,32.38852105530253],[77.63922661791412,32.385431583700665],[77.64864043420874,32.373162271521664],[77.65359183609439,32.3705781595545],[77.68131959222546,32.37150040531952],[77.68884812913791,32.36787501781788],[77.69635330975751,32.36255740210248],[77.70400657094655,32.35351548515155],[77.7234337968323,32.34554138003074],[77.74336517546254,32.32331012016596],[77.75281372897047,32.32112209301022],[77.75374337345795,32.31982494506519],[77.7468051857108,32.298571127755395],[77.74437908642574,32.29655912400443],[77.73739916653835,32.29625904991525],[77.72972703397551,32.29318846947234],[77.72531186634961,32.2891594410554],[77.71994918021056,32.27958559939594],[77.70560856748148,32.26676728977867],[77.69593338122064,32.25169456325352],[77.6964916146963,32.23629416514365],[77.69302092047917,32.22483582471358],[77.68965265544574,32.220965489765604],[77.6900582523865,32.21315564401783],[77.70235691034321,32.20422115648125],[77.71782012789663,32.2021074322123],[77.73752402841126,32.19686671752504],[77.73815582193367,32.19489876796382],[77.74143950752733,32.19402499565706],[77.76054477072466,32.19327032236754],[77.77861282512185,32.18916075876206],[77.79803811116994,32.18783659878005],[77.80550975157382,32.1831600387049],[77.80440302338087,32.17751180792362],[77.80102487210024,32.174064496079666],[77.79915076409657,32.16842432861995],[77.79836595092797,32.149711180626525],[77.79473634020997,32.14648406059098],[77.78393693933833,32.14289651476241],[77.77670762125979,32.13840028494525],[77.7634483101914,32.12156699432137],[77.7655022691145,32.11727138706493],[77.7696866401264,32.11407859954778],[77.77040894321823,32.10912173518],[77.76980648018497,32.10395359128523],[77.76491803533912,32.09478015837766],[77.76196640912252,32.09166091651815],[77.7535037850717,32.091297688437635],[77.74493109389493,32.08876744765962]]]}},{"type":"Feature","properties":{"blockName":"Arki","districtName":"Solan","state":"Himachal Pradesh"},"geometry":{"type":"Polygon","coordinates":[[[76.94641617926334,31.051858843910566],[76.94194168785867,31.058451378128666],[76.9429784757761,31.074832636217252],[76.95002863811123,31.080431293669335],[76.9589450186977,31.082712228886294],[76.96537310828239,31.08250487130283],[76.96682461226612,31.080016579401672],[76.97283798488513,31.09266539918889],[76.98320587035471,31.0993008445584],[76.98556094298317,31.10417203321282],[76.98547062227146,31.10864849503207],[76.98734421226567,31.111954421759208],[76.99272126687305,31.113595141302767],[76.99256099959052,31.11646800039796],[76.99601000036131,31.11725799995679],[77.00007599990755,31.114925000288565],[77.00583600023128,31.114526999921168],[77.00923200035658,31.115864000423358],[77.01118499958812,31.11848099969842],[77.01079599963572,31.13076999983565],[77.01251999999806,31.137133000087942],[77.03051799990584,31.152356999775748],[77.03393600014635,31.158925999635244],[77.02592500033853,31.1686649999898],[77.01271800013564,31.174918999712133],[77.00569900020872,31.181070000080467],[77.00407399991519,31.187897000146506],[76.98932376937654,31.191882924057722],[76.98739850433753,31.19706632944758],[76.98799089316526,31.205211681673802],[76.98399226633006,31.207729335540478],[76.97821647121322,31.207433141126614],[76.97481023320574,31.204619291946813],[76.9746621364485,31.19839920565886],[76.9718482872687,31.19514106440863],[76.96699810048199,31.194807845805485],[76.96225898716256,31.1984362298482],[76.96129635464308,31.211468792151095],[76.95440983024952,31.21465288412338],[76.95063334855024,31.220058436447744],[76.94233989956678,31.215208249661032],[76.92249486124888,31.222020725675975],[76.91868135536032,31.222761212160265],[76.91570089687895,31.221261726647413],[76.91003617522938,31.22240948101279],[76.90833305622562,31.22159494525056],[76.908259007847,31.219521583454366],[76.90988807847208,31.215004615270857],[76.89841053751633,31.209525015467136],[76.8952264455441,31.212264815368997],[76.89804029382458,31.226260010191368],[76.88351399987124,31.223851999869964],[76.87390900030016,31.218521000443843],[76.86073299972821,31.218813000419686],[76.84975399974735,31.22378200023917],[76.8447189995822,31.229733000377735],[76.83778399993173,31.231953000230817],[76.83126100039493,31.22622100029895],[76.82575199995489,31.225500000324814],[76.82207747979191,31.226991168907375],[76.83026412888648,31.210442805990738],[76.84185288989903,31.195618298645627],[76.84669821225276,31.18548940531184],[76.84906783321401,31.172415599200576],[76.84901149788237,31.168754583257453],[76.85345839808667,31.16339643239951],[76.85792864109396,31.166833101666384],[76.86390054327552,31.16556407282377],[76.87442601964517,31.149962479285023],[76.87987537974504,31.149887830159287],[76.8836824671722,31.145632849776234],[76.89040085701401,31.146080742732124],[76.8968206521514,31.144289171807884],[76.89995590014473,31.138765162582217],[76.9091367443653,31.137087177831063],[76.91115476907737,31.1399307585977],[76.90876445471588,31.143766630625578],[76.91137716242616,31.146603283914487],[76.91570679103563,31.146230040983653],[76.91421381571507,31.13451018309854],[76.90951094327545,31.13451018309854],[76.90794331882915,31.132793261300037],[76.90831656265931,31.129135472124403],[76.91055602564012,31.127791794156053],[76.9121982992122,31.12383540937668],[76.9076447241248,31.12107340431419],[76.90495736818804,31.11495220478048],[76.90637569438286,31.111742306762096],[76.91660257604809,31.106591542265903],[76.91630398134373,31.098006933273382],[76.92533648329214,31.0983055279778],[76.92530365893674,31.090358752354575],[76.92031168683496,31.083282462915406],[76.92430597444121,31.064813375636845],[76.92951280447238,31.064793850455885],[76.93304845222434,31.062192587517927],[76.932456170416,31.047199693810853],[76.94570603860285,31.044159577902235],[76.9491666613124,31.045015495069094],[76.9497672492592,31.046859762667964],[76.94612057210679,31.04990270514577],[76.94641617926334,31.051858843910566]]]}},{"type":"Feature","properties":{"blockName":"Ramshahr","districtName":"Solan","state":"Himachal Pradesh"},"geometry":{"type":"Polygon","coordinates":[[[76.78618328143335,31.222556965331762],[76.78198853404365,31.215662444166526],[76.77946884591057,31.213907860559345],[76.77787772757512,31.213582905826513],[76.77834821599743,31.21222061189178],[76.77748375617045,31.210015958070073],[76.76843945691547,31.20203113662768],[76.7667806592001,31.199497330937106],[76.76005107459747,31.196213200179102],[76.74989792564878,31.191606220650613],[76.74933818490939,31.185329787339867],[76.74370079635474,31.18435229712088],[76.73863372636544,31.18160453911821],[76.73805427158743,31.181232175724404],[76.7363677189951,31.181301239160916],[76.73050307805465,31.188201449437372],[76.72561524924441,31.19355863712144],[76.72237816382125,31.196551541320616],[76.71850219731863,31.196025992805403],[76.7137559173018,31.193110012117415],[76.71141254485315,31.18767936960728],[76.7074976359072,31.181845898269614],[76.70474907301139,31.180009942205118],[76.7032404980506,31.178611991050616],[76.70415950175965,31.176657266919392],[76.71376254080866,31.175858593399425],[76.71735425229696,31.172368072728432],[76.72358408993387,31.171548111356287],[76.7258298103975,31.168780919004234],[76.72823361279103,31.16871881991767],[76.72973317114901,31.169284503377185],[76.73669017361266,31.168654436553084],[76.7457444760268,31.1707859224324],[76.74859614709459,31.16833625191657],[76.75122171600947,31.166915448089526],[76.75686153723024,31.161945700933416],[76.75872994623012,31.1593889436449],[76.76332430017635,31.152010849820897],[76.76161954260789,31.14741227895354],[76.76118881950845,31.146275836260884],[76.761148778993,31.145141632880097],[76.76140174029814,31.144009110332206],[76.76312065769224,31.142758984339707],[76.77165943183735,31.145007305642707],[76.77733295515179,31.141324761728413],[76.77539630379641,31.13601524800532],[76.77107315839959,31.131194860254652],[76.76814016793446,31.130368228610905],[76.76510761802223,31.131357337171437],[76.76255323404456,31.129550913044227],[76.76343963643012,31.1219126912178],[76.76800345659433,31.11404299558785],[76.76565527007472,31.109789354295287],[76.76749449787286,31.102462422902533],[76.76375025327161,31.096000402796392],[76.76645944474762,31.089051508620287],[76.7708144908961,31.08359620490097],[76.77154973073556,31.078325961873702],[76.7760330085166,31.078677458298102],[76.78237590982042,31.07539601291569],[76.79956102602057,31.057123065077462],[76.80694967248945,31.04474780107023],[76.8122573614881,31.042069251294947],[76.8183716299468,31.042901149368618],[76.82383166499937,31.03964732036758],[76.83142427950696,31.03151681774699],[76.83694931575837,31.028579129223488],[76.84769726641576,31.030147872426426],[76.85297102399363,31.026633059268306],[76.85728313380963,31.026914878019284],[76.85724535958576,31.032882426582773],[76.85429645381834,31.038861830908843],[76.85769531288844,31.0405439102733],[76.85849186580703,31.043356034553426],[76.86369303280725,31.045358583731684],[76.86467699005112,31.05145211472336],[76.87178457230021,31.053667982191655],[76.87654374140061,31.0478227531176],[76.88597656216865,31.046925504908188],[76.90151779860759,31.05450848497867],[76.90195426567686,31.057565021608525],[76.89285198623026,31.069646004959225],[76.89364290489618,31.070398493795494],[76.89328609707576,31.07076592081063],[76.89213488391783,31.072578086209774],[76.89049957829297,31.076962062649102],[76.88520547355381,31.084227861726504],[76.88314990484429,31.089078385758967],[76.87875122988538,31.09723837265284],[76.87765919751399,31.10082870368177],[76.87912253387788,31.10323086301395],[76.88084301159574,31.106411979129575],[76.88689018523394,31.109667746169578],[76.88342019968252,31.11554533644818],[76.87900195817389,31.121234102372],[76.8740137119633,31.127614875026495],[76.8648356619363,31.129323972723228],[76.86024071623615,31.137163439441224],[76.8580180642823,31.14078399128823],[76.85493141295439,31.14456937627574],[76.85687561771562,31.1595027285681],[76.85345839808667,31.16339643239951],[76.84901149788237,31.168754583257453],[76.84906783321401,31.172415599200576],[76.84669821225276,31.18548940531184],[76.84185288989903,31.195618298645627],[76.83026412888648,31.210442805990738],[76.82207747979191,31.226991168907375],[76.81935645143915,31.228095397884374],[76.8133010004409,31.228238999830012],[76.80794499986189,31.2304340003289],[76.78618328143335,31.222556965331762]]]}},{"type":"Feature","properties":{"blockName":"Nalagarh","districtName":"Solan","state":"Himachal Pradesh"},"geometry":{"type":"Polygon","coordinates":[[[76.76118881950845,31.146275836260884],[76.75738199288475,31.145997638180518],[76.7537370334374,31.150007092853116],[76.75082106533995,31.150553836590348],[76.74006843371131,31.13925446302312],[76.73150277883025,31.139072215410465],[76.72275487633652,31.137067487174818],[76.7154649574419,31.133422526828213],[76.70252534996496,31.13232903935375],[76.69960938276688,31.1188426890389],[76.68156683314288,31.11282850523139],[76.6713609461508,31.10644982619857],[76.6496734361802,31.09679068294372],[76.6414722774237,31.093874714846265],[76.63290662164331,31.092963475883778],[76.62909661591613,31.096614730585372],[76.62560299977866,31.093140000210894],[76.6215439996559,31.080243999960658],[76.61861400033592,31.07513199984197],[76.62320699990318,31.05738799995629],[76.61262500024361,31.050280000421708],[76.61881999994313,31.03021999985316],[76.62720499991087,31.01866500028956],[76.62364200017822,31.000905999712188],[76.63452900041307,30.994949000196243],[76.6394879997714,30.98913800021859],[76.64691899981204,30.98734300017935],[76.66662600028974,30.978394000282947],[76.67218770999489,30.972169655705102],[76.73788009539015,31.006290427861018],[76.73942492022394,31.01040995775338],[76.74457433303911,31.01246972359894],[76.75126857068807,31.009895016741666],[76.7589926903604,31.011954782587225],[76.76208233822939,31.01813407832509],[76.76826163486663,31.02457084456887],[76.77495587161621,31.028175434348896],[76.78963170034274,31.032809906152295],[76.80694967248945,31.04474780107023],[76.79956102602057,31.057123065077462],[76.78237590982042,31.07539601291569],[76.7760330085166,31.078677458298102],[76.77154973073556,31.078325961873702],[76.7708144908961,31.08359620490097],[76.76645944474762,31.089051508620287],[76.76375025327161,31.096000402796392],[76.76749449787286,31.102462422902533],[76.76565527007472,31.109789354295287],[76.76800345659433,31.11404299558785],[76.76343963643012,31.1219126912178],[76.76255323404456,31.129550913044227],[76.76510761802223,31.131357337171437],[76.76814016793446,31.130368228610905],[76.77107315839959,31.131194860254652],[76.77539630379641,31.13601524800532],[76.77733295515179,31.141324761728413],[76.77165943183735,31.145007305642707],[76.76312065769224,31.142758984339707],[76.76140174029814,31.144009110332206],[76.761148778993,31.145141632880097],[76.76118881950845,31.146275836260884]]]}},{"type":"Feature","properties":{"blockName":"Krishangarh","districtName":"Solan","state":"Himachal Pradesh"},"geometry":{"type":"Polygon","coordinates":[[[76.94570603860285,31.044159577902235],[76.932456170416,31.047199693810853],[76.93304845222434,31.062192587517927],[76.92951280447238,31.064793850455885],[76.92430597444121,31.064813375636845],[76.91736015864444,31.06334761110344],[76.91249666009287,31.061624173716723],[76.90485794273991,31.069637976711306],[76.9000425561191,31.071682457679344],[76.89796784444053,31.071231566383744],[76.89364290489618,31.070398493795494],[76.89285198623026,31.069646004959225],[76.90195426567686,31.057565021608525],[76.90151779860759,31.05450848497867],[76.88597656216865,31.046925504908188],[76.87654374140061,31.0478227531176],[76.87178457230021,31.053667982191655],[76.86467699005112,31.05145211472336],[76.86369303280725,31.045358583731684],[76.85849186580703,31.043356034553426],[76.85769531288844,31.0405439102733],[76.85429645381834,31.038861830908843],[76.85724535958576,31.032882426582773],[76.85728313380963,31.026914878019284],[76.85826244245783,31.02243767965524],[76.8674542206358,31.015126320023683],[76.86893224742533,31.008926175302804],[76.87186831896781,31.005990102861006],[76.87173174432462,30.99765906311535],[76.87350721198828,30.995747020808437],[76.8806090826431,30.99642989312514],[76.8877109523986,30.999024807748754],[76.8904424407661,30.996566467768332],[76.89057901540929,30.99369840475765],[76.8852526133175,30.993015532440893],[76.88347714565379,30.99124006477723],[76.88965713836632,30.989157305065646],[76.8870622237427,30.976182734645533],[76.87702400365492,30.975568149650428],[76.87033939234914,30.9625628979594],[76.87587163217012,30.957955077564804],[76.87706058447844,30.95180322913575],[76.89088053291033,30.95180322913575],[76.8935403147338,30.9499983761242],[76.89173546262157,30.945153773228128],[76.89439524534436,30.941639060794046],[76.89344532294336,30.933374737254383],[76.9086440795607,30.93688944878909],[76.91453359754752,30.936604472518468],[76.91624345697,30.932614799333578],[76.91120886959374,30.931664876932587],[76.91092389242374,30.929480055859926],[76.92051810732482,30.928055171808808],[76.92544433898513,30.921036979473058],[76.93032733573801,30.925097505745327],[76.94820343793839,30.931172067337116],[76.95014451665617,30.942248560123005],[76.96852053669346,30.952869960880037],[76.96920130369728,30.957149797625107],[76.96687168817795,30.96207960768777],[76.96927893407559,30.9643983054375],[76.9760761360049,30.965516039533668],[76.97747701535201,30.96196898028427],[76.98329502644435,30.957493547289403],[76.98938183140643,30.962517944447654],[76.9841540462723,30.966022056572683],[76.98558816096494,30.9690345704891],[76.98167381769258,30.973196530395626],[76.97621054598,30.985336834827137],[76.97306094120955,30.988134957562295],[76.97119447114801,30.996297344746722],[76.96488204157299,31.003572070494727],[76.96732721907597,31.008987255457498],[76.96516339267652,31.01427146675485],[76.95846690222584,31.014695807365683],[76.95694503078857,31.019790114222417],[76.94930624778516,31.025889773194535],[76.94455675359137,31.037703029271427],[76.94570603860285,31.044159577902235]]]}},{"type":"Feature","properties":{"blockName":"Kasauli","districtName":"Solan","state":"Himachal Pradesh"},"geometry":{"type":"Polygon","coordinates":[[[76.98329502644435,30.957493547289403],[76.97747701535201,30.96196898028427],[76.9760761360049,30.965516039533668],[76.96927893407559,30.9643983054375],[76.96687168817795,30.96207960768777],[76.96920130369728,30.957149797625107],[76.96852053669346,30.952869960880037],[76.95014451665617,30.942248560123005],[76.94820343793839,30.931172067337116],[76.93032733573801,30.925097505745327],[76.92544433898513,30.921036979473058],[76.92200601856297,30.915438065714227],[76.9226633357444,30.90432170867996],[76.9192632562943,30.8889276759715],[76.92937499955661,30.86547500007123],[76.94012499976895,30.850563000382238],[76.94099400027295,30.83345400010205],[76.94719700034136,30.82805300014587],[76.95632200026017,30.825273999695355],[76.9672159999185,30.807258999902956],[76.98210899963067,30.80398800014615],[76.99253800032852,30.794810999627998],[77.00194499976197,30.811012000303606],[77.00617200043752,30.814313999691365],[77.01145899963319,30.81028900023722],[77.01348100024802,30.784996000265267],[77.00830800001427,30.78104599977314],[77.00204499987689,30.7730459995733],[77.00463899989,30.769423999817775],[77.0178759996777,30.762305999822104],[77.01921800041043,30.757696000370174],[77.01809699997665,30.748437999713985],[77.0286870000051,30.747765000154686],[77.03167700029337,30.75888799958159],[77.05004462156211,30.771391633716974],[77.04916113028202,30.775481899670012],[77.04405546498776,30.78073755839165],[77.04394123939676,30.80884461258887],[77.0371250033163,30.8147675601748],[77.03227765479,30.82470304441],[77.01496771718644,30.838743704458466],[77.01358506619789,30.843230637983595],[77.01867422623462,30.845717987395233],[77.03446680969557,30.838971506329983],[77.03935915759911,30.839636464151567],[77.04453259490339,30.844453218641206],[77.04955570872903,30.8430867167786],[77.05662715891629,30.84408508026229],[77.0697072144165,30.84319885774113],[77.07018482816733,30.84702145847359],[77.06555681079823,30.854193507724233],[77.06461598953632,30.86272267621058],[77.05534852351559,30.866423196673225],[77.05467060826203,30.877115912769227],[77.04268134137084,30.88286560866095],[77.03474940456141,30.891765760981116],[77.0350184727244,30.893999062706655],[77.04313766816892,30.897934339498192],[77.03488189718189,30.906455915907827],[77.03714230357451,30.910597665350053],[77.0372289064889,30.914881013947706],[77.00713062827595,30.943669334272386],[77.00561357720488,30.948011309674257],[76.9987386999311,30.95444743650006],[76.99488114614803,30.961604184685427],[76.99139457979607,30.962180140201383],[76.98329502644435,30.957493547289403]]]}},{"type":"Feature","properties":{"blockName":"Kandaghat","districtName":"Solan","state":"Himachal Pradesh"},"geometry":{"type":"Polygon","coordinates":[[[77.09517008903111,31.036815064667064],[77.09028188979744,31.03197007425956],[77.09007507900174,31.03070026930203],[77.08785844261308,31.03009862285319],[77.08702871100627,31.02703983791821],[77.09591490135165,31.024268874708866],[77.10293785739628,31.02584545730207],[77.10255565541922,31.022214540768516],[77.0971570557536,31.016529291193876],[77.09099405393249,31.01624263858696],[77.07709146589849,31.02379112336172],[77.07701196762827,31.028448938867484],[77.06939965706857,31.029380822666894],[77.06739309691397,31.02703983791821],[77.05702587604338,31.023217820845787],[77.05291720726336,31.018918050627576],[77.0522483535787,31.016959267855952],[77.05411158787956,31.013232801052993],[77.05019401963835,31.008264178948764],[77.05076732305355,31.003964408730553],[77.04885631406768,31.000763469758397],[77.03949237237515,31.000763469758397],[77.03011079407793,30.99849264292118],[77.03113099400025,30.993963485326617],[77.0273104707017,30.986139111930527],[77.02810682307148,30.98423722746611],[77.03833032058787,30.977946364533125],[77.03976709547516,30.97181940753967],[77.04718226205182,30.96872181056318],[77.05701211371814,30.972219187665416],[77.06956076611652,30.97291310095892],[77.07378907620495,30.96742291703407],[77.0764562846299,30.959431030517692],[77.08634924082486,30.954633777826643],[77.08837606540317,30.947866948700778],[77.09772616742873,30.94120398947257],[77.11129237124601,30.937259080042566],[77.11649610311275,30.93700926906257],[77.11849069688822,30.938633802607967],[77.1211774161049,30.94265736854277],[77.12055163634898,30.94850330088667],[77.12241242809114,30.95027173495265],[77.12658768357477,30.951561388847097],[77.13500130356738,30.948552286958545],[77.14943920225744,30.933310980717238],[77.1524902844991,30.9215284122065],[77.15905330206829,30.91840288138792],[77.16192255398272,30.91469074078509],[77.17207682078873,30.911243160043853],[77.18080866318934,30.903394363758935],[77.18509217276562,30.90398139622448],[77.18555600170816,30.89876320325925],[77.19063768658003,30.896776993863227],[77.19790965950324,30.888365554726647],[77.2069538139674,30.88734531883148],[77.2060620003611,30.888626000189788],[77.2148209995895,30.896201999722564],[77.2151179997959,30.902103000253305],[77.21753699983276,30.90382999985468],[77.22776800039298,30.899951999984864],[77.2347339996744,30.90231099995276],[77.24038699956043,30.913833999839255],[77.24622299979166,30.918763999658893],[77.24512500041851,30.92523799963402],[77.24072299976666,30.93473999985116],[77.24054699974431,30.93972400036239],[77.24732200011027,30.94248800012116],[77.25202200011529,30.947648999801572],[77.23474900036615,30.96033900044455],[77.21961999966334,30.9662190000069],[77.2066959999205,30.96693799988884],[77.20272800039697,30.969798999624174],[77.2023009995915,30.974438000413443],[77.20524599960328,30.977136999872698],[77.20953400039389,30.986763000412168],[77.2085799995674,30.991066000095884],[77.18640899967568,31.009087000164982],[77.18077899995092,31.00937800009467],[77.17118099980337,31.00478200038907],[77.16203174876625,31.00630749069819],[77.1488879996815,31.008499000028905],[77.14477499976647,31.02088200000435],[77.12985199957018,31.029262999787647],[77.12046099997525,31.03213500003028],[77.11360200023216,31.030568999759566],[77.1060099999616,31.031428999848515],[77.09517008903111,31.036815064667064]]]}},{"type":"Feature","properties":{"blockName":"Rajgarh","districtName":"Sirmaur","state":"Himachal Pradesh"},"geometry":{"type":"Polygon","coordinates":[[[77.21275168114522,30.87901934316818],[77.21437986773674,30.880798248940096],[77.21927437671116,30.877685245677583],[77.2196891350456,30.877484894712154],[77.22404868409956,30.87871784275427],[77.22500777329014,30.873759631202063],[77.22462995101148,30.87316797532185],[77.22442605042193,30.871556159089494],[77.22640925158572,30.869807609033955],[77.23078489400768,30.86890628599633],[77.2331383055884,30.866702378611933],[77.22978019659882,30.859165301737335],[77.23110417941439,30.85560542085352],[77.23402178068068,30.852696560098195],[77.24207227511545,30.84946837796332],[77.24192298315921,30.84512204624548],[77.24249647183478,30.84291946715973],[77.24807091953738,30.833817410744984],[77.24764955568253,30.832060504188973],[77.25003220602156,30.82516200981894],[77.2530969786427,30.82262381813473],[77.25570000155386,30.821360778776977],[77.26093741123259,30.819083216916965],[77.25916745281575,30.81406896770875],[77.26107379162227,30.810323511720753],[77.2644439560238,30.80504893036391],[77.26473805231933,30.80474061668616],[77.26942559041873,30.806087961190485],[77.27274427582773,30.809183537390368],[77.27533640255297,30.80965029722347],[77.27730777673258,30.806430675735157],[77.27997533589308,30.80259150859132],[77.2808139357146,30.801324961877526],[77.28367755067848,30.798818357980906],[77.2856624857352,30.797732634353622],[77.28712486791835,30.795553690350573],[77.2917349492086,30.790456153129014],[77.29251333042589,30.78630573692027],[77.29661169117668,30.782725657263313],[77.2970162997625,30.779576544422014],[77.2975159963662,30.77851786520739],[77.30068619651081,30.774148419114283],[77.30088712843826,30.771049315773382],[77.30100848925042,30.76778295561894],[77.30330623639372,30.76531180299736],[77.3138077638173,30.76215092162778],[77.31488686843431,30.7602446205928],[77.31372363943444,30.75861055513309],[77.31558185911558,30.7543411811007],[77.3133714262504,30.745984908177036],[77.31532456487685,30.7445037841224],[77.31996420868137,30.742708461226528],[77.33342946899484,30.754626940680794],[77.33646899584755,30.76289197288628],[77.34001425645283,30.763917360098162],[77.3385655907295,30.7660709378236],[77.34223181554592,30.773562526989053],[77.35312936752632,30.778339825522607],[77.3532554192023,30.78185662168579],[77.34878091430778,30.78638909508072],[77.34877807334948,30.788204135612432],[77.34982506587414,30.790927918588636],[77.35875541023404,30.794568042381286],[77.35796177021956,30.798083819612657],[77.36044655116746,30.806481082735843],[77.35150897086237,30.816815901932387],[77.36114537835658,30.819958577426462],[77.37040895301084,30.81488875731037],[77.3778190564044,30.813954458831233],[77.38099815534065,30.816075784170152],[77.37754026657012,30.818740134549614],[77.37767469363229,30.82027019161609],[77.38217474017216,30.820352819527045],[77.39351669843694,30.824016276230225],[77.40066251536285,30.832597350887113],[77.40328556797465,30.833148161358622],[77.40837438447033,30.832534431618797],[77.41768145573462,30.82643499567854],[77.42530784877823,30.826555301585927],[77.44140085526533,30.838878682805046],[77.4432261354778,30.84661589480777],[77.4531025054763,30.85798760264578],[77.45288200969702,30.8629986718513],[77.45175900017779,30.862595000359022],[77.4428630000275,30.86975699968582],[77.43212899965368,30.872161999976356],[77.43411117918765,30.875576381344956],[77.4332520145689,30.875623282788297],[77.41468486431512,30.873781896617288],[77.38424771436058,30.880477423894035],[77.37751048731917,30.887915864025956],[77.36175720603029,30.892490915823146],[77.35869658198175,30.89533705156373],[77.35349764170286,30.89176946798659],[77.35234039499329,30.892266804769292],[77.35546573875291,30.896438354146767],[77.3523946169181,30.896231152146015],[77.34283375607305,30.891432119696617],[77.34306519120565,30.89438655899255],[77.35170948370575,30.901762666214154],[77.34687366718606,30.904987659353026],[77.33861624234578,30.904395016916567],[77.32866306484863,30.890755332192896],[77.32288405555477,30.89397937205041],[77.32091153743755,30.89753716380909],[77.31960478293445,30.896874725887926],[77.31720120537136,30.90855913159868],[77.31802020177093,30.911465645123485],[77.3239653770006,30.91605072256283],[77.32221536374811,30.9183737460516],[77.32382235421835,30.923655729728182],[77.33194933419446,30.92641900733139],[77.34037903676318,30.927009792667832],[77.33722965682324,30.93172578171948],[77.33916774169796,30.93541528099047],[77.32872025003957,30.933558327554806],[77.32628101885399,30.938457203637086],[77.31929483518854,30.940600905007784],[77.32028228000325,30.93881162195885],[77.31864802478657,30.935699247322475],[77.3202940035655,30.93254432665941],[77.31674006630107,30.931100680951715],[77.31674505034385,30.9388276523743],[77.31446342984344,30.94586197584954],[77.30818115723469,30.95432055834715],[77.30696464430292,30.952693078622758],[77.30890052583868,30.948786195226774],[77.30572832380318,30.947119818025214],[77.29915130199106,30.94671879143914],[77.29098148820515,30.948660720016278],[77.28780740208998,30.950306384032444],[77.28732516762244,30.95141436138374],[77.28077699965888,30.94901299975021],[77.27441400030591,30.944470999836824],[77.26560999990164,30.940735000220116],[77.26266499988986,30.937121999980377],[77.2609410004269,30.928411000267488],[77.25460100033598,30.921987999946282],[77.24622299979166,30.918763999658893],[77.24038699956043,30.913833999839255],[77.2347339996744,30.90231099995276],[77.22776800039298,30.899951999984864],[77.21753699983276,30.90382999985468],[77.2151179997959,30.902103000253305],[77.2148209995895,30.896201999722564],[77.2060620003611,30.888626000189788],[77.2069538139674,30.88734531883148],[77.21275168114522,30.87901934316818]]]}},{"type":"Feature","properties":{"blockName":"Nohra","districtName":"Sirmaur","state":"Himachal Pradesh"},"geometry":{"type":"Polygon","coordinates":[[[77.31996420868137,30.742708461226528],[77.32341399905687,30.741343615915184],[77.32415838410219,30.736718235358353],[77.32524770411828,30.731946645721166],[77.32882878022406,30.728377991950822],[77.33104263860696,30.723565044291433],[77.33021039339502,30.722311569223564],[77.32997496976907,30.721696530970178],[77.33016394431064,30.721577453536725],[77.33671248998945,30.719871277737354],[77.34488681657336,30.710729685326783],[77.35138218533962,30.71114795731245],[77.3576916606417,30.708718352470044],[77.36245040706069,30.7011402440271],[77.37150862782096,30.69162563891217],[77.37912069286574,30.686603149216012],[77.39021472243155,30.692622871048684],[77.3948545182215,30.693078760776245],[77.4000743659393,30.7010372419752],[77.40574375327168,30.702311949137197],[77.41303338887985,30.70834316880223],[77.41706930160706,30.709911106212644],[77.41912440087049,30.712886131889547],[77.41713314447907,30.718081171808706],[77.42082168237482,30.72113372983779],[77.42201482462451,30.725072520280662],[77.42835696690054,30.73280922956235],[77.43368314416182,30.73467622213002],[77.43472095460845,30.732301480429044],[77.4422909754482,30.73083009333419],[77.44531213634605,30.725933627434983],[77.4492273537594,30.730940544470627],[77.45623771839604,30.73187292289714],[77.45888412460272,30.739161837249014],[77.45777335665514,30.74293595463064],[77.4579797339776,30.74644468027782],[77.46170297041579,30.748904663319593],[77.46143196331451,30.750974504270005],[77.45885478152303,30.752043637204167],[77.46146211038814,30.757991914195543],[77.46305377101476,30.76030376990309],[77.46638632037246,30.758957197017082],[77.47535828805462,30.75705467313469],[77.48342758731337,30.762281176734973],[77.48497098762101,30.762161236851625],[77.49053817329809,30.7586878752453],[77.49292171756326,30.759799642339658],[77.5020310099232,30.766699146648364],[77.52043742974365,30.77238864911692],[77.5230244779973,30.77520081386649],[77.52479341388499,30.77822364930205],[77.52458826413715,30.78364073273366],[77.5087660003507,30.789129000203275],[77.50331513478568,30.791734376640193],[77.501366078182,30.79266597625383],[77.49295799981189,30.794121000184077],[77.4961700004452,30.79984899993144],[77.49358399990172,30.803916999569935],[77.49362900017826,30.81027999982217],[77.49057000030535,30.816355000283068],[77.48961600037819,30.82540100015609],[77.49037200016772,30.83565700007057],[77.49304200008828,30.840930999566012],[77.48743399957948,30.844824000127574],[77.47751969078115,30.864744975400356],[77.47044400029046,30.86362500019368],[77.46115099981887,30.865970999562023],[77.45288200969702,30.8629986718513],[77.4531025054763,30.85798760264578],[77.4432261354778,30.84661589480777],[77.44140085526533,30.838878682805046],[77.42530784877823,30.826555301585927],[77.41768145573462,30.82643499567854],[77.40837438447033,30.832534431618797],[77.40328556797465,30.833148161358622],[77.40066251536285,30.832597350887113],[77.39351669843694,30.824016276230225],[77.38217474017216,30.820352819527045],[77.37767469363229,30.82027019161609],[77.37754026657012,30.818740134549614],[77.38099815534065,30.816075784170152],[77.3778190564044,30.813954458831233],[77.37040895301084,30.81488875731037],[77.36114537835658,30.819958577426462],[77.35150897086237,30.816815901932387],[77.36044655116746,30.806481082735843],[77.35796177021956,30.798083819612657],[77.35875541023404,30.794568042381286],[77.34982506587414,30.790927918588636],[77.34877807334948,30.788204135612432],[77.34878091430778,30.78638909508072],[77.3532554192023,30.78185662168579],[77.35312936752632,30.778339825522607],[77.34223181554592,30.773562526989053],[77.3385655907295,30.7660709378236],[77.34001425645283,30.763917360098162],[77.33646899584755,30.76289197288628],[77.33342946899484,30.754626940680794],[77.31996420868137,30.742708461226528]]]}},{"type":"Feature","properties":{"blockName":"Pachhad","districtName":"Sirmaur","state":"Himachal Pradesh"},"geometry":{"type":"Polygon","coordinates":[[[77.05004462156211,30.771391633716974],[77.03167700029337,30.75888799958159],[77.0286870000051,30.747765000154686],[77.01809699997665,30.748437999713985],[77.01827896879945,30.748125022152124],[77.0264739995755,30.738136000376187],[77.03143299983316,30.736367999783397],[77.04168699965538,30.73934899965667],[77.04377000038528,30.742247000198972],[77.04372400006258,30.7476749996016],[77.04712699961141,30.75132399970289],[77.06047800015966,30.74455499961357],[77.06838999989861,30.742617000174448],[77.08313800011865,30.74283400028895],[77.09026300043718,30.740608000159114],[77.10454599989805,30.732041999938417],[77.11399100018457,30.728203000068447],[77.11576800029303,30.726592999567345],[77.1133189997721,30.718091999646106],[77.11657000040526,30.716251000183547],[77.12299299982715,30.71846399971389],[77.13086699961241,30.71369900030868],[77.13849599979062,30.702856000304223],[77.14721699996466,30.69791399993119],[77.15376299966277,30.693309999856638],[77.16449470496673,30.686670287204038],[77.18422160744126,30.689152029342722],[77.18475850540074,30.69216515120081],[77.19117239558966,30.695329067782325],[77.19584447794034,30.69571242179086],[77.20006798564907,30.691819300720226],[77.20036119341438,30.684951323045198],[77.20459190379336,30.674395684313424],[77.23329670228105,30.655574713002636],[77.23543942878666,30.656036671355366],[77.23661973141554,30.653961913811315],[77.24411379371668,30.65379178726124],[77.24748986576475,30.652271360135217],[77.25272832944893,30.655011573725176],[77.25722695236203,30.6540483071837],[77.26392117742046,30.656769791492707],[77.2652646053773,30.65617458149177],[77.26299722564153,30.653679897209543],[77.26491948784417,30.649885416478867],[77.26901804734507,30.648654065632684],[77.2675727711665,30.65539485129142],[77.27361654177002,30.65461440523069],[77.27670514552608,30.655997299935507],[77.28071670551162,30.654905748701367],[77.27795154652671,30.65851386202519],[77.2780831883885,30.660993574394013],[77.28792334808412,30.668964414975846],[77.29445954607127,30.670388003103938],[77.29595629404781,30.678139072760075],[77.29825890112744,30.681529698536792],[77.29594614519851,30.68296598239425],[77.30658683551411,30.686969217355568],[77.31574507617438,30.695902968347355],[77.31680227690362,30.701966388238304],[77.32307320096749,30.705820141486413],[77.32702068515653,30.709628246946068],[77.32739793007045,30.710446756812416],[77.32735881675603,30.710974411539894],[77.32591688695481,30.71343217415557],[77.31965740226735,30.720238607625674],[77.3168498816168,30.72105796285473],[77.30275804115075,30.715272954183547],[77.29647455625582,30.7174171142085],[77.29292079885585,30.721469632017943],[77.29337781093727,30.72703596603708],[77.29643319283764,30.73353125116637],[77.30836771259993,30.739233401700176],[77.30871524301409,30.742077810742444],[77.29581762038691,30.746747596224623],[77.28254185891973,30.743911126397393],[77.28171903680413,30.745969497394412],[77.28384379935193,30.74999270539911],[77.28428955371999,30.756209234868322],[77.28002750826295,30.76699669184393],[77.28194660844929,30.770735587277557],[77.27563977085879,30.774409778288714],[77.26947292713396,30.78281243104891],[77.26277503733814,30.783336501078736],[77.25589384772297,30.786321759241844],[77.24479754377171,30.78686578163058],[77.24160886705562,30.783566913682193],[77.23524401330064,30.766187614067178],[77.23277449384784,30.76674760931479],[77.21516787439793,30.78397715472198],[77.20628179287053,30.778211074081867],[77.19915499840454,30.770862954661652],[77.19031540733022,30.781479657360364],[77.18599962018635,30.773298854758366],[77.18387101483552,30.775655024559796],[77.18229145728498,30.78463899729195],[77.17623307719481,30.77821564983242],[77.16668643642993,30.772464072558932],[77.16499659231891,30.77415606694899],[77.17724713924412,30.786827509182274],[77.17509512813768,30.7927563716093],[77.17824763861768,30.796212817867286],[77.17881281306092,30.80257835960367],[77.17513923358882,30.803346423798473],[77.17237951190504,30.798604886806118],[77.16561991063043,30.799265823758788],[77.16363783901511,30.80125791741898],[77.1638976792346,30.81165752017847],[77.16106409083517,30.808754846758802],[77.15450658790877,30.810269056871505],[77.15042606880809,30.81239328342332],[77.147628284218,30.816061240334022],[77.14183817729008,30.8142007219858],[77.14140693168463,30.816150659025766],[77.13837640614628,30.816916924576446],[77.13425256490399,30.812362266705293],[77.12994280141919,30.81489444372363],[77.12457302232718,30.813822836754582],[77.12603542069814,30.819422512239214],[77.117442708814,30.823339869139716],[77.11568291813222,30.82713484539687],[77.10728838804874,30.83198781288729],[77.1071357766948,30.832251671277675],[77.10548431385007,30.83510682901698],[77.10489699989671,30.834495999590786],[77.0978090003851,30.83247399987522],[77.09313497100214,30.830475110937698],[77.0881730002838,30.828608999705637],[77.08808099963846,30.814742999689713],[77.08371000041626,30.802930999965724],[77.08444199999838,30.794909999696756],[77.08132200001035,30.790319000221757],[77.0699390002847,30.78197899963118],[77.05004462156211,30.771391633716974]]]}},{"type":"Feature","properties":{"blockName":"Renuka","districtName":"Sirmaur","state":"Himachal Pradesh"},"geometry":{"type":"Polygon","coordinates":[[[77.37912069286574,30.686603149216012],[77.38918448067932,30.680531780217507],[77.38664992135682,30.676631082358597],[77.38819599085235,30.673680011023748],[77.40178200133835,30.67301720438053],[77.40530893465967,30.665970689695598],[77.41585540300451,30.660112000468473],[77.4172201898599,30.653875307299643],[77.42060289530741,30.649222626023402],[77.42012748849288,30.641240913537388],[77.42146656822757,30.637730816424096],[77.43301016348829,30.6346642280717],[77.44265969928574,30.621867157743168],[77.43921137030856,30.605536076428848],[77.44004979925887,30.60042765111524],[77.45486649059615,30.59782039239724],[77.45490557333358,30.594632409058477],[77.45242241386336,30.59047053998347],[77.46216482354782,30.58240608807057],[77.47460847200341,30.586614857689597],[77.47921081372812,30.585774524874466],[77.48941277517946,30.57991665043312],[77.49979011522169,30.584142170824578],[77.50982881824541,30.58461125450583],[77.51563951065498,30.58830206678698],[77.51861560382713,30.59461503685452],[77.52270665848556,30.595981610662875],[77.52521662584667,30.594855199907613],[77.52796031171908,30.5984335483696],[77.5371245346696,30.61467706539429],[77.53526641661188,30.61934221397206],[77.54782450020059,30.627018750514992],[77.56105672908484,30.63230863743371],[77.56233470528247,30.641553720228046],[77.5662060312834,30.65064919360543],[77.56316332442793,30.661010574278635],[77.5653240634548,30.68035530625241],[77.56330654416172,30.683029809078505],[77.55621919036338,30.68604075907382],[77.5544168032929,30.689903250134932],[77.54019729866644,30.696332253430796],[77.53431277101765,30.703054814328254],[77.53332718510154,30.71118694741972],[77.53451629029462,30.712384579085096],[77.52451634895039,30.716834325643674],[77.53162848986295,30.729244689291022],[77.52447078120167,30.734587629915268],[77.51889478666516,30.745500894850466],[77.51975360774287,30.747819907362896],[77.51168644617263,30.74830233968129],[77.49760992475825,30.75675113395772],[77.49609040324958,30.756936415882933],[77.49373802678855,30.74942783222872],[77.48540835581105,30.743652494866808],[77.47111573720156,30.74095459168109],[77.45777335665514,30.74293595463064],[77.45888412460272,30.739161837249014],[77.45623771839604,30.73187292289714],[77.4492273537594,30.730940544470627],[77.44531213634605,30.725933627434983],[77.4422909754482,30.73083009333419],[77.43472095460845,30.732301480429044],[77.43368314416182,30.73467622213002],[77.42835696690054,30.73280922956235],[77.42201482462451,30.725072520280662],[77.42082168237482,30.72113372983779],[77.41713314447907,30.718081171808706],[77.41912440087049,30.712886131889547],[77.41706930160706,30.709911106212644],[77.41303338887985,30.70834316880223],[77.40574375327168,30.702311949137197],[77.4000743659393,30.7010372419752],[77.3948545182215,30.693078760776245],[77.39021472243155,30.692622871048684],[77.37912069286574,30.686603149216012]]]}},{"type":"Feature","properties":{"blockName":"Dadahu","districtName":"Sirmaur","state":"Himachal Pradesh"},"geometry":{"type":"Polygon","coordinates":[[[77.41433544442526,30.563646782373155],[77.4189922877639,30.56447404624032],[77.42296771388897,30.563272737247075],[77.42938811516944,30.570068805131314],[77.43780502847932,30.564846794543996],[77.448304900251,30.56822511219923],[77.45303412102794,30.573952033659452],[77.45151991900912,30.581195570019588],[77.45242241386336,30.59047053998347],[77.45490557333358,30.594632409058477],[77.45486649059615,30.59782039239724],[77.44004979925887,30.60042765111524],[77.43921137030856,30.605536076428848],[77.44265969928574,30.621867157743168],[77.43301016348829,30.6346642280717],[77.42146656822757,30.637730816424096],[77.42012748849288,30.641240913537388],[77.42060289530741,30.649222626023402],[77.4172201898599,30.653875307299643],[77.41585540300451,30.660112000468473],[77.40530893465967,30.665970689695598],[77.40178200133835,30.67301720438053],[77.38819599085235,30.673680011023748],[77.38664992135682,30.676631082358597],[77.38918448067932,30.680531780217507],[77.37912069286574,30.686603149216012],[77.37150862782096,30.69162563891217],[77.36245040706069,30.7011402440271],[77.3576916606417,30.708718352470044],[77.35138218533962,30.71114795731245],[77.34488681657336,30.710729685326783],[77.33671248998945,30.719871277737354],[77.33016394431064,30.721577453536725],[77.32997496976907,30.721696530970178],[77.32887514117488,30.722727972418056],[77.3287610720659,30.720732836351374],[77.32991551738729,30.718537074126743],[77.33076480834927,30.71767496692621],[77.33146460680621,30.715714018587164],[77.32727666908306,30.712082609225092],[77.32735881675603,30.710974411539894],[77.32739793007045,30.710446756812416],[77.32702068515653,30.709628246946068],[77.32307320096749,30.705820141486413],[77.31680227690362,30.701966388238304],[77.31574507617438,30.695902968347355],[77.30658683551411,30.686969217355568],[77.29594614519851,30.68296598239425],[77.29825890112744,30.681529698536792],[77.29595629404781,30.678139072760075],[77.29445954607127,30.670388003103938],[77.28792334808412,30.668964414975846],[77.2780831883885,30.660993574394013],[77.27795154652671,30.65851386202519],[77.28071670551162,30.654905748701367],[77.28431253139826,30.65421063841029],[77.28901863959862,30.656041979154054],[77.29569681715446,30.654603745566476],[77.30463016974659,30.64980428144247],[77.3140340611231,30.647731154369353],[77.32013590274977,30.644080330442932],[77.3218265994181,30.6397872808584],[77.32620792375673,30.639093664341203],[77.33014610266059,30.63651778027139],[77.3340202480361,30.638645547454075],[77.33994755283737,30.637137693749594],[77.34598601923943,30.63831532808996],[77.35522513593133,30.634181686935335],[77.35758562247855,30.63162241873971],[77.35424470852655,30.62940618794528],[77.35427093455604,30.626271737650598],[77.35719592375295,30.62492809475583],[77.36255036580678,30.62548737953898],[77.36907183739544,30.61826547457207],[77.37471256153555,30.618289938829662],[77.37747363669905,30.61513606677613],[77.37356078540199,30.608023675851996],[77.3757335114924,30.60319520949139],[77.37217111430556,30.599898156374877],[77.37144438205263,30.59692694921938],[77.37404499478072,30.59162052646616],[77.38067086776641,30.58827579219411],[77.39206774133328,30.585524528634153],[77.4012773314837,30.579880980622818],[77.40408538813023,30.573442297923748],[77.40454619894797,30.567391258100145],[77.40810776336264,30.561762623546315],[77.41433544442526,30.563646782373155]]]}},{"type":"Feature","properties":{"blockName":"Paonta Sahib","districtName":"Sirmaur","state":"Himachal Pradesh"},"geometry":{"type":"Polygon","coordinates":[[[77.38273599986655,30.441160000133948],[77.39349400044784,30.441456000294238],[77.39495100018854,30.43458199985946],[77.40718799972649,30.429568999809533],[77.40988199985446,30.425758000331484],[77.408530999606,30.41622499958413],[77.41365800041643,30.414027999892312],[77.4207150002971,30.423164000318422],[77.43931600013337,30.436391999691068],[77.44874599972815,30.446277999630013],[77.45887800021961,30.460946999804264],[77.4637300000395,30.460489000267216],[77.46934545143148,30.453582876948246],[77.46994000043071,30.44679600013535],[77.46649199970608,30.435595999855536],[77.4551700000955,30.425136999572942],[77.45281999964334,30.419647000009093],[77.43878900011231,30.415256999910696],[77.42896300024233,30.408085000122696],[77.42949699968682,30.403645000416475],[77.44463726979421,30.401745557611434],[77.44549245221498,30.402758688862434],[77.44770192550351,30.39939915714541],[77.44802077743697,30.398914338026316],[77.4485495967865,30.398974437020684],[77.45608500002277,30.39983600013136],[77.47405999976922,30.400592999967046],[77.48106399990371,30.406998000357476],[77.49568200042404,30.410413999606476],[77.49995399957749,30.407805999847085],[77.50447100013662,30.41255000008249],[77.5060880000612,30.428253000275788],[77.51851700035934,30.443560000193884],[77.52304100034195,30.444022999961533],[77.53892499988888,30.412302000337093],[77.54876699959743,30.404211000437385],[77.55187199979304,30.397053000395715],[77.55600699982324,30.392362999952525],[77.56559000017842,30.38849100035941],[77.57845299980613,30.37999499976945],[77.58369153183878,30.37979208393756],[77.59410416757333,30.385279292005748],[77.58927899992597,30.38499300002701],[77.58605999986918,30.38819700029137],[77.58025886815233,30.406487823054647],[77.58803056375956,30.41615262394447],[77.608854721868,30.420337382564185],[77.62315728967724,30.428408055087743],[77.62403509544333,30.430185143329766],[77.62692336711973,30.432734633196844],[77.62995899990796,30.43133000007947],[77.64379100015458,30.431243999710887],[77.65351900000189,30.44743499992535],[77.65994300036925,30.44754399955599],[77.66649600039017,30.444609000005414],[77.67489600015034,30.44384599989303],[77.692375000406,30.446786999720302],[77.69551100023256,30.452742000043315],[77.72458600014386,30.472321000014176],[77.73481000038129,30.472809000035397],[77.76847799985984,30.493349000256217],[77.77687100019654,30.495269999810716],[77.78106700034186,30.49938399977185],[77.80165099989381,30.50110399994969],[77.80735000010247,30.50360099998619],[77.81266799982836,30.506389999998532],[77.81545299965626,30.510385999914035],[77.81853499969054,30.51978099969341],[77.82573699996266,30.533052000149723],[77.82035800012164,30.544361000060178],[77.8196179381174,30.554614079875932],[77.81944300019438,30.55576699994714],[77.81681100022752,30.558806999843227],[77.81182100033897,30.559164000118585],[77.80874599972816,30.556195999945487],[77.80414599983806,30.555290000433217],[77.79994999969279,30.556443999690885],[77.79181699965488,30.55240200035206],[77.78446200042106,30.55746099982531],[77.78007499956163,30.558563000282277],[77.77541399955652,30.55805800037649],[77.77082099998921,30.560646000112854],[77.7654339997793,30.569658000216577],[77.76306200011129,30.57504699961936],[77.75721000004154,30.584859999789217],[77.74383227344072,30.592827970634403],[77.73576571891283,30.59458622347546],[77.7329125603664,30.59840576651294],[77.72510456632273,30.600828605755623],[77.72301236732693,30.599359982277406],[77.72106401669106,30.59307288030925],[77.71781064904229,30.59113770114402],[77.70926078355836,30.57951639816332],[77.707348273604,30.56808404903967],[77.70355643867873,30.560466414493476],[77.70067938784354,30.558859651551757],[77.69716063385624,30.55921917262674],[77.6969083668277,30.55589058298409],[77.68993659120076,30.548251379097906],[77.6892759690108,30.545206681143497],[77.69272480520567,30.53726457300172],[77.69087178630394,30.533433482669125],[77.6887906354795,30.530840699438784],[77.67678851457833,30.5269837787784],[77.66933962432427,30.5269768342136],[77.66554134485722,30.535609810544372],[77.66086728669598,30.54100098180993],[77.64167147076182,30.550492893432363],[77.63474525209176,30.549947639871732],[77.63185031284172,30.552118509761442],[77.62751991621121,30.563658459170597],[77.62539937508114,30.564753486284417],[77.61842192743006,30.560431867037096],[77.61402614738887,30.560400388966855],[77.60629269455228,30.564674144496223],[77.59934985191421,30.56369488531078],[77.5899126028844,30.56654396363308],[77.57853309972285,30.56356933185924],[77.57372196419732,30.568759993878643],[77.5697095822315,30.569293243288598],[77.56385440036036,30.56301982090804],[77.55753395422869,30.566259111468867],[77.54337538046951,30.567189267670642],[77.53616441575525,30.57304770868484],[77.53082105424829,30.573126138560497],[77.5225096835751,30.57087812662428],[77.51545718839856,30.57551502479862],[77.50982881824541,30.58461125450583],[77.49979011522169,30.584142170824578],[77.48941277517946,30.57991665043312],[77.47921081372812,30.585774524874466],[77.47460847200341,30.586614857689597],[77.46216482354782,30.58240608807057],[77.45242241386336,30.59047053998347],[77.45151991900912,30.581195570019588],[77.45303412102794,30.573952033659452],[77.448304900251,30.56822511219923],[77.43780502847932,30.564846794543996],[77.42938811516944,30.570068805131314],[77.42296771388897,30.563272737247075],[77.4189922877639,30.56447404624032],[77.41433544442526,30.563646782373155],[77.40922736085406,30.55796960960987],[77.40228410632648,30.55325566291856],[77.40019732214876,30.546819596347348],[77.40006134375608,30.538635819687386],[77.3929109285965,30.526682170445838],[77.39520693375306,30.52118525869281],[77.4052337963027,30.517087379079328],[77.3983727371122,30.51352804678197],[77.39953366744487,30.512144285130717],[77.39845836875878,30.50037374954894],[77.40166492579573,30.486282124920194],[77.4013364367272,30.4794564684413],[77.39454887553023,30.476401504725686],[77.38704338914113,30.469828065812635],[77.38581053462855,30.46269756613981],[77.37777976412485,30.459804567626747],[77.3765473961455,30.452266577040973],[77.3810219388115,30.450184602437503],[77.38273599986655,30.441160000133948]]]}},{"type":"Feature","properties":{"blockName":"Kamrau","districtName":"Sirmaur","state":"Himachal Pradesh"},"geometry":{"type":"Polygon","coordinates":[[[77.50982881824541,30.58461125450583],[77.51545718839856,30.57551502479862],[77.5225096835751,30.57087812662428],[77.53082105424829,30.573126138560497],[77.53616441575525,30.57304770868484],[77.54337538046951,30.567189267670642],[77.55753395422869,30.566259111468867],[77.56385440036036,30.56301982090804],[77.5697095822315,30.569293243288598],[77.57372196419732,30.568759993878643],[77.57853309972285,30.56356933185924],[77.5899126028844,30.56654396363308],[77.59934985191421,30.56369488531078],[77.60629269455228,30.564674144496223],[77.61402614738887,30.560400388966855],[77.61842192743006,30.560431867037096],[77.62539937508114,30.564753486284417],[77.62751991621121,30.563658459170597],[77.63185031284172,30.552118509761442],[77.63474525209176,30.549947639871732],[77.64167147076182,30.550492893432363],[77.66086728669598,30.54100098180993],[77.66554134485722,30.535609810544372],[77.66933962432427,30.5269768342136],[77.67678851457833,30.5269837787784],[77.6887906354795,30.530840699438784],[77.69087178630394,30.533433482669125],[77.69272480520567,30.53726457300172],[77.6892759690108,30.545206681143497],[77.68993659120076,30.548251379097906],[77.6969083668277,30.55589058298409],[77.69716063385624,30.55921917262674],[77.70067938784354,30.558859651551757],[77.70355643867873,30.560466414493476],[77.707348273604,30.56808404903967],[77.70926078355836,30.57951639816332],[77.71781064904229,30.59113770114402],[77.72106401669106,30.59307288030925],[77.72301236732693,30.599359982277406],[77.72510456632273,30.600828605755623],[77.7329125603664,30.59840576651294],[77.73576571891283,30.59458622347546],[77.74383227344072,30.592827970634403],[77.74571200040856,30.60224900039111],[77.74840499959112,30.603270999856818],[77.75608100013812,30.602283000160355],[77.76330599967218,30.596474000274952],[77.76803600016132,30.59583699967783],[77.77085099957401,30.599896999846692],[77.76926400013355,30.611300999641458],[77.7702479996455,30.615422999971543],[77.780745999928,30.613281000118093],[77.79229700020647,30.61296800007318],[77.79565400033192,30.614444999836905],[77.7901310001456,30.62122200029512],[77.78494300011943,30.623585000447463],[77.7891390002647,30.632568000113167],[77.78867300035876,30.636232000006828],[77.78372165333167,30.643694990731262],[77.78218603575698,30.646935695925663],[77.77625214342174,30.648287775360586],[77.78082557553995,30.653585946834028],[77.78003901588795,30.655035270861106],[77.76431343461735,30.653700994405426],[77.7529892334664,30.645520288930243],[77.73790321046482,30.638672515424275],[77.73204414891842,30.639004799631834],[77.73349232900785,30.641696412959163],[77.71098880748752,30.64467035765091],[77.70718017502509,30.647089204803024],[77.69936366530095,30.645774429246558],[77.69383691494176,30.649763778675492],[77.67787839127482,30.647092386604413],[77.67234840245686,30.64979404266097],[77.66923161124993,30.649516653071146],[77.66546812565355,30.651853796815317],[77.66137545401403,30.652140426039864],[77.65825423184737,30.649168571372513],[77.64862687063362,30.649541843081636],[77.6433212590689,30.647336136153797],[77.62582965841204,30.64461981934926],[77.61955310189421,30.64643528795824],[77.60991876913596,30.640532605695228],[77.59471142669105,30.64118796685125],[77.59410207485092,30.6362825230201],[77.59762886338137,30.628679814521888],[77.59209178790576,30.62514517490996],[77.5861385160797,30.623741824225874],[77.58172204083957,30.624910830470526],[77.5767919205108,30.623506405096578],[77.57246789467763,30.62407185832967],[77.56105672908484,30.63230863743371],[77.54782450020059,30.627018750514992],[77.53526641661188,30.61934221397206],[77.5371245346696,30.61467706539429],[77.52796031171908,30.5984335483696],[77.52521662584667,30.594855199907613],[77.52270665848556,30.595981610662875],[77.51861560382713,30.59461503685452],[77.51563951065498,30.58830206678698],[77.50982881824541,30.58461125450583]]]}},{"type":"Feature","properties":{"blockName":"Shalai","districtName":"Sirmaur","state":"Himachal Pradesh"},"geometry":{"type":"Polygon","coordinates":[[[77.56105672908484,30.63230863743371],[77.57246789467763,30.62407185832967],[77.5767919205108,30.623506405096578],[77.58172204083957,30.624910830470526],[77.5861385160797,30.623741824225874],[77.59209178790576,30.62514517490996],[77.59762886338137,30.628679814521888],[77.59410207485092,30.6362825230201],[77.59471142669105,30.64118796685125],[77.60991876913596,30.640532605695228],[77.61955310189421,30.64643528795824],[77.62582965841204,30.64461981934926],[77.6433212590689,30.647336136153797],[77.64862687063362,30.649541843081636],[77.65825423184737,30.649168571372513],[77.66137545401403,30.652140426039864],[77.66546812565355,30.651853796815317],[77.66923161124993,30.649516653071146],[77.67234840245686,30.64979404266097],[77.67787839127482,30.647092386604413],[77.69383691494176,30.649763778675492],[77.69936366530095,30.645774429246558],[77.70718017502509,30.647089204803024],[77.71098880748752,30.64467035765091],[77.73349232900785,30.641696412959163],[77.73204414891842,30.639004799631834],[77.73790321046482,30.638672515424275],[77.7529892334664,30.645520288930243],[77.76431343461735,30.653700994405426],[77.78003901588795,30.655035270861106],[77.78082557553995,30.653585946834028],[77.77625214342174,30.648287775360586],[77.78218603575698,30.646935695925663],[77.78397400039984,30.650261000344926],[77.78863500040501,30.653562999732685],[77.79277799990484,30.658880000311797],[77.79080199961265,30.660722999866607],[77.7832409998723,30.659311000402397],[77.77963299986311,30.66040599963725],[77.76792899972361,30.671208999595706],[77.75031999976824,30.678016999684814],[77.74716900014931,30.681004999880884],[77.74715400035689,30.688675000151193],[77.7473529996413,30.692628999928445],[77.7495189997021,30.696753000350725],[77.75068699960542,30.700184000291415],[77.75418099975337,30.702294999614594],[77.75489000007349,30.705841000361943],[77.74678565783188,30.714505638224693],[77.7444919999059,30.719672999709246],[77.73600799986934,30.72583200044653],[77.73416100013009,30.733452000209695],[77.73146099972541,30.734084999722995],[77.7267300000895,30.734673999905226],[77.72106899983453,30.740758999927948],[77.71505945473012,30.74030515166146],[77.71813693117451,30.734623719708964],[77.70822852013015,30.724688722006988],[77.69236181094885,30.721631274363858],[77.67749572974418,30.724622986062002],[77.67151937142194,30.72362846448209],[77.65714104472352,30.709907922612615],[77.64974238790091,30.705535113954397],[77.63895698947357,30.70632687078853],[77.63247316530442,30.7102324861404],[77.6261123414115,30.709978897108442],[77.60233442029732,30.698526073119808],[77.59125541300693,30.698417520452267],[77.5899159852346,30.698758055040287],[77.58841040231829,30.697013890079006],[77.58639297655469,30.699465951892194],[77.58540760827458,30.702845604141373],[77.57866865183689,30.71246700734656],[77.5761340142734,30.713768132093662],[77.57450234101026,30.715699931606594],[77.57110669701649,30.715256254672454],[77.56912743488328,30.712101119071463],[77.56267827598168,30.708094154621563],[77.5594118555727,30.707612976857433],[77.5562301468039,30.704940899502958],[77.5545544346395,30.70542432827017],[77.55481368670235,30.70791205359842],[77.5551160540627,30.710622549990717],[77.55722336886345,30.713109470425763],[77.56148057326988,30.71739930043742],[77.56238492972079,30.719716552976593],[77.56028015640413,30.72175979467886],[77.5583880808453,30.72027538809874],[77.55335769959822,30.71730701021039],[77.54922903529183,30.7121101887343],[77.54359975232677,30.713708868569483],[77.53723884929354,30.713228135070437],[77.53451629029462,30.712384579085096],[77.53332718510154,30.71118694741972],[77.53431277101765,30.703054814328254],[77.54019729866644,30.696332253430796],[77.5544168032929,30.689903250134932],[77.55621919036338,30.68604075907382],[77.56330654416172,30.683029809078505],[77.5653240634548,30.68035530625241],[77.56316332442793,30.661010574278635],[77.5662060312834,30.65064919360543],[77.56233470528247,30.641553720228046],[77.56105672908484,30.63230863743371]]]}},{"type":"Feature","properties":{"blockName":"Rampur","districtName":"Kullu","state":"Himachal Pradesh"},"geometry":{"type":"Polygon","coordinates":[[[77.64896292030261,31.660732446145516],[77.64785000027734,31.657709000070327],[77.64915500020317,31.652909999996552],[77.65210000021489,31.651172999934033],[77.66341400035589,31.63473500002027],[77.65964500011671,31.63134400012558],[77.65346500020962,31.629292999971995],[77.64858199985946,31.61303900044959],[77.64914699983422,31.598844999697008],[77.65257300044368,31.59225799990685],[77.65614299959981,31.57833299986811],[77.6645359999365,31.57218699973032],[77.67400400038434,31.561180000256854],[77.67988600003895,31.559658000216587],[77.68429600016032,31.549656000324205],[77.69134499967203,31.544843999650936],[77.69927999957235,31.54192199980048],[77.70446799959853,31.529778000054705],[77.70116400011858,31.518716999889705],[77.7032930002718,31.509075000410974],[77.70898400011157,31.50240899967565],[77.70659599970566,31.49677299967425],[77.70143900020975,31.49546100032495],[77.68871299970522,31.486497999782898],[77.67095199993491,31.46276499980496],[77.64081599965874,31.45440500009073],[77.63222500008374,31.450170999991713],[77.6281809997534,31.44602999968481],[77.62506900013432,31.438947999550578],[77.62306999968081,31.423547999840366],[77.63402600039967,31.397429999594863],[77.62998200006933,31.39097999982721],[77.61968199992441,31.388489000067352],[77.61042800035199,31.393599000093843],[77.60049399999815,31.395943000269313],[77.59140800007918,31.395452000109742],[77.58352792807148,31.39188478165738],[77.57143399987928,31.386410000421222],[77.56317899961118,31.388569000159293],[77.55420699955346,31.38652799956759],[77.54782900040811,31.38204799981537],[77.54189106472091,31.372610682437085],[77.54959700639677,31.3681771362659],[77.55252054408788,31.362720706595383],[77.56059830686644,31.360222693922253],[77.56690788019455,31.36471756756174],[77.57861937168673,31.359741217583178],[77.58349154330011,31.365278529580507],[77.58652122437508,31.3666354122945],[77.61334174982193,31.360634512372883],[77.61844440688395,31.36059962677143],[77.63033593275713,31.366409415362284],[77.66132271956792,31.36260922663456],[77.66432526270074,31.360087872057704],[77.66777442624885,31.370905315128255],[77.69101187999433,31.37739813341716],[77.6968212441052,31.38354922371775],[77.70126369806127,31.39926867880655],[77.70365578858383,31.448477405707763],[77.71288242628299,31.456678861240505],[77.7511558800399,31.45599540616314],[77.75833215340623,31.448135678618712],[77.77302642632856,31.442668041596903],[77.8078826073965,31.441301133240756],[77.8191054269791,31.44252218384768],[77.81471715277445,31.443009769585274],[77.81027469791906,31.462488223552725],[77.78088615297366,31.481624952229822],[77.77200124416214,31.495635770074784],[77.76915245182425,31.508739940895623],[77.76140654697463,31.51198857181521],[77.76077233607452,31.519288188998758],[77.76755878930675,31.528783314798204],[77.79216315320701,31.534934405998115],[77.80993297083,31.560905679153848],[77.81984306180789,31.56261431459899],[77.8353810004329,31.56283800027353],[77.83915700009555,31.57956099984034],[77.8354110000177,31.5857320002317],[77.814284999753,31.610971000411382],[77.82493599989652,31.638090000053523],[77.82028999968378,31.643233999849258],[77.81594099967742,31.657597000301394],[77.81217200033763,31.663199999680273],[77.80406999993062,31.66939500027911],[77.79466199955169,31.673814999962303],[77.78961899991697,31.68708200023417],[77.78346300021735,31.694941000227004],[77.77188100030799,31.70368799980139],[77.76351200017871,31.704422000375075],[77.75529499986442,31.707856999600892],[77.7507780002046,31.713849999877652],[77.7347559996897,31.71462200040503],[77.7156370002474,31.70420500026063],[77.70919800008767,31.702797000081546],[77.69473300032774,31.70424500030657],[77.6858750001312,31.70352899966366],[77.67974099964749,31.699119999588333],[77.66996800042295,31.68340699983321],[77.66189599960074,31.679518000355472],[77.65927900032568,31.670467000251904],[77.64896292030261,31.660732446145516]]]}},{"type":"Feature","properties":{"blockName":"Nankhari","districtName":"Shimla","state":"Himachal Pradesh"},"geometry":{"type":"Polygon","coordinates":[[[77.54189106472091,31.372610682437085],[77.53952799981738,31.368855000258122],[77.53250309134467,31.35347566067327],[77.53393974662208,31.35348648311475],[77.5356665079031,31.352883065001492],[77.5391966967702,31.344710733113914],[77.54389190428799,31.34137636622637],[77.54845524061693,31.331874011676348],[77.54835738808305,31.33042597727706],[77.54698262235019,31.3292579324077],[77.54360146823325,31.326538280916964],[77.53935362307129,31.32558414339354],[77.53607419576758,31.32289872459654],[77.53353651759625,31.31968314556076],[77.52710565360309,31.3091770360914],[77.52616808878633,31.30520073132874],[77.52483820911613,31.303682578588166],[77.5180853626494,31.298255202415703],[77.51399748979236,31.28858945364044],[77.51304583619645,31.287399617298547],[77.5119445776802,31.284050505126743],[77.51199441630934,31.282572725650823],[77.51618107159925,31.28056498198839],[77.52735771378752,31.274699260062846],[77.52989975996599,31.27370544894734],[77.53065128472906,31.273365209336987],[77.53129606266322,31.27220879809761],[77.53074166389672,31.27015385891349],[77.52972246312123,31.26854015320555],[77.52143955509143,31.259749967287235],[77.5155731703656,31.255443659897026],[77.51340621702337,31.25723467773821],[77.51271097543122,31.260844597799974],[77.51132494568975,31.264333947553666],[77.50938984296693,31.264095510299626],[77.51007423963449,31.25948097286863],[77.51002197193651,31.256177155951036],[77.50679388333111,31.252205900881677],[77.50890910407196,31.24906090333809],[77.51089110643949,31.248736239086213],[77.5237068808679,31.250697280055476],[77.53149782916154,31.254726337250702],[77.55745744350628,31.24973345773293],[77.56275823740282,31.25087110551715],[77.56866328668139,31.254524786589684],[77.5758964979251,31.25283503870611],[77.58715350892737,31.253032332875932],[77.58858946003562,31.249660191764463],[77.5910722175089,31.252922756779867],[77.59325994159309,31.260940130082986],[77.59659333991078,31.261878484504507],[77.59846669068526,31.264626401687167],[77.616423288504,31.267623603746358],[77.63245318236852,31.26790467246269],[77.63698064653966,31.27202598750938],[77.64843905441887,31.2736908349641],[77.6519519709068,31.277144371915256],[77.65961925432521,31.279204954345232],[77.66508242531376,31.28267725205359],[77.666518376422,31.297082800330998],[77.67011931855177,31.300770633158265],[77.67267904809967,31.309812143615602],[77.67087588941081,31.31510572494932],[77.66878358429506,31.3257592647783],[77.66625427071807,31.34045483002643],[77.66565547512016,31.345472259237397],[77.66432526270074,31.360087872057704],[77.66132271956792,31.36260922663456],[77.63033593275713,31.366409415362284],[77.61844440688395,31.36059962677143],[77.61334174982193,31.360634512372883],[77.58652122437508,31.3666354122945],[77.58349154330011,31.365278529580507],[77.57861937168673,31.359741217583178],[77.56690788019455,31.36471756756174],[77.56059830686644,31.360222693922253],[77.55252054408788,31.362720706595383],[77.54959700639677,31.3681771362659],[77.54189106472091,31.372610682437085]]]}},{"type":"Feature","properties":{"blockName":"Kumharsain","districtName":"Shimla","state":"Himachal Pradesh"},"geometry":{"type":"Polygon","coordinates":[[[77.32131587622678,31.288105978108433],[77.33110841142411,31.286553420903715],[77.33816800315088,31.282062256967663],[77.33964334906136,31.27777183160481],[77.34062475672721,31.27389722127981],[77.34227421588241,31.272680280270777],[77.34591758263036,31.272082819266757],[77.34691344330082,31.269742723048296],[77.34954840653381,31.269766335647944],[77.35238266852537,31.267332405066497],[77.3537026223782,31.267004371054952],[77.35593134205783,31.26507801064173],[77.35949384176746,31.266175080115886],[77.36116964026672,31.26481822078432],[77.36242979280075,31.264759657831974],[77.36417776279359,31.265735227998448],[77.36536933212903,31.26548233414246],[77.36607972280103,31.264873678377626],[77.36621528210964,31.261720036550514],[77.37010574028773,31.25834817692686],[77.37730499582898,31.256292144167162],[77.37911235435172,31.24946600205442],[77.38229463329077,31.248958734058363],[77.38937742572767,31.253729013383293],[77.39204346773192,31.253662823280706],[77.40090963916856,31.24635740726859],[77.412064042022,31.23380253066233],[77.41872745900508,31.23571041090679],[77.42323610036578,31.232492743645253],[77.43028357372799,31.23127239060841],[77.44479504955194,31.238652174258505],[77.44746276699317,31.238190164644436],[77.45054671585831,31.23249687782868],[77.45040140340211,31.22098570672506],[77.45356116241777,31.215373192518882],[77.46407537387944,31.209042373606735],[77.47770640532639,31.207326157776038],[77.47853216013112,31.202341172507147],[77.48266854241933,31.202211747474223],[77.4832150784132,31.20476379051655],[77.4917542815349,31.208193497232173],[77.50016342919895,31.216171104313048],[77.50043507302024,31.23873065269754],[77.50481315890022,31.25096684824149],[77.49543452768137,31.251697174185267],[77.48493666589445,31.256946105078725],[77.46612799730929,31.27006843231237],[77.46653846317957,31.28669634476057],[77.45731154309328,31.2937733041947],[77.45202621933458,31.2937733041947],[77.44969709394576,31.299596117666738],[77.45157831019094,31.302014825423896],[77.4640301739534,31.295923265746183],[77.46743428056766,31.29789406435964],[77.4758549656342,31.306852240038893],[77.47477998530815,31.315720833349815],[77.47245085902,31.32019992118944],[77.47540705738982,31.32503733580444],[77.48759017584598,31.33175596666456],[77.49905663985209,31.33077056780752],[77.49825040393307,31.33614547303523],[77.49054637421585,31.338653762261345],[77.48131945323024,31.33498091034079],[77.47227169608198,31.333816347646405],[77.46689678995494,31.33041224103215],[77.46250728358433,31.33086015017585],[77.45247412757897,31.336055891566218],[77.44697599994248,31.342976000242288],[77.4363710001216,31.344159999984072],[77.42993900028472,31.341516000363185],[77.42430100019106,31.34666300029727],[77.4188230002813,31.346162999722708],[77.40201600043815,31.362122000030354],[77.39685099967397,31.359246999649372],[77.38666500028961,31.361343000079444],[77.38542899994843,31.358343000229354],[77.37194100027699,31.358829000158266],[77.36418899982255,31.35642099972938],[77.35789500005427,31.351925000138692],[77.35285899984302,31.345593999563505],[77.34134699956445,31.32264899995141],[77.33670000020493,31.298190999814835],[77.3312149999723,31.29387300033875],[77.32480600029675,31.293015000342052],[77.32131587622678,31.288105978108433]]]}},{"type":"Feature","properties":{"blockName":"Seoni","districtName":"Shimla","state":"Himachal Pradesh"},"geometry":{"type":"Polygon","coordinates":[[[77.19731691454405,31.20920460950515],[77.19641462563453,31.215299160328016],[77.19005789635492,31.21876646679908],[77.18861318495055,31.22541213925888],[77.2010377021283,31.235525118189685],[77.20132664440916,31.241303963806956],[77.20732877201927,31.246608239184336],[77.20460499972103,31.24459100027451],[77.19660200028216,31.244348999906492],[77.19428999978373,31.25070799997428],[77.19018600028375,31.25515199986495],[77.17914600018781,31.244392000090784],[77.16177400036986,31.23078700041981],[77.1470490003112,31.23144900037113],[77.13932000001802,31.22842600035966],[77.13259099997475,31.228690999989738],[77.12725100013358,31.23126199984148],[77.12493899963516,31.23535699982574],[77.12616000018392,31.240671000266502],[77.1250310002805,31.24459100027451],[77.12170399973985,31.247047000218913],[77.11142000033283,31.244367999883366],[77.10588799973146,31.2475910001246],[77.09527599958778,31.244452000159754],[77.08339700037135,31.247904000169513],[77.07394399971588,31.25653799992881],[77.06788213025618,31.25968927384099],[77.0608140003659,31.263812999970014],[77.03192099985432,31.275229000318177],[77.01768499986292,31.28860999955191],[77.00307499971154,31.297814999562604],[77.01390099983132,31.278772000027857],[77.0151370001725,31.271643000424206],[77.00477599991251,31.237144000395347],[77.01284000036577,31.23402000022287],[77.0138849999928,31.22645600034417],[77.01914292590538,31.219652028318478],[77.02217699297393,31.221184627768423],[77.02435553857731,31.22058295703789],[77.02635700856916,31.221318267923778],[77.03226155512675,31.221763525866095],[77.03450064398959,31.222333661869072],[77.03814322293147,31.22330073164352],[77.03974720966607,31.22196478514678],[77.04144577000636,31.218614769156318],[77.04695960160439,31.212888976345255],[77.05082630958657,31.209558364127247],[77.05153006865783,31.209566288053793],[77.053948321358,31.208893176079243],[77.05596538829207,31.207540834042334],[77.0571420207877,31.205091461202016],[77.06054177738116,31.20403176035751],[77.06488215288908,31.200754051658237],[77.07306461114297,31.19848711978483],[77.08043836843603,31.19345416557735],[77.08176309229293,31.192483483226226],[77.0991316881769,31.18573666041857],[77.10410244437236,31.182836791984414],[77.10577716098726,31.179176538666354],[77.10312137844892,31.172963781853127],[77.10360387641782,31.170273933894975],[77.1082441542444,31.16988475497749],[77.1134565501797,31.167259274196226],[77.1304910317358,31.174347019199615],[77.13706510377159,31.175222370715915],[77.14743992751067,31.172870119260665],[77.15706834003191,31.16746455884237],[77.16049448992885,31.167548545628904],[77.16249312795554,31.16925986555043],[77.1603478923414,31.17397108909455],[77.16166160040257,31.176448114289087],[77.17117356690665,31.17934811402432],[77.18534385163753,31.18668218243681],[77.1858366117703,31.188430196496427],[77.18233822203138,31.194425258918614],[77.18927621372632,31.199838842188854],[77.19432432061097,31.20241505900782],[77.19684442872745,31.203948430076025],[77.19731691454405,31.20920460950515]]]}},{"type":"Feature","properties":{"blockName":"Chaupal","districtName":"Shimla","state":"Himachal Pradesh"},"geometry":{"type":"Polygon","coordinates":[[[77.45288200969702,30.8629986718513],[77.46115099981887,30.865970999562023],[77.47044400029046,30.86362500019368],[77.47751969078115,30.864744975400356],[77.48013080938938,30.86745144732646],[77.50012539776895,30.87024108405882],[77.51602011633537,30.867119717101332],[77.53150382674028,30.86590205663464],[77.53604701555736,30.869271971924036],[77.54387831912919,30.885937595643554],[77.54567839314336,30.888768290024643],[77.54727492809553,30.891278910293522],[77.5496626793892,30.89546186307456],[77.55425933559991,30.898796354967885],[77.55764150685013,30.89889779309874],[77.56304325774022,30.899620189720054],[77.5658281109786,30.8975863423359],[77.5681775466565,30.896576290363555],[77.57528489328325,30.89622381187945],[77.57591209396804,30.892927242598205],[77.57862514803219,30.89390022361647],[77.58195658312985,30.894869101028235],[77.58450886359321,30.894398993019138],[77.58793484441759,30.891347590618864],[77.58964768059604,30.891230989918313],[77.59311233046975,30.894654845644652],[77.59454510067593,30.915286160328094],[77.59889852984332,30.92046118493579],[77.59485200061937,30.921027692174277],[77.5938811114242,30.92643037476205],[77.58977931975983,30.925863457432683],[77.59011707814068,30.93331442601999],[77.61167771175707,30.937782877577774],[77.6173351956628,30.9367813232995],[77.62538500211622,30.939341088820242],[77.61899749623751,30.945897271541924],[77.61661227024013,30.95399109171558],[77.61408598018392,30.95525893974832],[77.6128003165814,30.959347098589774],[77.60695410904498,30.965621775524596],[77.60834522265395,30.971868939499984],[77.6062641006078,30.976775429242707],[77.61947594455927,30.98914958528519],[77.62303593516032,30.995169973515544],[77.65125871231976,31.014623848112137],[77.65543856963433,31.02246083899655],[77.66719114395619,31.026938418673126],[77.67746032973048,31.033743938432053],[77.68071111812367,31.03834179164045],[77.67772106657401,31.039693128235342],[77.67347550569008,31.041403540740873],[77.66839906836236,31.039641600679374],[77.6651251673926,31.040103067102905],[77.65586625932048,31.045419005582687],[77.65230442510921,31.056787756449864],[77.64866360614059,31.06117835909407],[77.62309384880211,31.068060782579096],[77.61827799903051,31.069368109051027],[77.61128255234797,31.066257675151633],[77.59416600046063,31.068246569923303],[77.57688645724426,31.063119588897962],[77.55400592553309,31.06900252924339],[77.5393823285317,31.058557816490065],[77.53844022483656,31.057043457089947],[77.53719371232,31.05455033582939],[77.53425116386018,31.04843844967479],[77.53764067717555,31.039154214895177],[77.53639119959422,31.03612330084968],[77.529657812658,31.029760282610994],[77.53044783380057,31.015587935734686],[77.52840947631631,31.009811295255133],[77.52715476018409,31.005545350337684],[77.51903153038086,31.00075717630267],[77.51799372802816,30.99883175478169],[77.51870232275405,30.99485825140721],[77.5193966317492,30.992274848105808],[77.51940349807302,30.99160376230384],[77.51673721055386,30.991104110666242],[77.5040899663789,30.996054264292923],[77.4933803574176,31.00384894477304],[77.47752997362943,31.0137308060319],[77.47421716528999,31.013993179641602],[77.47285164908442,31.012394760609766],[77.47065876918691,31.00981554724973],[77.46961350695784,31.005941076319687],[77.46728316298766,31.00377963132496],[77.46463981087862,30.997930930867824],[77.46521875933831,30.99727879917731],[77.46680271637234,30.996869268601927],[77.46752234757832,30.995796041953838],[77.46752356795832,30.995128696432232],[77.46410417556729,30.98979040530304],[77.46062235403849,30.9859689269245],[77.46118026915417,30.98410527443889],[77.4658437530868,30.97862704160474],[77.47030974320012,30.972838816058584],[77.4730160406578,30.968279075219186],[77.47296018736279,30.967844190956725],[77.47221955338972,30.967316975098356],[77.46978274767571,30.966600043657138],[77.46669291904306,30.966030211625025],[77.46526893791122,30.96605775965793],[77.46356307507591,30.9670760089507],[77.45772183629379,30.97261750909081],[77.45622735730677,30.97354458871183],[77.45485621134515,30.973793269244027],[77.45387595121423,30.97249143942844],[77.4537440674348,30.971601642102144],[77.45275164307395,30.969868420990906],[77.44256599982111,30.96749100020952],[77.4424740000751,30.945031999627133],[77.43565400033191,30.93758799988632],[77.42967199966313,30.933693000131882],[77.41133899959522,30.926418000090678],[77.42482800021207,30.913467000002072],[77.42745199980999,30.901205000210666],[77.43499799975791,30.893988000146123],[77.43720199977253,30.88746299961781],[77.43598899959272,30.878810999927737],[77.43411117918765,30.875576381344956],[77.43212899965368,30.872161999976356],[77.4428630000275,30.86975699968582],[77.45175900017779,30.862595000359022],[77.45288200969702,30.8629986718513]]]}},{"type":"Feature","properties":{"blockName":"Nerua","districtName":"Shimla","state":"Himachal Pradesh"},"geometry":{"type":"Polygon","coordinates":[[[77.58964768059604,30.891230989918313],[77.59237637836725,30.885233178268606],[77.60246347391023,30.880771352016325],[77.60518111002028,30.87614049998416],[77.6194995499643,30.867924101316248],[77.61492485160068,30.85334320502494],[77.61560156985661,30.851498074976234],[77.6164976867189,30.85090657827601],[77.61920023400364,30.851181105323803],[77.62817128527666,30.85538723813056],[77.64213983498547,30.856995991272015],[77.64958427899131,30.85627847257348],[77.65524078803202,30.852566746558182],[77.66124216729224,30.84431373019453],[77.66324688383668,30.837856716614226],[77.67001487938325,30.825308137960235],[77.67359441674898,30.822104592752794],[77.688907800055,30.814391522151084],[77.6936855932156,30.81012423094853],[77.69393133296472,30.799621716069396],[77.6917570222688,30.795038233128025],[77.68538465108082,30.786362079446462],[77.68727900012578,30.77761499983245],[77.69071200015873,30.772907000357804],[77.70216400036838,30.763942999769654],[77.7123109997529,30.768678999636165],[77.7184220000753,30.77427699968382],[77.72931699977977,30.789485999579256],[77.73337599990253,30.80357399994017],[77.7380450002766,30.806309000160297],[77.74802400000766,30.819343999625914],[77.75842300022134,30.82510800013415],[77.75807999969231,30.83152200004031],[77.74549899957924,30.846052000099803],[77.75575999972426,30.859485999978972],[77.75495100018856,30.86962499989386],[77.7558749996316,30.873576999578916],[77.75862899982855,30.87649200000584],[77.76863900008982,30.877728000346963],[77.77437600025229,30.873125000318566],[77.77687799962007,30.86344099980238],[77.77925100023356,30.860451000413377],[77.78768199962462,30.85629999964533],[77.80347400032491,30.85379200000085],[77.80301699993464,30.86021400027596],[77.79761499993236,30.86732900013328],[77.79957600043213,30.888640999982215],[77.81503300007296,30.908014000345872],[77.80917399968041,30.91571000001653],[77.80982199988546,30.9190900003033],[77.80757100040142,30.921270000110496],[77.78868900019728,30.92063899979007],[77.78144099960252,30.915792000200724],[77.77735900021776,30.915459000132785],[77.7597730004237,30.917625000193652],[77.76155099967895,30.924038000053713],[77.76068900039712,30.929306000171835],[77.75344099980236,30.93202200041503],[77.75086999995057,30.934951999735063],[77.7474899996638,30.944868000158124],[77.75058000006703,30.95895200033459],[77.76581027972071,30.970361641576574],[77.76334180887744,30.972725576124503],[77.76188737400315,30.97761851308394],[77.76380931334921,30.986218010352957],[77.76616203335124,30.989926552768225],[77.77435433108758,31.003452186369373],[77.77555771931333,31.007295967934624],[77.77273982858026,31.01364694874775],[77.76670582461418,31.028652594841446],[77.76386370974245,31.0303196168569],[77.75566290801686,31.03092961171228],[77.75012621655173,31.029277083170882],[77.74617604338977,31.029161921385594],[77.74494548034971,31.030197893617924],[77.74190160167763,31.032188268673735],[77.73016619541363,31.031357590980065],[77.72834858372022,31.032212196935404],[77.7280823682068,31.032769094917853],[77.72831675941097,31.03863930176243],[77.7277143071696,31.040582013649043],[77.72369085005272,31.042513403970474],[77.71981192927717,31.04789540394978],[77.71899644023358,31.04832879713632],[77.71121353997296,31.05368908028686],[77.69199994983785,31.046709160399473],[77.68213939082028,31.04565609565236],[77.67772106657401,31.039693128235342],[77.68071111812367,31.03834179164045],[77.67746032973048,31.033743938432053],[77.66719114395619,31.026938418673126],[77.65543856963433,31.02246083899655],[77.65125871231976,31.014623848112137],[77.62303593516032,30.995169973515544],[77.61947594455927,30.98914958528519],[77.6062641006078,30.976775429242707],[77.60834522265395,30.971868939499984],[77.60695410904498,30.965621775524596],[77.6128003165814,30.959347098589774],[77.61408598018392,30.95525893974832],[77.61661227024013,30.95399109171558],[77.61899749623751,30.945897271541924],[77.62538500211622,30.939341088820242],[77.6173351956628,30.9367813232995],[77.61167771175707,30.937782877577774],[77.59011707814068,30.93331442601999],[77.58977931975983,30.925863457432683],[77.5938811114242,30.92643037476205],[77.59485200061937,30.921027692174277],[77.59889852984332,30.92046118493579],[77.59454510067593,30.915286160328094],[77.59311233046975,30.894654845644652],[77.58964768059604,30.891230989918313]]]}},{"type":"Feature","properties":{"blockName":"Jubbal","districtName":"Shimla","state":"Himachal Pradesh"},"geometry":{"type":"Polygon","coordinates":[[[77.67772106657401,31.039693128235342],[77.68213939082028,31.04565609565236],[77.69199994983785,31.046709160399473],[77.71121353997296,31.05368908028686],[77.71899644023358,31.04832879713632],[77.72176733509451,31.056516225043822],[77.72552633487254,31.05959176974443],[77.74637169809546,31.068818407443587],[77.74576479061267,31.077870079340755],[77.73414715686584,31.0803895660257],[77.72824589643102,31.095914298106436],[77.74237258112976,31.098409400573416],[77.74898413510982,31.094666657840037],[77.76424102840082,31.097186143625663],[77.76934336890139,31.103169179414124],[77.76774031476378,31.11342283659468],[77.75925580301293,31.121933999754333],[77.74704401776728,31.127667231757414],[77.73483223432021,31.129788528317988],[77.73488956610066,31.133343131979984],[77.7367815319422,31.134891105340273],[77.74660461980744,31.135118417980664],[77.75164359317733,31.13693804775278],[77.75332325066756,31.139317563055158],[77.75188171926601,31.14514557281001],[77.75106337307625,31.14593551211425],[77.74816204234446,31.152231137856802],[77.74688597540751,31.15229344378747],[77.73403864196979,31.154175364201762],[77.72046870596608,31.16708644878065],[77.71166447713398,31.169448854481118],[77.71226672163198,31.15601975141044],[77.7018201661678,31.137038824881927],[77.6945434133479,31.134852517229945],[77.68733404762827,31.136496359219677],[77.67522136677269,31.134354041006247],[77.66383625633824,31.13502752979673],[77.66141428314273,31.13244653757772],[77.65655325412945,31.131347215301787],[77.63965232639379,31.13196951917803],[77.63631548457204,31.111374077551716],[77.63250116299832,31.105558781512627],[77.6357747501047,31.096993410817333],[77.63583067084886,31.090055625067123],[77.63256674605856,31.079633223594442],[77.6348400595212,31.078208252309025],[77.62309384880211,31.068060782579096],[77.64866360614059,31.06117835909407],[77.65230442510921,31.056787756449864],[77.65586625932048,31.045419005582687],[77.6651251673926,31.040103067102905],[77.66839906836236,31.039641600679374],[77.67347550569008,31.041403540740873],[77.67772106657401,31.039693128235342]]]}},{"type":"Feature","properties":{"blockName":"Kotkhai","districtName":"Shimla","state":"Himachal Pradesh"},"geometry":{"type":"Polygon","coordinates":[[[77.47344407298561,31.08905339809587],[77.4724825349411,31.08513666262695],[77.4741374997459,31.083513479863257],[77.47773304594335,31.084562690116115],[77.48575572794454,31.08314059935924],[77.48877983232347,31.08170789930017],[77.49526202782039,31.080463940858237],[77.49770142268255,31.08096840566742],[77.50131007290162,31.081158228269658],[77.50395983268021,31.079528074860832],[77.50347949128553,31.076864077015614],[77.5035317787686,31.07535490400568],[77.5065718892813,31.074686464908496],[77.53179180135061,31.065175672918997],[77.53852295437088,31.062018040800012],[77.53832724390725,31.060722982879383],[77.5393823285317,31.058557816490065],[77.55400592553309,31.06900252924339],[77.57688645724426,31.063119588897962],[77.59416600046063,31.068246569923303],[77.61128255234797,31.066257675151633],[77.61827799903051,31.069368109051027],[77.62309384880211,31.068060782579096],[77.6348400595212,31.078208252309025],[77.63256674605856,31.079633223594442],[77.63583067084886,31.090055625067123],[77.6357747501047,31.096993410817333],[77.63250116299832,31.105558781512627],[77.63631548457204,31.111374077551716],[77.63965232639379,31.13196951917803],[77.6317818195754,31.134365366168765],[77.63003383699203,31.151874099809902],[77.60756201657387,31.157449393774527],[77.60817950098323,31.163712273402723],[77.60422785113445,31.17245920193068],[77.59934925746234,31.177798939169747],[77.59680847662997,31.190221022782055],[77.59108286907917,31.20097326770218],[77.58308467291937,31.207328549972658],[77.58105288228472,31.21138109116447],[77.579165526368,31.22347837382796],[77.58978513027961,31.229047932815888],[77.59246088136462,31.23266200594685],[77.58858946003562,31.249660191764463],[77.58715350892737,31.253032332875932],[77.5758964979251,31.25283503870611],[77.56866328668139,31.254524786589684],[77.56275823740282,31.25087110551715],[77.55745744350628,31.24973345773293],[77.53149782916154,31.254726337250702],[77.5237068808679,31.250697280055476],[77.51089110643949,31.248736239086213],[77.50890910407196,31.24906090333809],[77.50679388333111,31.252205900881677],[77.50481315890022,31.25096684824149],[77.50043507302024,31.23873065269754],[77.50016342919895,31.216171104313048],[77.4917542815349,31.208193497232173],[77.4832150784132,31.20476379051655],[77.48266854241933,31.202211747474223],[77.48247103511022,31.19623476052584],[77.4785741206992,31.18978065535299],[77.48066922270652,31.172188718234793],[77.47479374943202,31.165448702395736],[77.47449680768159,31.157834085974343],[77.46916002741341,31.148742973409526],[77.47005908775674,31.141427918463705],[77.46131974051366,31.1389170050158],[77.46380805939447,31.13001758474377],[77.46092386704288,31.124776687494204],[77.45529901323891,31.11867304632409],[77.4527356108598,31.11386885806138],[77.44797703441265,31.11041375269258],[77.44865576535136,31.109665030217002],[77.45707586855656,31.104998958035537],[77.46016478977327,31.104323619339596],[77.46851463254433,31.101039297925297],[77.47213140633937,31.099917703039637],[77.47250097104302,31.098033911136156],[77.47114683935519,31.096677228970975],[77.47029164614258,31.096199342725527],[77.46987421951968,31.095018360209224],[77.47344407298561,31.08905339809587]]]}},{"type":"Feature","properties":{"blockName":"Rohru","districtName":"Shimla","state":"Himachal Pradesh"},"geometry":{"type":"Polygon","coordinates":[[[77.63245318236852,31.26790467246269],[77.63071433419924,31.266601623166423],[77.63680450442439,31.25190905985528],[77.64917888889465,31.240143343740385],[77.66556361656768,31.230460252438775],[77.66797414589018,31.22298074026901],[77.67670244316326,31.214111413111254],[77.68807384253387,31.205515062570157],[77.68986375420894,31.20088052871347],[77.67867919259072,31.18988862346123],[77.6775462797371,31.186045393180393],[77.63352340078438,31.17741681903101],[77.6305990986695,31.174836381693694],[77.6309005577146,31.168437716127755],[77.62968556373784,31.167189011064067],[77.60817950098323,31.163712273402723],[77.60756201657387,31.157449393774527],[77.63003383699203,31.151874099809902],[77.6317818195754,31.134365366168765],[77.63965232639379,31.13196951917803],[77.65655325412945,31.131347215301787],[77.66141428314273,31.13244653757772],[77.66383625633824,31.13502752979673],[77.67522136677269,31.134354041006247],[77.68733404762827,31.136496359219677],[77.6945434133479,31.134852517229945],[77.7018201661678,31.137038824881927],[77.71226672163198,31.15601975141044],[77.71166447713398,31.169448854481118],[77.72046870596608,31.16708644878065],[77.73403864196979,31.154175364201762],[77.74688597540751,31.15229344378747],[77.74816204234446,31.152231137856802],[77.75106337307625,31.14593551211425],[77.75188171926601,31.14514557281001],[77.75333847259247,31.14603849258242],[77.7562549856791,31.1484966104303],[77.75741165592325,31.14888529022403],[77.76149045372154,31.149130109067357],[77.76573105484437,31.150517111875274],[77.76666743705266,31.15120774983785],[77.77174106939492,31.153831466149313],[77.77333261221037,31.1546240998224],[77.7771562210828,31.156633123220104],[77.78009761571246,31.157939637604215],[77.78195848569561,31.158382590584154],[77.78421456724851,31.158733865775332],[77.79143996608161,31.16199394056798],[77.79603057435156,31.161848899707024],[77.80268280736573,31.163828961337572],[77.80855582818896,31.16089185917201],[77.81313397095607,31.158261485179423],[77.8180327571061,31.152077005749277],[77.82382548735643,31.152229507385925],[77.82649009494196,31.152539838243],[77.82998461489814,31.151027681282528],[77.82931140579677,31.154144527348137],[77.82807404837871,31.156862979143227],[77.82749672319528,31.158195268097188],[77.82775741956931,31.15850071383693],[77.82636894367187,31.166306224852462],[77.82558455858054,31.17400870593707],[77.82584883515568,31.185408538273464],[77.82172417283238,31.192082968354384],[77.81657551814573,31.199403529849064],[77.80997545030687,31.204957193319842],[77.81026429096431,31.20954694093865],[77.81266597815244,31.214741291977077],[77.81507601104914,31.21744836824763],[77.81567641013828,31.220432506754833],[77.81650654644,31.22088450961246],[77.81856085609871,31.221320617852257],[77.8174616606272,31.22965571713769],[77.81610122199385,31.237564556659038],[77.81263540480018,31.248678685173218],[77.80714746198583,31.25677300626927],[77.8048660564234,31.26359554299995],[77.79999434526286,31.273029978950433],[77.79276309274258,31.279608553891705],[77.78751675639325,31.282338098824255],[77.77982783708507,31.287052888180312],[77.77083929399828,31.29393429003551],[77.76260012179824,31.304562776550938],[77.75835573992549,31.310632492595516],[77.7566361327514,31.31658643621512],[77.75536133655652,31.317254434644497],[77.75441530911928,31.315949165821394],[77.75459866199873,31.312906008405605],[77.75405434283374,31.311192610150897],[77.75032328499168,31.30939223756178],[77.74594620185582,31.308682517784007],[77.74314576966162,31.308712217894595],[77.74142680640205,31.30766678479432],[77.73678229636596,31.308216385677724],[77.73477557793063,31.309006777340926],[77.73320290469036,31.309142741344488],[77.7232705707803,31.308494891326234],[77.72054215089958,31.309257340154204],[77.71302253975847,31.313964153423],[77.70054360190574,31.319437278107955],[77.69605774307047,31.319914206575447],[77.68668364263607,31.321823214569747],[77.68196196177519,31.32057257326568],[77.67881718366613,31.317626271934955],[77.67445035819753,31.314138924072154],[77.67087588941081,31.31510572494932],[77.67267904809967,31.309812143615602],[77.67011931855177,31.300770633158265],[77.666518376422,31.297082800330998],[77.66508242531376,31.28267725205359],[77.65961925432521,31.279204954345232],[77.6519519709068,31.277144371915256],[77.64843905441887,31.2736908349641],[77.63698064653966,31.27202598750938],[77.63245318236852,31.26790467246269]]]}},{"type":"Feature","properties":{"blockName":"Chirgaon","districtName":"Shimla","state":"Himachal Pradesh"},"geometry":{"type":"Polygon","coordinates":[[[78.15939098650489,31.3500406029915],[78.15329000013344,31.359935999946515],[78.16604600022276,31.378155000153185],[78.16325400007213,31.38377600036216],[78.15339699967183,31.39073600026626],[78.14674400043532,31.38758699984021],[78.140694000228,31.394387999606522],[78.13551299962529,31.396520999944244],[78.12641900023675,31.405767000047092],[78.11041999988316,31.409460000378772],[78.10469800041244,31.415792000100794],[78.10362200025514,31.41978299978564],[78.08875299985112,31.422238999730098],[78.07952100039392,31.417209999841646],[78.07377599986256,31.41750099977139],[78.06928300041022,31.415587999686466],[78.05461899956725,31.418675999997447],[78.0329060001119,31.404503000213367],[78.02444500023665,31.40079500008926],[78.01425199963012,31.403365999941002],[78.00000800016915,31.40267400040483],[77.99551399977133,31.404699000258688],[77.97676100012012,31.401566999717318],[77.96556773396378,31.402353198741196],[77.96096573218284,31.398699488890372],[77.95854025432931,31.396211239257354],[77.95371614068739,31.386664120952446],[77.9425769993291,31.383715329398967],[77.93756987365083,31.382853307634093],[77.9356149696552,31.382202244338146],[77.92526209387057,31.37762429402602],[77.8983744349323,31.374706125287503],[77.89550808872735,31.37385393221325],[77.8902609555787,31.372675862601056],[77.88151968198781,31.373263054246593],[77.87639737653774,31.371718081923973],[77.87342338418188,31.368715664696197],[77.87080532010947,31.36733993668878],[77.86561396561206,31.36705227324387],[77.85379409861883,31.363098336419114],[77.85243436415465,31.359438909578046],[77.85192658534368,31.352471849096617],[77.84732811609973,31.34316012833733],[77.83269481721209,31.339204094293564],[77.82631746018268,31.335208525153348],[77.8486046443889,31.325753990254498],[77.85415871255458,31.32127490241487],[77.85747323769982,31.314377106818085],[77.85953361778229,31.298162809665996],[77.85353164137223,31.287233836272605],[77.85397954961655,31.27845482443064],[77.84699217255076,31.2686008313633],[77.84708175491909,31.264032161155342],[77.85720449329278,31.260986382215833],[77.85541285761735,31.257044784089544],[77.85739205499942,31.248854002610187],[77.852361829335,31.233544621287308],[77.85170571274853,31.2208597054111],[77.85746591721835,31.222179807652026],[77.86395321816656,31.219766176567873],[77.86664680280774,31.21515783636511],[77.87538506097184,31.211568614200246],[77.86662871744142,31.205083929379896],[77.86628739055067,31.20293524126845],[77.87138920404857,31.19833304343524],[77.87838777767388,31.200301392295444],[77.88844822900262,31.196802105033157],[77.89697774192928,31.189803529609264],[77.89719644715836,31.18346107167116],[77.88363670856728,31.168807806934808],[77.88413295357299,31.15911386980929],[77.88614590610871,31.15710560723801],[77.88633972260016,31.15644247683889],[77.88801422157911,31.151982842234418],[77.8921227248839,31.149340153825108],[77.8982811914239,31.14567788962296],[77.89893384382191,31.14118108334037],[77.89996452624194,31.138407737826867],[77.89956387737112,31.137576334380356],[77.90436599989101,31.14436099976041],[77.90217599962273,31.15008700031484],[77.90747100008662,31.152657000120485],[77.91687800041944,31.154206999653354],[77.92410299995356,31.150881000058178],[77.9293819996796,31.15196200044602],[77.94915000027237,31.162659000012866],[77.95394900034614,31.162659000012866],[77.96076199976653,31.171527999817386],[77.96928834797893,31.17406807378262],[77.99007830486994,31.188819653304392],[77.99518061839086,31.199544846617414],[78.00254756331947,31.2067041147032],[78.016410694498,31.230561503510614],[78.03079658989077,31.247358671965173],[78.04166190477315,31.266619300240563],[78.0830492125512,31.310893973178395],[78.09602272536853,31.32230268991725],[78.10458862486519,31.327129316264973],[78.15939098650489,31.3500406029915]]]}},{"type":"Feature","properties":{"blockName":"Poo","districtName":"Kinnaur","state":"Himachal Pradesh"},"geometry":{"type":"Polygon","coordinates":[[[78.17131987830982,31.862794505761883],[78.17901239130885,31.857673112224404],[78.1837394618068,31.85070060454933],[78.18883312474895,31.846378048208408],[78.19273959355746,31.83121460437053],[78.19869422605774,31.82191633117378],[78.20752606227802,31.824104503120395],[78.22110074310484,31.812735152405423],[78.22804921999557,31.815800846831678],[78.24186401801006,31.818157747781868],[78.25495634475953,31.809513322182113],[78.26559231093648,31.80471650925955],[78.27181184234269,31.79870674921716],[78.28045537041908,31.80080924904763],[78.29381027492428,31.79818230866664],[78.29514546239324,31.78951412207914],[78.29740713862861,31.786868465907048],[78.3084160851343,31.781185546475854],[78.31143508406194,31.77557036937708],[78.31717112554708,31.773973106873427],[78.32771385720878,31.764835733182565],[78.32828539075825,31.760661871648097],[78.32509701801303,31.75720543258467],[78.33066758514099,31.74252142992009],[78.33960900105461,31.733059751706207],[78.35379905378335,31.72970498010079],[78.36019413555096,31.724734676264347],[78.3681714017888,31.729560089426627],[78.37361005725842,31.736630401072205],[78.37567754108574,31.736070461582585],[78.38311013742299,31.72716620565592],[78.40292679853297,31.73023354943882],[78.40367944924725,31.729110173895435],[78.39570083132838,31.723885567864727],[78.39119361899037,31.722677570613428],[78.38913025315873,31.72010676861254],[78.38688851129581,31.70982869124117],[78.38999245838528,31.705817297630233],[78.40183222557681,31.69924381554972],[78.40596913576707,31.694189145412793],[78.4116226662531,31.67356058265483],[78.41510253985041,31.66657835150977],[78.42807065403753,31.648683244835922],[78.4311689560825,31.647159575653973],[78.44041224742733,31.64774353693474],[78.43907472621771,31.655720664677006],[78.44226572498326,31.666777027038222],[78.44666131436821,31.670197970759773],[78.45545666869037,31.670315311602394],[78.46585209050164,31.668039163476692],[78.47611179382426,31.673397977134982],[78.48410762296851,31.67499477019254],[78.49556900670433,31.672716330594255],[78.50969530109734,31.672260168372134],[78.51462581353053,31.669980344717203],[78.52475377696527,31.66975084672424],[78.53701556811404,31.673736747253145],[78.55020887523943,31.673162399725015],[78.56753495207641,31.67486391973415],[78.57193516037938,31.677824670472205],[78.5897893550947,31.673026719007908],[78.60110847237814,31.665040517106206],[78.60510552180244,31.664467449313406],[78.61603630013519,31.66753510606037],[78.61949522222676,31.66297320684805],[78.6289511744572,31.659317035552817],[78.63413999376576,31.653841233586093],[78.63893410242696,31.652126587971736],[78.64985485331886,31.649151070365633],[78.661046672466,31.649251408625673],[78.6683661062109,31.64456928174701],[78.68634948044422,31.64340461922785],[78.69446934678297,31.640087440183265],[78.70046598571673,31.640875940572244],[78.70726686587324,31.643828244877625],[78.72205683565448,31.644601150123037],[78.72832880922721,31.648806891724746],[78.73365869799056,31.6490251823663],[78.73779502182288,31.651410863420665],[78.7504998927559,31.669051506022242],[78.74919892718879,31.680906633634265],[78.75582598638022,31.681242141012035],[78.7526702878036,31.683782577404088],[78.74044799847638,31.710954665825227],[78.73720550542981,31.711788177282585],[78.72538757287822,31.719953536726393],[78.72312927269786,31.723331451485365],[78.72299194352343,31.74188423147217],[78.71333313031977,31.757207870646766],[78.697494506966,31.77259635903482],[78.69702148425415,31.77831077542197],[78.70456695540071,31.814247131300135],[78.70821380612233,31.817319870115966],[78.72304534886382,31.822521209786032],[78.72766113275514,31.832304000829026],[78.73059844985863,31.851350784710974],[78.73348817124219,31.856256940805224],[78.73351392063097,31.86647351084389],[78.73087674596513,31.877311076245235],[78.71583953366758,31.881349618590093],[78.70191885397202,31.881952534881634],[78.69541304497608,31.87273881324569],[78.6719028367466,31.863302891615206],[78.66383061289253,31.862206675597633],[78.65630677853505,31.848101932558166],[78.64112281846337,31.829244133110308],[78.62719074975337,31.816983080304965],[78.61512772136729,31.81316663902919],[78.61178982823805,31.810244809150674],[78.57541376053666,31.796260375615873],[78.55294747274775,31.795514337616623],[78.54570313689032,31.791225423114838],[78.53166144621883,31.787442873689713],[78.52163972419396,31.798314905608436],[78.50046300756179,31.81312474501101],[78.49477702234174,31.813731522991418],[78.48397249083786,31.820406346975403],[78.47785799125336,31.827202526375515],[78.4737315446751,31.839582147598094],[78.46695184984804,31.846198080377178],[78.46455136505352,31.852776489843166],[78.46900373043786,31.856725082896332],[78.46780252666531,31.862719026561876],[78.47019833588456,31.870760657278538],[78.46702501599174,31.874079757275013],[78.46299340382257,31.900058607219023],[78.45456039804401,31.910676579760377],[78.45666567228301,31.91476219801706],[78.45666360384229,31.91917386817954],[78.45282766256662,31.927669043191827],[78.45474155927559,31.93191800621105],[78.45238880150202,31.937928217713136],[78.44129899964918,31.93845199995991],[78.4335860000939,31.936362999852633],[78.4283289995837,31.938910000396277],[78.42192099995424,31.93789700044624],[78.40863799984385,31.95103099998073],[78.40184799968551,31.955036000311225],[78.37141400005612,31.96037500010624],[78.36213700032238,31.947715999993477],[78.35441600039815,31.940840000365768],[78.34800699982321,31.939368999979422],[78.34342199972559,31.934183000045493],[78.33975999992413,31.93613400008411],[78.31188999982368,31.93820200012226],[78.30457299964428,31.9349579998119],[78.3027799996973,31.926973000303747],[78.28651399962143,31.931026000149814],[78.2728119999739,31.93620299966875],[78.22114599968819,31.933244999956855],[78.21276900008934,31.934893000411705],[78.20252199969059,31.93293600009639],[78.1963880001062,31.92800100004615],[78.19544199964861,31.922538999974904],[78.19223800028357,31.91912099973439],[78.18452499982891,31.915809999931582],[78.1867600003738,31.903867999608565],[78.18392900022326,31.89830800041392],[78.18608900000743,31.894137999669],[78.18330400017953,31.887839999716277],[78.18918599983408,31.872165999961],[78.17131987830982,31.862794505761883]]]}},{"type":"Feature","properties":{"blockName":"Morang","districtName":"Kinnaur","state":"Himachal Pradesh"},"geometry":{"type":"Polygon","coordinates":[[[78.05367173826016,31.77829154252072],[78.06482899106516,31.77815097039104],[78.07008851237498,31.770316360012032],[78.07490977246806,31.7667632312382],[78.08389657266878,31.76590057365263],[78.09290664642464,31.759683380483693],[78.09917324744748,31.759703249205643],[78.10189870586066,31.757391736139766],[78.09711066402599,31.75362889985388],[78.09483482346837,31.748624631321718],[78.08734112629202,31.742889667224404],[78.0846555591068,31.736277687865027],[78.08635081443862,31.73075073785634],[78.08304802544609,31.722173575250338],[78.0834847838957,31.71789179776829],[78.09352631079065,31.71346252787339],[78.09273251969012,31.704001228274137],[78.10636229478416,31.702109453988157],[78.1108725180523,31.6983793737092],[78.13015123439203,31.699038857357436],[78.13156700291489,31.70301664600146],[78.14349726888389,31.703593796716405],[78.1484435608217,31.7025814002115],[78.15262524286072,31.69830726696682],[78.16018142223493,31.697844738443962],[78.17346892255279,31.693774930268887],[78.17729691741886,31.68925762663821],[78.18814077897383,31.688270010052975],[78.19264445247956,31.69970145625723],[78.20397663151641,31.69840348183527],[78.21119943940266,31.69540502432244],[78.21899642934181,31.696747221107444],[78.2356903700146,31.695578341667158],[78.24572574284883,31.693675283587538],[78.254266636696,31.689604669619882],[78.2700403514811,31.678894741399233],[78.27575859808087,31.678424053327433],[78.28880468798604,31.67019143268851],[78.29848875145478,31.658949854951913],[78.30310623326613,31.656860969058528],[78.31597889071327,31.644311074696418],[78.31617217120879,31.64121551108701],[78.30245208529556,31.638045799274266],[78.2969662136199,31.635902129379815],[78.29603419672088,31.634139215352548],[78.29660395051195,31.630350383263647],[78.30159719695314,31.62181627120401],[78.30437803202062,31.61783848525795],[78.31409569955696,31.610651365168394],[78.3181722436542,31.601761084706368],[78.3255123824905,31.59406131417836],[78.32869257859966,31.587202855827172],[78.33148189697204,31.577293673164547],[78.32684639274686,31.568560731792388],[78.32616890557057,31.56034141122717],[78.33518272050622,31.55518506913569],[78.34222040654657,31.547822786292613],[78.3590496070538,31.54157271031238],[78.3638094749274,31.533952509101084],[78.36421780310917,31.525226132779835],[78.36995939521,31.52201249448109],[78.3711493709468,31.519810810220747],[78.37483073854781,31.50354696402121],[78.36762884169775,31.491254339616148],[78.37152771303357,31.482440506024602],[78.3771547566867,31.480477938905835],[78.37757960271654,31.482825215311493],[78.39560362720567,31.476665319748747],[78.40492991788147,31.476309297935813],[78.40811629593037,31.469045895551687],[78.40631864199179,31.465230082902053],[78.40734542405215,31.46045223398346],[78.41012534271044,31.456438784522334],[78.42279708711595,31.448639260293703],[78.42289022270569,31.44083151806018],[78.41751886980006,31.433763966433958],[78.42297925289029,31.42890574690273],[78.42452988464652,31.42298607015107],[78.4374135470976,31.41990015626726],[78.44287458039764,31.42087474617267],[78.45575299620384,31.427065543340177],[78.45802100546507,31.425387330161186],[78.45225853650231,31.408330424909252],[78.4592696223952,31.397728746284656],[78.47978789319677,31.386951039758742],[78.496567238887,31.392816785965977],[78.50065139844332,31.39159829542507],[78.50136154449973,31.382306956900607],[78.50713174403484,31.378803473401604],[78.51722961075797,31.376861947720784],[78.52022642161211,31.37254149039751],[78.52386167647524,31.371247546736925],[78.52873849398634,31.37086615864638],[78.5343256617,31.373299269046072],[78.54691608041281,31.370860798686977],[78.54691453088094,31.367741616182684],[78.53937452851176,31.36006030513903],[78.53901843924962,31.356560837112966],[78.54061346064276,31.354658396867592],[78.54717354462343,31.353743219773833],[78.55418833122656,31.346136290757272],[78.56138065749138,31.344559452756585],[78.57139548981007,31.345522641057073],[78.58465134478377,31.34285156824535],[78.5876031139926,31.33195542909982],[78.60733142750342,31.340010519969553],[78.61177215206322,31.339544698129373],[78.62011000597204,31.334570326659275],[78.63585359256928,31.33328404342393],[78.64554632190527,31.335468069495846],[78.64877908878395,31.337312488180828],[78.65080515883108,31.341930435840993],[78.65471024987818,31.34319637281442],[78.66574690359676,31.3434136103499],[78.6727400291291,31.34040118816438],[78.6807523581349,31.34150403668201],[78.68656210805489,31.338500967445725],[78.69005199470382,31.338795323645343],[78.70052771428266,31.342472914993095],[78.70077582104739,31.349759755508387],[78.71290373461972,31.349470845603093],[78.72800822789748,31.351543710074225],[78.74037504637135,31.364022745053717],[78.74644701611697,31.367843827730496],[78.76010847342735,31.34664627020925],[78.76741563592293,31.34453468272949],[78.76084136963357,31.35585212727392],[78.76718902565307,31.380083083667444],[78.77804565398378,31.40557479873803],[78.79351806620582,31.429122925082993],[78.79697418241267,31.437232970824994],[78.79140472414878,31.451068877726584],[78.78274536170915,31.461845398046762],[78.75526428242074,31.48290061986779],[78.74961090122218,31.48412704512708],[78.74142456059508,31.481163024454077],[78.73289489748157,31.48048210186755],[78.72035980236302,31.501922607642257],[78.72140502951856,31.51753234903873],[78.73116302445408,31.529016494615576],[78.74117279089165,31.533176422054282],[78.75495910647766,31.544305801271776],[78.761375427534,31.544244766083125],[78.7763748170442,31.551279067974633],[78.81453704804636,31.58457183881933],[78.8372192378776,31.60187721236349],[78.842254638241,31.61094284083947],[78.8372802730662,31.623188018812073],[78.82579803495139,31.629997253670354],[78.81036376927261,31.6350994107093],[78.80451202371097,31.64159393321347],[78.80135345449838,31.647699355940574],[78.79925537123847,31.66918182408199],[78.79628753654066,31.677352905012583],[78.7898254390928,31.678331375492633],[78.77445220950193,31.673810959308355],[78.76480102524715,31.67401695262032],[78.75582598638022,31.681242141012035],[78.74919892718879,31.680906633634265],[78.7504998927559,31.669051506022242],[78.73779502182288,31.651410863420665],[78.73365869799056,31.6490251823663],[78.72832880922721,31.648806891724746],[78.72205683565448,31.644601150123037],[78.70726686587324,31.643828244877625],[78.70046598571673,31.640875940572244],[78.69446934678297,31.640087440183265],[78.68634948044422,31.64340461922785],[78.6683661062109,31.64456928174701],[78.661046672466,31.649251408625673],[78.64985485331886,31.649151070365633],[78.63893410242696,31.652126587971736],[78.63413999376576,31.653841233586093],[78.6289511744572,31.659317035552817],[78.61949522222676,31.66297320684805],[78.61603630013519,31.66753510606037],[78.60510552180244,31.664467449313406],[78.60110847237814,31.665040517106206],[78.5897893550947,31.673026719007908],[78.57193516037938,31.677824670472205],[78.56753495207641,31.67486391973415],[78.55020887523943,31.673162399725015],[78.53701556811404,31.673736747253145],[78.52475377696527,31.66975084672424],[78.51462581353053,31.669980344717203],[78.50969530109734,31.672260168372134],[78.49556900670433,31.672716330594255],[78.48410762296851,31.67499477019254],[78.47611179382426,31.673397977134982],[78.46585209050164,31.668039163476692],[78.45545666869037,31.670315311602394],[78.44666131436821,31.670197970759773],[78.44226572498326,31.666777027038222],[78.43907472621771,31.655720664677006],[78.44041224742733,31.64774353693474],[78.4311689560825,31.647159575653973],[78.42807065403753,31.648683244835922],[78.41510253985041,31.66657835150977],[78.4116226662531,31.67356058265483],[78.40596913576707,31.694189145412793],[78.40183222557681,31.69924381554972],[78.38999245838528,31.705817297630233],[78.38688851129581,31.70982869124117],[78.38913025315873,31.72010676861254],[78.39119361899037,31.722677570613428],[78.39570083132838,31.723885567864727],[78.40367944924725,31.729110173895435],[78.40292679853297,31.73023354943882],[78.38311013742299,31.72716620565592],[78.37567754108574,31.736070461582585],[78.37361005725842,31.736630401072205],[78.3681714017888,31.729560089426627],[78.36019413555096,31.724734676264347],[78.35379905378335,31.72970498010079],[78.33960900105461,31.733059751706207],[78.33066758514099,31.74252142992009],[78.32509701801303,31.75720543258467],[78.32828539075825,31.760661871648097],[78.32771385720878,31.764835733182565],[78.31717112554708,31.773973106873427],[78.31143508406194,31.77557036937708],[78.3084160851343,31.781185546475854],[78.29740713862861,31.786868465907048],[78.29514546239324,31.78951412207914],[78.29381027492428,31.79818230866664],[78.28045537041908,31.80080924904763],[78.27181184234269,31.79870674921716],[78.26559231093648,31.80471650925955],[78.25495634475953,31.809513322182113],[78.24186401801006,31.818157747781868],[78.22804921999557,31.815800846831678],[78.22110074310484,31.812735152405423],[78.20752606227802,31.824104503120395],[78.19869422605774,31.82191633117378],[78.19273959355746,31.83121460437053],[78.18883312474895,31.846378048208408],[78.1837394618068,31.85070060454933],[78.17901239130885,31.857673112224404],[78.17131987830982,31.862794505761883],[78.16157499998633,31.86223000041423],[78.15286300022734,31.86382300013139],[78.14889499980444,31.867776999908642],[78.12403900019973,31.867476999563905],[78.10577399967042,31.858624999644064],[78.08998900019225,31.858388999552744],[78.09408600026876,31.85322799987233],[78.08827999962233,31.85063699999762],[78.08544900037111,31.845139000064876],[78.09582500042347,31.837774000369848],[78.09676399965889,31.8329849998579],[78.0927050004355,31.829862999777674],[78.09542099977938,31.822980999873323],[78.08617399963043,31.809317000179476],[78.08565499997832,31.80091899961218],[78.08280900003535,31.7940330004227],[78.08351900040162,31.787522999686757],[78.07630200033708,31.783852000369563],[78.05817399983027,31.783520000347778],[78.05367173826016,31.77829154252072]]]}},{"type":"Feature","properties":{"blockName":"Nichar","districtName":"Kinnaur","state":"Himachal Pradesh"},"geometry":{"type":"Polygon","coordinates":[[[77.7507780002046,31.713849999877652],[77.75529499986442,31.707856999600892],[77.76351200017871,31.704422000375075],[77.77188100030799,31.70368799980139],[77.78346300021735,31.694941000227004],[77.78961899991697,31.68708200023417],[77.79466199955169,31.673814999962303],[77.80406999993062,31.66939500027911],[77.81217200033763,31.663199999680273],[77.81594099967742,31.657597000301394],[77.82028999968378,31.643233999849258],[77.82493599989652,31.638090000053523],[77.814284999753,31.610971000411382],[77.8354110000177,31.5857320002317],[77.83915700009555,31.57956099984034],[77.8353810004329,31.56283800027353],[77.83656300008244,31.55385599975466],[77.84336900007935,31.53732500004878],[77.84520700030288,31.527427999602537],[77.84078999985866,31.513249999587856],[77.84091900041159,31.506987000349852],[77.85137899984102,31.50850100002117],[77.8559569996159,31.50589799959306],[77.85942100017905,31.511395000379025],[77.86951399977136,31.504004000384384],[77.8714520001098,31.497740000200906],[77.87955499966358,31.491520000247874],[77.8825759995828,31.486916000173323],[77.88325500031806,31.480555000013283],[77.88007400021502,31.47082299998152],[77.88864099958255,31.465700000254856],[77.89222030381988,31.462828220091897],[77.89508099978838,31.4605330002978],[77.89817799961503,31.45675100035845],[77.90270999996659,31.443032999973013],[77.90889700019648,31.440394999729506],[77.91655700000558,31.43284799973543],[77.92197399980029,31.431650000247373],[77.92810099996126,31.42443800041343],[77.93262499994387,31.42243399972938],[77.94440499999081,31.42343700011753],[77.94892099960452,31.42209800042241],[77.96072399981279,31.4142489999914],[77.96366899982456,31.4025150002671],[77.96556773396378,31.402353198741196],[77.97676100012012,31.401566999717318],[77.99551399977133,31.404699000258688],[78.00000800016915,31.40267400040483],[78.01425199963012,31.403365999941002],[78.02444500023665,31.40079500008926],[78.0329060001119,31.404503000213367],[78.05461899956725,31.418675999997447],[78.06928300041022,31.415587999686466],[78.07377599986256,31.41750099977139],[78.07952100039392,31.417209999841646],[78.08875299985112,31.422238999730098],[78.10362200025514,31.41978299978564],[78.10469800041244,31.415792000100794],[78.11710341419126,31.430122158211077],[78.11824235609993,31.43445249818427],[78.11547635355095,31.44237694723836],[78.11597047345862,31.450130850658297],[78.11826198290424,31.455546361175664],[78.1201208977613,31.45846638071896],[78.12892279734928,31.459303733180775],[78.13402664511364,31.46159075500941],[78.13571583361886,31.465491004106582],[78.1348296380774,31.474253196827647],[78.13159317948168,31.478545124058257],[78.13322513872924,31.482548967860623],[78.13976234575568,31.489800632293395],[78.14124031408926,31.49575199575804],[78.13839142732257,31.50482552118092],[78.14100696250136,31.507726117166612],[78.13937838380542,31.515815341804625],[78.13592168933457,31.515856492982834],[78.12196122543025,31.518509207034356],[78.09422116477498,31.511254504691692],[78.08671697970493,31.51172485641706],[78.08488596811299,31.504673237180214],[78.08073667515748,31.503133705755943],[78.07819284022747,31.513228761198434],[78.06819255444287,31.521110245141756],[78.05979667987293,31.521377136046056],[78.06064956182786,31.518807745980723],[78.0550301381304,31.51114004617625],[78.0528413231686,31.512122978192963],[78.0514068892166,31.507705906702256],[78.04305054704514,31.512487321432786],[78.04182430884481,31.523117919556398],[78.03836053760875,31.523942954004156],[78.04056241612267,31.52631983789024],[78.03825983062671,31.528270958438043],[78.04067496987403,31.528970151651208],[78.04466449557009,31.533450728768173],[78.03580501958606,31.540376019337884],[78.03659165568041,31.543556819791434],[78.02928311002756,31.546692510251205],[78.01890686625893,31.545231193764607],[78.01108817657814,31.546480490582212],[78.01125655574549,31.54894305377894],[78.01621392733097,31.54987895215197],[78.02192107359872,31.554339627272043],[78.0265812471269,31.55444173629712],[78.02623741022836,31.55812995583284],[78.03350797481323,31.564809548921573],[78.03736034040742,31.571476402214216],[78.04061632058676,31.573084828901756],[78.04246709118337,31.57601872138696],[78.03728803941152,31.586112394571387],[78.04083037542154,31.591376049165376],[78.04963742272895,31.591053751929167],[78.05929419087425,31.593186799031628],[78.06105393299265,31.590917331070045],[78.06889693134838,31.595183847956264],[78.07522353333945,31.581260420831825],[78.07294889157816,31.577804873895843],[78.07570583525614,31.577929204269424],[78.09105315178158,31.59397675722164],[78.09552052055562,31.605455848608585],[78.11080114605608,31.613237541979004],[78.13066860717055,31.59801779788313],[78.1306787587178,31.595445028165557],[78.11009890863778,31.589012677593075],[78.12113459738384,31.576892910079778],[78.14756114872807,31.58250004813874],[78.15491482415985,31.58522156302479],[78.15789979364064,31.590889762352674],[78.16120388305279,31.591541766339503],[78.16269568475809,31.594633077954256],[78.15694476578835,31.605423532370196],[78.16732776886153,31.620977478927557],[78.17205123577594,31.626966312645266],[78.1652071485911,31.628129731402055],[78.1600161951913,31.640572059652868],[78.15692833337596,31.64399994524132],[78.14084506474802,31.64814350771678],[78.13634478528365,31.643298695278588],[78.12958033846189,31.63978941744773],[78.12357838183692,31.649650759774772],[78.1215431045307,31.656248560422796],[78.11447134497666,31.66626733177202],[78.11258602062838,31.666744827711682],[78.11108261766873,31.681021629045006],[78.11809566318436,31.685713785163102],[78.12400341492571,31.697727050463072],[78.13015123439203,31.699038857357436],[78.1108725180523,31.6983793737092],[78.10636229478416,31.702109453988157],[78.09273251969012,31.704001228274137],[78.09352631079065,31.71346252787339],[78.0834847838957,31.71789179776829],[78.08304802544609,31.722173575250338],[78.08635081443862,31.73075073785634],[78.0846555591068,31.736277687865027],[78.08734112629202,31.742889667224404],[78.09483482346837,31.748624631321718],[78.09711066402599,31.75362889985388],[78.10189870586066,31.757391736139766],[78.09917324744748,31.759703249205643],[78.09290664642464,31.759683380483693],[78.08389657266878,31.76590057365263],[78.07490977246806,31.7667632312382],[78.07008851237498,31.770316360012032],[78.06482899106516,31.77815097039104],[78.05367173826016,31.77829154252072],[78.0332489997416,31.760978999581198],[78.02606200016123,31.76029599956081],[78.01003300022285,31.775543000309256],[77.99196599983111,31.77636100026001],[77.98235299989108,31.77962899987847],[77.97753099965598,31.777624000047638],[77.9733510002485,31.779638000293517],[77.96543899961023,31.78005399969237],[77.9542240004373,31.784638999790047],[77.94554100021702,31.78477099958201],[77.94221499972252,31.75839800016763],[77.93601199965411,31.75619500019917],[77.93666099990526,31.74873499972051],[77.93059499985941,31.74687999961236],[77.92115799994178,31.74812300027628],[77.91449000001353,31.752854999958345],[77.90602900013829,31.75150499975598],[77.89919999998006,31.753030999980695],[77.89765899996291,31.759265999726153],[77.88447599996749,31.769831000400416],[77.87625100018357,31.77317199978802],[77.87184100006215,31.78020899964565],[77.86683700042727,31.783346000417623],[77.85534700026392,31.78122499973398],[77.85823100016057,31.77466200015124],[77.85675799968197,31.768152000314615],[77.85378300008546,31.759032999773183],[77.84912100003419,31.75477799960504],[77.82859799969799,31.760487000274907],[77.81082200013526,31.76066400034341],[77.79900400013457,31.759032999773183],[77.78902400035741,31.7519590000079],[77.77848317885565,31.752674338749785],[77.76815800039145,31.757741999593634],[77.76295499967352,31.762049000361117],[77.76161199979401,31.755166999557446],[77.75264700005908,31.751518000355475],[77.75618699963036,31.719770000385267],[77.7518769996239,31.716849999727742],[77.7507780002046,31.713849999877652]]]}},{"type":"Feature","properties":{"blockName":"Sangla","districtName":"Kinnaur","state":"Himachal Pradesh"},"geometry":{"type":"Polygon","coordinates":[[[78.31350699974831,31.283429999894622],[78.33206899958469,31.28026999986065],[78.34179700033138,31.283423999617924],[78.35125700041027,31.282666999782293],[78.37147500017119,31.286036999607916],[78.38443799991381,31.283055999734643],[78.38864100038194,31.274358999768083],[78.39653800032852,31.276613000289785],[78.39843000034432,31.269455000248115],[78.40822599973018,31.257402000202205],[78.40647099973688,31.24810000021489],[78.41265099964397,31.242895000304088],[78.42951999964833,31.246010000061517],[78.4346079995596,31.254984000211493],[78.44221499962259,31.25108000004201],[78.44683799967402,31.24469000034327],[78.45928199976453,31.239281000018195],[78.4723360001064,31.222868000358005],[78.4816820003241,31.21600300033822],[78.48231499983746,31.20688799998129],[78.48517599957279,31.19878999975873],[78.49207300016889,31.200131999592145],[78.5292430001644,31.19892499968904],[78.55223099996073,31.20171199960913],[78.56539900016378,31.213498999978924],[78.57149499979448,31.222388999852512],[78.57707199977301,31.2246129998901],[78.5817569999856,31.228745999828107],[78.59911299996503,31.229298000102688],[78.61055799985189,31.231378999841013],[78.61580699999314,31.230841000212024],[78.62525899970314,31.226031999677105],[78.63230099979137,31.220217000414266],[78.64350900044008,31.216886999735323],[78.64964300002447,31.216858000196623],[78.65317500012623,31.203338999994912],[78.66065999995908,31.197465999856036],[78.66284199985847,31.189605999817104],[78.67501099985782,31.1981770002684],[78.69126899956473,31.198114000061082],[78.7107470002739,31.19120399976481],[78.72265599997445,31.189873000438695],[78.73556499992486,31.191919000361622],[78.77278100024301,31.189571000001706],[78.78610200030715,31.192178999761097],[78.80406200026118,31.19933100042539],[78.81027199975307,31.19991699956995],[78.81840499979097,31.194096000030413],[78.81325499971854,31.18380899958572],[78.81278200038906,31.177373999610438],[78.8156890004471,31.17312000038777],[78.82689700019648,31.164254999868376],[78.82537800029456,31.158694999774468],[78.83388499959312,31.142035000414978],[78.8398670002619,31.138370999621998],[78.84410899983055,31.131166000110852],[78.85290499986593,31.125494000247954],[78.86714199990342,31.12099999985014],[78.87735000030233,31.107190999764896],[78.89514900002638,31.098609999751716],[78.90586100028497,31.100847000388796],[78.9119030001234,31.100395000229128],[78.91454299955984,31.10236400019852],[78.91571000031632,31.10683100025051],[78.91891499972752,31.11023299975318],[78.92293499985044,31.1110840003264],[78.92780300040818,31.11094900039609],[78.93559299991705,31.102348000359996],[78.95725299962629,31.099775000416003],[78.96758300025533,31.103163000172344],[78.9808040002045,31.11012600021479],[79.00597399990022,31.111829999654788],[79.01175700038533,31.1100830000305],[79.00440200025218,31.132113999761316],[79.00228099956854,31.135363000302277],[78.99330100004119,31.140429000098322],[78.99102800044193,31.145481000148095],[78.99291999955841,31.14959500010923],[78.99273700011253,31.16493799988882],[78.98992900012331,31.172891999766023],[78.98716000013394,31.17715800044141],[78.98145299955632,31.180785999574255],[78.9761959999455,31.181229000218252],[78.9614940000481,31.18836800028305],[78.96016700000712,31.191747999670497],[78.95698499985792,31.195613999886234],[78.95116400031844,31.200507999844376],[78.94856299998253,31.20937699964884],[78.95047800015965,31.21719000021841],[78.93495200003485,31.217921999800524],[78.93099199998085,31.220010999907743],[78.92525499981843,31.2287479999203],[78.92258129379172,31.23958578565555],[78.88874053994402,31.269029617323042],[78.88163757301567,31.274835586493168],[78.86797332780691,31.299703598342433],[78.8630599978207,31.303016662988682],[78.8521270755042,31.30273818971574],[78.84397125247136,31.299322128413564],[78.83953857414593,31.288663864445823],[78.83421325663653,31.28829956077618],[78.8142700195458,31.293975829720807],[78.79748535166772,31.293085097998926],[78.78659820574268,31.299221039219617],[78.77391052265256,31.310810088914536],[78.77008819621335,31.32079505924463],[78.76741563592293,31.34453468272949],[78.76010847342735,31.34664627020925],[78.74644701611697,31.367843827730496],[78.74037504637135,31.364022745053717],[78.72800822789748,31.351543710074225],[78.71290373461972,31.349470845603093],[78.70077582104739,31.349759755508387],[78.70052771428266,31.342472914993095],[78.69005199470382,31.338795323645343],[78.68656210805489,31.338500967445725],[78.6807523581349,31.34150403668201],[78.6727400291291,31.34040118816438],[78.66574690359676,31.3434136103499],[78.65471024987818,31.34319637281442],[78.65080515883108,31.341930435840993],[78.64877908878395,31.337312488180828],[78.64554632190527,31.335468069495846],[78.63585359256928,31.33328404342393],[78.62011000597204,31.334570326659275],[78.61177215206322,31.339544698129373],[78.60733142750342,31.340010519969553],[78.5876031139926,31.33195542909982],[78.58465134478377,31.34285156824535],[78.57139548981007,31.345522641057073],[78.56138065749138,31.344559452756585],[78.55418833122656,31.346136290757272],[78.54717354462343,31.353743219773833],[78.54061346064276,31.354658396867592],[78.53901843924962,31.356560837112966],[78.53937452851176,31.36006030513903],[78.54691453088094,31.367741616182684],[78.54691608041281,31.370860798686977],[78.5343256617,31.373299269046072],[78.52873849398634,31.37086615864638],[78.52386167647524,31.371247546736925],[78.52022642161211,31.37254149039751],[78.51722961075797,31.376861947720784],[78.50713174403484,31.378803473401604],[78.50136154449973,31.382306956900607],[78.50065139844332,31.39159829542507],[78.496567238887,31.392816785965977],[78.47978789319677,31.386951039758742],[78.4592696223952,31.397728746284656],[78.45225853650231,31.408330424909252],[78.45802100546507,31.425387330161186],[78.45575299620384,31.427065543340177],[78.44287458039764,31.42087474617267],[78.4374135470976,31.41990015626726],[78.42452988464652,31.42298607015107],[78.42297925289029,31.42890574690273],[78.41751886980006,31.433763966433958],[78.42289022270569,31.44083151806018],[78.42279708711595,31.448639260293703],[78.41012534271044,31.456438784522334],[78.40734542405215,31.46045223398346],[78.40631864199179,31.465230082902053],[78.40811629593037,31.469045895551687],[78.40492991788147,31.476309297935813],[78.39560362720567,31.476665319748747],[78.37757960271654,31.482825215311493],[78.3771547566867,31.480477938905835],[78.37152771303357,31.482440506024602],[78.37110405860545,31.480751750093248],[78.362016295116,31.475150297548225],[78.3558958555094,31.46921266133529],[78.3480886088023,31.467678550125015],[78.34187395891615,31.459791403150803],[78.33654298107376,31.455887259089764],[78.32814642661634,31.45308026993854],[78.31608098175195,31.456622056462777],[78.30448720971702,31.470584850510477],[78.29835526148617,31.471846245907557],[78.28520768848409,31.471485959509494],[78.27224952169814,31.47459846184961],[78.26820095730841,31.472642479566844],[78.23864190270172,31.4725008327473],[78.22716992675078,31.47391725777527],[78.2176672394516,31.47787881095843],[78.20211495664,31.487417669889624],[78.20139725268115,31.495465005905373],[78.18692540728176,31.505851752856188],[78.17423926832765,31.517748092800275],[78.16287684958701,31.52305105676089],[78.16343855534512,31.52382674540803],[78.15874353398698,31.52634610618793],[78.15269604918336,31.527600064191688],[78.13998697032247,31.52410522317757],[78.13825020228506,31.519445591940553],[78.13937838380542,31.515815341804625],[78.14100696250136,31.507726117166612],[78.13839142732257,31.50482552118092],[78.14124031408926,31.49575199575804],[78.13976234575568,31.489800632293395],[78.13322513872924,31.482548967860623],[78.13159317948168,31.478545124058257],[78.1348296380774,31.474253196827647],[78.13571583361886,31.465491004106582],[78.13402664511364,31.46159075500941],[78.12892279734928,31.459303733180775],[78.1201208977613,31.45846638071896],[78.11826198290424,31.455546361175664],[78.11597047345862,31.450130850658297],[78.11547635355095,31.44237694723836],[78.11824235609993,31.43445249818427],[78.11710341419126,31.430122158211077],[78.10469800041244,31.415792000100794],[78.11041999988316,31.409460000378772],[78.12641900023675,31.405767000047092],[78.13551299962529,31.396520999944244],[78.140694000228,31.394387999606522],[78.14674400043532,31.38758699984021],[78.15339699967183,31.39073600026626],[78.16325400007213,31.38377600036216],[78.16604600022276,31.378155000153185],[78.15329000013344,31.359935999946515],[78.15939098650489,31.3500406029915],[78.16423000011446,31.344614000235993],[78.17150099997122,31.34429900009883],[78.18013799986886,31.336544000405354],[78.18602000042273,31.33688199980452],[78.20287299968925,31.329431999787005],[78.20899999985016,31.328899000388617],[78.21469900005889,31.325606999663364],[78.21997100036145,31.325839999616335],[78.22561599987853,31.32825100018357],[78.2287450002816,31.33155299957133],[78.23526000034877,31.334466999952156],[78.24097400034987,31.340851000273517],[78.24459099987479,31.342128999853514],[78.24751299972519,31.34083599958177],[78.25569900040858,31.330253999922206],[78.2599949997695,31.327787000369824],[78.2748410000122,31.324611999644105],[78.29191599962377,31.32377599976263],[78.30179600018533,31.31512800025706],[78.29769099973993,31.309422999771698],[78.29801200015373,31.30411899979208],[78.29559300011692,31.299144999741998],[78.2953640003484,31.29275099985881],[78.31350699974831,31.283429999894622]]]}},{"type":"Feature","properties":{"blockName":"Sainj","districtName":"Kullu","state":"Himachal Pradesh"},"geometry":{"type":"Polygon","coordinates":[[[77.44205100035344,31.871524778845526],[77.4320411008162,31.866811258432904],[77.403032275719,31.847355421515545],[77.38771060426103,31.840355641000087],[77.37087089967235,31.82651702084388],[77.3585855345948,31.819657761196765],[77.33596603380545,31.81384938004493],[77.32393334674663,31.811843879291644],[77.30545256828145,31.808725499881973],[77.28951405722802,31.79843097660836],[77.27139576760067,31.787010282698418],[77.26680554603917,31.7858332616957],[77.25238672556696,31.78342720380249],[77.23951736233647,31.77350576697762],[77.22226973695888,31.76693438481408],[77.20948197461348,31.75996137711593],[77.21285199962017,31.741437999564084],[77.21303600001147,31.73111200001881],[77.21834818831832,31.721425538058213],[77.22530400007957,31.72480200041207],[77.22778300018535,31.722548999936464],[77.23857100035144,31.71907599985758],[77.24645999992913,31.71283900001987],[77.25830100009114,31.710234000398827],[77.27382700021593,31.70116000013394],[77.28354547174621,31.69146039368229],[77.28930164275664,31.69718860117308],[77.29464041142592,31.697505752488553],[77.29615229319381,31.69905039745794],[77.29080173800986,31.717477623993204],[77.29276874058496,31.720274321302952],[77.2991893604007,31.722414678994312],[77.32896197071841,31.7206449624951],[77.33434379802793,31.716220128056534],[77.3436627142629,31.720869333453038],[77.3459818490831,31.71930897552886],[77.36237893254179,31.720265637449245],[77.36633843706926,31.722354092567343],[77.37390287581712,31.723257936404707],[77.3783444646254,31.716928872969163],[77.40303380906312,31.70978390500329],[77.41254445536237,31.71369892906239],[77.41859313626429,31.720727029229067],[77.42758707438401,31.72386857967126],[77.42978484119755,31.72135316421719],[77.44266342427767,31.716241004918516],[77.44830240193437,31.716158106311582],[77.45558658855026,31.71931732303608],[77.45605124756707,31.723388870500003],[77.45790174207178,31.72594210694274],[77.46100736819557,31.727015191497912],[77.463334981824,31.732018999577235],[77.45987542031446,31.744812977137258],[77.46027679853546,31.748601097862434],[77.45181590837751,31.76046891490853],[77.44989891080616,31.76595505817943],[77.45025386152656,31.771407392337323],[77.45846881948052,31.796819360924815],[77.45856633836587,31.810693813668593],[77.44798335125074,31.858555795013956],[77.44205100035344,31.871524778845526]]]}},{"type":"Feature","properties":{"blockName":"Barsar","districtName":"Hamirpur","state":"Himachal Pradesh"},"geometry":{"type":"Polygon","coordinates":[[[76.51973886265841,31.57579054269945],[76.51660558957633,31.579201895151414],[76.51175275698421,31.581281679905658],[76.50809522681334,31.58105544105581],[76.50161380293474,31.583881412197456],[76.50083388387668,31.58570122363261],[76.502307065119,31.589774137166728],[76.50464682409171,31.591247318409046],[76.5172202941813,31.593797885663946],[76.51547903942617,31.598439909973933],[76.50967297222996,31.600519694728177],[76.50031393723845,31.600866325820334],[76.49624102370433,31.6059791317316],[76.49624102370433,31.608405547578002],[76.50508011205756,31.619237763811782],[76.50619916006326,31.62059781124003],[76.4993625156676,31.61998526500804],[76.49556239169107,31.62301442177818],[76.4903149230953,31.621196864044066],[76.48429994608568,31.625496969709445],[76.48096223641812,31.62366800677313],[76.47928756926598,31.62027517945603],[76.47489145557626,31.62263771465888],[76.47840412025403,31.618326481681834],[76.48467250103516,31.614540317881392],[76.48579384501,31.602115411297234],[76.48299171849305,31.60016028067247],[76.47726254602975,31.60082326448213],[76.4732223885025,31.598503651222586],[76.46975446689521,31.595512026758684],[76.46774391375067,31.5897760931922],[76.45874337190912,31.583690025674173],[76.45508545862708,31.585722788475948],[76.44397732319499,31.585751393212263],[76.44250031803529,31.58838395345674],[76.43377952830264,31.591625824172525],[76.4337137204119,31.593968739765558],[76.42613101013808,31.60008674760536],[76.42016649948442,31.615556580571763],[76.41612911816435,31.618717222721727],[76.40728644061682,31.617637792550113],[76.40395373477708,31.619799979485492],[76.39561500043197,31.613674000055084],[76.40006299960783,31.610514000021112],[76.40806599994602,31.59030199963763],[76.43259399971339,31.54560299957882],[76.439415000402,31.53679099970492],[76.43688199960468,31.527407000432788],[76.43781300026978,31.52475500044295],[76.43573000043921,31.52216699980727],[76.4391940001031,31.514044000230456],[76.44519799998778,31.503440999602503],[76.45896900011934,31.486038000153656],[76.4640660004456,31.484082999930536],[76.4704563850542,31.478891408012146],[76.48430600032174,31.470763999958706],[76.49987000040028,31.46914099975737],[76.51306900023422,31.4603099999066],[76.51767000017043,31.467910999692947],[76.52186212963363,31.464294270863945],[76.53600548686376,31.465446663932426],[76.53655377473694,31.467097687907994],[76.53229083175654,31.47491252489317],[76.53006439005964,31.483834729489217],[76.53228992973652,31.501687404350264],[76.5303361426989,31.50486421990786],[76.52763889781693,31.50673876947866],[76.5224514211962,31.50734754485336],[76.52073522964719,31.510027332995094],[76.52192713802708,31.518543674451053],[76.51913938177711,31.52266727107775],[76.51908830568084,31.527554189774094],[76.52301557580824,31.547648416741083],[76.51809874476135,31.557461815310603],[76.5170076180072,31.567927803325517],[76.51713808355578,31.574202218557616],[76.51973886265841,31.57579054269945]]]}},{"type":"Feature","properties":{"blockName":"Galore","districtName":"Hamirpur","state":"Himachal Pradesh"},"geometry":{"type":"Polygon","coordinates":[[[76.44475572779464,31.673818673692892],[76.439053695072,31.67449899013633],[76.42587495066851,31.66958590296707],[76.42041551366509,31.666119593844257],[76.41677588989546,31.663346546006323],[76.41313626522651,31.669065956328893],[76.39846426041731,31.67448121503611],[76.38186663623634,31.670650993448646],[76.38399453651868,31.663416131948964],[76.40030844168132,31.661430090726185],[76.392045093906,31.647066762021495],[76.38885324258314,31.644158632414985],[76.38339163191836,31.642456311109925],[76.38367535183608,31.636994699545824],[76.38786022287104,31.63401563861089],[76.38303884496679,31.630060772786464],[76.3943709997219,31.620136000376192],[76.39380599974714,31.61495199963514],[76.39561500043197,31.613674000055084],[76.40395373477708,31.619799979485492],[76.40728644061682,31.617637792550113],[76.41612911816435,31.618717222721727],[76.42016649948442,31.615556580571763],[76.42613101013808,31.60008674760536],[76.4337137204119,31.593968739765558],[76.43377952830264,31.591625824172525],[76.44250031803529,31.58838395345674],[76.44397732319499,31.585751393212263],[76.45508545862708,31.585722788475948],[76.45874337190912,31.583690025674173],[76.46774391375067,31.5897760931922],[76.46975446689521,31.595512026758684],[76.4732223885025,31.598503651222586],[76.47726254602975,31.60082326448213],[76.48299171849305,31.60016028067247],[76.48579384501,31.602115411297234],[76.48467250103516,31.614540317881392],[76.47840412025403,31.618326481681834],[76.47489145557626,31.62263771465888],[76.47928756926598,31.62027517945603],[76.48096223641812,31.62366800677313],[76.48429994608568,31.625496969709445],[76.48415108400536,31.630127876600284],[76.48755274896024,31.634677091774392],[76.48804455671097,31.63861154838429],[76.48263467864757,31.643857490830612],[76.47542150879565,31.64041484107213],[76.47333132877787,31.648816545047566],[76.47816743128197,31.65496413338809],[76.4684952253744,31.656603490458792],[76.45634349235831,31.65506659314883],[76.45499102351698,31.66014859997796],[76.44678958597069,31.6625998550993],[76.44621490299545,31.670842343999027],[76.44974508107072,31.672771647893285],[76.44982704887929,31.674943795719628],[76.44603603593436,31.675538062331782],[76.44475572779464,31.673818673692892]]]}},{"type":"Feature","properties":{"blockName":"Baddi","districtName":"Solan","state":"Himachal Pradesh"},"geometry":{"type":"Polygon","coordinates":[[[76.80694967248945,31.04474780107023],[76.78963170034274,31.032809906152295],[76.77495587161621,31.028175434348896],[76.76826163486663,31.02457084456887],[76.76208233822939,31.01813407832509],[76.7589926903604,31.011954782587225],[76.75126857068807,31.009895016741666],[76.74457433303911,31.01246972359894],[76.73942492022394,31.01040995775338],[76.73788009539015,31.006290427861018],[76.67218770999489,30.972169655705102],[76.67618599958428,30.96769499972453],[76.68175500009323,30.966432999983],[76.70973199973207,30.968309000160275],[76.71865100004368,30.959798999824045],[76.72617299978418,30.9599040001695],[76.73767899978606,30.947043999780817],[76.73902899998842,30.93896500043445],[76.73956300033228,30.935773999870264],[76.7519230001464,30.926484999583124],[76.76215399980731,30.925570999701904],[76.76220699955343,30.920209999791723],[76.76763900003988,30.919351999795026],[76.76736499999481,30.91421500032203],[76.78337099977188,30.902755999789633],[76.82376900023922,30.926703999789822],[76.82697299960432,30.923642999824608],[76.82793399985428,30.9176519996401],[76.82333399996418,30.90311400011109],[76.82926900026422,30.89230900006038],[76.836165999961,30.8843770002984],[76.86594399991571,30.86690899965066],[76.87530499992585,30.869772000377566],[76.88317100024153,30.87436900012932],[76.89213599997646,30.88218900012231],[76.90010799978444,30.884493000251837],[76.91574899981657,30.893414999802474],[76.9192632562943,30.8889276759715],[76.9226633357444,30.90432170867996],[76.92200601856297,30.915438065714227],[76.92544433898513,30.921036979473058],[76.92051810732482,30.928055171808808],[76.91092389242374,30.929480055859926],[76.91120886959374,30.931664876932587],[76.91624345697,30.932614799333578],[76.91453359754752,30.936604472518468],[76.9086440795607,30.93688944878909],[76.89344532294336,30.933374737254383],[76.89439524534436,30.941639060794046],[76.89173546262157,30.945153773228128],[76.8935403147338,30.9499983761242],[76.89088053291033,30.95180322913575],[76.87706058447844,30.95180322913575],[76.87587163217012,30.957955077564804],[76.87033939234914,30.9625628979594],[76.87702400365492,30.975568149650428],[76.8870622237427,30.976182734645533],[76.88965713836632,30.989157305065646],[76.88347714565379,30.99124006477723],[76.8852526133175,30.993015532440893],[76.89057901540929,30.99369840475765],[76.8904424407661,30.996566467768332],[76.8877109523986,30.999024807748754],[76.8806090826431,30.99642989312514],[76.87350721198828,30.995747020808437],[76.87173174432462,30.99765906311535],[76.87186831896781,31.005990102861006],[76.86893224742533,31.008926175302804],[76.8674542206358,31.015126320023683],[76.85826244245783,31.02243767965524],[76.85728313380963,31.026914878019284],[76.85297102399363,31.026633059268306],[76.84769726641576,31.030147872426426],[76.83694931575837,31.028579129223488],[76.83142427950696,31.03151681774699],[76.82383166499937,31.03964732036758],[76.8183716299468,31.042901149368618],[76.8122573614881,31.042069251294947],[76.80694967248945,31.04474780107023]]]}},{"type":"Feature","properties":{"blockName":"Ronhat","districtName":"Sirmaur","state":"Himachal Pradesh"},"geometry":{"type":"Polygon","coordinates":[[[77.71505945473012,30.74030515166146],[77.70778699977029,30.741414999602625],[77.70541400005612,30.74354599984804],[77.70423100036044,30.746585999744127],[77.70684799963556,30.75310700008805],[77.70216400036838,30.763942999769654],[77.69071200015873,30.772907000357804],[77.68727900012578,30.77761499983245],[77.68538465108082,30.786362079446462],[77.68140399989471,30.789767999993273],[77.67522399998768,30.791440999802376],[77.664611999844,30.801432000086777],[77.66001900027669,30.799088999957405],[77.6578290000084,30.806022999561833],[77.65481599955876,30.80374000040075],[77.64928399985678,30.804660999705447],[77.63677200022767,30.80720500011074],[77.62434399997568,30.808088000360954],[77.62224600035267,30.80442200037504],[77.62049100035944,30.79428699974528],[77.61695900025774,30.790736999712806],[77.61202200011525,30.7888580002965],[77.60218000040675,30.781191000164597],[77.58842943826801,30.77660225888718],[77.58834305388888,30.77597880657669],[77.58705271740905,30.773186192189087],[77.58169332728528,30.77278979621218],[77.5781867546151,30.772734831447337],[77.57415234555435,30.774565233298915],[77.57507557697636,30.770651569914094],[77.57752253603627,30.769479046420884],[77.5778130071646,30.765711141555983],[77.57605073795128,30.764746891156165],[77.57520138763397,30.76155898066247],[77.57672322399765,30.758428186111928],[77.58580739919216,30.755841320420643],[77.5963495301068,30.74343133268991],[77.60092261328805,30.735690168166798],[77.60392836160469,30.721550788638012],[77.6030172062791,30.720291772847077],[77.59595060793424,30.71704172369664],[77.59370325789911,30.7135714179866],[77.5931601717046,30.711177277909087],[77.59045725479854,30.702430290925236],[77.59142909097983,30.69908700006505],[77.59125541300693,30.698417520452267],[77.60233442029732,30.698526073119808],[77.6261123414115,30.709978897108442],[77.63247316530442,30.7102324861404],[77.63895698947357,30.70632687078853],[77.64974238790091,30.705535113954397],[77.65714104472352,30.709907922612615],[77.67151937142194,30.72362846448209],[77.67749572974418,30.724622986062002],[77.69236181094885,30.721631274363858],[77.70822852013015,30.724688722006988],[77.71813693117451,30.734623719708964],[77.71505945473012,30.74030515166146]]]}},{"type":"Feature","properties":{"blockName":"Cheta","districtName":"Shimla","state":"Himachal Pradesh"},"geometry":{"type":"Polygon","coordinates":[[[77.50331513478568,30.791734376640193],[77.50287051266406,30.796352417829894],[77.50549497901011,30.80247617143823],[77.5092129724008,30.806412869158635],[77.51992953941675,30.81253662186765],[77.52375092786309,30.812172669832876],[77.53874833436817,30.810945609652208],[77.54975633658574,30.813507610887598],[77.55610150867773,30.814547803638277],[77.55760093393599,30.81329828199017],[77.57114676990756,30.81904827735616],[77.56338935463509,30.825088281598994],[77.55069474406724,30.82852774685807],[77.55075412360395,30.830013818083273],[77.55304266798481,30.829695219758662],[77.55258272501283,30.831989680779202],[77.54940617565455,30.830454313216023],[77.55046600240416,30.833885710657057],[77.54642772176203,30.83951241436648],[77.54070666478083,30.843465144301035],[77.53923881382025,30.845316309699967],[77.53406327480036,30.845388668252497],[77.53286777362888,30.84950896256862],[77.53531647827293,30.85155258378478],[77.53576954143125,30.849978718043474],[77.54421081197944,30.85193620938861],[77.55103707280273,30.851123560404062],[77.55575044392788,30.848198019023414],[77.57037814543514,30.844459828658216],[77.57931729685583,30.843484647898208],[77.58177741389659,30.844460962703295],[77.58240536731392,30.85193620938861],[77.58761961135605,30.854376011643694],[77.59305292755062,30.851325102071883],[77.59573282900692,30.85648704963768],[77.59296981850235,30.859412590119007],[77.58247188207173,30.865057491610003],[77.57460392662995,30.872252461881658],[77.57333360366295,30.876048008309],[77.57151585617186,30.876153182223618],[77.56777766580672,30.880216433441717],[77.56160152489053,30.882491853116562],[77.55753827367244,30.881679203232693],[77.55266237257047,30.88314197302367],[77.54567839314336,30.888768290024643],[77.54387831912919,30.885937595643554],[77.53604701555736,30.869271971924036],[77.53150382674028,30.86590205663464],[77.51602011633537,30.867119717101332],[77.50012539776895,30.87024108405882],[77.48013080938938,30.86745144732646],[77.47751969078115,30.864744975400356],[77.48743399957948,30.844824000127574],[77.49304200008828,30.840930999566012],[77.49037200016772,30.83565700007057],[77.48961600037819,30.82540100015609],[77.49057000030535,30.816355000283068],[77.49362900017826,30.81027999982217],[77.49358399990172,30.803916999569935],[77.4961700004452,30.79984899993144],[77.49295799981189,30.794121000184077],[77.501366078182,30.79266597625383],[77.50331513478568,30.791734376640193]]]}},{"type":"Feature","properties":{"blockName":"Kalpa","districtName":"Kinnaur","state":"Himachal Pradesh"},"geometry":{"type":"Polygon","coordinates":[[[78.13015123439203,31.699038857357436],[78.12400341492571,31.697727050463072],[78.11809566318436,31.685713785163102],[78.11108261766873,31.681021629045006],[78.11258602062838,31.666744827711682],[78.11447134497666,31.66626733177202],[78.1215431045307,31.656248560422796],[78.12357838183692,31.649650759774772],[78.12958033846189,31.63978941744773],[78.13634478528365,31.643298695278588],[78.14084506474802,31.64814350771678],[78.15692833337596,31.64399994524132],[78.1600161951913,31.640572059652868],[78.1652071485911,31.628129731402055],[78.17205123577594,31.626966312645266],[78.1779518639874,31.626390740240538],[78.17946377003699,31.62467646604614],[78.18424922901875,31.61980259741199],[78.18802922616788,31.615248232719807],[78.19062975256111,31.606771520789096],[78.19502557576976,31.605493526605017],[78.19731120724646,31.591685540954984],[78.19186995723283,31.584514544810474],[78.1944453520714,31.581827621447644],[78.19636219136208,31.57793426745252],[78.19719763186527,31.575597496027683],[78.19614996664768,31.572425058369788],[78.19285017419622,31.56332636901675],[78.17756434431908,31.555280255179696],[78.17675024382874,31.545911394195514],[78.17612225713651,31.54145665190299],[78.17382308636638,31.536277175651207],[78.17275844554587,31.533085229000164],[78.16648745763013,31.52803713830332],[78.16343855534512,31.52382674540803],[78.16287684958701,31.52305105676089],[78.17423926832765,31.517748092800275],[78.18692540728176,31.505851752856188],[78.20139725268115,31.495465005905373],[78.20211495664,31.487417669889624],[78.2176672394516,31.47787881095843],[78.22716992675078,31.47391725777527],[78.23864190270172,31.4725008327473],[78.26820095730841,31.472642479566844],[78.27224952169814,31.47459846184961],[78.28520768848409,31.471485959509494],[78.29835526148617,31.471846245907557],[78.30448720971702,31.470584850510477],[78.31608098175195,31.456622056462777],[78.32814642661634,31.45308026993854],[78.33654298107376,31.455887259089764],[78.34187395891615,31.459791403150803],[78.3480886088023,31.467678550125015],[78.3558958555094,31.46921266133529],[78.362016295116,31.475150297548225],[78.37110405860545,31.480751750093248],[78.37152771303357,31.482440506024602],[78.36762884169775,31.491254339616148],[78.37483073854781,31.50354696402121],[78.3711493709468,31.519810810220747],[78.36995939521,31.52201249448109],[78.36421780310917,31.525226132779835],[78.3638094749274,31.533952509101084],[78.3590496070538,31.54157271031238],[78.34222040654657,31.547822786292613],[78.33518272050622,31.55518506913569],[78.32616890557057,31.56034141122717],[78.32684639274686,31.568560731792388],[78.33148189697204,31.577293673164547],[78.32869257859966,31.587202855827172],[78.3255123824905,31.59406131417836],[78.3181722436542,31.601761084706368],[78.31409569955696,31.610651365168394],[78.30437803202062,31.61783848525795],[78.30159719695314,31.62181627120401],[78.29660395051195,31.630350383263647],[78.29603419672088,31.634139215352548],[78.2969662136199,31.635902129379815],[78.30245208529556,31.638045799274266],[78.31617217120879,31.64121551108701],[78.31597889071327,31.644311074696418],[78.30310623326613,31.656860969058528],[78.29848875145478,31.658949854951913],[78.28880468798604,31.67019143268851],[78.27575859808087,31.678424053327433],[78.2700403514811,31.678894741399233],[78.254266636696,31.689604669619882],[78.24572574284883,31.693675283587538],[78.2356903700146,31.695578341667158],[78.21899642934181,31.696747221107444],[78.21119943940266,31.69540502432244],[78.20397663151641,31.69840348183527],[78.19264445247956,31.69970145625723],[78.18814077897383,31.688270010052975],[78.17729691741886,31.68925762663821],[78.17346892255279,31.693774930268887],[78.16018142223493,31.697844738443962],[78.15262524286072,31.69830726696682],[78.1484435608217,31.7025814002115],[78.14349726888389,31.703593796716405],[78.13156700291489,31.70301664600146],[78.13015123439203,31.699038857357436]]]}},{"type":"Feature","properties":{"blockName":"Tikar","districtName":"Shimla","state":"Himachal Pradesh"},"geometry":{"type":"Polygon","coordinates":[[[77.58858946003562,31.249660191764463],[77.59246088136462,31.23266200594685],[77.58978513027961,31.229047932815888],[77.579165526368,31.22347837382796],[77.58105288228472,31.21138109116447],[77.58308467291937,31.207328549972658],[77.59108286907917,31.20097326770218],[77.59680847662997,31.190221022782055],[77.59934925746234,31.177798939169747],[77.60422785113445,31.17245920193068],[77.60817950098323,31.163712273402723],[77.62968556373784,31.167189011064067],[77.6309005577146,31.168437716127755],[77.6305990986695,31.174836381693694],[77.63352340078438,31.17741681903101],[77.6775462797371,31.186045393180393],[77.67867919259072,31.18988862346123],[77.68986375420894,31.20088052871347],[77.68807384253387,31.205515062570157],[77.67670244316326,31.214111413111254],[77.66797414589018,31.22298074026901],[77.66556361656768,31.230460252438775],[77.64917888889465,31.240143343740385],[77.63680450442439,31.25190905985528],[77.63071433419924,31.266601623166423],[77.63245318236852,31.26790467246269],[77.616423288504,31.267623603746358],[77.59846669068526,31.264626401687167],[77.59659333991078,31.261878484504507],[77.59325994159309,31.260940130082986],[77.5910722175089,31.252922756779867],[77.58858946003562,31.249660191764463]]]}},{"type":"Feature","properties":{"blockName":"Hangrang","districtName":"Kinnaur","state":"Himachal Pradesh"},"geometry":{"type":"Polygon","coordinates":[[[78.45238880150202,31.937928217713136],[78.45474155927559,31.93191800621105],[78.45282766256662,31.927669043191827],[78.45666360384229,31.91917386817954],[78.45666567228301,31.91476219801706],[78.45456039804401,31.910676579760377],[78.46299340382257,31.900058607219023],[78.46702501599174,31.874079757275013],[78.47019833588456,31.870760657278538],[78.46780252666531,31.862719026561876],[78.46900373043786,31.856725082896332],[78.46455136505352,31.852776489843166],[78.46695184984804,31.846198080377178],[78.4737315446751,31.839582147598094],[78.47785799125336,31.827202526375515],[78.48397249083786,31.820406346975403],[78.49477702234174,31.813731522991418],[78.50046300756179,31.81312474501101],[78.52163972419396,31.798314905608436],[78.53166144621883,31.787442873689713],[78.54570313689032,31.791225423114838],[78.55294747274775,31.795514337616623],[78.57541376053666,31.796260375615873],[78.61178982823805,31.810244809150674],[78.61512772136729,31.81316663902919],[78.62719074975337,31.816983080304965],[78.64112281846337,31.829244133110308],[78.65630677853505,31.848101932558166],[78.66383061289253,31.862206675597633],[78.6719028367466,31.863302891615206],[78.69541304497608,31.87273881324569],[78.70191885397202,31.881952534881634],[78.71583953366758,31.881349618590093],[78.73087674596513,31.877311076245235],[78.73351392063097,31.86647351084389],[78.73348817124219,31.856256940805224],[78.73717498783549,31.862516403009636],[78.73977661140157,31.87220573380762],[78.74003601095319,31.894887924538125],[78.7463073729869,31.90719032277525],[78.73941803011803,31.919607162440627],[78.72585296664113,31.93849182104077],[78.7156448367399,31.960897445960427],[78.6940383907592,31.979108810023604],[78.68248748760755,31.993917465019024],[78.66639709455035,32],[78.66664886515304,32.00538635269805],[78.64754486100657,32.020977020373266],[78.63848113999268,32.040748595771106],[78.62396111701202,32.06306856566181],[78.60557600033223,32.05254700044378],[78.60134100018706,32.05239499972953],[78.59740400029443,32.0582010003759],[78.58791399973137,32.060463000367236],[78.56869500017416,32.06156900010933],[78.56008899990746,32.060569999905624],[78.54261800002075,32.06348400028645],[78.5244219999754,32.05829200007577],[78.51557899957123,32.05339099979483],[78.50521099988777,32.04995699971579],[78.49032599964522,32.04692500018865],[78.48382600026974,32.042079999792236],[78.48223099956101,32.048275000391016],[78.47038299997553,32.04849599979059],[78.45548199989446,32.05490899965065],[78.44923400044883,32.05514099955752],[78.44415299996103,32.05279200005083],[78.43795800026157,32.04349100010961],[78.42636900002941,32.016479000005916],[78.42697900028071,32.00590900000043],[78.42218799967651,32.0009309997659],[78.42013500033005,31.98957999971725],[78.43325800025656,31.97944299989456],[78.43618000010696,31.97266400024347],[78.44972999993962,31.96758799998628],[78.4605479996905,31.959155999649738],[78.45890799960455,31.954282999760665],[78.45439900031369,31.949968000422928],[78.45843500027507,31.942191999761008],[78.45697000016543,31.939618999817014],[78.45238880150202,31.937928217713136]]]}},{"type":"Feature","properties":{"blockName":"Aut","districtName":"Mandi","state":"Himachal Pradesh"},"geometry":{"type":"Polygon","coordinates":[[[77.10480359091304,31.68393649637227],[77.11433596213499,31.686556253868048],[77.11924802137912,31.691325568220464],[77.13182874989695,31.690109326884],[77.14256751757694,31.69342926504862],[77.15820448684764,31.694067373610437],[77.16629049281204,31.697669230350755],[77.18467336838131,31.700648181568397],[77.1895970603561,31.7064520418283],[77.20458920672655,31.709181949187666],[77.20869367117604,31.713809313648937],[77.21391107903315,31.716019353510433],[77.21834818831832,31.721425538058213],[77.21303600001147,31.73111200001881],[77.21285199962017,31.741437999564084],[77.20948197461348,31.75996137711593],[77.20790099973141,31.764910000096506],[77.19820400041436,31.77910800013416],[77.19889800004273,31.784989999788706],[77.19482400012754,31.79105399974236],[77.19665500002827,31.797387999556577],[77.18890399961992,31.808175999722664],[77.19059000002852,31.814689999743734],[77.18758399990173,31.8214929996023],[77.17605599978464,31.826225000183683],[77.17896299984261,31.83187099974691],[77.18039700032136,31.841614000285915],[77.16737399961045,31.838278000229593],[77.12120800024906,31.837769000139303],[77.1051180001956,31.838476000367166],[77.09545099956404,31.836839999566394],[77.08311499995733,31.82957099980183],[77.07871200015876,31.833077999650015],[77.07385038478748,31.8344905980627],[77.0782297692885,31.829429808039265],[77.07909000230183,31.82863227665831],[77.08088398430851,31.82546145688076],[77.08191614431468,31.82374889859284],[77.08487787081714,31.82143267397879],[77.08933171558624,31.817693078872537],[77.0873026238171,31.812006706044713],[77.08602768373066,31.80583670120285],[77.08686848419325,31.802142138748764],[77.09072482479087,31.79846536218679],[77.09993826493906,31.799727599349296],[77.1030320326023,31.799261159674813],[77.108692546324,31.789512741619774],[77.10946551901856,31.787605379384786],[77.11654382203983,31.783405364665896],[77.12101899513056,31.782564403224683],[77.1250167927908,31.779862256138244],[77.126974147439,31.774282733561336],[77.12631176707447,31.764737751146356],[77.12322277840855,31.759920914818395],[77.122902365252,31.759546694324513],[77.12340087385132,31.757454829876565],[77.12561818383216,31.754426021144013],[77.12697618890007,31.751813327822845],[77.1250233974119,31.75002825629906],[77.12312471992993,31.750022654422025],[77.10863869761783,31.749892730265344],[77.0956063043875,31.74946946884097],[77.08697395668281,31.74642791221845],[77.08481004484776,31.745967630202017],[77.08179986017547,31.746939828810127],[77.07771105112414,31.74681477178433],[77.0782851909089,31.74216912410583],[77.07559319536972,31.73617514356806],[77.07703572951539,31.732008827345567],[77.07613853976187,31.72208558468202],[77.08787240818515,31.714756824967537],[77.0897717952322,31.710065719257614],[77.08977636738553,31.701887076827177],[77.09354478666262,31.69713779937001],[77.1033959001008,31.693875916940044],[77.1029050896982,31.68789049614952],[77.10480359091304,31.68393649637227]]]}},{"type":"Feature","properties":{"blockName":"Fatehpur","districtName":"Kangra","state":"Himachal Pradesh"},"geometry":{"type":"Polygon","coordinates":[[[75.88630359543464,32.15188155768777],[75.8898701888582,32.14656245539305],[75.89075014040674,32.13206823935781],[75.89552696499749,32.13042464378236],[75.89650156749337,32.12667383502952],[75.89428128075656,32.12147204479908],[75.8794164451129,32.10356945576581],[75.86708100848182,32.10418553273621],[75.86611857651116,32.109146205732884],[75.86250238457745,32.114319240140844],[75.85730867385627,32.117452836978885],[75.85235989978958,32.12575374404008],[75.84799535590099,32.12599034757653],[75.84845540139571,32.13264044020423],[75.85227449387287,32.13784007835699],[75.85354794378264,32.144321635335245],[75.83892379999344,32.145800113584414],[75.83342466151896,32.13446154306581],[75.83048272909474,32.13435968585088],[75.82680452980526,32.13779353394449],[75.8276613921596,32.14548179225096],[75.82966888041454,32.148514119131335],[75.82359137174444,32.14717466347997],[75.81360593466621,32.13857149517844],[75.80427858189108,32.13586959810351],[75.79683895645275,32.1308579065672],[75.78928937270643,32.13008673341608],[75.78579833762325,32.128277678771894],[75.779244619044,32.1238423951105],[75.77392147069935,32.11287892282411],[75.77169799766449,32.11188793468051],[75.77638006248992,32.109785699250665],[75.7890980851086,32.108937041411366],[75.80205041349586,32.112806891624814],[75.80542414281001,32.106244839927456],[75.81517278389691,32.10160560441517],[75.82252738742903,32.1010865418105],[75.82848712358197,32.09385633700043],[75.82970098081569,32.08939387492745],[75.83863182250064,32.08854703012139],[75.8425951122747,32.06933915517794],[75.84550114196418,32.063965615121106],[75.85481643033404,32.06106648952692],[75.8510024891736,32.05506905289451],[75.8545931043883,32.050624953179124],[75.85305510720747,32.0443865459024],[75.84941762292499,32.04150523947527],[75.84349055734339,32.040885312507214],[75.83749564780595,32.04969479517871],[75.83185860638963,32.04991780366373],[75.8301675005298,32.05134022267316],[75.82913768865347,32.05697595107932],[75.82676416643318,32.057047564093864],[75.82392318920387,32.05565105904918],[75.81576920078805,32.04286156730751],[75.81338788504291,32.042921113218824],[75.79307933254523,32.06323161994334],[75.75417596484897,32.03433988657656],[75.78134199993343,32.00690500006573],[75.7991639998188,31.99352800011718],[75.80999800030753,31.987755000093216],[75.82047999985218,31.98417300038369],[75.85124999968781,31.980725999705157],[75.85649899982906,31.972679000035896],[75.8661800002069,31.97157100020155],[75.87166599958624,31.96848499998282],[75.88105800012664,31.967829000308143],[75.9071926081524,31.950352963318664],[75.92853985962688,31.962150477662476],[75.93137925404938,31.970725496284672],[75.93379808501368,31.973321952346282],[75.94287594157151,31.97710449817413],[75.95180685969888,31.97350169624633],[75.95678840236292,31.975818577365487],[75.95954048700395,31.976953500203933],[75.96016194461811,31.97699497873532],[75.96082465233587,31.977367477926805],[75.96132197293076,31.97757446678827],[75.96331549471438,31.977153075054446],[75.9658236850151,31.977466263956956],[75.96702534924054,31.978197237412644],[75.96874977857948,31.978040543136615],[75.96749568297946,31.979920074052245],[75.96827944484056,31.98216509124603],[75.97178034818455,31.980076768328274],[75.97099658632345,31.981538714340275],[75.97068315910059,31.981851903242784],[75.97047420791841,31.98216509124603],[75.97068315910059,31.986498632805706],[75.96707778061511,31.98467119961623],[75.96910196478393,31.98966927002084],[75.98090084969454,32.003814094045254],[75.98399899705612,32.004746476968364],[75.97964169990456,32.01174172759869],[75.97914885433619,32.01950367725294],[75.97995798966957,32.02182720256337],[75.98822507142995,32.020683053580115],[75.98851343994335,32.02088282897944],[75.98937970201172,32.021615003929355],[75.98955742693374,32.02228065422884],[75.98920197798896,32.022546955177916],[75.98849146500913,32.022391662944926],[75.98822507142995,32.022680205027484],[75.9877142574071,32.02274673057718],[75.98715872369621,32.022680205027484],[75.98773623234132,32.023390138843865],[75.98813601606435,32.023057314143784],[75.98844713023095,32.02352338959281],[75.98873549874435,32.023279330676644],[75.98920197798896,32.023279330676644],[75.99015690961375,32.02307955527732],[75.99084544765935,32.02332361419349],[75.99088978243759,32.02387845632575],[75.99093411721577,32.02421128192515],[75.99093411721577,32.02481040757431],[75.98993485081274,32.024943456875064],[75.98916998011055,32.025357835695615],[75.98843209536494,32.025584461253914],[75.9878646105634,32.025953153615205],[75.98758086816258,32.02609482021984],[75.98670149757612,32.02578303425969],[75.9865596268254,32.02629319267675],[75.98690004090423,32.02660517918571],[75.98777941059137,32.02669013813943],[75.99050310633334,32.02697367099819],[75.9901626922545,32.02731371005973],[75.99056016292121,32.028929745911114],[75.9901626922545,32.02943990432817],[75.98916998011055,32.029241531871264],[75.98874436605968,32.02969518408554],[75.99013454976972,32.03156609859661],[75.98979413569089,32.031963044958616],[75.98895640191648,32.037144979956906],[75.98843826381488,32.037455763173],[75.9881791943144,32.03774049842531],[75.98843826381488,32.03831016857947],[75.98900806167279,32.03867264932336],[75.9890859366667,32.03893153626143],[75.98955241501199,32.040329562059696],[75.98970777919072,32.04227141059715],[75.98685146492323,32.04978312209346],[75.98788415912668,32.05112806181063],[75.99022670689709,32.05700340828071],[75.98978743394298,32.06331281793223],[75.99048267373644,32.063370047190006],[75.99150622812999,32.064037100431904],[75.9914171736637,32.062969895644244],[75.99021550853894,32.06270299394805],[75.9902602291263,32.06163578916039],[75.99146767599251,32.05850570867159],[75.99191680641553,32.05822518224642],[75.99202937815335,32.05816907624194],[75.99270288133295,32.05856181467607],[75.99315201175597,32.0592348789865],[75.99393808577412,32.05889824655691],[75.9961833520801,32.05856181467607],[75.99792358700398,32.05822518224642],[76.00070511095214,32.0583644440639],[76.00157407188595,32.05809313389108],[76.00437178812757,32.060074255822315],[76.00426307088406,32.05958573779162],[76.0021172695964,32.055351984106835],[76.00200893816202,32.05372372556951],[76.00241604686312,32.05385938020629],[76.00320404902772,32.05486346607614],[76.00420871316163,32.05589480410197],[76.00469793716013,32.0564103728405],[76.00603337733855,32.05720566670823],[76.0062488827798,32.05662457516405],[76.00678706766911,32.056366490421226],[76.00715331117641,32.052364572067404],[76.00889740239325,32.05281642114096],[76.0092204676505,32.05492498240204],[76.00984500903996,32.05488190127875],[76.00870387098689,32.05630196856106],[76.0092636459006,32.05608676439272],[76.01021086763751,32.0565600542032],[76.01014648517219,32.05701190237744],[76.01130921235034,32.056861419718814],[76.01126603410023,32.05765731523297],[76.01128762322531,32.05804464244636],[76.01145995041645,32.05843197055907],[76.01140983299746,32.05914791544399],[76.01092099480815,32.05993399216004],[76.01100580897099,32.06025259048471],[76.00209983983581,32.06821167153146],[75.99939675205854,32.080553127325004],[76.00127994231553,32.08265950952881],[75.98763895717218,32.1003858638166],[75.98582623329406,32.11528874438011],[75.97740718589296,32.127988732893755],[75.97591903903248,32.1383492996805],[75.97739482021484,32.14334677833119],[75.97487526248341,32.16298185912552],[75.95723973072904,32.168154764031215],[75.95308488176192,32.17095250455452],[75.94202900053801,32.167237746025194],[75.93950458376958,32.17103194436879],[75.93416753010746,32.169193445021506],[75.92276000317167,32.16022643080521],[75.92325766191163,32.15857097407127],[75.92617960870206,32.158791472548444],[75.92649964234465,32.152280643536926],[75.92020996112086,32.15111226861637],[75.9113485821714,32.154034630893534],[75.90491759137382,32.15400455576571],[75.89823287574666,32.1518074868261],[75.88630359543464,32.15188155768777]]]}},{"type":"Feature","properties":{"blockName":"Shimla (urban)","districtName":"Shimla","state":"Himachal Pradesh"},"geometry":{"type":"Polygon","coordinates":[[[77.22872924166126,31.130110575542687],[77.23038558332809,31.131419587344112],[77.2275378360024,31.136007431997427],[77.22876463448034,31.13702138792678],[77.22655270334462,31.14508775719429],[77.22321941924088,31.1469260308117],[77.22242559576466,31.144723010158827],[77.22522277151376,31.141445504706326],[77.2226516295691,31.139517646921945],[77.22759644571943,31.135296211251216],[77.22910356557713,31.13096538474474],[77.2244650585157,31.13046183994203],[77.22475588757419,31.128681110345042],[77.21974216267074,31.124607096939997],[77.2215114951594,31.122489903985922],[77.21644215707994,31.117999991006855],[77.20065462601025,31.11206603931629],[77.19388364291586,31.115367520694576],[77.18928619260379,31.114138912780675],[77.18296547217886,31.11776278402533],[77.18199950857053,31.126826236141937],[77.174271998454,31.130246034127197],[77.17390468205548,31.137260819831],[77.17086982718081,31.13748215467774],[77.16711991505207,31.134492096832844],[77.16961827486352,31.13364454875699],[77.17280252331784,31.12369057625915],[77.17150802927222,31.116620510128485],[77.16041152836942,31.12628493420243],[77.15157700767281,31.124472591636845],[77.1473708119135,31.121664120402897],[77.14503712876052,31.123189396673354],[77.13939874015978,31.122850552810803],[77.1310338796099,31.114908871847035],[77.13212753525761,31.112280569892448],[77.13016316769608,31.1110185692516],[77.13076860748532,31.10819877915037],[77.12828165827199,31.10470741761327],[77.12623003129096,31.105316989787298],[77.12511710586978,31.109495954075044],[77.12202620614454,31.107649919308358],[77.11880095310158,31.11082435346117],[77.11540732628714,31.109598662048654],[77.11524587909412,31.101073976682756],[77.11865257215851,31.099069324889456],[77.12202666749675,31.101311001101863],[77.12815741243469,31.100712617393413],[77.12714705199494,31.096357370696126],[77.13099495425377,31.094146819120454],[77.12643265214524,31.090971587268996],[77.13552967415518,31.088433136580022],[77.13719190188482,31.07805269657473],[77.13893188050196,31.078484250647705],[77.13957476806115,31.083491052570082],[77.13766247394409,31.08676220521164],[77.14145953932632,31.090343911742195],[77.13940022583984,31.095128055915097],[77.14380722402421,31.094311896876604],[77.14417460337529,31.09569547056958],[77.15013735225705,31.093778180718516],[77.15233584752139,31.08473669094559],[77.15617291115097,31.089031243297313],[77.16036630056436,31.088502942856564],[77.16263548344085,31.090392823170305],[77.16666438325473,31.08899438458326],[77.16968313037222,31.085625858746425],[77.16878545678344,31.082869284689764],[77.17064329065539,31.07997288314209],[77.17533942447494,31.085809231410963],[77.17466746273328,31.083494816232815],[77.17838489045039,31.076358332471102],[77.1772164624698,31.073935045366113],[77.17987446003838,31.072407592736283],[77.18467332971045,31.074767556777374],[77.19364607440684,31.075183584055196],[77.1940735752354,31.077754269144236],[77.19124033667225,31.077763518671475],[77.18760224534742,31.080741238717223],[77.18569246573475,31.08957533583316],[77.18754303758118,31.09237584357038],[77.19408179863615,31.090032165352227],[77.19584768402348,31.097528088350657],[77.19200673981925,31.10198267146319],[77.19255109225918,31.103750836631832],[77.19373331404125,31.10222674476853],[77.19624612415936,31.102269177480593],[77.19467997010457,31.10537326846162],[77.19817454491937,31.104718050297834],[77.19961028108963,31.106426769379937],[77.2067413985967,31.099194716463046],[77.20989093411936,31.10606525091066],[77.20549689066905,31.10886278099258],[77.21693526525036,31.110231186719943],[77.21763014261705,31.11796992846945],[77.22872924166126,31.130110575542687]]]}},{"type":"Feature","properties":{"blockName":"Junga","districtName":"Shimla","state":"Himachal Pradesh"},"geometry":{"type":"Polygon","coordinates":[[[77.16203174876625,31.00630749069819],[77.17118099980337,31.00478200038907],[77.18077899995092,31.00937800009467],[77.18640899967568,31.009087000164982],[77.2085799995674,30.991066000095884],[77.20953400039389,30.986763000412168],[77.20524599960328,30.977136999872698],[77.2023009995915,30.974438000413443],[77.20272800039697,30.969798999624174],[77.2066959999205,30.96693799988884],[77.21961999966334,30.9662190000069],[77.23474900036615,30.96033900044455],[77.25202200011529,30.947648999801572],[77.24732200011027,30.94248800012116],[77.24054699974431,30.93972400036239],[77.24072299976666,30.93473999985116],[77.24512500041851,30.92523799963402],[77.24622299979166,30.918763999658893],[77.25460100033598,30.921987999946282],[77.2609410004269,30.928411000267488],[77.26266499988986,30.937121999980377],[77.26560999990164,30.940735000220116],[77.27441400030591,30.944470999836824],[77.28077699965888,30.94901299975021],[77.28732516762244,30.95141436138374],[77.28734600041764,30.951422000225193],[77.29512799955756,30.951545999648204],[77.30056000004402,30.956653999582443],[77.3017429997397,30.9681069998382],[77.30624475409218,30.96875816835484],[77.30772283753896,30.968971969580764],[77.30195898272092,30.979687729005548],[77.30086647730616,30.987906823840888],[77.30344854331565,31.018562266235676],[77.29753169942842,31.025441112217607],[77.29024343168908,31.027822497210536],[77.28112773615618,31.0437403364474],[77.27417658558102,31.05128545685841],[77.2689918806708,31.062493753384047],[77.2574013866647,31.06254614698713],[77.24906187800332,31.059981677112773],[77.23211705166068,31.05942542664218],[77.22441586380114,31.06443756424227],[77.21716668329583,31.063371428748496],[77.20322208073452,31.045461858278202],[77.18911934767982,31.04244953771604],[77.17547618347913,31.033763880898448],[77.1751982767791,31.026562861786715],[77.16203174876625,31.00630749069819]]]}},{"type":"Feature","properties":{"blockName":"Haroli","districtName":"Una","state":"Himachal Pradesh"},"geometry":{"type":"Polygon","coordinates":[[[76.2243583253765,31.475643672817284],[76.20052227298459,31.463439705378164],[76.18416878056485,31.45597317582144],[76.16354906533718,31.4420154836277],[76.16200735485558,31.440569938551846],[76.1540295769035,31.43302406001243],[76.15606137293406,31.431039662750266],[76.16115599994947,31.423430999840832],[76.16108644278518,31.41661141558444],[76.16752599962524,31.41180999993162],[76.17075300005098,31.402291999875956],[76.20212016681228,31.398912124594915],[76.22617160413625,31.38951454286189],[76.2352506226182,31.38011696202824],[76.23636559039971,31.37820558971623],[76.23306824680219,31.373944563191117],[76.23342465082703,31.37048598014394],[76.23037088231041,31.3713986292434],[76.22840153790071,31.3775684650127],[76.22346382639455,31.37629421740428],[76.22139317155768,31.373427158036975],[76.21884467634078,31.36673735494503],[76.21820755163725,31.352561342432068],[76.21995964322304,31.34571225681526],[76.22601232341003,31.339022453723317],[76.24496676580367,31.336473956707778],[76.24767454444475,31.33424402204406],[76.25293081830267,31.316404545633304],[76.25134063975878,31.311057343121945],[76.25444659683302,31.311147249246233],[76.26950799999429,31.312473000128932],[76.27507000018045,31.30333699970282],[76.28230300008346,31.30409000025338],[76.29127500014118,31.30740700033283],[76.31004299958482,31.316669000274203],[76.31621600006838,31.32381399971638],[76.30995900020775,31.3397119999089],[76.3150264407177,31.341571318561535],[76.31010027920456,31.348817054663414],[76.30437714928604,31.357336430431985],[76.30250212127595,31.360788398066177],[76.2859858048011,31.388255616103834],[76.28386167087945,31.393461192480117],[76.27740814397072,31.40150605086359],[76.26215307720281,31.421573224424833],[76.25644121578955,31.436942467321046],[76.25015789187324,31.447590139973045],[76.24832128380024,31.45683090152494],[76.23114197362327,31.4743412026844],[76.22737140406713,31.47637474429905],[76.2243583253765,31.475643672817284]]]}},{"type":"Feature","properties":{"blockName":"Tira Sujanpur","districtName":"Hamirpur","state":"Himachal Pradesh"},"geometry":{"type":"Polygon","coordinates":[[[76.4618123371697,31.751796319844345],[76.46818108049251,31.752099717827775],[76.47340912643011,31.756063754039076],[76.47529252173257,31.755877811112157],[76.47269225704207,31.74880989346184],[76.48262544710673,31.746233470698144],[76.49666256112835,31.75262713153694],[76.51086972255973,31.755410380384774],[76.50923864374846,31.742529594864948],[76.51496135368359,31.74391142027588],[76.5186424667765,31.74656302995993],[76.53394678761424,31.741030859386683],[76.5456704613228,31.74020500026063],[76.54768168356293,31.738265918037712],[76.54799385892949,31.733466500678503],[76.55293546360082,31.72970764659067],[76.56517315381802,31.732174901550536],[76.56970997633442,31.73200112914884],[76.57236051582521,31.73028476762795],[76.57564393521949,31.73047931796623],[76.58525208421639,31.736663277588264],[76.59368035596373,31.738230670009443],[76.59724776417306,31.740414450566504],[76.59900198625274,31.74607795003743],[76.5931120087123,31.75183202382891],[76.59306304872075,31.75442584937349],[76.58257908865409,31.761214888156587],[76.57516168816142,31.764533092428337],[76.57328266896008,31.770616202975418],[76.57283101414004,31.777283269407405],[76.57168891561105,31.789396076168032],[76.5745589436404,31.794895918811676],[76.57586651562724,31.801676753979052],[76.57654510807032,31.808913718093663],[76.57456264614927,31.811275477181596],[76.57844217486655,31.81700550400086],[76.58006160385997,31.82102551041902],[76.57816860559672,31.82609083932084],[76.57313161523189,31.832707315290406],[76.57583838033702,31.837418171911168],[76.57498031379049,31.842639329041845],[76.57618975805093,31.845312494576035],[76.58323919912982,31.843546905065693],[76.58957030582502,31.837553108888926],[76.59420125318536,31.835997854617347],[76.59500264625518,31.83393269373886],[76.60797649272104,31.848063032383095],[76.61690196365475,31.85169933495638],[76.62152998641977,31.850377042866285],[76.62295047728276,31.847065569120787],[76.62820400011458,31.842701000051136],[76.63403300002301,31.851170000295326],[76.63492055354078,31.857764540900916],[76.63639800026755,31.868742000343104],[76.64070900032016,31.87465300043567],[76.60603300022285,31.894016000338183],[76.59208700011504,31.896158000191633],[76.56837500020617,31.88980100021604],[76.55244400029045,31.882065000499438],[76.5394888291462,31.872841397112836],[76.52896327273692,31.867059945260337],[76.5233310004254,31.864180000406748],[76.51835302717052,31.859606897440415],[76.51650999973674,31.856979000180786],[76.52072900004339,31.85070000020488],[76.51994299976968,31.843964000738083],[76.5128821310056,31.84236638210291],[76.50139809874332,31.83976796192195],[76.49962599994001,31.83936700008701],[76.48681636698183,31.834470590845115],[76.47931699957991,31.83160400002464],[76.47468060322734,31.8308454020937],[76.47011500510348,31.829115636177733],[76.46781899994693,31.82703399971939],[76.4751889998725,31.816256000014448],[76.4740830001304,31.810785000427472],[76.46869699996665,31.810450000267338],[76.46514900002637,31.815691000039692],[76.45915999993412,31.818172000237666],[76.45536800043294,31.8139689997696],[76.46145599969469,31.805327999687506],[76.44502661888339,31.80336031722493],[76.4462509999837,31.810169000798794],[76.44031499963756,31.810116000153357],[76.4382112776284,31.80269383505248],[76.43736619099695,31.799704580302205],[76.44263665885478,31.796036501083734],[76.43833620515181,31.78807172642911],[76.43963947837926,31.779821952121438],[76.43856916643392,31.77249110687916],[76.44239315571963,31.766976859794283],[76.44357971942856,31.767933786115407],[76.44877632236944,31.76725698871911],[76.45350601888771,31.76356377075149],[76.45397844444972,31.760396129178048],[76.45780225656893,31.755343694755766],[76.46218030377804,31.75439998397212],[76.4618123371697,31.751796319844345]]]}},{"type":"Feature","properties":{"blockName":"Nirmand","districtName":"Kullu","state":"Himachal Pradesh"},"geometry":{"type":"Polygon","coordinates":[[[77.48978717823576,31.46250120166917],[77.49287254623107,31.462514199570705],[77.53274774741067,31.457872828168547],[77.54332823530984,31.458120264938316],[77.5560780138893,31.451468190204878],[77.5546520632422,31.44962222828326],[77.53324842337611,31.441754602892672],[77.54466656860734,31.434153818044308],[77.55425482460055,31.419041772260016],[77.55927214679218,31.425881015696348],[77.56012435965152,31.423603314441436],[77.56363357273125,31.423276290368563],[77.56941170788406,31.412862740023456],[77.57348863239451,31.411396482661587],[77.5729170295973,31.408062175129317],[77.5793605317632,31.40187707156963],[77.58352792807148,31.39188478165738],[77.59140800007918,31.395452000109742],[77.60049399999815,31.395943000269313],[77.61042800035199,31.393599000093843],[77.61968199992441,31.388489000067352],[77.62998200006933,31.39097999982721],[77.63402600039967,31.397429999594863],[77.62306999968081,31.423547999840366],[77.62506900013432,31.438947999550578],[77.6281809997534,31.44602999968481],[77.63222500008374,31.450170999991713],[77.64081599965874,31.45440500009073],[77.67095199993491,31.46276499980496],[77.68871299970522,31.486497999782898],[77.70143900020975,31.49546100032495],[77.70659599970566,31.49677299967425],[77.70898400011157,31.50240899967565],[77.7032930002718,31.509075000410974],[77.70116400011858,31.518716999889705],[77.70446799959853,31.529778000054705],[77.69927999957235,31.54192199980048],[77.69134499967203,31.544843999650936],[77.68429600016032,31.549656000324205],[77.67988600003895,31.559658000216587],[77.67400400038434,31.561180000256854],[77.6645359999365,31.57218699973032],[77.65614299959981,31.57833299986811],[77.65257300044368,31.59225799990685],[77.64914699983422,31.598844999697008],[77.64858199985946,31.61303900044959],[77.65346500020962,31.629292999971995],[77.65964500011671,31.63134400012558],[77.66341400035589,31.63473500002027],[77.65210000021489,31.651172999934033],[77.64915500020317,31.652909999996552],[77.64785000027734,31.657709000070327],[77.64896292030261,31.660732446145516],[77.64225671627452,31.66057078311519],[77.63556371519337,31.655286869493466],[77.62658440634533,31.655637458501985],[77.62198536333392,31.64847320817205],[77.59990960254618,31.63835302387298],[77.58808394301963,31.63975731254999],[77.57584824839802,31.638892928266102],[77.56296515251984,31.628494056655427],[77.56295794984959,31.617797767552986],[77.56852883623685,31.612744155018788],[77.56365286948437,31.60380213925737],[77.56127611330203,31.60161798548171],[77.54934533921607,31.59836559899327],[77.5472223906009,31.59509839527476],[77.54334261726802,31.593024844620913],[77.53903937296872,31.592351881034517],[77.5351579475813,31.585090762029097],[77.53648989299421,31.581874249497048],[77.53458162244397,31.575187148867883],[77.5310895117716,31.5713457460094],[77.52067383452987,31.575854256968455],[77.51191872307066,31.57386306892556],[77.50247709434251,31.561626914750377],[77.50215438161945,31.555385071164153],[77.49641317802582,31.551352690973943],[77.49507843751991,31.541359244533567],[77.50052963943136,31.5319618003968],[77.49734424074416,31.529112195071775],[77.49490200672227,31.521490083700428],[77.4967375347095,31.519088153695407],[77.5062507027078,31.51820823811977],[77.51055385167899,31.517733910491643],[77.51452083227065,31.50667118902419],[77.52312663018989,31.502933988812572],[77.52587991272787,31.500180666704466],[77.50702431122306,31.494768616778288],[77.50325859980461,31.4879127223943],[77.50292230462071,31.484167827583235],[77.49383062098644,31.47293826299051],[77.48961927211178,31.467247243365648],[77.48978717823576,31.46250120166917]]]}},{"type":"Feature","properties":{"blockName":"Namhol","districtName":"Bilaspur","state":"Himachal Pradesh"},"geometry":{"type":"Polygon","coordinates":[[[76.88024100002218,31.327414000255942],[76.86987927760663,31.32582512393037],[76.86769957817307,31.330682027753426],[76.86063005163561,31.329858947532443],[76.84704660062016,31.337331946811958],[76.84234175057139,31.341460760405823],[76.83116110550066,31.34056974180021],[76.82502451766743,31.34578500117692],[76.82220665751129,31.352692356567047],[76.81535614287174,31.35609660887144],[76.81062548767619,31.35676759664733],[76.81351419282578,31.353383426204232],[76.81295252393988,31.345085927573564],[76.81684749401671,31.340698426691063],[76.81733653905007,31.33764072453988],[76.81262495128055,31.331749996964845],[76.80488548917407,31.327882943642976],[76.81130331569551,31.318511367605595],[76.8083477558443,31.314151010061096],[76.80956734175948,31.30613821070989],[76.80557730434919,31.30403518747397],[76.8046375200056,31.298121148572193],[76.79963006517545,31.298759253536787],[76.79925329240558,31.28964128721566],[76.80596903374396,31.27636619124678],[76.80757509161725,31.27538316210331],[76.81125538632705,31.27620392297274],[76.8103618604116,31.268358978484116],[76.8172655510644,31.264067076434458],[76.81094653665338,31.25974623779871],[76.80952209327006,31.25703890971795],[76.8041336028835,31.25509458714555],[76.80125164534724,31.250511779595],[76.79966502272265,31.250539978737095],[76.80763667898958,31.23923886228374],[76.81856725677352,31.23347776118976],[76.81935645143915,31.228095397884374],[76.82207747979191,31.226991168907375],[76.82575199995489,31.225500000324814],[76.83126100039493,31.22622100029895],[76.83778399993173,31.231953000230817],[76.8447189995822,31.229733000377735],[76.84975399974735,31.22378200023917],[76.86073299972821,31.218813000419686],[76.87390900030016,31.218521000443843],[76.88351399987124,31.223851999869964],[76.87437400016006,31.235337999848866],[76.87037700019846,31.246243000014488],[76.86702000007301,31.246337999898856],[76.8719180002156,31.256918000365488],[76.87638100008314,31.262062000161222],[76.88227800042944,31.262830999650987],[76.8899380002386,31.266126999661367],[76.89662200000538,31.264764999804925],[76.89933800024858,31.268100999861304],[76.89623300005297,31.27370100000121],[76.89868199967458,31.278131000145606],[76.91029400006812,31.281076000157327],[76.91627499979148,31.28410100026099],[76.9280319996771,31.302167999753465],[76.92307999974224,31.303402000002336],[76.91936500019466,31.31369399977831],[76.91294900019625,31.316443999790806],[76.90423600039117,31.31609199974605],[76.89502700019597,31.319164000218507],[76.88024100002218,31.327414000255942]]]}},{"type":"Feature","properties":{"blockName":"Dharwala","districtName":"Chamba","state":"Himachal Pradesh"},"geometry":{"type":"Polygon","coordinates":[[[76.39449654957616,32.415223824420025],[76.39810329593041,32.41416265228463],[76.39952249986351,32.41523784395139],[76.40504375356642,32.421493736746584],[76.411160504154,32.42984850960107],[76.41167000336804,32.43766976684634],[76.41055773804925,32.445195238869246],[76.41090503823699,32.44953775836092],[76.4094017620817,32.45364427776127],[76.40413411899448,32.45552013944291],[76.4019163197824,32.45610585709966],[76.39720388485148,32.45692449377043],[76.38701944309287,32.45626960026192],[76.37689972194465,32.4590797541274],[76.37439871273045,32.46383542396569],[76.37535667956718,32.47119974737052],[76.37735206834333,32.47391299299028],[76.38110712459417,32.47642453416495],[76.38453176722732,32.4775110518936],[76.38598358507443,32.47764912300869],[76.39062346629999,32.47622981565354],[76.40493250563071,32.48105396436904],[76.40788743865443,32.48498752075756],[76.41111365577063,32.49049361908533],[76.41710454084193,32.50396309002463],[76.42093490991823,32.50636261704119],[76.41842098733878,32.5106754687979],[76.4137065927851,32.51452839916635],[76.40779633463319,32.5161478155693],[76.40451908818545,32.519460240797514],[76.40866966177555,32.52108693091719],[76.41737511177206,32.51933404073344],[76.40996596975378,32.53865090181773],[76.40788321274016,32.5399975673339],[76.40863496772965,32.544617971042555],[76.41406809596589,32.547975232870726],[76.41274572293685,32.550717834160764],[76.41418284855968,32.55346233391964],[76.4033771982991,32.56026245864558],[76.39509440628188,32.56320254925828],[76.39533008531527,32.55584724605359],[76.39368049935564,32.55152519513172],[76.38773848434363,32.551962360074924],[76.38444924273841,32.54840432729793],[76.39053990309412,32.545106000741384],[76.38891305919037,32.539954416962814],[76.3794375556987,32.52688213700105],[76.38091288002545,32.521768920998966],[76.36795981869074,32.52760785481871],[76.3589348215848,32.52497163073622],[76.35021866426001,32.52763126686955],[76.34646266731829,32.52711624761679],[76.33782644083766,32.52896696964996],[76.34174379683878,32.53282804787614],[76.34778596395114,32.5335668319438],[76.34537855077957,32.53774286084439],[76.34556778612449,32.544279077717306],[76.34636216088506,32.54860907594815],[76.34856379478333,32.550564050990204],[76.34548747216917,32.55680914292765],[76.34293530322174,32.552114678249836],[76.33041630416915,32.53985623977371],[76.32138133987701,32.534091898422446],[76.31864828938711,32.5285534128098],[76.31250786774393,32.52810164287655],[76.30676803381778,32.52366529531719],[76.30474496121104,32.51684664365774],[76.30658243623049,32.51090957311834],[76.30308275236717,32.50793215164754],[76.29975281913732,32.51428854188276],[76.30164381640907,32.5159089331508],[76.30213789494798,32.523298521209824],[76.30394512936431,32.52424460260636],[76.30048924698121,32.53579793482686],[76.28088958328772,32.530365329996016],[76.27454667838657,32.52668243984277],[76.2542131139441,32.529493067651],[76.25163875512453,32.531427171226994],[76.24043487786736,32.52965368476981],[76.24341788862472,32.514979463131795],[76.24143663898974,32.51295517374234],[76.23676854603161,32.5120587223322],[76.22892984283806,32.512374281847656],[76.24124905210215,32.500606483802244],[76.23773989028376,32.49564263529942],[76.24277862443404,32.48314700782822],[76.24798828193371,32.486210470137166],[76.25068091958883,32.4845589452392],[76.25493791625189,32.476697085402236],[76.26029949802347,32.4728133649449],[76.24995303800233,32.47074344665282],[76.24710694003329,32.47438211804035],[76.24169747206076,32.47474690374668],[76.23585452186876,32.471728626075276],[76.22831620033242,32.47246412222154],[76.2280332718181,32.478100047579176],[76.22528349034087,32.47846984610658],[76.21952927805381,32.475526160004335],[76.21074656819962,32.4770845151383],[76.2069829548995,32.4764528709033],[76.20378856389118,32.47832208119917],[76.20039402696284,32.487096927381344],[76.19308165199669,32.48715779889335],[76.19120788033945,32.49279712278906],[76.18240975880337,32.501562563861285],[76.18155584622536,32.50463239786694],[76.18305626343584,32.50663199457097],[76.17618088344108,32.50935596820341],[76.17174542171392,32.508935837319086],[76.16693792214744,32.506059772140816],[76.1706806999544,32.49701230097696],[76.16143550564414,32.490366648302256],[76.16070241068775,32.48430852361952],[76.1626543649071,32.48242525961808],[76.16995689139748,32.488870276242324],[76.17874291615271,32.488396695051506],[76.1873217434038,32.48482139439187],[76.18829113073116,32.47471251726893],[76.18559391912413,32.4723005912993],[76.18678664139043,32.46183066065652],[76.18451574890275,32.46006494344243],[76.18684784385295,32.45725186678027],[76.18450687529213,32.45052105909963],[76.18658999293388,32.4436072987379],[76.19360370035054,32.44427118816486],[76.20227951588703,32.449723704885116],[76.2083013187509,32.45070774486658],[76.21387403076199,32.44903928483518],[76.2141421474422,32.45266258321169],[76.21826194443327,32.45309101573781],[76.21905180819442,32.454337182015365],[76.22166413908883,32.45125869383372],[76.23024786674569,32.45098859864498],[76.2387061839433,32.446910753228735],[76.25427675536804,32.44517523614826],[76.25602092572518,32.44208772596784],[76.2584461175943,32.44393222199449],[76.26564863227861,32.44438738596915],[76.26946052478343,32.44711735807965],[76.26938447001731,32.45809768905718],[76.27258285311626,32.45910164812261],[76.28628074825798,32.45224438497041],[76.28809499558764,32.45001069114056],[76.28977013218594,32.44272804776125],[76.27962557086346,32.43462093201043],[76.28487004471685,32.428494815883084],[76.28571580494048,32.422919127116074],[76.30548488831698,32.425128005053466],[76.30507452496943,32.429009430440885],[76.30852040239472,32.43640884719059],[76.31459452961388,32.443781421875144],[76.31302397067975,32.44824258532708],[76.31524229869319,32.44925088272208],[76.31684361174337,32.45623872293879],[76.32319916920636,32.45574558059411],[76.32595144810091,32.454104764823114],[76.32605151566497,32.455855929207814],[76.33069517404311,32.4575215275965],[76.3322896063803,32.456623427729085],[76.33114407873632,32.454754786704086],[76.33686415185917,32.449692109903026],[76.3396881507876,32.44210205756394],[76.33806616322289,32.43901518500286],[76.34226303121397,32.42768219657614],[76.34192510286124,32.4263834631264],[76.33686248271744,32.424657295397935],[76.33710295333867,32.42257460223618],[76.34177084305003,32.418232726659085],[76.34634234162581,32.41551111194832],[76.36223693518644,32.4127626911453],[76.36834121217726,32.41280874183002],[76.37877558092839,32.41633888842898],[76.38660893585376,32.417041077283955],[76.39449654957616,32.415223824420025]]]}},{"type":"Feature","properties":{"blockName":"Kakira","districtName":"Chamba","state":"Himachal Pradesh"},"geometry":{"type":"Polygon","coordinates":[[[75.94479206769984,32.39312404993501],[75.94538651327701,32.39730993090865],[75.94714210502417,32.40312886740338],[75.95222620007911,32.40537654838903],[75.95172488289711,32.407366595192286],[75.9543456476336,32.406984823091136],[75.9553430812183,32.409237319946385],[75.95288906877556,32.411353231366604],[75.95419650676342,32.41230354856998],[75.96403992740079,32.40978046999277],[75.96588290357317,32.41613207313674],[75.9693801178982,32.41944428432629],[75.97159599885634,32.42457019965502],[75.98035258520372,32.42849588607635],[75.98607994373447,32.42902964540184],[75.98778240893108,32.431976685975314],[75.98870660172832,32.43963152277661],[75.98313634486647,32.44338914389391],[75.98102331757212,32.44825119723504],[75.9833992796531,32.45183795975407],[75.97855223599697,32.46049861092223],[75.98587887061342,32.45858744635359],[75.993059425652,32.4631973459808],[75.99279833987157,32.46917748505297],[75.98898318192835,32.47550033956907],[75.9862109218966,32.490843816888685],[75.98628678240914,32.494645341109674],[75.98909947685945,32.50011300690977],[75.98600061363749,32.49802798000735],[75.98401285111225,32.49646888023466],[75.98238814759497,32.496039218335284],[75.98195214007927,32.49603742418782],[75.9787615783842,32.49654162189836],[75.97773137890005,32.49640293924432],[75.97180963370766,32.490612125449275],[75.97046990466242,32.49045846638518],[75.96440663405895,32.49431683135674],[75.96001217242389,32.49295299418537],[75.95810072816613,32.49182771297865],[75.95745047066276,32.491947234677184],[75.95622261278339,32.492105032421364],[75.95516474205925,32.49199852211416],[75.95360403160083,32.49150246506679],[75.95276280216166,32.4913764871352],[75.95211204733317,32.49157752698136],[75.9498305788182,32.494913834605825],[75.95041622273055,32.49664247726855],[75.9590910094426,32.502348150446835],[75.96238025824238,32.50655938780557],[75.96240657870072,32.50825687255667],[75.96151901079378,32.51050595198814],[75.96082273138398,32.51121278044553],[75.95816362315276,32.511232218392195],[75.95270978712705,32.509613421622134],[75.94736371866077,32.50897280215315],[75.94565976688477,32.50840592259533],[75.94525212938231,32.508056922688866],[75.9421123398127,32.508657112235994],[75.93096346419259,32.50942135521143],[75.92676450797575,32.509677274386775],[75.92272752505528,32.50840171017086],[75.91788233220393,32.502645416852545],[75.91226560827124,32.49803179223346],[75.904232576872,32.493112186778035],[75.90187681176553,32.4916760162352],[75.89957074319528,32.48969964182504],[75.89561324505524,32.48828423572894],[75.89324081820922,32.4871349615093],[75.89173707800381,32.48386928573899],[75.89114009453976,32.48253052616292],[75.9030299998347,32.4716910002395],[75.90453110682517,32.46984157862602],[75.91130800026406,32.46149100020955],[75.92263088300888,32.454027806238344],[75.93137400020998,32.44826500002978],[75.9351108002233,32.444186508000996],[75.93739930323534,32.441688504321064],[75.94065964962317,32.43809698798566],[75.94726600012586,32.43029000028332],[75.95045499969854,32.42426300023732],[75.94798299991555,32.416306000221766],[75.94173400042382,32.41127800037947],[75.93122899981853,32.409775000316074],[75.92690299997355,32.40870699962841],[75.93494400026543,32.40059699975177],[75.93498795103318,32.40051741694526],[75.93774399988575,32.3955270006706],[75.94479206769984,32.39312404993501]]]}},{"type":"Feature","properties":{"blockName":"Pukhri","districtName":"Chamba","state":"Himachal Pradesh"},"geometry":{"type":"Polygon","coordinates":[[[76.09604325189463,32.7191790547696],[76.09057941900505,32.71202352606491],[76.08770983793875,32.708534271639394],[76.08095487716588,32.70147969543166],[76.07754062440034,32.69913460887517],[76.07453665134545,32.69683974136103],[76.07201262308416,32.692140598409935],[76.07011839185037,32.688904556200384],[76.06531298320766,32.68596600972364],[76.05988383087413,32.680487575441305],[76.05810757540434,32.67911504542303],[76.05625436494705,32.67767308504489],[76.05129222965274,32.67370557025589],[76.04684545985015,32.67071795856697],[76.04362517106483,32.66787616115596],[76.04130457574564,32.66255510013781],[76.03954771235709,32.660393554419045],[76.0353524055891,32.6572113968885],[76.02768528674665,32.65076839834296],[76.02568769822875,32.64755294880962],[76.03091683504397,32.63906123888512],[76.02943002277738,32.635906209404084],[76.03041511766361,32.631021804312866],[76.02896226199886,32.629544951138655],[76.02721406897416,32.625148089212985],[76.02495743793548,32.6247755360622],[76.0206325325654,32.62415224383102],[76.01912793710466,32.623554114630736],[76.0159156783659,32.62007864591283],[76.01567466185622,32.614837453685595],[76.01590027297925,32.61228282419302],[76.02379651209941,32.61078568770938],[76.02873524613477,32.61511036824896],[76.03858681013321,32.6114499800326],[76.04458590241751,32.61113348702088],[76.05708957342512,32.61710069024468],[76.06337110409322,32.612209745283565],[76.06502443303123,32.61330015617733],[76.06947645037792,32.612486035901895],[76.07338371868371,32.615242957996145],[76.07283763055227,32.61927615477077],[76.07565814910436,32.61934215691508],[76.08528052537599,32.62499169890782],[76.09163120401689,32.62501251011929],[76.09094909522463,32.63417767106273],[76.09237475179344,32.64024984495444],[76.09605074774385,32.64498525666431],[76.10707210039715,32.644213757958596],[76.11794397763254,32.64857670105397],[76.12573674885192,32.646843813591204],[76.12949723071267,32.651935870344175],[76.13527405375464,32.65364642044602],[76.13873796168764,32.65353648641974],[76.13588886987549,32.64751438498092],[76.13335446523644,32.64440007140621],[76.13009792028288,32.64408984666915],[76.1247875261235,32.63916312128106],[76.11401453204508,32.637576996880966],[76.10460498033564,32.64332763975881],[76.10461785592935,32.640401115419195],[76.10793264457595,32.63510439005563],[76.11353680138234,32.63165374082752],[76.11414441573226,32.629089842022665],[76.11700303496212,32.62941897500576],[76.125210008735,32.624824961003185],[76.13151642634205,32.62504890118589],[76.13332662132655,32.623745100955716],[76.14179399919374,32.62717937083136],[76.14151752331509,32.62051469659605],[76.14491670164455,32.62132413769882],[76.14654271997063,32.63297312720812],[76.15489411137418,32.633440619089356],[76.1599125721076,32.63945825809219],[76.16040944933667,32.64625198594047],[76.16348298944848,32.65011865525179],[76.17036666658845,32.650961302022495],[76.17237721073974,32.65434836378603],[76.18576137019113,32.657534170765416],[76.18741608408504,32.659675435872714],[76.19239765013151,32.66114999217842],[76.19535930558754,32.670099424648754],[76.18674433458341,32.680402042720175],[76.1851924518702,32.680844978612924],[76.17935598579015,32.6845713986512],[76.17751255905739,32.684159689018486],[76.16761752273055,32.68166540043791],[76.15818410121534,32.677341665985125],[76.14601904024659,32.67615766534402],[76.14480363617895,32.67640162263683],[76.13951129680896,32.677395196331304],[76.13533933014605,32.67775721482366],[76.13021002437318,32.68041415299081],[76.12881739720518,32.68099786965604],[76.11742124939121,32.692375673098866],[76.11536189003925,32.69410440299583],[76.11335330191343,32.69656379158579],[76.1117263392992,32.700763383623325],[76.10482336001013,32.711346681903876],[76.10110755377065,32.71794241590982],[76.09959992489667,32.72027893912178],[76.0976512846791,32.72077893430043],[76.09604325189463,32.7191790547696]]]}},{"type":"Feature","properties":{"blockName":"Tauni Devi Bamson","districtName":"Hamirpur","state":"Himachal Pradesh"},"geometry":{"type":"Polygon","coordinates":[[[76.62292088059422,31.784226555411237],[76.62122300014141,31.790071000276498],[76.6237259842668,31.800566970789134],[76.62611054026928,31.810566331171287],[76.628654000182,31.82516499986491],[76.62820400011458,31.842701000051136],[76.62295047728276,31.847065569120787],[76.62152998641977,31.850377042866285],[76.61690196365475,31.85169933495638],[76.60797649272104,31.848063032383095],[76.59500264625518,31.83393269373886],[76.59420125318536,31.835997854617347],[76.58957030582502,31.837553108888926],[76.58323919912982,31.843546905065693],[76.57618975805093,31.845312494576035],[76.57498031379049,31.842639329041845],[76.57583838033702,31.837418171911168],[76.57313161523189,31.832707315290406],[76.57816860559672,31.82609083932084],[76.58006160385997,31.82102551041902],[76.57844217486655,31.81700550400086],[76.57456264614927,31.811275477181596],[76.57654510807032,31.808913718093663],[76.57586651562724,31.801676753979052],[76.5745589436404,31.794895918811676],[76.57168891561105,31.789396076168032],[76.57283101414004,31.777283269407405],[76.57328266896008,31.770616202975418],[76.57516168816142,31.764533092428337],[76.58257908865409,31.761214888156587],[76.59306304872075,31.75442584937349],[76.5931120087123,31.75183202382891],[76.59900198625274,31.74607795003743],[76.59724776417306,31.740414450566504],[76.59368035596373,31.738230670009443],[76.58525208421639,31.736663277588264],[76.57564393521949,31.73047931796623],[76.57236051582521,31.73028476762795],[76.55739882589518,31.7128586789849],[76.55673768029976,31.69831346779233],[76.56037398287305,31.693024300331274],[76.56797716081735,31.6883962775662],[76.58219180011156,31.689057424060934],[76.60566248223785,31.68608226708301],[76.61307859490131,31.68709767721606],[76.6165260992002,31.69558778724661],[76.62036548667794,31.696608327112642],[76.62197083228813,31.70069823783348],[76.6207951881475,31.702061181078705],[76.62225620066317,31.712971014201003],[76.64415098907693,31.73485083429864],[76.6466475781233,31.743326297970327],[76.63674199994341,31.749768999739615],[76.63003184609289,31.767346666415563],[76.62542699975631,31.775600000239876],[76.62537039822536,31.77579483656251],[76.62292088059422,31.784226555411237]]]}},{"type":"Feature","properties":{"blockName":"Kangoo","districtName":"Hamirpur","state":"Himachal Pradesh"},"geometry":{"type":"Polygon","coordinates":[[[76.36606892214267,31.64231052501209],[76.36765299968624,31.640580999813324],[76.38303884496679,31.630060772786464],[76.38786022287104,31.63401563861089],[76.38367535183608,31.636994699545824],[76.38339163191836,31.642456311109925],[76.38885324258314,31.644158632414985],[76.392045093906,31.647066762021495],[76.40030844168132,31.661430090726185],[76.38399453651868,31.663416131948964],[76.38186663623634,31.670650993448646],[76.39846426041731,31.67448121503611],[76.41313626522651,31.669065956328893],[76.41677588989546,31.663346546006323],[76.42041551366509,31.666119593844257],[76.42587495066851,31.66958590296707],[76.439053695072,31.67449899013633],[76.44475572779464,31.673818673692892],[76.44429117579716,31.678297408998276],[76.44563937106017,31.68651279772746],[76.44685571491937,31.688816852715604],[76.44857703979858,31.691193920962746],[76.45234755989202,31.696439862509692],[76.44642363654162,31.699559211388532],[76.44928872729298,31.701250650896895],[76.45330758707553,31.702190110585207],[76.4565499272374,31.70051261236722],[76.45903484488224,31.698285000652334],[76.45981884956029,31.696442303269748],[76.46275271956239,31.695777315770556],[76.46617070811175,31.701171062694414],[76.46803496044515,31.70477876143076],[76.46815928002678,31.711151779231272],[76.46415449373495,31.71636684435441],[76.46363059367701,31.720887222767146],[76.45848993396334,31.72752067973562],[76.4575920085644,31.728523663036697],[76.45714597270853,31.731214740368046],[76.45818758998536,31.73350321010514],[76.4562682685658,31.735463468664193],[76.45558711215557,31.738041834862827],[76.45111299756684,31.737545870445615],[76.43243888644548,31.741161251190817],[76.43098775657978,31.739951976002942],[76.427781420776,31.73674564019916],[76.42466715936195,31.73818056967758],[76.41958955831154,31.737122736724984],[76.40282399563097,31.743331627352745],[76.39459151168899,31.741858446110427],[76.39008531018897,31.74480480859512],[76.38774555121626,31.741945103883495],[76.39147183365827,31.74116518392617],[76.39727790085448,31.733799277714525],[76.40048423665826,31.73163283428795],[76.40105521802394,31.730134009776805],[76.40879965518002,31.726967534624066],[76.41049218916328,31.724428734098865],[76.41112688929456,31.721889932674287],[76.40583772093413,31.72167836716295],[76.40143747216166,31.722620431287908],[76.39580471961216,31.72132056469235],[76.38991199464289,31.715947786361312],[76.3904319403818,31.70927514143466],[76.39415822282376,31.707628644646263],[76.39537143164631,31.70676206691593],[76.39684461288863,31.704595624388617],[76.3972500236697,31.690220348190564],[76.3724101803856,31.68782769289379],[76.36921897837323,31.682317416315755],[76.36713069592491,31.681573884727072],[76.37149549432166,31.67113880910881],[76.37659790137212,31.66831030097967],[76.37776258097841,31.665426331659944],[76.3716618769941,31.664705339779687],[76.36901665069792,31.66134800240843],[76.37186010735815,31.658233740994376],[76.37064148281826,31.652140619194256],[76.36606317907251,31.64657218256025],[76.36606892214267,31.64231052501209]]]}},{"type":"Feature","properties":{"blockName":"Bhota","districtName":"Hamirpur","state":"Himachal Pradesh"},"geometry":{"type":"Polygon","coordinates":[[[76.59749813992727,31.56243085290157],[76.59839432963469,31.562661511919316],[76.5942385858421,31.570289084873423],[76.59430438024299,31.573138762144197],[76.58981608964086,31.57831791733804],[76.58602617926482,31.586777034932254],[76.58142110899706,31.589228539165788],[76.57659546291035,31.601029830662185],[76.57199242690905,31.60315308234891],[76.56722529880852,31.60976717331647],[76.56651731921897,31.613096980641217],[76.5691961495827,31.61311652830517],[76.57703326907017,31.61166046655734],[76.582619543757,31.610233622883413],[76.5838752608347,31.613314338685825],[76.58464795384003,31.616483274383654],[76.58543369870631,31.618322754891267],[76.58220002081435,31.620225104305177],[76.57027113170744,31.62290296340109],[76.56557083042952,31.622362076049],[76.55625208236779,31.62537499286168],[76.55336728567175,31.63597236193499],[76.5504379617426,31.63675798809072],[76.54445593499344,31.64294855323317],[76.5406226377246,31.644442832570746],[76.53984323937408,31.648673210200513],[76.53471457211987,31.653478328362212],[76.53293180555846,31.652863761353558],[76.52738290759515,31.64839628825814],[76.52362504456022,31.644127967331883],[76.52663834987999,31.64023870795006],[76.52649812758659,31.635972509423823],[76.52199859006294,31.633434156760984],[76.51098028791,31.627105105915973],[76.50870756080536,31.622087966286642],[76.50508011205756,31.619237763811782],[76.49624102370433,31.608405547578002],[76.49624102370433,31.6059791317316],[76.50031393723845,31.600866325820334],[76.50967297222996,31.600519694728177],[76.51547903942617,31.598439909973933],[76.5172202941813,31.593797885663946],[76.50464682409171,31.591247318409046],[76.502307065119,31.589774137166728],[76.50083388387668,31.58570122363261],[76.50161380293474,31.583881412197456],[76.50809522681334,31.58105544105581],[76.51175275698421,31.581281679905658],[76.51660558957633,31.579201895151414],[76.51973886265841,31.57579054269945],[76.52895823473483,31.57647705007588],[76.53341207230937,31.569733267876074],[76.54063995866721,31.567184410232414],[76.5656640397637,31.56429128311629],[76.57041704760871,31.566495993595254],[76.57314653318599,31.57415075485352],[76.57690188531382,31.574766922655385],[76.58706896476099,31.571737899884226],[76.59001347823948,31.566104539393052],[76.59749813992727,31.56243085290157]]]}},{"type":"Feature","properties":{"blockName":"Alampur","districtName":"Kangra","state":"Himachal Pradesh"},"geometry":{"type":"Polygon","coordinates":[[[76.45438741924409,31.874348827236645],[76.45251782493773,31.870867359141357],[76.45337338957034,31.868925030365915],[76.4585857180565,31.863407724686795],[76.45788108574357,31.862324334800235],[76.45618943399523,31.86099990232367],[76.45340002209338,31.8600875473025],[76.45045308943861,31.85914314224226],[76.44873426107733,31.85825157505019],[76.44769282366491,31.853953934426556],[76.44529911706064,31.852380773753737],[76.44444036792868,31.850965463885075],[76.44931890044694,31.849622436126594],[76.4495134345974,31.848766412839723],[76.44947693471283,31.847561229567134],[76.44941662527708,31.8455698103985],[76.45008755459702,31.84095967874623],[76.45255761993826,31.83784127325623],[76.45312877757107,31.83729098798875],[76.45415241200425,31.83621728919661],[76.45636761937021,31.834200421012667],[76.4589821787846,31.833298413590967],[76.46276695583043,31.8322386650824],[76.46444310326666,31.831365716554615],[76.46644738993513,31.829326710659245],[76.47011500510348,31.829115636177733],[76.47468060322734,31.8308454020937],[76.47931699957991,31.83160400002464],[76.48681636698183,31.834470590845115],[76.49962599994001,31.83936700008701],[76.50139809874332,31.83976796192195],[76.5128821310056,31.84236638210291],[76.51994299976968,31.843964000738083],[76.52072900004339,31.85070000020488],[76.51650999973674,31.856979000180786],[76.51835302717052,31.859606897440415],[76.5233310004254,31.864180000406748],[76.52896327273692,31.867059945260337],[76.5394888291462,31.872841397112836],[76.53768584942247,31.877444371060903],[76.53136947721964,31.883818513014035],[76.52224544497136,31.889391990348145],[76.52074958642436,31.89766269008112],[76.51656844577718,31.8995857203048],[76.50948786837051,31.907358467219524],[76.5099928997526,31.91275361438784],[76.51424750331967,31.91641851360356],[76.51662200939825,31.921392575706875],[76.51011933813697,31.92198107586603],[76.50651185523799,31.9241032330778],[76.50540987726407,31.935117767970667],[76.50219554019208,31.93740177796974],[76.50065899901364,31.943004601980874],[76.4997921541846,31.94013267638195],[76.49815670556757,31.93765349191517],[76.49718070732382,31.93617806776365],[76.49744248738097,31.93580255224606],[76.5005817229682,31.93384725614601],[76.50017933840581,31.932689197348623],[76.49555214931229,31.929600957818025],[76.49463512860837,31.927183385005264],[76.49307448380046,31.922486815014565],[76.49127122079028,31.91939316606181],[76.48971932098993,31.91660459142878],[76.48650177873418,31.91034216775688],[76.48408899211336,31.90515204263272],[76.4871732152717,31.897953582092214],[76.48921873315805,31.896917446183238],[76.49278840226299,31.897518178021528],[76.49550335839331,31.898676369019256],[76.49701165366497,31.900649415038515],[76.4968609758534,31.895888471575745],[76.4968694933325,31.89575702037024],[76.49807470808139,31.882163351257702],[76.49821695384941,31.880970141558862],[76.49841984000369,31.87993289228922],[76.50083270306686,31.877445193940616],[76.50178775789874,31.876372896292196],[76.49927447743522,31.870539660576924],[76.49806806389012,31.874957474907603],[76.49595684962895,31.876158387299768],[76.4897740060656,31.8768443038216],[76.48650667734137,31.876758216218775],[76.48429466436733,31.878387839027596],[76.48057446493965,31.880274550130423],[76.47906493040227,31.88679381028618],[76.46981683487911,31.88070136567552],[76.46388636356488,31.87748295917129],[76.45725211159572,31.875293436442973],[76.45785657292254,31.872505689186255],[76.45574427857565,31.87499267886909],[76.45438741924409,31.874348827236645]]]}},{"type":"Feature","properties":{"blockName":"Bhawarna","districtName":"Kangra","state":"Himachal Pradesh"},"geometry":{"type":"Polygon","coordinates":[[[76.49645726209303,31.93496237681228],[76.49718070732382,31.93617806776365],[76.49815670556757,31.93765349191517],[76.4997921541846,31.94013267638195],[76.50065899901364,31.943004601980874],[76.50095155387118,31.94397381933635],[76.5020939212975,31.94651095161919],[76.5032965927636,31.95062976655055],[76.50340669496308,31.95082966515696],[76.50459373711135,31.957581475604684],[76.50488740802751,31.961620060217683],[76.5064387097787,31.963085322030054],[76.50899598597601,31.961584096329034],[76.51151141222198,31.961333715178853],[76.51281116100631,31.962048385724472],[76.52129545062462,31.96836585510016],[76.52403204804062,31.971282089396936],[76.52429816283001,31.97160157625177],[76.52587807201547,31.974656529175547],[76.5287684310183,31.978027107265234],[76.53072157234277,31.97953612289382],[76.53376506880295,31.982167251417593],[76.53394698816305,31.98290258658517],[76.5329543299784,31.984957630989925],[76.53030581755951,31.990530870903],[76.52948169322559,31.992592878758387],[76.53165780886087,31.997613999686394],[76.53007937006691,32.001756573806915],[76.53032302159022,32.00356872391751],[76.53111791076304,32.003845574813454],[76.53107482784111,32.00395979590792],[76.53103974618739,32.00474922799452],[76.53090316434964,32.00510690276138],[76.52915872869244,32.00665911462647],[76.53082263905361,32.01027236397846],[76.52899139903388,32.01153866697598],[76.52840019731133,32.01519392635868],[76.51448453133611,32.018800066569895],[76.51641022535165,32.02399706431311],[76.50943695595083,32.02530038880195],[76.50812406897069,32.02753087924674],[76.50889704975907,32.030314352925075],[76.51374965032613,32.03274629510548],[76.50701894157095,32.03389427340204],[76.50757472259545,32.03795060523629],[76.51153711124874,32.04244433763614],[76.50498518501831,32.04492697100295],[76.49657904738518,32.03702546905021],[76.49574628776105,32.03800909084691],[76.4906136949661,32.03687211035964],[76.48750568114235,32.03899812386436],[76.48146413186424,32.03601886417931],[76.47599650383563,32.03681638207041],[76.477687172625,32.04234661460464],[76.47122982809412,32.039268422299926],[76.47023814027801,32.035713074898524],[76.47207163579742,32.03129601689773],[76.46886391413841,32.025967406970324],[76.46893789866516,32.0258624354031],[76.46943853775838,32.02543619182683],[76.47154130468749,32.02321958511584],[76.47004035417905,32.02168432547131],[76.46483466268961,32.023644267469024],[76.46163197993201,32.022620063764975],[76.46024942427158,32.021367716447],[76.45973190760151,32.01861164421206],[76.46004434017419,32.01772557187769],[76.46126736779485,32.01556059704399],[76.46163514284763,32.015030766856455],[76.46333829872356,32.01085288894973],[76.46479916195182,32.00649933927315],[76.46524242339916,32.00411684541615],[76.46725235691082,32.001914040600525],[76.46770591829357,32.00110253465431],[76.46786350379773,31.99976374899785],[76.4679637764072,31.99823392845309],[76.46883403236478,31.997878227698095],[76.46958435023765,31.99757154898782],[76.4704575739579,31.99721463594676],[76.47504557779126,31.996960646716502],[76.47664238883522,31.992966350117],[76.478836732829,31.99203182860606],[76.4800693769003,31.99211282694546],[76.48239831972671,31.99181138858478],[76.48332478511082,31.991437556597987],[76.48460686221699,31.989253154609457],[76.48483032216171,31.98887241493003],[76.48749606199374,31.984762649876416],[76.48711586370621,31.98225890582387],[76.48671733273875,31.97979410601323],[76.48948529311184,31.980034248381912],[76.49260070475879,31.980304535126265],[76.49340339195305,31.979791499777946],[76.49498107441713,31.978043162861752],[76.49567183288883,31.974792628077353],[76.49431123957208,31.97108253972749],[76.49210455418188,31.96884107305715],[76.49154900608181,31.968508243860413],[76.4903673760536,31.967800327223358],[76.48738641035459,31.965739058610723],[76.48810411071616,31.963055480725927],[76.48767989690975,31.961095389440743],[76.48750072407921,31.96026751313525],[76.49097244891942,31.95838060598021],[76.49207932639985,31.957994661024827],[76.49127467238827,31.95460622239932],[76.49117446812727,31.950274225874864],[76.48800569071011,31.946070646243356],[76.48931388412853,31.94366886462643],[76.48282501206472,31.942424312632],[76.4774940189339,31.938048591069673],[76.48010977894319,31.93731987940896],[76.48908192109383,31.935479496881328],[76.49645726209303,31.93496237681228]]]}},{"type":"Feature","properties":{"blockName":"Chadiyar","districtName":"Kangra","state":"Himachal Pradesh"},"geometry":{"type":"Polygon","coordinates":[[[76.67647734215569,31.89572204573585],[76.67894700010402,31.898196999791764],[76.67853807387309,31.900141558885878],[76.67793300010794,31.907891999915933],[76.68299899990399,31.91082600031973],[76.68508382715697,31.916157544734972],[76.68724799979543,31.921691999586187],[76.6870959999805,31.92623500044499],[76.6888049996511,31.93048300029028],[76.69407699995367,31.932604000074605],[76.69224941837604,31.939701521608015],[76.68956000029385,31.95501700033435],[76.67178844787861,31.951671185077203],[76.65655704407237,31.9625306489703],[76.65579666818172,31.968211430712984],[76.65067143903576,31.97561098056235],[76.63242206872354,31.97846922927158],[76.62859386341614,31.981691821220636],[76.62022106095327,31.979155683587976],[76.61665954060538,31.982789827788395],[76.61576971719876,31.98726560882085],[76.6145901816916,31.98904166643979],[76.6105366503462,31.986986096830947],[76.60500229442039,31.984288313255092],[76.60807409794131,31.983447704348123],[76.60938262410889,31.981708592677478],[76.6115791408647,31.9771332090304],[76.6118601241455,31.97554841113032],[76.61314336317571,31.97219447769305],[76.61453602991389,31.96709985157696],[76.61531491744955,31.96429865136173],[76.61558634633286,31.960051900674728],[76.61626585158785,31.958035591869134],[76.61633904381188,31.95344553398428],[76.61534213093466,31.94657233034883],[76.61542901533687,31.944773849033936],[76.61338530868511,31.942596416791275],[76.6105073153604,31.940115563182758],[76.60978541516482,31.935884299720726],[76.61016691926795,31.932580233690885],[76.61407656807921,31.927011104578867],[76.61588398235995,31.92442539721435],[76.61950201250795,31.92196402561933],[76.62050003514855,31.922246700524852],[76.62352554246985,31.92301335188472],[76.62707065288839,31.923332314434788],[76.63622454712521,31.920782731937607],[76.642868652966,31.920936409887474],[76.6457299926451,31.9191547953576],[76.65121330485022,31.919707562753842],[76.65596524070338,31.92169842434288],[76.66077179238437,31.92193873128747],[76.66553900681976,31.91941700169332],[76.66696287643566,31.918005211771174],[76.66754250028623,31.915172308655144],[76.66690701774473,31.912150498446806],[76.66491922284393,31.906788625294894],[76.66697375013854,31.904959451017874],[76.6695159267187,31.905597789806222],[76.66981187921493,31.90433820294578],[76.6713128800854,31.90238085459282],[76.67154909691334,31.90180220201006],[76.67361421732232,31.90026915469781],[76.67378955904098,31.89981801788724],[76.67647734215569,31.89572204573585]]]}},{"type":"Feature","properties":{"blockName":"Dadasiba","districtName":"Kangra","state":"Himachal Pradesh"},"geometry":{"type":"Polygon","coordinates":[[[76.19594343144428,31.908756039759453],[76.19266603121241,31.91493552075775],[76.18588458720399,31.920980021610774],[76.18120537592739,31.932585428175003],[76.16775439055272,31.939622199604855],[76.15109449371596,31.926217171385417],[76.13970578779191,31.928511097309354],[76.13376332581691,31.93389310268458],[76.11871280355308,31.934547210185656],[76.11710504416254,31.93780507264603],[76.11181536678578,31.933602503852512],[76.10296701721416,31.939051405298187],[76.08036028230123,31.945635890583958],[76.0690460870074,31.946501581582766],[76.05968511037958,31.948860457444198],[76.0537032401125,31.947117016437232],[76.04038679781252,31.947339625623272],[76.03980053966325,31.947420750767094],[76.03972437967644,31.947201505045484],[76.03888850570002,31.941702819829345],[76.03874915484965,31.93943714880544],[76.03819502408118,31.937635779767447],[76.04107838455985,31.926466282692843],[76.0378572692976,31.922632657171448],[76.02954891944711,31.919309399609176],[76.02616893894543,31.916375281394153],[76.02661109962258,31.909244693587766],[76.02356186638707,31.90639592103497],[76.0326810171153,31.898124479361286],[76.03386949458155,31.89143025430286],[76.04318107504662,31.89431067939438],[76.04760044430509,31.892193784115875],[76.0483573910808,31.886108580846383],[76.0437606251528,31.881642227406928],[76.04854650861455,31.88075632234643],[76.05046406466494,31.87464220227588],[76.05787499633408,31.877007405767188],[76.0674152429192,31.882635317266136],[76.06540991933235,31.873758267630024],[76.06128124963004,31.873567905434527],[76.06215400930017,31.86366046206075],[76.06514323077556,31.864595694036097],[76.06788594897745,31.86306341474483],[76.06833999599405,31.86531132775565],[76.07281760175096,31.863479269352865],[76.0748556219894,31.856487589031076],[76.07322746327685,31.853799138619422],[76.07683781591254,31.852247219933304],[76.07684461838448,31.850757736680237],[76.0752780893124,31.849858813933167],[76.07178337240475,31.85081527620406],[76.07028618915638,31.853789237083674],[76.0638440089939,31.84946487670277],[76.06081131069351,31.84914115583973],[76.06675683036349,31.84413283226445],[76.07275399989726,31.83908100038792],[76.08266400004362,31.844423000321285],[76.08501399959647,31.83130500062532],[76.09037000017543,31.82363500035501],[76.09765522820629,31.820753914261786],[76.10098828837886,31.82309215158159],[76.10137682607973,31.824328198687454],[76.10325279657934,31.82668942717538],[76.10897697240938,31.83230135412424],[76.11742298868006,31.834093704760733],[76.11947275496374,31.837552529725542],[76.11961425519377,31.83957602501357],[76.1198417746782,31.848073448331036],[76.1175724407156,31.85001983125028],[76.11218767082443,31.854539669170435],[76.10314993122438,31.85873087682853],[76.10325587585805,31.86418247534101],[76.10537708158711,31.866343041698087],[76.12971950714962,31.865059808063734],[76.12773248926305,31.854724455569226],[76.12125398368448,31.848776925015102],[76.12536534233675,31.84541105487631],[76.12916809593094,31.846095897607654],[76.13086986325362,31.843478219344377],[76.13301252680674,31.84338817382519],[76.13620359661877,31.84787451109986],[76.14695735509792,31.846537387390583],[76.15094938540585,31.848370215612988],[76.15275270597266,31.851620909577377],[76.15116650063356,31.855867466010807],[76.15483154104282,31.859981774439404],[76.15718016103568,31.861851816608123],[76.15866928725785,31.86392891688604],[76.15988609786518,31.866675360979173],[76.16237038418592,31.871757428062892],[76.15613143461809,31.86833759230609],[76.15201096403484,31.86110781917057],[76.14174806632025,31.857101609251913],[76.13944701956439,31.871577394581152],[76.13876308155102,31.879417117605954],[76.16580382039007,31.911676135745097],[76.17661789909681,31.90109551564558],[76.17816838156563,31.897617427202533],[76.19594343144428,31.908756039759453]]]}},{"type":"Feature","properties":{"blockName":"Dareeni","districtName":"Kangra","state":"Himachal Pradesh"},"geometry":{"type":"Polygon","coordinates":[[[76.18304706606932,32.23653264016929],[76.18565353518255,32.23702768817731],[76.18861016702567,32.243637950730886],[76.19546457932694,32.23784604875618],[76.20230468341447,32.23617437364845],[76.20684610416441,32.237930421351905],[76.20704382461287,32.245527070218145],[76.22592044237456,32.2518078994151],[76.22735960496186,32.25448106944583],[76.232395188787,32.25311111688461],[76.23354679135139,32.25107803212552],[76.24401096183647,32.25207317513696],[76.24740372530175,32.2504905401064],[76.24801410596626,32.24988206510528],[76.25416655064583,32.2579101781123],[76.25818928380846,32.26324048056375],[76.26069071210674,32.264901144372345],[76.26081256215008,32.26775862685918],[76.26524865520133,32.268532168824606],[76.2740908597055,32.26503845915761],[76.28052213828613,32.266392267988806],[76.28069200313348,32.265280242789004],[76.28728275489527,32.26509001998846],[76.28589101715676,32.25986810293068],[76.29471940717497,32.263017617768924],[76.29783274768323,32.2645411286702],[76.29971278221916,32.26921709339422],[76.3005134972002,32.2680979410672],[76.30486711072865,32.269752264655324],[76.31099182211494,32.27355474395631],[76.30862980672026,32.27991796094517],[76.30989455478993,32.28779216757454],[76.30641670916384,32.286390186557924],[76.3030029708105,32.275138764842154],[76.30177911221631,32.2805428665601],[76.28576432606286,32.28182127533165],[76.28022106505017,32.28369373757596],[76.2764466850665,32.28283166365043],[76.2725070636501,32.28767929726183],[76.26390097255188,32.28586705901762],[76.25525976562574,32.287882295831366],[76.24946817391714,32.285923032821756],[76.24709589276131,32.289675873143096],[76.24735838238348,32.29266639773613],[76.24653032981092,32.29829973394561],[76.24702759554714,32.30262610071401],[76.2450837747964,32.30175736640939],[76.24213700401958,32.29894427535805],[76.24239665987801,32.29566984468761],[76.23975584295783,32.29102844540648],[76.23381907369134,32.29420454600307],[76.22505419919202,32.29155823962111],[76.22698193286999,32.295175283212814],[76.22142188511197,32.30138084904701],[76.21834643933676,32.30182060133973],[76.21774450420554,32.30027341758421],[76.21374190686356,32.29971477491699],[76.21215229399326,32.303558579864614],[76.20831061234492,32.30324059487759],[76.20491492698233,32.298639925891905],[76.20541475668574,32.307146176055255],[76.19493694168659,32.31748843983968],[76.19666277037061,32.319543439278334],[76.19330164865221,32.324996952447464],[76.1950329775899,32.326089156589376],[76.19088756880632,32.33108650663701],[76.19042723912582,32.32832470482134],[76.18351103800404,32.32748512294012],[76.17725087522774,32.32378793086838],[76.1704540537117,32.315585260351554],[76.16787344370454,32.314991047698754],[76.16510613174262,32.32216161936327],[76.16043900015978,32.317944000415366],[76.16261299969023,32.3128850000428],[76.16269729764224,32.305507946734394],[76.162781000243,32.2981830001454],[76.16799200043056,32.28368399971686],[76.17325600036418,32.28023499984539],[76.18148799957157,32.2768100001814],[76.18656199973657,32.272678000289545],[76.18704999975773,32.26662099975937],[76.18601168209352,32.2617832559925],[76.18051100038241,32.245415000302046],[76.18304706606932,32.23653264016929]]]}},{"type":"Feature","properties":{"blockName":"Gangath","districtName":"Kangra","state":"Himachal Pradesh"},"geometry":{"type":"Polygon","coordinates":[[[75.88137938724896,32.20844395462484],[75.87911171703217,32.20886070675624],[75.876038418838,32.20916054342439],[75.8817377284135,32.21303798571449],[75.88411873838913,32.211904503590006],[75.89169199319099,32.21622801411161],[75.90050311802452,32.216471522642735],[75.90063007711643,32.21872370113795],[75.89149946362937,32.21864715084541],[75.88813534896724,32.22452557119823],[75.87940197412189,32.22721138389829],[75.88305108573905,32.23336487179148],[75.8811743921845,32.2417917316032],[75.87801697680209,32.24309775855477],[75.87506529842483,32.24125481385863],[75.87244369372155,32.24351053928001],[75.86791954535079,32.24135435441997],[75.86614418290776,32.24182308826494],[75.86605875360863,32.24600094278935],[75.86899673531116,32.25096654137286],[75.8654379381104,32.24870329761916],[75.85921283720273,32.25060729009442],[75.85320331727934,32.24467720369006],[75.84575373274862,32.24274540237849],[75.84376975457059,32.24563019817515],[75.8494461979837,32.251953325185866],[75.84898971110636,32.25458839903541],[75.84521522320404,32.24931904633695],[75.83965666562267,32.248381036355795],[75.82960359862722,32.24366644844787],[75.82886992180948,32.23485847304016],[75.82690569184427,32.2347748738614],[75.82517708605371,32.24545250203141],[75.81389375908975,32.24610739823788],[75.81373677703067,32.251593555897955],[75.79945958179434,32.248052996048955],[75.79648859857002,32.23985977291022],[75.79332882966179,32.23932649472198],[75.79041051883041,32.241188578789945],[75.78685827678811,32.241164815104185],[75.79094145518405,32.23298275974662],[75.78650931285455,32.22745327544834],[75.77979153095447,32.229381117044966],[75.76598223589156,32.227248201243526],[75.7617402606046,32.22898519231285],[75.75966428987516,32.225866015204474],[75.75411248710168,32.22546240126883],[75.75522602765909,32.230586344384335],[75.75227344456385,32.23202904760251],[75.75043043421721,32.23636478530665],[75.75346663088038,32.23964839355858],[75.75673324104628,32.24033261036175],[75.7656790996108,32.23845403722407],[75.76789639070591,32.24245487099557],[75.76728510532342,32.24823939673081],[75.76987959007107,32.24860000418687],[75.77064022676512,32.2503022049828],[75.76534339168421,32.27075129004004],[75.75835067894076,32.27784913892668],[75.75179299974718,32.27344499968706],[75.7397306944161,32.27097579859429],[75.7236139494243,32.26767705295367],[75.7177883579464,32.26671941796684],[75.70732763186476,32.26558001740392],[75.69117700041829,32.263816999954656],[75.66773999970127,32.25528000017192],[75.65854901292664,32.248876843391656],[75.66256281761997,32.24067177438292],[75.66586617408473,32.236777441026106],[75.6718841449374,32.23838348720824],[75.67749688307475,32.23849134290123],[75.6811359123925,32.23445637895878],[75.68299114002917,32.233115518566365],[75.68473901199587,32.23440846757677],[75.68778549060795,32.23706693459138],[75.68854552925285,32.23735205025696],[75.69188200505056,32.23944613423174],[75.69983400843279,32.23937606715185],[75.70007024234786,32.236722960096586],[75.69963679160469,32.22948038601106],[75.70082977107711,32.23105656480868],[75.70978679022824,32.23780972693743],[75.71318908021192,32.2384342728235],[75.7167730647252,32.23752055173213],[75.72109830194512,32.23504433862536],[75.72294243014909,32.23523668562461],[75.73128135515049,32.23975225176508],[75.73391106004743,32.23940622681596],[75.73600564134733,32.235135326634065],[75.73720224778555,32.22378380228071],[75.73578953965557,32.22120158428572],[75.7340570721762,32.21875287064853],[75.72274769365117,32.2143140256718],[75.72054752924515,32.213227256132996],[75.71865445364017,32.21229213567358],[75.71820424762797,32.209038381316304],[75.71933634929314,32.20705458929791],[75.71982187438005,32.20620377038773],[75.726291587287,32.199664255700895],[75.72737562018875,32.19852907385774],[75.742140415248,32.186653444400974],[75.74254780813487,32.18541761942765],[75.74138721774597,32.181695866870825],[75.73666502786881,32.17648925807288],[75.73459709797777,32.17051056870781],[75.74382852906342,32.17461858997598],[75.74713669330379,32.17474979476725],[75.75362698539709,32.174226493657784],[75.76279891913487,32.16943975584013],[75.76478152494747,32.16978900216077],[75.76754656702053,32.1716061605959],[75.76814400823946,32.17160961219389],[75.7704584369074,32.1716229842134],[75.77471708022915,32.1687206417443],[75.77619522393047,32.165914848691386],[75.77901446094864,32.16086527591182],[75.78259123110047,32.16043532173279],[75.78527321268865,32.15594767594456],[75.7900573541636,32.15338547865696],[75.79026763004714,32.15431152225898],[75.79255688579173,32.149174753911836],[75.79771380704659,32.148602307550505],[75.80821625987255,32.15579930489406],[75.8048428606096,32.1558218113276],[75.80860688489986,32.167382976643125],[75.80448465704137,32.164990004784954],[75.80105256712233,32.16644303311955],[75.79592597010748,32.165728010939006],[75.79421125524527,32.167292623555795],[75.79650127541356,32.16966872143439],[75.7940825829449,32.17229598736998],[75.79648169357534,32.1739208212889],[75.80308367966813,32.17947421676172],[75.80561822100418,32.179582636329656],[75.80628175699752,32.17983096612625],[75.81066842330915,32.1820944077308],[75.81465080299222,32.18365221967423],[75.8129547490625,32.18008284105031],[75.81739905921927,32.17859134781253],[75.81840152900742,32.17126152509934],[75.8221886703709,32.17180581458672],[75.83264110560259,32.167241081610655],[75.83474374482802,32.16718063727666],[75.83529480261313,32.17134502265475],[75.84336135624164,32.178910317557154],[75.84835404510318,32.17585472791342],[75.8540304192685,32.17849510596443],[75.85400558808749,32.168812834844516],[75.85757782835412,32.17143576784645],[75.86160685677106,32.16916578097607],[75.86614303986943,32.1713881604353],[75.8655295997113,32.16611627614526],[75.86209399793972,32.16388466244729],[75.85392760787283,32.16286480156941],[75.85195063181624,32.15910263168115],[75.84440740178024,32.160450694743815],[75.83817887985145,32.15689255135021],[75.8387803266508,32.15466688576822],[75.84722916679266,32.150347966285665],[75.85037735692953,32.151382790983064],[75.84767547604247,32.15519987977069],[75.8517776193417,32.15868260871548],[75.85374744398939,32.156808387397234],[75.86819398876162,32.154606113181615],[75.88154444701865,32.160207658356796],[75.88383963469147,32.16041419575856],[75.88199408286067,32.16418947236633],[75.87984615287769,32.16593314899569],[75.87745613169517,32.169397894197516],[75.87622328077987,32.17303460506304],[75.87126382096864,32.17622721181641],[75.86575433399537,32.17811980718341],[75.86335440767982,32.18103907579274],[75.86363766894334,32.185501026151485],[75.86566189088359,32.18879118416589],[75.87505678634164,32.19450659160594],[75.87818301593347,32.197410706638834],[75.88066288298575,32.20277121372061],[75.88051169705722,32.20651430718959],[75.88067382953363,32.20687487237751],[75.88137938724896,32.20844395462484]]]}},{"type":"Feature","properties":{"blockName":"Haripur","districtName":"Kangra","state":"Himachal Pradesh"},"geometry":{"type":"Polygon","coordinates":[[[76.01100580897099,32.06025259048471],[76.01092099480815,32.05993399216004],[76.01140983299746,32.05914791544399],[76.01145995041645,32.05843197055907],[76.01128762322531,32.05804464244636],[76.01126603410023,32.05765731523297],[76.01130921235034,32.056861419718814],[76.01014648517219,32.05701190237744],[76.01021086763751,32.0565600542032],[76.0092636459006,32.05608676439272],[76.00870387098689,32.05630196856106],[76.00984500903996,32.05488190127875],[76.0092204676505,32.05492498240204],[76.00889740239325,32.05281642114096],[76.00715331117641,32.052364572067404],[76.00678706766911,32.056366490421226],[76.0062488827798,32.05662457516405],[76.00603337733855,32.05720566670823],[76.00469793716013,32.0564103728405],[76.00420871316163,32.05589480410197],[76.00320404902772,32.05486346607614],[76.00241604686312,32.05385938020629],[76.00200893816202,32.05372372556951],[76.0021172695964,32.055351984106835],[76.00426307088406,32.05958573779162],[76.00437178812757,32.060074255822315],[76.00157407188595,32.05809313389108],[76.00070511095214,32.0583644440639],[75.99792358700398,32.05822518224642],[75.9961833520801,32.05856181467607],[75.99393808577412,32.05889824655691],[75.99315201175597,32.0592348789865],[75.99270288133295,32.05856181467607],[75.99202937815335,32.05816907624194],[75.99191680641553,32.05822518224642],[75.99146767599251,32.05850570867159],[75.9902602291263,32.06163578916039],[75.99021550853894,32.06270299394805],[75.9914171736637,32.062969895644244],[75.99150622812999,32.064037100431904],[75.99048267373644,32.063370047190006],[75.98978743394298,32.06331281793223],[75.99022670689709,32.05700340828071],[75.98788415912668,32.05112806181063],[75.98685146492323,32.04978312209346],[75.98970777919072,32.04227141059715],[75.98955241501199,32.040329562059696],[75.9890859366667,32.03893153626143],[75.98900806167279,32.03867264932336],[75.98843826381488,32.03831016857947],[75.9881791943144,32.03774049842531],[75.98843826381488,32.037455763173],[75.98895640191648,32.037144979956906],[75.98979413569089,32.031963044958616],[75.99013454976972,32.03156609859661],[75.98874436605968,32.02969518408554],[75.98916998011055,32.029241531871264],[75.9901626922545,32.02943990432817],[75.99056016292121,32.028929745911114],[75.9901626922545,32.02731371005973],[75.99050310633334,32.02697367099819],[75.98777941059137,32.02669013813943],[75.98690004090423,32.02660517918571],[75.9865596268254,32.02629319267675],[75.98670149757612,32.02578303425969],[75.98758086816258,32.02609482021984],[75.9878646105634,32.025953153615205],[75.98843209536494,32.025584461253914],[75.98916998011055,32.025357835695615],[75.98993485081274,32.024943456875064],[75.99093411721577,32.02481040757431],[75.99093411721577,32.02421128192515],[75.99088978243759,32.02387845632575],[75.99084544765935,32.02332361419349],[75.99015690961375,32.02307955527732],[75.98920197798896,32.023279330676644],[75.98873549874435,32.023279330676644],[75.98844713023095,32.02352338959281],[75.98813601606435,32.023057314143784],[75.98773623234132,32.023390138843865],[75.98715872369621,32.022680205027484],[75.9877142574071,32.02274673057718],[75.98822507142995,32.022680205027484],[75.98849146500913,32.022391662944926],[75.98920197798896,32.022546955177916],[75.98955742693374,32.02228065422884],[75.98937970201172,32.021615003929355],[75.98851343994335,32.02088282897944],[75.98822507142995,32.020683053580115],[75.97995798966957,32.02182720256337],[75.97914885433619,32.01950367725294],[75.97964169990456,32.01174172759869],[75.98399899705612,32.004746476968364],[75.98090084969454,32.003814094045254],[75.96910196478393,31.98966927002084],[75.96707778061511,31.98467119961623],[75.97068315910059,31.986498632805706],[75.97047420791841,31.98216509124603],[75.97068315910059,31.981851903242784],[75.97099658632345,31.981538714340275],[75.97178034818455,31.980076768328274],[75.96827944484056,31.98216509124603],[75.96749568297946,31.979920074052245],[75.96874977857948,31.978040543136615],[75.96702534924054,31.978197237412644],[75.9658236850151,31.977466263956956],[75.96331549471438,31.977153075054446],[75.96132197293076,31.97757446678827],[75.96082465233587,31.977367477926805],[75.96016194461811,31.97699497873532],[75.95954048700395,31.976953500203933],[75.95678840236292,31.975818577365487],[75.95180685969888,31.97350169624633],[75.94287594157151,31.97710449817413],[75.95419956805569,31.966666173305327],[75.96014627842806,31.966635896729315],[75.96712048402316,31.96972896831727],[75.9735904820152,31.969644557050742],[75.97869321821753,31.968662977614372],[75.98198775772892,31.96799767265452],[75.98706849201733,31.96801830130363],[75.99093063234284,31.968692898058862],[75.99772747634199,31.968119576657216],[76.00109931168396,31.96741516198017],[76.00465444234868,31.96356891717187],[76.0103161458735,31.95813015288428],[76.0119787063523,31.957006746764023],[76.01905751569183,31.954962442063106],[76.02547244459771,31.953103563178956],[76.02912202116443,31.95208149086818],[76.03155582314275,31.951243134762933],[76.03942440990863,31.947472799929812],[76.03980053966325,31.947420750767094],[76.04038679781252,31.947339625623272],[76.0537032401125,31.947117016437232],[76.05968511037958,31.948860457444198],[76.0690460870074,31.946501581582766],[76.08036028230123,31.945635890583958],[76.10296701721416,31.939051405298187],[76.11181536678578,31.933602503852512],[76.11710504416254,31.93780507264603],[76.11871280355308,31.934547210185656],[76.13376332581691,31.93389310268458],[76.13970578779191,31.928511097309354],[76.15109449371596,31.926217171385417],[76.16775439055272,31.939622199604855],[76.18120537592739,31.932585428175003],[76.18588458720399,31.920980021610774],[76.19266603121241,31.91493552075775],[76.19594343144428,31.908756039759453],[76.1996388203753,31.906759451287712],[76.201971648273,31.91050028565968],[76.20568125278766,31.91285262434917],[76.20966940431958,31.91262043738334],[76.21458825524383,31.918126860366385],[76.2129836830506,31.923160421616217],[76.20924276414229,31.927498888762784],[76.21342180577176,31.928863582088695],[76.21376998999312,31.93080385501395],[76.20589859014785,31.938620998760143],[76.212984924115,31.940259077894154],[76.21575315158674,31.943347457719028],[76.21446460116044,31.949256813850923],[76.21570272570028,31.953584667198697],[76.22007166367638,31.957328797586],[76.21966950934046,31.9627350369924],[76.22173321871315,31.963996170686755],[76.22038341995892,31.96855020892508],[76.22230024575981,31.974103672746367],[76.2171734392029,31.976271617141492],[76.21221253058388,31.976413396161377],[76.2115546000648,31.982024023589872],[76.21659964655652,31.98235809475034],[76.22087457660047,31.98600371430001],[76.22446656058338,31.986625875184018],[76.2261955782634,31.98986472417772],[76.22915504207157,31.989572020932087],[76.23025112678812,31.99196756035468],[76.23334162811369,31.993546638566556],[76.23323019671625,31.9941193754089],[76.22902961542445,32.00254620374437],[76.2254742023726,32.007523007880536],[76.21853241823658,32.01216431543088],[76.21691102242579,32.01316348290845],[76.21575741167527,32.01340423861478],[76.21353913402385,32.00887390110972],[76.20954455593659,32.00630701295836],[76.20830906191372,32.007550288814855],[76.20829493626235,32.012010018747446],[76.20651318863281,32.01554748312992],[76.2042725682245,32.018100081053944],[76.20325875708602,32.02115753229435],[76.19941510862043,32.023892752848326],[76.19305645119431,32.02060788284757],[76.19516643158562,32.02457828086301],[76.1967911845656,32.027156147038625],[76.19408916878018,32.03055661319718],[76.19351119068898,32.03118313489381],[76.19081102121174,32.03270704779209],[76.18845205631737,32.03605104012348],[76.18762444081534,32.042890395075744],[76.18607980483915,32.04393661418345],[76.1853552507443,32.04550986928507],[76.18678079219984,32.04927601957269],[76.18388831979019,32.05381898355927],[76.18277603288766,32.0624760851033],[76.18016090779969,32.06603231384025],[76.17864277844154,32.06787857343744],[76.16909891298451,32.07880481199254],[76.16920460400934,32.08239012030788],[76.16702359606217,32.08654317962407],[76.16286975973168,32.087512943767365],[76.15693650501578,32.08662078841871],[76.15039633832043,32.09048271380624],[76.14933210489278,32.091136126131346],[76.14368976197301,32.095006315389185],[76.14151005624416,32.094576147171495],[76.14008898262051,32.092235998792376],[76.13674870089187,32.09299076920871],[76.13584284796912,32.09380060691251],[76.13507126023052,32.09411063379878],[76.13143380022973,32.09417948049867],[76.13055809527992,32.09238339407841],[76.13002546820087,32.09118380368966],[76.12690935688136,32.09572699610402],[76.122741965969,32.09486112524081],[76.12112654885118,32.097105095623704],[76.12118054864345,32.09801847137538],[76.11844432534542,32.098364568270256],[76.11662640698313,32.097183315957295],[76.11562980706998,32.095108439702756],[76.11740642676523,32.093315487419886],[76.1156388263708,32.09184591875419],[76.11426051371177,32.09127536096918],[76.11093059217313,32.0903091797249],[76.10644477740459,32.08416615634309],[76.1053732585691,32.074889109844605],[76.11288007415618,32.06175670121087],[76.11549857529906,32.055282351399455],[76.11761763074912,32.05051778906477],[76.11525626106766,32.042922259854436],[76.10634124834996,32.034090775269135],[76.10399122811276,32.0314686669455],[76.10257547667698,32.02988899697965],[76.09521782624176,32.02519222823878],[76.08627002514163,32.01718207559236],[76.07287399104189,32.02109222172868],[76.05753840797121,32.0262408953011],[76.05410381344029,32.03384017108709],[76.04367938939237,32.0418893210354],[76.05296267538722,32.04491738243132],[76.05387018755914,32.04726499158613],[76.05193025457766,32.04853858358882],[76.05583826662274,32.0489289172358],[76.0523211709853,32.05140196382962],[76.0574882896529,32.05257356461834],[76.06564704087828,32.05209125820505],[76.06214035489353,32.052930234842506],[76.06451091474696,32.05352254722783],[76.06199192988373,32.05505242173194],[76.06234533826682,32.05717708175695],[76.05858168989312,32.06119582013105],[76.05290985910278,32.06291258814548],[76.04765098710345,32.06741644960954],[76.04650753599407,32.06771020056533],[76.04314811759161,32.068206132606974],[76.0423269619198,32.07033112358255],[76.04013249381961,32.076934152888896],[76.04473715129853,32.0848521214283],[76.04165731413377,32.08566152565891],[76.03889647459266,32.08569490219804],[76.03356101722721,32.08982254217665],[76.03304750523824,32.09046414820193],[76.03416049990722,32.09149067665345],[76.03283354213431,32.09264564627961],[76.03313309101941,32.093672174731125],[76.03082695320137,32.09562346974741],[76.02852954060586,32.10483499793685],[76.0246007713086,32.097962635167505],[76.02438488005822,32.09251399902189],[76.02489877785638,32.09215853119133],[76.02327805383919,32.0918028628119],[76.02422681701404,32.08777369320143],[76.02391069092567,32.08694433571259],[76.02272444737542,32.08536416662304],[76.02244764414354,32.08492975090735],[76.02209180938956,32.084771653688904],[76.02122207773675,32.08410019197032],[76.01940358200977,32.08267812099854],[76.01950690062301,32.08015077244022],[76.01914412670016,32.07308509859848],[76.01747714065755,32.06824039677696],[76.01537374600161,32.06619214944817],[76.01537374600161,32.0661272273897],[76.01478737004118,32.066029443204286],[76.01446199172761,32.06524877680965],[76.01436329922694,32.06378663024884],[76.01504566882261,32.06171834422628],[76.01457803304982,32.06139974590161],[76.01430161562712,32.06137850571349],[76.01389759070133,32.06133602623669],[76.01287712098241,32.06137850571349],[76.0125794993445,32.06182474391687],[76.0123666927687,32.06235574232369],[76.01251550358768,32.062865499643124],[76.01251550358768,32.06312057885168],[76.01223908616493,32.06373653621222],[76.01192026121112,32.06267434064836],[76.01151623628533,32.06031631014963],[76.01138862968156,32.060188870819786],[76.01100580897099,32.06025259048471]]]}},{"type":"Feature","properties":{"blockName":"Kotla","districtName":"Kangra","state":"Himachal Pradesh"},"geometry":{"type":"Polygon","coordinates":[[[75.9687675132102,32.245560123900646],[75.96563846963971,32.24290002461652],[75.97351288311313,32.2354361336707],[75.9747997491092,32.23196235477889],[75.98258482572919,32.22880673534263],[75.98591466992616,32.22396101189122],[75.99563158742785,32.22940729271244],[75.993463171788,32.23235826512189],[75.99288201729132,32.23904764283452],[75.98988541418055,32.24248660627194],[75.9906789336859,32.245467740144136],[76.00026370030957,32.24643035287852],[75.99684827033144,32.237971952044006],[75.9999853763241,32.23471434858834],[76.00317912071989,32.24027713118471],[76.00572559336149,32.241027041664665],[76.01265614316651,32.24814767127805],[76.01589436263481,32.24509957298693],[76.01299045444597,32.24098024094542],[76.00700872986903,32.239456271389884],[76.0060045909392,32.23445388963535],[76.00943839136875,32.22768715763624],[76.01330740341399,32.22478561196647],[76.01917177905443,32.224572416883575],[76.02363871255659,32.23445247769973],[76.02146581829294,32.23888856805303],[76.02265289461548,32.24713905912034],[76.02389086087459,32.248726956983546],[76.02645035120281,32.24715630362056],[76.02701152905888,32.24447347666967],[76.03056504544054,32.24319760128833],[76.03351337923914,32.23464307731621],[76.02592865088661,32.23464644257933],[76.03106393175511,32.229753092831004],[76.03304092579816,32.223327321698605],[76.03841056999187,32.21980724300988],[76.03435616000883,32.216263194690725],[76.03009956264475,32.204688282338395],[76.0248248751679,32.19936430302022],[76.03702834528195,32.19658289508459],[76.04262450981332,32.183446763257564],[76.04757577590141,32.17776547069997],[76.05108193218547,32.17921723728574],[76.05297828132268,32.17445909431183],[76.0553723926219,32.17534817218046],[76.05851421825662,32.173308603309465],[76.05869319323631,32.17244155883094],[76.06147283040684,32.171623379915104],[76.06376655668129,32.17250854483353],[76.06821503789376,32.16683082438311],[76.06888836840352,32.16673434781194],[76.0745957628842,32.16530335556547],[76.07550241440498,32.16305678883981],[76.07959387735559,32.163358686754066],[76.08575315238613,32.15850742617681],[76.0895633118974,32.15945090583466],[76.09192332090458,32.15865438169442],[76.09366880876854,32.15968561270091],[76.09651849323393,32.15821300882334],[76.09743510924295,32.15751439567288],[76.09943513042697,32.155427197807],[76.10216007532728,32.15592520008795],[76.10221972196268,32.15367060331573],[76.10395186298814,32.15307196419985],[76.10715604671424,32.15575296192969],[76.1099681925781,32.15763037404258],[76.1121342888664,32.15794379137293],[76.11506548878134,32.15858989670642],[76.11689236978708,32.159719427209836],[76.1198973329956,32.16075380674283],[76.12116934219142,32.16344377970671],[76.1238274746583,32.1660194560331],[76.13047556179782,32.16745994871769],[76.13165111780489,32.163899509354906],[76.13417629180248,32.162158992043885],[76.13496885622777,32.1619423003969],[76.1380332277513,32.161024003554985],[76.14254783881177,32.15632205561843],[76.14437836117247,32.154834712751835],[76.14687398614558,32.156627144327274],[76.14654047256482,32.159373047927886],[76.14078465588722,32.165468542139536],[76.13383014364626,32.168264108102164],[76.14108295021805,32.16853297481697],[76.14163071558511,32.1698513107894],[76.13950587209837,32.175864854279666],[76.13329757502311,32.179609244571054],[76.13437272711974,32.18732492770329],[76.13878103741501,32.19138198798839],[76.13800862679676,32.193446915942445],[76.14078872621877,32.196401584565535],[76.14106274694825,32.200167643122256],[76.14633014272198,32.207303771651766],[76.14508071909995,32.214708301047324],[76.14367187805476,32.21560035297398],[76.14095016621724,32.21529398183185],[76.13552436925431,32.21027570815744],[76.13402857006253,32.210943398119355],[76.13321471598641,32.21676513420363],[76.12830949968372,32.220892115878485],[76.1330591035948,32.22832652884625],[76.12606000026886,32.22843599972168],[76.1226120004435,32.22839399958349],[76.1251299996498,32.23513400013405],[76.12358899963266,32.24194000013097],[76.12387855525117,32.24693522687926],[76.12413799976895,32.251410999817836],[76.11980399955502,32.25680500035054],[76.11018400019151,32.25863300011292],[76.09957100000173,32.26361100034745],[76.09378100009314,32.2684519996601],[76.08657799977493,32.27110699978829],[76.0784299999446,32.271229000018366],[76.04740099985634,32.26435899976809],[76.045195783059,32.26608676019589],[76.0414659995563,32.26900900016528],[76.03286615065241,32.27022571004852],[76.03276181760384,32.26958958718973],[76.03057722136174,32.266560464593795],[76.02559471282581,32.261994524727584],[76.0251389265203,32.25989014081739],[76.02909969369597,32.256577667925114],[76.03332768722305,32.25782155082396],[76.0316672302585,32.254853047030565],[76.02725606371644,32.2516952386444],[76.02553649970974,32.25160854130121],[76.02129309629942,32.25263123864079],[76.01664084669778,32.253529649673624],[76.01232432480782,32.25617025885043],[76.00632616961707,32.25716465092796],[76.0039857379515,32.25784516702089],[75.99895654021219,32.26109443915709],[75.99290962737746,32.263483325395214],[75.98159129790014,32.265103607845276],[75.97884327279888,32.265218586168885],[75.97462890130282,32.25923143598203],[75.97271551091217,32.25438087687604],[75.9687675132102,32.245560123900646]]]}},{"type":"Feature","properties":{"blockName":"Lagru","districtName":"Kangra","state":"Himachal Pradesh"},"geometry":{"type":"Polygon","coordinates":[[[76.32852132020281,31.896668197279553],[76.33339804598307,31.90085115275855],[76.32717441996357,31.907783000285292],[76.32691113893799,31.914678374907112],[76.33271212136736,31.916111437393],[76.33556091640321,31.914507423678685],[76.33952928105151,31.91591855080054],[76.3451163849133,31.91463964020727],[76.34703226103005,31.916366159570657],[76.35168032338828,31.91536102868855],[76.35109670384986,31.918811182390186],[76.34576101535862,31.919159677776975],[76.34495427312129,31.93028237862893],[76.35535319689257,31.931014552679528],[76.35326030721745,31.933931369736968],[76.36013149097556,31.93528157678338],[76.36056482660553,31.940426036132692],[76.36292445789746,31.939374223241884],[76.36663954827657,31.940759193581982],[76.3690165805508,31.939411525321702],[76.3706922972118,31.93537173112054],[76.37489873668738,31.93689824126085],[76.37542481670198,31.93923481213693],[76.37297656801428,31.94054234635223],[76.37478163416512,31.941635430031113],[76.37826916638898,31.93959609858115],[76.3795704224371,31.941110530826393],[76.37845445640812,31.946287417030703],[76.38136460858988,31.94847409700202],[76.37714071776998,31.954168580815406],[76.37744933541853,31.956690228571233],[76.37003534335645,31.956356843593483],[76.36816740919863,31.948535959566925],[76.36303566986032,31.950716853300207],[76.36212752366635,31.954907454815213],[76.3687868514321,31.95713947500684],[76.3648532797551,31.960795806381384],[76.36409463955601,31.96430658967745],[76.36012564897959,31.963781682378794],[76.35611095755468,31.963032985983546],[76.3548893760439,31.962634683443923],[76.35279504565489,31.96208651877788],[76.34233919299942,31.961029116600514],[76.33920460690712,31.95866426834135],[76.33681773964702,31.957653028364632],[76.32997242938416,31.95916377338949],[76.32642680455342,31.958512282016272],[76.3244823596732,31.957818449661772],[76.32235987690683,31.957461360353534],[76.31825265243799,31.957140759238712],[76.3157147332484,31.956822312000156],[76.31433007587236,31.956820294820773],[76.31135444944834,31.957139105385465],[76.30714227139879,31.95751981808519],[76.30529707210223,31.957591895149903],[76.30279809085926,31.957579013260897],[76.29723169478694,31.95468629443701],[76.2953984537757,31.9528382406923],[76.29179180185025,31.94991105355234],[76.28957825643147,31.94932122059788],[76.28725415105828,31.94819263887922],[76.28600938682382,31.94498766824637],[76.28349331396532,31.943461804718538],[76.28081063810055,31.942983354598198],[76.27648277126292,31.94057414098387],[76.2809240902746,31.937459221266124],[76.28973914694416,31.936250860688745],[76.29087304185748,31.93404413213102],[76.29432611925506,31.93013477739811],[76.3045232306626,31.922643854630223],[76.31077272658013,31.91722761296404],[76.31680927203035,31.90989112357653],[76.32023206835532,31.906289078877933],[76.32092685578982,31.904423087255736],[76.32577273482389,31.90030282891246],[76.32852132020281,31.896668197279553]]]}},{"type":"Feature","properties":{"blockName":"Majheen","districtName":"Kangra","state":"Himachal Pradesh"},"geometry":{"type":"Polygon","coordinates":[[[76.43736619099695,31.799704580302205],[76.4382112776284,31.80269383505248],[76.44031499963756,31.810116000153357],[76.4462509999837,31.810169000798794],[76.44502661888339,31.80336031722493],[76.46145599969469,31.805327999687506],[76.45536800043294,31.8139689997696],[76.45915999993412,31.818172000237666],[76.46514900002637,31.815691000039692],[76.46869699996665,31.810450000267338],[76.4740830001304,31.810785000427472],[76.4751889998725,31.816256000014448],[76.46781899994693,31.82703399971939],[76.47011500510348,31.829115636177733],[76.46644738993513,31.829326710659245],[76.46444310326666,31.831365716554615],[76.46276695583043,31.8322386650824],[76.4589821787846,31.833298413590967],[76.45636761937021,31.834200421012667],[76.45415241200425,31.83621728919661],[76.45312877757107,31.83729098798875],[76.45255761993826,31.83784127325623],[76.45008755459702,31.84095967874623],[76.44941662527708,31.8455698103985],[76.44947693471283,31.847561229567134],[76.4495134345974,31.848766412839723],[76.44931890044694,31.849622436126594],[76.43995794630223,31.846059145912932],[76.43059550198086,31.84632489557754],[76.42517079589555,31.849735360398597],[76.42481262110562,31.845591448086907],[76.4206983630391,31.84418381932784],[76.41949276877631,31.848420729633006],[76.41337713244877,31.847127081849408],[76.40471636257013,31.8502089272003],[76.40094373536516,31.852936263397908],[76.40084535582855,31.859013424030366],[76.39580143438872,31.85844129962635],[76.39127334788674,31.863396134224274],[76.37596724009609,31.860372165642957],[76.37270351225732,31.858404463395345],[76.37457718139189,31.849592405964813],[76.36294133277636,31.847428882636848],[76.36434212488922,31.843571211941935],[76.36591318564507,31.83869192039589],[76.3670886499213,31.835740668297262],[76.36906973228236,31.831245646269622],[76.37376339296628,31.828513128178372],[76.37657631584437,31.827059818355963],[76.3832526363002,31.8187839502192],[76.38650180411503,31.81386053973216],[76.38767256493696,31.811420760859505],[76.38924393595892,31.80981401770282],[76.39405749425799,31.80655150574745],[76.40092989839616,31.802790531058236],[76.40165035068321,31.801849020915654],[76.40173554346063,31.80173768754429],[76.40307421939974,31.79983620687551],[76.40179344541122,31.799915329229123],[76.39848860416583,31.799288072786396],[76.40457768800997,31.79379217726722],[76.41272699995113,31.784725000158687],[76.41451999989812,31.795958000161647],[76.41958548528197,31.795530733156852],[76.43035900006788,31.794621999705555],[76.43656200013623,31.79687500018116],[76.43736619099695,31.799704580302205]]]}},{"type":"Feature","properties":{"blockName":"Nagrota Surian","districtName":"Kangra","state":"Himachal Pradesh"},"geometry":{"type":"Polygon","coordinates":[[[76.04473715129853,32.0848521214283],[76.04013249381961,32.076934152888896],[76.0423269619198,32.07033112358255],[76.04314811759161,32.068206132606974],[76.04650753599407,32.06771020056533],[76.04765098710345,32.06741644960954],[76.05290985910278,32.06291258814548],[76.05858168989312,32.06119582013105],[76.06234533826682,32.05717708175695],[76.06199192988373,32.05505242173194],[76.06451091474696,32.05352254722783],[76.06214035489353,32.052930234842506],[76.06564704087828,32.05209125820505],[76.0574882896529,32.05257356461834],[76.0523211709853,32.05140196382962],[76.05583826662274,32.0489289172358],[76.05193025457766,32.04853858358882],[76.05387018755914,32.04726499158613],[76.05296267538722,32.04491738243132],[76.04367938939237,32.0418893210354],[76.05410381344029,32.03384017108709],[76.05753840797121,32.0262408953011],[76.07287399104189,32.02109222172868],[76.08627002514163,32.01718207559236],[76.09521782624176,32.02519222823878],[76.10257547667698,32.02988899697965],[76.10399122811276,32.0314686669455],[76.10634124834996,32.034090775269135],[76.11525626106766,32.042922259854436],[76.11761763074912,32.05051778906477],[76.11549857529906,32.055282351399455],[76.11288007415618,32.06175670121087],[76.1053732585691,32.074889109844605],[76.10644477740459,32.08416615634309],[76.11093059217313,32.0903091797249],[76.10641067960921,32.09040912498119],[76.10417500097554,32.09468241376243],[76.10217846106718,32.100863439795944],[76.10180597626487,32.10228746589388],[76.09749068914402,32.11038618557404],[76.09656629939525,32.114067290573075],[76.0947879628942,32.11701996270119],[76.0925900198136,32.120793410087856],[76.08891999626087,32.126381364708266],[76.08042733395433,32.12557375192716],[76.07637335834386,32.12286443994202],[76.07073140123322,32.10932221474849],[76.0711162310293,32.10580068095669],[76.07419452225946,32.104962475038235],[76.07436757430418,32.10356445913254],[76.07170320234098,32.10261841820551],[76.06837896181969,32.09519276733238],[76.06619728837421,32.093318897649056],[76.05882289166317,32.093370737269765],[76.04875279870276,32.08868766160634],[76.04473715129853,32.0848521214283]]]}},{"type":"Feature","properties":{"blockName":"Panchrukhi","districtName":"Kangra","state":"Himachal Pradesh"},"geometry":{"type":"Polygon","coordinates":[[[76.50812406897069,32.02753087924674],[76.50943695595083,32.02530038880195],[76.51641022535165,32.02399706431311],[76.51448453133611,32.018800066569895],[76.52840019731133,32.01519392635868],[76.52899139903388,32.01153866697598],[76.53082263905361,32.01027236397846],[76.52915872869244,32.00665911462647],[76.53090316434964,32.00510690276138],[76.53103974618739,32.00474922799452],[76.53107482784111,32.00395979590792],[76.53111791076304,32.003845574813454],[76.53299702169528,32.00450004923795],[76.5358792130553,32.00486406962119],[76.5387092608238,32.00511976306666],[76.54787537774655,32.005799931122],[76.55442267426707,32.00652490699889],[76.55875298456266,32.012246878590645],[76.56046117394408,32.01253712129119],[76.56530010301742,32.011952631209],[76.56900108033562,32.01238724117832],[76.56950354595193,32.01128381439656],[76.56723842711176,32.00107912979803],[76.56983066805094,31.998533053757455],[76.56970324221089,31.995812196275892],[76.56759608479155,31.99169324734555],[76.56960294711837,31.99056169516615],[76.57304511484023,31.991079165071483],[76.5800469386154,31.98587775165697],[76.5819384511986,31.987165358694426],[76.5843472547221,31.989723768936813],[76.58527048884207,31.992376208695134],[76.58667745390142,31.996448255282814],[76.59207292842297,31.998387536255848],[76.59425864971695,31.995959590662608],[76.597743909354,31.99293582173084],[76.60589028680732,31.992720175096053],[76.6090278289712,31.98991543874655],[76.6105366503462,31.986986096830947],[76.6145901816916,31.98904166643979],[76.61483864009125,31.989366668836738],[76.61676540070272,31.991886920844763],[76.61643642240301,31.995944533313605],[76.61418252979996,31.997085475314464],[76.60825275995694,31.99787366184006],[76.6081725710074,32.000720964001346],[76.60391642510297,32.00435474217767],[76.59437534034976,32.0070387373479],[76.59189344802428,32.011095841699785],[76.586390336345,32.01264070520443],[76.58096962594755,32.01867426310679],[76.57657406803884,32.020394471028055],[76.57342294791079,32.02249784859691],[76.57490961178922,32.033383909939516],[76.57584464411508,32.036032055435044],[76.57542905840438,32.036682114188295],[76.5733595088343,32.03921195656659],[76.57284206590867,32.04027173475282],[76.57636928521441,32.043712967179715],[76.57290386012511,32.04671195888983],[76.57536054265495,32.059557928055995],[76.57539222217338,32.06263531007153],[76.57468834169367,32.06574552093912],[76.57112302800539,32.06443500367254],[76.56888105861401,32.065827789121215],[76.56838125858826,32.06631478729764],[76.56519266460987,32.0672827878704],[76.56404316106307,32.069555623793065],[76.55809901195988,32.07222655271329],[76.5567091340194,32.0743497972054],[76.55361770189546,32.072097036848845],[76.55424752860063,32.06720104309369],[76.54777840115236,32.06006234520112],[76.54580780758431,32.061900928185366],[76.54950856097139,32.069016636708454],[76.5426593953149,32.07390477758349],[76.5430528720924,32.07067767913162],[76.54071070563464,32.06926860606137],[76.53504619712436,32.07453528597472],[76.53248461497304,32.07409573333149],[76.52747056541432,32.07721732691817],[76.52239276921097,32.07181727394811],[76.51493208165033,32.07338818991309],[76.51931377471101,32.06879167939252],[76.5143672516474,32.06381776118076],[76.51451483219381,32.06222351230531],[76.52062810600233,32.05695866700893],[76.5231398288401,32.052481375115406],[76.52330249641312,32.045201679713784],[76.52263260041423,32.04246307770893],[76.51823966402935,32.042978900056255],[76.51575543256723,32.03628868957139],[76.51628961637277,32.0333374860362],[76.51995752472004,32.03066837464581],[76.520214350412,32.02876086582137],[76.50812406897069,32.02753087924674]]]}},{"type":"Feature","properties":{"blockName":"Pragpur","districtName":"Kangra","state":"Himachal Pradesh"},"geometry":{"type":"Polygon","coordinates":[[[76.15097227315192,31.79745042329847],[76.15998800004621,31.796166999907143],[76.16605400009206,31.79360000023985],[76.174505968076,31.78715684791024],[76.18025999959934,31.784042000138243],[76.18247948054363,31.78025349720116],[76.18463099972092,31.776581000512806],[76.18267799959006,31.770010000561115],[76.18956000039378,31.7680819997845],[76.19467899993595,31.77216500011474],[76.20027186935135,31.77261970543509],[76.20018380683729,31.77966096268335],[76.20390512232359,31.781165568935933],[76.20706621773184,31.78581650462803],[76.21265231974883,31.789737233086896],[76.21368941343576,31.792623742092076],[76.21567653294568,31.79054056059846],[76.22042390114217,31.793784283917603],[76.22452584659061,31.79960210795099],[76.22847614925496,31.793976263993443],[76.2337375591411,31.79116721989135],[76.25897291436854,31.799623629626865],[76.26319690681186,31.807285339047212],[76.25656743833667,31.807509783749595],[76.25710973762438,31.81569410090208],[76.25575933272705,31.817987276791428],[76.25752458679028,31.820809981595403],[76.25980418561471,31.819975538440417],[76.26313882319818,31.815261122303014],[76.26483090841975,31.80966255388381],[76.26808436330276,31.81086372977734],[76.27041558860856,31.81509465689294],[76.27067450792225,31.82338554190926],[76.27833324868055,31.830352116756842],[76.27580530836832,31.832787450280648],[76.27412298888487,31.833964655644422],[76.2721418111957,31.835269979326142],[76.26382642774752,31.837367923191152],[76.26076806009797,31.83934307092602],[76.25808671073315,31.84206241934521],[76.25685577987042,31.843422190681622],[76.25375684200469,31.846141791810282],[76.2519992870375,31.846874446998186],[76.24823063393666,31.845859994643092],[76.24326906071866,31.842748054379285],[76.22313637964027,31.839241827948058],[76.22004680371708,31.834564191384402],[76.20898703292528,31.82833638981259],[76.2043818403497,31.82116060297949],[76.19763168195664,31.81903059018964],[76.19861705203539,31.82553113005764],[76.20517836628864,31.828916457928244],[76.20450574084731,31.83249013081496],[76.19246794743788,31.83601390391857],[76.19017990757675,31.835888134629784],[76.18929535059999,31.833353588797138],[76.18612276815128,31.836461134074113],[76.17392064702028,31.838377951781126],[76.1631057103603,31.82950035535714],[76.17007826210215,31.825406063139326],[76.1688267718381,31.821784655137776],[76.1622632641384,31.82066485260094],[76.15995020873521,31.827620535759195],[76.1537931172586,31.82576873274087],[76.16137023734666,31.815168843767196],[76.16372819500026,31.807227700597934],[76.15934863513144,31.8040018665929],[76.14963870805997,31.80649983070265],[76.15097227315192,31.79745042329847]]]}},{"type":"Feature","properties":{"blockName":"Sulah","districtName":"Kangra","state":"Himachal Pradesh"},"geometry":{"type":"Polygon","coordinates":[[[76.47122410480864,32.06780014356184],[76.46778261967222,32.06568648044674],[76.47343894615051,32.06227279515343],[76.47656013863957,32.06838488185684],[76.47122410480864,32.06780014356184]]]}},{"type":"Feature","properties":{"blockName":"Tapri","districtName":"Kinnaur","state":"Himachal Pradesh"},"geometry":{"type":"Polygon","coordinates":[[[78.13937838380542,31.515815341804625],[78.13825020228506,31.519445591940553],[78.13998697032247,31.52410522317757],[78.15269604918336,31.527600064191688],[78.15874353398698,31.52634610618793],[78.16343855534512,31.52382674540803],[78.16648745763013,31.52803713830332],[78.17275844554587,31.533085229000164],[78.17382308636638,31.536277175651207],[78.17612225713651,31.54145665190299],[78.17675024382874,31.545911394195514],[78.17756434431908,31.555280255179696],[78.19285017419622,31.56332636901675],[78.19614996664768,31.572425058369788],[78.19719763186527,31.575597496027683],[78.19636219136208,31.57793426745252],[78.1944453520714,31.581827621447644],[78.19186995723283,31.584514544810474],[78.19731120724646,31.591685540954984],[78.19502557576976,31.605493526605017],[78.19062975256111,31.606771520789096],[78.18802922616788,31.615248232719807],[78.18424922901875,31.61980259741199],[78.17946377003699,31.62467646604614],[78.1779518639874,31.626390740240538],[78.17205123577594,31.626966312645266],[78.16732776886153,31.620977478927557],[78.15694476578835,31.605423532370196],[78.16269568475809,31.594633077954256],[78.16120388305279,31.591541766339503],[78.15789979364064,31.590889762352674],[78.15491482415985,31.58522156302479],[78.14756114872807,31.58250004813874],[78.12113459738384,31.576892910079778],[78.11009890863778,31.589012677593075],[78.1306787587178,31.595445028165557],[78.13066860717055,31.59801779788313],[78.11080114605608,31.613237541979004],[78.09552052055562,31.605455848608585],[78.09105315178158,31.59397675722164],[78.07570583525614,31.577929204269424],[78.07294889157816,31.577804873895843],[78.07522353333945,31.581260420831825],[78.06889693134838,31.595183847956264],[78.06105393299265,31.590917331070045],[78.05929419087425,31.593186799031628],[78.04963742272895,31.591053751929167],[78.04083037542154,31.591376049165376],[78.03728803941152,31.586112394571387],[78.04246709118337,31.57601872138696],[78.04061632058676,31.573084828901756],[78.03736034040742,31.571476402214216],[78.03350797481323,31.564809548921573],[78.02623741022836,31.55812995583284],[78.0265812471269,31.55444173629712],[78.02192107359872,31.554339627272043],[78.01621392733097,31.54987895215197],[78.01125655574549,31.54894305377894],[78.01108817657814,31.546480490582212],[78.01890686625893,31.545231193764607],[78.02928311002756,31.546692510251205],[78.03659165568041,31.543556819791434],[78.03580501958606,31.540376019337884],[78.04466449557009,31.533450728768173],[78.04067496987403,31.528970151651208],[78.03825983062671,31.528270958438043],[78.04056241612267,31.52631983789024],[78.03836053760875,31.523942954004156],[78.04182430884481,31.523117919556398],[78.04305054704514,31.512487321432786],[78.0514068892166,31.507705906702256],[78.0528413231686,31.512122978192963],[78.0550301381304,31.51114004617625],[78.06064956182786,31.518807745980723],[78.05979667987293,31.521377136046056],[78.06819255444287,31.521110245141756],[78.07819284022747,31.513228761198434],[78.08073667515748,31.503133705755943],[78.08488596811299,31.504673237180214],[78.08671697970493,31.51172485641706],[78.09422116477498,31.511254504691692],[78.12196122543025,31.518509207034356],[78.13592168933457,31.515856492982834],[78.13937838380542,31.515815341804625]]]}},{"type":"Feature","properties":{"blockName":"Bhuntar","districtName":"Kullu","state":"Himachal Pradesh"},"geometry":{"type":"Polygon","coordinates":[[[77.2953675195954,32.19624543078203],[77.30333750941855,32.19146313021935],[77.30435472718898,32.18909790064765],[77.2756293773939,32.1400021456825],[77.25732840128472,32.11190678357127],[77.24945732969206,32.095700081193854],[77.2389253979888,32.08348620502437],[77.22934409015767,32.06827528237841],[77.22772108635911,32.06241909506525],[77.2258534022128,32.062033140217295],[77.21727096238504,32.04855110484965],[77.18484561643209,32.012284290387754],[77.17600477170294,31.994793964070254],[77.17233496039017,31.964904869064526],[77.16993462308443,31.957543633931607],[77.16377136225861,31.947184460194705],[77.12761391974664,31.926369357359988],[77.12619553779388,31.919977335086003],[77.12026993361059,31.909460478718188],[77.0764589007577,31.869291721735635],[77.0580478467308,31.859995474711468],[77.0563230594617,31.859084001925225],[77.06128699969531,31.85608700041479],[77.05772399996266,31.84406499999983],[77.05953199970207,31.834874999781448],[77.06966400019348,31.835707000377795],[77.07385038478748,31.8344905980627],[77.07871200015876,31.833077999650015],[77.08311499995733,31.82957099980183],[77.09545099956404,31.836839999566394],[77.1051180001956,31.838476000367166],[77.12120800024906,31.837769000139303],[77.16737399961045,31.838278000229593],[77.18039700032136,31.841614000285915],[77.17896299984261,31.83187099974691],[77.17605599978464,31.826225000183683],[77.18758399990173,31.8214929996023],[77.19059000002852,31.814689999743734],[77.18890399961992,31.808175999722664],[77.19665500002827,31.797387999556577],[77.19482400012754,31.79105399974236],[77.19889800004273,31.784989999788706],[77.19820400041436,31.77910800013416],[77.20790099973141,31.764910000096506],[77.20948197461348,31.75996137711593],[77.22226973695888,31.76693438481408],[77.23951736233647,31.77350576697762],[77.25238672556696,31.78342720380249],[77.26680554603917,31.7858332616957],[77.27139576760067,31.787010282698418],[77.28951405722802,31.79843097660836],[77.30545256828145,31.808725499881973],[77.32393334674663,31.811843879291644],[77.33596603380545,31.81384938004493],[77.3585855345948,31.819657761196765],[77.37087089967235,31.82651702084388],[77.38771060426103,31.840355641000087],[77.403032275719,31.847355421515545],[77.4320411008162,31.866811258432904],[77.44205100035344,31.871524778845526],[77.44754673219597,31.87411264188495],[77.45660760235904,31.876133222470287],[77.46260695544669,31.875486250190363],[77.47059510258197,31.874624353431216],[77.48143058335478,31.871432548873088],[77.49561408362314,31.867231395612464],[77.56208996737814,31.866371873962862],[77.57416606830947,31.866079137442284],[77.5788597226981,31.86292736800368],[77.5842252183192,31.861206320115627],[77.59563148080827,31.862629594380337],[77.60418777554548,31.864913014424133],[77.61207583173433,31.869057186639907],[77.61744959752099,31.87406201455036],[77.62734964307162,31.876485754913688],[77.64124614719202,31.875381167107207],[77.65741351951834,31.864428208794834],[77.66730099524477,31.862880992663747],[77.67515722532573,31.85711568633991],[77.68525035801764,31.84655104089785],[77.69041729142492,31.84558428858412],[77.70704921125213,31.846325605142624],[77.72636183473094,31.840346147756577],[77.71802645395775,31.8315367649098],[77.71914359989728,31.82884929655785],[77.73057618464327,31.81808689019789],[77.72946721084315,31.809165173034387],[77.72885457467896,31.80488197552279],[77.733651536889,31.797161515191817],[77.7356494941289,31.793730386648065],[77.74687176072325,31.788225208326764],[77.75870557710078,31.78665936633672],[77.77331366709211,31.773433171903434],[77.77715418231969,31.765449656276644],[77.77848317885565,31.752674338749785],[77.78902400035741,31.7519590000079],[77.79900400013457,31.759032999773183],[77.81082200013526,31.76066400034341],[77.82859799969799,31.760487000274907],[77.84912100003419,31.75477799960504],[77.85378300008546,31.759032999773183],[77.85675799968197,31.768152000314615],[77.85823100016057,31.77466200015124],[77.85534700026392,31.78122499973398],[77.86683700042727,31.783346000417623],[77.86372399986277,31.790296999906673],[77.85510299980365,31.79646099997524],[77.84833499976048,31.80574399998568],[77.84708399962693,31.817856000054405],[77.84751899990198,31.824884000396366],[77.84970099980137,31.829498000032743],[77.84438300007542,31.836874000234957],[77.8392259996802,31.848648000005255],[77.84087400013505,31.855379000140772],[77.8501129999151,31.87083399968941],[77.86428799979143,31.878497999682963],[77.86902599975014,31.882689999643844],[77.85942100017905,31.884000999846307],[77.83108500017266,31.895317000079558],[77.81851200042854,31.893804999601116],[77.80677799980492,31.895649000101344],[77.7928699996508,31.905640000385745],[77.78391300028477,31.915216000418127],[77.78112000008798,31.92582500042346],[77.77341500000233,31.934677000343356],[77.76966099955553,31.943193000056965],[77.77490999969677,31.952239999976086],[77.7831120002187,31.960596000405133],[77.78207400001514,31.96684599994302],[77.7868499999276,31.97128899978759],[77.79486800005822,31.97489899988898],[77.80160499957111,31.981366999587408],[77.8010560003342,31.9858090002852],[77.79171799958607,31.991994999569613],[77.78540799997927,32.00057999976724],[77.77580999983167,32.00752299978666],[77.79091600037316,32.01639199959118],[77.79173300027782,32.018325999745116],[77.77891500002727,32.033741000147074],[77.77460500002081,32.033741000147074],[77.76756299993258,32.03715900038759],[77.76409099989979,32.04077900005086],[77.76598399996169,32.05200599977712],[77.76330599967218,32.05609100019956],[77.75807200022268,32.060721999720556],[77.75468399956696,32.07092699998111],[77.74781800040046,32.07470299964376],[77.74600200029215,32.077564000278414],[77.74493109389493,32.08876744765962],[77.74465900041258,32.09161399978632],[77.72057300034373,32.09423400009905],[77.7131040003494,32.09722100024902],[77.70141600004843,32.10512200038005],[77.68799599991553,32.105747000423776],[77.68343399997917,32.10876500020464],[77.6764600003288,32.11784399980081],[77.67047100023655,32.12071199985894],[77.668541000267,32.12583499958561],[77.66254399980579,32.128654000082065],[77.65922499963409,32.140499000428576],[77.6534349997255,32.1445120002287],[77.65210000021489,32.14775499959359],[77.63943499982543,32.15396099980035],[77.63308700026488,32.15442300042116],[77.62711299996505,32.162116999999625],[77.6189419999734,32.161827000116034],[77.61327400029495,32.164023999807796],[77.59394800030003,32.177883000400186],[77.58631900012182,32.17955800030154],[77.5816190001168,32.1867829998356],[77.57312000028782,32.1886749998514],[77.56652800026706,32.19607500026109],[77.5642850002526,32.20919400000315],[77.545470999587,32.22276699999708],[77.53321800021058,32.21355799980188],[77.53481300002,32.20581399971638],[77.53215799989187,32.200141999853486],[77.52500199994239,32.19990499971601],[77.51453400014407,32.201862000031326],[77.5125810000132,32.20637100022151],[77.50025900015277,32.22115300021085],[77.4888530002658,32.22536800033299],[77.48068999974373,32.225758000331496],[77.47393800043841,32.22805800027652],[77.4687959998356,32.224705000335575],[77.46728500030258,32.221164999864925],[77.46475999987416,32.21179999967029],[77.4650190001268,32.202655999774606],[77.46305100020356,32.19889499990438],[77.4579089996007,32.1964569998907],[77.44554899978658,32.194468999944434],[77.42285199991994,32.19453800042845],[77.41989100006964,32.19667800018959],[77.41713000044922,32.205169999695784],[77.39546200037108,32.21873100003569],[77.38918300039524,32.216106000391676],[77.38410900023024,32.21708299958084],[77.37486300012739,32.22221000039127],[77.37006400005362,32.222720999674436],[77.3574449999868,32.23265099984383],[77.34503200042656,32.25385700020047],[77.34943400017903,32.25832400025246],[77.34872630837248,32.26211789282655],[77.34558562127944,32.25514191826494],[77.32987323576128,32.24962796705711],[77.31931517695392,32.23900033309894],[77.31158107390752,32.216567832839246],[77.29937435724088,32.200702529298326],[77.2953675195954,32.19624543078203]]]}},{"type":"Feature","properties":{"blockName":"Nither","districtName":"Kullu","state":"Himachal Pradesh"},"geometry":{"type":"Polygon","coordinates":[[[77.47871032032509,31.35255132398447],[77.49851999999805,31.356051999800002],[77.50759100012459,31.355225000333576],[77.51831800017561,31.351153999657413],[77.52566499993986,31.35124600030275],[77.53162400044732,31.35336099981032],[77.53952799981738,31.368855000258122],[77.54189106472091,31.372610682437085],[77.54782900040811,31.38204799981537],[77.55420699955346,31.38652799956759],[77.56317899961118,31.388569000159293],[77.57143399987928,31.386410000421222],[77.58352792807148,31.39188478165738],[77.5793605317632,31.40187707156963],[77.5729170295973,31.408062175129317],[77.57348863239451,31.411396482661587],[77.56941170788406,31.412862740023456],[77.56363357273125,31.423276290368563],[77.56012435965152,31.423603314441436],[77.55927214679218,31.425881015696348],[77.55425482460055,31.419041772260016],[77.54466656860734,31.434153818044308],[77.53324842337611,31.441754602892672],[77.5546520632422,31.44962222828326],[77.5560780138893,31.451468190204878],[77.54332823530984,31.458120264938316],[77.53274774741067,31.457872828168547],[77.49287254623107,31.462514199570705],[77.48978717823576,31.46250120166917],[77.4898229056027,31.46149133765516],[77.49134071660086,31.449074248877537],[77.48637390393259,31.442663483832746],[77.4892206251318,31.43528297712777],[77.48959805980269,31.42785626415531],[77.49058682392285,31.425555661664532],[77.49015791295739,31.422831872393033],[77.48905488637399,31.420128611945927],[77.48743966350975,31.417594239682444],[77.4961424182381,31.404534121252766],[77.4972158859045,31.402140540553546],[77.492717926691,31.39792956040094],[77.4594504088094,31.37555692800987],[77.4671322612449,31.370966700153133],[77.47871032032509,31.35255132398447]]]}},{"type":"Feature","properties":{"blockName":"Balh","districtName":"Mandi","state":"Himachal Pradesh"},"geometry":{"type":"Polygon","coordinates":[[[76.97794881228793,31.505502853673818],[76.97853922170776,31.507738291289172],[76.98121891632002,31.5082163609963],[76.98152837933128,31.508241708388198],[76.98562577780746,31.507186401631202],[76.98715562802988,31.50568616968104],[76.99430280742865,31.50560824792234],[76.9957043315897,31.505070402077422],[76.99740375168187,31.503381210874238],[77.00064407826164,31.501724632685693],[77.0055415064354,31.501299867594867],[77.01478815225147,31.50586902073877],[77.01715975082192,31.510631697195095],[77.01626081638364,31.51376142425039],[77.0143595515521,31.515590879115848],[77.01326736629596,31.519476118528075],[77.00831843934458,31.5227951960415],[77.00666360763944,31.524415697926145],[77.00659966584197,31.52513675455765],[77.0065937069341,31.52627020880317],[77.0065273252759,31.527454951384925],[77.0053901145622,31.532896716710184],[77.00646567225306,31.538596652213755],[77.00569283085952,31.543041637761405],[77.0059760435596,31.544422215812688],[77.00499679156871,31.546899366912328],[77.00373582694692,31.551983479953662],[76.99909527033054,31.55437870911021],[76.99666868541158,31.55990594330467],[76.99647684023404,31.562101935755777],[76.99627971873412,31.5638037516419],[76.9964766432825,31.568227536571612],[77.0009062279401,31.575182253857975],[77.00030761130728,31.576335164935983],[76.99670845343246,31.580546178363477],[76.99662243957397,31.583240127230113],[76.99675695207173,31.584832734842905],[76.99821811567358,31.59011374455372],[76.999290678622,31.593990255146196],[76.99839972206956,31.598767300070904],[76.99736940477425,31.60017721220862],[76.99760439762491,31.610263066687253],[76.99792020175596,31.613746990831032],[76.99873448840594,31.61785307316086],[77.00613338085088,31.622467202299617],[77.00592176317889,31.63296410361056],[76.99242345367952,31.631719997679795],[76.98587890458782,31.63276145937391],[76.98085482399097,31.637930580831664],[76.97481365242817,31.640213697803972],[76.97156821679982,31.64344369656942],[76.972904315282,31.64536960012697],[76.97508664703122,31.643202161150896],[76.97703077894732,31.643466190412425],[76.97729499616719,31.649740513913628],[76.9811265055838,31.651475227000162],[76.98053059591035,31.653628021416125],[76.97608514901049,31.654921745642127],[76.97348145430573,31.65778718802835],[76.9658995237441,31.65876036060223],[76.96466605229654,31.66049926003285],[76.96072764856217,31.657995349605756],[76.95804798812424,31.65816975872741],[76.94613603235206,31.664743995339165],[76.94624461469726,31.660119863041302],[76.9437718648797,31.65921240392936],[76.94245455773171,31.65635349871502],[76.9416832254006,31.651119028920107],[76.94326198255453,31.646231927661404],[76.94168295290604,31.64293041480687],[76.9392137823902,31.64267094330944],[76.93562759633653,31.646882194157968],[76.93302099142568,31.646380821217974],[76.93175136273527,31.64316111519338],[76.92832950080589,31.64554922261857],[76.91379031507103,31.6439466307325],[76.90857062833192,31.64582134308057],[76.90566602586648,31.650038308221383],[76.90388918403869,31.644918144057158],[76.8998616835699,31.643825584683043],[76.89781797332085,31.640978351769547],[76.89166495487382,31.63936355788195],[76.89080672105337,31.645891028847927],[76.88810604705651,31.64735839957052],[76.88324268969842,31.645767122954396],[76.88360838461932,31.642637178263215],[76.88071532765031,31.640933752590684],[76.87735175078274,31.640122369851554],[76.87364628404885,31.639308158744598],[76.87437640134988,31.63349728017539],[76.8683398756848,31.630565013664523],[76.86859570402856,31.628473199578536],[76.8655170890425,31.626939248447627],[76.86479305925235,31.624915745065607],[76.8654146670533,31.62028988786807],[76.87252536005735,31.60779609501384],[76.87064959190519,31.59958895666506],[76.86081338562929,31.586535014779145],[76.86058843191068,31.57938692526642],[76.86524944810361,31.568184414079496],[76.86251895708426,31.56199808834117],[76.85830504694042,31.55806679464689],[76.86735647961791,31.552465598408673],[76.86761079080543,31.554437504986936],[76.86912615205034,31.55640438615353],[76.87725671042892,31.562427745743946],[76.88028833583809,31.567563758660583],[76.88117608900535,31.56900841880355],[76.89424117079346,31.568731388043147],[76.89688510026724,31.57256472308353],[76.89843047278816,31.575500415112117],[76.8988435475917,31.578216091599415],[76.89921256280957,31.58170212465336],[76.9016282065765,31.58342210324753],[76.90554038608002,31.58370838263579],[76.91075029179257,31.583028949326604],[76.9161465271406,31.584428549837753],[76.91926207368579,31.584628437652327],[76.92125381391241,31.58491670004571],[76.92546203404567,31.58431518309925],[76.9291920252918,31.584859325997172],[76.93144128368834,31.584528075110654],[76.93084624096133,31.581050597307296],[76.92739516275662,31.577162034000708],[76.93091732607377,31.572884977959404],[76.92987947875497,31.56934333712536],[76.93336921161989,31.563713864403383],[76.93522580802465,31.560176587979186],[76.93764062171738,31.55768927184249],[76.9373745231158,31.55492036718124],[76.9325867762588,31.551490303434832],[76.93265401407155,31.54892285230784],[76.93225998241229,31.545689278737257],[76.93552077126662,31.54175351271448],[76.93528605360854,31.53940843155391],[76.93711463793028,31.53531441093139],[76.93787384380289,31.53318679843204],[76.94005402797109,31.532840077407684],[76.9406963660445,31.532842886889796],[76.9423444852099,31.532269711178287],[76.94201796565665,31.530200710194663],[76.94372038498784,31.528793467244782],[76.94318059301003,31.526977453646623],[76.946323648018,31.52543134368159],[76.94709506038879,31.522872451402577],[76.94721289405987,31.521553116283314],[76.94241535988101,31.515673998955947],[76.94501414968335,31.512118299020358],[76.94600628985847,31.51199520521459],[76.9490389899575,31.510479584964912],[76.95205722176343,31.51142675903776],[76.95428536227968,31.5118609229433],[76.95607575958871,31.510849402378085],[76.95811935022789,31.50890471378159],[76.96347835184451,31.50639375986418],[76.96771634133614,31.504812746311245],[76.97168244059219,31.505841907078377],[76.97362130338053,31.505809387593217],[76.97745376967578,31.505379493668727],[76.97794881228793,31.505502853673818]]]}},{"type":"Feature","properties":{"blockName":"Chhatri","districtName":"Mandi","state":"Himachal Pradesh"},"geometry":{"type":"Polygon","coordinates":[[[77.22846817476653,31.444765364929708],[77.23359279687014,31.44271418311314],[77.23780472580751,31.44269147343283],[77.24047140633041,31.445208801744855],[77.24307498772055,31.44632472010977],[77.24726908939704,31.444107616972985],[77.25325332398177,31.440198144428848],[77.25702307335621,31.439397812559037],[77.2579679460639,31.43824597707021],[77.25801635567035,31.436861718993214],[77.25804682560056,31.432590582289606],[77.25899304729137,31.431547404689013],[77.26339715415537,31.431184819623752],[77.267720106198,31.431833188550854],[77.27262591695256,31.43298722018409],[77.2767304380593,31.431165234188256],[77.27849762116836,31.430968231398822],[77.29329811841347,31.433383797824035],[77.29754353180863,31.436298058108946],[77.30142911116462,31.437689329998648],[77.30289156529358,31.438713653312504],[77.304884329848,31.440746492556627],[77.30619378591456,31.441489259721607],[77.30762404341493,31.44219323103283],[77.31319170573266,31.449539566198098],[77.31355572341795,31.450972753689655],[77.31420647105188,31.45170749890201],[77.3149487031202,31.452092942934996],[77.32140331820864,31.45118686428242],[77.32330510104964,31.451322602556104],[77.32411907743352,31.45195595100637],[77.32803676708318,31.4535252041249],[77.33232451786228,31.45505369097509],[77.33423138636942,31.45359438087604],[77.33136699978729,31.457903000423187],[77.3262710004064,31.470658999613192],[77.32549274329551,31.474122751064158],[77.3241726662356,31.47999795184404],[77.32346257323923,31.48380989021433],[77.32266814811658,31.491539305094932],[77.32215249484182,31.496556388966212],[77.3178709997469,31.507245999703173],[77.31667300025879,31.524445999683167],[77.31927957639141,31.528914295658296],[77.31156676029781,31.52863943496203],[77.30769818622235,31.526480358781612],[77.3013186447397,31.5218471406331],[77.29891085295355,31.517746538771803],[77.29730416105826,31.515760270020508],[77.29219609007754,31.508244441427905],[77.28761393813278,31.506526170646282],[77.28440496012087,31.508046470068564],[77.28058060571044,31.511570793557325],[77.27392165925721,31.514353053150955],[77.26629943187334,31.504241103943855],[77.25423133490824,31.50291784328391],[77.25072564087566,31.498565001373777],[77.2527402211843,31.493359963691432],[77.24758813198673,31.491965251894896],[77.24734930082963,31.494931901286293],[77.24357299539747,31.49696840706639],[77.23767136534127,31.48838476664372],[77.23929633865515,31.485646385872087],[77.23800350655665,31.481904983128516],[77.23003144559482,31.481909052560752],[77.2288032351812,31.471102238577487],[77.22672448284868,31.467673247722246],[77.23265589125646,31.46145415878243],[77.23540049263869,31.45303217059825],[77.2282578188433,31.448636079391576],[77.229585962822,31.445991187643244],[77.22846817476653,31.444765364929708]]]}},{"type":"Feature","properties":{"blockName":"Dehar","districtName":"Mandi","state":"Himachal Pradesh"},"geometry":{"type":"Polygon","coordinates":[[[76.84014587053554,31.498935416836048],[76.83832644580889,31.497315060641597],[76.83379147409732,31.494875092011966],[76.8311712471554,31.494564672121953],[76.82928624386511,31.495233109420496],[76.82286935983313,31.49657132220881],[76.82090196965021,31.496946545446747],[76.81956675879894,31.495892851174176],[76.81848755075993,31.49549245771078],[76.81410104542698,31.49417692492517],[76.80212618927226,31.492788836635555],[76.79771687803157,31.496194041321985],[76.7947004691514,31.496303693860455],[76.79303124199828,31.496128664206537],[76.78922299984163,31.494567999613537],[76.78871649267205,31.49295888674328],[76.78592699983125,31.484096999676865],[76.7980119995542,31.476165999960983],[76.79860700001308,31.464586000143868],[76.80251300027481,31.4567429999895],[76.80327600038714,31.45143699991769],[76.79856900005939,31.45169099993973],[76.79718800022607,31.445640999732404],[76.80373399992419,31.440327000190962],[76.80581699975477,31.432944999711992],[76.80346968108097,31.424965043601958],[76.80413100024555,31.422644000420348],[76.8120120003536,31.423739999701297],[76.81649000001357,31.420322000360102],[76.82432599984509,31.418279999722245],[76.82802599960024,31.420568000013247],[76.83402300006145,31.421587000239924],[76.84592400029243,31.416010000261338],[76.85920000008002,31.41291200038853],[76.88059200002084,31.411845999793115],[76.88352999970976,31.38831700022945],[76.87673999955138,31.385330000079477],[76.86928600024879,31.38461500038204],[76.86518099980333,31.381081000188033],[76.87078900031219,31.374649000351155],[76.87572500040852,31.367244999756963],[76.87388600013884,31.36074300028929],[76.87579299994707,31.354411999714046],[76.89163999958635,31.36201699968484],[76.90183300019288,31.364334000413862],[76.90923299970325,31.362855999704664],[76.9209060002118,31.367032999873118],[76.92322554872015,31.365254325227],[76.92507981228357,31.366761433393492],[76.92784106011686,31.37162162064135],[76.93245218821795,31.37684759903749],[76.93324414470158,31.38503401071108],[76.94044215737972,31.391877427901022],[76.94356900570511,31.397890599071957],[76.95487376711071,31.405106403038133],[76.9580006154361,31.413284315219016],[76.9589627227515,31.422664861094518],[76.95198744516455,31.430361719617736],[76.94933595868758,31.43268559296581],[76.94484431361423,31.43835923858802],[76.94200166724323,31.43908747990332],[76.93854920678052,31.438596305275325],[76.93410511605833,31.43884125092302],[76.93181481710019,31.440047796668523],[76.92989403787959,31.441361743949358],[76.92345941561962,31.44418950384255],[76.92171607983329,31.446720804021936],[76.91905322592567,31.448242830142533],[76.91080624761031,31.444713828380543],[76.90460366033074,31.447439124016398],[76.89666627542834,31.454173875224228],[76.88947240682614,31.466628931579976],[76.88602421364658,31.469781565267056],[76.88208342311157,31.470471203183536],[76.87853671010117,31.469091925551993],[76.87735447303055,31.464954095355267],[76.87439887900513,31.462786659976416],[76.85774903479017,31.459732547019485],[76.85676383738127,31.46485557462512],[76.8529215657777,31.469683045436227],[76.84907929417415,31.468205247973856],[76.84503998290893,31.46919044628214],[76.8412962311362,31.475298673095324],[76.84109919057522,31.481899499062706],[76.8429710673609,31.48485509218881],[76.84750297688095,31.485840289597718],[76.84641925964115,31.489781081931426],[76.84218290871434,31.495101150098037],[76.84014587053554,31.498935416836048]]]}},{"type":"Feature","properties":{"blockName":"Katoula","districtName":"Mandi","state":"Himachal Pradesh"},"geometry":{"type":"Polygon","coordinates":[[[77.07771105112414,31.74681477178433],[77.08179986017547,31.746939828810127],[77.08481004484776,31.745967630202017],[77.08697395668281,31.74642791221845],[77.0956063043875,31.74946946884097],[77.10863869761783,31.749892730265344],[77.12312471992993,31.750022654422025],[77.1250233974119,31.75002825629906],[77.12697618890007,31.751813327822845],[77.12561818383216,31.754426021144013],[77.12340087385132,31.757454829876565],[77.122902365252,31.759546694324513],[77.12322277840855,31.759920914818395],[77.12631176707447,31.764737751146356],[77.126974147439,31.774282733561336],[77.1250167927908,31.779862256138244],[77.12101899513056,31.782564403224683],[77.11654382203983,31.783405364665896],[77.10946551901856,31.787605379384786],[77.108692546324,31.789512741619774],[77.1030320326023,31.799261159674813],[77.09993826493906,31.799727599349296],[77.09072482479087,31.79846536218679],[77.08686848419325,31.802142138748764],[77.08602768373066,31.80583670120285],[77.0873026238171,31.812006706044713],[77.08933171558624,31.817693078872537],[77.08487787081714,31.82143267397879],[77.08191614431468,31.82374889859284],[77.08088398430851,31.82546145688076],[77.07909000230183,31.82863227665831],[77.0782297692885,31.829429808039265],[77.07385038478748,31.8344905980627],[77.06966400019348,31.835707000377795],[77.05953199970207,31.834874999781448],[77.05772399996266,31.84406499999983],[77.06128699969531,31.85608700041479],[77.0563230594617,31.859084001925225],[77.05504599967321,31.862199999930112],[77.03051000043621,31.893374999556613],[77.02763400000913,31.90026299973772],[77.02719389158489,31.906356715989716],[77.01830501856182,31.89976847333645],[77.01621469285385,31.896409491105203],[77.01765963718259,31.88386901264488],[77.01253734342373,31.87984605734971],[77.01291400287897,31.868699646771347],[76.99037056494967,31.875135110796805],[76.97796505044676,31.871425318323816],[76.9744703848005,31.86629044934483],[76.96511864241148,31.86129808873585],[76.96416139323378,31.856321693791187],[76.96972210918807,31.855733013767633],[76.97315176644094,31.851005961256135],[76.97263169119964,31.848260518108475],[76.96806047770895,31.844714401348597],[76.96792018257042,31.84249305610973],[76.96979624659957,31.835577340621796],[76.9759054617677,31.830359171038936],[76.97611075540709,31.826280182584412],[76.97490357474027,31.826950336688753],[76.96856318704152,31.82806242034445],[76.96759807509113,31.828878309586344],[76.96634953730137,31.82887308092802],[76.96463711930767,31.826037150693992],[76.96216168591314,31.824102426585796],[76.96441982511487,31.818716358073516],[76.96925941518992,31.81788956275318],[76.97284071432756,31.813119144033294],[76.97502357218019,31.804189257428334],[76.97687323481199,31.802234276091042],[76.97582764882696,31.797018123687508],[76.97037266256837,31.795662653808506],[76.96854098637749,31.79348806072545],[76.97155229969894,31.792884817080676],[76.97403348066064,31.786400154743376],[76.97664265403529,31.789271769176878],[76.97863691775962,31.78881602603883],[76.97839224460648,31.784021138564754],[76.98076792879692,31.780087486848117],[76.98082248796749,31.769454544191888],[76.97504540771945,31.764602858235378],[76.98248369676526,31.759152838932437],[76.97882865591777,31.758836961056943],[76.9754939481872,31.749996907731145],[76.98204640321899,31.74412529524625],[76.98350582033737,31.74373798961659],[76.9826435782386,31.747076927758087],[76.98601905943212,31.74695951137238],[76.98988705794142,31.740945556891973],[77.00534520421786,31.74719801337767],[77.01307924790905,31.745399021247863],[77.0143319990226,31.742762931164407],[77.0188889870372,31.742089874947794],[77.02736825124384,31.747131454553028],[77.03325544897984,31.73944050097839],[77.051611638966,31.73798896821637],[77.05609579538469,31.743981438792446],[77.05538846420632,31.74804213683518],[77.05059784131737,31.750857585009612],[77.04803837257288,31.755929923227427],[77.04285507240371,31.759160187292878],[77.03924756432372,31.7591471920893],[77.03830724218551,31.760934314067413],[77.04451272977872,31.762575566908936],[77.05900899087231,31.760139504934273],[77.05944590670327,31.745145479880023],[77.07400027479292,31.74943598438324],[77.07771105112414,31.74681477178433]]]}},{"type":"Feature","properties":{"blockName":"Makridi","districtName":"Mandi","state":"Himachal Pradesh"},"geometry":{"type":"Polygon","coordinates":[[[76.76751742069246,31.913637405142197],[76.76831680827416,31.912945606154835],[76.7712177478009,31.90876284942601],[76.77171972778325,31.905900576250644],[76.77069486037954,31.90458198577005],[76.77009926277083,31.904154090139173],[76.76695362131261,31.904008612207747],[76.76050538961209,31.906317555910505],[76.75724385971643,31.907323963829924],[76.75448094543935,31.905815162240003],[76.75325624238172,31.905519671995307],[76.7491798205923,31.90636579284711],[76.74844365355182,31.906156668095832],[76.74701356782197,31.905164488350522],[76.7430030492514,31.902780095125365],[76.74301471615627,31.902156977362665],[76.7460180327061,31.90197084737673],[76.75480246116473,31.900799272668337],[76.75705418280432,31.9001562978749],[76.75876375714171,31.8986994510189],[76.7585483317402,31.89375387763937],[76.7620601348674,31.892004566757407],[76.76296479259116,31.89133808278632],[76.76240965727993,31.890579172790638],[76.76059186212478,31.890169126004423],[76.75469646976632,31.890523972403457],[76.75350795992449,31.890044754262078],[76.75153032016817,31.887873604683136],[76.75100816299636,31.88409046440347],[76.75180885189707,31.882916465122833],[76.75565587192102,31.88319432236017],[76.75985406731144,31.883423359900178],[76.76246926344578,31.881972707574448],[76.76274204131221,31.879684397916662],[76.76744611524606,31.876453948590893],[76.7684914772999,31.874811285612395],[76.76803796897713,31.874118646658246],[76.76362303877227,31.873987789005298],[76.76147384793978,31.87440629571404],[76.75928983625698,31.87359620080406],[76.75718429581866,31.871379332390347],[76.75649545560083,31.870841726664423],[76.75247582689798,31.868763264812856],[76.75295880420549,31.86598375984272],[76.75314142413748,31.862895664203563],[76.7572652401987,31.857650263149196],[76.75717851137927,31.853719988386786],[76.75668523863294,31.852606128570017],[76.75658581858073,31.85074329087024],[76.7507164247233,31.840862241699142],[76.75208317210075,31.836994394275905],[76.75775165021855,31.830665704958392],[76.75948433443455,31.829372575184266],[76.76628183403949,31.826137177788553],[76.77116244129371,31.82028065233027],[76.77203798436557,31.816894551042765],[76.77303342864985,31.816061414602643],[76.7752888941672,31.81603296544904],[76.77778693921596,31.81840282203268],[76.77914087485158,31.82415687693839],[76.77984534258854,31.826646346052087],[76.78093239181646,31.82822792887589],[76.7872950638162,31.83179201139228],[76.79053229223155,31.82700619537968],[76.80348794541243,31.819604476365555],[76.81244283496892,31.81854504261969],[76.81434651627876,31.816183722400922],[76.81642794229577,31.816751238678762],[76.82285338877296,31.81913934340605],[76.82752850273829,31.819736842181555],[76.83530156081844,31.820722143012517],[76.83954956516038,31.822159506056437],[76.8403606304388,31.823693591186327],[76.84039169931754,31.826991265734364],[76.84099656983591,31.82705817529461],[76.8386842392863,31.832377013188648],[76.84026735185688,31.84804408276824],[76.83870183722007,31.851428713664234],[76.83246640669938,31.85665552483266],[76.83093596112576,31.86435670729628],[76.81743967869829,31.870785413815838],[76.81018009483557,31.87828345201973],[76.80739245279949,31.884049256568005],[76.80528015755328,31.89333770557073],[76.810165027594,31.90199359842586],[76.80702721923086,31.90424907383573],[76.80473528710388,31.919926458639225],[76.79670078081642,31.91965121393241],[76.79130966530886,31.91615583692237],[76.78624561794095,31.917128614693866],[76.78112830372828,31.91332631076068],[76.78120601774356,31.914943947405277],[76.77912754330151,31.91516320122082],[76.76751742069246,31.913637405142197]]]}},{"type":"Feature","properties":{"blockName":"Mandap","districtName":"Mandi","state":"Himachal Pradesh"},"geometry":{"type":"Polygon","coordinates":[[[76.74104141652822,31.758298080092402],[76.744160902104,31.75717491229244],[76.74541052717416,31.75584172491574],[76.74543978212029,31.752650448259658],[76.7540552621407,31.75173355166214],[76.75613056557319,31.750307967938397],[76.76193377292532,31.739587435811586],[76.7688483040061,31.734840098192024],[76.77242663178367,31.734323994356885],[76.77477511058294,31.725840908930877],[76.78252460732483,31.728168003650524],[76.78777878576238,31.72688671255179],[76.790345233246,31.727704391444547],[76.79062880477557,31.72944718583898],[76.79621460192237,31.730079301318767],[76.80173976138093,31.73729668809176],[76.80476596657616,31.73741108635261],[76.80699668185144,31.7373065671444],[76.81028759529636,31.7353799738068],[76.81218143532504,31.73250674958689],[76.82137458856647,31.726018804724106],[76.82423306930076,31.72493312336502],[76.82602055640359,31.724962332445727],[76.82908808994347,31.725216434091237],[76.82900554207214,31.72657171511264],[76.82930498213926,31.72975235368824],[76.83145510287073,31.734148192185387],[76.83162918194125,31.736164977631688],[76.83123796785799,31.73853312460409],[76.83127913882123,31.7393938918147],[76.82995402555787,31.743406208130068],[76.82977884841517,31.74748528741611],[76.82802954202981,31.753078479688156],[76.82684190902694,31.753590647190663],[76.82211946464162,31.75620880479255],[76.82158706239306,31.761585210089436],[76.82000714781168,31.76488550975853],[76.81877216370447,31.766769327742338],[76.81832781227877,31.7709219158138],[76.8172178762041,31.774591075118053],[76.8155487848486,31.780010497686362],[76.81770231490998,31.793961152685085],[76.81576767084141,31.800662985108715],[76.81813257755647,31.806148404425358],[76.81704114863015,31.81089898679886],[76.81394820024929,31.814115582068496],[76.81343943218411,31.815052017336768],[76.81642794229577,31.816751238678762],[76.81434651627876,31.816183722400922],[76.81244283496892,31.81854504261969],[76.80348794541243,31.819604476365555],[76.79053229223155,31.82700619537968],[76.7872950638162,31.83179201139228],[76.78093239181646,31.82822792887589],[76.77984534258854,31.826646346052087],[76.77914087485158,31.82415687693839],[76.78593006741875,31.820708642390002],[76.78730929828555,31.818227971343845],[76.78629467685789,31.80668876477472],[76.7830629361057,31.798102879644205],[76.78462940402386,31.795391950678038],[76.7881507066898,31.795920555089594],[76.78970897818687,31.792705280924054],[76.78567932923772,31.788900937328435],[76.77972305817264,31.78728046332276],[76.77775463916532,31.794117933296036],[76.77494869412698,31.79143830163639],[76.7738414704076,31.78741532205953],[76.7685430714057,31.78521367467141],[76.76815078802849,31.78275010693193],[76.7725082065885,31.773236235663774],[76.76357888116047,31.775393569857442],[76.7599652639858,31.773210977304814],[76.75786383884514,31.768981620405498],[76.74600660412153,31.77300410265724],[76.74283142622937,31.771393113801196],[76.74207656228356,31.764068806630178],[76.74104141652822,31.758298080092402]]]}},{"type":"Feature","properties":{"blockName":"Pangna","districtName":"Mandi","state":"Himachal Pradesh"},"geometry":{"type":"Polygon","coordinates":[[[77.14612620416108,31.485459619166136],[77.14485601789096,31.480763258717445],[77.14453919033144,31.478849296357964],[77.14346649967928,31.476871518106122],[77.14202955931677,31.473767019732236],[77.14160044240657,31.471925712701534],[77.13939346024006,31.470050657711738],[77.13684954796832,31.468577133827694],[77.13524174271231,31.46731407738281],[77.13088230517428,31.463048565938607],[77.1303900459639,31.4627577899401],[77.12940104532203,31.462173591238297],[77.1261806612086,31.458545718010555],[77.12543890218365,31.457943215407113],[77.11996967785842,31.45732676971471],[77.11628954232856,31.458103738097066],[77.10853043902858,31.46078176536622],[77.10470884733547,31.463747234847062],[77.10189591906146,31.464808352123782],[77.10135185260594,31.46480665870041],[77.0991682051486,31.464164632691677],[77.0934751026939,31.463745501853452],[77.09281647339841,31.463877631138217],[77.09227823455296,31.462242392972087],[77.09348324065911,31.459159818271075],[77.10015281170297,31.454956306988038],[77.10043304584843,31.448510924339757],[77.10710261689229,31.443831015189232],[77.10696249981959,31.44083251091172],[77.09522069218127,31.434162939867804],[77.09412778027291,31.431584786808514],[77.0971543074254,31.42298160141985],[77.10469260378068,31.42275741392359],[77.10256282481458,31.411239793781533],[77.10889611506371,31.40857757029869],[77.11047965571157,31.404071602622423],[77.10062767712566,31.40201910779564],[77.09925934694138,31.398529865061278],[77.09221244464868,31.392919710676153],[77.0935123589083,31.38080998679152],[77.0831814652525,31.375883997948222],[77.08352354757369,31.354059128226254],[77.086054959269,31.35241713164538],[77.09016417213888,31.353161289162244],[77.09467544041928,31.352348714821403],[77.09590693695566,31.347012226832874],[77.0919387791514,31.34489131518211],[77.08537079372718,31.344070315992326],[77.07996588891467,31.343659816847094],[77.07825547640914,31.341265238799792],[77.0792817233729,31.339281159897666],[77.08482346093405,31.33551825076671],[77.08872320281364,31.32491369071431],[77.09139144725754,31.322450695842974],[77.10452741900525,31.32026136826761],[77.11944222008248,31.321013948834718],[77.12601020640597,31.3244347747451],[77.13606743366518,31.33373942233652],[77.13634110006177,31.33900749440039],[77.13442543798362,31.34448081513756],[77.12642070465188,31.34892788891102],[77.124778708071,31.35371704500568],[77.13066252885267,31.353374962684427],[77.13647793281041,31.348175307444535],[77.13791467981866,31.34851738976579],[77.14037767469,31.352143466148107],[77.13928301000294,31.359874532183937],[77.14256700316474,31.367674015043804],[77.1463983282203,31.370342260387076],[77.1535820632617,31.36917917887604],[77.16357087459625,31.37184742331999],[77.16541812074973,31.37314733668029],[77.16310176303597,31.374934724857724],[77.15994479911325,31.37663657941465],[77.1580291370351,31.379373239783263],[77.15672922277548,31.389156802444518],[77.16199729483935,31.392988126600812],[77.16026873581359,31.39486935813443],[77.15837121935635,31.396751035731768],[77.15698019388088,31.40258650985959],[77.1663075349648,31.40318218930662],[77.16931786173001,31.4064661815691],[77.1695915281266,31.408039762225314],[77.16555495439769,31.41125533766376],[77.16582861989497,31.415839245085124],[77.17030229111788,31.41602388669304],[77.17314034375192,31.422339907260948],[77.1789925335786,31.425093941632156],[77.17787585708521,31.430914715441816],[77.17794242580237,31.432454640769095],[77.17865235602147,31.434920034132347],[77.17707563493263,31.43981033517889],[77.1771423763197,31.441421321336975],[77.17640418130799,31.445942137719555],[77.176037721064,31.447428119012557],[77.17645591031209,31.45035090487039],[77.17642492686895,31.45434756308964],[77.17256276316107,31.46321277944628],[77.17128734643393,31.469283321967794],[77.17081787604423,31.473483696415485],[77.16772255165449,31.4783451939756],[77.16689893993419,31.480838525677484],[77.1467376909917,31.48672530882601],[77.14612620416108,31.485459619166136]]]}},{"type":"Feature","properties":{"blockName":"Rewalsar","districtName":"Mandi","state":"Himachal Pradesh"},"geometry":{"type":"Polygon","coordinates":[[[76.86735647961791,31.552465598408673],[76.85830504694042,31.55806679464689],[76.86251895708426,31.56199808834117],[76.86524944810361,31.568184414079496],[76.86058843191068,31.57938692526642],[76.86081338562929,31.586535014779145],[76.87064959190519,31.59958895666506],[76.87252536005735,31.60779609501384],[76.8654146670533,31.62028988786807],[76.86479305925235,31.624915745065607],[76.8655170890425,31.626939248447627],[76.86859570402856,31.628473199578536],[76.8683398756848,31.630565013664523],[76.87437640134988,31.63349728017539],[76.87364628404885,31.639308158744598],[76.87735175078274,31.640122369851554],[76.88071532765031,31.640933752590684],[76.88360838461932,31.642637178263215],[76.88324268969842,31.645767122954396],[76.8758982709885,31.65655652336494],[76.87256573512065,31.654445726389213],[76.8729334777978,31.648303784891823],[76.86992522307065,31.646533560275657],[76.86827129068757,31.6479050353891],[76.86447485662939,31.66488778524314],[76.87262776765743,31.681724484297547],[76.87182158929494,31.688066468292902],[76.86862249033572,31.692453673298417],[76.86198666365368,31.696129542444453],[76.86131419199643,31.697612520001826],[76.86007045658636,31.699598837316557],[76.85797467469155,31.69950275734641],[76.85351232593314,31.698829603103775],[76.85033936486985,31.69803685881402],[76.84644649201203,31.69686252318695],[76.84167430342643,31.6909995630794],[76.84034985835933,31.688552346813424],[76.83832258232138,31.683796926986645],[76.83480098467777,31.681666556266634],[76.83238919090849,31.681365951577448],[76.83088178326773,31.680206023988887],[76.83124604287065,31.673319908786823],[76.83358428019045,31.670026091430998],[76.83655636688286,31.668073992420886],[76.83639510495021,31.664338753630602],[76.83303499496913,31.6614702445562],[76.83036347339566,31.660813778133388],[76.82665779082447,31.653938660740664],[76.82713717264244,31.652184595143012],[76.82882371534225,31.64695346543016],[76.82413692457948,31.644965975399487],[76.82192133769962,31.641794655598915],[76.81921395655888,31.63568119922803],[76.81775912598295,31.633481527650417],[76.8110272373172,31.627888211271966],[76.80905760692309,31.62548631544115],[76.80768752755739,31.623666300759226],[76.80593598635676,31.620800531919087],[76.80626141233438,31.619829877446932],[76.80712161836806,31.619183927696156],[76.8079433756863,31.618907833130038],[76.81287030432117,31.61749289198343],[76.81698275744833,31.614597679339454],[76.8182696953902,31.612659705980718],[76.8187855618043,31.610484227964776],[76.81917311564683,31.604385221001223],[76.81974584439524,31.601391921100344],[76.82121304604527,31.59843033309346],[76.82751985755544,31.597919294240114],[76.83159994588084,31.60150397572795],[76.83509497934989,31.600998443423464],[76.8361860125745,31.59941467164981],[76.83517125534922,31.596341394140097],[76.83311007487009,31.59466727917163],[76.83204832536995,31.59214818908771],[76.8308082807776,31.588900138230827],[76.82812839460979,31.58918318995228],[76.82411879964297,31.588185816622172],[76.82345432116006,31.58406515718133],[76.82237695493257,31.582191878352546],[76.82685644476919,31.58006954577297],[76.82853241413966,31.578477100038185],[76.82853977958723,31.577449692949017],[76.82759914988094,31.57623740773022],[76.8217749136814,31.573173200782662],[76.82686697133374,31.57155044519692],[76.8264360386923,31.57057336956541],[76.81989335929114,31.55953180734707],[76.82086169531107,31.554983765788222],[76.8202177015857,31.552560040713388],[76.81740987606497,31.546746403923464],[76.81518376441926,31.541873545227986],[76.8104384790526,31.539821453297463],[76.81034830313172,31.53790064080198],[76.81017846616334,31.532629986784514],[76.81003944176689,31.5302623200501],[76.81038516814107,31.527964470384063],[76.81062770360569,31.527296408102814],[76.81007583193417,31.520740643565887],[76.81062808132094,31.518959072203472],[76.8130910662997,31.511487924628057],[76.81962699898685,31.508517981020077],[76.82286935983313,31.49657132220881],[76.82928624386511,31.495233109420496],[76.8311712471554,31.494564672121953],[76.83379147409732,31.494875092011966],[76.83832644580889,31.497315060641597],[76.84014587053554,31.498935416836048],[76.8407748365895,31.500973559382317],[76.842348446024,31.502380649447446],[76.84491234842619,31.50274827611213],[76.84683339384611,31.503524357762956],[76.8485634619343,31.507040303167514],[76.84861223306814,31.509928773594083],[76.84986879101194,31.51229289430171],[76.85058781517557,31.513646409953935],[76.85171361619047,31.516922438719632],[76.85372194890886,31.519833794194312],[76.85512308816004,31.520331920581725],[76.85593238087472,31.521836673423763],[76.85493126996221,31.52746161356265],[76.85500786701948,31.528424157049244],[76.85666158176662,31.52996480992806],[76.86065577314548,31.529984834232778],[76.86571323837529,31.537147124939906],[76.86781072538474,31.538433304753255],[76.86408960864856,31.545720052638387],[76.86538263500069,31.547685076704965],[76.86588843979973,31.548539386783318],[76.86716407865936,31.549032448188996],[76.867698491792,31.549862555712423],[76.86735647961791,31.552465598408673]]]}},{"type":"Feature","properties":{"blockName":"Tihra","districtName":"Mandi","state":"Himachal Pradesh"},"geometry":{"type":"Polygon","coordinates":[[[76.68686700021192,31.70143300013291],[76.69024073402272,31.705044395982156],[76.68897243183233,31.713560673586244],[76.69185713230087,31.7142392669287],[76.69122570839977,31.719470819322908],[76.70939708590686,31.72490072259035],[76.71348328872284,31.728188410167036],[76.72045494833725,31.72955730782354],[76.7245820352328,31.733878990922733],[76.7154775425546,31.743337502623717],[76.72005109608125,31.747228540864512],[76.72262458255847,31.751853588672247],[76.72078081408335,31.757275139935814],[76.72827715166926,31.758137597871894],[76.72840260889336,31.762513135073164],[76.72657949604695,31.76316248785855],[76.717188814812,31.76648159684828],[76.71436275913408,31.76733548784256],[76.70319027361228,31.769341417572434],[76.69607209734949,31.774143556280137],[76.68152088677954,31.77531551679772],[76.67589992164415,31.78057461722483],[76.67146694384445,31.781641515343722],[76.65571829496338,31.776305370896182],[76.65406374024946,31.78203648859312],[76.65571025682294,31.787670630595187],[76.6561879029494,31.791041452401146],[76.65544022098948,31.792603134127376],[76.65203780959729,31.79268258203558],[76.64741373935266,31.791487500847552],[76.64434070106256,31.784714491580587],[76.6414060819252,31.782676783406885],[76.63816003565717,31.78263883921113],[76.63477505762285,31.782207691631697],[76.63072940343926,31.78273677718056],[76.6250698169186,31.783950732440417],[76.62292088059422,31.784226555411237],[76.62537039822536,31.77579483656251],[76.62542699975631,31.775600000239876],[76.63003184609289,31.767346666415563],[76.63674199994341,31.749768999739615],[76.6466475781233,31.743326297970327],[76.64711760069679,31.743020589628543],[76.64804100029198,31.74241999988311],[76.6501919996611,31.741988999792568],[76.65723699539109,31.739967739319752],[76.65761600027827,31.739858999593196],[76.6665040000596,31.738798000127645],[76.67386599961623,31.732102999853623],[76.6725208323706,31.72118339739592],[76.67598700029987,31.71476199966662],[76.68064752546297,31.71256118595005],[76.68860600036669,31.70880300005848],[76.68686700021192,31.70143300013291]]]}},{"type":"Feature","properties":{"blockName":"Tikken","districtName":"Mandi","state":"Himachal Pradesh"},"geometry":{"type":"Polygon","coordinates":[[[76.87084791669804,31.972700161982914],[76.88103412022855,31.975409947011485],[76.88399634675403,31.968912249001164],[76.89309083627313,31.9651403862199],[76.89585214975699,31.96062939942732],[76.90569014838172,31.96007918340763],[76.90491205584675,31.957700067404232],[76.90060951661593,31.954803522864324],[76.90479315917702,31.950688545340142],[76.91095975019238,31.949404705562756],[76.90949290107659,31.93923463407117],[76.91395656734176,31.938379428268036],[76.91188053635773,31.93516040213092],[76.91938480596406,31.935759814663754],[76.91655102061316,31.929909621332],[76.91803294326576,31.928347274107466],[76.9234833088077,31.927744466633897],[76.9281453007651,31.932842279047975],[76.92878443185612,31.93948211310908],[76.93578755155431,31.952787090851587],[76.94906190198526,31.95860726661209],[76.951351884382,31.965088890140237],[76.95705604939724,31.964332130423543],[76.97037845869897,31.96771708597481],[76.98153652718901,31.97543126364195],[76.9831349983815,31.97624648468758],[76.97856900005934,31.983512999625304],[76.98121583794062,31.99226439508584],[76.9820250002536,31.999974999746485],[76.98153700023244,32.01136799993333],[76.97717999985719,32.023711999908926],[76.96414899967664,32.027954000376894],[76.94396999991562,32.04465099964398],[76.9427110003125,32.05743400007907],[76.93939200014074,32.06275900012781],[76.92980200036209,32.059398999864015],[76.92212699986123,32.05857799977491],[76.91480999968178,32.06045900018279],[76.90290099998123,32.059691999885956],[76.88734400022548,32.057590000078505],[76.88082085140121,32.055370880661656],[76.86737188590388,32.05103013912969],[76.85891000019643,32.05020100017606],[76.85023680618372,32.04615180626092],[76.84235400023698,32.04111900044154],[76.82613399958444,32.04867900013579],[76.81927675172079,32.054555416799076],[76.814934000204,32.0582770002834],[76.80674400023548,32.06378542066068],[76.80365800001675,32.065861000185066],[76.80113999991113,32.07360800040897],[76.79246500005974,32.07464599971314],[76.7871090003801,32.07342099987932],[76.78371893578031,32.06835907041483],[76.78264600051256,32.06675700013551],[76.78115117708523,32.067314378355945],[76.78036397082064,32.06469648515474],[76.78300855590021,32.061375701627355],[76.78937171982909,32.058242615604286],[76.79080680309153,32.05629353292028],[76.79029816362942,32.05204257610404],[76.7904717894416,32.04844187409327],[76.79336626733942,32.04490617687861],[76.80647570908678,32.03989971040335],[76.8123158866689,32.03595785956759],[76.8145841351498,32.03481844461555],[76.81903821464192,32.03683275422827],[76.82518120205089,32.036418244106756],[76.82778175902104,32.033735472913804],[76.83044107679433,32.025202968841995],[76.8311587070088,32.02102426355896],[76.83191390280444,32.01708149631406],[76.83365313408495,32.015385847978564],[76.83938110685267,32.011131018681624],[76.84404084960556,32.010125612607],[76.84914525405031,32.00603356060037],[76.85128557127217,31.99524687973974],[76.85628446005984,31.989452580172497],[76.86149833268195,31.984613830064234],[76.86247760625656,31.98370493023839],[76.87084791669804,31.972700161982914]]]}},{"type":"Feature","properties":{"blockName":"Deha","districtName":"Shimla","state":"Himachal Pradesh"},"geometry":{"type":"Polygon","coordinates":[[[77.41776299996252,30.995444999687038],[77.43238099958353,30.985192999957007],[77.4407879996665,30.975855000108197],[77.44256599982111,30.96749100020952],[77.45275164307395,30.969868420990906],[77.4537440674348,30.971601642102144],[77.45387595121423,30.97249143942844],[77.45485621134515,30.973793269244027],[77.45622735730677,30.97354458871183],[77.45772183629379,30.97261750909081],[77.46356307507591,30.9670760089507],[77.46526893791122,30.96605775965793],[77.46669291904306,30.966030211625025],[77.46978274767571,30.966600043657138],[77.47221955338972,30.967316975098356],[77.47296018736279,30.967844190956725],[77.4730160406578,30.968279075219186],[77.47030974320012,30.972838816058584],[77.4658437530868,30.97862704160474],[77.46118026915417,30.98410527443889],[77.46062235403849,30.9859689269245],[77.46410417556729,30.98979040530304],[77.46752356795832,30.995128696432232],[77.46752234757832,30.995796041953838],[77.46680271637234,30.996869268601927],[77.46521875933831,30.99727879917731],[77.46463981087862,30.997930930867824],[77.46728316298766,31.00377963132496],[77.46961350695784,31.005941076319687],[77.47065876918691,31.00981554724973],[77.47285164908442,31.012394760609766],[77.47421716528999,31.013993179641602],[77.47752997362943,31.0137308060319],[77.4933803574176,31.00384894477304],[77.5040899663789,30.996054264292923],[77.51673721055386,30.991104110666242],[77.51940349807302,30.99160376230384],[77.5193966317492,30.992274848105808],[77.51870232275405,30.99485825140721],[77.51799372802816,30.99883175478169],[77.51903153038086,31.00075717630267],[77.52715476018409,31.005545350337684],[77.52840947631631,31.009811295255133],[77.53044783380057,31.015587935734686],[77.529657812658,31.029760282610994],[77.53639119959422,31.03612330084968],[77.53764067717555,31.039154214895177],[77.53425116386018,31.04843844967479],[77.53719371232,31.05455033582939],[77.53844022483656,31.057043457089947],[77.53832724390725,31.060722982879383],[77.53852295437088,31.062018040800012],[77.53179180135061,31.065175672918997],[77.5065718892813,31.074686464908496],[77.5035317787686,31.07535490400568],[77.50347949128553,31.076864077015614],[77.50395983268021,31.079528074860832],[77.50131007290162,31.081158228269658],[77.49770142268255,31.08096840566742],[77.49526202782039,31.080463940858237],[77.48877983232347,31.08170789930017],[77.48575572794454,31.08314059935924],[77.47773304594335,31.084562690116115],[77.4741374997459,31.083513479863257],[77.4724825349411,31.08513666262695],[77.47344407298561,31.08905339809587],[77.46596178101146,31.089627683570768],[77.45588383427162,31.095086571987736],[77.45308440392216,31.093826828645263],[77.44944514527731,31.089907627235277],[77.45014500219014,31.08206922261661],[77.44398625686034,31.07171133311158],[77.44440617100804,31.0669523016075],[77.43278853816054,31.062473214667193],[77.42732964884425,31.062473214667193],[77.40661386893498,31.07842996487102],[77.40017517994067,31.079269794065794],[77.39849552155113,31.077870079340755],[77.398215578786,31.072831105071486],[77.40311458167264,31.062333243284627],[77.41277261426478,31.057854155444943],[77.4103930989624,31.052395267027975],[77.41193278507001,31.044556864207948],[77.4186514168295,31.042317320288134],[77.42774956389133,31.050575638155237],[77.43376833783856,31.05253523930992],[77.43642779590613,31.052675209793165],[77.43922722625553,31.04805615057097],[77.43922722625553,31.04609655031561],[77.42984913642857,31.04105757694566],[77.4214508471789,31.031259572071633],[77.41641187290969,31.008584191007685],[77.41776299996252,30.995444999687038]]]}},{"type":"Feature","properties":{"blockName":"Dhami","districtName":"Shimla","state":"Himachal Pradesh"},"geometry":{"type":"Polygon","coordinates":[[[77.08176309229293,31.192483483226226],[77.08043836843603,31.19345416557735],[77.07306461114297,31.19848711978483],[77.06488215288908,31.200754051658237],[77.06054177738116,31.20403176035751],[77.0571420207877,31.205091461202016],[77.05596538829207,31.207540834042334],[77.053948321358,31.208893176079243],[77.05153006865783,31.209566288053793],[77.05082630958657,31.209558364127247],[77.04695960160439,31.212888976345255],[77.04144577000636,31.218614769156318],[77.03974720966607,31.22196478514678],[77.03814322293147,31.22330073164352],[77.03450064398959,31.222333661869072],[77.03226155512675,31.221763525866095],[77.02635700856916,31.221318267923778],[77.02435553857731,31.22058295703789],[77.02217699297393,31.221184627768423],[77.01914292590538,31.219652028318478],[77.02002699994614,31.21850799984435],[77.01013899991494,31.209797000131516],[77.00515700039529,31.203089000157263],[77.00351700030939,31.195222999841633],[77.00407399991519,31.187897000146506],[77.00569900020872,31.181070000080467],[77.01271800013564,31.174918999712133],[77.02592500033853,31.1686649999898],[77.03393600014635,31.158925999635244],[77.03051799990584,31.152356999775748],[77.01251999999806,31.137133000087942],[77.01079599963572,31.13076999983565],[77.01118499958812,31.11848099969842],[77.00923200035658,31.115864000423358],[77.00583600023128,31.114526999921168],[77.00007599990755,31.114925000288565],[76.99601000036131,31.11725799995679],[76.99256099959052,31.11646800039796],[76.99272126687305,31.113595141302767],[76.99281300041969,31.111727000300903],[77.0000689995847,31.10538099993323],[77.01730300023331,31.109150000172406],[77.02599299987708,31.109322000010366],[77.03070799967452,31.11465300033575],[77.04669999970525,31.11605999956936],[77.04623790105836,31.123855424688145],[77.0417259825681,31.127486477019374],[77.04142825031357,31.138477733860384],[77.04268799275673,31.140717277780197],[77.05004411794175,31.13625464663471],[77.05514545569827,31.138897648907403],[77.039328676877,31.156394085218892],[77.05206608258368,31.15905354328646],[77.05276594039589,31.160593230293387],[77.05094631062377,31.168011718965715],[77.04436765114622,31.175430207638044],[77.04856679622071,31.17627003683276],[77.05332582592621,31.174170464295514],[77.05738499961808,31.17654997959795],[77.06186408655839,31.184248411934732],[77.06970249117711,31.184528354699864],[77.08176309229293,31.192483483226226]]]}},{"type":"Feature","properties":{"blockName":"Jalog","districtName":"Shimla","state":"Himachal Pradesh"},"geometry":{"type":"Polygon","coordinates":[[[77.28929631067626,31.13979587198196],[77.28735663040425,31.14551765021946],[77.28403522544534,31.148959405152482],[77.27889396408523,31.155147884767132],[77.27858079856503,31.155720124284358],[77.27870931258474,31.156132206236407],[77.27884330707303,31.156117042767335],[77.27963032268133,31.15565478763841],[77.28398879794474,31.155740109918213],[77.28700774651037,31.156297763331168],[77.28739835804782,31.157844900321948],[77.2870101593914,31.160134381796354],[77.2892205931559,31.1662326333294],[77.28861715166028,31.16935813896697],[77.28746340511213,31.17027716515912],[77.2858060966741,31.17203144659402],[77.28589730591597,31.174374818143406],[77.2946514586979,31.18720329099915],[77.29444536286326,31.19051599771518],[77.28424673070214,31.198812427951225],[77.28412950317409,31.20156175437154],[77.307824477118,31.211221670144027],[77.31348902519841,31.21371712964185],[77.3181259098829,31.214002945879315],[77.32247568060825,31.214626361317585],[77.32948647871808,31.219747613661468],[77.33071046231805,31.221460712441967],[77.33136320464826,31.223606261020166],[77.33163112797422,31.22893662462559],[77.33526156337052,31.23275033196228],[77.33656734930378,31.237910080685708],[77.33779987376522,31.241621432583088],[77.34027103807801,31.244693364707075],[77.34953055589051,31.25010322028743],[77.35314095888822,31.253625502315117],[77.3539239446344,31.25483130791855],[77.35433591776842,31.256490497738355],[77.35488151217208,31.258093790196313],[77.35771846943186,31.259646125268546],[77.36059739265562,31.259960125359555],[77.36201998523421,31.260357328028306],[77.36607972280103,31.264873678377626],[77.36536933212903,31.26548233414246],[77.36417776279359,31.265735227998448],[77.36242979280075,31.264759657831974],[77.36116964026672,31.26481822078432],[77.35949384176746,31.266175080115886],[77.35593134205783,31.26507801064173],[77.3537026223782,31.267004371054952],[77.35238266852537,31.267332405066497],[77.34954840653381,31.269766335647944],[77.34691344330082,31.269742723048296],[77.34591758263036,31.272082819266757],[77.34227421588241,31.272680280270777],[77.34062475672721,31.27389722127981],[77.33964334906136,31.27777183160481],[77.33816800315088,31.282062256967663],[77.33110841142411,31.286553420903715],[77.32131587622678,31.288105978108433],[77.305564999725,31.271295999710674],[77.30194900024622,31.26968600010889],[77.28274499958212,31.265829000308145],[77.27808399957695,31.267914000230974],[77.27583300009292,31.273517999656008],[77.27057599958277,31.275595000109206],[77.26695299978115,31.27040499999083],[77.25505799982687,31.262840000065978],[77.2483669997373,31.254183000145417],[77.24031799997579,31.25874099989727],[77.22606700019196,31.260994000372875],[77.21958900003239,31.259956000169325],[77.21115100031847,31.249438999909955],[77.20132664440916,31.241303963806956],[77.2010377021283,31.235525118189685],[77.18861318495055,31.22541213925888],[77.19005789635492,31.21876646679908],[77.19641462563453,31.215299160328016],[77.19828489982831,31.209214405820205],[77.20433181086446,31.205306463922227],[77.20810341194294,31.202013667296967],[77.21257832602896,31.201802303233762],[77.21547549739637,31.200678311654826],[77.22203868223943,31.185976830666277],[77.23147837832454,31.17867839519181],[77.23543332598729,31.174356664428558],[77.240935151636,31.171685015151354],[77.24242126872662,31.171140142003992],[77.24417214263036,31.168461955554847],[77.24566605234651,31.16283169142946],[77.2538890979036,31.15823291731533],[77.2538683415508,31.153142010795193],[77.2572670297497,31.14923360934364],[77.25597274704472,31.145972331258122],[77.25445639744487,31.13981285028285],[77.26151377234277,31.140352341887137],[77.2639172060143,31.13636713293687],[77.26702454984314,31.136907052618426],[77.26940251291569,31.138150494849526],[77.27791618968047,31.136753110267875],[77.27915688358337,31.133258702727005],[77.27865878507492,31.129072527675078],[77.28105555926669,31.129309660012837],[77.28702607199568,31.135263030764293],[77.28638446776904,31.136905723420455],[77.28656920830235,31.136998831131223],[77.28929631067626,31.13979587198196]]]}},{"type":"Feature","properties":{"blockName":"Jangla","districtName":"Shimla","state":"Himachal Pradesh"},"geometry":{"type":"Polygon","coordinates":[[[77.82998461489814,31.151027681282528],[77.8387642337824,31.146778502426002],[77.8456661806498,31.14954122604678],[77.85365428641626,31.146737281100684],[77.85810165696597,31.149274392699112],[77.862097611016,31.154297617141367],[77.87636318521288,31.16328157188707],[77.88081954178847,31.161957785123718],[77.88413295357299,31.15911386980929],[77.88363670856728,31.168807806934808],[77.89719644715836,31.18346107167116],[77.89697774192928,31.189803529609264],[77.88844822900262,31.196802105033157],[77.87838777767388,31.200301392295444],[77.87138920404857,31.19833304343524],[77.86628739055067,31.20293524126845],[77.86662871744142,31.205083929379896],[77.87538506097184,31.211568614200246],[77.86664680280774,31.21515783636511],[77.86395321816656,31.219766176567873],[77.85746591721835,31.222179807652026],[77.85170571274853,31.2208597054111],[77.852361829335,31.233544621287308],[77.85739205499942,31.248854002610187],[77.85541285761735,31.257044784089544],[77.85720449329278,31.260986382215833],[77.84708175491909,31.264032161155342],[77.84699217255076,31.2686008313633],[77.85397954961655,31.27845482443064],[77.85353164137223,31.287233836272605],[77.85953361778229,31.298162809665996],[77.85747323769982,31.314377106818085],[77.85415871255458,31.32127490241487],[77.8486046443889,31.325753990254498],[77.82631746018268,31.335208525153348],[77.8043790699382,31.331122232405164],[77.79610214869524,31.327477824242237],[77.7884557978968,31.32839786127232],[77.7779482189352,31.325464421146194],[77.7611542961339,31.328580565740594],[77.7588014826024,31.326533789702694],[77.7566361327514,31.31658643621512],[77.75835573992549,31.310632492595516],[77.76260012179824,31.304562776550938],[77.77083929399828,31.29393429003551],[77.77982783708507,31.287052888180312],[77.78751675639325,31.282338098824255],[77.79276309274258,31.279608553891705],[77.79999434526286,31.273029978950433],[77.8048660564234,31.26359554299995],[77.80714746198583,31.25677300626927],[77.81263540480018,31.248678685173218],[77.81610122199385,31.237564556659038],[77.8174616606272,31.22965571713769],[77.81856085609871,31.221320617852257],[77.81650654644,31.22088450961246],[77.81567641013828,31.220432506754833],[77.81507601104914,31.21744836824763],[77.81266597815244,31.214741291977077],[77.81026429096431,31.20954694093865],[77.80997545030687,31.204957193319842],[77.81657551814573,31.199403529849064],[77.82172417283238,31.192082968354384],[77.82584883515568,31.185408538273464],[77.82558455858054,31.17400870593707],[77.82636894367187,31.166306224852462],[77.82775741956931,31.15850071383693],[77.82749672319528,31.158195268097188],[77.82807404837871,31.156862979143227],[77.82931140579677,31.154144527348137],[77.82998461489814,31.151027681282528]]]}},{"type":"Feature","properties":{"blockName":"Kotgarh","districtName":"Shimla","state":"Himachal Pradesh"},"geometry":{"type":"Polygon","coordinates":[[[77.44697599994248,31.342976000242288],[77.45247412757897,31.336055891566218],[77.46250728358433,31.33086015017585],[77.46689678995494,31.33041224103215],[77.47227169608198,31.333816347646405],[77.48131945323024,31.33498091034079],[77.49054637421585,31.338653762261345],[77.49825040393307,31.33614547303523],[77.49905663985209,31.33077056780752],[77.48759017584598,31.33175596666456],[77.47540705738982,31.32503733580444],[77.47245085902,31.32019992118944],[77.47477998530815,31.315720833349815],[77.4758549656342,31.306852240038893],[77.46743428056766,31.29789406435964],[77.4640301739534,31.295923265746183],[77.45157831019094,31.302014825423896],[77.44969709394576,31.299596117666738],[77.45202621933458,31.2937733041947],[77.45731154309328,31.2937733041947],[77.46653846317957,31.28669634476057],[77.46612799730929,31.27006843231237],[77.48493666589445,31.256946105078725],[77.49543452768137,31.251697174185267],[77.50481315890022,31.25096684824149],[77.50679388333111,31.252205900881677],[77.51002197193651,31.256177155951036],[77.51007423963449,31.25948097286863],[77.50938984296693,31.264095510299626],[77.51132494568975,31.264333947553666],[77.51271097543122,31.260844597799974],[77.51340621702337,31.25723467773821],[77.5155731703656,31.255443659897026],[77.52143955509143,31.259749967287235],[77.52972246312123,31.26854015320555],[77.53074166389672,31.27015385891349],[77.53129606266322,31.27220879809761],[77.53065128472906,31.273365209336987],[77.52989975996599,31.27370544894734],[77.52735771378752,31.274699260062846],[77.51618107159925,31.28056498198839],[77.51199441630934,31.282572725650823],[77.5119445776802,31.284050505126743],[77.51304583619645,31.287399617298547],[77.51399748979236,31.28858945364044],[77.5180853626494,31.298255202415703],[77.52483820911613,31.303682578588166],[77.52616808878633,31.30520073132874],[77.52710565360309,31.3091770360914],[77.53353651759625,31.31968314556076],[77.53607419576758,31.32289872459654],[77.53935362307129,31.32558414339354],[77.54360146823325,31.326538280916964],[77.54698262235019,31.3292579324077],[77.54835738808305,31.33042597727706],[77.54845524061693,31.331874011676348],[77.54389190428799,31.34137636622637],[77.5391966967702,31.344710733113914],[77.5356665079031,31.352883065001492],[77.53393974662208,31.35348648311475],[77.53250309134467,31.35347566067327],[77.53162400044732,31.35336099981032],[77.52566499993986,31.35124600030275],[77.51831800017561,31.351153999657413],[77.50759100012459,31.355225000333576],[77.49851999999805,31.356051999800002],[77.47871032032509,31.35255132398447],[77.47612799980737,31.350060999615494],[77.45433800039848,31.347633000062956],[77.44697599994248,31.342976000242288]]]}},{"type":"Feature","properties":{"blockName":"Kupvi","districtName":"Shimla","state":"Himachal Pradesh"},"geometry":{"type":"Polygon","coordinates":[[[77.52458826413715,30.78364073273366],[77.52788499979295,30.79261600002843],[77.52958700004007,30.795823999577976],[77.53839899991397,30.797873999685407],[77.54299899980407,30.797981000123116],[77.54859199962112,30.797521999640594],[77.55260500032057,30.796433999829276],[77.55287900036564,30.792877000373323],[77.54785199967012,30.781307000118034],[77.54392999956985,30.776383999721872],[77.54486100023502,30.77374999966281],[77.54801199985394,30.774776000212285],[77.5538559995548,30.776380999583523],[77.58720399956496,30.77628100036793],[77.58842943826801,30.77660225888718],[77.60218000040675,30.781191000164597],[77.61202200011525,30.7888580002965],[77.61695900025774,30.790736999712806],[77.62049100035944,30.79428699974528],[77.62224600035267,30.80442200037504],[77.62434399997568,30.808088000360954],[77.63677200022767,30.80720500011074],[77.64928399985678,30.804660999705447],[77.65481599955876,30.80374000040075],[77.6578290000084,30.806022999561833],[77.66001900027669,30.799088999957405],[77.664611999844,30.801432000086777],[77.67522399998768,30.791440999802376],[77.68140399989471,30.789767999993273],[77.68538465108082,30.786362079446462],[77.6917570222688,30.795038233128025],[77.69393133296472,30.799621716069396],[77.6936855932156,30.81012423094853],[77.688907800055,30.814391522151084],[77.67359441674898,30.822104592752794],[77.67001487938325,30.825308137960235],[77.66324688383668,30.837856716614226],[77.66124216729224,30.84431373019453],[77.65524078803202,30.852566746558182],[77.64958427899131,30.85627847257348],[77.64213983498547,30.856995991272015],[77.62817128527666,30.85538723813056],[77.61920023400364,30.851181105323803],[77.6164976867189,30.85090657827601],[77.61560156985661,30.851498074976234],[77.61492485160068,30.85334320502494],[77.6194995499643,30.867924101316248],[77.60518111002028,30.87614049998416],[77.60246347391023,30.880771352016325],[77.59237637836725,30.885233178268606],[77.58964768059604,30.891230989918313],[77.58793484441759,30.891347590618864],[77.58450886359321,30.894398993019138],[77.58195658312985,30.894869101028235],[77.57862514803219,30.89390022361647],[77.57591209396804,30.892927242598205],[77.57528489328325,30.89622381187945],[77.5681775466565,30.896576290363555],[77.5658281109786,30.8975863423359],[77.56304325774022,30.899620189720054],[77.55764150685013,30.89889779309874],[77.55425933559991,30.898796354967885],[77.5496626793892,30.89546186307456],[77.54727492809553,30.891278910293522],[77.54567839314336,30.888768290024643],[77.55266237257047,30.88314197302367],[77.55753827367244,30.881679203232693],[77.56160152489053,30.882491853116562],[77.56777766580672,30.880216433441717],[77.57151585617186,30.876153182223618],[77.57333360366295,30.876048008309],[77.57460392662995,30.872252461881658],[77.58247188207173,30.865057491610003],[77.59296981850235,30.859412590119007],[77.59573282900692,30.85648704963768],[77.59305292755062,30.851325102071883],[77.58761961135605,30.854376011643694],[77.58240536731392,30.85193620938861],[77.58177741389659,30.844460962703295],[77.57931729685583,30.843484647898208],[77.57037814543514,30.844459828658216],[77.55575044392788,30.848198019023414],[77.55103707280273,30.851123560404062],[77.54421081197944,30.85193620938861],[77.53576954143125,30.849978718043474],[77.53531647827293,30.85155258378478],[77.53286777362888,30.84950896256862],[77.53406327480036,30.845388668252497],[77.53923881382025,30.845316309699967],[77.54070666478083,30.843465144301035],[77.54642772176203,30.83951241436648],[77.55046600240416,30.833885710657057],[77.54940617565455,30.830454313216023],[77.55258272501283,30.831989680779202],[77.55304266798481,30.829695219758662],[77.55075412360395,30.830013818083273],[77.55069474406724,30.82852774685807],[77.56338935463509,30.825088281598994],[77.57114676990756,30.81904827735616],[77.55760093393599,30.81329828199017],[77.55610150867773,30.814547803638277],[77.54975633658574,30.813507610887598],[77.53874833436817,30.810945609652208],[77.52375092786309,30.812172669832876],[77.51992953941675,30.81253662186765],[77.5092129724008,30.806412869158635],[77.50549497901011,30.80247617143823],[77.50287051266406,30.796352417829894],[77.50331513478568,30.791734376640193],[77.5087660003507,30.789129000203275],[77.52458826413715,30.78364073273366]]]}},{"type":"Feature","properties":{"blockName":"Sarahan","districtName":"Shimla","state":"Himachal Pradesh"},"geometry":{"type":"Polygon","coordinates":[[[77.8191054269791,31.44252218384768],[77.82701933517421,31.441642861229127],[77.87656978916448,31.454970223996668],[77.88374606163148,31.45770404160828],[77.8919475162649,31.462488223552725],[77.89222030381988,31.462828220091897],[77.88864099958255,31.465700000254856],[77.88007400021502,31.47082299998152],[77.88325500031806,31.480555000013283],[77.8825759995828,31.486916000173323],[77.87955499966358,31.491520000247874],[77.8714520001098,31.497740000200906],[77.86951399977136,31.504004000384384],[77.85942100017905,31.511395000379025],[77.8559569996159,31.50589799959306],[77.85137899984102,31.50850100002117],[77.84091900041159,31.506987000349852],[77.84078999985866,31.513249999587856],[77.84520700030288,31.527427999602537],[77.84336900007935,31.53732500004878],[77.83656300008244,31.55385599975466],[77.8353810004329,31.56283800027353],[77.81984306180789,31.56261431459899],[77.80993297083,31.560905679153848],[77.79216315320701,31.534934405998115],[77.76755878930675,31.528783314798204],[77.76077233607452,31.519288188998758],[77.76140654697463,31.51198857181521],[77.76915245182425,31.508739940895623],[77.77200124416214,31.495635770074784],[77.78088615297366,31.481624952229822],[77.81027469791906,31.462488223552725],[77.81471715277445,31.443009769585274],[77.8191054269791,31.44252218384768]]]}},{"type":"Feature","properties":{"blockName":"Taklech","districtName":"Shimla","state":"Himachal Pradesh"},"geometry":{"type":"Polygon","coordinates":[[[77.66432526270074,31.360087872057704],[77.66565547512016,31.345472259237397],[77.66625427071807,31.34045483002643],[77.66878358429506,31.3257592647783],[77.67087588941081,31.31510572494932],[77.67445035819753,31.314138924072154],[77.67881718366613,31.317626271934955],[77.68196196177519,31.32057257326568],[77.68668364263607,31.321823214569747],[77.69605774307047,31.319914206575447],[77.70054360190574,31.319437278107955],[77.71302253975847,31.313964153423],[77.72054215089958,31.309257340154204],[77.7232705707803,31.308494891326234],[77.73320290469036,31.309142741344488],[77.73477557793063,31.309006777340926],[77.73678229636596,31.308216385677724],[77.74142680640205,31.30766678479432],[77.74314576966162,31.308712217894595],[77.74594620185582,31.308682517784007],[77.75032328499168,31.30939223756178],[77.75405434283374,31.311192610150897],[77.75459866199873,31.312906008405605],[77.75441530911928,31.315949165821394],[77.75536133655652,31.317254434644497],[77.7566361327514,31.31658643621512],[77.7588014826024,31.326533789702694],[77.7611542961339,31.328580565740594],[77.7779482189352,31.325464421146194],[77.7884557978968,31.32839786127232],[77.79610214869524,31.327477824242237],[77.8043790699382,31.331122232405164],[77.82631746018268,31.335208525153348],[77.83269481721209,31.339204094293564],[77.84732811609973,31.34316012833733],[77.85192658534368,31.352471849096617],[77.85243436415465,31.359438909578046],[77.85379409861883,31.363098336419114],[77.86561396561206,31.36705227324387],[77.87080532010947,31.36733993668878],[77.87342338418188,31.368715664696197],[77.87639737653774,31.371718081923973],[77.88151968198781,31.373263054246593],[77.8902609555787,31.372675862601056],[77.89550808872735,31.37385393221325],[77.8983744349323,31.374706125287503],[77.92526209387057,31.37762429402602],[77.9356149696552,31.382202244338146],[77.93756987365083,31.382853307634093],[77.9425769993291,31.383715329398967],[77.95371614068739,31.386664120952446],[77.95854025432931,31.396211239257354],[77.96096573218284,31.398699488890372],[77.96556773396378,31.402353198741196],[77.96366899982456,31.4025150002671],[77.96072399981279,31.4142489999914],[77.94892099960452,31.42209800042241],[77.94440499999081,31.42343700011753],[77.93262499994387,31.42243399972938],[77.92810099996126,31.42443800041343],[77.92197399980029,31.431650000247373],[77.91655700000558,31.43284799973543],[77.90889700019648,31.440394999729506],[77.90270999996659,31.443032999973013],[77.89817799961503,31.45675100035845],[77.89508099978838,31.4605330002978],[77.89222030381988,31.462828220091897],[77.8919475162649,31.462488223552725],[77.88374606163148,31.45770404160828],[77.87656978916448,31.454970223996668],[77.82701933517421,31.441642861229127],[77.8191054269791,31.44252218384768],[77.8078826073965,31.441301133240756],[77.77302642632856,31.442668041596903],[77.75833215340623,31.448135678618712],[77.7511558800399,31.45599540616314],[77.71288242628299,31.456678861240505],[77.70365578858383,31.448477405707763],[77.70126369806127,31.39926867880655],[77.6968212441052,31.38354922371775],[77.69101187999433,31.37739813341716],[77.66777442624885,31.370905315128255],[77.66432526270074,31.360087872057704]]]}},{"type":"Feature","properties":{"blockName":"Sarawati Nagar","districtName":"Shimla","state":"Himachal Pradesh"},"geometry":{"type":"Polygon","coordinates":[[[77.76581027972071,30.970361641576574],[77.76820399981477,30.972197999638013],[77.7852170001645,30.971003000288306],[77.79265599967471,30.967658999862977],[77.81652799976746,30.950402999998516],[77.82687400023497,30.94808400007662],[77.8314210003789,30.948866000165822],[77.83360300027829,30.952127000360804],[77.83320599995699,30.95538899970262],[77.82753800027854,30.95775600003941],[77.81890100038095,30.956293000021958],[77.81071499969755,30.965144999941856],[77.81302600014982,30.971442999894577],[77.82053400014405,30.978806000396673],[77.82188400034642,30.98917199998789],[77.82524899994144,30.990708999820527],[77.82795699981574,30.994249000291177],[77.82464600001293,30.997470999586994],[77.82440899987552,31.000552999621277],[77.82051800030553,31.002133999684418],[77.82380699999311,31.009076999703836],[77.81078300013542,31.00949300000201],[77.80780000016995,31.01805700013051],[77.80908199993439,31.0254799998022],[77.81184399960097,31.02978899976256],[77.82952900036315,31.029289000087317],[77.81948100014807,31.04946499971004],[77.819358999918,31.054155000153173],[77.81506299965775,31.057479999702252],[77.8213580003715,31.057713999701377],[77.82408900040713,31.056751000258487],[77.82392900022325,31.055113000264782],[77.82916999999554,31.056287999591575],[77.83402299986159,31.06028400040634],[77.83921099988777,31.069813000069928],[77.84553500014022,31.07241200031359],[77.85196699997715,31.072885999689163],[77.8573530001409,31.076666000435637],[77.86493700004257,31.090554999713504],[77.86611200026863,31.10635599992952],[77.87245899978308,31.111629000278185],[77.89331800032551,31.120042999784687],[77.89505000015743,31.132815999758634],[77.89956387737112,31.137576334380356],[77.89996452624194,31.138407737826867],[77.89893384382191,31.14118108334037],[77.8982811914239,31.14567788962296],[77.8921227248839,31.149340153825108],[77.88801422157911,31.151982842234418],[77.88633972260016,31.15644247683889],[77.88614590610871,31.15710560723801],[77.88413295357299,31.15911386980929],[77.88081954178847,31.161957785123718],[77.87636318521288,31.16328157188707],[77.862097611016,31.154297617141367],[77.85810165696597,31.149274392699112],[77.85365428641626,31.146737281100684],[77.8456661806498,31.14954122604678],[77.8387642337824,31.146778502426002],[77.82998461489814,31.151027681282528],[77.82649009494196,31.152539838243],[77.82382548735643,31.152229507385925],[77.8180327571061,31.152077005749277],[77.81313397095607,31.158261485179423],[77.80855582818896,31.16089185917201],[77.80268280736573,31.163828961337572],[77.79603057435156,31.161848899707024],[77.79143996608161,31.16199394056798],[77.78421456724851,31.158733865775332],[77.78195848569561,31.158382590584154],[77.78009761571246,31.157939637604215],[77.7771562210828,31.156633123220104],[77.77333261221037,31.1546240998224],[77.77174106939492,31.153831466149313],[77.76666743705266,31.15120774983785],[77.76573105484437,31.150517111875274],[77.76149045372154,31.149130109067357],[77.75741165592325,31.14888529022403],[77.7562549856791,31.1484966104303],[77.75333847259247,31.14603849258242],[77.75188171926601,31.14514557281001],[77.75332325066756,31.139317563055158],[77.75164359317733,31.13693804775278],[77.74660461980744,31.135118417980664],[77.7367815319422,31.134891105340273],[77.73488956610066,31.133343131979984],[77.73483223432021,31.129788528317988],[77.74704401776728,31.127667231757414],[77.75925580301293,31.121933999754333],[77.76774031476378,31.11342283659468],[77.76934336890139,31.103169179414124],[77.76424102840082,31.097186143625663],[77.74898413510982,31.094666657840037],[77.74237258112976,31.098409400573416],[77.72824589643102,31.095914298106436],[77.73414715686584,31.0803895660257],[77.74576479061267,31.077870079340755],[77.74637169809546,31.068818407443587],[77.72552633487254,31.05959176974443],[77.72176733509451,31.056516225043822],[77.71899644023358,31.04832879713632],[77.71981192927717,31.04789540394978],[77.72369085005272,31.042513403970474],[77.7277143071696,31.040582013649043],[77.72831675941097,31.03863930176243],[77.7280823682068,31.032769094917853],[77.72834858372022,31.032212196935404],[77.73016619541363,31.031357590980065],[77.74190160167763,31.032188268673735],[77.74494548034971,31.030197893617924],[77.74617604338977,31.029161921385594],[77.75012621655173,31.029277083170882],[77.75566290801686,31.03092961171228],[77.76386370974245,31.0303196168569],[77.76670582461418,31.028652594841446],[77.77273982858026,31.01364694874775],[77.77555771931333,31.007295967934624],[77.77435433108758,31.003452186369373],[77.76616203335124,30.989926552768225],[77.76380931334921,30.986218010352957],[77.76188737400315,30.97761851308394],[77.76334180887744,30.972725576124503],[77.76581027972071,30.970361641576574]]]}},{"type":"Feature","properties":{"blockName":"Haripurdhar","districtName":"Sirmaur","state":"Himachal Pradesh"},"geometry":{"type":"Polygon","coordinates":[[[77.45777335665514,30.74293595463064],[77.47111573720156,30.74095459168109],[77.48540835581105,30.743652494866808],[77.49373802678855,30.74942783222872],[77.49609040324958,30.756936415882933],[77.49760992475825,30.75675113395772],[77.51168644617263,30.74830233968129],[77.51975360774287,30.747819907362896],[77.51889478666516,30.745500894850466],[77.52447078120167,30.734587629915268],[77.53162848986295,30.729244689291022],[77.52451634895039,30.716834325643674],[77.53451629029462,30.712384579085096],[77.53723884929354,30.713228135070437],[77.54359975232677,30.713708868569483],[77.54922903529183,30.7121101887343],[77.55335769959822,30.71730701021039],[77.5583880808453,30.72027538809874],[77.56028015640413,30.72175979467886],[77.56238492972079,30.719716552976593],[77.56148057326988,30.71739930043742],[77.55722336886345,30.713109470425763],[77.5551160540627,30.710622549990717],[77.55481368670235,30.70791205359842],[77.5545544346395,30.70542432827017],[77.5562301468039,30.704940899502958],[77.5594118555727,30.707612976857433],[77.56267827598168,30.708094154621563],[77.56912743488328,30.712101119071463],[77.57110669701649,30.715256254672454],[77.57450234101026,30.715699931606594],[77.5761340142734,30.713768132093662],[77.57866865183689,30.71246700734656],[77.58540760827458,30.702845604141373],[77.58639297655469,30.699465951892194],[77.58841040231829,30.697013890079006],[77.5899159852346,30.698758055040287],[77.59142909097983,30.69908700006505],[77.59045725479854,30.702430290925236],[77.5931601717046,30.711177277909087],[77.59370325789911,30.7135714179866],[77.59595060793424,30.71704172369664],[77.6030172062791,30.720291772847077],[77.60392836160469,30.721550788638012],[77.60092261328805,30.735690168166798],[77.5963495301068,30.74343133268991],[77.58580739919216,30.755841320420643],[77.57672322399765,30.758428186111928],[77.57520138763397,30.76155898066247],[77.57605073795128,30.764746891156165],[77.5778130071646,30.765711141555983],[77.57752253603627,30.769479046420884],[77.57507557697636,30.770651569914094],[77.57415234555435,30.774565233298915],[77.5781867546151,30.772734831447337],[77.58169332728528,30.77278979621218],[77.58705271740905,30.773186192189087],[77.58834305388888,30.77597880657669],[77.58720399956496,30.77628100036793],[77.5538559995548,30.776380999583523],[77.54801199985394,30.774776000212285],[77.54486100023502,30.77374999966281],[77.54392999956985,30.776383999721872],[77.54785199967012,30.781307000118034],[77.55287900036564,30.792877000373323],[77.55260500032057,30.796433999829276],[77.54859199962112,30.797521999640594],[77.54299899980407,30.797981000123116],[77.53839899991397,30.797873999685407],[77.52958700004007,30.795823999577976],[77.52788499979295,30.79261600002843],[77.52458826413715,30.78364073273366],[77.52479341388499,30.77822364930205],[77.5230244779973,30.77520081386649],[77.52043742974365,30.77238864911692],[77.5020310099232,30.766699146648364],[77.49292171756326,30.759799642339658],[77.49053817329809,30.7586878752453],[77.48497098762101,30.762161236851625],[77.48342758731337,30.762281176734973],[77.47535828805462,30.75705467313469],[77.46638632037246,30.758957197017082],[77.46305377101476,30.76030376990309],[77.46146211038814,30.757991914195543],[77.45885478152303,30.752043637204167],[77.46143196331451,30.750974504270005],[77.46170297041579,30.748904663319593],[77.4579797339776,30.74644468027782],[77.45777335665514,30.74293595463064]]]}},{"type":"Feature","properties":{"blockName":"Narag","districtName":"Sirmaur","state":"Himachal Pradesh"},"geometry":{"type":"Polygon","coordinates":[[[77.10548431385007,30.83510682901698],[77.1071357766948,30.832251671277675],[77.10728838804874,30.83198781288729],[77.11568291813222,30.82713484539687],[77.117442708814,30.823339869139716],[77.12603542069814,30.819422512239214],[77.12457302232718,30.813822836754582],[77.12994280141919,30.81489444372363],[77.13425256490399,30.812362266705293],[77.13837640614628,30.816916924576446],[77.14140693168463,30.816150659025766],[77.14183817729008,30.8142007219858],[77.147628284218,30.816061240334022],[77.15042606880809,30.81239328342332],[77.15450658790877,30.810269056871505],[77.16106409083517,30.808754846758802],[77.1638976792346,30.81165752017847],[77.16363783901511,30.80125791741898],[77.16561991063043,30.799265823758788],[77.17237951190504,30.798604886806118],[77.17513923358882,30.803346423798473],[77.17881281306092,30.80257835960367],[77.17824763861768,30.796212817867286],[77.17509512813768,30.7927563716093],[77.17724713924412,30.786827509182274],[77.16499659231891,30.77415606694899],[77.16668643642993,30.772464072558932],[77.17623307719481,30.77821564983242],[77.18229145728498,30.78463899729195],[77.18387101483552,30.775655024559796],[77.18599962018635,30.773298854758366],[77.19031540733022,30.781479657360364],[77.19915499840454,30.770862954661652],[77.20628179287053,30.778211074081867],[77.21516787439793,30.78397715472198],[77.23277449384784,30.76674760931479],[77.23524401330064,30.766187614067178],[77.24160886705562,30.783566913682193],[77.24479754377171,30.78686578163058],[77.25589384772297,30.786321759241844],[77.26277503733814,30.783336501078736],[77.26947292713396,30.78281243104891],[77.27563977085879,30.774409778288714],[77.28194660844929,30.770735587277557],[77.28002750826295,30.76699669184393],[77.28428955371999,30.756209234868322],[77.28384379935193,30.74999270539911],[77.28171903680413,30.745969497394412],[77.28254185891973,30.743911126397393],[77.29581762038691,30.746747596224623],[77.30871524301409,30.742077810742444],[77.30836771259993,30.739233401700176],[77.29643319283764,30.73353125116637],[77.29337781093727,30.72703596603708],[77.29292079885585,30.721469632017943],[77.29647455625582,30.7174171142085],[77.30275804115075,30.715272954183547],[77.3168498816168,30.72105796285473],[77.31965740226735,30.720238607625674],[77.32591688695481,30.71343217415557],[77.32735881675603,30.710974411539894],[77.32727666908306,30.712082609225092],[77.33146460680621,30.715714018587164],[77.33076480834927,30.71767496692621],[77.32991551738729,30.718537074126743],[77.3287610720659,30.720732836351374],[77.32887514117488,30.722727972418056],[77.32997496976907,30.721696530970178],[77.33021039339502,30.722311569223564],[77.33104263860696,30.723565044291433],[77.32882878022406,30.728377991950822],[77.32524770411828,30.731946645721166],[77.32415838410219,30.736718235358353],[77.32341399905687,30.741343615915184],[77.31996420868137,30.742708461226528],[77.31532456487685,30.7445037841224],[77.3133714262504,30.745984908177036],[77.31558185911558,30.7543411811007],[77.31372363943444,30.75861055513309],[77.31488686843431,30.7602446205928],[77.3138077638173,30.76215092162778],[77.30330623639372,30.76531180299736],[77.30100848925042,30.76778295561894],[77.30088712843826,30.771049315773382],[77.30068619651081,30.774148419114283],[77.2975159963662,30.77851786520739],[77.2970162997625,30.779576544422014],[77.29661169117668,30.782725657263313],[77.29251333042589,30.78630573692027],[77.2917349492086,30.790456153129014],[77.28712486791835,30.795553690350573],[77.2856624857352,30.797732634353622],[77.28367755067848,30.798818357980906],[77.2808139357146,30.801324961877526],[77.27997533589308,30.80259150859132],[77.27730777673258,30.806430675735157],[77.27533640255297,30.80965029722347],[77.27274427582773,30.809183537390368],[77.26942559041873,30.806087961190485],[77.26473805231933,30.80474061668616],[77.2644439560238,30.80504893036391],[77.26107379162227,30.810323511720753],[77.25916745281575,30.81406896770875],[77.26093741123259,30.819083216916965],[77.25570000155386,30.821360778776977],[77.2530969786427,30.82262381813473],[77.25003220602156,30.82516200981894],[77.24764955568253,30.832060504188973],[77.24807091953738,30.833817410744984],[77.24249647183478,30.84291946715973],[77.24192298315921,30.84512204624548],[77.24207227511545,30.84946837796332],[77.23402178068068,30.852696560098195],[77.23110417941439,30.85560542085352],[77.22978019659882,30.859165301737335],[77.2331383055884,30.866702378611933],[77.23078489400768,30.86890628599633],[77.22640925158572,30.869807609033955],[77.22442605042193,30.871556159089494],[77.22462995101148,30.87316797532185],[77.22500777329014,30.873759631202063],[77.22404868409956,30.87871784275427],[77.2196891350456,30.877484894712154],[77.21927437671116,30.877685245677583],[77.21437986773674,30.880798248940096],[77.21275168114522,30.87901934316818],[77.21462999977473,30.87632200026013],[77.20224799984538,30.8709240004423],[77.19530499982596,30.86506299995756],[77.19044499963707,30.862589000082323],[77.17998500020764,30.862115999853586],[77.17928824865379,30.854938748024836],[77.18034399967593,30.84945299955632],[77.1772000003798,30.846005999777105],[77.17128800024108,30.844733999574487],[77.16642232712877,30.844891622850184],[77.1627810000432,30.848384999767973],[77.15708199983447,30.852612000443514],[77.15547200023269,30.856621000059135],[77.1508639999737,30.857123999872726],[77.14819300000698,30.853223999887746],[77.13513899966517,30.855596999601914],[77.131134000234,30.85409699967687],[77.12547299997902,30.854202000022326],[77.11922499963407,30.853549999632833],[77.11534899985651,30.84443099999072],[77.11092291985693,30.84160014642964],[77.10860399997466,30.84011699979976],[77.10699500041898,30.83667800038944],[77.10548431385007,30.83510682901698]]]}},{"type":"Feature","properties":{"blockName":"Pajhota","districtName":"Sirmaur","state":"Himachal Pradesh"},"geometry":{"type":"Polygon","coordinates":[[[77.30772283753896,30.968971969580764],[77.30624475409218,30.96875816835484],[77.3017429997397,30.9681069998382],[77.30056000004402,30.956653999582443],[77.29512799955756,30.951545999648204],[77.28734600041764,30.951422000225193],[77.28732516762244,30.95141436138374],[77.28780740208998,30.950306384032444],[77.29098148820515,30.948660720016278],[77.29915130199106,30.94671879143914],[77.30572832380318,30.947119818025214],[77.30890052583868,30.948786195226774],[77.30696464430292,30.952693078622758],[77.30818115723469,30.95432055834715],[77.31446342984344,30.94586197584954],[77.31674505034385,30.9388276523743],[77.31674006630107,30.931100680951715],[77.3202940035655,30.93254432665941],[77.31864802478657,30.935699247322475],[77.32028228000325,30.93881162195885],[77.31929483518854,30.940600905007784],[77.32628101885399,30.938457203637086],[77.32872025003957,30.933558327554806],[77.33916774169796,30.93541528099047],[77.33722965682324,30.93172578171948],[77.34037903676318,30.927009792667832],[77.33194933419446,30.92641900733139],[77.32382235421835,30.923655729728182],[77.32221536374811,30.9183737460516],[77.3239653770006,30.91605072256283],[77.31802020177093,30.911465645123485],[77.31720120537136,30.90855913159868],[77.31960478293445,30.896874725887926],[77.32091153743755,30.89753716380909],[77.32288405555477,30.89397937205041],[77.32866306484863,30.890755332192896],[77.33861624234578,30.904395016916567],[77.34687366718606,30.904987659353026],[77.35170948370575,30.901762666214154],[77.34306519120565,30.89438655899255],[77.34283375607305,30.891432119696617],[77.3523946169181,30.896231152146015],[77.35546573875291,30.896438354146767],[77.35234039499329,30.892266804769292],[77.35349764170286,30.89176946798659],[77.35869658198175,30.89533705156373],[77.36175720603029,30.892490915823146],[77.37751048731917,30.887915864025956],[77.38424771436058,30.880477423894035],[77.41468486431512,30.873781896617288],[77.4332520145689,30.875623282788297],[77.43598899959272,30.878810999927737],[77.43720199977253,30.88746299961781],[77.43499799975791,30.893988000146123],[77.42745199980999,30.901205000210666],[77.42482800021207,30.913467000002072],[77.41133899959522,30.926418000090678],[77.42967199966313,30.933693000131882],[77.43565400033191,30.93758799988632],[77.4424740000751,30.945031999627133],[77.44256599982111,30.96749100020952],[77.4407879996665,30.975855000108197],[77.43238099958353,30.985192999957007],[77.41776299996252,30.995444999687038],[77.41636700033683,30.998713000204873],[77.40913400043382,31.00094000038075],[77.40422799992234,31.004746999674353],[77.39415000012247,31.01209300029177],[77.3737490000164,31.022249000091335],[77.37313100029547,31.01696199999634],[77.36331199984897,31.009841999908417],[77.33745599999446,31.00086599966619],[77.33072699995114,30.988934999850414],[77.32534800011018,30.983939999731263],[77.32390025529259,30.97965708190884],[77.32096899961971,30.9758590002927],[77.31701699993465,30.975690999739925],[77.31299599976563,30.971673999755353],[77.30852500042846,30.969088000111185],[77.30772283753896,30.968971969580764]]]}},{"type":"Feature","properties":{"blockName":"Kunihar","districtName":"Solan","state":"Himachal Pradesh"},"geometry":{"type":"MultiPolygon","coordinates":[[[[76.9968867853969,31.078923994846548],[77.00090810572453,31.084928322084465],[76.996378791648,31.098927155563842],[76.99077513126736,31.10340522357228],[76.98556094298317,31.10417203321282],[76.98320587035471,31.0993008445584],[76.97283798488513,31.09266539918889],[76.96682461226612,31.080016579401672],[76.96537310828239,31.08250487130283],[76.9589450186977,31.082712228886294],[76.95002863811123,31.080431293669335],[76.9429784757761,31.074832636217252],[76.94194168785867,31.058451378128666],[76.94641617926334,31.051858843910566],[76.94699307187284,31.05415873144034],[76.94830023286949,31.054429413886396],[76.9614503068862,31.052746955907367],[76.97399052274449,31.056086610808507],[76.97460020013921,31.05890508160428],[76.97282250305614,31.06170509381508],[76.97281923312119,31.062297918813954],[76.97378672827494,31.064177069316372],[76.98039367592747,31.067760141017743],[76.98534870387965,31.073672556643203],[76.99610391476392,31.078871621028554],[76.9968867853969,31.078923994846548]]],[[[76.85345839808667,31.16339643239951],[76.85687561771562,31.1595027285681],[76.85493141295439,31.14456937627574],[76.8580180642823,31.14078399128823],[76.86024071623615,31.137163439441224],[76.8648356619363,31.129323972723228],[76.8740137119633,31.127614875026495],[76.87900195817389,31.121234102372],[76.88342019968252,31.11554533644818],[76.88689018523394,31.109667746169578],[76.88084301159574,31.106411979129575],[76.87912253387788,31.10323086301395],[76.87765919751399,31.10082870368177],[76.87875122988538,31.09723837265284],[76.88314990484429,31.089078385758967],[76.88520547355381,31.084227861726504],[76.89049957829297,31.076962062649102],[76.89213488391783,31.072578086209774],[76.89328609707576,31.07076592081063],[76.89364290489618,31.070398493795494],[76.89796784444053,31.071231566383744],[76.9000425561191,31.071682457679344],[76.90485794273991,31.069637976711306],[76.91249666009287,31.061624173716723],[76.91736015864444,31.06334761110344],[76.92430597444121,31.064813375636845],[76.92031168683496,31.083282462915406],[76.92530365893674,31.090358752354575],[76.92533648329214,31.0983055279778],[76.91630398134373,31.098006933273382],[76.91660257604809,31.106591542265903],[76.90637569438286,31.111742306762096],[76.90495736818804,31.11495220478048],[76.9076447241248,31.12107340431419],[76.9121982992122,31.12383540937668],[76.91055602564012,31.127791794156053],[76.90831656265931,31.129135472124403],[76.90794331882915,31.132793261300037],[76.90951094327545,31.13451018309854],[76.91421381571507,31.13451018309854],[76.91570679103563,31.146230040983653],[76.91137716242616,31.146603283914487],[76.90876445471588,31.143766630625578],[76.91115476907737,31.1399307585977],[76.9091367443653,31.137087177831063],[76.89995590014473,31.138765162582217],[76.8968206521514,31.144289171807884],[76.89040085701401,31.146080742732124],[76.8836824671722,31.145632849776234],[76.87987537974504,31.149887830159287],[76.87442601964517,31.149962479285023],[76.86390054327552,31.16556407282377],[76.85792864109396,31.166833101666384],[76.85345839808667,31.16339643239951]]]]}},{"type":"Feature","properties":{"blockName":"Mamlig","districtName":"Solan","state":"Himachal Pradesh"},"geometry":{"type":"Polygon","coordinates":[[[77.04669999970525,31.11605999956936],[77.03070799967452,31.11465300033575],[77.02599299987708,31.109322000010366],[77.01730300023331,31.109150000172406],[77.0000689995847,31.10538099993323],[76.99281300041969,31.111727000300903],[76.99272126687305,31.113595141302767],[76.98734421226567,31.111954421759208],[76.98547062227146,31.10864849503207],[76.98556094298317,31.10417203321282],[76.99077513126736,31.10340522357228],[76.996378791648,31.098927155563842],[77.00090810572453,31.084928322084465],[76.9968867853969,31.078923994846548],[76.99799940684721,31.074819144587877],[77.00057725323768,31.072873280577483],[77.00198513920287,31.070685196764487],[77.00319186661142,31.066076985164784],[77.0051917870714,31.0656618248334],[77.00742674804604,31.06411993718541],[77.00626605693304,31.05892214983737],[77.00116396374597,31.056464155196636],[76.99880999458566,31.05611704116859],[76.99847573996351,31.055681182040985],[76.99901696995727,31.053145185601863],[77.00107853084955,31.05232668293013],[77.0028389132853,31.052274442211797],[77.0034863990781,31.050840415652715],[77.0035806902967,31.050289784146287],[77.00563665920453,31.04843224794996],[77.00803773575296,31.046332589977112],[77.01001247969225,31.046459150669307],[77.01251554385732,31.04650879684357],[77.01370877963654,31.046184797190676],[77.01747657118688,31.046067898814556],[77.01903883567377,31.045647842573942],[77.01904245904228,31.044927122288925],[77.01840729755878,31.042598747834006],[77.01150707738975,31.037239378394645],[77.00720418292678,31.025416084984386],[77.00941485501158,31.023620144254323],[77.00998631301798,31.02070979422166],[77.01122309127271,31.011947089786418],[77.01240218701139,31.006879634887298],[77.0146713662906,31.003693146221792],[77.0197728137644,31.006071932173995],[77.0210285488285,31.006076595158788],[77.02141050708929,31.004018573098733],[77.01797389717768,30.997902491606737],[77.01930682105302,30.996345521428736],[77.02382889558714,30.99672422324437],[77.03011079407793,30.99849264292118],[77.03949237237515,31.000763469758397],[77.04885631406768,31.000763469758397],[77.05076732305355,31.003964408730553],[77.05019401963835,31.008264178948764],[77.05411158787956,31.013232801052993],[77.0522483535787,31.016959267855952],[77.05291720726336,31.018918050627576],[77.05702587604338,31.023217820845787],[77.06739309691397,31.02703983791821],[77.06939965706857,31.029380822666894],[77.07701196762827,31.028448938867484],[77.07709146589849,31.02379112336172],[77.09099405393249,31.01624263858696],[77.0971570557536,31.016529291193876],[77.10255565541922,31.022214540768516],[77.10293785739628,31.02584545730207],[77.09591490135165,31.024268874708866],[77.08702871100627,31.02703983791821],[77.08785844261308,31.03009862285319],[77.09007507900174,31.03070026930203],[77.09028188979744,31.03197007425956],[77.09517008903111,31.036815064667064],[77.09321599991853,31.03778599982411],[77.08712799975746,31.04295699996561],[77.0806729997592,31.045777999655],[77.07350900034015,31.047234000248977],[77.06768799990135,31.050585000097726],[77.0710530003957,31.054796000035424],[77.08061199964413,31.056580999613516],[77.081885999939,31.062137999569075],[77.08667000022041,31.06584399960093],[77.07830800041393,31.085102000057304],[77.07351699980973,31.08716800000326],[77.0703660001908,31.085474000125032],[77.05851699965984,31.090049999807718],[77.04630300028327,31.080118000445395],[77.04331199994891,31.072482999990484],[77.03917699991865,31.068338000398455],[77.03477500016618,31.07982300033126],[77.02788499989288,31.08171500034706],[77.0260089997156,31.087338999795065],[77.0268249995741,31.09179300014688],[77.03659100027448,31.0952030000185],[77.04138199997936,31.099478000209615],[77.05002600019981,31.100406999883205],[77.05605300024581,31.103941000077157],[77.04669999970525,31.11605999956936]]]}},{"type":"Feature","properties":{"blockName":"Panjehra","districtName":"Solan","state":"Himachal Pradesh"},"geometry":{"type":"Polygon","coordinates":[[[76.64939899996392,31.209820000292837],[76.63407900034565,31.203509999786718],[76.6326520001897,31.200752000304647],[76.6261519999149,31.199496999986593],[76.61970500028559,31.19397900003088],[76.61457800037448,31.187895000054255],[76.61220599980709,31.183341999633626],[76.60428599969919,31.179729000293207],[76.60635399973734,31.169146999734323],[76.60329399981828,31.16161300033974],[76.60534700006406,31.15716700035682],[76.60392800027705,31.15411800004574],[76.60850500000578,31.148176000322223],[76.6125949997595,31.14799900025372],[76.60972175665381,31.139265647891364],[76.60311100037245,31.124516000113374],[76.61123700008756,31.123001000395902],[76.62108600011885,31.116421000029163],[76.62937900034063,31.118355000183158],[76.63750500005574,31.114767000196935],[76.63952599972515,31.106987000249887],[76.63574764473805,31.103229806310537],[76.62909661591613,31.096614730585372],[76.63290662164331,31.092963475883778],[76.6414722774237,31.093874714846265],[76.6496734361802,31.09679068294372],[76.6713609461508,31.10644982619857],[76.68156683314288,31.11282850523139],[76.69960938276688,31.1188426890389],[76.70252534996496,31.13232903935375],[76.7154649574419,31.133422526828213],[76.72275487633652,31.137067487174818],[76.73150277883025,31.139072215410465],[76.74006843371131,31.13925446302312],[76.75082106533995,31.150553836590348],[76.7537370334374,31.150007092853116],[76.75738199288475,31.145997638180518],[76.76118881950845,31.146275836260884],[76.76161954260789,31.14741227895354],[76.76332430017635,31.152010849820897],[76.75872994623012,31.1593889436449],[76.75686153723024,31.161945700933416],[76.75122171600947,31.166915448089526],[76.74859614709459,31.16833625191657],[76.7457444760268,31.1707859224324],[76.73669017361266,31.168654436553084],[76.72973317114901,31.169284503377185],[76.72823361279103,31.16871881991767],[76.7258298103975,31.168780919004234],[76.72358408993387,31.171548111356287],[76.71735425229696,31.172368072728432],[76.71376254080866,31.175858593399425],[76.70415950175965,31.176657266919392],[76.7032404980506,31.178611991050616],[76.70474907301139,31.180009942205118],[76.7074976359072,31.181845898269614],[76.71141254485315,31.18767936960728],[76.7137559173018,31.193110012117415],[76.71850219731863,31.196025992805403],[76.72237816382125,31.196551541320616],[76.72561524924441,31.19355863712144],[76.73050307805465,31.188201449437372],[76.7363677189951,31.181301239160916],[76.73805427158743,31.181232175724404],[76.73863372636544,31.18160453911821],[76.74370079635474,31.18435229712088],[76.74933818490939,31.185329787339867],[76.74989792564878,31.191606220650613],[76.76005107459747,31.196213200179102],[76.7667806592001,31.199497330937106],[76.76843945691547,31.20203113662768],[76.77748375617045,31.210015958070073],[76.77834821599743,31.21222061189178],[76.77787772757512,31.213582905826513],[76.77946884591057,31.213907860559345],[76.78198853404365,31.215662444166526],[76.78618328143335,31.222556965331762],[76.77905300029579,31.220467000251915],[76.77494000038075,31.227093000041975],[76.76799000003854,31.228186000083895],[76.76535084056889,31.22827906822448],[76.7595941191733,31.228482076686532],[76.74814736560847,31.234087495241738],[76.74533100012559,31.23652799986735],[76.7326200003128,31.24019399985326],[76.7286990002587,31.23433300026778],[76.72283899982006,31.2302550001682],[76.72132030478826,31.22961736195174],[76.71318099960348,31.22620000022988],[76.70571899993195,31.223976000192295],[76.69409199974604,31.217044999826953],[76.67191300038473,31.215209999741774],[76.6642610000452,31.212230999960752],[76.64939899996392,31.209820000292837]]]}},{"type":"Feature","properties":{"blockName":"Birhu Kalan","districtName":"Una","state":"Himachal Pradesh"},"geometry":{"type":"Polygon","coordinates":[[[76.30983874825966,31.58576152677307],[76.31901333589678,31.567208471593744],[76.31880945599164,31.559868801304162],[76.31340664390154,31.543762302288485],[76.31219147725494,31.53229227876568],[76.31560625162729,31.531937358622258],[76.32849882905776,31.5144752629231],[76.33666580008668,31.50471162564105],[76.33865925532041,31.49458296343306],[76.35318874456499,31.476374209202447],[76.35893780103873,31.46784251182254],[76.3596871881133,31.459807741134398],[76.36160523339487,31.45377556369135],[76.36426475711289,31.44757745683421],[76.36427580168697,31.44029768858752],[76.36783855770335,31.435136175394234],[76.3629465776225,31.42736984963892],[76.36187223401646,31.416709908435564],[76.365435532324,31.407936247559803],[76.37333700010254,31.413093999788316],[76.37095600001942,31.427088000311016],[76.37736499969503,31.43883499973549],[76.38336899957972,31.425595999855545],[76.38945799978694,31.419604999671037],[76.38721499977248,31.41108499977298],[76.39581299967028,31.40804900006134],[76.39655299962129,31.412985000157676],[76.39577499971654,31.421792999847128],[76.39881100032744,31.426971000311482],[76.41728999993359,31.412577000228453],[76.43492704884426,31.41148439498886],[76.44158899993243,31.41481600005841],[76.4490430001344,31.41664699995914],[76.44867726114671,31.429135701751306],[76.4436997285597,31.449294708683908],[76.4272738721915,31.472689111213583],[76.41507891685859,31.484137435894013],[76.40935475541767,31.498074527317613],[76.39840418300668,31.504545319411022],[76.393675527004,31.510518358335617],[76.39243114408208,31.526695339018715],[76.3896935007545,31.53391276086529],[76.38148057257041,31.544365579208147],[76.36559985464964,31.57526172065195],[76.35826018436006,31.57781021766749],[76.34674097961255,31.576586939136007],[76.34266338510719,31.58280527084662],[76.32074631419113,31.589737182225235],[76.31187754641172,31.589839122177807],[76.30983874825966,31.58576152677307]]]}},{"type":"Feature","properties":{"blockName":"Dulahar","districtName":"Una","state":"Himachal Pradesh"},"geometry":{"type":"Polygon","coordinates":[[[76.17075300005098,31.402291999875956],[76.16700699997313,31.395038999949918],[76.14803300002296,31.380450999913762],[76.14893300015791,31.35953899962516],[76.15349600014036,31.350874000234967],[76.16162099980937,31.34589399990824],[76.17195899990799,31.34466399984376],[76.18020599980713,31.33915899958822],[76.17995499992338,31.323866000315718],[76.1822970000066,31.311796000385186],[76.18666099980533,31.3043899996988],[76.19952400033242,31.302289999983543],[76.22023799958407,31.302846999589406],[76.22882099968945,31.305222000295146],[76.23706100016506,31.310644000320394],[76.25134063975878,31.311057343121945],[76.25293081830267,31.316404545633304],[76.24767454444475,31.33424402204406],[76.24496676580367,31.336473956707778],[76.22601232341003,31.339022453723317],[76.21995964322304,31.34571225681526],[76.21820755163725,31.352561342432068],[76.21884467634078,31.36673735494503],[76.22139317155768,31.373427158036975],[76.22346382639455,31.37629421740428],[76.22840153790071,31.3775684650127],[76.23037088231041,31.3713986292434],[76.23342465082703,31.37048598014394],[76.23306824680219,31.373944563191117],[76.23636559039971,31.37820558971623],[76.2352506226182,31.38011696202824],[76.22617160413625,31.38951454286189],[76.20212016681228,31.398912124594915],[76.17075300005098,31.402291999875956]]]}},{"type":"Feature","properties":{"blockName":"Gagret","districtName":"Una","state":"Himachal Pradesh"},"geometry":{"type":"Polygon","coordinates":[[[76.02790930067374,31.67866359315036],[76.02671912079086,31.678408554411305],[76.01177889318143,31.66979436761602],[76.01174899971664,31.667256999710844],[76.01911899964216,31.66138599966422],[76.01829500031408,31.65525200007977],[76.02061500028208,31.649771000031706],[76.01708999960385,31.644918000165603],[76.01817202791682,31.643096633802656],[76.03192100005418,31.619945999708193],[76.04571500034706,31.60770800012415],[76.05100299958883,31.605043000434193],[76.05429100012958,31.60669500017417],[76.05835000025235,31.60124799989535],[76.05743400027893,31.590174000030117],[76.07818117642023,31.56134741355237],[76.08244336486945,31.55952004061743],[76.0935010861063,31.56115894622843],[76.10286434701209,31.558295431089334],[76.11389590427262,31.558158269188823],[76.12040099740818,31.555559888578046],[76.12866424086207,31.557945330412736],[76.13726433977752,31.55722925602538],[76.1400300077787,31.55891551723738],[76.13888559439471,31.573643425703608],[76.12263892794425,31.588137999669016],[76.11594912395299,31.605818196252812],[76.10846291543123,31.612507999344757],[76.09906533369826,31.613622967126275],[76.09460546527004,31.61123375083696],[76.09205696825455,31.612189436992992],[76.09032959723316,31.62862927871828],[76.08537124178946,31.635283913821638],[76.0753240491656,31.641808065389966],[76.07003948623338,31.647745043299153],[76.06048608436538,31.649201098751746],[76.06030968324535,31.65271344327084],[76.05204830768332,31.657539728775532],[76.04270329222322,31.67703848313954],[76.02945926423371,31.678995728070447],[76.02790930067374,31.67866359315036]]]}},{"type":"Feature","properties":{"blockName":"Ghanari","districtName":"Una","state":"Himachal Pradesh"},"geometry":{"type":"Polygon","coordinates":[[[75.99599251324395,31.850468776412924],[75.98974600037769,31.849627000185933],[75.97929400041784,31.84924700064863],[75.97010800038396,31.85331500028707],[75.95897699968884,31.856227999722478],[75.96826900011433,31.8386209998593],[75.97044399969087,31.83103199972703],[75.9823069999681,31.822135999576744],[75.98560299997854,31.81782300033126],[75.98614499979197,31.81316400041834],[75.98162800013216,31.81349200025568],[75.96756700011701,31.822618000220587],[75.95070599958228,31.81693799998874],[75.94787600037716,31.8137169998397],[75.93644700032888,31.815886000038915],[75.94183299959332,31.803826999716307],[75.947601000286,31.795767000346814],[75.95104199978852,31.782988000096168],[75.95963300026278,31.779899999785187],[75.9664380002136,31.761597000201448],[75.97404500027659,31.748085000322533],[75.97425800020659,31.742846999789265],[75.97204599982308,31.739037000357314],[75.98052200039007,31.731976000292207],[75.98384099966245,31.718166000160807],[75.99182099983932,31.703461000125117],[75.99023400039886,31.693778999701124],[76.00003099983081,31.68380900038511],[76.00508900015728,31.683154999903365],[76.00540899962567,31.68416000038377],[76.01183299999303,31.674387000259912],[76.01177889318143,31.66979436761602],[76.02671912079086,31.678408554411305],[76.02790930067374,31.67866359315036],[76.04163496238368,31.68851691172614],[76.05386774589982,31.691269287747502],[76.06069771732587,31.69565270211058],[76.06130935614192,31.698303139078632],[76.05586381006685,31.7103821160419],[76.06183471310158,31.711175452085513],[76.06847369010876,31.70917123286614],[76.07935271155844,31.711453381268598],[76.08373612592152,31.718487231700408],[76.08455164464272,31.72633660175285],[76.07721197525251,31.732860753321177],[76.07609063577428,31.742443099869206],[76.08834513072327,31.765829716967914],[76.08703128596511,31.767033251783175],[76.08506590576701,31.770062473304563],[76.08322696575192,31.7783509409432],[76.07911115635483,31.780635798103674],[76.07595592542566,31.781399308131597],[76.07323756266345,31.781390228576242],[76.0572405057448,31.78503513856083],[76.0549066418281,31.78672453840676],[76.05288668267434,31.78802135000535],[76.05024582798262,31.788622403800957],[76.04499796368515,31.789875104552493],[76.02410945638638,31.808600691968422],[76.00519690441365,31.823996579078937],[76.00240951418778,31.83250213316694],[75.99790016056403,31.846674728256176],[75.99599251324395,31.850468776412924]]]}},{"type":"Feature","properties":{"blockName":"Ispur","districtName":"Una","state":"Himachal Pradesh"},"geometry":{"type":"Polygon","coordinates":[[[76.1400300077787,31.55891551723738],[76.13726433977752,31.55722925602538],[76.12866424086207,31.557945330412736],[76.12040099740818,31.555559888578046],[76.11389590427262,31.558158269188823],[76.10286434701209,31.558295431089334],[76.0935010861063,31.56115894622843],[76.08244336486945,31.55952004061743],[76.07818117642023,31.56134741355237],[76.09821300032974,31.53524600040265],[76.1031569998957,31.525686000208793],[76.1047899996588,31.51701899982703],[76.10870400028944,31.51222199984545],[76.12229200007579,31.493078000149637],[76.12205499993837,31.48016399996868],[76.12881499961259,31.47147000014047],[76.12961599967872,31.463365999641212],[76.13536100021003,31.458889000027398],[76.13667299955932,31.45163299996301],[76.14228800039098,31.441637000347328],[76.15606137293406,31.431039662750266],[76.1540295769035,31.43302406001243],[76.16200735485558,31.440569938551846],[76.16354906533718,31.4420154836277],[76.18416878056485,31.45597317582144],[76.20052227298459,31.463439705378164],[76.2243583253765,31.475643672817284],[76.21348885112963,31.48040428712818],[76.20129389579671,31.49459025423687],[76.18835231160995,31.513504878247602],[76.17789949326703,31.531672870706473],[76.17391746701753,31.55680941112547],[76.17310147525296,31.561091194902758],[76.16690135211576,31.564657466369056],[76.15731114819101,31.567824222110232],[76.15256006309647,31.56758847472838],[76.1400300077787,31.55891551723738]]]}},{"type":"Feature","properties":{"blockName":"Jol","districtName":"Una","state":"Himachal Pradesh"},"geometry":{"type":"Polygon","coordinates":[[[76.2541091073495,31.716414093835397],[76.25154678235816,31.710665556270442],[76.25049001420285,31.70413541162003],[76.24860527711189,31.703176817955807],[76.24633676512968,31.701723524321267],[76.23811690317262,31.695916217859235],[76.23151255635946,31.681510588642823],[76.23031857504225,31.680515660569313],[76.22394140866913,31.678486188386955],[76.22218370261584,31.677289017174473],[76.22068782788102,31.672357761901253],[76.21830873526,31.670649102174366],[76.21701257566991,31.670130043167035],[76.21751574815329,31.66517300523003],[76.21702961062806,31.661804230281064],[76.2161704819822,31.658655344968224],[76.21352615770604,31.656588415123338],[76.21280493110277,31.65048052285789],[76.20884359105895,31.648790635579417],[76.20034430794351,31.647358787178348],[76.19575309263115,31.646256215651874],[76.19306606224904,31.648272898575442],[76.19202890920684,31.64857868515827],[76.18973707780395,31.64685830456716],[76.18467833104017,31.641014130397878],[76.18874538369255,31.63802062455221],[76.18983846827075,31.635094663188227],[76.19080476193028,31.63108432358274],[76.18901030328294,31.623752076297308],[76.19364935893083,31.61891432083928],[76.1954550941773,31.615139414752264],[76.19586644677918,31.613355649044024],[76.19575541558004,31.61186809663542],[76.19356417065,31.608739552188638],[76.18460242196426,31.602533789402912],[76.17668909032932,31.599494894773613],[76.17826661001612,31.598430575011093],[76.18929390179221,31.595299406342576],[76.1920077688435,31.59516663313366],[76.19429712621144,31.5942105881482],[76.1970879851225,31.590241397922227],[76.19897558205753,31.584177439337395],[76.20324990775708,31.58588346584935],[76.21153588157574,31.584268746605403],[76.21482053933647,31.579687710719327],[76.21687025975473,31.577825794824605],[76.21959366501568,31.578492841771265],[76.23038848564016,31.583724365387184],[76.23294087132422,31.583729724447267],[76.23460294886706,31.58400174868183],[76.23480789986473,31.584035292494832],[76.23554772624664,31.584312263899903],[76.23937658266323,31.587764880844645],[76.24184981901402,31.588375168878997],[76.25559466686042,31.58089948692185],[76.26164265708303,31.571311298377793],[76.26600324395463,31.569893125067722],[76.26831461672623,31.567977410828917],[76.26865772157663,31.559380259891157],[76.2654731934332,31.55488500763704],[76.2658187210572,31.551318705593815],[76.27835480992661,31.54310659309482],[76.28384006556661,31.542167830381118],[76.28625930662179,31.53435952607134],[76.28772110514495,31.527771626959066],[76.28643666102312,31.522032057433535],[76.28731251975705,31.51595224919697],[76.28913740067054,31.51621589534733],[76.30125475530275,31.51706060606216],[76.30383668911196,31.519062722666547],[76.30626368232316,31.52868455844566],[76.31219147725494,31.53229227876568],[76.31340664390154,31.543762302288485],[76.31880945599164,31.559868801304162],[76.31901333589678,31.567208471593744],[76.30983874825966,31.58576152677307],[76.30656870807945,31.589661124761165],[76.29362712389269,31.5928965212575],[76.28715633179934,31.597376299776442],[76.27595688370326,31.622015086127362],[76.27073047543115,31.625499359208106],[76.27000472613724,31.632478529060904],[76.27313631928575,31.635414397356612],[76.27946474600128,31.638676472241457],[76.28624986284098,31.635936328798607],[76.288924764966,31.63671922731055],[76.29029483713708,31.638937439311405],[76.27444114923969,31.6620329341726],[76.27391921689838,31.66581694229808],[76.27822515736517,31.67057957288904],[76.2790080549778,31.67827807087633],[76.28174819932002,31.684019324832036],[76.28566269008115,31.68643326078643],[76.28706352624815,31.688700583844422],[76.2844540003519,31.69081499971253],[76.27922100004918,31.69864300007447],[76.27357395727239,31.703601755716477],[76.26749409597579,31.70801047610263],[76.2541091073495,31.716414093835397]]]}},{"type":"Feature","properties":{"blockName":"Mehatpur","districtName":"Una","state":"Himachal Pradesh"},"geometry":{"type":"Polygon","coordinates":[[[76.27740814397072,31.40150605086359],[76.28386167087945,31.393461192480117],[76.2859858048011,31.388255616103834],[76.30250212127595,31.360788398066177],[76.30437714928604,31.357336430431985],[76.31010027920456,31.348817054663414],[76.3150264407177,31.341571318561535],[76.32981899964716,31.34495499977345],[76.33184100026199,31.349682000124233],[76.3384629998676,31.344559000397624],[76.3440929995923,31.342718000035745],[76.35069299998202,31.35044100005217],[76.34533700030238,31.356536999682817],[76.34365099989378,31.376984000111577],[76.33231399959146,31.378591999621165],[76.3328629997277,31.38567699989369],[76.32995599966972,31.399899000138817],[76.34363600010136,31.39863600035119],[76.34873999985115,31.401231999557183],[76.36102299971174,31.403186999780246],[76.365435532324,31.407936247559803],[76.36187223401646,31.416709908435564],[76.3629465776225,31.42736984963892],[76.36783855770335,31.435136175394234],[76.36427580168697,31.44029768858752],[76.36426475711289,31.44757745683421],[76.36160523339487,31.45377556369135],[76.35285976086931,31.45601437826099],[76.34240694162713,31.452530105180244],[76.33195412418354,31.451783475427078],[76.3145327596792,31.445810435603164],[76.32175018332435,31.429882332403793],[76.31975916974994,31.427144689076215],[76.31154624066653,31.427891318829325],[76.30432881882001,31.431126715325718],[76.28939622105884,31.431873345078884],[76.28491644164052,31.429633454920065],[76.28715633179934,31.41295872106815],[76.27740814397072,31.40150605086359]]]}}]}