{"type":"FeatureCollection","features":[{"type":"Feature","properties":{"blockName":"Budgam","districtName":"Ganderbal","state":"Jammu and Kashmir"},"geometry":{"type":"MultiPolygon","coordinates":[[[[74.75963803256923,34.139135542371434],[74.75433227261635,34.13860398098899],[74.7502619824046,34.13368113347758],[74.75514797300059,34.124626113404474],[74.76048768056205,34.134510118647086],[74.75963803256923,34.139135542371434]]],[[[74.64909665998294,34.20043065934749],[74.64751319307948,34.204555726365754],[74.64415207315972,34.20137323518668],[74.64103283040083,34.19884884180067],[74.63854465990818,34.19251826570547],[74.63686346907389,34.17973142426587],[74.63766448532778,34.178173945071535],[74.64172784986044,34.1742100734362],[74.64287287388407,34.17330583209855],[74.64960557733559,34.17167774892903],[74.65196802350556,34.17067801397923],[74.65207131334051,34.16675175918641],[74.65283463900744,34.15926587801789],[74.65653059181341,34.13847138314787],[74.66235095912953,34.134664353277344],[74.6630660658463,34.1342431495018],[74.66530578423459,34.126453468352906],[74.6682215005219,34.12509024631788],[74.66992802076163,34.11758920797564],[74.66895417909217,34.11549172006687],[74.6720244258866,34.11510411586232],[74.6756728711062,34.1032792576317],[74.67968415230183,34.10077571682592],[74.67382685522523,34.081530886940925],[74.67625839900597,34.08102213236555],[74.67771768482334,34.08360595475108],[74.6861001100321,34.08669008527926],[74.68755103035585,34.089591866571425],[74.68886465298141,34.087427239775366],[74.6936792634873,34.0888621836429],[74.70353933597164,34.08899430484337],[74.70488816795466,34.09093886303816],[74.69939923858408,34.09639441407103],[74.7078636783661,34.101198869432324],[74.71284725889393,34.100439073604434],[74.72509866557101,34.094334160792926],[74.71893689312316,34.08666303637011],[74.72100528976239,34.0854447346868],[74.7216021931867,34.077268774934055],[74.72969772117295,34.07740461303251],[74.73521252313947,34.07149796565864],[74.76328345966397,34.083188831199664],[74.77323403452311,34.08928579130628],[74.77674177271467,34.09052221702677],[74.78208272223992,34.08953263542281],[74.78403122665986,34.092243663314434],[74.78570379569368,34.10256399533216],[74.77634013189163,34.10646854678606],[74.76903499107203,34.112015111008645],[74.75747878641693,34.11284748122631],[74.75208026409297,34.119353311805924],[74.74751398698095,34.12230142347198],[74.7423036208155,34.11517558498531],[74.7349269398265,34.11935893077009],[74.73426086864424,34.12559501869521],[74.73591215971845,34.13264437433844],[74.73090288016385,34.13739684618753],[74.72931666223423,34.14132971549401],[74.73135031716345,34.141492391160966],[74.73544932362745,34.138786272668426],[74.73768449684212,34.14833708988482],[74.74513339608939,34.150197574058836],[74.7510511267082,34.158669671568134],[74.75126574451855,34.167509741981064],[74.74946828483354,34.17069219179126],[74.74681731906406,34.17189958469811],[74.74306670726281,34.17072071828659],[74.74074892592228,34.172322708526224],[74.73727567763046,34.17126856729061],[74.73435257970783,34.17591799122238],[74.73426284265611,34.179329085568895],[74.73542981373498,34.18154789831692],[74.73877241301648,34.18235152260473],[74.74728744236165,34.20075159860744],[74.73910068444911,34.21714289582803],[74.72990639446459,34.22383919652174],[74.72140550156269,34.22622184146485],[74.69802989936045,34.227932351996515],[74.69271194999658,34.231152631788575],[74.68379184621676,34.22908932890948],[74.68168574640015,34.22742034097598],[74.67959013267853,34.22190003605789],[74.6770677591698,34.221780244562694],[74.67428679100266,34.22136309942755],[74.67540724734664,34.205369817862845],[74.67278644124133,34.19684710830745],[74.67430411644187,34.191684719174475],[74.67101716361128,34.184422654981574],[74.67456243860573,34.184391556425226],[74.67447802194323,34.18229624487583],[74.66648253184343,34.18069175721888],[74.66539961410098,34.184804790408805],[74.65984197382807,34.18447182091785],[74.65551284883895,34.18732777635586],[74.65648038985819,34.19512854974283],[74.6509664521401,34.197423189728454],[74.64909665998294,34.20043065934749]]]]}},{"type":"Feature","properties":{"blockName":"Kulgam","districtName":"Pulwama","state":"Jammu and Kashmir"},"geometry":{"type":"Polygon","coordinates":[[[75.0064749842332,33.84861183516813],[75.00396411485207,33.84861618788682],[75.00111021706294,33.84538161427014],[74.99566590935427,33.84309029098421],[74.98998423728278,33.845949519055125],[74.98745375908379,33.85245361933909],[74.98510055884378,33.85045255134423],[74.98605465499838,33.84602742102874],[74.98418563266085,33.837863596727686],[74.9853729652902,33.833207623033445],[74.98097055904412,33.831663035620636],[74.98293535018632,33.824827061219935],[74.97709789934862,33.823680659434956],[74.97468835388446,33.82675453769184],[74.96843503315034,33.82711701663703],[74.95891598988106,33.81976613809684],[74.95199977257153,33.819233716063195],[74.94804430420135,33.82197000231383],[74.94598339891479,33.828547839810994],[74.95077009266572,33.83796565359211],[74.95111492331512,33.841197949226],[74.94944771064337,33.84139412643782],[74.94401617420715,33.84030132424675],[74.93843817777974,33.82991553957055],[74.93532666379457,33.82846754564076],[74.93416441415644,33.82875778024743],[74.93325179743255,33.826222076987335],[74.93195148567258,33.825432050448796],[74.92643556584875,33.82398978699911],[74.92123344196983,33.82031377935749],[74.9179353924045,33.8127669043692],[74.91183238525645,33.80772132637816],[74.90920289799539,33.812429934693796],[74.90505400703682,33.8129961388608],[74.89873155541699,33.80621545298084],[74.89162400914074,33.80888760228106],[74.89465115682549,33.802977654395306],[74.89370032161258,33.799942371443365],[74.89107858021237,33.79530995369146],[74.88715188205379,33.79246750786922],[74.88398719385395,33.79064862543379],[74.88353329162817,33.787836537126566],[74.8827934418639,33.783252901300386],[74.90364308226248,33.77949759234008],[74.90622156807098,33.78423659864018],[74.90926578488813,33.785227430301745],[74.90975070383195,33.77769993030756],[74.9072667133882,33.77416038669253],[74.90499620940761,33.77078550534685],[74.9119454893929,33.76831043168113],[74.91491414966833,33.76938944456725],[74.91614502387381,33.764241030898916],[74.91306384042394,33.75897659659273],[74.91530897363026,33.752797717240924],[74.91344378060603,33.74407535729193],[74.91864623003954,33.74027724240085],[74.92251134891967,33.74119956640692],[74.92580317967304,33.74145297557442],[74.92918186515101,33.74067408174352],[74.93576873723748,33.737042004185184],[74.94718461078122,33.738033121831165],[74.95441970700392,33.74170878683111],[74.96492923029979,33.749722472913845],[74.97987217566043,33.74931828970733],[74.98820237543936,33.75110203293252],[75.01294883582017,33.76631225410728],[75.01182380642359,33.76724976856201],[75.0257994014213,33.77924355814372],[75.03280006866828,33.79077406826866],[75.02692662336506,33.79525347986424],[75.02211465506736,33.79237029475337],[75.016784604426,33.79144281943064],[75.01484132956375,33.79765146724145],[75.02212510339086,33.80091109237304],[75.02096295357751,33.80529349859614],[75.01902608188823,33.80823336977426],[75.00945728272745,33.80719834183009],[75.00534722989079,33.8181069689615],[75.00851557113674,33.82317776574132],[75.00127556641434,33.824349848566726],[74.99689340570615,33.827803803702636],[74.99620902882367,33.83486468235924],[74.99781186172811,33.840022225945006],[75.00308450504593,33.841053686278656],[75.009872856747,33.84510118677042],[75.0064749842332,33.84861183516813]]]}},{"type":"Feature","properties":{"blockName":"Pampore","districtName":"Srinagar","state":"Jammu and Kashmir"},"geometry":{"type":"Polygon","coordinates":[[[74.88070143802099,34.09450585216342],[74.8837719438202,34.0974102297983],[74.8875117502671,34.10002629557715],[74.89494849068035,34.095872634614466],[74.904189695598,34.098356486562636],[74.90575142139102,34.09559699060867],[74.9046619358997,34.09042964081533],[74.89914327943887,34.09068734604426],[74.8935921826332,34.08754832359631],[74.89443663973918,34.08022960840975],[74.89815644256583,34.08150550987142],[74.90530853765893,34.088912910802264],[74.90988402382868,34.09032392371017],[74.91288410281913,34.09014210057751],[74.91999636873749,34.08557960331609],[74.92347650044019,34.08081333676614],[74.92502025148349,34.08004146124449],[74.92544353089431,34.07982982108945],[74.93119331312096,34.07998113112433],[74.93307331528132,34.07644533408495],[74.93985053967072,34.08317838467474],[74.95240315358274,34.084279009168995],[74.95913546852711,34.08767339231326],[74.96689475618808,34.08075784319993],[74.95782085125131,34.0702384597372],[74.96792508877189,34.068365298719584],[74.99791232499388,34.07009260858706],[74.99814253435056,34.07339228052939],[74.99146645311436,34.07776626550083],[74.99223381943528,34.08858612055309],[74.9955541865765,34.09674151191132],[75.00712551423118,34.10116556843627],[75.00805820742039,34.10243530774329],[75.00935491110033,34.10573052804148],[75.00895674166037,34.10778773621513],[75.00328282983878,34.10616187796836],[74.99760891801719,34.10287698188728],[74.99349450256932,34.10271107855351],[74.99087322162194,34.10639414407456],[74.9937267677762,34.109181328355646],[74.9967793986504,34.10941359356252],[75.00152552128583,34.111339093324546],[75.00312044105556,34.11392794831619],[75.00212650583364,34.115268604562516],[74.99815076494588,34.11536106386205],[74.99657895955141,34.11605450770941],[74.99645531536055,34.12128381359719],[74.99617102976924,34.122942146363016],[74.99583936339599,34.12441095510155],[74.99522341143137,34.12895952366313],[74.99872960009105,34.13431356821667],[75.00223518080901,34.140677468690285],[75.0021727921407,34.14351615894361],[74.99958365656056,34.14195643863877],[74.99718168788462,34.1396168586312],[74.99362552659682,34.13955446996289],[74.99362552659682,34.1432666033711],[74.99494343269333,34.16135971917578],[74.99912829563442,34.16877593166396],[74.99716829608008,34.16941160666039],[74.99377802733414,34.1697294450579],[74.99351316260243,34.17121268701595],[74.99753910634473,34.1755034963893],[74.99881045723686,34.17661592808264],[74.99997586259605,34.17873484593645],[74.99685045858183,34.181118628521915],[74.99635551669382,34.18399909498231],[74.99774814566047,34.18427762131523],[75.00046377178569,34.18441688403203],[75.00067266631055,34.18476504127369],[74.99510215134325,34.190335556240996],[74.9914116853011,34.19444381043354],[74.9916902107347,34.200223219925704],[74.99419694233507,34.203774423251105],[74.99538067677685,34.20649004937633],[74.99572883401851,34.20802194105977],[74.99231689340996,34.20997162089367],[74.99080581923323,34.212649470996325],[74.9944191621147,34.21318084442049],[74.99696975814788,34.22051380666687],[74.99930780391207,34.23273541071069],[75.00051214182196,34.23755276324948],[74.99552694611174,34.237227804019994],[74.99372147256798,34.23554226766157],[74.99062570391317,34.23886033973292],[74.98207284458618,34.23740809560718],[74.97789678061201,34.234724202060306],[74.97540321058977,34.22629564342924],[74.97148766672251,34.22609491115128],[74.96585216854282,34.228520748733615],[74.96275318211372,34.226592871164144],[74.96633725565988,34.21627143118167],[74.96321594266169,34.211062942800595],[74.96195326842866,34.21405995330423],[74.95124625311217,34.211095677223796],[74.9488196609986,34.21250895192662],[74.93768714494581,34.194751656463836],[74.93295182586616,34.19103211803787],[74.93149389982369,34.18204430430126],[74.92452552992933,34.1723793694124],[74.91965399233794,34.17012248566425],[74.9174918926368,34.1722160983943],[74.90845867213005,34.17416157659551],[74.90174685003717,34.16878262531793],[74.89740183312813,34.155591695100725],[74.89370215712893,34.15131290246853],[74.88398520815088,34.14649955640948],[74.86999930782184,34.14443383885066],[74.85848194848319,34.15398871650609],[74.84435933501538,34.15860033653638],[74.84850422219216,34.15660006354216],[74.85061389141799,34.15294617652489],[74.85246652001393,34.143328042355336],[74.86221281926623,34.143376147091544],[74.86436635292489,34.14145695967102],[74.86440487628408,34.138710625295175],[74.85588518035684,34.13562615122595],[74.85736829461115,34.12535689710319],[74.86960790667962,34.124060938061916],[74.87403692656295,34.12158068789847],[74.88130051780473,34.113962774562424],[74.87952891003124,34.11148252439904],[74.8765171767264,34.11148252439904],[74.87479579069327,34.10929166977479],[74.87233758111455,34.10441520299929],[74.87233758111455,34.10168785870775],[74.87733771276527,34.09668772705703],[74.88070143802099,34.09450585216342]]]}},{"type":"Feature","properties":{"blockName":"Surankote","districtName":"Punch","state":"Jammu and Kashmir"},"geometry":{"type":"Polygon","coordinates":[[[74.27227117367579,33.770137300995714],[74.28814590480971,33.76153487553415],[74.29000744928442,33.7589360308732],[74.28719589967108,33.74432507744041],[74.28760765247125,33.74204490754647],[74.29090173242906,33.739944227943795],[74.29477446047304,33.73886549294821],[74.31288622551892,33.745529879400465],[74.31974106859548,33.745606703086935],[74.31994292772401,33.74349972553193],[74.30852792562331,33.73382998286746],[74.30967096574255,33.72954461079519],[74.32286766780868,33.718906119322014],[74.34385393680981,33.69040506674048],[74.34606135874475,33.68363591016919],[74.35706192356895,33.67770138650985],[74.36556667546176,33.66504572737847],[74.36738471073585,33.658375832578656],[74.37304601765965,33.64876069045357],[74.37570773392486,33.64892217002216],[74.3810258262809,33.654172842003106],[74.38725482215239,33.65598557577374],[74.39399976267896,33.65176679310309],[74.39960607336167,33.65184543342008],[74.40642145868344,33.657979787337354],[74.41732771340332,33.66460286433079],[74.42598002875536,33.662783203981746],[74.4314258653115,33.667106563417235],[74.44620701454215,33.66261661356589],[74.45530421731581,33.66149161114896],[74.45942270849127,33.658104704068876],[74.47351619111936,33.6579892437087],[74.48526744163917,33.646254285307066],[74.4934437557248,33.641025491133576],[74.49801066685882,33.63077541145611],[74.52801341728542,33.61272026772622],[74.54604405359026,33.599820780804464],[74.54770173524696,33.59326783114557],[74.55848736300146,33.58339824293461],[74.56088102104235,33.56902680414373],[74.56482221717164,33.568499303200326],[74.56935204296246,33.56789301804838],[74.57345735817057,33.56544538449697],[74.57762415912771,33.55861447777596],[74.58183009228497,33.55762546004701],[74.59117051220943,33.55285459706204],[74.59054999618542,33.574766567922836],[74.60673849538529,33.58156985016848],[74.61523586834073,33.57855751881448],[74.61650620929419,33.579755217929005],[74.61894464907635,33.58205422052589],[74.61570833707015,33.58952448406774],[74.61754160326245,33.59175374244131],[74.61909524415023,33.59364297524314],[74.6126094450699,33.60952277585545],[74.60446029860395,33.61003477068817],[74.59656275726547,33.61493443097925],[74.583104240968,33.614432493264985],[74.57862874052404,33.62094591771995],[74.57439167103882,33.63278627846404],[74.56334565447844,33.638894383868774],[74.56322268387981,33.64766092930847],[74.56901330701857,33.659015645355794],[74.5673292743266,33.66744714117266],[74.5618925434062,33.675512844042544],[74.55726358804424,33.689394159512915],[74.56607225233262,33.71040186115704],[74.56756576005182,33.71845517226842],[74.56004407867135,33.720223882426296],[74.55756725492495,33.72500855629988],[74.56193403722608,33.73818933407057],[74.56827605359706,33.74416869343048],[74.56894770777058,33.75354920333314],[74.57445163783285,33.763301387748925],[74.57942727285041,33.778505489936435],[74.57465655105904,33.7795195924553],[74.57494129170732,33.78208994569451],[74.57193946353544,33.77968686635586],[74.56995218484553,33.78330423730074],[74.5706663517708,33.78923778159839],[74.56873704877586,33.796842956037665],[74.56007010684999,33.797518780367454],[74.55646278403032,33.802936050858136],[74.55293214550215,33.80288652609238],[74.54935358030355,33.806253747912194],[74.5387488835542,33.80701630555808],[74.54093086007117,33.81388175164159],[74.53248384105649,33.823242105938505],[74.52145987497329,33.8312413129363],[74.51845095654647,33.83203847289724],[74.51757307793525,33.834784076124265],[74.51136928286616,33.832538683913185],[74.50940451060973,33.844382159009456],[74.50923417451759,33.84797705319852],[74.50598716687432,33.848650963771036],[74.5039222002494,33.85054054910711],[74.49899510883728,33.85131080225176],[74.49683043617574,33.851760075667016],[74.49289435359162,33.85522214358713],[74.49087249057305,33.85264898985906],[74.49011025668307,33.8520098299897],[74.47300769644806,33.85217265584345],[74.46488272016148,33.849953173100516],[74.44227936400148,33.85823300544888],[74.43363320720681,33.85436946937557],[74.4225440906373,33.84298381035461],[74.40925909942797,33.83529349889591],[74.40620546850761,33.83506928172204],[74.38591987570175,33.84093984559746],[74.38230241482466,33.84066075988619],[74.37554999913323,33.83717946805808],[74.36550724016706,33.83678916948463],[74.34874436825805,33.829388604300675],[74.32486851367105,33.80559793889381],[74.31268032843445,33.80371271257167],[74.29337384552662,33.803724985619624],[74.28443838312495,33.79038585792108],[74.28299117160532,33.785446028511444],[74.27166099445941,33.783058349163525],[74.26919968042097,33.781345761198],[74.27227117367579,33.770137300995714]]]}},{"type":"Feature","properties":{"blockName":"Kalakote","districtName":"Rajouri","state":"Jammu and Kashmir"},"geometry":{"type":"Polygon","coordinates":[[[74.58144344316042,33.33195341781601],[74.58264563798588,33.33439447102808],[74.57981190839291,33.34331320603968],[74.57063682882665,33.34710020800827],[74.566798231853,33.354771291062264],[74.56739591858684,33.35980704395996],[74.56792038611701,33.368542866759924],[74.57199939255798,33.374422894201246],[74.57108441061712,33.37788869340852],[74.56068071144574,33.38413715510569],[74.54886807410242,33.3801171855597],[74.53842448370301,33.381518501977325],[74.52808599257457,33.38240326399949],[74.52147198254602,33.38065812866978],[74.52053790889744,33.377388351091554],[74.52046725725819,33.37661118395903],[74.5198720832301,33.3700642624558],[74.51447417694175,33.361737303833536],[74.51553465120327,33.349036558090745],[74.50152884977666,33.34500047089506],[74.48217960050823,33.34236554813157],[74.46820700924616,33.33629143260356],[74.45376685325772,33.3345196035969],[74.44838054102922,33.32691196411588],[74.43112296645182,33.32559293206822],[74.42384899883228,33.32178016991895],[74.42099637448314,33.314430357974686],[74.41639412718729,33.316251396984455],[74.41017901325091,33.32688653218776],[74.39580393040711,33.327548445804155],[74.38566204186981,33.31978871028082],[74.36894292287764,33.31640059361257],[74.36659250064343,33.312184133890696],[74.36812567745812,33.2970669952457],[74.37069509180509,33.29179293369697],[74.37718624454959,33.28787119529949],[74.38002612370673,33.28002771940379],[74.37678054778411,33.26582832271896],[74.3740759005824,33.261095190790456],[74.38105659838334,33.2497382525184],[74.37060767050764,33.23399872905816],[74.3683776225293,33.227489991869675],[74.37028545151242,33.222807138338794],[74.37045889026564,33.21153360229397],[74.38589496268241,33.21101328513504],[74.39300596235535,33.2137883096828],[74.39872945020403,33.21344143127709],[74.40150447385247,33.21118672388826],[74.40550071388691,33.19912557508525],[74.40343316261044,33.180141694283805],[74.41151540850933,33.17863802062823],[74.41790602154572,33.17017985631537],[74.42504847140987,33.1713076115571],[74.43519826858528,33.187096184941026],[74.44234071844943,33.19198312432178],[74.44684694782842,33.19058417671846],[74.45027760063084,33.17986338558683],[74.45129416909072,33.16341358836644],[74.45345695137723,33.1642507942388],[74.46122301992648,33.15785685371088],[74.46619950570266,33.15832005312802],[74.47138670892951,33.16245788062673],[74.47999131344841,33.1566776770332],[74.48418852318184,33.156605421003405],[74.48997370991884,33.15550639100718],[74.49485035386078,33.15373896058463],[74.49948869454767,33.15026348287347],[74.50564145129198,33.151005444245925],[74.50952495681139,33.15460045894406],[74.52002863091661,33.16300905802166],[74.52355008466873,33.164369765552294],[74.52827723340766,33.16391154927862],[74.52849091322514,33.163728764770724],[74.53491341801987,33.15823486574652],[74.54604082052748,33.15957113240188],[74.54976510287725,33.15582057006333],[74.55406031533136,33.15811004973904],[74.5517598018734,33.163191894690215],[74.55642442344845,33.16719125986879],[74.56089120046857,33.16659826040143],[74.58230129656766,33.15470338725157],[74.58821574915754,33.15373730223479],[74.5881072009866,33.16178697918582],[74.58569606462174,33.16304812277269],[74.58483835060946,33.16745331871573],[74.579724868408,33.17083227758758],[74.56737222684683,33.19039348087449],[74.5573805601648,33.19970471869789],[74.55383595156798,33.20650956036798],[74.54966957329225,33.209251808224394],[74.54906704820576,33.210823901401966],[74.56208462420608,33.22104122956915],[74.56080215319685,33.22966541862422],[74.56194982842192,33.23755367536188],[74.56092115688591,33.23906196074097],[74.55721553277067,33.23881252567759],[74.54499098524582,33.23081520635674],[74.54310792539047,33.23208076471559],[74.5418219200456,33.23405069997989],[74.54406701727908,33.237915037349126],[74.54970381497913,33.241933941198454],[74.55257851498652,33.248812256580436],[74.54166662961131,33.266129231378955],[74.53739146484429,33.270201947062276],[74.52548319539324,33.26812035826799],[74.52106663112016,33.26485302594642],[74.51774580622401,33.27277836173204],[74.50954308624449,33.26959259072555],[74.49995670263979,33.270201857130075],[74.47829822098618,33.25886576874029],[74.47284008170448,33.27335576335787],[74.47811860029321,33.27703415060563],[74.4868266421359,33.27048292314845],[74.48823741222685,33.27172753899475],[74.48574586028326,33.27553607702839],[74.49400830064263,33.27648972891791],[74.49716375820094,33.28295271219798],[74.49307245532958,33.288213747066834],[74.47738665107312,33.29232229263977],[74.47637258542653,33.29718201673671],[74.49239323156246,33.30188852513538],[74.49922889209972,33.30172362274703],[74.50052992421666,33.30075394763662],[74.49744621277256,33.297828467409886],[74.50124701034133,33.290190304938676],[74.49961571929009,33.28738070685421],[74.50711942232351,33.280142828129044],[74.51168111738968,33.27783037886894],[74.52251811891614,33.28085681159263],[74.54228058058436,33.30011166082454],[74.55445896410998,33.313696500393235],[74.55536562192594,33.31726776039886],[74.56370836544875,33.322211277928204],[74.56785027317164,33.32289444342388],[74.57017365009392,33.3253876015566],[74.57987205235338,33.326582962433804],[74.58144344316042,33.33195341781601]]]}},{"type":"Feature","properties":{"blockName":"Basohli","districtName":"Kathua","state":"Jammu and Kashmir"},"geometry":{"type":"Polygon","coordinates":[[[75.91613370031007,32.701351375665524],[75.90415064953288,32.7061445957965],[75.88337834813234,32.709402996051494],[75.85725541060879,32.70500948769774],[75.84857432324645,32.699639247253515],[75.84628345591682,32.69515329488871],[75.85223439490147,32.68853226025567],[75.84895068592544,32.677672051723846],[75.83389055350631,32.6727315136485],[75.82139933541106,32.66082325049268],[75.81481980628911,32.6597528468165],[75.81034662429732,32.66354541738713],[75.80240906582577,32.679381943521946],[75.78107365302674,32.687072445636886],[75.75236635352445,32.688818393953795],[75.7457676679436,32.68549543586573],[75.74164596618846,32.686469120153845],[75.7347548669436,32.692910424376635],[75.73286663688583,32.697614137682365],[75.72744920991317,32.695719186091594],[75.71743012020391,32.695344640043174],[75.70975193880099,32.690475550406404],[75.68657824518993,32.665093209983695],[75.68354668273327,32.6503684761243],[75.68513464354902,32.64589331112745],[75.68513464354902,32.64170686717824],[75.68644369492063,32.632103573621066],[75.68886830043175,32.63219409398232],[75.69366014819735,32.635906391966444],[75.69719207095739,32.63244691409386],[75.69803792111321,32.62333851026409],[75.69470472604235,32.61914600578359],[75.69500394037959,32.60779992412722],[75.69273597698378,32.6047854748698],[75.68575941606423,32.60645806368876],[75.68673652407136,32.60067882236979],[75.69908020388834,32.60025889743025],[75.70570555077063,32.60237483223278],[75.70927782790949,32.59308867470264],[75.70419624106376,32.58066852013616],[75.70117431484283,32.560361119670006],[75.70331721401828,32.54634682324735],[75.7066577889259,32.542398869612214],[75.71066648007405,32.52970468172572],[75.70999836473283,32.51701049383928],[75.7066577889259,32.50364819061156],[75.7022388729257,32.49481035771191],[75.70971728792256,32.49444534627577],[75.71613057826363,32.48843249706215],[75.71912607251028,32.47337181965378],[75.72787831783018,32.46088861991393],[75.74780129589317,32.449024549443436],[75.75954400015553,32.46905900027269],[75.76174199989345,32.476315000337024],[75.79470099995126,32.474936999742795],[75.80599199993088,32.478660999705426],[75.82022899996844,32.486911999789015],[75.8316040002245,32.49905799962704],[75.83950000012499,32.507492000055834],[75.84096500023463,32.509056000234295],[75.84487899996594,32.51982500042351],[75.84651900005184,32.52436400019849],[75.85384399970087,32.537468000148124],[75.9024279999523,32.59176300026229],[75.92693062714676,32.62354101960244],[75.9398879998314,32.643536000086385],[75.94172700010103,32.6541209998843],[75.94036100006014,32.6580729995693],[75.92172200027017,32.67217299958429],[75.91519200041057,32.680569000059336],[75.91291799986584,32.69102100001919],[75.91613370031007,32.701351375665524]]]}},{"type":"Feature","properties":{"blockName":"Karnah","districtName":"Kupwara","state":"Jammu and Kashmir"},"geometry":{"type":"Polygon","coordinates":[[[74.04794972070312,34.47368753255364],[74.04506043189349,34.47767889286666],[74.02841446285726,34.48899021482663],[74.02363988567225,34.49669298009701],[74.01898204858276,34.500467299826084],[73.99697270632538,34.52645300530202],[73.97987297355894,34.53500287168521],[73.96419821927248,34.54953764444679],[73.95735832562627,34.56264743872839],[73.94806671100997,34.57308959920567],[73.89533996576688,34.54666900676932],[73.88668823227613,34.514995574985846],[73.89873504678502,34.49576568643732],[73.85480499225662,34.473350525106696],[73.80725860639961,34.44194793674791],[73.77698516813103,34.416301727143036],[73.76432037368636,34.371070861730914],[73.76322174029116,34.359626770159366],[73.77339172364918,34.34974670394729],[73.80740356452293,34.356716155726076],[73.84175109893414,34.338317871172876],[73.87940978963013,34.35423660253724],[73.89940643296057,34.35981368975001],[73.9199295043432,34.342311859304914],[73.94097137482913,34.30173873925145],[73.94590993619465,34.2965655933275],[73.95825742014387,34.30638745541677],[73.98699484423673,34.31572711811208],[74.06426650639423,34.32170298180722],[74.06954990740235,34.33525221182015],[74.07218775296246,34.34864283469909],[74.07480758510201,34.36012979245601],[74.07521063606208,34.38088692499167],[74.07526441282243,34.380744299709704],[74.07652234672895,34.38438452962242],[74.0768787867267,34.388268062121426],[74.0759469730744,34.39205541482556],[74.07589236084385,34.393931719873024],[74.07285823801732,34.39736446180052],[74.07078213598686,34.39812561380609],[74.06666077507475,34.40463697341767],[74.06175350202255,34.40533701199354],[74.04658033561407,34.41812377339346],[74.04632649567128,34.42366675831431],[74.04882397234849,34.43002987278044],[74.05903582814102,34.441116064754624],[74.05886486971804,34.446989731291126],[74.05711663712316,34.44895208077395],[74.05510912278783,34.454289116449615],[74.05476168500383,34.463459349569405],[74.05180347485054,34.468636278941176],[74.0515501538166,34.46876615273584],[74.05148986056867,34.46879706423317],[74.04794972070312,34.47368753255364]]]}},{"type":"Feature","properties":{"blockName":"Baramulla","districtName":"Baramula","state":"Jammu and Kashmir"},"geometry":{"type":"Polygon","coordinates":[[[74.41124864890605,34.22267062375033],[74.41473438878108,34.22832909691033],[74.42331353439215,34.23532354804337],[74.42150789087651,34.24220960389016],[74.42005080390152,34.24519376038381],[74.4182621260963,34.245458238407025],[74.41495347802066,34.247013489980645],[74.40379830894489,34.25077807005192],[74.40004149901603,34.25022239694613],[74.39872008916086,34.251214334773806],[74.39958852578991,34.25404650674096],[74.40242185968111,34.25411269594423],[74.40800546697875,34.25510925898516],[74.41200199119896,34.25479665194399],[74.41632436767549,34.2560800321678],[74.41712070205881,34.25713545583665],[74.41486211409534,34.25895605597725],[74.41134193378326,34.26135531769381],[74.40769558758137,34.26243709599521],[74.41021549155175,34.26658845289484],[74.4144199633107,34.26563288275139],[74.42000720566807,34.266690894669125],[74.42578456920256,34.27053900377206],[74.43045376562884,34.272473108247425],[74.43319088375233,34.271793213585966],[74.43157873567014,34.265638666291466],[74.43709990663547,34.267030984992005],[74.44064083160913,34.26639546198106],[74.44520460231058,34.262657430795855],[74.446083927931,34.26125330129889],[74.44823453879297,34.260496665688606],[74.44874988000299,34.2659482740936],[74.45435759632608,34.2693052472394],[74.45170082003688,34.27897021090655],[74.45295433467487,34.282473377844155],[74.45730012590013,34.28839742709965],[74.45801922560685,34.2955742859246],[74.46028668178502,34.29711950915805],[74.46034336605356,34.29718379989248],[74.46655880824244,34.30156649839523],[74.4717321367288,34.30370526428658],[74.47698242290056,34.305502518026856],[74.47957114479254,34.30917419723147],[74.48215025742849,34.310187815915015],[74.4841862353066,34.30928743986351],[74.48547339358231,34.310208197250574],[74.4855083232506,34.310244140454756],[74.48745546160035,34.31497771664834],[74.4902682612713,34.32176571041924],[74.4849249896966,34.32471546694529],[74.48066685179384,34.32725684133021],[74.47033568294546,34.346930744957945],[74.46902328339786,34.35227242113535],[74.45322435611922,34.35279585804244],[74.4509305947712,34.35323298971076],[74.4474600462442,34.35107135585844],[74.4441931545905,34.34674704943683],[74.44360905391477,34.34573377699229],[74.44284998204108,34.34328079607195],[74.44401656821009,34.3373711566536],[74.44265512953064,34.33391976458552],[74.43934395166212,34.33323572494879],[74.43843370195384,34.33377621210258],[74.43281889897304,34.338955995922504],[74.43155341615727,34.34057745198788],[74.43033415759533,34.3431662251412],[74.42997772299356,34.344505089938025],[74.4293242387227,34.34686869803204],[74.42874428572026,34.348488860872294],[74.42652258704783,34.35358589177554],[74.42408605562701,34.35466776720375],[74.42237408639505,34.356260290280204],[74.42154535663298,34.362367722092756],[74.42082113618653,34.36292257501685],[74.42041475233901,34.362977609029485],[74.40679509012136,34.35505841201615],[74.40565676874496,34.35424191483253],[74.39624968117789,34.34485470228276],[74.39839849699308,34.33471790480752],[74.39410508408241,34.322357234099115],[74.40535653997239,34.31495321911581],[74.40425102946148,34.312914266280416],[74.4010966654788,34.31156746946317],[74.3964343021014,34.31201455302926],[74.39082692032616,34.31752762020358],[74.38473493347044,34.31561301213088],[74.36224730566869,34.32092781296825],[74.34978603859486,34.3153717483076],[74.34044494507822,34.316735975784695],[74.33792530550852,34.316178946501225],[74.33782345009223,34.314712330309874],[74.33457361228244,34.30484523232167],[74.33938897282292,34.298333085803336],[74.33476635678198,34.285322366234254],[74.33685267421163,34.28216275380811],[74.34280743981157,34.279651154177486],[74.34315141070908,34.27487623525013],[74.33956568420899,34.265980060631364],[74.33860552392582,34.2551344130228],[74.3351638948979,34.244824544617074],[74.33549047650433,34.233548400538325],[74.3287532638521,34.22986414791217],[74.32953909415392,34.219907812895315],[74.32809211106212,34.218290438852705],[74.33313263486326,34.20825792766129],[74.33456304524839,34.20155847124653],[74.32992172061097,34.18331651944186],[74.32820866679657,34.167755095021676],[74.32539678533345,34.16371050383674],[74.33334010036538,34.14274466383523],[74.33992085706194,34.13916877052242],[74.34390993939223,34.13897994976492],[74.34587295077614,34.138065474142365],[74.34641063114577,34.13913237316052],[74.34518651894274,34.14407784851397],[74.34941713759088,34.15667165317433],[74.36408905516583,34.17813830224088],[74.36644248383362,34.17926973031388],[74.37048404700124,34.202330357560015],[74.37398313011744,34.204177199018545],[74.4048752587862,34.219360093393675],[74.40937228270474,34.22162461688259],[74.4089504745848,34.217121154717574],[74.4130858361425,34.21180291757065],[74.41766572089637,34.21598902337479],[74.41916512097362,34.21974758428365],[74.41558475263429,34.222562811224805],[74.41124864890605,34.22267062375033]]]}},{"type":"Feature","properties":{"blockName":"Uri","districtName":"Baramula","state":"Jammu and Kashmir"},"geometry":{"type":"Polygon","coordinates":[[[73.94590993619465,34.2965655933275],[73.97622680632213,34.26480865499548],[73.98202514654332,34.239078521556564],[73.97657775865667,34.21180343647944],[73.94477081262295,34.17018890419462],[73.91708374002263,34.14210891689305],[73.9040756221923,34.12225341766117],[73.90438079813538,34.09689331027812],[73.8856506349689,34.07511901842798],[73.88321685817152,34.049945832434275],[73.89817047129026,34.03282165519528],[73.99999999970026,34.0301856991108],[74.00607299827033,34.02244567852529],[74.03890228281415,34.02910995526025],[74.05665588386199,34.031246185063424],[74.06106567354203,34.03470993021915],[74.08702850386243,34.03775787382688],[74.09592437720829,34.040321349950375],[74.10046386711383,34.045627593738516],[74.1149826049633,34.053783416771296],[74.12369537364265,34.05517959626138],[74.1324462888652,34.05267334040241],[74.1492233277944,34.04302597017244],[74.16141510042661,34.03886795019582],[74.1963500980786,34.04008483904414],[74.21467590357014,34.03855514530375],[74.22556304859586,34.033397674563105],[74.23292701047319,34.10072157673943],[74.22990178643835,34.11248265235258],[74.22980001016242,34.12586347441987],[74.22794263584404,34.13164466007305],[74.23161385279712,34.15335354063342],[74.23021780101078,34.15914300904268],[74.2253076654165,34.1627466257562],[74.22377097764854,34.166087774431276],[74.2304405037263,34.173522740482156],[74.22784682207322,34.17282702404799],[74.23167776491698,34.17519566834545],[74.23066147794492,34.18051773210772],[74.22015039522461,34.196718257041994],[74.20894459161968,34.20286426977026],[74.18730008093405,34.20122104921211],[74.17953937414285,34.19670159889972],[74.16517969308842,34.19617528686007],[74.1692493169025,34.19263604271924],[74.167426401907,34.190724581374354],[74.17036072157009,34.1833528313681],[74.16732061735269,34.18069633836535],[74.17051935298582,34.171132114055865],[74.16959131468747,34.168628959958596],[74.16446294690752,34.165315289169314],[74.1635726738399,34.1670907487391],[74.1536468717058,34.171031091411805],[74.15112616464086,34.18444462002327],[74.15139803149401,34.18929955702896],[74.15356389665658,34.19150191398222],[74.1561127165287,34.19119443577466],[74.15819848537188,34.19306870745493],[74.16003763402966,34.18900418549481],[74.16296709285712,34.191105545884284],[74.16320267926028,34.19372372237194],[74.15985290069085,34.19535911972764],[74.16171563496863,34.19578512408424],[74.16006587094324,34.19659646635387],[74.16058044503154,34.19978952366762],[74.15849362308228,34.20252307957651],[74.159493444367,34.20543425878407],[74.16306330412823,34.20681345098001],[74.16717745067888,34.212060054428036],[74.16988501707993,34.212634703229014],[74.17147160822822,34.21704686891792],[74.1770211231264,34.22047809368911],[74.17715707723738,34.22267237562966],[74.18161979741575,34.22408860640411],[74.18621040388706,34.22362493034632],[74.18904250930444,34.226479023288334],[74.19153794452058,34.2261020832446],[74.19291793891182,34.22905248548386],[74.19521285049274,34.227601017473035],[74.20125616783793,34.22936877075222],[74.20456879631297,34.2262550165558],[74.20649721437502,34.2320893503433],[74.21034156161386,34.22839313493529],[74.21653151611662,34.244284759833874],[74.21362168409348,34.245540451730506],[74.21169173178805,34.25096666328096],[74.20861882300034,34.25189570702133],[74.20490217499542,34.25662528033246],[74.2072637200447,34.260885724096966],[74.20547792816393,34.270782109406866],[74.20324043919499,34.27273462210519],[74.19716944971037,34.266228080161795],[74.19028737965891,34.264006972343964],[74.18544760971946,34.26486398848232],[74.18546022630846,34.27000323356242],[74.17859453830738,34.272711682198405],[74.17708531133809,34.27499190245436],[74.17373782783852,34.274512295805835],[74.17052474442147,34.27823021904942],[74.16747108921948,34.278909543540635],[74.16462844554638,34.285360943552746],[74.16644223422179,34.28948374427944],[74.15318425954598,34.29774084536376],[74.11785867194021,34.3310893516923],[74.09562220050418,34.3233065872293],[74.07950075925271,34.3233065872293],[74.06426650639423,34.32170298180722],[73.98699484423673,34.31572711811208],[73.95825742014387,34.30638745541677],[73.94590993619465,34.2965655933275]]]}},{"type":"Feature","properties":{"blockName":"Pahalgam","districtName":"Anantnag","state":"Jammu and Kashmir"},"geometry":{"type":"Polygon","coordinates":[[[75.1442327710256,33.9586005230957],[75.14582694076074,33.95812377359334],[75.14560295741063,33.9559110006922],[75.14433186192593,33.95448470200745],[75.14571167015748,33.95267492610702],[75.14440393899065,33.94531256322426],[75.15027258820942,33.94426338085037],[75.15052775015562,33.95270079780363],[75.15086386007914,33.95642437418559],[75.15427129868152,33.96400924732893],[75.15746463568445,33.96553043258342],[75.1583462842537,33.96371391536496],[75.15749946822592,33.9511551752712],[75.1594530241378,33.95368265782844],[75.16101843085596,33.964937085977795],[75.16362730565567,33.96754260720559],[75.16586689903824,33.96740454418443],[75.1669981868169,33.96660562155222],[75.16658708062931,33.9598099160948],[75.16850847858348,33.95855733495307],[75.17309318100558,33.95628624281591],[75.17565233228936,33.95460465897787],[75.17575426684601,33.9545179130713],[75.17773540766296,33.952690615679444],[75.18033799710093,33.940564559207075],[75.18221156101481,33.936865040589225],[75.18380375224143,33.93803980159561],[75.18405095159022,33.939003390094456],[75.18437926529094,33.94581972240229],[75.18477284459118,33.947204449026174],[75.18526744563616,33.94826372359205],[75.19109997268566,33.95057069688022],[75.19332713114227,33.9506453792809],[75.19613920595964,33.949996681201924],[75.198813340963,33.94330996997917],[75.20670818793258,33.94221723523725],[75.21648444090425,33.94187210511359],[75.21972424317931,33.94335240988585],[75.22151335895438,33.94580584406452],[75.22519077313575,33.94810840887601],[75.23203115511376,33.94704184170769],[75.23473892835892,33.94735801276215],[75.23624632880507,33.94820854388922],[75.23756670264129,33.953861770404444],[75.23608315311509,33.95489025218342],[75.23384782611635,33.95627248408795],[75.2362549982696,33.95923818019793],[75.23814653693319,33.95939811473124],[75.24266035479161,33.960454463802535],[75.24382710643584,33.96299765122069],[75.24373600511262,33.96493303992793],[75.24415511256842,33.96549034440392],[75.24477460516397,33.965885001091976],[75.24903980184541,33.96597732819117],[75.257449942361,33.966005575896645],[75.25912019384191,33.96711921088291],[75.26306564736177,33.97166538814719],[75.2736070021615,33.97186734889908],[75.2775655641995,33.974978346673424],[75.28469371034652,33.97446267271425],[75.28888490361544,33.97582814395372],[75.29436696396425,33.97834993200382],[75.30036439879802,33.977523386695],[75.30400935734605,33.97840420968657],[75.30969433532539,33.978437487300255],[75.31622238185747,33.98341904435347],[75.31395822259395,33.98610898494178],[75.3113489098244,33.9980057826408],[75.30008485713051,34.01145347829544],[75.29597192736259,34.02863574724199],[75.2919316843998,34.03370147274484],[75.28487210256554,34.03616109605781],[75.28340664020436,34.04022282832091],[75.2769535953322,34.048252869474425],[75.27568054741937,34.060054624121676],[75.2782921579568,34.06293534688882],[75.27544767696878,34.10240664814836],[75.29028486475477,34.119444816025464],[75.30276910231225,34.13050027366876],[75.30924833094576,34.14775528877561],[75.30581718621426,34.153863648688514],[75.30556790133761,34.16025574380757],[75.31053524370657,34.172885912554875],[75.31193971404662,34.182311924555734],[75.31555933239736,34.1848797093312],[75.32565616759814,34.18674222057706],[75.34208227307852,34.18596196697126],[75.35340118171922,34.19210276543032],[75.35446315694918,34.18738672062074],[75.36082950807537,34.18837023359947],[75.37313032170704,34.19389566105599],[75.37595521636018,34.198084035849604],[75.37901641867285,34.21065848440156],[75.37889357308,34.24238532871999],[75.38184749076913,34.26995800575742],[75.38727961806,34.280775640383524],[75.38852337055715,34.294418168763514],[75.39373317644498,34.3049699494037],[75.40518356956613,34.30623704110661],[75.40933773684714,34.30931380259],[75.4085836966803,34.315541842482105],[75.41727040840266,34.325198123194866],[75.41959256404567,34.33650727509075],[75.42447120718055,34.34404764708131],[75.42144326719307,34.35310338391406],[75.41590514760452,34.35793853223754],[75.4135773640042,34.36661262017634],[75.3917013192605,34.36044308388125],[75.37770237966117,34.37051888124142],[75.35976909586714,34.37491484384503],[75.35384091242821,34.37416416984064],[75.34275625829474,34.378948801446086],[75.33479057622418,34.36688088704335],[75.31842496993647,34.35399914734285],[75.30936878703994,34.34881300621532],[75.30217604079172,34.359022864613564],[75.29596013904921,34.358278202577026],[75.29083054369471,34.36029563013926],[75.28671628023221,34.363736208759065],[75.28353313704469,34.36954429133601],[75.27408356550421,34.3751743261343],[75.26896002528497,34.3738221082038],[75.27950588478882,34.3523594377379],[75.27610410562005,34.34580058313048],[75.26115615013629,34.33590360336865],[75.25759113951955,34.32966007445293],[75.25330638797948,34.329441163279114],[75.23248720312199,34.34185378782212],[75.2190185307806,34.35103454660708],[75.21439395331834,34.35239895125068],[75.20794868488395,34.34770310341554],[75.20579643096056,34.331315665185855],[75.19833836672228,34.330893432585924],[75.19536392020882,34.3278343535726],[75.18714092411443,34.32533688409001],[75.18503673355849,34.32816591742318],[75.18024001596405,34.330480756182],[75.16645759803976,34.32806411236896],[75.15596049887796,34.3291873332289],[75.1437715977811,34.3490261959023],[75.12707328640312,34.35069766416592],[75.12290499526938,34.35349774382587],[75.12153901051698,34.36030733661437],[75.1154698493541,34.36276313511064],[75.10588754957081,34.366598928897474],[75.10388868311628,34.3732408358959],[75.09837093137344,34.35902950430824],[75.08042625766569,34.34766121479328],[75.07139155957287,34.346422825852756],[75.06605104801753,34.3422188999823],[75.05893726404355,34.33989579825254],[75.05837788033494,34.33448847156575],[75.04897375603406,34.32562210497622],[75.04880097018867,34.3152971459466],[75.0467925484374,34.31129876732433],[75.04250779689738,34.31107985615051],[75.03273108527145,34.31745385421203],[75.02176656257689,34.31793528558501],[75.01702552560755,34.31628070029416],[75.0131028717002,34.31289070314347],[75.00640751169738,34.31470248543138],[75.00371721138026,34.31402951644907],[74.99948591284465,34.309999957432126],[75.00209984183431,34.30479595037286],[75.00707315390298,34.301213122387765],[75.00743747915641,34.297883260204344],[75.0030044402028,34.28559284273558],[74.99907510433263,34.28267917690255],[74.98725633091499,34.28282172844007],[74.98207418367667,34.271959357938044],[75.01116002311664,34.25488938014081],[75.01623967102404,34.23834058105302],[75.01348413838235,34.23319017538631],[75.01709955420114,34.23247537443905],[75.02268170099978,34.23414273190161],[75.02638213153023,34.231372751651236],[75.02862785289318,34.22486090820439],[75.03078598028884,34.22457011781671],[75.0361562315249,34.22851271329114],[75.04983395936978,34.23126187603481],[75.05650434699805,34.23532555533018],[75.05893093911163,34.233912280627294],[75.06315391711962,34.222011077149546],[75.06799593806215,34.217544222787694],[75.07103835533587,34.218319346660564],[75.08060850527835,34.21412890162753],[75.08401417221631,34.211003617223184],[75.0930736906983,34.210535927491094],[75.10039490060421,34.207611375364706],[75.10856615690267,34.20788059461381],[75.11284173176057,34.198934968074354],[75.1172225012175,34.19590049631091],[75.12089856349648,34.187034108903006],[75.12271931674314,34.18264258818493],[75.12553545559683,34.178806693674005],[75.13067943201025,34.178138271663954],[75.13613008713389,34.17241668768003],[75.13671317697157,34.162635395806944],[75.1836064778567,34.16356035392727],[75.18944338190659,34.14810450991524],[75.18873008192782,34.1433085477513],[75.18495765886894,34.14457551264985],[75.18460426487496,34.1425182055508],[75.18687840841187,34.14181214421512],[75.18604940795387,34.13902948172523],[75.19083894985772,34.13293696337024],[75.20327198631315,34.13444548167371],[75.2063624930347,34.124434314092355],[75.20586890192834,34.12305404630723],[75.20164321965893,34.111237424967214],[75.18875927212275,34.09483780631973],[75.18922664619282,34.08603381400934],[75.19299796488423,34.08303190309988],[75.1877933480846,34.07349398216161],[75.18158732719343,34.043713474897004],[75.18582056736534,34.04348239859388],[75.18447372828001,34.030505514218135],[75.17561067119556,34.029106449702965],[75.17436793223436,34.021055012778675],[75.17163271527767,34.022571101575124],[75.1670819586655,34.016872747978994],[75.16658986942701,34.01532099027156],[75.17001659758796,34.01552173873728],[75.16707238808033,34.00648679512955],[75.15668037020299,34.00330678877731],[75.150675383762,33.995175980387216],[75.157770996934,33.99095051755239],[75.15921832896277,33.98492824164509],[75.16153858343893,33.98304470065244],[75.15969200008578,33.97549474818413],[75.16699346357751,33.97752563500012],[75.16866774042393,33.97546803742006],[75.15949764759841,33.9682918728717],[75.15718811394038,33.97063506905323],[75.154677500866,33.96775359355354],[75.1515244301084,33.97169334717029],[75.14882257889894,33.9648109389737],[75.14599621835083,33.96424578611419],[75.144799395176,33.962152814600756],[75.1442327710256,33.9586005230957]]]}},{"type":"Feature","properties":{"blockName":"Anantnag","districtName":"Pulwama","state":"Jammu and Kashmir"},"geometry":{"type":"Polygon","coordinates":[[[75.06299165783878,33.83986899855552],[75.06423637710719,33.841669840590725],[75.06580648638032,33.84498501504646],[75.06786527286408,33.84590405203045],[75.07084302078886,33.846082580946415],[75.07327419404885,33.84414020090958],[75.07192890809267,33.84185639865393],[75.07179057977152,33.84011730766764],[75.07247210040714,33.83545890400529],[75.07447024740407,33.832117043067115],[75.07690064634778,33.83274081463696],[75.078188593329,33.83700400942752],[75.0821021703789,33.83972695513495],[75.0837047703589,33.83621157180664],[75.08230273718164,33.833987120309416],[75.08294595299338,33.82854582532963],[75.08558962166376,33.82401069983399],[75.09045983905037,33.82343085564952],[75.09490337938752,33.823970351750404],[75.09448659128321,33.82648715575766],[75.08959019463185,33.831796639803144],[75.09117498263942,33.8329699187268],[75.09447636868953,33.831063294835246],[75.09862055259646,33.837467728652825],[75.10285092123308,33.83558009574489],[75.10999331174202,33.842994417858165],[75.11192004897111,33.843117126754066],[75.10922198570614,33.83996620897341],[75.10935570769982,33.837187239999196],[75.11323389462859,33.834470035563754],[75.11963872324856,33.836196390351176],[75.12253642881319,33.838928054985786],[75.12113254932774,33.841725852166405],[75.12585067067198,33.84158121689967],[75.1253078326904,33.828194472796724],[75.13062517591118,33.8319241492801],[75.13365123361757,33.83031351565626],[75.14055765910877,33.83159541919332],[75.14023427818944,33.837662424681184],[75.14664223734945,33.83928977760121],[75.14026432813631,33.84608390025187],[75.13863759394985,33.844817222237054],[75.13455925930242,33.84569966490767],[75.13595719516849,33.852828006207574],[75.1271472970102,33.85044110477321],[75.1274504692638,33.85133736192978],[75.12110239505955,33.85305565159712],[75.1229169607492,33.85874326998595],[75.12709598619085,33.86206339970619],[75.12254771620422,33.864924590097814],[75.12406119157077,33.86973164180188],[75.130406001236,33.875225234157256],[75.12816582329418,33.87975674437831],[75.1290734451834,33.88739704543735],[75.12346216844435,33.88742429939197],[75.12052588825918,33.89254713544199],[75.11692973411999,33.889560763918155],[75.11366963594497,33.89151461210969],[75.11083572738698,33.8884496218526],[75.10888658624702,33.88882019019968],[75.10040327868842,33.90150372741516],[75.09805036083554,33.90116360471666],[75.09674323940902,33.89741666214928],[75.09817157415887,33.896257322717304],[75.09849693898258,33.888594069161],[75.09373442530352,33.87750404337697],[75.09236388908226,33.87614163702699],[75.08366341143733,33.877295847625305],[75.08215532840575,33.878725434231455],[75.07633787938965,33.88237521404494],[75.07452541721432,33.88213373798169],[75.07331806207895,33.88156994939368],[75.07033179397718,33.880948656355486],[75.07229390064305,33.884086810957626],[75.06853602052098,33.90110686289148],[75.06749821367168,33.902058313240616],[75.05630880470761,33.892656904892306],[75.05226186899012,33.88974831303426],[75.05211805660309,33.88839213808677],[75.04675808371866,33.886825716034025],[75.04216278008829,33.88531816090443],[75.04214546723955,33.884954143219204],[75.04694946934256,33.88309059415565],[75.05258169488934,33.881120417873035],[75.05145691100768,33.878245475948006],[75.0479424611757,33.876436525625195],[75.05138834219827,33.8695316280822],[75.04470867716378,33.86720027057606],[75.04452293838295,33.86419908811746],[75.04932345201576,33.85445582677505],[75.04703867129768,33.85242659291299],[75.03817634716074,33.85034447531734],[75.03818510565816,33.84635524280026],[75.04407920209354,33.84603217124777],[75.04712183070797,33.84799264024821],[75.0497477188822,33.85303287806494],[75.05614880182583,33.846778649914825],[75.06045204162848,33.84340664729899],[75.0604324660855,33.84223080890473],[75.052180634129,33.839471979348446],[75.04552442880941,33.83437598086687],[75.04783844019192,33.83232445101265],[75.04889608698488,33.826319085057776],[75.04894085613569,33.82923639944033],[75.05514741302272,33.83389188120543],[75.05986602989344,33.83395522405442],[75.06299165783878,33.83986899855552]]]}},{"type":"Feature","properties":{"blockName":"Dooru","districtName":"Anantnag","state":"Jammu and Kashmir"},"geometry":{"type":"Polygon","coordinates":[[[75.09999498378153,33.77015676592208],[75.09953018716845,33.76684764300438],[75.10240621817246,33.7610650391203],[75.10885821983106,33.75820955762504],[75.11012566406822,33.75486241316986],[75.11352447907149,33.754512298104146],[75.11600741011392,33.75134766386367],[75.11863941817467,33.75164726490942],[75.1326755663244,33.736520491827264],[75.13413932626895,33.73261178190825],[75.12965733092113,33.72581664482237],[75.12623308668765,33.726494918905416],[75.12655844791408,33.71808831272551],[75.12567530916823,33.716378075587784],[75.12478301262598,33.714187529431],[75.12235903304298,33.70902494424581],[75.12202470287781,33.70734265264133],[75.11805758379052,33.700344779587965],[75.11548863439305,33.69928561024278],[75.11459178368392,33.69888525814821],[75.11353788526526,33.697942719181185],[75.1132123315839,33.69627527628302],[75.11369297964734,33.6910644011013],[75.11380089379628,33.68893016239713],[75.10880824360561,33.685670297146544],[75.10580650266803,33.6809946229036],[75.10106658625403,33.68012399462668],[75.0945814166991,33.680505654312526],[75.09506432206086,33.676444092021256],[75.08961741171424,33.65859703612438],[75.09085979904057,33.655188633448745],[75.0981124815059,33.65278540931922],[75.10516241631251,33.652644359649514],[75.12290977156874,33.65358897515114],[75.12542419417127,33.65170167858963],[75.13817124600627,33.6455653740428],[75.15586411763496,33.63658552380292],[75.16195743728593,33.636659656717825],[75.16806324312421,33.65950077024439],[75.17495841090198,33.663895034927975],[75.17906347160198,33.668966797579685],[75.18252054738542,33.66742851441444],[75.18443567526623,33.66288259795357],[75.18813986586218,33.66233667979401],[75.18841468518963,33.65911229639539],[75.20199764877253,33.660393552420544],[75.2052674866053,33.6652104022383],[75.21134737398216,33.66854326366075],[75.2098268506287,33.66988984464069],[75.20958422523188,33.67085814109038],[75.21315269733918,33.67723251237061],[75.20750893259122,33.67952163321684],[75.20670969699495,33.68448370016267],[75.20246198223475,33.68527069958316],[75.2012188682562,33.69031645474064],[75.19673015857,33.693252060434304],[75.18932547718907,33.69389550287519],[75.18718033510442,33.69634821579757],[75.1796551526632,33.695074878303046],[75.17819456912412,33.706898173511945],[75.17118200204783,33.70809876124889],[75.16592801696447,33.72920166242682],[75.16239211110712,33.73596924068795],[75.15858063858565,33.73878552523183],[75.15483243606815,33.74465235512213],[75.15360811432305,33.74933419151978],[75.15366625549336,33.7582053982606],[75.16009421107901,33.75995256875609],[75.15815158103072,33.76652494916715],[75.15943456735147,33.76723891734224],[75.16161474972097,33.7631350437473],[75.1663218723566,33.76346010280156],[75.16446890471622,33.77421314721903],[75.1666317634452,33.781284730505945],[75.15774610909574,33.79316128626442],[75.15441737825944,33.791378529595534],[75.14773854509781,33.79126013924406],[75.14346675728507,33.79506429667998],[75.13709941780394,33.800987927750725],[75.13601008609663,33.800881046023505],[75.13483210731596,33.8004207361281],[75.13072432976406,33.799463817900914],[75.12900083482072,33.79999518143251],[75.12457919117679,33.80199101087652],[75.1210313027525,33.79812496479536],[75.12112851137175,33.79719017438708],[75.12451990606888,33.79172821118806],[75.12423450172093,33.79061604299602],[75.09999498378153,33.77015676592208]]]}},{"type":"Feature","properties":{"blockName":"Udhampur","districtName":"Udhampur","state":"Jammu and Kashmir"},"geometry":{"type":"Polygon","coordinates":[[[75.03009866082459,33.05957950618932],[75.02731640572762,33.05702605570798],[75.02663108455698,33.05488717020677],[75.0229698392867,33.051822757314426],[75.02088715601747,33.051040865143875],[75.0248824877367,33.030301647103386],[75.01449876880321,33.00146455024884],[75.0141082427013,32.995646379077186],[75.01926460008127,32.984407067632105],[75.02819619000223,32.97641197143537],[75.02828537936682,32.97483629805674],[75.02670497735289,32.97330335056921],[75.01796382517045,32.97598484742281],[75.0114887091367,32.97468905115886],[75.01659398412511,32.966457689570746],[75.02168843847073,32.96043233528411],[75.02803454315972,32.95667118073044],[75.03648571704224,32.95521822614029],[75.04777329060494,32.94306036964042],[75.05702682432855,32.93346659990374],[75.0633270168284,32.92501085656585],[75.07319919958343,32.92032642472475],[75.08684269563395,32.91207000172926],[75.09455973404454,32.90479139720526],[75.1069637628674,32.89521733161462],[75.11977399837139,32.88772262809687],[75.13298624611843,32.87769719906652],[75.13696919237441,32.87221389585466],[75.14590521865097,32.8667052812238],[75.15418969779637,32.86165824543173],[75.15556828115132,32.85770058991034],[75.15864859405741,32.84452577194685],[75.16440487928179,32.83845158537241],[75.16995616134784,32.83815684786032],[75.17757408817369,32.83608312813391],[75.17940721856831,32.83312788574341],[75.187419927088,32.83872217968491],[75.1900916411164,32.84543404674389],[75.19289368309705,32.8468676497223],[75.20136497121649,32.847128304727505],[75.20342952235461,32.848638797942215],[75.20618708926281,32.854296317820854],[75.20462315923146,32.85735901480672],[75.20566577925234,32.86003072883511],[75.21775890614867,32.86371313065649],[75.22098510258047,32.867334371384175],[75.22197271376979,32.881885177259164],[75.22595115442232,32.89132776286601],[75.22203912240764,32.903953050992584],[75.22541277707808,32.910804163681235],[75.2241671198168,32.91277645426999],[75.22048205150554,32.91365879441787],[75.21474919901635,32.90996586153534],[75.20873324264511,32.90933674259662],[75.20243812052291,32.90646266042347],[75.20110513999026,32.907414789760765],[75.20332677391156,32.90989032567802],[75.20205726842823,32.91369884212793],[75.20307287281486,32.91820558681843],[75.20548338864751,32.92138108217125],[75.20853415882442,32.92188029943634],[75.21064196375568,32.92404357275274],[75.20786853640391,32.932530260862904],[75.20738623538654,32.94308873605638],[75.20463618501196,32.94734042132342],[75.20574487102903,32.96584319001124],[75.21817657199125,32.977940036503526],[75.22702735422905,32.979388346095334],[75.2304469741486,32.982486119339],[75.23549412955049,32.98853137202525],[75.23677340706712,32.9958872175211],[75.24679441413099,33.00239021163901],[75.24927571290391,33.00965342966208],[75.25501371491106,33.0138568501136],[75.25451748519384,33.02108076416596],[75.25161143212193,33.0226883661752],[75.24854038043429,33.022076537602175],[75.24260467326712,33.027053321953304],[75.23811061261472,33.023278988734376],[75.23621618892605,33.02378113149405],[75.21440948101281,33.03419570346898],[75.21293954092715,33.03851972300686],[75.21977171659148,33.05101300234821],[75.21823888871381,33.05466486858887],[75.21576113057176,33.055987434972224],[75.21526459238709,33.059574590495004],[75.22997289473335,33.06079692473833],[75.23305322922323,33.06309760097355],[75.23566960526813,33.06912204154901],[75.24427985932812,33.06969984517178],[75.24818054729445,33.07383803419799],[75.25813344330385,33.0765644737715],[75.25965325979018,33.0792215108641],[75.26629890167305,33.082540774537165],[75.25585377163429,33.103329821314276],[75.23886559077442,33.12091953350972],[75.24882600511609,33.134518442072476],[75.2515507458703,33.15659922197659],[75.25370417071099,33.158712085594345],[75.26727791264562,33.15903274786308],[75.27387337235831,33.157545585760204],[75.28297548902765,33.16186945511134],[75.29948865607668,33.166677657947616],[75.30080969001523,33.17613917967947],[75.29855179542909,33.177114121219745],[75.29621299333502,33.17876427195364],[75.28735319989033,33.18966901221518],[75.2741977047603,33.18840196817632],[75.26671051058167,33.18983367988045],[75.25696577435104,33.19378406618176],[75.24532560988905,33.20794485137384],[75.24084440144804,33.21249077412995],[75.2345508369516,33.20860273512818],[75.22393977030418,33.20148407143279],[75.220586281132,33.20184897764824],[75.21909190466772,33.19679421937775],[75.21074760082115,33.19317695815016],[75.21250288769818,33.18895928704154],[75.22730663599253,33.189976178357995],[75.235077622934,33.18886370439651],[75.23848016382857,33.18660476569744],[75.24132007356258,33.18100798872774],[75.24242665606539,33.17236499484869],[75.24080708318041,33.16572843971579],[75.23604453262914,33.15834583489243],[75.22481109735429,33.148391466692885],[75.22859840059579,33.14470933376879],[75.23391348382029,33.143990206183105],[75.23496680757216,33.1422156513313],[75.23003707575049,33.13146390733351],[75.22321693121648,33.1257363797302],[75.21955751606657,33.11846542483954],[75.19384552555061,33.12040102308879],[75.19020824001831,33.119694095705995],[75.1762927359211,33.11104630844045],[75.17266962910014,33.11076027186908],[75.18076514539518,33.08225145004445],[75.1718322847322,33.07619616901803],[75.15595858871797,33.07012689184262],[75.14949936190607,33.058249899013674],[75.1465344122334,33.06258840393173],[75.13892621697141,33.06792664559828],[75.13174098455886,33.06709984308333],[75.12939243291453,33.072777229885276],[75.12818564255343,33.087695488855786],[75.10215006067682,33.079750171932915],[75.09313652722898,33.08344630190538],[75.090197100316,33.082485868228275],[75.08881070634908,33.08122508616884],[75.08817234867502,33.05254385621407],[75.0676324320911,33.052894581919475],[75.05728530657171,33.05162443521954],[75.04485500765253,33.05419998564088],[75.03541908782069,33.05181789557946],[75.03241376938001,33.060567962741345],[75.03009866082459,33.05957950618932]]]}},{"type":"Feature","properties":{"blockName":"Reasi","districtName":"Reasi","state":"Jammu and Kashmir"},"geometry":{"type":"Polygon","coordinates":[[[74.73597132431723,33.18493933458268],[74.73701995180937,33.179317571748584],[74.73087059899899,33.16503601390099],[74.73237156569525,33.14973139268966],[74.73648712598015,33.15222796464889],[74.74256620036994,33.152993485560955],[74.74687935789609,33.14597925833618],[74.7520871627924,33.14789481519364],[74.75406577831308,33.150573222876005],[74.75631244486351,33.16915575333542],[74.7581939695761,33.170282018400485],[74.76032709222159,33.16651574400646],[74.76246677901867,33.16693200510798],[74.76666232680498,33.170869156086724],[74.76965077306477,33.17083035034045],[74.77375270502336,33.17380900658043],[74.77656249016684,33.17330904467673],[74.77333369559364,33.15372345177593],[74.77283582011705,33.13501641107854],[74.78118537960165,33.123590236700124],[74.78238008757103,33.11645963990054],[74.77879401932859,33.11194443708615],[74.78891388796563,33.109117564823805],[74.79435448417217,33.11000370640596],[74.79637113831745,33.10442466766432],[74.79727138846386,33.100482821325215],[74.8004227397177,33.098648348242705],[74.81324363218795,33.09986289975308],[74.81431215987834,33.09878870813242],[74.82047859441167,33.09233008296701],[74.82335969039747,33.086126233039295],[74.83761192495041,33.083411526920486],[74.83955424113537,33.080483694067254],[74.84022164241492,33.07432538400934],[74.8428707861579,33.0692280275515],[74.85310345406123,33.05680415878493],[74.85714423931523,33.050924831016175],[74.8636601917645,33.04417549100617],[74.86721339608141,33.04080635003305],[74.87055508255105,33.03711892459876],[74.8740805427829,33.03667409563303],[74.884724565986,33.03948543930164],[74.89239358509593,33.03686251889019],[74.89277550378654,33.03673189685958],[74.89498357053543,33.035976704661266],[74.89914139086255,33.03763800249186],[74.90129324908423,33.02763153926418],[74.90752492943199,33.02215993533281],[74.91196833037418,33.016214157557386],[74.9098018959408,33.00519778265158],[74.90983760262333,33.00513959741454],[74.91203374705981,33.0057064401002],[74.91504606582333,33.00660531698185],[74.91751629304252,33.00947983892348],[74.9159753298976,33.02134264584646],[74.91301742281587,33.03586176590784],[74.90586471438513,33.045116664802265],[74.90529474295806,33.049413769429975],[74.90784802976282,33.0557244759039],[74.90679565299706,33.05735580922328],[74.91612570913423,33.06499501490805],[74.92026830124115,33.06577843862408],[74.91789118263205,33.067938667735405],[74.91464820215288,33.0772529353747],[74.91052105320409,33.095943267567804],[74.90520534225283,33.09618573378464],[74.90275068319755,33.09805229377838],[74.90109771578699,33.10860994699152],[74.9078786148063,33.105596415941875],[74.91178908379925,33.1072950698117],[74.91953427998311,33.102042562314466],[74.9323983731864,33.11217323900382],[74.93538643723434,33.11593195639472],[74.93427612973966,33.117778171925124],[74.92844836280176,33.115659157843936],[74.92266174614275,33.11615895337303],[74.91785309184678,33.11445462927776],[74.91326077036831,33.119316511747684],[74.91073791392364,33.12528392990947],[74.9119569890239,33.12872823621916],[74.92060708125183,33.138802342853865],[74.91791050366686,33.141484888316995],[74.91268413586425,33.15499572087589],[74.88079723830197,33.17612669888808],[74.87806225966563,33.187841813748776],[74.8808416270395,33.20022328127948],[74.8853863150265,33.20982759017119],[74.8834407387991,33.21168023495494],[74.8823745277623,33.221439737154185],[74.88483474192986,33.224173563758995],[74.88905629001584,33.22588798814019],[74.89007929132629,33.22751604882666],[74.8908646647725,33.23300542336165],[74.88935548276936,33.23456511398888],[74.88000214678169,33.23875995490806],[74.86618975265503,33.24353159400789],[74.85838242410966,33.24362487528782],[74.85152770334088,33.242223459944796],[74.84914066341094,33.24428759289816],[74.85044249052856,33.24697835186947],[74.84456928264632,33.24585874718349],[74.84077812760859,33.23672615428865],[74.84224026067955,33.230495220378145],[74.84088266570251,33.22860584278544],[74.8475619512231,33.207893854417875],[74.8452743286474,33.20684731335285],[74.84743242096948,33.203332102694446],[74.84616034342514,33.20040236597646],[74.8406943566593,33.199096625009304],[74.84076206122023,33.19658911369669],[74.84379605274569,33.19503031159968],[74.85667771240657,33.196922333199154],[74.85343222911416,33.18486708934478],[74.84852899941387,33.178338987054644],[74.8505738284195,33.17794217289304],[74.84755312437727,33.17607433855994],[74.83911893239286,33.17378214203228],[74.8303055880325,33.16903768763922],[74.82483901760662,33.170945345751136],[74.81926095912604,33.170692573303654],[74.81006610796459,33.17737369344127],[74.80742862573055,33.190767824575516],[74.80860493087295,33.198801473809],[74.80462556122075,33.200298782962534],[74.78944063257921,33.19536629202082],[74.77171052272251,33.19284515507991],[74.76470504590122,33.187549966657684],[74.75463045003528,33.18786149361307],[74.74755412192525,33.18519035515084],[74.74035577290067,33.18703840889549],[74.73597132431723,33.18493933458268]]]}},{"type":"Feature","properties":{"blockName":"Jammu","districtName":"Samba","state":"Jammu and Kashmir"},"geometry":{"type":"Polygon","coordinates":[[[74.97991822544583,32.830617529875155],[74.97229117140051,32.83126570904528],[74.97482609764637,32.824883659353475],[74.97471443062653,32.820439061413595],[74.97260592602271,32.816865322876424],[74.96653057212825,32.81221946385722],[74.95848966176851,32.81339879791625],[74.94912631902446,32.82109088283801],[74.94536797305358,32.82181521929698],[74.93779168483843,32.82247527491404],[74.93354437117586,32.82032292026662],[74.92923773913043,32.81087818617942],[74.92102487030161,32.80022969604369],[74.91252953610928,32.80066962100625],[74.89617501216713,32.807704172010006],[74.89794210624325,32.82724819105124],[74.90039635430838,32.8251449106092],[74.90594579995877,32.828968702043994],[74.91336097013271,32.82845337971975],[74.9191316993685,32.835945065112696],[74.92205785318743,32.84668218073813],[74.91810380304815,32.852731608077306],[74.91629302080634,32.85364449189984],[74.91513105535398,32.85267294619956],[74.90881060292702,32.851405840107475],[74.90444528831944,32.850790630083566],[74.90363699205358,32.84820515834144],[74.90427082074183,32.84178627781455],[74.90700120024525,32.836025454611104],[74.90614991908353,32.83280054600846],[74.89162389492685,32.83776415169427],[74.88838372213115,32.83733963841365],[74.87918409017368,32.83112336255317],[74.86751080098276,32.828081928238475],[74.86762594568091,32.83003439956792],[74.86669393867436,32.83271171727199],[74.85504427287498,32.82549168289489],[74.84827524940329,32.82208393942233],[74.83642176755058,32.818281764092205],[74.83271083473727,32.816131330396615],[74.8311238505853,32.812862863130704],[74.81198385377189,32.80165285069853],[74.81136110203329,32.80747271889089],[74.80603296424994,32.80489126082307],[74.80320563693067,32.798832899618674],[74.7896798378543,32.79661367408187],[74.78635827731273,32.79429387646127],[74.78705808476286,32.79320112193426],[74.7933412485998,32.78384849731037],[74.7952369070577,32.78323888556616],[74.8014347000514,32.784906362638594],[74.80905696970342,32.784472183444564],[74.81003935493231,32.78221628895062],[74.80672977785702,32.779714483836415],[74.80832340440168,32.77831038941298],[74.81455940329386,32.77722641136984],[74.81687662885338,32.773201627753],[74.82183786842296,32.77408674680595],[74.82228966443654,32.77274907091294],[74.81947926235813,32.77076424467418],[74.80450339731397,32.770587586348086],[74.80518857189514,32.757559631272045],[74.81462274794154,32.756204863763514],[74.8128795803284,32.75397762166995],[74.8160936880733,32.75219305016918],[74.81626458534242,32.75019866773437],[74.81273694155664,32.748221834670005],[74.81258875126991,32.74639222062456],[74.81509663400249,32.74487365239719],[74.82145129034484,32.744360987569564],[74.82423878669073,32.74689602623067],[74.83059425602016,32.744072827698915],[74.83846007827003,32.73482235796553],[74.84839614796391,32.729060019404415],[74.84675205056675,32.72060302061294],[74.82536226925339,32.722252519338326],[74.82466838024163,32.72057423061631],[74.81643904212814,32.71777335865363],[74.81334141907126,32.712638698317335],[74.80493030728792,32.708179487293535],[74.80839185539986,32.70339793676544],[74.8078014675637,32.69694382979395],[74.80799732641555,32.683546425127474],[74.80986032509401,32.679324898625225],[74.80847208212094,32.67023928001879],[74.81585399806363,32.674233882387796],[74.81798995986878,32.67338244024745],[74.81993904255285,32.674411839334994],[74.8222795227818,32.678501652029695],[74.82585889197435,32.680651506561844],[74.8269652496466,32.68416283934363],[74.82559880084403,32.686621957237605],[74.8222971620844,32.68532374899189],[74.82258381379205,32.68837959764039],[74.820120132738,32.68711789377585],[74.81959600065494,32.691922463351034],[74.81926193489045,32.70157885917706],[74.82415026822036,32.703920034581984],[74.82725888189196,32.699945780273595],[74.83124618716187,32.69938560785954],[74.83682332743467,32.69096888970256],[74.83542134461942,32.688270500882936],[74.83809262427525,32.67826243686204],[74.83964930577088,32.678326356176456],[74.84223790805305,32.68200227838247],[74.83997990105166,32.68402215030204],[74.84577373297145,32.69390807919456],[74.85375297412054,32.68592445115257],[74.85550629328088,32.67903332312943],[74.85850574904111,32.678891479358356],[74.87371292061488,32.66814386234944],[74.86594728733752,32.662782015277855],[74.86936606189431,32.6598813851179],[74.87251819555831,32.65369075882154],[74.87340082438857,32.65570326619286],[74.88188871219438,32.65978693202135],[74.88681505357192,32.660426476800524],[74.89725987064656,32.65489089689743],[74.9020050139203,32.657591242641786],[74.90492036058623,32.65990039498729],[74.90843979715896,32.67010231776783],[74.90632956315886,32.67369260742794],[74.90843909658707,32.6860992298956],[74.90628697216607,32.68945645395223],[74.9134321199964,32.69892186075532],[74.91134789978582,32.710114079201446],[74.91215134600787,32.71366171581559],[74.91082553217262,32.714774838188305],[74.9040491918168,32.71394742233571],[74.90622915385245,32.71766146770261],[74.90533190024706,32.730927821361945],[74.90372880833792,32.73351907304681],[74.89376458896464,32.73989738605559],[74.91080432525945,32.74702630112296],[74.90923825933828,32.748767617931264],[74.90090048007318,32.74957527657779],[74.89262556701635,32.75275993961958],[74.89471482882635,32.762271912418896],[74.90529953184796,32.762978813721304],[74.91363146192248,32.7582109086066],[74.92298627369763,32.76230363960133],[74.9334821650699,32.7641846130295],[74.9389704658144,32.76348397910243],[74.95783825403225,32.75100821135993],[74.96646249884532,32.739792498125325],[74.97703220297382,32.751591958602035],[74.98972973364033,32.75139398904139],[74.99385959134713,32.7583579783381],[74.99792204576585,32.76166462002624],[74.99795983707685,32.7684906686095],[75.0017105316158,32.77130344489814],[75.00683084686614,32.7744239700902],[75.01150478811553,32.77312788604314],[75.0179360280253,32.77543564443948],[75.02128401424591,32.772833051404234],[75.03222179110281,32.766559021082],[75.0367178914176,32.764380550122326],[75.04028468898724,32.765087061119004],[75.04281570588017,32.76716379357424],[75.04435162292913,32.76958664810536],[75.04962940857041,32.77600061024003],[75.05258872219184,32.77836916820263],[75.0564374392365,32.77911593375342],[75.0660894427736,32.77656773441345],[75.07751921713822,32.774118346284695],[75.08383800581936,32.76469760610968],[75.09003676828229,32.762100817298915],[75.12956596429785,32.76277756793047],[75.1350288250203,32.76936417111966],[75.14267221614989,32.774515021950776],[75.14525079099127,32.78026464589675],[75.16112674250525,32.78048521272245],[75.16470543001162,32.78426359378989],[75.16733205832787,32.792242547155865],[75.16051588070337,32.79668276989395],[75.1501095905852,32.80028455558784],[75.13687254763005,32.80926969024404],[75.12981009965642,32.80954152921822],[75.12515309443984,32.81445758864686],[75.11954925599343,32.814503219348126],[75.110600814576,32.818315947323185],[75.10582024880551,32.815044439449366],[75.10168778666207,32.817676865694864],[75.09623069329194,32.81594826080362],[75.09461403331102,32.83366647982422],[75.09314028279789,32.83205169043322],[75.09185094096819,32.83261910598702],[75.08782646312085,32.83525388395964],[75.08626736065025,32.83879021879363],[75.08038896817641,32.83480292521489],[75.07296579493556,32.84402977875135],[75.07637307076067,32.848340307559226],[75.06342304823517,32.848768496369075],[75.04495441961086,32.8578528829043],[75.03738760125685,32.85934190390577],[75.022378835415,32.86621824977249],[75.02244076902633,32.86028271797312],[75.01914459274883,32.857676559125935],[75.02144710899694,32.84830545073601],[75.01966760697456,32.84567064938102],[75.00707764601663,32.84985789822349],[74.99393099212165,32.850226497954566],[74.99184112596726,32.84334876623262],[74.9856587050852,32.84177696443544],[74.98846175160861,32.837166343551985],[74.98749247399854,32.83491342761266],[74.97991822544583,32.830617529875155]]]}},{"type":"Feature","properties":{"blockName":"Bishnah","districtName":"Jammu","state":"Jammu and Kashmir"},"geometry":{"type":"Polygon","coordinates":[[[74.86594728733752,32.662782015277855],[74.86107001387012,32.661683018556516],[74.85626265459791,32.66509697994172],[74.85374264720548,32.66115676587208],[74.8527459699506,32.653141902576806],[74.84383715625984,32.65327143372974],[74.84096649960435,32.65441291892114],[74.84039266199181,32.653028957620336],[74.84094597527661,32.64740755541442],[74.84391532263407,32.64359803711977],[74.84505774491907,32.64234452158246],[74.85048451944505,32.63678859092079],[74.85137495169272,32.63135695376047],[74.84839200388791,32.62810687583169],[74.84162471790648,32.62592531660016],[74.84046715643416,32.62441158222879],[74.84233706370458,32.620404636664716],[74.84674470400495,32.62049367943979],[74.84657245775276,32.612600337035985],[74.84449031587542,32.608852482556074],[74.84412541235793,32.60580000636526],[74.8408482162722,32.60205463941014],[74.84129666321047,32.59472185972612],[74.83998934842975,32.59064672396721],[74.83994841578681,32.59051369175353],[74.83904958387126,32.588552604019526],[74.83714213979795,32.585730635760285],[74.83688277442059,32.583025824881986],[74.83812834984354,32.57776438262022],[74.83949586973864,32.57480784790391],[74.83653023388325,32.573318046290865],[74.83144157476892,32.57843084860485],[74.82862981201629,32.57881232303032],[74.82304748085659,32.57336215803724],[74.82007770811981,32.562923690176206],[74.81756740980819,32.55971866828196],[74.81551107127899,32.55013916628957],[74.81628867098544,32.54599082481678],[74.82608528191031,32.54107287681188],[74.82711524397337,32.53562652944083],[74.8252356033405,32.53487926836357],[74.82948479208954,32.53592039011397],[74.83274675006254,32.53814445220473],[74.83698506241075,32.546907422839354],[74.844596480843,32.5474679792639],[74.84670249972066,32.54795132709211],[74.85038303095217,32.55243756544132],[74.85719651330851,32.548659753644756],[74.86292545914267,32.54891450819804],[74.86869895559238,32.546877768594186],[74.86828753104476,32.54306905429348],[74.87238040683036,32.538329621714695],[74.87687616270478,32.53826457644908],[74.87869224555072,32.53082092564523],[74.88255687160239,32.52851764317472],[74.88378103866404,32.52280045777496],[74.88873117070705,32.518059648334145],[74.90333935692581,32.52137685615702],[74.90333935692581,32.522131203892],[74.9056758585541,32.52680420894711],[74.90747316895164,32.52824205672562],[74.9138645608009,32.527336019441805],[74.9204137980584,32.52716367066694],[74.92616518827288,32.526983940256684],[74.92760303605132,32.53291506178073],[74.92544626483334,32.53668941208673],[74.91825702594105,32.540643492802985],[74.91404699097592,32.54497869091392],[74.91404699097592,32.54688427788716],[74.91541901287718,32.550619227995014],[74.9149887412375,32.55538800815009],[74.91427566069325,32.558089128210725],[74.9141994377539,32.56159540770193],[74.91433789917477,32.56177163165552],[74.91663858889979,32.56319610111922],[74.91884906942909,32.56197652509661],[74.92246361290546,32.55663366721001],[74.92281269015359,32.55618354123749],[74.9318070590486,32.55435417810287],[74.93607557422843,32.55580242384286],[74.94224967458285,32.56228141955194],[74.94385036800014,32.567083498005104],[74.93986804497433,32.567855712571145],[74.93782871442369,32.568684191422335],[74.93686810268088,32.57181839080613],[74.93681740070252,32.573613056297575],[74.93879503416355,32.57578845337446],[74.94320075890795,32.576007360051676],[74.94477737657473,32.57519516342609],[74.9485348816795,32.571684863066025],[74.95434937462397,32.57613532188765],[74.95868697122683,32.577256359193655],[74.960732552965,32.5790141776622],[74.96105397156362,32.57942934338956],[74.96113157766024,32.5824171960968],[74.96083975664953,32.583092732643536],[74.95863586005697,32.588194528154986],[74.95706502682958,32.590018721087176],[74.9520902515639,32.59612376160237],[74.95251209475742,32.59723110043501],[74.95675689211691,32.597072908787766],[74.95936052566776,32.599441893028995],[74.95898253431659,32.604543461911305],[74.95827663485886,32.6052279700948],[74.95790622569183,32.60558715482341],[74.95332376258165,32.60480438491447],[74.9522474548562,32.60363023095044],[74.94969402415995,32.603383650335275],[74.94870169602649,32.6042645947353],[74.94761823509356,32.60400132360223],[74.94730100463772,32.60127230567241],[74.94561698003963,32.599750275055214],[74.94434306338172,32.60060589004985],[74.94151002536745,32.60338188766406],[74.93292786792682,32.60929305592981],[74.93400025460812,32.612225140777696],[74.93736127380379,32.614576519890534],[74.93402937285731,32.61970272480096],[74.93746927698561,32.62345739074601],[74.9376277744023,32.62554955466828],[74.92718046620558,32.63125265578549],[74.9242551658433,32.633307516728564],[74.9220415475794,32.63500563460241],[74.91884633818802,32.638409696250505],[74.91780024318672,32.63882377469747],[74.91494527610365,32.63786485457945],[74.91336065267205,32.634380580599384],[74.91241072577441,32.63197534558577],[74.90748351655111,32.62436521408341],[74.90462270927065,32.6195020419857],[74.90244625998696,32.618972635378896],[74.89896749165649,32.62331429691733],[74.89502046792029,32.62589900423569],[74.89235562471237,32.627086946605345],[74.89193823855891,32.631870822780286],[74.89338303360017,32.634439347697764],[74.89614946602512,32.6374965597185],[74.89819812704201,32.637959161086485],[74.90140329012979,32.638421761555094],[74.90203110595081,32.639280877610474],[74.90209719173208,32.64284240785088],[74.90269196376317,32.645063388864344],[74.90568448305248,32.65032752009904],[74.90630968994031,32.65240497111256],[74.90528583966983,32.6584402359282],[74.90296368582551,32.656841240430936],[74.9020050139203,32.657591242641786],[74.89725987064656,32.65489089689743],[74.88681505357192,32.660426476800524],[74.88188871219438,32.65978693202135],[74.87340082438857,32.65570326619286],[74.87251819555831,32.65369075882154],[74.86936606189431,32.6598813851179],[74.86594728733752,32.662782015277855]]]}},{"type":"Feature","properties":{"blockName":"Mandi","districtName":"Baramula","state":"Jammu and Kashmir"},"geometry":{"type":"Polygon","coordinates":[[[74.34874436825805,33.829388604300675],[74.36550724016706,33.83678916948463],[74.37554999913323,33.83717946805808],[74.38230241482466,33.84066075988619],[74.38591987570175,33.84093984559746],[74.40620546850761,33.83506928172204],[74.40925909942797,33.83529349889591],[74.4225440906373,33.84298381035461],[74.43363320720681,33.85436946937557],[74.44227936400148,33.85823300544888],[74.46488272016148,33.849953173100516],[74.47300769644806,33.85217265584345],[74.49011025668307,33.8520098299897],[74.49087249057305,33.85264898985906],[74.49289435359162,33.85522214358713],[74.49173132693926,33.85624510892467],[74.49026291480175,33.86689645260924],[74.49890023036141,33.875171452000984],[74.5010250306807,33.88611301680231],[74.50169725862162,33.88947991036963],[74.49489284143152,33.895859574160056],[74.48888078811791,33.903613454197625],[74.48524864760708,33.90807496658647],[74.48061757793892,33.908644608861664],[74.47498992634411,33.91212987839123],[74.47590712871107,33.92407509738791],[74.47048005201287,33.92430890223409],[74.46066580628201,33.930932020596345],[74.45274115488047,33.940250563612665],[74.44729347921077,33.95133583737902],[74.45042942058137,33.96100197196347],[74.44596497010735,33.96372977131193],[74.43976926533941,33.97326500957257],[74.44025876632907,33.979526270421104],[74.4498227343318,33.99053345155761],[74.44424877675971,33.99690210225026],[74.45367026966727,34.004347090346016],[74.45326156287086,34.01110637775719],[74.4566889331478,34.019423884504704],[74.47044293879065,34.03382133168918],[74.44552026524809,34.055160874175044],[74.37201254284463,34.057655654684766],[74.35388004302962,34.05827105446565],[74.25932610731405,33.9839085507391],[74.2627487183787,33.97428512585793],[74.28626558069203,33.949791839022225],[74.28899017125946,33.949311029080775],[74.29431696635498,33.937276382399205],[74.28945023294193,33.92945022654675],[74.28811501489605,33.911902992029525],[74.28140425220454,33.908667653989085],[74.27517490200017,33.91171365775915],[74.26773983072866,33.90747486337432],[74.26637575343835,33.90409330995834],[74.26699952500815,33.89812028542286],[74.25579655067031,33.88568754304572],[74.25473310055219,33.879488949655354],[74.24869015462701,33.86966861641355],[74.24902119956874,33.86810188229606],[74.25310355688367,33.86814612804142],[74.25856342376306,33.86453703175869],[74.26275125626552,33.86470176417515],[74.2641465409302,33.872738090690405],[74.26900357425558,33.86795414077102],[74.27514172690923,33.866092312110595],[74.27580381679275,33.86295884477494],[74.28588803720322,33.85806823526087],[74.28478745227915,33.85413678328598],[74.2733668096306,33.84498051393962],[74.27313255062677,33.841674017941614],[74.26648084641397,33.837600746477335],[74.26394861633565,33.83383292075274],[74.26431321768092,33.83007150089912],[74.27375126440938,33.83592629156516],[74.28742240651889,33.83841401599409],[74.29088665439565,33.84047637728304],[74.29650409868526,33.832952070781516],[74.30081005084321,33.8299527733019],[74.30580858709669,33.829842584767505],[74.30889124183739,33.83194277603832],[74.31287916224358,33.8318286286883],[74.31243224685079,33.83950689372824],[74.31983448837099,33.843157650205455],[74.33771085137477,33.84226030486923],[74.34180720124141,33.83956298264559],[74.34874436825805,33.829388604300675]]]}},{"type":"Feature","properties":{"blockName":"Mendhar","districtName":"Punch","state":"Jammu and Kashmir"},"geometry":{"type":"Polygon","coordinates":[[[74.22142840739514,33.78296038691235],[74.21592788396475,33.754648316966325],[74.20340167414798,33.74235475456834],[74.20529846125504,33.73944429661702],[74.20276723571942,33.721480068950086],[74.196735009713,33.71382056736536],[74.19351935783214,33.71224840134272],[74.19379347029246,33.70264328126245],[74.19178100339064,33.69849155204355],[74.19225224364618,33.681003626915924],[74.1916683713983,33.67397136198883],[74.18857018266783,33.66939884717908],[74.18837019592786,33.66588713128613],[74.18497538470632,33.66433637542343],[74.19649330342327,33.65298918490299],[74.2003373197116,33.651360634985394],[74.20646006338126,33.65165468991205],[74.2114683896545,33.65482418139089],[74.21790285363386,33.654435835245636],[74.22504214957559,33.64808394791589],[74.23916584043127,33.641509599788264],[74.24260748924428,33.63853638894324],[74.24616106408189,33.64342991495869],[74.24562464995768,33.65144146425223],[74.25630143906022,33.6533190598268],[74.2763600249952,33.652462635442305],[74.28994234556285,33.63173266602979],[74.2932792233575,33.623236517951],[74.30135981180592,33.623562632809296],[74.31129823592488,33.62795739032134],[74.31470781311515,33.62757968225657],[74.31838382705206,33.62337589668033],[74.3204206988562,33.61468100292598],[74.32401913007885,33.616008083906024],[74.32997403327505,33.62214591190434],[74.33925716188855,33.62176069899709],[74.34404279174151,33.623545925204326],[74.34853547013591,33.62171903790335],[74.35642270524369,33.62286053118862],[74.3586051916763,33.6264991504155],[74.36324796062496,33.62622065465956],[74.36409067304618,33.639633633785195],[74.36791863283867,33.64844962485034],[74.37304601765965,33.64876069045357],[74.36738471073585,33.658375832578656],[74.36556667546176,33.66504572737847],[74.35706192356895,33.67770138650985],[74.34606135874475,33.68363591016919],[74.34385393680981,33.69040506674048],[74.32286766780868,33.718906119322014],[74.30967096574255,33.72954461079519],[74.30852792562331,33.73382998286746],[74.31994292772401,33.74349972553193],[74.31974106859548,33.745606703086935],[74.31288622551892,33.745529879400465],[74.29477446047304,33.73886549294821],[74.29090173242906,33.739944227943795],[74.28760765247125,33.74204490754647],[74.28719589967108,33.74432507744041],[74.29000744928442,33.7589360308732],[74.28814590480971,33.76153487553415],[74.27227117367579,33.770137300995714],[74.25721562959768,33.77319502832796],[74.24596286429482,33.78039338184914],[74.2402144337492,33.78242540360952],[74.23156769509313,33.78369505208502],[74.22142840739514,33.78296038691235]]]}},{"type":"Feature","properties":{"blockName":"Lar","districtName":"Bandipore","state":"Jammu and Kashmir"},"geometry":{"type":"Polygon","coordinates":[[[74.7028771777396,34.33801599574167],[74.70587491579477,34.33613435231854],[74.70922470425677,34.33282861085178],[74.7125819777761,34.32821658162999],[74.71592906377532,34.3279110189784],[74.71578364969571,34.327974279089744],[74.71786554515882,34.33107357218768],[74.72376274785256,34.33112182621136],[74.72923269972938,34.334153374278856],[74.73009210176912,34.33980182539398],[74.72664070970103,34.34414061629644],[74.72656833855802,34.34824892175038],[74.7310414099332,34.36075069069187],[74.7298560818927,34.36369813146365],[74.74713044501408,34.378498518092215],[74.75741378341945,34.382571988306665],[74.75817421866532,34.386210713653554],[74.76784636072102,34.39083311655514],[74.7641618311037,34.39644013770226],[74.75874338519912,34.400420869827315],[74.75679345985037,34.41305425904687],[74.75316746260836,34.414284893133356],[74.7503939660088,34.41728960902827],[74.73721586641915,34.421884199496276],[74.73152043112304,34.43224309714128],[74.71873366792448,34.4142276575804],[74.71133480245925,34.41715522063697],[74.70435659218305,34.414172147826434],[74.69688899063448,34.43204033329482],[74.68269188542223,34.44834092939044],[74.67527318001328,34.45211381290221],[74.66200335946752,34.45293007896004],[74.65503176280566,34.44966523236462],[74.64743449610518,34.46104600806689],[74.64294595549148,34.460094872480454],[74.64310463906787,34.457141598705846],[74.64364137694804,34.449260289231006],[74.64386907989416,34.44643945861418],[74.64686354261846,34.43867563926938],[74.65217293043645,34.434983639883114],[74.65694128341357,34.428667575248426],[74.65673295006565,34.420426834630746],[74.6540824663328,34.4135348972178],[74.64853472579699,34.40664660835432],[74.64451833825075,34.40165970573088],[74.64345040501223,34.395809283072026],[74.64559469274093,34.3900342532782],[74.64179145890876,34.38090564078277],[74.64216185638463,34.37368285627883],[74.64374626038165,34.36608681535432],[74.64656252424118,34.36484137123233],[74.64424415204604,34.364600379004344],[74.6386977470035,34.360154439276016],[74.64323031842451,34.35588969675217],[74.63642995537822,34.35541884230577],[74.6319640129289,34.361246353836236],[74.63109063992113,34.36233583393164],[74.6290441948338,34.352658660169084],[74.63022573133247,34.35052113084555],[74.63260836638307,34.34722806532301],[74.63549096693464,34.34718547612886],[74.63715974172874,34.344264405278125],[74.6426078670595,34.342222421727456],[74.64343858072596,34.34022613093123],[74.6494326116258,34.34633371203125],[74.65127402297782,34.34652660222099],[74.65365469300974,34.34482361361893],[74.65615632365547,34.33812558802549],[74.66066328328395,34.33776771360914],[74.66559514290157,34.33972630932175],[74.67602182784515,34.337807767614436],[74.69066146065796,34.34739865142666],[74.69135406273983,34.34553860971914],[74.70135531889292,34.342728835367495],[74.7028771777396,34.33801599574167]]]}},{"type":"Feature","properties":{"blockName":"Atholi (Paddar)","districtName":"Kishtwar","state":"Jammu and Kashmir"},"geometry":{"type":"Polygon","coordinates":[[[76.22911378117612,33.02826023372285],[76.24673500022016,33.030070999776854],[76.25455500021314,33.032393999883254],[76.27256000044372,33.05207800019963],[76.28865099964395,33.09619100021456],[76.2932660002258,33.09786600011586],[76.29430400042935,33.10046400031342],[76.29244199999835,33.10383200004679],[76.30545800038647,33.112990999734905],[76.30941800044042,33.12004899966166],[76.33306099986532,33.12999699976177],[76.35315700029537,33.146068999884506],[76.3697199996783,33.15462100035893],[76.37338300042518,33.154369000429085],[76.38378099969344,33.16780899968563],[76.39749900007882,33.1762159997686],[76.40222899966864,33.18264400032041],[76.40937800019464,33.18644300014438],[76.41835000025236,33.186294999614574],[76.4253920003406,33.18814799963053],[76.43946800014817,33.18149600044012],[76.44747899995593,33.182487000274875],[76.45951800025557,33.18012200003034],[76.47327399969538,33.18294899999643],[76.48677800010466,33.179507999594534],[76.5065459997981,33.18973900015476],[76.51374800007022,33.19560600001694],[76.5235370000326,33.1953469997643],[76.53802499995385,33.19995099983885],[76.5519790004306,33.19885999988912],[76.55977600026227,33.20628000032178],[76.56530799996426,33.20903000033428],[76.58078799976641,33.20565400023196],[76.59973899955526,33.20632199956066],[76.60404200013824,33.203650999594004],[76.60185199986995,33.19248199984446],[76.6058119999239,33.189414999602604],[76.61036700043678,33.190024999853904],[76.61514300034924,33.187416000048415],[76.61737799999474,33.17311899994195],[76.63035600042912,33.16528700029488],[76.67899351483891,33.21362699199216],[76.67854631795825,33.2491137300147],[76.64658841172587,33.28567005782696],[76.64382009971786,33.30143751243128],[76.6058870429527,33.32747242521231],[76.52672161451096,33.33098425262119],[76.51180300840218,33.353763429838466],[76.51220833644561,33.3900461164352],[76.52585490997615,33.40278181792661],[76.52594295900042,33.410387246873995],[76.53676798065783,33.412835170906476],[76.55999090855363,33.42671290527642],[76.57323177542617,33.42711324747842],[76.58000934515519,33.43395432822973],[76.58968633185879,33.44024461020064],[76.58955219168035,33.448840475107886],[76.58216950951532,33.45881333876463],[76.56727416437127,33.46226147438756],[76.56039212939334,33.46975366070291],[76.5511000462302,33.48176798540425],[76.54343988364377,33.502837868872575],[76.53569989363524,33.51279025496632],[76.52397936575517,33.5171373007459],[76.50856497689222,33.51087669460384],[76.49828287775267,33.521400357040875],[76.48252957757802,33.5273086942409],[76.47272556883001,33.548255715029256],[76.4675184896866,33.55154211477685],[76.45791213213926,33.55027462017762],[76.44242711322073,33.538991227563145],[76.42917704898167,33.53249617535823],[76.41528299731254,33.53098295629843],[76.40898351707568,33.53456523299917],[76.3957631277662,33.533807582953614],[76.37543753581366,33.53192577765259],[76.3728521926746,33.526081995587674],[76.37428381624517,33.51650692275632],[76.37259405397248,33.51050025997904],[76.36197746099111,33.50635012975471],[76.3544517731309,33.5082012951537],[76.34802257558147,33.51758717400895],[76.34253041404742,33.5211751775924],[76.33188674427788,33.51476102390217],[76.32483107809185,33.51383903084667],[76.31859025883341,33.51793917765099],[76.31230130156388,33.51801439155099],[76.29792336966784,33.514915622757826],[76.28761549775709,33.5155420922938],[76.27671726139255,33.50887938667438],[76.240380330388,33.47775875286419],[76.22702474689459,33.46329774429552],[76.22095076986221,33.47443536040362],[76.22241837800578,33.48166858243917],[76.22047404104421,33.50490143974969],[76.22336157617588,33.53319639379856],[76.17738173467939,33.52361725962891],[76.11475015139843,33.518890348311004],[76.07575312740494,33.51061825193085],[76.04266474368302,33.50234615645002],[76.03084746403931,33.495255788124155],[76.02493882376774,33.49171060396128],[76.02139363960487,33.48107505237181],[76.02612055182209,33.436169388106805],[76.02139363960487,33.401899276330596],[76.0107580880154,33.377082988988775],[76.0095763599611,33.356993612964914],[76.01170649639978,33.35273333994019],[76.02257536765916,33.33099559666948],[76.08567613264745,33.26150329683975],[76.08898615308857,33.26267153955996],[76.09502207261062,33.26169800366],[76.11936046021714,33.247484385995676],[76.12831698653974,33.24144846557425],[76.13746821968266,33.22801367609031],[76.14175177602368,33.220030685667666],[76.14552007569102,33.203329983891706],[76.15276026207647,33.19122346698947],[76.16203426167192,33.18272230069368],[76.1705354279677,33.17525157849758],[76.18238553916137,33.17061457869988],[76.19011387305687,33.167265633802],[76.19475087285457,33.15824924500669],[76.19500848365465,33.14098930071572],[76.19809981685313,33.12604785632357],[76.19835742855253,33.11600102252919],[76.19234359727926,33.09773527736121],[76.18437820029379,33.08603610118519],[76.17975288268946,33.04580967877371],[76.18056550829164,33.02427509941634],[76.2055209998943,33.027470000340315],[76.22911378117612,33.02826023372285]]]}},{"type":"Feature","properties":{"blockName":"Kishtwar","districtName":"Kishtwar","state":"Jammu and Kashmir"},"geometry":{"type":"Polygon","coordinates":[[[75.6545129050466,33.35549924729247],[75.65972144738697,33.36172272402456],[75.67304671833142,33.38800831293332],[75.67474734081719,33.4008772525832],[75.6798807367067,33.39901135898708],[75.68506653699114,33.401527194424546],[75.69241913593441,33.41278182492135],[75.7005141549044,33.42144972012852],[75.7059059529974,33.420594695089164],[75.7100032966149,33.4117706173202],[75.71186619816655,33.401980387984565],[75.7316021559148,33.387496147229456],[75.73463155819991,33.38361514362401],[75.73582978071988,33.37333217933667],[75.74170840701743,33.365594615699024],[75.74434405733246,33.36532748287709],[75.74221764992467,33.3529799485658],[75.74368189100653,33.34434084335527],[75.75048830199358,33.339994222955056],[75.7756901934477,33.34304942499102],[75.77691220663309,33.33337336908579],[75.77523928326639,33.332954452286174],[75.76101229987779,33.313396232949856],[75.76632702067553,33.30582329560866],[75.7823162103249,33.31321327936939],[75.79862466379723,33.31855614984647],[75.80516758061941,33.31847789803663],[75.8090517732208,33.312733479366614],[75.8192728146887,33.31261123811822],[75.82797325366278,33.31078916758605],[75.83503116905325,33.304229160947045],[75.84175237287377,33.30146158098722],[75.84896386908736,33.310068601085106],[75.85882894270162,33.31502259571624],[75.87095142976472,33.31082003141938],[75.88519945998712,33.31470721066927],[75.88917757328642,33.313861989139525],[75.88376575988195,33.32594026283289],[75.87925730558027,33.346460112844],[75.86003218163995,33.35482051905177],[75.84942865580786,33.36193605220711],[75.83725961623833,33.375647923712734],[75.83373721100355,33.39048968814865],[75.83389452221451,33.40364303929488],[75.83648367488172,33.4138895981265],[75.8418468880235,33.41546985984621],[75.84397756271443,33.41464165978482],[75.84367343987742,33.42129627240507],[75.84465907975277,33.42540508237869],[75.84655854773882,33.426611736942164],[75.83870662900779,33.430371406715096],[75.83681919664866,33.460342401180924],[75.84139404789704,33.47222207668756],[75.84688568602564,33.475225241251906],[75.8518055486872,33.48744177311937],[75.86185980638504,33.50130181242878],[75.86458058472624,33.51337811480818],[75.81720761873669,33.51732034965448],[75.79488035354552,33.51896445784348],[75.7877178137262,33.516671746903626],[75.78186833085886,33.50484983934865],[75.77870404105869,33.518682247887455],[75.771774715231,33.53588940737029],[75.74870195343249,33.5617340577806],[75.74548772158113,33.565219946043726],[75.7460998442325,33.57662881656671],[75.74946890696452,33.579918245230886],[75.75945095809527,33.5793231881147],[75.77044110247493,33.583472820114594],[75.77141506825086,33.585363870446315],[75.7704057276423,33.589616759905596],[75.74965570514672,33.582974729700084],[75.73313879511937,33.58607476294003],[75.72492815660922,33.59779141923866],[75.69758658914981,33.60729050565237],[75.69117408931282,33.58619164063174],[75.69024742697724,33.57426923923407],[75.69700745183252,33.570053477386125],[75.71203321036444,33.56549563141829],[75.72263200666185,33.55685581664267],[75.72670061963794,33.549850882112594],[75.73005526443893,33.53084889436104],[75.7307744567758,33.525868206052905],[75.741546643263,33.511388794657194],[75.73059412651776,33.51079009348808],[75.71789270448477,33.50632062659571],[75.70980617781294,33.50130950702817],[75.70876243633745,33.48860204155102],[75.70008829264066,33.487178056821904],[75.68953580063675,33.4990168266653],[75.6803395834051,33.51462905288855],[75.65359935212848,33.48644212360517],[75.64722869774624,33.484243920620486],[75.64092724079956,33.479737738006236],[75.61444435682165,33.47954522463249],[75.5995871087581,33.47208428436227],[75.58516595544455,33.45850722482862],[75.57013211110808,33.43628038063508],[75.55072897356331,33.41779039581019],[75.55425565957108,33.404388990959205],[75.56130903068726,33.388871573964025],[75.56836240180348,33.380407528085016],[75.57894245892737,33.373354156968844],[75.59218486813722,33.366417657249144],[75.59401439225047,33.36550373560897],[75.60574527042792,33.36136342598138],[75.60623025142502,33.36112093458354],[75.61138796678131,33.358542077355025],[75.64896572838569,33.358059482259364],[75.6545129050466,33.35549924729247]]]}},{"type":"Feature","properties":{"blockName":"Devsar","districtName":"Kulgam","state":"Jammu and Kashmir"},"geometry":{"type":"MultiPolygon","coordinates":[[[[75.01294883582017,33.76631225410728],[75.0297102121566,33.77605659283756],[75.03231025381524,33.77571270557695],[75.02938994918685,33.77137263673785],[75.03069593926625,33.77030274837318],[75.02489505486295,33.76780566110244],[75.02289525761012,33.766860534785906],[75.02058121205334,33.763825182586174],[75.02356517159546,33.75607216499844],[75.02354132067546,33.7438653583996],[75.02664378118561,33.73857679528294],[75.03335893706537,33.73892636176225],[75.03737630936922,33.73573958081704],[75.03817866831093,33.73009727476949],[75.03649754672443,33.72444778763537],[75.03990976882085,33.723146447050965],[75.04486940759716,33.728036305631065],[75.05133470843009,33.73129405028027],[75.05952884617938,33.72719345291557],[75.06181442909269,33.7198065394403],[75.06594563488318,33.719491084246215],[75.07166061514533,33.716752434577245],[75.08173043471186,33.70927327584104],[75.08155434295861,33.70549642002379],[75.07575077857564,33.70155967104205],[75.07455377103975,33.695811200926244],[75.07829713790267,33.69409346883856],[75.08628406285925,33.694634724013326],[75.09002742882285,33.6929169919257],[75.0936200684115,33.68884061510238],[75.09428550287373,33.68299449839742],[75.0945814166991,33.680505654312526],[75.10106658625403,33.68012399462668],[75.10580650266803,33.6809946229036],[75.10880824360561,33.685670297146544],[75.11380089379628,33.68893016239713],[75.11369297964734,33.6910644011013],[75.1132123315839,33.69627527628302],[75.11353788526526,33.697942719181185],[75.11459178368392,33.69888525814821],[75.11548863439305,33.69928561024278],[75.11805758379052,33.700344779587965],[75.12202470287781,33.70734265264133],[75.12235903304298,33.70902494424581],[75.12478301262598,33.714187529431],[75.12567530916823,33.716378075587784],[75.12486390214741,33.718304853286384],[75.11872189410019,33.71632203163648],[75.11540771339531,33.714646598261936],[75.108309200809,33.71686293427706],[75.10167804700433,33.71662258416495],[75.09330903608321,33.71630287877491],[75.08984704640415,33.716633018998664],[75.09360435455739,33.72878664418835],[75.09209486588543,33.73645760313593],[75.08301034535123,33.74484157607793],[75.0758971207556,33.75266060300447],[75.07572400755697,33.75505182118468],[75.08090546231728,33.753477437433844],[75.08773186073682,33.75465310675554],[75.08703245798159,33.76054650981365],[75.0836952123642,33.76937751685898],[75.0808580401665,33.76650382139428],[75.07589908937155,33.76499411868366],[75.07303803567686,33.77338665676882],[75.07579613228575,33.780176531921484],[75.08375372675312,33.786636777665194],[75.07844479938802,33.78985774094207],[75.07892330616568,33.791548841405984],[75.07426202827003,33.79851663033827],[75.07030365419035,33.80240794916756],[75.06124471667039,33.802756268287226],[75.06229629303954,33.815545250113246],[75.06240130687485,33.81562157467596],[75.05847388026541,33.81469442220987],[75.05502580759497,33.81243696379488],[75.05231160059992,33.819060333067966],[75.05639170061653,33.823038375320834],[75.05986602989344,33.83395522405442],[75.05514741302272,33.83389188120543],[75.04894085613569,33.82923639944033],[75.04889608698488,33.826319085057776],[75.05209689915262,33.82134655539926],[75.05107672890796,33.817537144123946],[75.05068780180068,33.80966557340753],[75.03280006866828,33.79077406826866],[75.0257994014213,33.77924355814372],[75.01182380642359,33.76724976856201],[75.01294883582017,33.76631225410728]]],[[[75.07370366079539,33.80327580933118],[75.06921172973762,33.812356476270395],[75.06812706641102,33.814589911095595],[75.06684918374287,33.81568510908056],[75.07370366079539,33.80327580933118]]]]}},{"type":"Feature","properties":{"blockName":"Kupwara","districtName":"Kupwara","state":"Jammu and Kashmir"},"geometry":{"type":"Polygon","coordinates":[[[74.27975463836594,34.76827240005127],[74.26989746079926,34.762691497914375],[74.23901367154377,34.752075195413966],[74.2274856570375,34.75008010881004],[74.22574615506107,34.74745941242202],[74.21050262479633,34.74017715485189],[74.20664800100451,34.73833567515135],[74.2160175571646,34.71144262118008],[74.21895910018236,34.713781095021545],[74.22500005680723,34.708289670032286],[74.2237657912583,34.69819055684877],[74.23466669231408,34.66898478112279],[74.24023128164839,34.666240131177176],[74.24170784074431,34.66343316630764],[74.24192062483701,34.64477709918384],[74.25495691213183,34.6404987741991],[74.25675676671148,34.64069921060013],[74.25706842226992,34.642324130854036],[74.25814766358388,34.63980493734806],[74.25673554900646,34.63165493202956],[74.26130839566599,34.630712177225234],[74.26453967866331,34.622812314736564],[74.27494072213665,34.6115351589205],[74.28479556686199,34.60455764561891],[74.27978617399282,34.599614632609246],[74.27996961410645,34.59310693143976],[74.27566678439462,34.59155089295939],[74.2737337357234,34.588104836569016],[74.27416724132519,34.587896154284124],[74.27556396400581,34.58657718968561],[74.27683673672607,34.58659117774073],[74.27890506861411,34.58296019735525],[74.27655934893488,34.578614088669326],[74.26865132419931,34.57462904429502],[74.26636580333923,34.573470673432894],[74.26530984187576,34.569903764347316],[74.26835695091262,34.565886743678334],[74.26769687101387,34.560897102619265],[74.26597400289796,34.55500237935638],[74.26496799877418,34.55264075336811],[74.26674947660712,34.55068783867284],[74.26834497643955,34.54843616289867],[74.27128190413663,34.54152486937727],[74.27358488353559,34.53959519226436],[74.2758556087494,34.54007879460073],[74.27839046574746,34.54000345659432],[74.28405170432274,34.54153207564485],[74.29510411955954,34.54228522818079],[74.30529490423652,34.53908528925473],[74.31224172727394,34.53523745174704],[74.31705804739101,34.533952066035056],[74.32177350224538,34.53094390034079],[74.3220962968067,34.532405562167014],[74.3205668989433,34.53608880575382],[74.31935612188755,34.541302121695594],[74.32156517879002,34.543359543907854],[74.32536692874083,34.54407219367687],[74.328781928843,34.54366260374621],[74.3245310250868,34.56235874376108],[74.32732173740828,34.5670096218966],[74.3276027377762,34.57308697138666],[74.3348487265875,34.57789062095543],[74.3279453120266,34.581834936832934],[74.32261518224493,34.57926252234756],[74.31395990902263,34.58427965478228],[74.31190105958626,34.586026648111385],[74.31400265829609,34.59501605904393],[74.31334192908679,34.596760009966545],[74.31978259838826,34.60643281122532],[74.3329179244227,34.61795828244885],[74.33463820428977,34.61504855744505],[74.34340357611421,34.617174680667006],[74.35592101214507,34.613506712964465],[74.36274533043269,34.61416045713946],[74.36833934288643,34.620644775935716],[74.37545204857327,34.62107881663411],[74.38490166957644,34.62602935876794],[74.39155534060654,34.62415990475586],[74.39722757699116,34.628105256652304],[74.41018749655575,34.62426855275157],[74.41631665239163,34.62588817060265],[74.42155717822124,34.62753323477102],[74.42969217385479,34.635356629704745],[74.4340308028793,34.6358784739125],[74.43780472510804,34.62248317455891],[74.44323040695775,34.62204300767871],[74.44287394087974,34.629990943427345],[74.44511182824834,34.63334108981951],[74.45914745928786,34.637154086691794],[74.46486229655778,34.631975461198635],[74.48922568441787,34.64348857573725],[74.49310322563343,34.65156634121371],[74.49557858978017,34.65313137291457],[74.49854756391898,34.65292691924196],[74.52884918694048,34.65287625143793],[74.52981302095424,34.66178118455406],[74.53250121865636,34.66978964197847],[74.54136435578044,34.68252612767873],[74.5458014758575,34.689149089558896],[74.5442584145942,34.70700777458916],[74.46698429279093,34.6869636263703],[74.4342642848689,34.68428165917129],[74.40234886710658,34.688572806689706],[74.38679345285561,34.69313215272672],[74.37177443294377,34.71297871539542],[74.36024197129001,34.71592888021371],[74.33851803068262,34.714319698994984],[74.32698556902886,34.71566068259449],[74.31679409097455,34.72102461879115],[74.3066026129203,34.732825277164864],[74.30365244810207,34.746771511096426],[74.28890162491012,34.765277089266306],[74.28417426213252,34.771967377992155],[74.27975463836594,34.76827240005127]]]}},{"type":"Feature","properties":{"blockName":"Handwara","districtName":"Kupwara","state":"Jammu and Kashmir"},"geometry":{"type":"Polygon","coordinates":[[[74.26834497643955,34.54843616289867],[74.2651405004338,34.54630820505969],[74.26310963430223,34.531678446802914],[74.26154825564754,34.530023454119146],[74.25384360539812,34.53860936173271],[74.25015475543768,34.54019625595248],[74.24689562223523,34.53866127329917],[74.24733765700734,34.53511618986033],[74.25599792776222,34.52222078675993],[74.25658559604847,34.519493188859656],[74.25349447868729,34.512185664836636],[74.25530246044025,34.509442756877775],[74.25798178543113,34.50837101590969],[74.26382466817398,34.5093238269331],[74.26386791836978,34.50783786272723],[74.26360971581579,34.505951750572876],[74.25527670925277,34.50234339083488],[74.24276593090303,34.502965516645304],[74.24152851143174,34.50029946474854],[74.2429475831645,34.496724468959144],[74.24762910839667,34.49401152371291],[74.25096486024017,34.49235525668979],[74.26129871176619,34.49142093932494],[74.2651615940324,34.49368944321327],[74.27175601233017,34.4915979061185],[74.27813137466325,34.48494166572533],[74.27776066602195,34.481735670764635],[74.27978471799042,34.47886851966649],[74.28366374038939,34.484920348195544],[74.29087100169545,34.489841412351325],[74.2924521600392,34.48834329111003],[74.28401344896156,34.47463927068583],[74.2858899329741,34.47030160393592],[74.27891692797391,34.4633503652272],[74.26898464532519,34.460081700110436],[74.26811135775301,34.45661830928759],[74.26827239755318,34.44911675563384],[74.28186666381555,34.42107750402363],[74.28461637874295,34.42198446401187],[74.28771785989136,34.420952476675495],[74.29441430087934,34.42628614528945],[74.30238688524662,34.42469952176555],[74.30272038803554,34.427385070964306],[74.30789288105166,34.43000562885675],[74.31045464936261,34.43038894239584],[74.31228955322035,34.42745775597069],[74.31620713585068,34.43076220780972],[74.31953660143307,34.429521193748144],[74.3263024224189,34.43043853910734],[74.32922163706894,34.43268476229201],[74.33549939058446,34.43976292142173],[74.3252461848636,34.449672283948814],[74.32747871407145,34.461949825823865],[74.33708448436153,34.45550557811998],[74.33659406516404,34.43957635256669],[74.34053203002924,34.43272311567932],[74.34819757685676,34.43926050526818],[74.35257208433427,34.448615996031435],[74.35622333004272,34.4513401881992],[74.3530202596773,34.45565578738473],[74.34983077626936,34.46827864284512],[74.35552224915256,34.46834023021751],[74.3573221307118,34.46973106413736],[74.36207101876255,34.476143251909605],[74.36253932183229,34.48017222097127],[74.36877948098834,34.47558563177154],[74.37628727233982,34.47630607056874],[74.37827690095827,34.49086520956183],[74.39881416813938,34.50258219141506],[74.402641751116,34.506174689810166],[74.42789715313114,34.50991314007939],[74.43403861618924,34.5126477823693],[74.44172959044829,34.50981289265093],[74.45699804272556,34.51223414459014],[74.45941017643855,34.51859494240273],[74.45927604615264,34.528157070392524],[74.46357326679288,34.53377610198555],[74.46043322990971,34.53880599580009],[74.45697357307199,34.54177765801256],[74.45410436702298,34.54127118501725],[74.45213582300988,34.53965778957536],[74.45222210396696,34.53824387995115],[74.45288353194951,34.53737191618103],[74.45238611782514,34.533894995058006],[74.44686984097046,34.52960495910162],[74.4435617064077,34.528997607353745],[74.43383273079593,34.53560115556894],[74.4273667581694,34.53358466779821],[74.4198615235905,34.530038425133284],[74.41370945482754,34.53106064043624],[74.40983792917717,34.52743013309424],[74.40725802243986,34.527172867633794],[74.4030017740127,34.52821094068241],[74.39719292341476,34.53015257787922],[74.39344846567423,34.53261951627769],[74.39346393491275,34.538909814436465],[74.37713516575536,34.5431045906044],[74.37207109320644,34.54429302939985],[74.36970831608596,34.54374952142331],[74.36469514876217,34.5457397139167],[74.36335827776236,34.551588891014546],[74.37210353714858,34.56375363722066],[74.37297419060644,34.56688598759831],[74.37080536937236,34.57110702127204],[74.36739043582003,34.57312841214656],[74.35673581680453,34.57024845110516],[74.35369634031389,34.57133713260265],[74.3494613707457,34.5766019563153],[74.33821598797749,34.57821494616286],[74.34130216985932,34.56696754801396],[74.35395422270926,34.55667872914012],[74.34244713182972,34.55271948811395],[74.34569628255747,34.54823836241053],[74.34378258909527,34.54749637855508],[74.34024439806058,34.546696689700525],[74.33550327295774,34.54579022613808],[74.33131184856302,34.54422209087687],[74.328781928843,34.54366260374621],[74.32536692874083,34.54407219367687],[74.32156517879002,34.543359543907854],[74.31935612188755,34.541302121695594],[74.3205668989433,34.53608880575382],[74.3220962968067,34.532405562167014],[74.32177350224538,34.53094390034079],[74.31705804739101,34.533952066035056],[74.31224172727394,34.53523745174704],[74.30529490423652,34.53908528925473],[74.29510411955954,34.54228522818079],[74.28405170432274,34.54153207564485],[74.27839046574746,34.54000345659432],[74.2758556087494,34.54007879460073],[74.27358488353559,34.53959519226436],[74.27128190413663,34.54152486937727],[74.26834497643955,34.54843616289867]]]}},{"type":"Feature","properties":{"blockName":"Beerwah","districtName":"Baramula","state":"Jammu and Kashmir"},"geometry":{"type":"Polygon","coordinates":[[[74.65283463900744,34.15926587801789],[74.64754974782267,34.157607787169695],[74.64466519664154,34.153353073885285],[74.63752593307538,34.15392998358192],[74.63101115783871,34.145583835225864],[74.63003186717697,34.1507245336104],[74.62405422462285,34.155983964088705],[74.61854776836486,34.151373487096805],[74.61809771973401,34.149243256671014],[74.60648167239134,34.150041609132984],[74.59967557256965,34.147876031753526],[74.5973037509674,34.145916701294766],[74.59689125982385,34.14241052882289],[74.58070099615412,34.14220428280146],[74.56863564032261,34.14612294641688],[74.5665397172342,34.14627819997901],[74.56598816841927,34.14478113813908],[74.56496296287048,34.140338578962314],[74.56335967131184,34.13267506010601],[74.56257081569066,34.12521679262096],[74.56201881181875,34.12563079462552],[74.56120387405957,34.126241998169746],[74.54915770526395,34.13222236566969],[74.5449714483737,34.13512711562396],[74.54206669841943,34.137348395212314],[74.54170261328505,34.13718722141317],[74.52241691910558,34.12034706446548],[74.52890988937997,34.11684427794114],[74.53788044062986,34.12085966723993],[74.53984541883108,34.12333724821548],[74.54181039613292,34.120261630669745],[74.54257930119383,34.10770285820041],[74.53239707176749,34.101959266906704],[74.52727196133202,34.09696453838279],[74.53064078754238,34.09122241478269],[74.53561163726732,34.091472818415866],[74.53133706425416,34.080805727602296],[74.54292445380054,34.08046740984315],[74.54207865850333,34.065327682026975],[74.54385482763826,34.064904784828],[74.54368566875866,34.06279029793393],[74.5406408071276,34.050610852309035],[74.54165576130441,34.04968047757205],[74.5369193099782,34.03995383660032],[74.53649641277929,34.031580467564595],[74.54613847431119,34.03065009372688],[74.54771391926204,34.02907464787677],[74.55641811470429,34.02616861998587],[74.56004288257304,34.03069957982183],[74.56739310730609,34.027981003920274],[74.56799723498449,34.03019614023975],[74.57182337904578,34.03231058756364],[74.58088529871765,34.02999476404716],[74.58883965022972,34.04660828374534],[74.58843689874396,34.04781653910203],[74.58440937849008,34.04801791529462],[74.58580985673956,34.06302347865068],[74.59915864495554,34.06409138131227],[74.59983748741018,34.065449067120824],[74.58985263309262,34.07042252038303],[74.59206471801241,34.0852206056465],[74.6145669597974,34.08064387841233],[74.6154823050644,34.092772204773496],[74.62448320213815,34.096052193254195],[74.62494135276125,34.08820181056518],[74.62770750999363,34.08788665034871],[74.63210249503419,34.094707240047114],[74.63791296890844,34.095361405104825],[74.6416718310902,34.09777883132807],[74.64827717075491,34.10797442467998],[74.65477710178186,34.10935931767841],[74.66219545375725,34.11487694351621],[74.66530578423459,34.126453468352906],[74.6630660658463,34.1342431495018],[74.66235095912953,34.134664353277344],[74.65653059181341,34.13847138314787],[74.65283463900744,34.15926587801789]]]}},{"type":"Feature","properties":{"blockName":"Khansahib","districtName":"Baramula","state":"Jammu and Kashmir"},"geometry":{"type":"Polygon","coordinates":[[[74.66530578423459,34.126453468352906],[74.66219545375725,34.11487694351621],[74.65477710178186,34.10935931767841],[74.64827717075491,34.10797442467998],[74.6416718310902,34.09777883132807],[74.63791296890844,34.095361405104825],[74.63210249503419,34.094707240047114],[74.62770750999363,34.08788665034871],[74.62494135276125,34.08820181056518],[74.62448320213815,34.096052193254195],[74.6154823050644,34.092772204773496],[74.6145669597974,34.08064387841233],[74.59206471801241,34.0852206056465],[74.58985263309262,34.07042252038303],[74.59983748741018,34.065449067120824],[74.59915864495554,34.06409138131227],[74.58580985673956,34.06302347865068],[74.58440937849008,34.04801791529462],[74.58843689874396,34.04781653910203],[74.58883965022972,34.04660828374534],[74.58088529871765,34.02999476404716],[74.57182337904578,34.03231058756364],[74.56799723498449,34.03019614023975],[74.56739310730609,34.027981003920274],[74.56004288257304,34.03069957982183],[74.55641811470429,34.02616861998587],[74.54771391926204,34.02907464787677],[74.54439698213508,34.01166961146345],[74.52444045306453,34.016991352369075],[74.50811238357971,34.01723324931504],[74.50085546350891,34.0028403589954],[74.49286683973293,33.99264373412109],[74.48650857531055,33.99766495577313],[74.48522550895012,34.00684380979402],[74.4830541669163,34.00802817825786],[74.47091439218553,34.00210633683804],[74.46706519490289,34.00171154705032],[74.45832315419028,34.00543340662648],[74.45367026966727,34.004347090346016],[74.44424877675971,33.99690210225026],[74.4498227343318,33.99053345155761],[74.44025876632907,33.979526270421104],[74.43976926533941,33.97326500957257],[74.44596497010735,33.96372977131193],[74.45042942058137,33.96100197196347],[74.44729347921077,33.95133583737902],[74.45274115488047,33.940250563612665],[74.46066580628201,33.930932020596345],[74.47048005201287,33.92430890223409],[74.47590712871107,33.92407509738791],[74.51360886635615,33.95151544098485],[74.5296711789818,33.957546312612294],[74.57621132509263,33.98556571528559],[74.57446901363414,33.991296840177085],[74.5689423487105,33.996754127800784],[74.5777466971524,34.00900712537856],[74.58351083435758,34.007528543707394],[74.59292689176272,34.00193951529644],[74.59569269196425,34.00654586799749],[74.61614254774042,34.011091636070205],[74.61884892523778,34.00995837967554],[74.6262887809026,34.001856755185145],[74.61747621715375,33.99091866266622],[74.61914789136216,33.98841990535442],[74.6243917266969,33.98748723105092],[74.64196039385718,33.9911612952576],[74.65238478013356,33.99678866176737],[74.65640388633034,33.99662673793364],[74.65766027969823,33.99465236721301],[74.65631580313186,33.984713711068935],[74.66217740706173,33.965581763187856],[74.66446680220122,33.97042974303827],[74.66333987073853,33.97591685667766],[74.65901010183478,33.983397133271126],[74.6599656414013,33.98604402241375],[74.66614974761279,33.98911750766689],[74.66962507153988,33.995194510918],[74.67747022377188,33.99898466860765],[74.68407070619821,34.00722909374775],[74.69109691778857,34.0107982466418],[74.71077804297238,34.01697301609187],[74.71285853909035,34.024472594834435],[74.71902268215109,34.02922396051741],[74.7164361914771,34.034732962756095],[74.70893999238677,34.041822282472424],[74.70866934861158,34.04639414167633],[74.7133038141198,34.05468049860616],[74.72938128212053,34.06829480086441],[74.73521252313947,34.07149796565864],[74.72969772117295,34.07740461303251],[74.7216021931867,34.077268774934055],[74.72100528976239,34.0854447346868],[74.71893689312316,34.08666303637011],[74.72509866557101,34.094334160792926],[74.71284725889393,34.100439073604434],[74.7078636783661,34.101198869432324],[74.69939923858408,34.09639441407103],[74.70488816795466,34.09093886303816],[74.70353933597164,34.08899430484337],[74.6936792634873,34.0888621836429],[74.68886465298141,34.087427239775366],[74.68755103035585,34.089591866571425],[74.6861001100321,34.08669008527926],[74.67771768482334,34.08360595475108],[74.67625839900597,34.08102213236555],[74.67382685522523,34.081530886940925],[74.67968415230183,34.10077571682592],[74.6756728711062,34.1032792576317],[74.6720244258866,34.11510411586232],[74.66895417909217,34.11549172006687],[74.66992802076163,34.11758920797564],[74.6682215005219,34.12509024631788],[74.66530578423459,34.126453468352906]]]}},{"type":"Feature","properties":{"blockName":"Chadoora","districtName":"Badgam","state":"Jammu and Kashmir"},"geometry":{"type":"Polygon","coordinates":[[[74.73521252313947,34.07149796565864],[74.72938128212053,34.06829480086441],[74.7133038141198,34.05468049860616],[74.70866934861158,34.04639414167633],[74.70893999238677,34.041822282472424],[74.7164361914771,34.034732962756095],[74.71902268215109,34.02922396051741],[74.71285853909035,34.024472594834435],[74.71077804297238,34.01697301609187],[74.69109691778857,34.0107982466418],[74.68407070619821,34.00722909374775],[74.67747022377188,33.99898466860765],[74.66962507153988,33.995194510918],[74.66614974761279,33.98911750766689],[74.6599656414013,33.98604402241375],[74.65901010183478,33.983397133271126],[74.66333987073853,33.97591685667766],[74.66446680220122,33.97042974303827],[74.66217740706173,33.965581763187856],[74.65344012556142,33.95454035115631],[74.64487522071494,33.947376182664755],[74.63692977608838,33.94165618688356],[74.63160809723598,33.93710695282368],[74.62733296214657,33.9363590100603],[74.61248659587977,33.93143929398826],[74.60598402084594,33.927904921474976],[74.59714975375817,33.917809115997954],[74.59294488809616,33.90534866910582],[74.58331599084039,33.8996713038876],[74.57582439358094,33.89585647959291],[74.56451244029694,33.88588242703241],[74.55485233206952,33.87209105635719],[74.54791190051384,33.862367732085204],[74.54283590924985,33.85074334083254],[74.54211445601737,33.846878424299916],[74.54324924215888,33.84133136455091],[74.544262468738,33.83743945126969],[74.54572136694759,33.83378613442261],[74.55007758041609,33.82411186367165],[74.55165302986347,33.820402297827854],[74.55180105197701,33.812457808281295],[74.54935358030355,33.806253747912194],[74.55293214550215,33.80288652609238],[74.55646278403032,33.802936050858136],[74.56007010684999,33.797518780367454],[74.56873704877586,33.796842956037665],[74.5706663517708,33.78923778159839],[74.56995218484553,33.78330423730074],[74.57193946353544,33.77968686635586],[74.57494129170732,33.78208994569451],[74.58983011586719,33.79183533843019],[74.59523054925052,33.8067698031839],[74.60271496272543,33.82446265143028],[74.61750908557588,33.8290671353401],[74.62507642913397,33.8408479852464],[74.63937827029099,33.845290027312956],[74.63611989072047,33.85664881638979],[74.6368459313947,33.88235734541519],[74.63033807734047,33.886176620454705],[74.63280833963324,33.89084647338609],[74.71727658094949,33.9724736484402],[74.72432476387678,33.97433011084598],[74.72586987919163,33.976962910310135],[74.73573965086428,33.982976773959024],[74.73796325250214,33.990558178417245],[74.74454903910691,34.00189117223988],[74.75123252626014,33.99703389519817],[74.75233091054315,33.99255173347575],[74.75413132540041,33.991451635984276],[74.75567844350542,33.99308754865149],[74.75254494919011,34.01025496799241],[74.7605952601632,34.01338551702804],[74.76113321572541,34.01989906738811],[74.76338363874402,34.021906194115616],[74.76034098764654,34.02357747442096],[74.77045386765195,34.037073380931815],[74.77073806241168,34.05111289434467],[74.78728471931441,34.06206844899975],[74.7902317041299,34.05994243459571],[74.79172025478601,34.06052283366188],[74.7949068909403,34.053070324535895],[74.7903985553491,34.045406994537245],[74.79241515373639,34.04119055460046],[74.79673338523759,34.03672182425282],[74.80014207299831,34.03591950757925],[74.80227945932967,34.030783991088356],[74.80779329902157,34.02678376166131],[74.80799938316505,34.04450536842808],[74.81306606194926,34.042863502248906],[74.81533351453015,34.04403726680647],[74.81969940560316,34.059379216177945],[74.82848804109028,34.066845644111254],[74.83088526044645,34.076262181754316],[74.83883960656266,34.082776493840186],[74.84115860198796,34.0872317910144],[74.84263960193613,34.09007711466717],[74.84321369495609,34.09118007380141],[74.84440718254547,34.092759788733304],[74.84585974682989,34.09468242145664],[74.84578055073189,34.10032835447004],[74.84630567566643,34.10287071541126],[74.8467666294764,34.10510238756518],[74.84996561602043,34.111731200434576],[74.85396797324341,34.115847438808316],[74.85930532637974,34.11866561462648],[74.85736829461115,34.12535689710319],[74.85588518035684,34.13562615122595],[74.86440487628408,34.138710625295175],[74.86436635292489,34.14145695967102],[74.86221281926623,34.143376147091544],[74.85246652001393,34.143328042355336],[74.85061389141799,34.15294617652489],[74.84850422219216,34.15660006354216],[74.84435933501538,34.15860033653638],[74.83901090403003,34.15938803023346],[74.8319318275918,34.15636759958511],[74.82941472321096,34.15817403090688],[74.82547779346544,34.168519218387246],[74.82267524336783,34.167504867655566],[74.81713743764271,34.168402226481646],[74.81333465257222,34.17690755663847],[74.80553891718733,34.17658152901441],[74.80431401178225,34.17894777482002],[74.79841301394947,34.17631168743446],[74.80221452737857,34.17012122571407],[74.80071031233109,34.167942593775706],[74.8026484907353,34.164752466453194],[74.80100660836831,34.16343890318291],[74.79190354651149,34.16371251382151],[74.78751583338908,34.15996959392169],[74.78723879633344,34.15788341858496],[74.78864970402066,34.155375004353004],[74.79201023488451,34.155560000293804],[74.79337395694262,34.157606613554435],[74.79094893414606,34.14855316819421],[74.79594016880378,34.14748556410757],[74.79760784192842,34.145386592317436],[74.79770746342876,34.13700853871313],[74.79585806699623,34.133604614661294],[74.79946124933724,34.13045269593522],[74.79913683599625,34.12833435814417],[74.79503604977396,34.12754882551792],[74.79430704763217,34.126186215021846],[74.7948555441481,34.123708721280536],[74.79769260213192,34.12167857550588],[74.80138143050868,34.121181904221544],[74.7990964897113,34.11839962304424],[74.79323940487467,34.11733826295051],[74.79053688906623,34.11407009066221],[74.79999372083358,34.11126401072556],[74.8009515078059,34.1079632380131],[74.80096936564377,34.1050763665811],[74.79955247206897,34.102112937662014],[74.79535681636406,34.10017458299069],[74.79285160371859,34.10050943296403],[74.79156124745367,34.10323913347929],[74.78870050042781,34.10181020967349],[74.78558222444019,34.10421109196835],[74.78570379569368,34.10256399533216],[74.78403122665986,34.092243663314434],[74.78208272223992,34.08953263542281],[74.77674177271467,34.09052221702677],[74.77323403452311,34.08928579130628],[74.76328345966397,34.083188831199664],[74.73521252313947,34.07149796565864]]]}},{"type":"Feature","properties":{"blockName":"Billawar","districtName":"Kathua","state":"Jammu and Kashmir"},"geometry":{"type":"Polygon","coordinates":[[[75.73286663688583,32.697614137682365],[75.73634466327564,32.69993282194224],[75.73771141335112,32.70872839749762],[75.73540986297485,32.71345936295927],[75.73099855703782,32.717359213656835],[75.7293568140658,32.728198548923956],[75.72567188694808,32.730194551937075],[75.71346556508382,32.73111578326683],[75.70990222270945,32.73626210421281],[75.7073601369608,32.73543301022528],[75.69414267224658,32.732036971429125],[75.67545005307755,32.73438700425692],[75.65921454721365,32.724894455914466],[75.65013124526081,32.73153234833927],[75.64509114593972,32.73275963424976],[75.64095074727925,32.73209287418683],[75.62865270355945,32.72690111319588],[75.62166756760422,32.71541167960538],[75.61943079539498,32.7068277891712],[75.60969414227088,32.696483457845375],[75.61002861093169,32.69766285215894],[75.6011479981816,32.698003738381885],[75.5941648209498,32.70428517641983],[75.58833035496195,32.70343342581202],[75.57838601959918,32.69910965538634],[75.57080086766598,32.69958597681142],[75.56384570971181,32.683244134209474],[75.55257656415716,32.677331202373125],[75.54615658555804,32.66847761425055],[75.53570158456051,32.67933449888807],[75.53564505407604,32.68402168805051],[75.54053358705545,32.694050901428],[75.55300022577984,32.704170487677914],[75.55724088266066,32.71078591863528],[75.56692994456137,32.74780784165864],[75.56239170201547,32.75002051833229],[75.5616106246307,32.747628567204686],[75.55141517427091,32.74598671721327],[75.53600299774018,32.74906941781944],[75.53112215576294,32.747551230005286],[75.53005586738442,32.749586164669836],[75.52366448632705,32.744237375754324],[75.51359051009405,32.7257328902607],[75.50626116222293,32.71733529438836],[75.50264433626717,32.7097865892797],[75.5020867161291,32.70337519201155],[75.50325906695241,32.69173893690248],[75.50734936887835,32.69424180861262],[75.51072834933393,32.69352722620056],[75.51257209622531,32.69036861022323],[75.51210907937059,32.68563682907643],[75.50663885320057,32.67510389642774],[75.50578556115477,32.66856903123585],[75.50758385541064,32.66534959860513],[75.50769409700501,32.659311532401375],[75.50581080512461,32.652269050276516],[75.50553921616194,32.62731865333325],[75.50319071757764,32.61448186984245],[75.49084291706703,32.59036567143863],[75.49234198529444,32.58408106868643],[75.49142744582002,32.57837608259018],[75.48289174196037,32.57624215685013],[75.47979972617645,32.574369528231216],[75.48006102329765,32.571800106689636],[75.48877092583763,32.569666180949525],[75.49034774585186,32.56453789590722],[75.49282458308812,32.56276872619583],[75.50945477621701,32.563072012663326],[75.53826342661591,32.55862865039194],[75.54522319989081,32.562502513380366],[75.55112905406264,32.57030667721142],[75.55682398393975,32.57726714836025],[75.56167522113458,32.57895453462413],[75.57369785197437,32.57958730481033],[75.58137692910208,32.582281306736945],[75.58614233050423,32.58296207823736],[75.58662042269441,32.583161282567175],[75.59120449019514,32.58507131129204],[75.59457926452149,32.58907885580459],[75.59204818377674,32.59182085904547],[75.59204818377674,32.594773785681696],[75.59352464754448,32.59814855910878],[75.6023834283526,32.602577950412126],[75.60707343688966,32.603140750645196],[75.60251551268084,32.618620872755116],[75.59770917323982,32.62499896093334],[75.59155382644798,32.62770092815538],[75.59942474875322,32.63753725044381],[75.60062600468643,32.641215948856996],[75.61359584377323,32.63770117077246],[75.61819810096165,32.62892416262008],[75.6340867104334,32.615278738423115],[75.64740482367375,32.62609204191426],[75.65153645034695,32.627485881368386],[75.68040675017141,32.61401306225309],[75.68506949036475,32.61850310833182],[75.68690236804991,32.62413266289212],[75.6854622494833,32.632511534879484],[75.68513464354902,32.64170686717824],[75.68513464354902,32.64589331112745],[75.68354668273327,32.6503684761243],[75.68657824518993,32.665093209983695],[75.70975193880099,32.690475550406404],[75.71743012020391,32.695344640043174],[75.72744920991317,32.695719186091594],[75.73286663688583,32.697614137682365]]]}},{"type":"Feature","properties":{"blockName":"Kathua","districtName":"Kathua","state":"Jammu and Kashmir"},"geometry":{"type":"MultiPolygon","coordinates":[[[[75.55056325189264,32.28085827678808],[75.55338463739116,32.282461526078635],[75.55473234252366,32.28651461315894],[75.55262210222827,32.29022819807295],[75.54845034510737,32.291144857249435],[75.54497768317361,32.28865800156558],[75.54450211358176,32.28441328064844],[75.54639149477174,32.28177493596456],[75.55056325189264,32.28085827678808]]],[[[75.7022388729257,32.49481035771191],[75.7016686550844,32.4950081878776],[75.6987981639042,32.49489561973712],[75.69031961735652,32.49216887529343],[75.68380996196021,32.48951187327441],[75.6805061396467,32.489652888769854],[75.67603063020948,32.489494000148056],[75.67434439237985,32.48921296021001],[75.67009318914944,32.488648346943705],[75.66706861172713,32.488126966786126],[75.66248089927416,32.485638208136834],[75.65732346990228,32.48114045037153],[75.65501462152764,32.47847178054826],[75.65481201506248,32.47785353441316],[75.65568156864953,32.47693821432716],[75.65888518670204,32.47405495727054],[75.65902248529949,32.47057674292239],[75.65631277221672,32.46558467009652],[75.652249119901,32.461835440553216],[75.64753522357177,32.459181013293176],[75.6427755616429,32.458814885798404],[75.6283592781582,32.46549671909838],[75.62571231077459,32.468044089263344],[75.62106231307536,32.4716721090806],[75.6131198757817,32.4809543023992],[75.60931012096535,32.482510399335524],[75.60576865909638,32.48261771633457],[75.60550036614904,32.48798356808726],[75.60491012220444,32.48868112903091],[75.60179792833179,32.48916405507714],[75.59627110063087,32.48868112903091],[75.59305158975911,32.4906664939636],[75.58922677309715,32.49677705631615],[75.58790547475792,32.49831857074548],[75.585152770484,32.49831857074548],[75.5800877950158,32.495015325796714],[75.57777552292208,32.494905217302005],[75.57667444157227,32.49633662323663],[75.57513292714293,32.4989792199151],[75.57138925001391,32.50085105802998],[75.56059864900851,32.504704844552975],[75.5574055125544,32.50855863017671],[75.5576257286445,32.51538533706372],[75.55525582349753,32.525934752486876],[75.55766742930848,32.53308640961018],[75.56116009845982,32.54106965454099],[75.56149273340299,32.544728641613574],[75.55959922612345,32.54854358371949],[75.55363546820234,32.551100171935445],[75.55138543818748,32.55103767085188],[75.54319782861694,32.55716275275887],[75.53826342661591,32.55862865039194],[75.50945477621701,32.563072012663326],[75.49282458308812,32.56276872619583],[75.49034774585186,32.56453789590722],[75.48877092583763,32.569666180949525],[75.48006102329765,32.571800106689636],[75.47979972617645,32.574369528231216],[75.48289174196037,32.57624215685013],[75.49142744582002,32.57837608259018],[75.49234198529444,32.58408106868643],[75.49084291706703,32.59036567143863],[75.4850843376721,32.60011531437033],[75.47332900333089,32.60441752444922],[75.46596053225284,32.60425468600499],[75.45932216498596,32.602302224568064],[75.45375765119468,32.6007402559581],[75.4465335455867,32.60288796290922],[75.43052336576079,32.60425468600499],[75.41236547808438,32.60601190102847],[75.40075538605225,32.609862289912826],[75.39453396786837,32.61422240014372],[75.39002903980838,32.61301946607557],[75.38826950723205,32.604454667349046],[75.3883869820736,32.593075389917374],[75.38789797121444,32.585718574052976],[75.38638943042793,32.58348185490371],[75.383854375579,32.58204962069351],[75.37753148868728,32.58008363615096],[75.37626848979903,32.57906621963036],[75.3755387367234,32.57843574811136],[75.37493147310903,32.57490894429242],[75.37821585297928,32.569163157753565],[75.37884633888751,32.56679817099882],[75.37771746668778,32.563001056153894],[75.37484397357059,32.55927235813289],[75.37508719701657,32.55550061586081],[75.37611662578172,32.54937306531474],[75.37208555230643,32.54311425152156],[75.37203354451253,32.54303463364147],[75.37182237650154,32.541260819830995],[75.37300491844229,32.53969817403157],[75.37908656579242,32.537713192210106],[75.38097391811186,32.53094781009344],[75.38237979229365,32.52865338864302],[75.38676499900555,32.52579347079211],[75.38876694204077,32.51883433783445],[75.39791867880405,32.52159892485054],[75.40382917527626,32.52083627997041],[75.40602177908187,32.517499708844525],[75.40575309313078,32.50888837829609],[75.40602177908187,32.506918013155826],[75.404761110337,32.49730963303318],[75.40564045664183,32.49452503610161],[75.41066538799731,32.489371362298584],[75.41097255953605,32.4873747450485],[75.4054434673422,32.48061696490106],[75.40433724366892,32.47550068400943],[75.40344012226387,32.47242804232036],[75.40160381906105,32.46310817100533],[75.41060894924368,32.450952970203446],[75.41373710608264,32.444524275375045],[75.41404250595696,32.43277961598653],[75.4128025153239,32.42711108570808],[75.4122815884246,32.41877625442066],[75.40707231763344,32.406013541791594],[75.40695989338445,32.40511414420246],[75.40664785651342,32.40261785193235],[75.40846574969464,32.402077919660314],[75.41598229234899,32.39427857079943],[75.42242033383138,32.393287362321985],[75.42229876617517,32.38397081490126],[75.4252578549661,32.38495454281792],[75.43667952643904,32.38116922977616],[75.43763725225745,32.38680978304512],[75.44122977043759,32.389256362591084],[75.44555513086465,32.38810981781387],[75.44773997262172,32.389190397319055],[75.44878095857445,32.391521119903814],[75.4535728917756,32.39469312858506],[75.44856640821325,32.399834307207584],[75.45386721200231,32.39998451737165],[75.46034206813198,32.39229018864137],[75.46244907176731,32.39604591039051],[75.4615442566622,32.398806901017736],[75.45725710393225,32.40069352578564],[75.45732626719354,32.402689874138446],[75.4636906595963,32.40311456278687],[75.47468916587235,32.38914339605094],[75.46411972794317,32.3902846995793],[75.46232346435647,32.38638240362508],[75.46320558866705,32.380656365299046],[75.46184721667578,32.37403227027312],[75.45728996965641,32.36724215500152],[75.46233470857999,32.364906379126126],[75.46762708482214,32.36832200875375],[75.47223181964284,32.368802179277225],[75.47541939019277,32.36449266220666],[75.47805415917219,32.365134642349915],[75.48298976176812,32.35953012041875],[75.48645416612692,32.36045565590382],[75.48918978328192,32.36447323774979],[75.506153354194,32.37371890240547],[75.51166007125533,32.374233391058226],[75.50907669313494,32.36618607392825],[75.51322479808601,32.36410786208819],[75.51232340759924,32.36127290761863],[75.50892663135903,32.35854276283828],[75.50931275438018,32.353878590024976],[75.50423472435313,32.3531868216146],[75.49930516160396,32.355641887163415],[75.48889720504201,32.350125439437534],[75.48511684636543,32.34600049472709],[75.48286841174786,32.3394160580047],[75.4888610001351,32.33955799980191],[75.48446011734057,32.32316348210907],[75.4830470000191,32.31789800009267],[75.48670200039703,32.314980000426715],[75.49522400038734,32.31065000039723],[75.50550799979442,32.310490000213406],[75.50740099985632,32.303059000172766],[75.50525699991067,32.28822699967634],[75.50994900044606,32.27713399983429],[75.5141910000147,32.27553900002488],[75.51647199998285,32.27624900039109],[75.52262890709846,32.28442529469163],[75.53033435324784,32.29692757714599],[75.53965000044724,32.3402860000989],[75.54460899980558,32.34913299978814],[75.56057699962889,32.36105700018044],[75.57278399958199,32.367167999603566],[75.57880141915024,32.37018198391149],[75.58263169739496,32.372082706451806],[75.58611852724829,32.373417913705794],[75.60816199967661,32.381858999892984],[75.64604244700138,32.38663451327221],[75.65295041303119,32.38750525216568],[75.66362000036276,32.388847000188946],[75.6821582014399,32.3947437244434],[75.68317562605438,32.39506721507996],[75.68414093585557,32.39537413660719],[75.69413569080956,32.39855197919053],[75.69948767321762,32.40025364758782],[75.72720299981864,32.418105999592285],[75.74780129589317,32.449024549443436],[75.72787831783018,32.46088861991393],[75.71912607251028,32.47337181965378],[75.71613057826363,32.48843249706215],[75.70971728792256,32.49444534627577],[75.7022388729257,32.49481035771191]]]]}},{"type":"Feature","properties":{"blockName":"Thana Mandi","districtName":"Punch","state":"Jammu and Kashmir"},"geometry":{"type":"Polygon","coordinates":[[[74.37304601765965,33.64876069045357],[74.36791863283867,33.64844962485034],[74.36409067304618,33.639633633785195],[74.36324796062496,33.62622065465956],[74.36868086852729,33.61634761395129],[74.37037515978585,33.607239873821186],[74.36862188828957,33.595892688696665],[74.36807600070694,33.58972577122739],[74.3638308193369,33.58626794810738],[74.36201974391611,33.58350937575716],[74.36914407693763,33.577956609809746],[74.36924946399165,33.57600854335965],[74.3688224056296,33.56881133557471],[74.36234712142254,33.57315983286003],[74.3578353000591,33.572391186803884],[74.36198151823254,33.56507542409162],[74.36064582714329,33.558489863216664],[74.366269716874,33.55099284304532],[74.3678321971982,33.54824660669561],[74.35870547957427,33.53851394386345],[74.35784507748838,33.53118935340598],[74.36154931664771,33.52074203711538],[74.37378886036765,33.50560818996604],[74.37484040885784,33.50546034142167],[74.38285474515044,33.504333523273544],[74.38440129848118,33.49837243633891],[74.39139586023083,33.49403098434249],[74.40539563080375,33.49454897765327],[74.41605308718027,33.49805645773938],[74.42167963440767,33.49249914751772],[74.43264280721985,33.50185518686743],[74.43398538531733,33.50882023106885],[74.441381802828,33.51038889423211],[74.44342367576206,33.51420954703303],[74.44232329048754,33.518686124864814],[74.43467807733145,33.52159566101102],[74.43350665550781,33.52921016951376],[74.43142105124059,33.532325743038655],[74.44458110593337,33.5481557643771],[74.44108465423346,33.55549192461268],[74.43614660008558,33.55722388847175],[74.43852995819105,33.56280329323744],[74.43459564906999,33.56317325724007],[74.45183812403025,33.58217226373904],[74.45255561305117,33.585499140173226],[74.44784481128909,33.598130953780526],[74.47101256038144,33.61245763331317],[74.47955823502457,33.62190344209023],[74.48632070153923,33.63704360248033],[74.49123341998637,33.64094927269082],[74.4934437557248,33.641025491133576],[74.48526744163917,33.646254285307066],[74.47351619111936,33.6579892437087],[74.45942270849127,33.658104704068876],[74.45530421731581,33.66149161114896],[74.44620701454215,33.66261661356589],[74.4314258653115,33.667106563417235],[74.42598002875536,33.662783203981746],[74.41732771340332,33.66460286433079],[74.40642145868344,33.657979787337354],[74.39960607336167,33.65184543342008],[74.39399976267896,33.65176679310309],[74.38725482215239,33.65598557577374],[74.3810258262809,33.654172842003106],[74.37570773392486,33.64892217002216],[74.37304601765965,33.64876069045357]]]}},{"type":"Feature","properties":{"blockName":"Rajouri","districtName":"Rajouri","state":"Jammu and Kashmir"},"geometry":{"type":"Polygon","coordinates":[[[74.52046725725819,33.37661118395903],[74.50971301944037,33.37662146770663],[74.49973278943673,33.37472589108705],[74.4872878423601,33.3733224162965],[74.47376267011117,33.373834929138695],[74.47002989186609,33.37711817496387],[74.46870766632577,33.383770840551904],[74.47490833894875,33.39228461444344],[74.47546270713826,33.402825883807566],[74.47770604709643,33.40929712556192],[74.48261557564837,33.41855090030384],[74.48217343025965,33.42504035243036],[74.48068552891408,33.430988461248546],[74.48167711870411,33.43539132614882],[74.48922709995077,33.43532167275703],[74.48889892564495,33.44620167986369],[74.49831462242196,33.45132722557105],[74.5042582526163,33.45444097976747],[74.50815633164945,33.4587367327141],[74.51940812478517,33.462852900041355],[74.53258318286765,33.470954380640194],[74.53873875808728,33.475564538372794],[74.54006493614793,33.48180338361931],[74.53657361328169,33.48882286648217],[74.52962550331438,33.48024325592155],[74.51000822280128,33.467810334579326],[74.49811968987183,33.46877452562393],[74.48494673440433,33.46689331657336],[74.48231325235474,33.466856376020985],[74.47965015113363,33.47530116921365],[74.4751311936497,33.47495504264117],[74.46059682108648,33.47145813498497],[74.45348054059451,33.46447135237105],[74.4442910466945,33.46422138670766],[74.44045636087242,33.4675283449572],[74.44061401832232,33.47859220496633],[74.42119059477017,33.48459459866183],[74.42167963440767,33.49249914751772],[74.41605308718027,33.49805645773938],[74.40539563080375,33.49454897765327],[74.39139586023083,33.49403098434249],[74.38440129848118,33.49837243633891],[74.38285474515044,33.504333523273544],[74.37484040885784,33.50546034142167],[74.37448719472832,33.504069564159124],[74.36758363537655,33.4920999438574],[74.3515359349355,33.483196288677846],[74.35039920985571,33.475082597983544],[74.34800096707102,33.47544340868643],[74.3475697727269,33.47026831033429],[74.3463973103876,33.4707518802951],[74.34217658068468,33.47591139609409],[74.33853380029473,33.4754580982127],[74.33662196393254,33.47139442791058],[74.33695066703973,33.46607456478938],[74.34152967675323,33.44944532134457],[74.33928706614523,33.443955943212245],[74.33542203180139,33.44497739858815],[74.33576888502608,33.45118557335559],[74.33362736810858,33.45428926593695],[74.32929683118385,33.45470515561851],[74.32699542829641,33.46137798760412],[74.32668598417087,33.4721029228117],[74.32442929377692,33.47486994519187],[74.3183059772391,33.478084416262845],[74.31587367712854,33.47435695121237],[74.3158707228556,33.46902401464661],[74.31155254171648,33.46840852223556],[74.3091505667453,33.46528704286277],[74.2994815867059,33.46511359691499],[74.27722394343033,33.48810747468025],[74.2715174257886,33.4885255506137],[74.26921246338452,33.49004406937837],[74.26994322909678,33.481844361228355],[74.26598200866283,33.47604407577353],[74.25858435638298,33.47253602821519],[74.20885112058278,33.45626584539252],[74.1868266733124,33.45736706793588],[74.17934938606538,33.42388943784732],[74.20034894165042,33.41999487336477],[74.21679891513787,33.40888002539293],[74.23392101494295,33.38320614724597],[74.23663092227929,33.37020122560614],[74.23588335003666,33.36025539287215],[74.24255419721851,33.3653166397512],[74.24672890681364,33.36118361373286],[74.253989609433,33.36632075080206],[74.27518671459524,33.3670528708933],[74.28152069012782,33.368730899711295],[74.28471542107985,33.36401037178126],[74.29531254373899,33.358372551552065],[74.29909339704267,33.35245742986655],[74.30420062535865,33.355000882584704],[74.30705958093495,33.360068538032635],[74.30669908499482,33.367480889731326],[74.30893288404542,33.367630711388244],[74.32202970470718,33.3615617246939],[74.3226892081405,33.34608545438027],[74.31386686876107,33.343865385279344],[74.31007740265005,33.3443962883581],[74.30827366030121,33.34663500759956],[74.30368290364316,33.34370797874027],[74.29784527294106,33.33592823240207],[74.29512404134147,33.33502958574684],[74.28995648740204,33.336158856346174],[74.27971033056735,33.33005175998079],[74.30099715209695,33.313986343794795],[74.30272259227388,33.306599721699854],[74.30171482278092,33.30091405214182],[74.29379229467872,33.29260660071412],[74.29087795165623,33.282053677934925],[74.29081446401636,33.27657547477838],[74.29430283171035,33.276973803398334],[74.29967112332372,33.277586793895466],[74.30736396367604,33.285678462890814],[74.31975607558246,33.29095325918564],[74.3303032292107,33.29168773100406],[74.33986111060182,33.29256823473628],[74.3468458913249,33.29826464130019],[74.35011033592332,33.30310908681497],[74.36659250064343,33.312184133890696],[74.36894292287764,33.31640059361257],[74.38566204186981,33.31978871028082],[74.39580393040711,33.327548445804155],[74.41017901325091,33.32688653218776],[74.41639412718729,33.316251396984455],[74.42099637448314,33.314430357974686],[74.42384899883228,33.32178016991895],[74.43112296645182,33.32559293206822],[74.44838054102922,33.32691196411588],[74.45376685325772,33.3345196035969],[74.46820700924616,33.33629143260356],[74.48217960050823,33.34236554813157],[74.50152884977666,33.34500047089506],[74.51553465120327,33.349036558090745],[74.51447417694175,33.361737303833536],[74.5198720832301,33.3700642624558],[74.52046725725819,33.37661118395903]]]}},{"type":"Feature","properties":{"blockName":"Majalta","districtName":"Udhampur","state":"Jammu and Kashmir"},"geometry":{"type":"Polygon","coordinates":[[[75.12956596429785,32.76277756793047],[75.12718563510902,32.755363630727004],[75.13130147778105,32.751614250996965],[75.1365195547337,32.7509910091278],[75.14524998160141,32.74495599342441],[75.15200083517044,32.744221380412455],[75.17926130176772,32.72558354884177],[75.18513776879303,32.72001766358437],[75.18810511965563,32.71616200017621],[75.18757923299529,32.70916990436763],[75.19017445248903,32.70584089564085],[75.19777084774648,32.70282655340276],[75.20512536944028,32.70213158610386],[75.21273147018127,32.69875966982295],[75.21883046905094,32.69606296003764],[75.21579007615117,32.687427209298335],[75.20208692087476,32.67563251432915],[75.19994166457622,32.667635935150315],[75.19632277377707,32.66398434680019],[75.20218626718253,32.65932073966047],[75.21096429426683,32.66041426220846],[75.21668442224836,32.65806144507968],[75.21925206762887,32.660733365052806],[75.22788267334676,32.66334711237937],[75.23080189519135,32.66322637569675],[75.23436946168135,32.66058405511012],[75.23779445415079,32.66107771366558],[75.23840010528068,32.66565924417881],[75.2414531588363,32.66748982769343],[75.24107588424471,32.669714641617475],[75.24209809774908,32.66916765506329],[75.24345004768162,32.671883212840044],[75.24286570328962,32.67707622388866],[75.24865931937217,32.68493748567647],[75.25008757048505,32.69554628513299],[75.26728953278575,32.692812720230904],[75.2732012982014,32.69473526032408],[75.27712567431047,32.69432893133518],[75.28809136432506,32.687492663755506],[75.29651314026927,32.68677006928334],[75.31032255314335,32.680142594605115],[75.31286149036555,32.68307321086007],[75.32063265986943,32.68610432815228],[75.3313461691904,32.693640805179086],[75.33930833311314,32.697148725033685],[75.35025481360884,32.70494627794841],[75.3550315599586,32.70708021358104],[75.35970377271099,32.70702258412501],[75.36395201986988,32.706227075319305],[75.36684866693247,32.69971307889551],[75.37092616161311,32.700228094550994],[75.37531725888442,32.70731780727107],[75.37781721948915,32.706343268626995],[75.37881414225893,32.6999393240406],[75.38132513934374,32.698381103804934],[75.38435635915869,32.70019009010065],[75.38817757043859,32.706539164351],[75.38765151830296,32.71120034062329],[75.37992570160992,32.71835288897472],[75.38204828959692,32.72189636622437],[75.38892310391816,32.721150520680055],[75.39180012687439,32.7233945090494],[75.39114439699637,32.73491394492265],[75.39253462387387,32.73858954697005],[75.39804680251797,32.73270889539924],[75.40496362686991,32.71430115987067],[75.40797032576995,32.709686888639055],[75.41412626341639,32.71608010791073],[75.42037325112472,32.71765795315207],[75.42438176870371,32.721820979654524],[75.42875110418015,32.72234151355008],[75.4336650520006,32.7145751536205],[75.44010041080537,32.70883468387359],[75.44172484992197,32.707843590509356],[75.44352524679277,32.712986673895955],[75.45431784069586,32.713482687775866],[75.45863913708655,32.71181225912852],[75.46475820432772,32.70944689016193],[75.46802791085946,32.710147065434796],[75.46999202661078,32.71056766036929],[75.4730855523564,32.71282145224825],[75.47719148000283,32.71581283029792],[75.48131249737389,32.72946620270312],[75.47961908205502,32.734105306914444],[75.48159574964421,32.73764602414474],[75.48587127593868,32.74312785336781],[75.48252583120222,32.750217254023084],[75.47772394070734,32.757133143080125],[75.48108490324574,32.76043332673669],[75.47569230565546,32.767222856549665],[75.476905006361,32.77011468054815],[75.47286089721268,32.7768667059338],[75.45790305907894,32.78070816095294],[75.45476251677678,32.78497929945513],[75.44797894407304,32.78937605885807],[75.46206509992447,32.81405761426754],[75.45207533890584,32.81928084613418],[75.44573880480203,32.82467546270249],[75.43888849880523,32.820822164511355],[75.42376061685906,32.806659409803956],[75.42633409704098,32.7971855340852],[75.42618485994336,32.778972372277224],[75.41087140469165,32.7743493767224],[75.40474455381815,32.76710215224256],[75.39118814451729,32.76957616830555],[75.38887623305175,32.76788669471523],[75.38230117356039,32.76847550334185],[75.37847677058653,32.76417304864731],[75.36413525583743,32.755807165568285],[75.35680514893852,32.75556814015761],[75.3347125564394,32.763936446010234],[75.32082592327777,32.763056307402735],[75.31613184980506,32.765794516403844],[75.31153556951097,32.76471879143912],[75.30596135833008,32.765794516403844],[75.30253859617932,32.76853272630433],[75.30136507803599,32.77361797159216],[75.2968665909205,32.77381355794938],[75.28901614527894,32.78049987436975],[75.28617623104827,32.78617970283108],[75.28049640258695,32.78826230695995],[75.27140867686899,32.78390777162639],[75.26667548648459,32.785611719805104],[75.26553952043258,32.78920894503682],[75.25569448461283,32.7922381863433],[75.2488786900995,32.79167020421659],[75.2441454997151,32.79905398085657],[75.24395617173997,32.80605910244566],[75.23430046299603,32.80511246436879],[75.23070323866358,32.808520361625426],[75.22407677212539,32.819880018548076],[75.21745030558719,32.82574917498448],[75.21063451107386,32.82802110618917],[75.18514570081351,32.81527670105896],[75.19343519907522,32.81184255169245],[75.19003289110509,32.80825039054315],[75.18320489009363,32.807085110189746],[75.17886452178033,32.80710729106869],[75.17504300473092,32.80252969508939],[75.16733205832787,32.792242547155865],[75.16470543001162,32.78426359378989],[75.16112674250525,32.78048521272245],[75.14525079099127,32.78026464589675],[75.14267221614989,32.774515021950776],[75.1350288250203,32.76936417111966],[75.12956596429785,32.76277756793047]]]}},{"type":"Feature","properties":{"blockName":"Hiranagar","districtName":"Kathua","state":"Jammu and Kashmir"},"geometry":{"type":"Polygon","coordinates":[[[75.37208555230643,32.54311425152156],[75.36567619560003,32.543402012992544],[75.35780594239037,32.547570842820164],[75.35155194896333,32.54708398493801],[75.3456542660316,32.54364133607885],[75.34098410103547,32.54486885311513],[75.33242207312026,32.55085422534228],[75.33127239960163,32.5532372057325],[75.32751224419479,32.55446935607597],[75.32180549812529,32.54904151675265],[75.31773710818106,32.55617284919771],[75.31844714362086,32.56525157899722],[75.31712834809485,32.57671480094734],[75.31535560897424,32.577766207344666],[75.30641926703561,32.57457426069362],[75.29887150621511,32.57537401969529],[75.28874193659118,32.56586290035261],[75.27888025881697,32.56185157059355],[75.27427106965422,32.56393870370829],[75.27306621373481,32.567110533424454],[75.26159271343306,32.560387078600854],[75.26143725932212,32.549101963784665],[75.25561943259078,32.5406673554142],[75.25138117420187,32.521009043332754],[75.25164728269601,32.513589540225155],[75.24938376374973,32.509696334618184],[75.24326277825469,32.50418909055412],[75.24151698462123,32.50447092909013],[75.2405071134126,32.51028539055835],[75.23303841289248,32.51238984911231],[75.23296120159824,32.50986805206901],[75.22792214908799,32.50418225390797],[75.23196344605623,32.495575873228006],[75.2280935337896,32.49114960976675],[75.22269150680768,32.495462433644434],[75.2180966681268,32.48866457431069],[75.21857406963767,32.48570211216281],[75.22132409483117,32.48467498386344],[75.22370854831092,32.48109049483054],[75.22556129112075,32.482151354001815],[75.22627770814978,32.48122432024621],[75.22087439783525,32.47334956413113],[75.2260353183753,32.471253248039034],[75.22434227897304,32.46120850966503],[75.22263592780587,32.45881144589157],[75.21446592965896,32.463996146305135],[75.21070569601113,32.460844481187905],[75.21096069607933,32.458675683336196],[75.21842786595329,32.452465400557855],[75.21271860268143,32.44453088988871],[75.2125558919409,32.4403588422868],[75.20110736940961,32.429013174318584],[75.19442934114124,32.416837431202566],[75.19916500016467,32.41527200020272],[75.20136299990259,32.4109990001038],[75.20143899981002,32.40801600013833],[75.19905100030348,32.405730999985735],[75.19399299997701,32.40431200019873],[75.19194800010018,32.398582000359056],[75.19876100041989,32.39161300003997],[75.2054670003019,32.39057499983642],[75.20729800020263,32.39286400017352],[75.21316500006475,32.39541600004844],[75.21664400042033,32.39522900041811],[75.22041299976019,32.39277299957433],[75.22373199993189,32.386894000058135],[75.23232999982969,32.38652800026705],[75.23965500037804,32.37979500003928],[75.24391199973905,32.38050500040549],[75.2489550002731,32.38467000002055],[75.25501299995005,32.385016999834704],[75.25732400040238,32.38164099973238],[75.25825500016816,32.37318400004165],[75.25641599989854,32.37136099961049],[75.25891900021173,32.36477699995862],[75.26516000023389,32.36375400044682],[75.27307099992674,32.36719099976489],[75.28700999971176,32.36620700025293],[75.29026799976845,32.36328500040247],[75.29166400029345,32.35920700030289],[75.28910800023408,32.35167300000899],[75.29238899955277,32.34900700027288],[75.30045300000603,32.34611099982283],[75.30316199992643,32.34363900003984],[75.30460399987476,32.3381810001531],[75.30942500006375,32.337791000154596],[75.31589499985444,32.33446499966004],[75.31804700016897,32.334483999636916],[75.32143608810503,32.33794119592949],[75.32513952596838,32.350707356559326],[75.32750973598559,32.35517906366289],[75.33185384727727,32.356506442318505],[75.33430679762068,32.36609084201882],[75.33604100798618,32.36729616018971],[75.33545673823795,32.37523351991109],[75.3254314755822,32.395586061847325],[75.33035525838852,32.401948687981644],[75.32863530677406,32.40288503241834],[75.32399618097901,32.39926876943821],[75.31574735905343,32.39740798039401],[75.3111099977283,32.40067785599831],[75.30402034436344,32.40992632294149],[75.30994201041551,32.40955651092429],[75.3090677749579,32.413405849400476],[75.31302433600433,32.41611804281348],[75.31026132819778,32.42568162140975],[75.3057527030249,32.426481017984656],[75.30662389337806,32.4324483597041],[75.31452418034672,32.43650736702142],[75.31746322234989,32.439987782010576],[75.31558825999025,32.44590261771168],[75.32120521235072,32.44743904467623],[75.3260885346582,32.44121428101431],[75.32919564376402,32.44043676764278],[75.34054388739054,32.44543366533145],[75.33855099333374,32.44950543942451],[75.3278804005601,32.455413466358436],[75.3318472345623,32.46900948719815],[75.32339957343163,32.47077857956782],[75.33138769268794,32.47735537385148],[75.33126955594531,32.48597057058544],[75.3336054262495,32.49400406873286],[75.33484687738155,32.49816974104078],[75.33898116335007,32.50309288173116],[75.33703571572573,32.50590539361906],[75.3352524266582,32.506044863179966],[75.32917398359251,32.518269146304135],[75.3274464381027,32.522048331365454],[75.3280948457006,32.52598816142455],[75.33126132265198,32.53135201938022],[75.35896863539426,32.53075034685105],[75.37524975127508,32.5277880007157],[75.38097391811186,32.53094781009344],[75.37908656579242,32.537713192210106],[75.37300491844229,32.53969817403157],[75.37182237650154,32.541260819830995],[75.37203354451253,32.54303463364147],[75.37208555230643,32.54311425152156]]]}},{"type":"Feature","properties":{"blockName":"Sopore","districtName":"Bandipore","state":"Jammu and Kashmir"},"geometry":{"type":"Polygon","coordinates":[[[74.4902682612713,34.32176571041924],[74.4885047797718,34.32654170493578],[74.49702920973033,34.32568125158855],[74.49736574143589,34.3362213041699],[74.50087750859018,34.33629224898817],[74.5000225878722,34.34001436037448],[74.5156885117155,34.34744787402025],[74.51615103843972,34.376175492804805],[74.52540727642474,34.37675863120592],[74.52544784484223,34.37679442782064],[74.52977993759413,34.38282837602878],[74.52939901715098,34.389862805624034],[74.52930373667817,34.3945055997537],[74.52824777611403,34.39599636903728],[74.52033290843701,34.3984697663667],[74.51007794004494,34.39874284910326],[74.50128238157669,34.40153912463097],[74.49202925164872,34.39609909769524],[74.48852119689576,34.396658352800785],[74.48170845288286,34.39401460229209],[74.47621758457393,34.39426880825897],[74.47286205394067,34.39828527674416],[74.46879940706702,34.39939349781173],[74.46635435816717,34.40001388433336],[74.464117337745,34.40453876565158],[74.45750795922498,34.40418287603893],[74.45592568392323,34.40247230795069],[74.455976376009,34.40229589873678],[74.45468843532308,34.39860282735867],[74.4562708257381,34.39439387787519],[74.45996065326159,34.3766366273785],[74.4557565349362,34.366435149762424],[74.45416690857604,34.3586272771272],[74.45382753591213,34.35722985927066],[74.45322435611922,34.35279585804244],[74.46902328339786,34.35227242113535],[74.47033568294546,34.346930744957945],[74.48066685179384,34.32725684133021],[74.4849249896966,34.32471546694529],[74.4902682612713,34.32176571041924]]]}},{"type":"Feature","properties":{"blockName":"Gurez","districtName":"Bandipore","state":"Jammu and Kashmir"},"geometry":{"type":"Polygon","coordinates":[[[74.54136435578044,34.68252612767873],[74.54672233486792,34.67091360298042],[74.55768354625872,34.65271538700557],[74.57338735404323,34.63723545555189],[74.5845407766356,34.63100926916252],[74.5923030833207,34.629341683272116],[74.59983626523149,34.63347222806095],[74.60840890784488,34.64168767704473],[74.63519841477506,34.663476475858715],[74.64055631652087,34.6681199903453],[74.6491289591342,34.6731206984615],[74.66055914898561,34.673477892091114],[74.66770301708061,34.66776279761507],[74.67770443331301,34.6659768303665],[74.68148867166491,34.661369935374296],[74.6812763678102,34.65526102687494],[74.68627707592634,34.64561680427215],[74.69163497767215,34.64311645066374],[74.68699146228619,34.635972581669364],[74.69413533128056,34.625971165436965],[74.7083852797569,34.6240420611922],[74.75463175585088,34.59814826013417],[74.79452451449481,34.58006534354081],[74.82141440465114,34.57698340645908],[74.8370743219225,34.5689487059181],[74.84181271668359,34.5768997479251],[74.84718459479325,34.62229211898614],[74.85255647380228,34.64512260072752],[74.85299361806108,34.673815769182454],[74.84989351017742,34.678056186843605],[74.83560180707781,34.67754363982715],[74.78659057579449,34.68273162816217],[74.77214050298187,34.68271255534023],[74.76639556900034,34.68518829360494],[74.76312255835944,34.684337615888296],[74.72807312017841,34.68858337372376],[74.7030029299413,34.693084717086094],[74.67130279458837,34.70069503744605],[74.65805816675106,34.71060180632833],[74.63883209222735,34.73353576676226],[74.63154602063241,34.73799514775794],[74.61816406272135,34.7421455378863],[74.58017730743683,34.770099639886496],[74.57716369634755,34.76948547397552],[74.5652923575563,34.77186965855793],[74.55891235741939,34.77474687486841],[74.55662639229422,34.76595368881175],[74.55981118843567,34.74332050393815],[74.55923406380106,34.728715165872245],[74.55390374606111,34.718474460727805],[74.5442584145942,34.70700777458916],[74.5458014758575,34.689149089558896],[74.54136435578044,34.68252612767873]]]}},{"type":"Feature","properties":{"blockName":"Rafiabad","districtName":"Kupwara","state":"Jammu and Kashmir"},"geometry":{"type":"Polygon","coordinates":[[[74.42041475233901,34.362977609029485],[74.42200685093547,34.36481613265846],[74.42789818195558,34.36420004579554],[74.4307090786611,34.3672419747374],[74.43723258181825,34.3703657896495],[74.42961049292995,34.37349479634781],[74.42513100039542,34.3813773010217],[74.41170118596102,34.38222032191038],[74.40950788158352,34.38610496507215],[74.40576431327247,34.38640829920371],[74.40378479393314,34.383756719197265],[74.39733721693909,34.38155096910202],[74.39043904092904,34.38256953495613],[74.38564908983369,34.37718084761809],[74.37420112937866,34.37935304670577],[74.36822529536113,34.3739855321067],[74.36661504125124,34.36976308559798],[74.34661164671019,34.36809051026887],[74.33780667413873,34.36432709392028],[74.33503736927923,34.36155778906078],[74.33510837615069,34.35900150571496],[74.32800759187694,34.35658723970937],[74.31494214856139,34.345296993361615],[74.30457842065766,34.32426468716562],[74.31013903049194,34.31870407733135],[74.31763820094227,34.31549014675295],[74.3220254715983,34.31834697363399],[74.33058741587661,34.31952511159466],[74.33782345009223,34.314712330309874],[74.33792530550852,34.316178946501225],[74.34044494507822,34.316735975784695],[74.34978603859486,34.3153717483076],[74.36224730566869,34.32092781296825],[74.38473493347044,34.31561301213088],[74.39082692032616,34.31752762020358],[74.3964343021014,34.31201455302926],[74.4010966654788,34.31156746946317],[74.40425102946148,34.312914266280416],[74.40535653997239,34.31495321911581],[74.39410508408241,34.322357234099115],[74.39839849699308,34.33471790480752],[74.39624968117789,34.34485470228276],[74.40565676874496,34.35424191483253],[74.40679509012136,34.35505841201615],[74.42041475233901,34.362977609029485]]]}},{"type":"Feature","properties":{"blockName":"Pattan","districtName":"Bandipore","state":"Jammu and Kashmir"},"geometry":{"type":"Polygon","coordinates":[[[74.68168574640015,34.22742034097598],[74.67853272690388,34.23202130493934],[74.68104861719996,34.239140682696416],[74.68553109188645,34.246141141300654],[74.68726728525706,34.24919500694409],[74.68252249271893,34.254507252807514],[74.68187645753255,34.25549662846669],[74.67606321194773,34.26439936903569],[74.6732553774338,34.272770192990095],[74.66824186027367,34.27773097930128],[74.67135616305654,34.27281568789374],[74.67229122775802,34.271713905072716],[74.65108098709794,34.26184277002784],[74.64850301300368,34.26154185777057],[74.64709383741075,34.26379166565289],[74.6440916351209,34.26754509323155],[74.64099197509961,34.27084788492198],[74.64043107333544,34.27388504655772],[74.63869902673878,34.27439195122764],[74.63640659009212,34.27270573138446],[74.63330279858536,34.27138640795641],[74.63062558520267,34.26998202125333],[74.62933361555395,34.26921156036525],[74.62798190663972,34.26810000191358],[74.62639154193619,34.26705751409304],[74.62066331286167,34.26777417573766],[74.61911418297325,34.2734544547593],[74.62003134397139,34.27933055126397],[74.6262451826691,34.28047681095609],[74.62619488178842,34.28100468331951],[74.6248272305923,34.28372037689394],[74.62328300200898,34.285966293409786],[74.6200535887022,34.28541055915002],[74.6186237592791,34.28559702907967],[74.61452603524839,34.28506608193419],[74.61360166798266,34.28462436282416],[74.60931114189572,34.28445209229028],[74.60649215039246,34.28481799855183],[74.60379223902066,34.28514847961867],[74.5970822182698,34.287556394611954],[74.59415605995429,34.28716152838189],[74.58587622220995,34.28363345382087],[74.58011404912412,34.284660278149374],[74.57711199432316,34.285095113848456],[74.57105640842656,34.28328148165508],[74.57009895060617,34.28082223246014],[74.56998008900996,34.28224528009565],[74.56996394617926,34.29546402094786],[74.58094627095369,34.3063182390955],[74.5843310889087,34.30927318560907],[74.58583829600059,34.310303243000305],[74.59131211766015,34.31514980192185],[74.59193932733814,34.317730483874755],[74.59200867226247,34.32123380189847],[74.59205035314136,34.323053346234985],[74.59063759195135,34.32407386271865],[74.58545664890528,34.32391804258367],[74.58473113343513,34.32395011420647],[74.58418795101318,34.324345836591135],[74.58286456804541,34.32530995299197],[74.57862412880058,34.3265122521388],[74.57647635619895,34.3264900982395],[74.57532374999113,34.326184219925835],[74.5747799101648,34.32519894967186],[74.57366241259035,34.32111089155444],[74.57198467605201,34.317594057619715],[74.56636461023862,34.31760830018294],[74.56226292379495,34.31725158859001],[74.56029227806624,34.3169004851693],[74.55772051289142,34.31667708098257],[74.55332712414753,34.31878496055754],[74.55095945201714,34.31332665490123],[74.54730045415272,34.31071308564043],[74.5425306901393,34.31058240695256],[74.53148835720197,34.31548285055317],[74.52894012728513,34.31469877932528],[74.52809478344756,34.30529495359929],[74.51605970329274,34.311852366593484],[74.51564557268506,34.31525744087827],[74.51237341100415,34.31733065878291],[74.51256590459286,34.31118469281938],[74.51440516566589,34.308555440281395],[74.50911131003897,34.30677996542312],[74.5105934898977,34.301303009626224],[74.50435458799387,34.29502035570488],[74.50646138838243,34.28721483479683],[74.51297626704115,34.2829888773349],[74.51107414965236,34.27698833444413],[74.51605774187135,34.27542337109173],[74.51551857672098,34.26429827264724],[74.50840922640475,34.26504661021295],[74.50964816842827,34.267109765603266],[74.5060781180108,34.26660970207615],[74.50267123608876,34.26448030801987],[74.50259999269554,34.25801851004627],[74.51524764426341,34.249136150812774],[74.5383461167799,34.25884854022797],[74.54544960531507,34.25723256463118],[74.54586149930878,34.25369887020673],[74.5416003082077,34.25036492959788],[74.54129852091006,34.24834021482911],[74.54347344494357,34.24297115069811],[74.5516404366569,34.23994407226115],[74.55424544976773,34.23295059959054],[74.56213685323326,34.23077178059327],[74.56950296988623,34.232835623065625],[74.57039630604476,34.22871953397936],[74.56843939566164,34.22716308720675],[74.56827591240346,34.22151986385069],[74.56973575490122,34.21798488339573],[74.56728405911207,34.207648127958805],[74.57063100481707,34.20716478462714],[74.57161853866467,34.207063658561026],[74.57464361341209,34.20646266232205],[74.57568919759842,34.20863974382917],[74.5797882634177,34.210657691199515],[74.57929279722487,34.21988751159944],[74.58067560469544,34.22234005994585],[74.59219896521012,34.22380629212671],[74.59479771544227,34.22235767586608],[74.60353589626465,34.22433132622979],[74.605468087882,34.22380882191965],[74.60862163258236,34.21818271356142],[74.61171016798994,34.209631797669374],[74.63145164757555,34.21808821100217],[74.63861680082476,34.2204975999843],[74.6460861065886,34.22300926436611],[74.65354539390484,34.22318433808681],[74.65435857079149,34.228885318602636],[74.65490484598189,34.23271511391141],[74.66176559580566,34.229483687022594],[74.6661197237463,34.231123295004124],[74.66889021301296,34.22863081675882],[74.6707242607161,34.222211652046155],[74.6705780921053,34.21943445833364],[74.67428679100266,34.22136309942755],[74.6770677591698,34.221780244562694],[74.67959013267853,34.22190003605789],[74.68168574640015,34.22742034097598]]]}},{"type":"Feature","properties":{"blockName":"Kreeri","districtName":"Baramula","state":"Jammu and Kashmir"},"geometry":{"type":"Polygon","coordinates":[[[74.36644248383362,34.17926973031388],[74.3682562599185,34.177523960962105],[74.37012274167125,34.17912137095453],[74.37455541729872,34.17862109338881],[74.38148823339532,34.17513934380571],[74.38726523989897,34.17581885625526],[74.39521381956217,34.17734128527218],[74.40467231687398,34.180397239141314],[74.40708274906967,34.18109982639595],[74.40938748664325,34.182288359620145],[74.41069446417822,34.18434089941303],[74.41145454419194,34.18805389976774],[74.41268520705671,34.18985951990095],[74.41303284988618,34.19244979042554],[74.41370362272409,34.19497012876849],[74.41782477139611,34.197357315287945],[74.41801822366216,34.197641147620914],[74.41849631944962,34.200599195896245],[74.42338254656732,34.20234022132422],[74.42445543507034,34.20275142733658],[74.42888320219811,34.20175032002129],[74.42851415640325,34.19847016966264],[74.42923972673208,34.19595533337201],[74.43132084518089,34.19059157973766],[74.43087041074091,34.18542850622066],[74.43241111038452,34.18696633163097],[74.43421270425296,34.189532090233854],[74.4350684703337,34.19196194868505],[74.43690303784496,34.1993507534346],[74.43769819141846,34.20165714396205],[74.44009432889021,34.208039915809536],[74.44216794789253,34.211887513198235],[74.44467233406101,34.21215886294124],[74.44683939981849,34.20977735923776],[74.45092960191965,34.21299797087971],[74.45417654301309,34.21532891829497],[74.45868322744906,34.22128929566452],[74.46058802301889,34.22283923314416],[74.4608299739242,34.22295712437182],[74.46342864681463,34.22490273207546],[74.46412753335903,34.22533538781795],[74.46636443776862,34.22766896664956],[74.47322142662762,34.23054584391559],[74.4756597369074,34.23115367500213],[74.47715994187786,34.231277734679736],[74.4787103649914,34.23290021237494],[74.47934388970879,34.2353231181674],[74.48522785887866,34.24096254638448],[74.48750335229795,34.23928964100418],[74.48857137007275,34.23811493935301],[74.48934701195509,34.23892145765922],[74.49060403574771,34.2419559716908],[74.48898351767525,34.246056668880215],[74.48922895435282,34.24743479178227],[74.49199244059872,34.25047134008031],[74.49979079660801,34.252473210270466],[74.50259999269554,34.25801851004627],[74.50267123608876,34.26448030801987],[74.5060781180108,34.26660970207615],[74.50964816842827,34.267109765603266],[74.50840922640475,34.26504661021295],[74.51551857672098,34.26429827264724],[74.51605774187135,34.27542337109173],[74.51107414965236,34.27698833444413],[74.51297626704115,34.2829888773349],[74.50646138838243,34.28721483479683],[74.50435458799387,34.29502035570488],[74.5105934898977,34.301303009626224],[74.50911131003897,34.30677996542312],[74.51440516566589,34.308555440281395],[74.51256590459286,34.31118469281938],[74.51237341100415,34.31733065878291],[74.50750100556701,34.31880055839912],[74.49757195867903,34.31831351615591],[74.49608823108707,34.32099531428236],[74.49569678857597,34.32184213660537],[74.4902682612713,34.32176571041924],[74.48745546160035,34.31497771664834],[74.4855083232506,34.310244140454756],[74.48547339358231,34.310208197250574],[74.4841862353066,34.30928743986351],[74.48215025742849,34.310187815915015],[74.47957114479254,34.30917419723147],[74.47698242290056,34.305502518026856],[74.47999989477938,34.29807626370865],[74.47436640118855,34.28841811060738],[74.48723862516249,34.292234871142455],[74.48785124334029,34.288756271884495],[74.48586765277003,34.28489510822271],[74.4780839458175,34.280053250057506],[74.48005223172515,34.277630019609774],[74.47692304156516,34.26806879274062],[74.47130209531548,34.26760040333602],[74.47191544644073,34.264596357436005],[74.47810302493468,34.2605428503723],[74.47804450155257,34.24999133503212],[74.47529688384418,34.243221142441826],[74.46535078491087,34.24281139962642],[74.4594500820557,34.23793707683467],[74.45511480480445,34.237554363143374],[74.44811480305577,34.24237764671108],[74.44390334266518,34.23771100166147],[74.44855605002175,34.2325221616685],[74.44716220697035,34.22874895799805],[74.44508017031364,34.22921107013485],[74.44182087433393,34.224648418189986],[74.43487507832225,34.225001404791044],[74.43610128504633,34.221912496164805],[74.43344944333722,34.21573989408091],[74.4286829150845,34.212849366005514],[74.42580212756621,34.20706642667432],[74.4130858361425,34.21180291757065],[74.4089504745848,34.217121154717574],[74.40937228270474,34.22162461688259],[74.4048752587862,34.219360093393675],[74.37398313011744,34.204177199018545],[74.37048404700124,34.202330357560015],[74.36644248383362,34.17926973031388]]]}},{"type":"Feature","properties":{"blockName":"Tangmarg","districtName":"Baramula","state":"Jammu and Kashmir"},"geometry":{"type":"Polygon","coordinates":[[[74.34390993939223,34.13897994976492],[74.3452874534533,34.13413839197324],[74.34416422090214,34.133176929471745],[74.35695919401167,34.12303809143481],[74.35880862821568,34.117611772865075],[74.35397513644347,34.11353351466005],[74.3407585593601,34.11247618892503],[74.33359618411669,34.096283509676255],[74.33669915184441,34.092343232654116],[74.33966236492626,34.09247206773182],[74.35061336811248,34.10252122447497],[74.35583119955027,34.10258564201382],[74.36703987379121,34.08435544165036],[74.36779211351529,34.07561554761946],[74.37263955467176,34.064086498892834],[74.37201254284463,34.057655654684766],[74.44552026524809,34.055160874175044],[74.47044293879065,34.03382133168918],[74.48442829682847,34.03783190421905],[74.49476034071722,34.050513398174814],[74.5049830621187,34.05821672821946],[74.5086559563074,34.065540165746086],[74.50344757854299,34.08509414927562],[74.50778267413114,34.09311162060487],[74.499305731974,34.10738712781375],[74.50467022305241,34.1197258667554],[74.51524422144371,34.131734548210886],[74.5220784448644,34.129633316424474],[74.5249692040656,34.1317366364367],[74.52180787573292,34.14116130574973],[74.52882039064855,34.14109973096788],[74.53233621464466,34.14547935558784],[74.53931524330392,34.144221668095554],[74.54232967907149,34.143678437110225],[74.5440743647402,34.15358696956304],[74.5391891898293,34.156617790079],[74.53438004180555,34.152570729355716],[74.52916900924242,34.1563229761245],[74.51645216023906,34.15840376182422],[74.52029824676674,34.160410502742536],[74.52264897477045,34.160074685098664],[74.52587268367745,34.162809205080805],[74.52421103601057,34.168354900558256],[74.52706116564036,34.16944554707442],[74.52798446001486,34.173899427816366],[74.52431171511364,34.174753092181504],[74.52288673663367,34.17966797080027],[74.5328006731126,34.18141598396056],[74.53483465359642,34.18340373839186],[74.53204014883386,34.18589306631202],[74.53925994578992,34.18872222824831],[74.55868748014313,34.18605605134576],[74.56033272507528,34.194479131306935],[74.53505856500084,34.19417761920181],[74.53010878639145,34.191033629798255],[74.50760267122638,34.18260561795495],[74.50494038928758,34.187854369883325],[74.51196093514909,34.19052492288694],[74.51033419376807,34.19348050791916],[74.51265720466631,34.19637109804779],[74.51195303280628,34.19909389716565],[74.50668959494891,34.20192103382868],[74.51000963203893,34.208396193029955],[74.51795848059948,34.2136742916353],[74.51693864130533,34.214500994325476],[74.51618803025343,34.21451871726504],[74.51380972184126,34.21688188199329],[74.51271357866875,34.21828229998823],[74.50650671241488,34.213382359108664],[74.50229759565758,34.21291964982203],[74.50312983907088,34.20980082794591],[74.49252461711745,34.203788428393295],[74.48831880716727,34.20719013111972],[74.49510092027128,34.20951904696648],[74.49993840863073,34.2134655841694],[74.49908258139607,34.21839590504703],[74.50327458225621,34.22607658926324],[74.49325175406523,34.22278243376235],[74.49363512066435,34.22884822336687],[74.49386109511352,34.229601319245546],[74.49148749824951,34.22929712176483],[74.49025205728668,34.23221443704671],[74.48889209259607,34.23327758409329],[74.48782492018398,34.23358849141579],[74.48786517563741,34.2355564472723],[74.48857137007275,34.23811493935301],[74.48750335229795,34.23928964100418],[74.48522785887866,34.24096254638448],[74.47934388970879,34.2353231181674],[74.4787103649914,34.23290021237494],[74.47715994187786,34.231277734679736],[74.4756597369074,34.23115367500213],[74.47322142662762,34.23054584391559],[74.46636443776862,34.22766896664956],[74.46412753335903,34.22533538781795],[74.46342864681463,34.22490273207546],[74.4608299739242,34.22295712437182],[74.46058802301889,34.22283923314416],[74.45868322744906,34.22128929566452],[74.45417654301309,34.21532891829497],[74.45092960191965,34.21299797087971],[74.44683939981849,34.20977735923776],[74.44467233406101,34.21215886294124],[74.44216794789253,34.211887513198235],[74.44009432889021,34.208039915809536],[74.43769819141846,34.20165714396205],[74.43690303784496,34.1993507534346],[74.4350684703337,34.19196194868505],[74.43421270425296,34.189532090233854],[74.43241111038452,34.18696633163097],[74.43087041074091,34.18542850622066],[74.43132084518089,34.19059157973766],[74.42923972673208,34.19595533337201],[74.42851415640325,34.19847016966264],[74.42888320219811,34.20175032002129],[74.42445543507034,34.20275142733658],[74.42338254656732,34.20234022132422],[74.41849631944962,34.200599195896245],[74.41801822366216,34.197641147620914],[74.41782477139611,34.197357315287945],[74.41370362272409,34.19497012876849],[74.41303284988618,34.19244979042554],[74.41268520705671,34.18985951990095],[74.41145454419194,34.18805389976774],[74.41069446417822,34.18434089941303],[74.40938748664325,34.182288359620145],[74.40708274906967,34.18109982639595],[74.40467231687398,34.180397239141314],[74.39521381956217,34.17734128527218],[74.38726523989897,34.17581885625526],[74.38148823339532,34.17513934380571],[74.37455541729872,34.17862109338881],[74.37012274167125,34.17912137095453],[74.3682562599185,34.177523960962105],[74.36644248383362,34.17926973031388],[74.36408905516583,34.17813830224088],[74.34941713759088,34.15667165317433],[74.34518651894274,34.14407784851397],[74.34641063114577,34.13913237316052],[74.34587295077614,34.138065474142365],[74.34390993939223,34.13897994976492]]]}},{"type":"Feature","properties":{"blockName":"Sonawari","districtName":"Bandipore","state":"Jammu and Kashmir"},"geometry":{"type":"Polygon","coordinates":[[[74.6290441948338,34.352658660169084],[74.61559463308589,34.355235025376146],[74.61247917107693,34.35438344743818],[74.61247821959421,34.3530740714113],[74.61038922668155,34.35806818659756],[74.60513677314361,34.3548617545664],[74.60204360442884,34.35498669917689],[74.60636391696124,34.348721768195105],[74.60871890685212,34.34073441875847],[74.59163759130183,34.332990584148206],[74.58637729027976,34.32860615175258],[74.586376872095,34.32858565170653],[74.58543548785752,34.32676224478183],[74.58418795101318,34.324345836591135],[74.58473113343513,34.32395011420647],[74.58545664890528,34.32391804258367],[74.59063759195135,34.32407386271865],[74.59205035314136,34.323053346234985],[74.59200867226247,34.32123380189847],[74.59193932733814,34.317730483874755],[74.59131211766015,34.31514980192185],[74.58583829600059,34.310303243000305],[74.5843310889087,34.30927318560907],[74.58094627095369,34.3063182390955],[74.56996394617926,34.29546402094786],[74.56998008900996,34.28224528009565],[74.57009895060617,34.28082223246014],[74.57105640842656,34.28328148165508],[74.57711199432316,34.285095113848456],[74.58011404912412,34.284660278149374],[74.58587622220995,34.28363345382087],[74.59415605995429,34.28716152838189],[74.5970822182698,34.287556394611954],[74.60379223902066,34.28514847961867],[74.60649215039246,34.28481799855183],[74.60931114189572,34.28445209229028],[74.61360166798266,34.28462436282416],[74.61452603524839,34.28506608193419],[74.6186237592791,34.28559702907967],[74.6200535887022,34.28541055915002],[74.62328300200898,34.285966293409786],[74.6248272305923,34.28372037689394],[74.62619488178842,34.28100468331951],[74.6262451826691,34.28047681095609],[74.62003134397139,34.27933055126397],[74.61911418297325,34.2734544547593],[74.62066331286167,34.26777417573766],[74.62639154193619,34.26705751409304],[74.62798190663972,34.26810000191358],[74.62933361555395,34.26921156036525],[74.63062558520267,34.26998202125333],[74.63330279858536,34.27138640795641],[74.63640659009212,34.27270573138446],[74.63869902673878,34.27439195122764],[74.64043107333544,34.27388504655772],[74.64099197509961,34.27084788492198],[74.6440916351209,34.26754509323155],[74.64709383741075,34.26379166565289],[74.64850301300368,34.26154185777057],[74.65108098709794,34.26184277002784],[74.67229122775802,34.271713905072716],[74.67135616305654,34.27281568789374],[74.66824186027367,34.27773097930128],[74.66095980954765,34.28312795119405],[74.65782112704346,34.28847789393973],[74.65660818801751,34.2907331876865],[74.65614601562618,34.29159253216966],[74.64827262917856,34.30602524896614],[74.64534936038473,34.3149014694273],[74.6390408653437,34.31836914372104],[74.63624716637366,34.32613767641271],[74.63628603956914,34.33183121953522],[74.63629243195021,34.33276759364958],[74.64237003684775,34.33913734511242],[74.64343858072596,34.34022613093123],[74.6426078670595,34.342222421727456],[74.63715974172874,34.344264405278125],[74.63549096693464,34.34718547612886],[74.63260836638307,34.34722806532301],[74.63022573133247,34.35052113084555],[74.6290441948338,34.352658660169084]]]}},{"type":"Feature","properties":{"blockName":"Srinagar (South)","districtName":"Ganderbal","state":"Jammu and Kashmir"},"geometry":{"type":"MultiPolygon","coordinates":[[[[74.8105539506044,34.304661392909],[74.80805729141093,34.303426907026164],[74.79763837301255,34.310361421042785],[74.7942222523551,34.30478846261752],[74.79481107716953,34.30265512503405],[74.80074052595455,34.301939537179976],[74.80882746811324,34.29545656017217],[74.80640477276211,34.2889144707263],[74.80212776978078,34.287583631479436],[74.80234165194571,34.285528416203476],[74.79682583824189,34.28664814859326],[74.79587135717748,34.2897308752797],[74.78811268375341,34.289668631402265],[74.78714823190546,34.2883319690452],[74.79075930849535,34.27898256579283],[74.79448430580612,34.281086048582324],[74.80689934592812,34.279454779114815],[74.8239397756002,34.281151099243914],[74.83784980282621,34.27753997498991],[74.84319056349375,34.28194472756718],[74.842940149968,34.283845914157666],[74.83981723797518,34.29289704016634],[74.83773967184845,34.294325438768055],[74.83010693228914,34.29157727876844],[74.83391544064511,34.301046534669865],[74.83224828283204,34.305337143494455],[74.82303337948696,34.3082913318795],[74.81522318030557,34.30247247992105],[74.8105539506044,34.304661392909]]],[[[74.73300809414826,34.293733530178315],[74.73019779729054,34.29983533763078],[74.73545534099122,34.300109259434805],[74.73340350356887,34.305188615961924],[74.73325621440284,34.30529418557825],[74.7322215722678,34.306035766537434],[74.73139279843895,34.305796562161675],[74.72838754924607,34.30495558273401],[74.72510400844328,34.3045756101763],[74.72400492718572,34.303122918188194],[74.72604290245806,34.29885236604389],[74.72150640099966,34.29242397158907],[74.72254759199785,34.29099071484967],[74.727605245186,34.29274165260523],[74.7293436895597,34.29249426889544],[74.73089301550033,34.291286229376055],[74.73092105366374,34.2922034308437],[74.7309339022778,34.29262374429044],[74.73300809414826,34.293733530178315]]],[[[74.69802989936045,34.227932351996515],[74.69638944601616,34.23498034067023],[74.69797181214949,34.237754937140664],[74.7031248789101,34.24074642310899],[74.70303867259673,34.242172072483186],[74.70736305725933,34.23413725952696],[74.71075516781679,34.234309526463505],[74.71100410825306,34.24044610710223],[74.71553244296791,34.241856572323],[74.72515659809858,34.23696286194655],[74.73652385788978,34.22865936393856],[74.74270847581556,34.22987029297968],[74.7407012411694,34.23270212140585],[74.73444055768567,34.23510628262892],[74.73256606387281,34.23442041107319],[74.73125154192519,34.236196745683344],[74.73267953852991,34.24170879752302],[74.73878227857932,34.24645978908802],[74.7389490497589,34.24989320011116],[74.73779867027247,34.25118786502799],[74.73250664746388,34.25134577248946],[74.73027505085298,34.25327175518743],[74.72998901518099,34.252795854645],[74.72528001206297,34.25465247892879],[74.71873416435028,34.25766156103225],[74.71414246610198,34.255821364664314],[74.70940058376999,34.256697280954825],[74.7015983939508,34.25971344072275],[74.7002276445902,34.26144351780414],[74.69764426557043,34.26563800888704],[74.69581609313826,34.263041622073274],[74.69080624521212,34.261346456673664],[74.68765726007456,34.26255535504566],[74.68442449049792,34.26104157930547],[74.68187645753255,34.25549662846669],[74.68252249271893,34.254507252807514],[74.68726728525706,34.24919500694409],[74.68553109188645,34.246141141300654],[74.68104861719996,34.239140682696416],[74.67853272690388,34.23202130493934],[74.68168574640015,34.22742034097598],[74.68379184621676,34.22908932890948],[74.69271194999658,34.231152631788575],[74.69802989936045,34.227932351996515]]],[[[74.85848194848319,34.15398871650609],[74.85339490185328,34.15977409300007],[74.85404493632478,34.16575901736479],[74.85917671523327,34.16705507263356],[74.86672879909486,34.165837681963524],[74.86924659505439,34.167467124907944],[74.87941682932325,34.16860775844134],[74.88372377073551,34.181749577581],[74.8707120340332,34.179029946774676],[74.86739619947508,34.17698675993108],[74.857640082324,34.17962977569363],[74.85699629454342,34.185025481340915],[74.86346116909772,34.18902667304258],[74.86472925994747,34.19405810289919],[74.8633694706246,34.19800931028152],[74.86095651493127,34.19894210779211],[74.84338475500249,34.18509212919844],[74.84259649113523,34.18281416534148],[74.84407623113322,34.18020438042788],[74.84906973747843,34.17543063601511],[74.8447494591203,34.1743503227093],[74.84373629009775,34.17082608015954],[74.84536050258521,34.164445883970416],[74.83901090403003,34.15938803023346],[74.84435933501538,34.15860033653638],[74.85848194848319,34.15398871650609]]]]}},{"type":"Feature","properties":{"blockName":"Kangan","districtName":"Ganderbal","state":"Jammu and Kashmir"},"geometry":{"type":"Polygon","coordinates":[[[74.76784636072102,34.39083311655514],[74.77172198278333,34.387285239822006],[74.77909174258991,34.38752309611402],[74.78704412818405,34.385077420386665],[74.78696046515341,34.362392548777166],[74.78862415697932,34.35899741739695],[74.78877815598719,34.35055529339212],[74.79257853177387,34.34601404351332],[74.79624901667881,34.34337147291518],[74.79876109474878,34.34367990800138],[74.80242441205701,34.34038775888803],[74.80652568031593,34.34522773657085],[74.80923383037702,34.3402279880313],[74.81277187931886,34.33928330867781],[74.82750160531486,34.32794980044298],[74.82970080474837,34.324317947715144],[74.83622155508078,34.324665917897846],[74.83948052010999,34.32771997689548],[74.84558586099877,34.32956912151781],[74.85065672882502,34.32934906190974],[74.85528291337579,34.32709931428195],[74.86741848107812,34.314859123949475],[74.8797637949632,34.31257870854063],[74.88360805946445,34.30915354160271],[74.88720062081205,34.30242749223504],[74.8964894574226,34.30047297764588],[74.9061617631549,34.29302596877352],[74.90945435833203,34.2926496339735],[74.91586316555271,34.29851055261997],[74.9266577352663,34.33162133305814],[74.93811633020454,34.34254182764329],[74.93862297856765,34.34514609071954],[74.94197826998123,34.344373424693856],[74.94577557008654,34.36055433721293],[74.95420285977423,34.363674422636564],[74.95707911021282,34.36869380877232],[74.96129919240389,34.371462356402674],[74.97350265981993,34.37480675342897],[74.98464721959357,34.37427735221809],[74.98506044188593,34.3718455413387],[74.98739656400028,34.37155107182457],[74.98919663531655,34.37219954777095],[74.98952811373152,34.37560090785564],[74.99441834013436,34.375146600035634],[74.9995256907581,34.380941689207646],[75.00003352982361,34.37509371270471],[75.00186760720436,34.37467448384041],[75.0112797858335,34.37953789156052],[75.01348728600948,34.383727293379934],[75.02341577891514,34.38707962872195],[75.03299798876623,34.386604508791095],[75.03485480730359,34.38888634962541],[75.04018379584556,34.38902333525874],[75.04110915236555,34.39207801298994],[75.04864111479566,34.399749398216215],[75.04996778298687,34.40402329403986],[75.0488207480791,34.41394247266703],[75.05215065702725,34.41927032716393],[75.03450213996183,34.42792808970961],[75.03317017566314,34.43225697188177],[75.03916401230936,34.43691884422935],[75.0243923868992,34.45264638512265],[75.01650469403648,34.45314612219585],[75.01472117654112,34.45618616076274],[75.00642697752306,34.45941582318176],[75.00079844189463,34.46578994894702],[74.99110313420232,34.470356458983474],[74.9889372078859,34.47509968760056],[74.98237833079537,34.47734277934586],[74.97235684259425,34.481216767340015],[74.96076555988276,34.4936147410275],[74.95882138839642,34.50349967257188],[74.9532008855125,34.50953155413799],[74.93976498356722,34.51298296958845],[74.93278353483231,34.518640475977236],[74.92660706566363,34.51918037767234],[74.9181763108881,34.52822819867248],[74.91582563324641,34.54084305556262],[74.89275065282044,34.546465268957036],[74.87462775057031,34.54535504689795],[74.86388161024814,34.5509241930971],[74.861699619342,34.556351911911236],[74.85280690981108,34.563695579687305],[74.84168145433568,34.55723202084113],[74.8354890446837,34.55680475293707],[74.82327617395634,34.548624097823904],[74.81956281027556,34.53866942835151],[74.81518008479316,34.533209912207724],[74.8173601187745,34.51239833381612],[74.8302912474432,34.50198853454327],[74.83127545020193,34.49609112500548],[74.82657788376235,34.49203386507088],[74.8225562927388,34.48319967712348],[74.80650440415496,34.47041805444968],[74.7966820024725,34.46849594243383],[74.79538556229392,34.46367272181868],[74.78644154913826,34.460361581721656],[74.78433946659317,34.453827877554545],[74.77911141975625,34.44834852146715],[74.77183820936591,34.44592238351123],[74.76252644813712,34.446267688103376],[74.74033906799366,34.44264571892484],[74.73152043112304,34.43224309714128],[74.73721586641915,34.421884199496276],[74.7503939660088,34.41728960902827],[74.75316746260836,34.414284893133356],[74.75679345985037,34.41305425904687],[74.75874338519912,34.400420869827315],[74.7641618311037,34.39644013770226],[74.76784636072102,34.39083311655514]]]}},{"type":"Feature","properties":{"blockName":"Ganderbal","districtName":"Bandipore","state":"Jammu and Kashmir"},"geometry":{"type":"Polygon","coordinates":[[[74.71592906377532,34.3279110189784],[74.71805750814752,34.325974333448755],[74.71225972370735,34.32685568164442],[74.70659273486689,34.32467231027897],[74.70282903882912,34.32520487620411],[74.69766197322156,34.319220904221424],[74.7149995415956,34.30649605125183],[74.71650076729662,34.300680336128664],[74.72358766693736,34.30475618235198],[74.7244557816091,34.303718828760964],[74.72510400844328,34.3045756101763],[74.72838754924607,34.30495558273401],[74.73139279843895,34.305796562161675],[74.7322215722678,34.306035766537434],[74.73325621440284,34.30529418557825],[74.73340350356887,34.305188615961924],[74.73545534099122,34.300109259434805],[74.73019779729054,34.29983533763078],[74.73300809414826,34.293733530178315],[74.73454736926573,34.2936891468367],[74.73533231913126,34.2929157991249],[74.73985289359621,34.28858064238278],[74.7433974059656,34.28661519923213],[74.75024200036808,34.28205202118386],[74.7522824829503,34.282963936436545],[74.7526846471788,34.284084777690396],[74.75460161687118,34.28619958024649],[74.75454801907586,34.286057597080514],[74.75624368899508,34.2827424172288],[74.75801255833295,34.283030048298144],[74.75897761902195,34.27348209812038],[74.75783917713636,34.270601762961064],[74.76984431706165,34.26739635705627],[74.78223274174769,34.259697323073055],[74.78386800780237,34.25975623226435],[74.78343221972119,34.269179597560424],[74.79075930849535,34.27898256579283],[74.78714823190546,34.2883319690452],[74.78811268375341,34.289668631402265],[74.79587135717748,34.2897308752797],[74.79703017230469,34.29310001805146],[74.79481107716953,34.30265512503405],[74.7942222523551,34.30478846261752],[74.79763837301255,34.310361421042785],[74.80333374715474,34.314881089890434],[74.80700275087634,34.313422028903574],[74.8105539506044,34.304661392909],[74.81522318030557,34.30247247992105],[74.82303337948696,34.3082913318795],[74.83224828283204,34.305337143494455],[74.83383627062744,34.30524343413725],[74.83881261251213,34.31286967879271],[74.8421833947479,34.31470964223627],[74.84504911772268,34.319968476464055],[74.83948052010999,34.32771997689548],[74.83622155508078,34.324665917897846],[74.82970080474837,34.324317947715144],[74.82750160531486,34.32794980044298],[74.81277187931886,34.33928330867781],[74.80923383037702,34.3402279880313],[74.80652568031593,34.34522773657085],[74.80242441205701,34.34038775888803],[74.79876109474878,34.34367990800138],[74.79624901667881,34.34337147291518],[74.79257853177387,34.34601404351332],[74.78877815598719,34.35055529339212],[74.78862415697932,34.35899741739695],[74.78696046515341,34.362392548777166],[74.78704412818405,34.385077420386665],[74.77909174258991,34.38752309611402],[74.77172198278333,34.387285239822006],[74.76784636072102,34.39083311655514],[74.75817421866532,34.386210713653554],[74.75741378341945,34.382571988306665],[74.74713044501408,34.378498518092215],[74.7298560818927,34.36369813146365],[74.7310414099332,34.36075069069187],[74.72656833855802,34.34824892175038],[74.72664070970103,34.34414061629644],[74.73009210176912,34.33980182539398],[74.72923269972938,34.334153374278856],[74.72376274785256,34.33112182621136],[74.71786554515882,34.33107357218768],[74.71578364969571,34.327974279089744],[74.71592906377532,34.3279110189784]]]}},{"type":"Feature","properties":{"blockName":"Awantipora","districtName":"Srinagar","state":"Jammu and Kashmir"},"geometry":{"type":"Polygon","coordinates":[[[74.92502025148349,34.08004146124449],[74.92489911100523,34.07969403515165],[74.92534386532719,34.07583845538045],[74.92812987329506,34.067591881759995],[74.92789539395733,34.06280244417752],[74.92655325113168,34.05780469123357],[74.93151146897918,34.05497941706648],[74.93219831270204,34.05328680664087],[74.92941647938704,34.04377071674526],[74.93129668209627,34.03873215166749],[74.93599297959241,34.0399977486972],[74.93581118254008,34.03569969888207],[74.93219430442366,34.029775824994374],[74.93069568315929,34.02076123484318],[74.92428385151857,34.01863668273677],[74.9197785241596,34.01093941951865],[74.92414296642482,34.00551537533437],[74.92567336343501,34.00006588843007],[74.92161830773875,33.995663313111436],[74.91668874588896,33.995679593538455],[74.9139486177346,33.99140149967951],[74.90866710620207,33.98935997028644],[74.90847794370222,33.98209832517762],[74.9055723708683,33.97423300295077],[74.91467548848306,33.96999158974012],[74.9265326440663,33.988037081046514],[74.92781094312056,33.98720176015314],[74.93144039106124,33.98886375765636],[74.93575397036949,33.99359791930857],[74.94481183949483,33.990418918398404],[74.94540834631817,33.986002786699316],[74.94386499996983,33.98281262520254],[74.9355001771915,33.972856477244704],[74.93562205871109,33.97137309858965],[74.93902597466905,33.970383883909165],[74.94163544032335,33.96585985065161],[74.94183012376124,33.965968030999875],[74.94422736919779,33.968081692316275],[74.95277044659889,33.978880219046914],[74.95686791522218,33.97853043942831],[74.97583609206208,33.982870027130105],[74.98417181727558,33.968555312177955],[74.99792976824426,33.96522885392852],[75.0039705414074,33.96500237495968],[75.00705838073975,33.96662358191281],[75.01024296823846,33.96720594509833],[75.01396792777768,33.97039296346452],[75.01163933838484,33.97427426384627],[74.99786210055555,33.98315462208819],[74.99511369234307,33.98978357615118],[74.99632301609438,33.99087976159177],[75.00646755673239,33.987562443152285],[75.01317218874556,33.98949826533271],[75.01658901806877,33.988013286783826],[75.02093157083539,33.98890949357832],[75.03232735981987,34.00047559077592],[75.02881617272823,34.006959108276305],[75.03439330041056,34.00881555989025],[75.03331413823696,34.01893202998923],[75.01783492803958,34.00514707417818],[75.01489102610003,34.0065807113308],[75.01991887935287,34.02066957144359],[75.01877921438927,34.03125969647789],[75.01601608517427,34.02823595182775],[75.01282955334125,34.0327823728083],[75.01685164978386,34.0423508877833],[75.01762475108143,34.04964630063631],[75.01166027100476,34.04424276369264],[75.00101507328708,34.04075889800481],[74.99797975616087,34.04127547488332],[74.999092497221,34.034402782962104],[75.00197891539466,34.035543629634844],[75.00594469089481,34.0327295628191],[75.0112262455948,34.03310615122797],[75.01014507523507,34.03022104336651],[75.00073042436964,34.02242422249992],[74.98736553918832,34.01681602773755],[74.98682907380277,34.01065998397115],[74.98991730883677,34.00816798056792],[74.98992207884095,34.00597701532706],[74.99815191158149,34.00643632607563],[75.00021411998569,34.00484256912932],[75.00898416109021,34.004256578978016],[75.00956539202929,34.00205100245188],[75.00634494586262,33.998738598807336],[74.99867174670379,33.99738636109174],[74.99703350928905,34.00104660361791],[74.99514648881944,33.99970549681126],[74.9884874722191,34.001891998716815],[74.9877580959594,33.999157408587564],[74.98632394079726,33.99941456702868],[74.98217022497596,34.00096983928671],[74.9787127238132,34.004719786489034],[74.97883106290328,34.010848538529274],[74.97622865422909,34.011428113816464],[74.96792494667898,34.009330437050096],[74.96393001246014,34.01268361415754],[74.96495768844665,34.01819727578368],[74.97083474003131,34.02033672875706],[74.97220089655417,34.022579288103714],[74.97092854381731,34.02535693507457],[74.96576277683073,34.02819387254925],[74.97054746239553,34.03471459500258],[74.9748663827774,34.03009927875877],[74.97893124827851,34.0290407191539],[74.98155647455172,34.03043801740063],[74.98557274968272,34.036223141185076],[74.99556407282375,34.04119640109309],[74.99348874510957,34.05330742180013],[75.00578318344719,34.05735359848984],[75.00942773819963,34.05678493737503],[75.01151513211772,34.06455688389315],[75.0013317659483,34.06883220784016],[74.99985551621916,34.06791353688027],[74.99791232499388,34.07009260858706],[74.96792508877189,34.068365298719584],[74.95782085125131,34.0702384597372],[74.96689475618808,34.08075784319993],[74.95913546852711,34.08767339231326],[74.95240315358274,34.084279009168995],[74.93985053967072,34.08317838467474],[74.93307331528132,34.07644533408495],[74.93119331312096,34.07998113112433],[74.92544353089431,34.07982982108945],[74.92502025148349,34.08004146124449]]]}},{"type":"Feature","properties":{"blockName":"Tral","districtName":"Srinagar","state":"Jammu and Kashmir"},"geometry":{"type":"Polygon","coordinates":[[[74.99791232499388,34.07009260858706],[74.99985551621916,34.06791353688027],[75.0013317659483,34.06883220784016],[75.01151513211772,34.06455688389315],[75.00942773819963,34.05678493737503],[75.00578318344719,34.05735359848984],[74.99348874510957,34.05330742180013],[74.99556407282375,34.04119640109309],[74.98557274968272,34.036223141185076],[74.98155647455172,34.03043801740063],[74.97893124827851,34.0290407191539],[74.9748663827774,34.03009927875877],[74.97054746239553,34.03471459500258],[74.96576277683073,34.02819387254925],[74.97092854381731,34.02535693507457],[74.97220089655417,34.022579288103714],[74.97083474003131,34.02033672875706],[74.96495768844665,34.01819727578368],[74.96393001246014,34.01268361415754],[74.96792494667898,34.009330437050096],[74.97622865422909,34.011428113816464],[74.97883106290328,34.010848538529274],[74.9787127238132,34.004719786489034],[74.98217022497596,34.00096983928671],[74.98632394079726,33.99941456702868],[74.9877580959594,33.999157408587564],[74.9884874722191,34.001891998716815],[74.99514648881944,33.99970549681126],[74.99703350928905,34.00104660361791],[74.99867174670379,33.99738636109174],[75.00634494586262,33.998738598807336],[75.00956539202929,34.00205100245188],[75.00898416109021,34.004256578978016],[75.00021411998569,34.00484256912932],[74.99815191158149,34.00643632607563],[74.98992207884095,34.00597701532706],[74.98991730883677,34.00816798056792],[74.98682907380277,34.01065998397115],[74.98736553918832,34.01681602773755],[75.00073042436964,34.02242422249992],[75.01014507523507,34.03022104336651],[75.0112262455948,34.03310615122797],[75.00594469089481,34.0327295628191],[75.00197891539466,34.035543629634844],[74.999092497221,34.034402782962104],[74.99797975616087,34.04127547488332],[75.00101507328708,34.04075889800481],[75.01166027100476,34.04424276369264],[75.01762475108143,34.04964630063631],[75.01685164978386,34.0423508877833],[75.01282955334125,34.0327823728083],[75.01601608517427,34.02823595182775],[75.01877921438927,34.03125969647789],[75.01991887935287,34.02066957144359],[75.01489102610003,34.0065807113308],[75.01783492803958,34.00514707417818],[75.03331413823696,34.01893202998923],[75.03439330041056,34.00881555989025],[75.02881617272823,34.006959108276305],[75.03232735981987,34.00047559077592],[75.03845881971881,34.008409824453906],[75.04265399068919,34.009128379171386],[75.0503910471092,34.00525899570613],[75.05383417530697,34.00525180472704],[75.06351992770254,34.015661592308675],[75.07129841858722,34.013107480825624],[75.07465073414414,34.01407539146618],[75.0771785476519,34.02037609388168],[75.08443051695485,34.02875602796837],[75.08842022970987,34.04224172087879],[75.10052216546563,34.042549155918834],[75.10851898746137,34.048211706605],[75.11308459907502,34.04847298034383],[75.11757775231149,34.0547927906548],[75.12038841159597,34.06685726425138],[75.13277887594444,34.09046914533485],[75.13645868951699,34.10376205057821],[75.13544537210629,34.10760191739462],[75.13201662586664,34.11449536386999],[75.1306551925831,34.12207312157733],[75.1327743505559,34.13276178442885],[75.13132210732942,34.141314642856514],[75.13182725742206,34.15349225566314],[75.12883743789752,34.15567270872856],[75.12828140056627,34.1598830161883],[75.13671317697157,34.162635395806944],[75.13613008713389,34.17241668768003],[75.13067943201025,34.178138271663954],[75.12553545559683,34.178806693674005],[75.12271931674314,34.18264258818493],[75.12089856349648,34.187034108903006],[75.11059320900944,34.18079587532941],[75.104871696072,34.16935284855515],[75.09509744499115,34.15719463412512],[75.08198564432206,34.14694358857582],[75.06768186062942,34.131209428672264],[75.06360019309449,34.10862669666477],[75.04081115930762,34.08563175590086],[75.0278868160238,34.062592840087575],[75.025640656691,34.06570013715168],[75.0263389838571,34.06924013672301],[75.0297205228839,34.07170231770783],[75.03074964228222,34.07507345157859],[75.03034612277543,34.083104715810066],[75.02834603594084,34.085712835179265],[75.02670939482277,34.08376481729255],[75.02326300658257,34.08445202793877],[75.02361779002905,34.096334488645766],[75.01983495012291,34.09315938539737],[75.01687260128955,34.0926820981004],[75.01222218090896,34.094516090045545],[75.01170669760609,34.09794919439986],[75.00735308407764,34.10099190305391],[75.00712551423118,34.10116556843627],[74.9955541865765,34.09674151191132],[74.99223381943528,34.08858612055309],[74.99146645311436,34.07776626550083],[74.99814253435056,34.07339228052939],[74.99791232499388,34.07009260858706]]]}},{"type":"Feature","properties":{"blockName":"Pulwama","districtName":"Badgam","state":"Jammu and Kashmir"},"geometry":{"type":"Polygon","coordinates":[[[74.80779329902157,34.02678376166131],[74.80244359729426,34.01936279086016],[74.80418206415101,34.01603362295339],[74.81044163787135,34.00955371083512],[74.81280961756983,34.004272524857186],[74.81921822244306,34.00257218026195],[74.82300472618721,33.99560212683673],[74.81890312427981,33.992928449588305],[74.81235902934577,33.98109588326844],[74.81249946118123,33.97671497171865],[74.81828961577321,33.962355216020455],[74.82287881120823,33.96695845976518],[74.83153139455828,33.96689338122462],[74.83647939520796,33.969950016779876],[74.83862451301093,33.9670845114411],[74.84294117069851,33.96860632532173],[74.84706828996968,33.96768403009395],[74.85581379756877,33.976698118423485],[74.8607120108507,33.977049273105536],[74.8592317240649,33.9730815271908],[74.86018071386889,33.96816343889162],[74.85548055018728,33.959050065408235],[74.85555270998964,33.95423153925418],[74.86283310596315,33.94522681916243],[74.86184512425314,33.93847831282392],[74.87179176907495,33.94079556896037],[74.87565715505372,33.93855673010904],[74.87530756429271,33.93697156258759],[74.88083485514449,33.93982892456529],[74.88449159211336,33.93980544686394],[74.8878922777065,33.946513910888314],[74.90264547420935,33.95368104444469],[74.90753752083998,33.96528221520214],[74.91500623395058,33.968910594748195],[74.91714699273956,33.96244438020403],[74.92469919081503,33.963282705732354],[74.93113241372998,33.966236340135026],[74.93475973387467,33.96092011567083],[74.94163544032335,33.96585985065161],[74.93902597466905,33.970383883909165],[74.93562205871109,33.97137309858965],[74.9355001771915,33.972856477244704],[74.94386499996983,33.98281262520254],[74.94540834631817,33.986002786699316],[74.94481183949483,33.990418918398404],[74.93575397036949,33.99359791930857],[74.93144039106124,33.98886375765636],[74.92781094312056,33.98720176015314],[74.9265326440663,33.988037081046514],[74.91467548848306,33.96999158974012],[74.9055723708683,33.97423300295077],[74.90847794370222,33.98209832517762],[74.90866710620207,33.98935997028644],[74.9139486177346,33.99140149967951],[74.91668874588896,33.995679593538455],[74.92161830773875,33.995663313111436],[74.92567336343501,34.00006588843007],[74.92414296642482,34.00551537533437],[74.9197785241596,34.01093941951865],[74.92428385151857,34.01863668273677],[74.93069568315929,34.02076123484318],[74.93219430442366,34.029775824994374],[74.93581118254008,34.03569969888207],[74.93599297959241,34.0399977486972],[74.93129668209627,34.03873215166749],[74.92941647938704,34.04377071674526],[74.93219831270204,34.05328680664087],[74.92985028985902,34.050426580322494],[74.92438999760037,34.04295653801387],[74.9086872977806,34.03283441297782],[74.9066847468037,34.02435390680739],[74.9123903444389,34.01247833310862],[74.90258615492718,34.008597843016105],[74.89864987808949,34.01355766615342],[74.88687661666256,34.01900658198821],[74.8875095190491,34.023610859053974],[74.88467017768659,34.02945221924455],[74.88182862039457,34.0277377427027],[74.88137446186198,34.024470315053065],[74.87732158882034,34.02172527390235],[74.87254769332145,34.0254541517877],[74.87545682657134,34.03129336709526],[74.87367245382075,34.03487896229433],[74.86352619727626,34.035534248806584],[74.86290045978842,34.038405103312925],[74.86042891596173,34.03823405225978],[74.86199774190231,34.04211857041577],[74.87649444995895,34.050469374562056],[74.87579899972411,34.05537153676704],[74.85894930096953,34.04516021427253],[74.85422277995741,34.05026743269593],[74.85565180808453,34.052871527598995],[74.86503077564981,34.058753816835235],[74.85859262984604,34.07354271372532],[74.86832116838724,34.08211268265421],[74.867265774396,34.08607859395198],[74.86544457440766,34.087363296179205],[74.85632874667436,34.08664520820986],[74.8515970275808,34.08290860424876],[74.84470283107083,34.080923260000475],[74.84321592977142,34.08190157399849],[74.84263960193613,34.09007711466717],[74.84115860198796,34.0872317910144],[74.83883960656266,34.082776493840186],[74.83088526044645,34.076262181754316],[74.82848804109028,34.066845644111254],[74.81969940560316,34.059379216177945],[74.81533351453015,34.04403726680647],[74.81306606194926,34.042863502248906],[74.80799938316505,34.04450536842808],[74.80779329902157,34.02678376166131]]]}},{"type":"Feature","properties":{"blockName":"Shopian","districtName":"Badgam","state":"Jammu and Kashmir"},"geometry":{"type":"Polygon","coordinates":[[[74.90505400703682,33.8129961388608],[74.90166445235263,33.81465771278329],[74.90253610855461,33.81700004381702],[74.90811136834503,33.81630513227611],[74.90938256905036,33.81787678658446],[74.90303042811183,33.825431329192554],[74.89919508308668,33.82242729318506],[74.89241869326816,33.825357913936614],[74.88068089300884,33.824283852717656],[74.87624185197996,33.82216026198654],[74.87272416009199,33.82540254818912],[74.86718703515362,33.82596848615674],[74.8652743471335,33.82837553060631],[74.87066701127361,33.8312494751832],[74.86258782037169,33.83687649995056],[74.8573384227301,33.836062093690714],[74.85984053271449,33.84027620977929],[74.86217608196068,33.841159850346855],[74.86411970665921,33.83922128883148],[74.87043706991489,33.837577679766184],[74.87870127564344,33.839263590242524],[74.87798469313913,33.84872423603474],[74.8754652118501,33.85063526660434],[74.87088203108095,33.849674268153024],[74.85868852635446,33.853901473873975],[74.8546885820125,33.85671620169143],[74.8512909388258,33.86250054576362],[74.85649268768742,33.86883090692089],[74.85707811756112,33.87533117789161],[74.86914774337373,33.8835627364312],[74.87016186387899,33.88716434136131],[74.86710868261969,33.88824490198067],[74.86521392887977,33.88619678055704],[74.8590630598124,33.88422421477577],[74.85608806201452,33.88735506778221],[74.8575523039957,33.890620479151835],[74.86421015597398,33.89692566288909],[74.87075474283716,33.898781323998946],[74.87332304292414,33.89451336460013],[74.88358494508918,33.89504786406775],[74.88733064389413,33.9021202243689],[74.89160806865749,33.91120594909535],[74.88585102080805,33.91302895402305],[74.8849284324013,33.915042143979804],[74.8209406966559,33.872259603697785],[74.81109196732046,33.87985007242298],[74.80439597509422,33.87597924284785],[74.80548334627946,33.87292906532417],[74.80837688438578,33.871075792813656],[74.7902920702229,33.862734447736614],[74.78754975671598,33.855806109364494],[74.78895299768277,33.85383487727779],[74.78735802035641,33.847837714039315],[74.78997190437997,33.847455285433114],[74.79696658394073,33.85243769324501],[74.7994319287406,33.85070687782019],[74.79638189330979,33.84064977916404],[74.79578975089635,33.82477263694767],[74.79377284943752,33.82115882372079],[74.75754472470936,33.80575296672606],[74.74191346613361,33.80123000815843],[74.74193507414441,33.80119113856023],[74.74085190279311,33.797312656653844],[74.72358415508472,33.79303794694374],[74.72013434762209,33.785939195137814],[74.72263485501458,33.782949996145476],[74.72487133584355,33.78160279733129],[74.73001764060172,33.78241539685314],[74.7360732327935,33.78420152777835],[74.74278434442203,33.78849303952222],[74.75727024352699,33.791619824895065],[74.76383286359584,33.7951197659645],[74.7749861602831,33.79704733326787],[74.78259360910783,33.80364444323652],[74.7869100005961,33.80382422131083],[74.79036083058793,33.80136795067045],[74.79109136247644,33.79710285111571],[74.78817666512106,33.792609373224025],[74.78008976073392,33.789967428554064],[74.77647094457848,33.782297406700025],[74.78068359207418,33.770468073442885],[74.78407236075088,33.77345021815307],[74.7886679116948,33.77421152484203],[74.79300751288645,33.77294908713071],[74.80191407107759,33.7763340031118],[74.80896909604701,33.77454671385982],[74.82095987200057,33.77821886700718],[74.84672709437996,33.767269307232766],[74.85732937375167,33.760826467867275],[74.86617302166769,33.76917558938197],[74.87090152838289,33.77056855559442],[74.87209594227397,33.77410913522846],[74.87839893346404,33.778030223416124],[74.8827934418639,33.783252901300386],[74.88353329162817,33.787836537126566],[74.88398719385395,33.79064862543379],[74.88715188205379,33.79246750786922],[74.89107858021237,33.79530995369146],[74.89370032161258,33.799942371443365],[74.89465115682549,33.802977654395306],[74.89162400914074,33.80888760228106],[74.89873155541699,33.80621545298084],[74.90505400703682,33.8129961388608]]]}},{"type":"Feature","properties":{"blockName":"Bijbehara","districtName":"Pulwama","state":"Jammu and Kashmir"},"geometry":{"type":"Polygon","coordinates":[[[75.08215532840575,33.878725434231455],[75.0827395343021,33.8786400939652],[75.08473194182574,33.880213241148226],[75.08873740170975,33.88501846363124],[75.09171432855345,33.885274748830625],[75.09313714955988,33.886061887646065],[75.09327642756512,33.8893631801667],[75.09167728367976,33.89018147869234],[75.09087915604829,33.89011414735006],[75.0900131448908,33.890081421020795],[75.08936595407556,33.8901224507905],[75.08783405160028,33.89117184180708],[75.08550864670673,33.89346797107004],[75.08533037769485,33.89436164177641],[75.08693750935862,33.89577977821426],[75.08793440424944,33.89671501108893],[75.08977128391768,33.89855018834055],[75.09165404519808,33.9027049239931],[75.09585918785132,33.90540014000453],[75.09821562565065,33.90588664175516],[75.10150228530227,33.907258722112374],[75.10370505234636,33.90845100191228],[75.10541075420298,33.910542252123264],[75.1050671151553,33.91359928967552],[75.10289491696687,33.91476529578182],[75.10171296857868,33.91536470381806],[75.10135038531212,33.91579476501647],[75.10114045566758,33.91627767757279],[75.10118091886437,33.91719773079069],[75.10508848124846,33.92279224056949],[75.10776408574401,33.92966556021747],[75.11019507104572,33.93444991303312],[75.11027093785356,33.94401920142508],[75.10956954220069,33.94618518889541],[75.10658644690704,33.947473215016885],[75.09664142805951,33.946254998769234],[75.09446381055648,33.94776597132255],[75.09807503733316,33.936862178047136],[75.09077699216454,33.93279881171583],[75.08623180235583,33.93768058988735],[75.08416534915159,33.93775667343181],[75.07643342336388,33.95469813091404],[75.07318177701745,33.956216612806486],[75.05586822863592,33.95180458471384],[75.05182370220217,33.9526526606918],[75.04623382932783,33.96879835935687],[75.0502557531006,33.972348557240196],[75.05663215504995,33.96975872198749],[75.0590061314279,33.97061318584991],[75.07100003612283,33.976784280670074],[75.07295179069263,33.97953510086427],[75.08057198381005,33.978282883948],[75.0891637208291,33.991547161072674],[75.09894356839101,33.99722715770719],[75.10181754804148,33.993858257752436],[75.10660397289507,33.99896512094364],[75.10992598399702,33.992508585802625],[75.11106885414438,33.97962771664584],[75.11837533225582,33.981405776155725],[75.12284898729098,33.979800577134995],[75.12407454200655,33.977717567411844],[75.12639904038349,33.97974316441554],[75.12667786259334,33.98206962151585],[75.12620915392938,33.982950707109524],[75.12215101175985,33.98688709006723],[75.12138866365598,33.9891355291814],[75.12133855882746,33.990166366284825],[75.12142976717007,33.99219205142208],[75.12010932678407,33.997372084354254],[75.12012682039648,34.00092329667285],[75.12043384804372,34.00549069703811],[75.11607222964972,34.01341766419392],[75.11685736117835,34.02061403830726],[75.11174662910372,34.028779609991034],[75.11097896960382,34.03831796979853],[75.11308459907502,34.04847298034383],[75.10851898746137,34.048211706605],[75.10052216546563,34.042549155918834],[75.08842022970987,34.04224172087879],[75.08443051695485,34.02875602796837],[75.0771785476519,34.02037609388168],[75.07465073414414,34.01407539146618],[75.07129841858722,34.013107480825624],[75.06351992770254,34.015661592308675],[75.05383417530697,34.00525180472704],[75.0503910471092,34.00525899570613],[75.04265399068919,34.009128379171386],[75.03845881971881,34.008409824453906],[75.03232735981987,34.00047559077592],[75.02093157083539,33.98890949357832],[75.01658901806877,33.988013286783826],[75.01317218874556,33.98949826533271],[75.00646755673239,33.987562443152285],[74.99632301609438,33.99087976159177],[74.99511369234307,33.98978357615118],[74.99786210055555,33.98315462208819],[75.01163933838484,33.97427426384627],[75.01396792777768,33.97039296346452],[75.01024296823846,33.96720594509833],[75.00705838073975,33.96662358191281],[75.0039705414074,33.96500237495968],[75.0042797337228,33.96423237182654],[75.00571959778125,33.96064657428002],[75.00669908629385,33.95820728283991],[75.0069958194016,33.95604394926892],[75.0046417342287,33.9526811458183],[75.00087820996146,33.94949490536567],[74.99910386465172,33.94689982976337],[74.99916461655386,33.94428266771098],[74.99917386338313,33.94388433819171],[75.00132765514724,33.931794797791724],[75.00062971199168,33.92620639261099],[74.99725711942057,33.92280043609128],[74.9936855365583,33.92098721578742],[74.98988802241433,33.92187192295091],[74.98391705103114,33.920879576831055],[74.98474283191621,33.91472457897618],[74.98325860969715,33.910204413702786],[74.9888004668681,33.90490970192127],[74.98642230414606,33.900782580851455],[74.99056850523237,33.90029976722053],[74.99478215637146,33.90201427973528],[75.01573355236161,33.89563205107834],[75.01515990000945,33.88682816219],[75.02468907683948,33.870548031066846],[75.03290919870062,33.860760159753625],[75.03480704520905,33.8611398454276],[75.03778530304936,33.865113710329524],[75.04470867716378,33.86720027057606],[75.05138834219827,33.8695316280822],[75.0479424611757,33.876436525625195],[75.05145691100768,33.878245475948006],[75.05258169488934,33.881120417873035],[75.04694946934256,33.88309059415565],[75.04214546723955,33.884954143219204],[75.04216278008829,33.88531816090443],[75.04675808371866,33.886825716034025],[75.05211805660309,33.88839213808677],[75.05226186899012,33.88974831303426],[75.05630880470761,33.892656904892306],[75.06749821367168,33.902058313240616],[75.06853602052098,33.90110686289148],[75.07229390064305,33.884086810957626],[75.07033179397718,33.880948656355486],[75.07331806207895,33.88156994939368],[75.07452541721432,33.88213373798169],[75.07633787938965,33.88237521404494],[75.08215532840575,33.878725434231455]]]}},{"type":"Feature","properties":{"blockName":"Chenani","districtName":"Udhampur","state":"Jammu and Kashmir"},"geometry":{"type":"Polygon","coordinates":[[[75.25451748519384,33.02108076416596],[75.27404775090304,33.018054097618574],[75.27818908126113,33.022351704967264],[75.28256482710515,33.02157032181293],[75.28772195520412,33.014616011919486],[75.29900411125078,33.00890332762651],[75.31849330941873,32.99379919857421],[75.33251572132355,32.9877072683758],[75.36750701473699,32.96104361617],[75.39270099935169,32.9476195277191],[75.41111848622921,32.93329481590308],[75.4134879875806,32.93361792972371],[75.41565166109535,32.93969410200128],[75.41693453500085,32.94568084569454],[75.41800701880891,32.954149775791564],[75.3975454601549,32.95042543588522],[75.39114709136521,32.95122801516084],[75.38462419435115,32.95473867435038],[75.37218670175491,32.968089886239284],[75.37289012987566,32.969993176344076],[75.38003033683066,32.97081722243689],[75.39482800930523,32.96793080426323],[75.40578793106823,32.97123532894733],[75.39892827122281,32.97477452542404],[75.38135395991736,32.989094726240694],[75.38368336409604,32.99905015743889],[75.38436938044259,33.00007822822772],[75.38611722812766,32.99920908293291],[75.38889568988424,33.00359558107124],[75.3926426702231,33.001640084422434],[75.39656867590372,33.00389394375054],[75.39675414308931,33.0095574063493],[75.40523780767876,33.02608696624054],[75.42101073465773,33.03068154771529],[75.42546658401568,33.03652800796124],[75.43219585655362,33.04071432420676],[75.43368275065848,33.0410879223698],[75.42689359406415,33.04625079443866],[75.4149878912782,33.05530458693721],[75.41179131671595,33.06041589817522],[75.41480523897064,33.06799185004388],[75.41340592804119,33.086066253654735],[75.4128032635598,33.098320233292156],[75.41214767037872,33.10593529757597],[75.40921479772481,33.111061401762356],[75.40932800168599,33.11847463209864],[75.41483358110492,33.12407410613514],[75.40615587519352,33.132581384223556],[75.39466877714239,33.13458230922623],[75.38395069027217,33.141528745555206],[75.38039416655761,33.14383374393219],[75.36900804978171,33.148750179277386],[75.36354427984469,33.14712102231738],[75.35589693259743,33.14669203041291],[75.35166034514884,33.151480468848604],[75.34408696264325,33.14973296920124],[75.33492880112334,33.15265813466522],[75.33178882899131,33.161476061071426],[75.32519114975179,33.17062908476453],[75.3143890383235,33.17928172117456],[75.30860959555645,33.177944238635746],[75.30080969001523,33.17613917967947],[75.29948865607668,33.166677657947616],[75.28297548902765,33.16186945511134],[75.27387337235831,33.157545585760204],[75.26727791264562,33.15903274786308],[75.25370417071099,33.158712085594345],[75.2515507458703,33.15659922197659],[75.24882600511609,33.134518442072476],[75.23886559077442,33.12091953350972],[75.25585377163429,33.103329821314276],[75.26629890167305,33.082540774537165],[75.25965325979018,33.0792215108641],[75.25813344330385,33.0765644737715],[75.24818054729445,33.07383803419799],[75.24427985932812,33.06969984517178],[75.23566960526813,33.06912204154901],[75.23305322922323,33.06309760097355],[75.22997289473335,33.06079692473833],[75.21526459238709,33.059574590495004],[75.21576113057176,33.055987434972224],[75.21823888871381,33.05466486858887],[75.21977171659148,33.05101300234821],[75.21293954092715,33.03851972300686],[75.21440948101281,33.03419570346898],[75.23621618892605,33.02378113149405],[75.23811061261472,33.023278988734376],[75.24260467326712,33.027053321953304],[75.24854038043429,33.022076537602175],[75.25161143212193,33.0226883661752],[75.25451748519384,33.02108076416596]]]}},{"type":"Feature","properties":{"blockName":"Kokernag","districtName":"Anantnag","state":"Jammu and Kashmir"},"geometry":{"type":"Polygon","coordinates":[[[75.21134737398216,33.66854326366075],[75.21673134527543,33.661785660679755],[75.22039673012506,33.659624941437926],[75.22288624060758,33.65854735937319],[75.22524957980431,33.658031418315375],[75.22668946814451,33.65692764889195],[75.22580480864508,33.65113484219927],[75.23611717356874,33.65071234339996],[75.24155399442134,33.648467543842116],[75.24175390561828,33.64672103974425],[75.24415147930739,33.64486818631781],[75.2466554958545,33.644589667179446],[75.24705201683719,33.64277918441189],[75.24709662770726,33.640774387827776],[75.25123690585855,33.63801510591247],[75.2552346045934,33.64103035196922],[75.25673431583607,33.64115204193325],[75.25860335526068,33.63480606584733],[75.26441125167798,33.63494572426583],[75.2671823300006,33.63539233209053],[75.27268033892653,33.637826181732976],[75.27905696031053,33.633931037187665],[75.27886568979983,33.63264832695876],[75.27754075100489,33.63073474141521],[75.2783520087383,33.6283997578426],[75.28092382067786,33.62712247142497],[75.28208507476643,33.62739920540906],[75.28503063325718,33.628916342815046],[75.28626073134774,33.629075456267344],[75.28785108525943,33.62888720118343],[75.28877692021877,33.62757009008766],[75.28882458878383,33.62624246231985],[75.28908750558395,33.62388539499506],[75.28965077526311,33.62074302616975],[75.29154832589455,33.620942913085],[75.29377304179252,33.620851765896305],[75.29756822939032,33.62068462059881],[75.306423565795,33.62406506155338],[75.30973937067546,33.62352203201624],[75.3104996899088,33.62043910568025],[75.31048770104661,33.615567318976616],[75.30644254328882,33.612035121923384],[75.31131912607685,33.61016023600615],[75.31234263280629,33.607250546075875],[75.31168484707808,33.604903129376],[75.30928936791008,33.60447323904879],[75.30764375335661,33.603503358892965],[75.30705560123505,33.60093244087949],[75.30477402480147,33.59854720229163],[75.29882612822331,33.59327250402288],[75.2979484861338,33.59030535011186],[75.2984479713968,33.58792302712607],[75.30163602668136,33.58548009972685],[75.30103491982572,33.58203432302565],[75.29946150734276,33.57844255128276],[75.29960762918881,33.57664174162312],[75.30046667419771,33.575610799299],[75.30564474840645,33.571105814581756],[75.31284049389376,33.55831317791086],[75.31542364358631,33.54918634517372],[75.31779991233617,33.52134832856257],[75.31749649996357,33.51418537685373],[75.3176536079277,33.51209507542745],[75.33027693643152,33.521174520188026],[75.33588695771698,33.52524395514445],[75.35825729503819,33.529584906218474],[75.36450627114755,33.54633042121202],[75.3724246192009,33.54961726162736],[75.38215910405944,33.55095453732207],[75.38460383909597,33.55774169742148],[75.3823582472354,33.56370971812902],[75.38251490194125,33.57327447123993],[75.38726205340112,33.5779208167923],[75.384033035796,33.58255974293786],[75.38434140253378,33.589625621825064],[75.39271785534481,33.60093014491031],[75.38750220656163,33.60679959362642],[75.3818136151063,33.62060370139977],[75.37442453156694,33.629798530078176],[75.36839939851347,33.644745690561194],[75.38560596354444,33.67279128239181],[75.39832380090274,33.67671725749551],[75.40515039177723,33.6811971124568],[75.40558581203567,33.690784677770694],[75.39787367942682,33.69912955448541],[75.39655760704801,33.70520597227784],[75.39884889795832,33.71134599372266],[75.39716751916575,33.72151901948723],[75.40213823938831,33.72944641741827],[75.41369745227564,33.738735551704394],[75.42023212231464,33.74938315061195],[75.4155516726716,33.761353332989984],[75.40751011659864,33.76760424264171],[75.40682027813341,33.77244613318254],[75.39878688340798,33.76992325515414],[75.39583347563445,33.77120833599594],[75.39596230441686,33.77844589546174],[75.39009626143337,33.77766472994341],[75.38735811898204,33.78232396817663],[75.39203691836917,33.79641911005393],[75.39840198616281,33.8031804757984],[75.39205320868871,33.819389145892444],[75.39086596509225,33.83270312225136],[75.38640405160578,33.83643442470901],[75.38439325024837,33.844513483410594],[75.39938695514394,33.86159302549777],[75.39948806142496,33.86624737231841],[75.38863008770846,33.872247134597615],[75.38301192216255,33.88026258874754],[75.37232844120467,33.89298783382151],[75.32926286718765,33.86934167058166],[75.33155760879669,33.86721080613387],[75.33088306779939,33.862303141876566],[75.32581480710769,33.85407570403055],[75.32670785008725,33.853082558413405],[75.3334698156795,33.85546381300463],[75.3364682246289,33.854541436837906],[75.33087477784875,33.847187423261005],[75.32433367765714,33.84429601115204],[75.30881773644944,33.82502290388396],[75.30935068188853,33.8167369408572],[75.30520588914055,33.811117357979754],[75.30654017009283,33.8090229385578],[75.30308221027582,33.801383238245876],[75.30498263873784,33.79769673821397],[75.31019385835992,33.793686831182356],[75.31014568437587,33.79064740595305],[75.30351956407668,33.780495983702735],[75.30576756612032,33.774436886852925],[75.29779345290558,33.758325488330684],[75.29959152682756,33.75659460185943],[75.3043793923951,33.75781148711047],[75.30531016013583,33.760964736833216],[75.31143175806926,33.760881917366646],[75.31379782670837,33.7640645065718],[75.31856338099527,33.764919485745736],[75.32566938943086,33.758826008713356],[75.32952475156611,33.760365477185076],[75.33370183087487,33.764575363762106],[75.33877886085583,33.77223495437971],[75.34514908086544,33.77379612169369],[75.34591456220733,33.77219762082359],[75.34244910384314,33.76295526567304],[75.34515910560827,33.76095269670964],[75.34619788372544,33.754099065919206],[75.33658784435357,33.74766131671646],[75.33477772761012,33.744592374838305],[75.33565499018573,33.737275567113784],[75.33351838896255,33.73594517932662],[75.32166765004206,33.744454495278774],[75.31529443259205,33.74291702330203],[75.31246415999306,33.735914776845505],[75.30800187058992,33.73731749440691],[75.30333443593554,33.73508238144677],[75.30078323196062,33.723151032694034],[75.28993082774554,33.71611983076565],[75.28783622486196,33.71293772539576],[75.28828686974327,33.70325359267923],[75.27513767436426,33.69121280632601],[75.27144509401592,33.69128952928838],[75.26848029542936,33.693678484774296],[75.27382940540281,33.70445857989961],[75.2720092567219,33.71089061930667],[75.2655444900862,33.71561634621747],[75.26746180691691,33.72022747431856],[75.2723409203972,33.71908188282271],[75.27487674326716,33.72023056528843],[75.27071405401045,33.73189389718567],[75.26484443442314,33.74200300273645],[75.26355758461489,33.75249015719504],[75.25857592773696,33.75878739542202],[75.26442205343506,33.76214868801162],[75.26921760910545,33.7623718403882],[75.27106178497343,33.76118675966126],[75.27389111778092,33.762444627018],[75.2500445658041,33.77132420914501],[75.25145308399271,33.77689326181462],[75.26142090335208,33.778716835113926],[75.26241303723197,33.77928727238975],[75.26228084588439,33.783092649306354],[75.25560525567806,33.78978172304812],[75.25055068266795,33.79863272112323],[75.23627218161596,33.78431612389005],[75.23336408978099,33.78418631304794],[75.23680175999328,33.77185090789311],[75.22830886116509,33.779829033882834],[75.22251649424089,33.77910715976765],[75.22280145971962,33.77291014648614],[75.2040727804345,33.773259938695276],[75.20304785637353,33.77600572268602],[75.19810578405475,33.7778161011322],[75.19002160551275,33.77834907445026],[75.17414200185198,33.785783542276704],[75.16914407893614,33.79117993590535],[75.16543634141408,33.807690771012346],[75.16241724356098,33.805494633770365],[75.15066745983546,33.81403287102023],[75.14649885034174,33.810601480773755],[75.14027265585844,33.81595771517647],[75.13391199564217,33.81806654173755],[75.13041447914497,33.821101902930536],[75.12541775862275,33.81921943482911],[75.1294522666089,33.81202376848216],[75.13215989955978,33.81142348990221],[75.13676055235766,33.80957714037277],[75.14053637485387,33.8056410847683],[75.14438259897781,33.79629504138313],[75.14346675728507,33.79506429667998],[75.14773854509781,33.79126013924406],[75.15441737825944,33.791378529595534],[75.15774610909574,33.79316128626442],[75.1666317634452,33.781284730505945],[75.16446890471622,33.77421314721903],[75.1663218723566,33.76346010280156],[75.16161474972097,33.7631350437473],[75.15943456735147,33.76723891734224],[75.15815158103072,33.76652494916715],[75.16009421107901,33.75995256875609],[75.15366625549336,33.7582053982606],[75.15360811432305,33.74933419151978],[75.15483243606815,33.74465235512213],[75.15858063858565,33.73878552523183],[75.16239211110712,33.73596924068795],[75.16592801696447,33.72920166242682],[75.17118200204783,33.70809876124889],[75.17819456912412,33.706898173511945],[75.1796551526632,33.695074878303046],[75.18718033510442,33.69634821579757],[75.18932547718907,33.69389550287519],[75.19673015857,33.693252060434304],[75.2012188682562,33.69031645474064],[75.20246198223475,33.68527069958316],[75.20670969699495,33.68448370016267],[75.20750893259122,33.67952163321684],[75.21315269733918,33.67723251237061],[75.20958422523188,33.67085814109038],[75.2098268506287,33.66988984464069],[75.21134737398216,33.66854326366075]]]}},{"type":"Feature","properties":{"blockName":"D H Pora","districtName":"Shupiyan","state":"Jammu and Kashmir"},"geometry":{"type":"Polygon","coordinates":[[[74.8827934418639,33.783252901300386],[74.87839893346404,33.778030223416124],[74.87209594227397,33.77410913522846],[74.87090152838289,33.77056855559442],[74.86617302166769,33.76917558938197],[74.85732937375167,33.760826467867275],[74.84672709437996,33.767269307232766],[74.82095987200057,33.77821886700718],[74.80896909604701,33.77454671385982],[74.80191407107759,33.7763340031118],[74.79300751288645,33.77294908713071],[74.7886679116948,33.77421152484203],[74.78407236075088,33.77345021815307],[74.78068359207418,33.770468073442885],[74.77647094457848,33.782297406700025],[74.78008976073392,33.789967428554064],[74.78817666512106,33.792609373224025],[74.79109136247644,33.79710285111571],[74.79036083058793,33.80136795067045],[74.7869100005961,33.80382422131083],[74.78259360910783,33.80364444323652],[74.7749861602831,33.79704733326787],[74.76383286359584,33.7951197659645],[74.75727024352699,33.791619824895065],[74.74278434442203,33.78849303952222],[74.7360732327935,33.78420152777835],[74.73001764060172,33.78241539685314],[74.72487133584355,33.78160279733129],[74.72263485501458,33.782949996145476],[74.72013434762209,33.785939195137814],[74.72358415508472,33.79303794694374],[74.74085190279311,33.797312656653844],[74.74193507414441,33.80119113856023],[74.74191346613361,33.80123000815843],[74.74114260594655,33.80261666832462],[74.74046695518587,33.80383206160042],[74.73418567632797,33.8044692447599],[74.72552053574418,33.80398750581878],[74.72108532133058,33.80436025232382],[74.7159267300346,33.806011503827904],[74.711079433669,33.80442834719054],[74.70865124615813,33.80186898096872],[74.69616267926432,33.805927889360646],[74.69254014800947,33.80903480511222],[74.68528803301638,33.809359361445445],[74.67728909041926,33.798614868681284],[74.67384633723873,33.7974053929446],[74.66876641054148,33.798265555810815],[74.6657437900439,33.79731742935593],[74.66174271885143,33.79494489728921],[74.66020599421131,33.792357447937945],[74.65472116125267,33.79517981909345],[74.64586538418018,33.79602166097095],[74.63748098495955,33.796574083926885],[74.63305175013824,33.79760596244529],[74.62924776986875,33.79669616329733],[74.6262996042434,33.79375505285344],[74.62400528801368,33.78498621684048],[74.6201451405858,33.7822934910518],[74.61717594881105,33.78435019290714],[74.6139454194456,33.786826979781324],[74.59257593223356,33.78955905360749],[74.58983011586719,33.79183533843019],[74.57494129170732,33.78208994569451],[74.57465655105904,33.7795195924553],[74.57942727285041,33.778505489936435],[74.57445163783285,33.763301387748925],[74.56894770777058,33.75354920333314],[74.56827605359706,33.74416869343048],[74.56193403722608,33.73818933407057],[74.55756725492495,33.72500855629988],[74.56004407867135,33.720223882426296],[74.56756576005182,33.71845517226842],[74.56607225233262,33.71040186115704],[74.55726358804424,33.689394159512915],[74.5618925434062,33.675512844042544],[74.5673292743266,33.66744714117266],[74.56901330701857,33.659015645355794],[74.56322268387981,33.64766092930847],[74.56334565447844,33.638894383868774],[74.57439167103882,33.63278627846404],[74.57862874052404,33.62094591771995],[74.583104240968,33.614432493264985],[74.59656275726547,33.61493443097925],[74.60446029860395,33.61003477068817],[74.6126094450699,33.60952277585545],[74.61909524415023,33.59364297524314],[74.61754160326245,33.59175374244131],[74.64866611944592,33.593282134862704],[74.66310437696546,33.580020097049896],[74.66889737521376,33.57965260348493],[74.67214809885576,33.5850616550714],[74.67826219464462,33.5841502290499],[74.68282947719865,33.59590517218601],[74.68922213259538,33.593754965119615],[74.69367096274482,33.588986900824864],[74.7072858621529,33.592259468099996],[74.71409534162677,33.59013264430615],[74.71615404897022,33.5944294881304],[74.71735572578615,33.59909639128546],[74.73227346135121,33.61268636868101],[74.74424647659367,33.611685473605746],[74.7481168358234,33.60604868759691],[74.76119239831058,33.60030108083026],[74.7707620599212,33.58996637944489],[74.77951942598077,33.58293119621777],[74.79005897044516,33.57766853087804],[74.79809553977742,33.57602867828092],[74.80719552145621,33.577793565420734],[74.81852194932856,33.57341131298176],[74.82098018858488,33.5668590414117],[74.81474358085165,33.5587736757646],[74.82589666979555,33.55375449557357],[74.83498496028773,33.55572779520162],[74.84373623433981,33.559981934718564],[74.84792988815389,33.556035828290874],[74.8537182917658,33.55656115557292],[74.85396214563656,33.55658328698917],[74.8603116056961,33.57011074621403],[74.87168479831485,33.5648948456207],[74.87681325962427,33.56664601180404],[74.88341789691844,33.57935151496048],[74.88525642594334,33.57925822558667],[74.88928850755866,33.57905363341848],[74.89332051363084,33.57426218675056],[74.90689067806238,33.57460529429892],[74.91370778828389,33.57979627377904],[74.91704035023201,33.58374644244441],[74.92361600507462,33.585787857623586],[74.92805874411579,33.59230911697222],[74.93424095725442,33.59391032660034],[74.94564922343295,33.58806918944157],[74.95398570407701,33.588536839603535],[74.96065285864256,33.59267406725445],[74.96819056504262,33.592025292733126],[74.98620976017236,33.58804475935818],[74.99868549913651,33.57808214797279],[74.98748033135229,33.5973427816441],[74.9853655989433,33.60678839886555],[74.98630948959135,33.61308207757588],[74.99179380274188,33.61884994067225],[74.99959496193799,33.62554424037444],[75.00652427427588,33.62856160523393],[75.0086197486026,33.62658895131909],[75.0218779409143,33.623212247047604],[75.03636885284033,33.61946557607553],[75.04608657073868,33.62081202305649],[75.05272778615847,33.63244175268477],[75.03417515995574,33.65015400290497],[75.02344632708639,33.66885785550568],[75.02707193402262,33.6703778914266],[75.02985271692938,33.67370316796689],[75.03302133966315,33.67843072140073],[75.03885839210119,33.68390911071691],[75.05302807428626,33.69372073402468],[75.05629716478239,33.70307320756251],[75.05730078930003,33.71290750817502],[75.06181442909269,33.7198065394403],[75.05952884617938,33.72719345291557],[75.05133470843009,33.73129405028027],[75.04486940759716,33.728036305631065],[75.03990976882085,33.723146447050965],[75.03649754672443,33.72444778763537],[75.03817866831093,33.73009727476949],[75.03737630936922,33.73573958081704],[75.03335893706537,33.73892636176225],[75.02664378118561,33.73857679528294],[75.01363205707383,33.734647719316854],[75.00355739555744,33.73525217434843],[75.00039159759422,33.73335244376034],[74.99913947061015,33.73049601797692],[75.00056078255415,33.72756939381253],[74.99887255182688,33.723207377018866],[74.99242644702298,33.727924535189175],[74.98215681338627,33.72408820720506],[74.97881600915156,33.72421174617517],[74.98088991323897,33.73189060476767],[74.97083122638003,33.7302596518615],[74.97192994700953,33.73576948327508],[74.97858213056094,33.74085021126831],[74.98107864766149,33.74056649674645],[74.97881471322847,33.746483723744916],[74.97164587365819,33.73945962825928],[74.9659907243925,33.73626406993094],[74.96248639463147,33.735805520908116],[74.95441970700392,33.74170878683111],[74.94718461078122,33.738033121831165],[74.93576873723748,33.737042004185184],[74.92918186515101,33.74067408174352],[74.92580317967304,33.74145297557442],[74.92251134891967,33.74119956640692],[74.91864623003954,33.74027724240085],[74.91344378060603,33.74407535729193],[74.91530897363026,33.752797717240924],[74.91306384042394,33.75897659659273],[74.91614502387381,33.764241030898916],[74.91491414966833,33.76938944456725],[74.9119454893929,33.76831043168113],[74.90499620940761,33.77078550534685],[74.9072667133882,33.77416038669253],[74.90975070383195,33.77769993030756],[74.90926578488813,33.785227430301745],[74.90622156807098,33.78423659864018],[74.90364308226248,33.77949759234008],[74.8827934418639,33.783252901300386]]]}},{"type":"Feature","properties":{"blockName":"Doda","districtName":"Doda","state":"Jammu and Kashmir"},"geometry":{"type":"Polygon","coordinates":[[[75.43368275065848,33.0410879223698],[75.43377758416824,33.04101580483558],[75.44072258338059,33.03981820824379],[75.44464143585361,33.02654693978951],[75.46078345089558,33.0261634589765],[75.47015623382316,33.020971250123125],[75.4752985482894,33.0192416029177],[75.48006468084043,33.024217903433566],[75.49766615796688,33.02823246085944],[75.50489549313255,33.02527447913394],[75.51141451676659,33.026312880435114],[75.51059894588468,33.032103429829476],[75.5099760853281,33.03652574166972],[75.50742759280922,33.05400112215409],[75.50451502954502,33.06674358654732],[75.50329244888746,33.069086864567225],[75.50014618419908,33.07511720559461],[75.50014618419908,33.08167047361354],[75.50123839463623,33.08822374163242],[75.50014618419908,33.0929566568243],[75.50160246628087,33.09659736157903],[75.50860053808441,33.101050680244725],[75.51361679008284,33.10424284003511],[75.52162633928418,33.11662123458234],[75.52527584030781,33.11912190115487],[75.53507512581643,33.1258364490929],[75.54302027096878,33.12830501796225],[75.5499328217424,33.13409661416745],[75.55023559109969,33.13509142892633],[75.55030647296542,33.14156964222525],[75.55647172129295,33.14792171571469],[75.55999843607901,33.165668796677664],[75.57534168856813,33.16499988993303],[75.58361483625572,33.16594415829633],[75.58434618652734,33.16964966729836],[75.59016176135628,33.177115606899804],[75.59579694297457,33.19367465016501],[75.59638031070284,33.20155011314728],[75.60338072164302,33.20869636624434],[75.61198911050911,33.21260546826778],[75.61598867263916,33.218772612366195],[75.61495478503537,33.2196430400943],[75.60402154705679,33.22920373906135],[75.59593300770223,33.23052135287816],[75.5857544511071,33.22892855011253],[75.57670993601477,33.23685605776092],[75.57365839511891,33.24189912844207],[75.5670379369513,33.24441217688053],[75.55571276093525,33.24359383428805],[75.55251978995642,33.25621901269733],[75.55353759318541,33.26336183488081],[75.55187861200841,33.26591212244654],[75.55668028666594,33.27522654027268],[75.55186747120689,33.27685358022859],[75.55291652317908,33.285380247700346],[75.5500823682068,33.29013372139417],[75.55458993128036,33.2896971086347],[75.557293388679,33.29582621500788],[75.52871817710223,33.300844929350035],[75.51815277533035,33.30478090311624],[75.50857119230676,33.29860487641395],[75.49850281885006,33.290966740922386],[75.49151947524365,33.28690332332974],[75.4913413519219,33.285414480394024],[75.48892511909901,33.27390743178262],[75.47852595071214,33.24919916920635],[75.47282634166237,33.245899621370484],[75.45229948413396,33.243110901946636],[75.44421177125628,33.238509857044335],[75.43837601204336,33.23080338476842],[75.43705087719627,33.21885785460637],[75.45315762892147,33.22310663955983],[75.47375016843557,33.22466045041949],[75.47782222041917,33.223217164440655],[75.46558645565045,33.20181671087255],[75.44487761670871,33.18971084597882],[75.41894022461173,33.18113342526743],[75.42362906492946,33.171403948733314],[75.43444505829285,33.16435053714764],[75.44008739042079,33.16271131407592],[75.4425991447348,33.14914074674812],[75.44186816228591,33.137129083140735],[75.4456922585909,33.12361301832618],[75.4211596596906,33.11697062929119],[75.41383035498694,33.11330270655469],[75.42433610832478,33.10573550958617],[75.42405908116172,33.10253647627741],[75.42923065866802,33.09122524784698],[75.41957490675662,33.087874197636154],[75.42847994419412,33.07437933343954],[75.42729909387816,33.070595872101876],[75.43134850003332,33.057339768915256],[75.42689359406415,33.04625079443866],[75.43368275065848,33.0410879223698]]]}},{"type":"Feature","properties":{"blockName":"Bhaderwah","districtName":"Doda","state":"Jammu and Kashmir"},"geometry":{"type":"Polygon","coordinates":[[[75.82503333661924,32.930397228149616],[75.81546933983822,32.94443798982144],[75.80799146983054,32.96699567481062],[75.80707349854316,32.97027414613501],[75.79776264023371,32.979847282725984],[75.79055000367975,32.982470059245884],[75.78058345056587,32.98469941924287],[75.77468220272152,32.99492824973896],[75.77271512010674,32.99991152629593],[75.76807927683723,33.00897150523082],[75.76474905852228,33.01230172354576],[75.76141884020734,33.01327303722093],[75.75350957081008,33.0154931827642],[75.74102125122982,33.021876102100464],[75.74129876942271,33.03047916608068],[75.74805667907253,33.04199995363501],[75.74865836868884,33.04701402927407],[75.74546654884222,33.066680744620726],[75.73925941818766,33.07687817258966],[75.74539265424767,33.080720681614196],[75.74753559209398,33.083233091534],[75.74901347858923,33.0840459293762],[75.75344714437028,33.08397203568097],[75.76102803441631,33.08951422470176],[75.76244857204404,33.095754441414385],[75.76452864368201,33.098138913779906],[75.76792995880061,33.100988374314056],[75.76909945787372,33.10594482589306],[75.77349900517498,33.11117973006054],[75.77795424299399,33.11262768172219],[75.78571458735837,33.114838850232786],[75.79431350276599,33.11631478340058],[75.79582410659731,33.119195894674874],[75.78326661026591,33.12248016302914],[75.78162447608878,33.124025701025346],[75.77958952433715,33.129344418410255],[75.77944809785151,33.133728636767216],[75.77874096632257,33.13627431171017],[75.77831668686565,33.13867856016748],[75.77012735689209,33.15287037916471],[75.76816914878725,33.15636717800294],[75.76656062137562,33.156576986238974],[75.76208471893472,33.15384948276744],[75.75844804763932,33.152660571827994],[75.7560002881828,33.15021281237142],[75.7524319167996,33.14020211513554],[75.75121262766072,33.13906991814224],[75.7509483519849,33.13882451923621],[75.73982161407628,33.13416188606226],[75.73494704307166,33.13225444468691],[75.72552040784063,33.13437576013325],[75.72199053553487,33.138036367784196],[75.71989875922043,33.13829784027314],[75.71558447124642,33.136990479627],[75.71244680677478,33.13359134356568],[75.69806584686143,33.12077921588815],[75.69427450296598,33.11724934358239],[75.68747623084346,33.11777228766101],[75.68342341355975,33.119602590587135],[75.6757099904238,33.120387007154704],[75.66342080592551,33.12274025595809],[75.65663936101777,33.123629625207116],[75.65234647061317,33.125734111639986],[75.64664903072827,33.130834576154825],[75.64495223665648,33.13235358055334],[75.64442452707033,33.132899487021746],[75.63959839265175,33.127626134138836],[75.64473157989858,33.11548131331199],[75.64381821943533,33.112377214237085],[75.64040641462441,33.11063659170537],[75.64082961939147,33.10660565043048],[75.63662283097892,33.11105760662332],[75.62873825966301,33.111563010324744],[75.62438945121227,33.11036166895593],[75.62309237611231,33.11213441886838],[75.61261076867208,33.11537727164381],[75.61019837595433,33.11295299078796],[75.60809288407938,33.116396987730866],[75.60436059686413,33.116890295550775],[75.60239985716771,33.11958983460323],[75.59518438864865,33.112702418981485],[75.59914970189726,33.109638083430866],[75.61346151833447,33.106975337441895],[75.61308696509144,33.102026917708145],[75.60922961095781,33.09903719620968],[75.60470480967928,33.09701798978847],[75.60392141024494,33.098248461997],[75.59672344882813,33.097963481229726],[75.59453108783947,33.100073537164064],[75.59197384671569,33.09924268410265],[75.58977341071437,33.09489189894202],[75.59475936994903,33.088517471903856],[75.60159440096089,33.08807450093752],[75.6017014868342,33.083454127805794],[75.60305949819735,33.08126330465785],[75.605203258024,33.08198562303812],[75.60597532510121,33.0727626950424],[75.60933649088639,33.0696682393978],[75.604393271932,33.06408589564762],[75.57518467683144,33.05528872019835],[75.56810960867153,33.05054545830632],[75.56411125702897,33.02751847199994],[75.56585895722515,33.023648565129236],[75.57215011603506,33.02408411399074],[75.57878310715472,33.02651081762019],[75.57991556944802,33.02554013616839],[75.58379829525518,33.02440767387509],[75.58848992257191,33.02246631097154],[75.58954858559878,33.01921652442314],[75.59415223223976,33.014215517732],[75.59969944307488,33.01669518333608],[75.60105606948207,33.01878230116233],[75.60408239068983,33.019199725087276],[75.60669128887196,33.01826052170577],[75.61253521932497,33.01053818538901],[75.61670945497741,33.007616219712816],[75.62895518513375,33.00884740868099],[75.6316697833339,33.00674578479021],[75.6330708668271,33.006307946254765],[75.6383249283528,33.00595767470696],[75.64174006784992,33.00560740405848],[75.6471692651495,33.000353343432096],[75.64831231875854,32.997114691389925],[75.65392972167939,32.97314518140507],[75.65989587719304,32.9591885576059],[75.65989587719304,32.953978669879746],[75.66042749883007,32.94930040379063],[75.66074647127266,32.94706759489367],[75.66360879121282,32.938718783645015],[75.67018504680254,32.93288704979756],[75.6698902085663,32.93849695776845],[75.67303657757606,32.941221351384286],[75.7183405093071,32.941189665570676],[75.7252164073114,32.943984578625475],[75.73126438764143,32.95298194136353],[75.73638111010018,32.954855290339424],[75.76272585641323,32.95215553904694],[75.76369443255209,32.947910010538635],[75.77408608260669,32.933893687044076],[75.77606353080733,32.92327146970263],[75.78107989072441,32.92105673807805],[75.78823114764941,32.909288726893294],[75.79487274168372,32.905683444635315],[75.80254633564493,32.90387427667656],[75.80423201409621,32.899286986905],[75.80846841178783,32.896095009677026],[75.81670400018953,32.90441899963719],[75.818481000298,32.91076700009705],[75.81504099994225,32.91994899994643],[75.82503333661924,32.930397228149616]]]}},{"type":"Feature","properties":{"blockName":"Marwah","districtName":"Kishtwar","state":"Jammu and Kashmir"},"geometry":{"type":"Polygon","coordinates":[[[75.40682027813341,33.77244613318254],[75.56066584725113,33.76855725061665],[75.56901385810312,33.76713662035877],[75.59919288104669,33.75048594786824],[75.60844676460658,33.75387634072058],[75.62440888736035,33.75264150320288],[75.63927086765648,33.73373368526143],[75.66881440446127,33.6808320938261],[75.67218964103915,33.680086695244825],[75.68126822514853,33.67808175027261],[75.68600366383805,33.63900413263468],[75.69403072014165,33.65763820324054],[75.70566810569858,33.67362769596144],[75.72714584160735,33.685857541392465],[75.74960799611216,33.69339309571484],[75.74891149187192,33.68454176309194],[75.75561255807315,33.68926052025688],[75.7581049283998,33.69651394736081],[75.75982879836039,33.69595252219119],[75.77546881903083,33.713315997335485],[75.78394027532352,33.71321467971376],[75.78737690142293,33.7222514372541],[75.795906250673,33.726990951671155],[75.81836824329986,33.73189232067409],[75.94712442165479,33.78695860905259],[75.94512313962127,33.80039052340396],[75.96368415559937,33.82033738835986],[75.97222722490653,33.83601560323757],[75.97490136980241,33.85382049442035],[75.97275770890121,33.86783099390527],[75.9689745893059,33.89255663767875],[75.94851176800375,33.967897625375144],[75.94665829584375,33.99411492336509],[75.94238913225269,34.00124084638799],[75.92657553613213,34.007705166959965],[75.8633682185685,34.05111416148941],[75.84942203409963,34.06786393027619],[75.83699750163345,34.07031071216966],[75.82234264869436,34.08105320304293],[75.82161189467325,34.087679949270296],[75.83076561713955,34.099435909539636],[75.83630073569043,34.11309037192319],[75.83380013566779,34.123844651109835],[75.82306243818101,34.142076482843436],[75.81574661161687,34.14758062514579],[75.78347290215277,34.15165445149182],[75.77985421909699,34.14902385626601],[75.78034637128803,34.14043619767244],[75.77795494266655,34.135183477935186],[75.76831767811842,34.12951550523644],[75.75538157979611,34.134428308219924],[75.74613415516717,34.13605231206458],[75.73667141395464,34.14143341631916],[75.72115870760001,34.140358789245056],[75.72025505622594,34.12059421974749],[75.71691121138338,34.10498960988264],[75.71022352079888,34.09384346010768],[75.70465044636109,34.06374885562525],[75.69907737102392,34.052602705850234],[75.66452430555233,34.00355964576107],[75.64111739075503,33.96454812109897],[75.60990817102532,33.928880441279375],[75.55194819075643,33.916619676257085],[75.53857281228551,33.91550506100981],[75.51850974233082,33.916619676257085],[75.43491361677007,33.938911975807116],[75.40927747237748,33.92442198118954],[75.35960970542362,33.899595889438785],[75.37232844120467,33.89298783382151],[75.38301192216255,33.88026258874754],[75.38863008770846,33.872247134597615],[75.39948806142496,33.86624737231841],[75.39938695514394,33.86159302549777],[75.38439325024837,33.844513483410594],[75.38640405160578,33.83643442470901],[75.39086596509225,33.83270312225136],[75.39205320868871,33.819389145892444],[75.39840198616281,33.8031804757984],[75.39203691836917,33.79641911005393],[75.38735811898204,33.78232396817663],[75.39009626143337,33.77766472994341],[75.39596230441686,33.77844589546174],[75.39583347563445,33.77120833599594],[75.39878688340798,33.76992325515414],[75.40682027813341,33.77244613318254]]]}},{"type":"Feature","properties":{"blockName":"Ramnagar","districtName":"Udhampur","state":"Jammu and Kashmir"},"geometry":{"type":"Polygon","coordinates":[[[75.17940721856831,32.83312788574341],[75.18196723589926,32.829000811438334],[75.18235360803266,32.82361012670606],[75.1836180943996,32.82124392766519],[75.18186786171253,32.819396030402515],[75.18485705261094,32.81539628211277],[75.18514570081351,32.81527670105896],[75.21063451107386,32.82802110618917],[75.21745030558719,32.82574917498448],[75.22407677212539,32.819880018548076],[75.23070323866358,32.808520361625426],[75.23430046299603,32.80511246436879],[75.24395617173997,32.80605910244566],[75.2441454997151,32.79905398085657],[75.2488786900995,32.79167020421659],[75.25569448461283,32.7922381863433],[75.26553952043258,32.78920894503682],[75.26667548648459,32.785611719805104],[75.27140867686899,32.78390777162639],[75.28049640258695,32.78826230695995],[75.28617623104827,32.78617970283108],[75.28901614527894,32.78049987436975],[75.2968665909205,32.77381355794938],[75.30136507803599,32.77361797159216],[75.30253859617932,32.76853272630433],[75.30596135833008,32.765794516403844],[75.31153556951097,32.76471879143912],[75.31613184980506,32.765794516403844],[75.32082592327777,32.763056307402735],[75.3347125564394,32.763936446010234],[75.35680514893852,32.75556814015761],[75.36413525583743,32.755807165568285],[75.37847677058653,32.76417304864731],[75.38230117356039,32.76847550334185],[75.38887623305175,32.76788669471523],[75.39118814451729,32.76957616830555],[75.40474455381815,32.76710215224256],[75.41087140469165,32.7743493767224],[75.42618485994336,32.778972372277224],[75.42633409704098,32.7971855340852],[75.42376061685906,32.806659409803956],[75.43888849880523,32.820822164511355],[75.44573880480203,32.82467546270249],[75.45207533890584,32.81928084613418],[75.46206509992447,32.81405761426754],[75.44797894407304,32.78937605885807],[75.45476251677678,32.78497929945513],[75.45790305907894,32.78070816095294],[75.47286089721268,32.7768667059338],[75.476905006361,32.77011468054815],[75.47569230565546,32.767222856549665],[75.48108490324574,32.76043332673669],[75.48560609194766,32.76487275627272],[75.48755241011571,32.77001859788004],[75.48553078901477,32.7771610099727],[75.48651654849999,32.78620197004494],[75.49043677513714,32.7950344501798],[75.48844600078235,32.79995987694684],[75.49080248894376,32.80657320079263],[75.49421904757105,32.81116295200866],[75.49471995556155,32.81555160132541],[75.50077135961061,32.819753255508374],[75.50663025028587,32.81869625532795],[75.51467652869889,32.820380454394524],[75.51431018176953,32.82221218904135],[75.50675739823538,32.83165316935833],[75.4907935577765,32.840235878982696],[75.48186754005496,32.848818588607],[75.4745100919672,32.848970265565356],[75.47117056836709,32.858327592744274],[75.45147593716484,32.85935513922834],[75.44376934168184,32.868003651347465],[75.45370419819022,32.8860224417823],[75.46667826409066,32.901727889930214],[75.47309701241727,32.9149750943252],[75.4759649630127,32.9170236303363],[75.47471231532114,32.917837038348694],[75.44632946603207,32.93600673592215],[75.44032042634666,32.937645565990124],[75.42584409962558,32.937372426596255],[75.421747026704,32.93983067124856],[75.41565166109535,32.93969410200128],[75.4134879875806,32.93361792972371],[75.41111848622921,32.93329481590308],[75.39270099935169,32.9476195277191],[75.36750701473699,32.96104361617],[75.33251572132355,32.9877072683758],[75.31849330941873,32.99379919857421],[75.29900411125078,33.00890332762651],[75.28772195520412,33.014616011919486],[75.28256482710515,33.02157032181293],[75.27818908126113,33.022351704967264],[75.27404775090304,33.018054097618574],[75.25451748519384,33.02108076416596],[75.25501371491106,33.0138568501136],[75.24927571290391,33.00965342966208],[75.24679441413099,33.00239021163901],[75.23677340706712,32.9958872175211],[75.23549412955049,32.98853137202525],[75.2304469741486,32.982486119339],[75.22702735422905,32.979388346095334],[75.21817657199125,32.977940036503526],[75.20574487102903,32.96584319001124],[75.20463618501196,32.94734042132342],[75.20738623538654,32.94308873605638],[75.20786853640391,32.932530260862904],[75.21064196375568,32.92404357275274],[75.20853415882442,32.92188029943634],[75.20548338864751,32.92138108217125],[75.20307287281486,32.91820558681843],[75.20205726842823,32.91369884212793],[75.20332677391156,32.90989032567802],[75.20110513999026,32.907414789760765],[75.20243812052291,32.90646266042347],[75.20873324264511,32.90933674259662],[75.21474919901635,32.90996586153534],[75.22048205150554,32.91365879441787],[75.2241671198168,32.91277645426999],[75.22541277707808,32.910804163681235],[75.22203912240764,32.903953050992584],[75.22595115442232,32.89132776286601],[75.22197271376979,32.881885177259164],[75.22098510258047,32.867334371384175],[75.21775890614867,32.86371313065649],[75.20566577925234,32.86003072883511],[75.20462315923146,32.85735901480672],[75.20618708926281,32.854296317820854],[75.20342952235461,32.848638797942215],[75.20136497121649,32.847128304727505],[75.19289368309705,32.8468676497223],[75.1900916411164,32.84543404674389],[75.187419927088,32.83872217968491],[75.17940721856831,32.83312788574341]]]}},{"type":"Feature","properties":{"blockName":"Akhnoor","districtName":"Jammu","state":"Jammu and Kashmir"},"geometry":{"type":"Polygon","coordinates":[[[74.7384369766852,32.99270290161769],[74.73537554864271,32.98768817217149],[74.73344222208095,32.98843459238259],[74.73162854492148,32.987377754080114],[74.72361373288754,33.00369346058477],[74.7072582538654,33.01898187331483],[74.70715899479183,33.014127991213854],[74.7038452412649,33.01089827483554],[74.69815000741698,33.00865050841429],[74.69691369950766,33.00600047524176],[74.69464976957124,33.00402253421265],[74.68362320354805,32.994388885838475],[74.67861297970529,32.99582277749926],[74.67404162861834,32.990727393254645],[74.67130520117416,32.988531746143224],[74.66247832201702,32.98796642600979],[74.65981278003585,32.985556372428675],[74.65440620518228,32.99501074275162],[74.64777093428125,32.99137955911942],[74.64164282885355,32.99046233966527],[74.6407610903521,32.986247950182815],[74.62896359939066,32.97948179464913],[74.62577250619626,32.973484022569664],[74.6104328698811,32.97399801299798],[74.6143460584239,32.9651805686284],[74.61663664696374,32.96390717717452],[74.62163310488393,32.965962846608136],[74.62602580025055,32.961431640357944],[74.63082565288164,32.960397848981586],[74.63371850930184,32.95711178378184],[74.64024190903694,32.9562672727165],[74.64277943971945,32.94067729482134],[74.64766601577406,32.932867324067786],[74.6531289862138,32.9097130953831],[74.65794242130573,32.912095793386186],[74.66404433667685,32.91059002610888],[74.6638650424378,32.92246490463168],[74.67650095695365,32.9118840210308],[74.67381360101695,32.908113628641104],[74.67616807289829,32.90140258626042],[74.67381822443156,32.89820527785133],[74.68066130437575,32.89369972925914],[74.67624960723367,32.885160226663174],[74.68072754304171,32.88039168842573],[74.69116621594816,32.87564304499057],[74.69470112086009,32.86936781407343],[74.70320562723794,32.86624370957958],[74.70432727518369,32.86956551473679],[74.70818806562676,32.88099939450649],[74.71202460944824,32.88278978102363],[74.71349376172776,32.88347538638004],[74.71833362249873,32.890756545877935],[74.72068137194782,32.898712893884976],[74.7221727212941,32.903874763209785],[74.7299370802321,32.9198344721832],[74.733677713156,32.92449735896599],[74.73677539107149,32.9301962080886],[74.7415183507913,32.93631213040055],[74.74973745461989,32.94353627378007],[74.75221816973283,32.94523026106776],[74.75764164464624,32.94743354791996],[74.76344790609602,32.95124390708071],[74.76852838587638,32.955780049709574],[74.77036611360529,32.9561516091095],[74.77416439936758,32.957398507435244],[74.77693633114683,32.95582952231467],[74.78217441171978,32.954520119308086],[74.7842560517754,32.9593283509227],[74.78268114911577,32.963219322613725],[74.77905223537243,32.96648534462298],[74.77705906072714,32.968312869543354],[74.77694612476392,32.98288160789991],[74.77652124366051,32.98557251885671],[74.77640746233459,32.98925747655136],[74.76539115217997,33.001873169811006],[74.75247263470436,32.99955241081517],[74.74991817338503,32.99622594537112],[74.74668371308297,32.99707874009181],[74.74299793520657,33.00083883794207],[74.73971068919701,33.000559920404044],[74.74202863511346,32.99175296123025],[74.7384369766852,32.99270290161769]]]}},{"type":"Feature","properties":{"blockName":"Ranbir Singh Pura","districtName":"Jammu","state":"Jammu and Kashmir"},"geometry":{"type":"Polygon","coordinates":[[[74.84096649960435,32.65441291892114],[74.84137246976371,32.65539202162455],[74.84413999666356,32.65886836628215],[74.84469233598259,32.66066936030279],[74.84423228958855,32.66388388713176],[74.84389779574673,32.661496791443824],[74.84235401772378,32.66130019964453],[74.83987446363562,32.661622585913676],[74.83713905512337,32.659049022094734],[74.83568387830837,32.65898846624475],[74.83446784201738,32.65922003537639],[74.8322278592284,32.658910634418305],[74.82900439133965,32.659121858187234],[74.8284414885839,32.65913809364815],[74.82583664634421,32.6617884469793],[74.8228277620916,32.66261968135325],[74.81985279576998,32.6631696752404],[74.81172598486637,32.65934518593161],[74.80907696522979,32.659320195570615],[74.80727684894748,32.65958420774507],[74.80226596410301,32.66031912562721],[74.79549917724529,32.66013882594609],[74.78738062661466,32.65712608270263],[74.78578342616424,32.66341534214439],[74.77550817086546,32.66577152093902],[74.77268101621598,32.663438940354865],[74.76709012800706,32.66701765394163],[74.76474919272113,32.66737388259867],[74.75833706700212,32.670325496224734],[74.74963489593375,32.67210664220784],[74.74664977266895,32.674960057960334],[74.74573838441898,32.678644136118066],[74.74474188792783,32.682630122981834],[74.73868625436722,32.68236183543041],[74.73669326138497,32.68217020159358],[74.7328122002229,32.6807263814174],[74.72677596593815,32.67890694589886],[74.72356098315288,32.6777178434038],[74.71377896372826,32.67522636880193],[74.71071168379723,32.674591758602844],[74.6986081607381,32.669245979718255],[74.6978477713576,32.66879537890367],[74.68621250640211,32.66050112862422],[74.68990300032328,32.65976000002405],[74.69267999978223,32.65482299988162],[74.69110900018029,32.65183999991609],[74.68321200023365,32.644893999758324],[74.67813900011481,32.643944000015665],[74.68469428621239,32.63975131387207],[74.6870105557926,32.64018549486474],[74.69320346456828,32.63760700815698],[74.6956960336451,32.639429631772146],[74.70186247087639,32.64012610363682],[74.7059318599674,32.6441458708353],[74.71283114933811,32.641637756976934],[74.70365372344065,32.63353748236898],[74.71235581177137,32.62509196881933],[74.71565820686084,32.618099251579224],[74.72033989037368,32.614614178101874],[74.71625854929266,32.61489586465251],[74.72235086979686,32.61130423859976],[74.74293539185493,32.60472646315583],[74.73314016318801,32.60071613344286],[74.73169755260005,32.59631193484796],[74.7402455358029,32.596835203581804],[74.7423776431138,32.594061346354124],[74.74632225486823,32.5962029747875],[74.75355183644814,32.59246319262229],[74.75529138339067,32.594975911908875],[74.7597742690673,32.595896707966745],[74.76686442515313,32.58959871520858],[74.76664223505117,32.58236155684045],[74.76345897405247,32.57994691941485],[74.76179289002988,32.57459983741262],[74.76834418673491,32.57581325397854],[74.77375613413835,32.57043272439074],[74.77492669710944,32.57083784199284],[74.77772444932396,32.566339132744815],[74.78185835577852,32.56653836225564],[74.78319456667595,32.56391746891609],[74.78519773458783,32.56368247606548],[74.792620138009,32.58703653231015],[74.79808251669482,32.586725055716784],[74.79888211921451,32.57815293560952],[74.79514232985468,32.573705281773414],[74.80015459156118,32.57013826297049],[74.79757795475888,32.562954447889524],[74.79161548106964,32.558627012726504],[74.79157659438437,32.55566986017595],[74.79404986221141,32.553342114347174],[74.79379241328928,32.547198483023635],[74.79218120499866,32.54635325160132],[74.79239316980897,32.53144696980189],[74.79334502395375,32.52621516020156],[74.80231909784817,32.52048737269416],[74.80250634119477,32.520522905807525],[74.80442649358787,32.523925810028175],[74.80616471313107,32.5255536665685],[74.81204476305544,32.52756961744393],[74.81482822234466,32.52729188701102],[74.81692512299611,32.5285334721421],[74.81802568363844,32.53052620611959],[74.81977247372072,32.53542947808802],[74.8220708827651,32.5355520601795],[74.8252356033405,32.53487926836357],[74.82711524397337,32.53562652944083],[74.82608528191031,32.54107287681188],[74.81628867098544,32.54599082481678],[74.81551107127899,32.55013916628957],[74.81756740980819,32.55971866828196],[74.82007770811981,32.562923690176206],[74.82304748085659,32.57336215803724],[74.82862981201629,32.57881232303032],[74.83144157476892,32.57843084860485],[74.83653023388325,32.573318046290865],[74.83949586973864,32.57480784790391],[74.83812834984354,32.57776438262022],[74.83688277442059,32.583025824881986],[74.83714213979795,32.585730635760285],[74.83904958387126,32.588552604019526],[74.83994841578681,32.59051369175353],[74.83998934842975,32.59064672396721],[74.84129666321047,32.59472185972612],[74.8408482162722,32.60205463941014],[74.84412541235793,32.60580000636526],[74.84449031587542,32.608852482556074],[74.84657245775276,32.612600337035985],[74.84674470400495,32.62049367943979],[74.84233706370458,32.620404636664716],[74.84046715643416,32.62441158222879],[74.84162471790648,32.62592531660016],[74.84839200388791,32.62810687583169],[74.85137495169272,32.63135695376047],[74.85048451944505,32.63678859092079],[74.84505774491907,32.64234452158246],[74.84391532263407,32.64359803711977],[74.84094597527661,32.64740755541442],[74.84039266199181,32.653028957620336],[74.84096649960435,32.65441291892114]]]}},{"type":"Feature","properties":{"blockName":"Darhal","districtName":"Punch","state":"Jammu and Kashmir"},"geometry":{"type":"Polygon","coordinates":[[[74.4934437557248,33.641025491133576],[74.49123341998637,33.64094927269082],[74.48632070153923,33.63704360248033],[74.47955823502457,33.62190344209023],[74.47101256038144,33.61245763331317],[74.44784481128909,33.598130953780526],[74.45255561305117,33.585499140173226],[74.45183812403025,33.58217226373904],[74.43459564906999,33.56317325724007],[74.43852995819105,33.56280329323744],[74.43614660008558,33.55722388847175],[74.44108465423346,33.55549192461268],[74.44458110593337,33.5481557643771],[74.43142105124059,33.532325743038655],[74.43350665550781,33.52921016951376],[74.43467807733145,33.52159566101102],[74.44232329048754,33.518686124864814],[74.44342367576206,33.51420954703303],[74.441381802828,33.51038889423211],[74.43398538531733,33.50882023106885],[74.43264280721985,33.50185518686743],[74.42167963440767,33.49249914751772],[74.42119059477017,33.48459459866183],[74.44061401832232,33.47859220496633],[74.44189105023185,33.48719080111465],[74.44603383659233,33.49460168601905],[74.44910160935183,33.49861537559917],[74.46005907866362,33.501444426918795],[74.47910981326731,33.51548074234245],[74.47750641379002,33.52144593378284],[74.48835520542843,33.52289204902888],[74.49411373895794,33.53491731668089],[74.50237362704132,33.537950249704295],[74.51579652478983,33.54765874055846],[74.52930843203859,33.551021676209416],[74.53317879216758,33.5500055484174],[74.54072569233688,33.55614332065778],[74.54568849942478,33.55557880811557],[74.55194099817857,33.56230180698287],[74.55900898058007,33.562862492909744],[74.56482221717164,33.568499303200326],[74.56088102104235,33.56902680414373],[74.55848736300146,33.58339824293461],[74.54770173524696,33.59326783114557],[74.54604405359026,33.599820780804464],[74.52801341728542,33.61272026772622],[74.49801066685882,33.63077541145611],[74.4934437557248,33.641025491133576]]]}},{"type":"Feature","properties":{"blockName":"Srinagar (North)","districtName":"Ganderbal","state":"Jammu and Kashmir"},"geometry":{"type":"MultiPolygon","coordinates":[[[[74.78570379569368,34.10256399533216],[74.78558222444019,34.10421109196835],[74.78870050042781,34.10181020967349],[74.79156124745367,34.10323913347929],[74.79285160371859,34.10050943296403],[74.79535681636406,34.10017458299069],[74.79955247206897,34.102112937662014],[74.80096936564377,34.1050763665811],[74.8009515078059,34.1079632380131],[74.79999372083358,34.11126401072556],[74.79053688906623,34.11407009066221],[74.79323940487467,34.11733826295051],[74.7990964897113,34.11839962304424],[74.80138143050868,34.121181904221544],[74.79769260213192,34.12167857550588],[74.7948555441481,34.123708721280536],[74.79430704763217,34.126186215021846],[74.79503604977396,34.12754882551792],[74.79913683599625,34.12833435814417],[74.79946124933724,34.13045269593522],[74.79585806699623,34.133604614661294],[74.79770746342876,34.13700853871313],[74.79760784192842,34.145386592317436],[74.79594016880378,34.14748556410757],[74.79094893414606,34.14855316819421],[74.79337395694262,34.157606613554435],[74.79201023488451,34.155560000293804],[74.78864970402066,34.155375004353004],[74.78723879633344,34.15788341858496],[74.78751583338908,34.15996959392169],[74.79190354651149,34.16371251382151],[74.80100660836831,34.16343890318291],[74.8026484907353,34.164752466453194],[74.80071031233109,34.167942593775706],[74.80221452737857,34.17012122571407],[74.79841301394947,34.17631168743446],[74.80431401178225,34.17894777482002],[74.80553891718733,34.17658152901441],[74.81333465257222,34.17690755663847],[74.81713743764271,34.168402226481646],[74.82267524336783,34.167504867655566],[74.82547779346544,34.168519218387246],[74.82941472321096,34.15817403090688],[74.8319318275918,34.15636759958511],[74.83901090403003,34.15938803023346],[74.84536050258521,34.164445883970416],[74.84373629009775,34.17082608015954],[74.8447494591203,34.1743503227093],[74.84906973747843,34.17543063601511],[74.84407623113322,34.18020438042788],[74.84259649113523,34.18281416534148],[74.84338475500249,34.18509212919844],[74.86095651493127,34.19894210779211],[74.8633694706246,34.19800931028152],[74.86472925994747,34.19405810289919],[74.86346116909772,34.18902667304258],[74.85699629454342,34.185025481340915],[74.857640082324,34.17962977569363],[74.86739619947508,34.17698675993108],[74.8707120340332,34.179029946774676],[74.88372377073551,34.181749577581],[74.87941682932325,34.16860775844134],[74.86924659505439,34.167467124907944],[74.86672879909486,34.165837681963524],[74.85917671523327,34.16705507263356],[74.85404493632478,34.16575901736479],[74.85339490185328,34.15977409300007],[74.85848194848319,34.15398871650609],[74.86999930782184,34.14443383885066],[74.88398520815088,34.14649955640948],[74.89370215712893,34.15131290246853],[74.89740183312813,34.155591695100725],[74.90174685003717,34.16878262531793],[74.90845867213005,34.17416157659551],[74.9174918926368,34.1722160983943],[74.91965399233794,34.17012248566425],[74.92452552992933,34.1723793694124],[74.93149389982369,34.18204430430126],[74.93295182586616,34.19103211803787],[74.93768714494581,34.194751656463836],[74.9488196609986,34.21250895192662],[74.95124625311217,34.211095677223796],[74.96195326842866,34.21405995330423],[74.96321594266169,34.211062942800595],[74.96633725565988,34.21627143118167],[74.96275318211372,34.226592871164144],[74.96585216854282,34.228520748733615],[74.97148766672251,34.22609491115128],[74.97540321058977,34.22629564342924],[74.97789678061201,34.234724202060306],[74.98207284458618,34.23740809560718],[74.99062570391317,34.23886033973292],[74.99372147256798,34.23554226766157],[74.99552694611174,34.237227804019994],[75.00051214182196,34.23755276324948],[75.00837225967211,34.236416461750366],[75.01348413838235,34.23319017538631],[75.01623967102404,34.23834058105302],[75.01116002311664,34.25488938014081],[74.98207418367667,34.271959357938044],[74.98725633091499,34.28282172844007],[74.98577462769697,34.2865713006251],[74.98500164780785,34.288465482396134],[74.97822264635812,34.29054767733351],[74.96846947268807,34.292891998566915],[74.9584097237298,34.291903533021696],[74.95590520086438,34.29408280797526],[74.95033779215544,34.298734277864696],[74.94276994677568,34.300261599193504],[74.93635892272619,34.297917663769226],[74.93319884984709,34.29874292664482],[74.92893399221003,34.29765018560761],[74.91868094926645,34.29929261656105],[74.91586316555271,34.29851055261997],[74.90945435833203,34.2926496339735],[74.9061617631549,34.29302596877352],[74.8964894574226,34.30047297764588],[74.88720062081205,34.30242749223504],[74.88360805946445,34.30915354160271],[74.8797637949632,34.31257870854063],[74.86741848107812,34.314859123949475],[74.85528291337579,34.32709931428195],[74.85065672882502,34.32934906190974],[74.84558586099877,34.32956912151781],[74.83948052010999,34.32771997689548],[74.84504911772268,34.319968476464055],[74.8421833947479,34.31470964223627],[74.83881261251213,34.31286967879271],[74.83383627062744,34.30524343413725],[74.83224828283204,34.305337143494455],[74.83391544064511,34.301046534669865],[74.83010693228914,34.29157727876844],[74.83773967184845,34.294325438768055],[74.83981723797518,34.29289704016634],[74.842940149968,34.283845914157666],[74.84319056349375,34.28194472756718],[74.83784980282621,34.27753997498991],[74.8239397756002,34.281151099243914],[74.80689934592812,34.279454779114815],[74.79448430580612,34.281086048582324],[74.79075930849535,34.27898256579283],[74.78343221972119,34.269179597560424],[74.78386800780237,34.25975623226435],[74.78223274174769,34.259697323073055],[74.76984431706165,34.26739635705627],[74.75783917713636,34.270601762961064],[74.75897761902195,34.27348209812038],[74.75801255833295,34.283030048298144],[74.75624368899508,34.2827424172288],[74.75454801907586,34.286057597080514],[74.75460161687118,34.28619958024649],[74.7526846471788,34.284084777690396],[74.7522824829503,34.282963936436545],[74.75024200036808,34.28205202118386],[74.7433974059656,34.28661519923213],[74.73985289359621,34.28858064238278],[74.73533231913126,34.2929157991249],[74.73454736926573,34.2936891468367],[74.73300809414826,34.293733530178315],[74.7309339022778,34.29262374429044],[74.73092105366374,34.2922034308437],[74.73089301550033,34.291286229376055],[74.7293436895597,34.29249426889544],[74.727605245186,34.29274165260523],[74.72254759199785,34.29099071484967],[74.72150640099966,34.29242397158907],[74.7202155060408,34.290634880995015],[74.71757516666065,34.286928513140424],[74.7177140516622,34.28452601566312],[74.71714233555042,34.28005677719858],[74.71468094506963,34.27719424771641],[74.7149168372423,34.27500459278775],[74.71731413933611,34.2738348670855],[74.72631046695454,34.26672710407263],[74.73195780291036,34.25960336910026],[74.73190686710831,34.255907096135616],[74.73027505085298,34.25327175518743],[74.73250664746388,34.25134577248946],[74.73779867027247,34.25118786502799],[74.7389490497589,34.24989320011116],[74.73878227857932,34.24645978908802],[74.73267953852991,34.24170879752302],[74.73125154192519,34.236196745683344],[74.73256606387281,34.23442041107319],[74.73444055768567,34.23510628262892],[74.7407012411694,34.23270212140585],[74.74270847581556,34.22987029297968],[74.73652385788978,34.22865936393856],[74.72515659809858,34.23696286194655],[74.71553244296791,34.241856572323],[74.71100410825306,34.24044610710223],[74.71075516781679,34.234309526463505],[74.70736305725933,34.23413725952696],[74.70303867259673,34.242172072483186],[74.7031248789101,34.24074642310899],[74.69797181214949,34.237754937140664],[74.69638944601616,34.23498034067023],[74.69802989936045,34.227932351996515],[74.72140550156269,34.22622184146485],[74.72990639446459,34.22383919652174],[74.73910068444911,34.21714289582803],[74.74728744236165,34.20075159860744],[74.73877241301648,34.18235152260473],[74.73542981373498,34.18154789831692],[74.73426284265611,34.179329085568895],[74.73435257970783,34.17591799122238],[74.73727567763046,34.17126856729061],[74.74074892592228,34.172322708526224],[74.74306670726281,34.17072071828659],[74.74681731906406,34.17189958469811],[74.74946828483354,34.17069219179126],[74.75126574451855,34.167509741981064],[74.7510511267082,34.158669671568134],[74.74513339608939,34.150197574058836],[74.73768449684212,34.14833708988482],[74.73544932362745,34.138786272668426],[74.73135031716345,34.141492391160966],[74.72931666223423,34.14132971549401],[74.73090288016385,34.13739684618753],[74.73591215971845,34.13264437433844],[74.73426086864424,34.12559501869521],[74.7349269398265,34.11935893077009],[74.7423036208155,34.11517558498531],[74.74751398698095,34.12230142347198],[74.75208026409297,34.119353311805924],[74.75747878641693,34.11284748122631],[74.76903499107203,34.112015111008645],[74.77634013189163,34.10646854678606],[74.78570379569368,34.10256399533216]],[[74.75963803256923,34.139135542371434],[74.76048768056205,34.134510118647086],[74.75514797300059,34.124626113404474],[74.7502619824046,34.13368113347758],[74.75433227261635,34.13860398098899],[74.75963803256923,34.139135542371434]]],[[[74.8105539506044,34.304661392909],[74.80700275087634,34.313422028903574],[74.80333374715474,34.314881089890434],[74.79763837301255,34.310361421042785],[74.80805729141093,34.303426907026164],[74.8105539506044,34.304661392909]]],[[[74.79481107716953,34.30265512503405],[74.79703017230469,34.29310001805146],[74.79587135717748,34.2897308752797],[74.79682583824189,34.28664814859326],[74.80234165194571,34.285528416203476],[74.80212776978078,34.287583631479436],[74.80640477276211,34.2889144707263],[74.80882746811324,34.29545656017217],[74.80074052595455,34.301939537179976],[74.79481107716953,34.30265512503405]]],[[[74.69764426557043,34.26563800888704],[74.6961563678222,34.26694924561127],[74.6955913435657,34.27101117392658],[74.6912393704007,34.27268619091501],[74.6895149428604,34.271158634863184],[74.68992600408188,34.27589442518763],[74.68772803222299,34.27693752724514],[74.68338691477436,34.282953695856406],[74.67881948653013,34.28079362592513],[74.67367635637879,34.2737268018505],[74.67606321194773,34.26439936903569],[74.68187645753255,34.25549662846669],[74.68442449049792,34.26104157930547],[74.68765726007456,34.26255535504566],[74.69080624521212,34.261346456673664],[74.69581609313826,34.263041622073274],[74.69764426557043,34.26563800888704]]]]}},{"type":"Feature","properties":{"blockName":"Samba","districtName":"Samba","state":"Jammu and Kashmir"},"geometry":{"type":"Polygon","coordinates":[[[75.0660894427736,32.77656773441345],[75.0549317016368,32.76338321995968],[75.05509277021525,32.755735349306974],[75.06441801497948,32.75536239595783],[75.06445289608433,32.7478184023974],[75.05898856227236,32.73950890681067],[75.05283332969447,32.73473193203307],[75.05529432537287,32.730906609052795],[75.05305017332688,32.726508901764475],[75.05366298665757,32.72378160513699],[75.06211017924142,32.71968421655339],[75.06249591735275,32.71570641891617],[75.0609543120919,32.71311912334892],[75.06410297707077,32.711703656098905],[75.06331389661909,32.70431372899543],[75.06045927397639,32.701957605958796],[75.06108048607564,32.700727245266194],[75.06935938942433,32.70038287237173],[75.07401609156943,32.69746454175527],[75.0795264571803,32.69979139905388],[75.0788506121661,32.68753684834695],[75.07558357212423,32.68499733196137],[75.07381812021015,32.67880332511339],[75.07355942932423,32.6659439245725],[75.06547383165207,32.66207673905029],[75.06452114923172,32.65933145238466],[75.06835122782695,32.654903979335245],[75.07149273240373,32.64259729402994],[75.07339682380444,32.64093637931052],[75.06955210064899,32.63439605343518],[75.07562539959258,32.62598792380368],[75.08469801759946,32.623779427178874],[75.08750945030096,32.624876523632736],[75.09583816170186,32.62342180727063],[75.09928841163094,32.621170814981156],[75.10090452032739,32.61301553513891],[75.10404503385126,32.611281065768594],[75.10006565880315,32.60786615469931],[75.10108621755495,32.60575160575206],[75.09589134670836,32.6012051793756],[75.09363607814254,32.5958537842248],[75.09605423281664,32.58535066769923],[75.09295398733673,32.5841393564462],[75.09243819466701,32.58257155033681],[75.09400417964923,32.58144846617381],[75.0923193843322,32.575031799777776],[75.08559140412007,32.56035280813563],[75.09066293204876,32.550534712407114],[75.08578971991972,32.54652135557615],[75.08104018075977,32.53626119899519],[75.07577321666065,32.54179276522399],[75.06780496342839,32.534106805584656],[75.06496511215028,32.5336873923593],[75.05641518191516,32.53764149735724],[75.05635934930456,32.54075744500011],[75.04653328828067,32.53448298300333],[75.04153128514076,32.534415306321364],[75.04069262056805,32.535643396225794],[75.03451587440816,32.535746081716354],[75.03235008209066,32.53271154610104],[75.03296140974135,32.528698204558566],[75.0366161816915,32.52729706081078],[75.04239671083957,32.52866681102455],[75.05518011686894,32.51431896864551],[75.04175599963975,32.484154000306944],[75.04873699961291,32.482414000106075],[75.05476399965892,32.475918000015724],[75.06467399980528,32.475788000316015],[75.0735550001632,32.4736250003935],[75.0898129998701,32.46428699964537],[75.09565000014743,32.466613999936214],[75.10189100016959,32.473522000140235],[75.10805500023815,32.473156000349206],[75.11004600032271,32.47018099985331],[75.11222099989931,32.4552080000492],[75.11952999970975,32.451412000363575],[75.12127919367992,32.44805684384829],[75.1263223551926,32.45199296959993],[75.13277003381006,32.45574609590568],[75.14120765760737,32.45729409084964],[75.14051822023976,32.46029368330687],[75.13817725167888,32.467694936472185],[75.13240873477537,32.47479231141608],[75.13100139290003,32.477341478426524],[75.13116827019957,32.48203737572436],[75.13124386181482,32.482038024135534],[75.13994502923975,32.48097192821194],[75.14942368305657,32.486990965660596],[75.15405793992204,32.49178880021299],[75.15720124404226,32.49672954513244],[75.15759043195294,32.49867827168492],[75.15946268825252,32.50805296387324],[75.16953106440718,32.5269625777608],[75.17472623023139,32.52757739568034],[75.17748557599862,32.530653058192115],[75.17294670932324,32.534952037906294],[75.17473833330752,32.539059596922925],[75.18404249886231,32.54318198486078],[75.18929837432057,32.543212801029995],[75.19202749387381,32.543498546220974],[75.19855585516865,32.546007685306506],[75.20109177426605,32.5520780470643],[75.20419549292774,32.5538127115874],[75.2085963010785,32.55198166672062],[75.2086037960284,32.55723320834596],[75.20682843538407,32.56183620387776],[75.20846478781976,32.5678821481427],[75.21150746409825,32.571865730219315],[75.22117480287488,32.58053027185463],[75.22547322950601,32.58799881769136],[75.23015290213476,32.59247694775297],[75.2400522039461,32.592595607901046],[75.24288519699428,32.587721242841155],[75.24921878851632,32.58654281260078],[75.25305115408753,32.59459886124847],[75.26016972065617,32.603194221636045],[75.26655557178225,32.60561812657534],[75.27151132728596,32.60545256588324],[75.28684807857604,32.60976984770036],[75.28889352002,32.617327278031496],[75.29248364690284,32.61772480175824],[75.29460004755418,32.61600812907193],[75.30147247687336,32.6141200626908],[75.3039961723855,32.61368618027308],[75.31478402506275,32.61007275195601],[75.32541996066271,32.608164735014554],[75.33385538741624,32.60639669035504],[75.34206959443628,32.60542144484384],[75.34700427522716,32.60755239652593],[75.35031250781606,32.6128368830158],[75.35906872993797,32.61187388177427],[75.36262278321493,32.61336825643991],[75.36806946153649,32.618708319233576],[75.36759534974567,32.62854700763836],[75.36685959009804,32.63385274510813],[75.36352802459874,32.639924585351366],[75.35796378689929,32.645721145814264],[75.35032070963308,32.65506587978655],[75.34029314471292,32.659299450908975],[75.33136275268896,32.66068738361594],[75.32300791418396,32.66531855580678],[75.31351575344934,32.669746889507394],[75.31028300365773,32.67596719433061],[75.31096825288262,32.67986998491193],[75.31032255314335,32.680142594605115],[75.29651314026927,32.68677006928334],[75.28809136432506,32.687492663755506],[75.27712567431047,32.69432893133518],[75.2732012982014,32.69473526032408],[75.26728953278575,32.692812720230904],[75.25008757048505,32.69554628513299],[75.24865931937217,32.68493748567647],[75.24286570328962,32.67707622388866],[75.24345004768162,32.671883212840044],[75.24209809774908,32.66916765506329],[75.24107588424471,32.669714641617475],[75.2414531588363,32.66748982769343],[75.23840010528068,32.66565924417881],[75.23779445415079,32.66107771366558],[75.23436946168135,32.66058405511012],[75.23080189519135,32.66322637569675],[75.22788267334676,32.66334711237937],[75.21925206762887,32.660733365052806],[75.21668442224836,32.65806144507968],[75.21096429426683,32.66041426220846],[75.20218626718253,32.65932073966047],[75.19632277377707,32.66398434680019],[75.19994166457622,32.667635935150315],[75.20208692087476,32.67563251432915],[75.21579007615117,32.687427209298335],[75.21883046905094,32.69606296003764],[75.21273147018127,32.69875966982295],[75.20512536944028,32.70213158610386],[75.19777084774648,32.70282655340276],[75.19017445248903,32.70584089564085],[75.18757923299529,32.70916990436763],[75.18810511965563,32.71616200017621],[75.18513776879303,32.72001766358437],[75.17926130176772,32.72558354884177],[75.15200083517044,32.744221380412455],[75.14524998160141,32.74495599342441],[75.1365195547337,32.7509910091278],[75.13130147778105,32.751614250996965],[75.12718563510902,32.755363630727004],[75.12956596429785,32.76277756793047],[75.09003676828229,32.762100817298915],[75.08383800581936,32.76469760610968],[75.07751921713822,32.774118346284695],[75.0660894427736,32.77656773441345]]]}},{"type":"Feature","properties":{"blockName":"Boniyar","districtName":"Baramula","state":"Jammu and Kashmir"},"geometry":{"type":"Polygon","coordinates":[[[74.33782345009223,34.314712330309874],[74.33058741587661,34.31952511159466],[74.3220254715983,34.31834697363399],[74.31763820094227,34.31549014675295],[74.31013903049194,34.31870407733135],[74.30457842065766,34.32426468716562],[74.30233377128656,34.32497889366107],[74.29830360432794,34.32584614498364],[74.2868252818613,34.32554005622865],[74.28294890436848,34.32418746867677],[74.2802318330327,34.32199623993455],[74.27865487002629,34.320128144798105],[74.27523407199487,34.31724108810579],[74.27118248858102,34.315639864088496],[74.26754334235142,34.3138445510852],[74.26493466000659,34.31380127031241],[74.26198576772907,34.314901603426335],[74.25998316189344,34.31890681509748],[74.25998316189344,34.31976507499826],[74.25767354909505,34.3227534448157],[74.25388692933836,34.32471389313173],[74.24333841233789,34.33036985538456],[74.2418787856775,34.332350777666306],[74.23944607367741,34.33374089932312],[74.24093201540023,34.338267677311535],[74.24313056012733,34.34010638260355],[74.24634972206206,34.34831853017607],[74.2448386865562,34.35088072026906],[74.24556135567207,34.35462546039673],[74.24601690455654,34.360753840117695],[74.24836449932224,34.36421654295913],[74.25411610717265,34.365625099818544],[74.25622894291143,34.36486213208178],[74.25757881001414,34.36879435387641],[74.2599229783628,34.37267631076321],[74.25019119956426,34.37087578888662],[74.2407614256993,34.37382826226457],[74.2323372773435,34.37445095284926],[74.22809379569219,34.372772904246176],[74.22554074450983,34.36596871548386],[74.22053488777493,34.36619277527643],[74.21525957526922,34.364647391064295],[74.20583217471517,34.365397983230366],[74.19043312019238,34.36179778933655],[74.18874615571059,34.35951225228865],[74.18494612976014,34.35436389168029],[74.17917583579623,34.356637168270765],[74.16331688056965,34.35435477165544],[74.11785867194021,34.3310893516923],[74.15318425954598,34.29774084536376],[74.16644223422179,34.28948374427944],[74.16462844554638,34.285360943552746],[74.16747108921948,34.278909543540635],[74.17052474442147,34.27823021904942],[74.17373782783852,34.274512295805835],[74.17708531133809,34.27499190245436],[74.17859453830738,34.272711682198405],[74.18546022630846,34.27000323356242],[74.18544760971946,34.26486398848232],[74.19028737965891,34.264006972343964],[74.19716944971037,34.266228080161795],[74.20324043919499,34.27273462210519],[74.20547792816393,34.270782109406866],[74.2072637200447,34.260885724096966],[74.20490217499542,34.25662528033246],[74.20861882300034,34.25189570702133],[74.21169173178805,34.25096666328096],[74.21362168409348,34.245540451730506],[74.21653151611662,34.244284759833874],[74.21034156161386,34.22839313493529],[74.20649721437502,34.2320893503433],[74.20456879631297,34.2262550165558],[74.20125616783793,34.22936877075222],[74.19521285049274,34.227601017473035],[74.19291793891182,34.22905248548386],[74.19153794452058,34.2261020832446],[74.18904250930444,34.226479023288334],[74.18621040388706,34.22362493034632],[74.18161979741575,34.22408860640411],[74.17715707723738,34.22267237562966],[74.1770211231264,34.22047809368911],[74.17147160822822,34.21704686891792],[74.16988501707993,34.212634703229014],[74.16717745067888,34.212060054428036],[74.16306330412823,34.20681345098001],[74.159493444367,34.20543425878407],[74.15849362308228,34.20252307957651],[74.16058044503154,34.19978952366762],[74.16006587094324,34.19659646635387],[74.16171563496863,34.19578512408424],[74.15985290069085,34.19535911972764],[74.16320267926028,34.19372372237194],[74.16296709285712,34.191105545884284],[74.16003763402966,34.18900418549481],[74.15819848537188,34.19306870745493],[74.1561127165287,34.19119443577466],[74.15356389665658,34.19150191398222],[74.15139803149401,34.18929955702896],[74.15112616464086,34.18444462002327],[74.1536468717058,34.171031091411805],[74.1635726738399,34.1670907487391],[74.16446294690752,34.165315289169314],[74.16959131468747,34.168628959958596],[74.17051935298582,34.171132114055865],[74.16732061735269,34.18069633836535],[74.17036072157009,34.1833528313681],[74.167426401907,34.190724581374354],[74.1692493169025,34.19263604271924],[74.16517969308842,34.19617528686007],[74.17953937414285,34.19670159889972],[74.18730008093405,34.20122104921211],[74.20894459161968,34.20286426977026],[74.22015039522461,34.196718257041994],[74.23066147794492,34.18051773210772],[74.23167776491698,34.17519566834545],[74.22784682207322,34.17282702404799],[74.2304405037263,34.173522740482156],[74.22377097764854,34.166087774431276],[74.2253076654165,34.1627466257562],[74.23021780101078,34.15914300904268],[74.23161385279712,34.15335354063342],[74.22794263584404,34.13164466007305],[74.22980001016242,34.12586347441987],[74.22990178643835,34.11248265235258],[74.23292701047319,34.10072157673943],[74.22556304859586,34.033397674563105],[74.23722076422695,34.02552795375209],[74.24868774444388,34.01382064860411],[74.25932610731405,33.9839085507391],[74.35388004302962,34.05827105446565],[74.37201254284463,34.057655654684766],[74.37263955467176,34.064086498892834],[74.36779211351529,34.07561554761946],[74.36703987379121,34.08435544165036],[74.35583119955027,34.10258564201382],[74.35061336811248,34.10252122447497],[74.33966236492626,34.09247206773182],[74.33669915184441,34.092343232654116],[74.33359618411669,34.096283509676255],[74.3407585593601,34.11247618892503],[74.35397513644347,34.11353351466005],[74.35880862821568,34.117611772865075],[74.35695919401167,34.12303809143481],[74.34416422090214,34.133176929471745],[74.3452874534533,34.13413839197324],[74.34390993939223,34.13897994976492],[74.33992085706194,34.13916877052242],[74.33334010036538,34.14274466383523],[74.32539678533345,34.16371050383674],[74.32820866679657,34.167755095021676],[74.32992172061097,34.18331651944186],[74.33456304524839,34.20155847124653],[74.33313263486326,34.20825792766129],[74.32809211106212,34.218290438852705],[74.32953909415392,34.219907812895315],[74.3287532638521,34.22986414791217],[74.33549047650433,34.233548400538325],[74.3351638948979,34.244824544617074],[74.33860552392582,34.2551344130228],[74.33956568420899,34.265980060631364],[74.34315141070908,34.27487623525013],[74.34280743981157,34.279651154177486],[74.33685267421163,34.28216275380811],[74.33476635678198,34.285322366234254],[74.33938897282292,34.298333085803336],[74.33457361228244,34.30484523232167],[74.33782345009223,34.314712330309874]]]}},{"type":"Feature","properties":{"blockName":"Bani","districtName":"Kathua","state":"Jammu and Kashmir"},"geometry":{"type":"Polygon","coordinates":[[[75.80846841178783,32.896095009677026],[75.80423201409621,32.899286986905],[75.80254633564493,32.90387427667656],[75.79487274168372,32.905683444635315],[75.78823114764941,32.909288726893294],[75.78107989072441,32.92105673807805],[75.77606353080733,32.92327146970263],[75.77408608260669,32.933893687044076],[75.76369443255209,32.947910010538635],[75.76272585641323,32.95215553904694],[75.73638111010018,32.954855290339424],[75.73126438764143,32.95298194136353],[75.7252164073114,32.943984578625475],[75.7183405093071,32.941189665570676],[75.67303657757606,32.941221351384286],[75.6698902085663,32.93849695776845],[75.67018504680254,32.93288704979756],[75.67085311987563,32.92254870525858],[75.67328223009088,32.91836523716603],[75.6736434580792,32.901204251574995],[75.6723948672294,32.89999206797961],[75.67097100031145,32.89439727671299],[75.66526689465155,32.87773682859182],[75.66853903205077,32.87521907400111],[75.66909477530368,32.868565550459834],[75.66794763607459,32.861019954307494],[75.67023876780496,32.85353936834724],[75.66588044003032,32.84528814792975],[75.65621188267232,32.84397065012547],[75.66377088861566,32.831440305225954],[75.6657061828941,32.818315393340754],[75.66271060411117,32.80004839631647],[75.66522360218755,32.7951660003107],[75.67089579720334,32.79609939946778],[75.673121595885,32.794089001006625],[75.67541919374088,32.78504220793161],[75.67618516881055,32.77992627327893],[75.67877093013436,32.77141103169379],[75.68501839897999,32.765663360176006],[75.70159307965696,32.75155474825306],[75.70395760865676,32.74910264417173],[75.70990222270945,32.73626210421281],[75.71346556508382,32.73111578326683],[75.72567188694808,32.730194551937075],[75.7293568140658,32.728198548923956],[75.73099855703782,32.717359213656835],[75.73540986297485,32.71345936295927],[75.73771141335112,32.70872839749762],[75.73634466327564,32.69993282194224],[75.73286663688583,32.697614137682365],[75.7347548669436,32.692910424376635],[75.74164596618846,32.686469120153845],[75.7457676679436,32.68549543586573],[75.75236635352445,32.688818393953795],[75.78107365302674,32.687072445636886],[75.80240906582577,32.679381943521946],[75.81034662429732,32.66354541738713],[75.81481980628911,32.6597528468165],[75.82139933541106,32.66082325049268],[75.83389055350631,32.6727315136485],[75.84895068592544,32.677672051723846],[75.85223439490147,32.68853226025567],[75.84628345591682,32.69515329488871],[75.84857432324645,32.699639247253515],[75.85725541060879,32.70500948769774],[75.88337834813234,32.709402996051494],[75.90415064953288,32.7061445957965],[75.91613370031007,32.701351375665524],[75.92624700029887,32.72092799962752],[75.92985582768438,32.738748273713895],[75.92895500017318,32.75714099955752],[75.9165799996673,32.769932000361564],[75.89036600039066,32.81389599980059],[75.8539730002538,32.837085999919],[75.83764600006293,32.843112999965],[75.8249279999273,32.853599999740254],[75.81127900002588,32.87064699985922],[75.8064729996293,32.88188900027717],[75.80409200044551,32.89382899960867],[75.80846841178783,32.896095009677026]]]}},{"type":"Feature","properties":{"blockName":"Khag","districtName":"Baramula","state":"Jammu and Kashmir"},"geometry":{"type":"Polygon","coordinates":[[[74.45367026966727,34.004347090346016],[74.45832315419028,34.00543340662648],[74.46706519490289,34.00171154705032],[74.47091439218553,34.00210633683804],[74.4830541669163,34.00802817825786],[74.48522550895012,34.00684380979402],[74.48650857531055,33.99766495577313],[74.49286683973293,33.99264373412109],[74.50085546350891,34.0028403589954],[74.50811238357971,34.01723324931504],[74.52444045306453,34.016991352369075],[74.54439698213508,34.01166961146345],[74.54771391926204,34.02907464787677],[74.54613847431119,34.03065009372688],[74.53649641277929,34.031580467564595],[74.5369193099782,34.03995383660032],[74.54165576130441,34.04968047757205],[74.5406408071276,34.050610852309035],[74.54368566875866,34.06279029793393],[74.54385482763826,34.064904784828],[74.54207865850333,34.065327682026975],[74.54292445380054,34.08046740984315],[74.53133706425416,34.080805727602296],[74.53561163726732,34.091472818415866],[74.53064078754238,34.09122241478269],[74.52727196133202,34.09696453838279],[74.53239707176749,34.101959266906704],[74.54257930119383,34.10770285820041],[74.54181039613292,34.120261630669745],[74.53984541883108,34.12333724821548],[74.53788044062986,34.12085966723993],[74.52890988937997,34.11684427794114],[74.52241691910558,34.12034706446548],[74.54170261328505,34.13718722141317],[74.54137923866097,34.13778777428638],[74.53931524330392,34.144221668095554],[74.53233621464466,34.14547935558784],[74.52882039064855,34.14109973096788],[74.52180787573292,34.14116130574973],[74.5249692040656,34.1317366364367],[74.5220784448644,34.129633316424474],[74.51524422144371,34.131734548210886],[74.50467022305241,34.1197258667554],[74.499305731974,34.10738712781375],[74.50778267413114,34.09311162060487],[74.50344757854299,34.08509414927562],[74.5086559563074,34.065540165746086],[74.5049830621187,34.05821672821946],[74.49476034071722,34.050513398174814],[74.48442829682847,34.03783190421905],[74.47044293879065,34.03382133168918],[74.4566889331478,34.019423884504704],[74.45326156287086,34.01110637775719],[74.45367026966727,34.004347090346016]]]}},{"type":"Feature","properties":{"blockName":"Ramban","districtName":"Ramban","state":"Jammu and Kashmir"},"geometry":{"type":"Polygon","coordinates":[[[75.09466248338697,33.40339396935627],[75.08504936383713,33.3955668620211],[75.08179508967169,33.39086082037062],[75.08127083168358,33.38228704551079],[75.06904256186482,33.371800188727775],[75.06638939365564,33.36085847104164],[75.0678493422734,33.35854596692286],[75.07219596806954,33.351661070302214],[75.08157602201584,33.34478037981074],[75.09542421005932,33.33841487044998],[75.11025067163126,33.33818846162825],[75.11172077089691,33.33728176514143],[75.11929305982693,33.33261148773005],[75.13014905593423,33.32910217212759],[75.13114740862608,33.328779444116094],[75.14645946453271,33.32461230411457],[75.15150194975524,33.31960454261559],[75.14933207001906,33.310017078025794],[75.14920494904919,33.309601650595766],[75.14692574862448,33.30215328824369],[75.13276496433167,33.29051312378169],[75.13075646793669,33.288381512896535],[75.12302793529102,33.280179244376654],[75.12323722371895,33.27766526963654],[75.12383897179114,33.27043707840852],[75.12851420536634,33.26726043462139],[75.14032417621979,33.26421949583312],[75.16126272269656,33.258780795397456],[75.16854795612335,33.251518062108914],[75.17995143521063,33.24157650295331],[75.19879436077122,33.23920261920557],[75.21849881886544,33.238183726897546],[75.22473306587835,33.23274544194862],[75.2276981333622,33.23615736996669],[75.22741131528005,33.23808161877173],[75.22519750995718,33.243545155784375],[75.22113687396762,33.24471490396968],[75.21933339691878,33.247361862360094],[75.2203279229953,33.25631728521461],[75.22630089177278,33.26553989305165],[75.23262994711445,33.265791193308985],[75.2353703000993,33.26287337620539],[75.23926588171514,33.26616487420961],[75.24276051858311,33.26588181169632],[75.2452637095526,33.256488911833856],[75.24066921711074,33.24758503811904],[75.24097521773217,33.240852212359755],[75.23922235183011,33.2373043662036],[75.25717217415655,33.235649190058155],[75.26495582085448,33.24170137831601],[75.26673309885348,33.24789096679473],[75.2655585222081,33.252747393077755],[75.2608259118864,33.25261782775061],[75.25370979866835,33.25531714197257],[75.25655703787703,33.26172021331723],[75.25355723677711,33.2667392963815],[75.25426127014157,33.27139167188818],[75.25020318732732,33.27661938237867],[75.25100704543883,33.28071970634943],[75.24431690060453,33.28745378396502],[75.24161658004118,33.287924170763915],[75.24737692300664,33.293497631010894],[75.2623771578796,33.29586576179554],[75.26461223936343,33.29703173192894],[75.26367267175647,33.30122928790138],[75.26654541034247,33.30628163329078],[75.26558563496911,33.31153363626834],[75.2694815987968,33.31737758290916],[75.27502988881838,33.32160485158266],[75.26773495890131,33.3278436977285],[75.26778255821853,33.33170802880255],[75.27443417070049,33.34479679783402],[75.27549009169445,33.35012927124893],[75.27299655134982,33.35341726729308],[75.2833610526705,33.360483939382334],[75.28828147111307,33.37141424467171],[75.28997818784313,33.369404936188914],[75.3057524988788,33.37217370505249],[75.2962404568317,33.358155226782344],[75.29702609198063,33.353197291321976],[75.30082492902733,33.357931718274244],[75.31003436899101,33.35683800596928],[75.31158380824621,33.351576983690904],[75.31309790144707,33.35284430292228],[75.31448664624179,33.361238341975934],[75.31780521024234,33.362989565715964],[75.3213904277261,33.36176860923399],[75.32224034011966,33.36366615896611],[75.32224034011966,33.36911518901479],[75.32224034011966,33.37619649936903],[75.32409668651292,33.4086825666472],[75.30538813855179,33.41451066903221],[75.30036432055698,33.4188167983566],[75.29821125634447,33.4188167983566],[75.29749356857337,33.41486951291773],[75.29031668636605,33.411281072263705],[75.28421633671462,33.411281072263705],[75.2590972503379,33.420969862569166],[75.24869077136208,33.419893330912544],[75.23864313627178,33.41451066903221],[75.22592075463916,33.416193316768215],[75.22393052887088,33.417022578029616],[75.21747133533393,33.42312292768099],[75.20957676535551,33.420969862569166],[75.2070648563581,33.416304890258516],[75.20060566282115,33.41307529259075],[75.18768727484792,33.42132870735401],[75.18015154875502,33.42707021222054],[75.17441004388849,33.429223277332426],[75.16415814578187,33.42607097099858],[75.15790321526123,33.42671136833502],[75.15631124436851,33.42814414213848],[75.1547223689422,33.42601498010731],[75.1530789999959,33.424371985278924],[75.14761911333147,33.42479760742367],[75.13707299931951,33.42099100293251],[75.1328226099755,33.411016610428305],[75.1333328061641,33.40682325968572],[75.13926865002821,33.40280308059772],[75.13805727492337,33.401971747298376],[75.1274632450328,33.40165771663038],[75.11461815900088,33.40648419998587],[75.10226573417634,33.40374065440773],[75.09876423907843,33.41091190595972],[75.09466248338697,33.40339396935627]]]}},{"type":"Feature","properties":{"blockName":"Shangus","districtName":"Anantnag","state":"Jammu and Kashmir"},"geometry":{"type":"Polygon","coordinates":[[[75.30969433532539,33.978437487300255],[75.27497260470199,33.94592680108104],[75.26764461390786,33.9354757229263],[75.26238160502709,33.9318153284147],[75.25635550520246,33.93124240811068],[75.25184111807317,33.93051814359751],[75.25148451799618,33.921684195769046],[75.24603164874168,33.918950010334754],[75.24395487221966,33.91439942998977],[75.2389178755596,33.915023241129745],[75.23594823412378,33.91292966527186],[75.23713139389878,33.90400079669945],[75.2265172659591,33.88918548312358],[75.22067289214033,33.88885139217808],[75.21944286689484,33.89542297129316],[75.21409003462747,33.900882357934506],[75.20563350618141,33.90068689658307],[75.20055515239841,33.898244864009314],[75.19111832515063,33.899588178651584],[75.18764033563303,33.8962187202178],[75.18965974170379,33.87810771689766],[75.18647505078303,33.875862534228645],[75.18414352600297,33.88382356590489],[75.18080555733064,33.8896291249842],[75.17870954161214,33.89073214257439],[75.17143151625152,33.878046886754476],[75.17703898795901,33.86645754028331],[75.17780181270354,33.86729748908789],[75.18292607058174,33.8729398248131],[75.19519120001394,33.87280120511156],[75.19118025426536,33.860139042083176],[75.18664527715788,33.85900289436813],[75.18464699616197,33.855205647322805],[75.18653974531304,33.852344663775284],[75.18794086387982,33.843981820404736],[75.18902232292191,33.83997293860028],[75.18373921958937,33.83836018527438],[75.17643184305518,33.839594744002284],[75.17592213609777,33.8385178634087],[75.1745891861421,33.83301387668911],[75.17458452675459,33.824114012151995],[75.16978336471055,33.8214435994426],[75.16827130757486,33.820777741399695],[75.16745347220007,33.82011773434601],[75.16182400757197,33.81596113619753],[75.15983470270942,33.815126675955355],[75.1651241138868,33.80850986723664],[75.16543634141408,33.807690771012346],[75.16914407893614,33.79117993590535],[75.17414200185198,33.785783542276704],[75.19002160551275,33.77834907445026],[75.19810578405475,33.7778161011322],[75.20304785637353,33.77600572268602],[75.2040727804345,33.773259938695276],[75.22280145971962,33.77291014648614],[75.22251649424089,33.77910715976765],[75.22830886116509,33.779829033882834],[75.23680175999328,33.77185090789311],[75.23336408978099,33.78418631304794],[75.23627218161596,33.78431612389005],[75.25055068266795,33.79863272112323],[75.25560525567806,33.78978172304812],[75.26228084588439,33.783092649306354],[75.26241303723197,33.77928727238975],[75.26242906405014,33.778825905790995],[75.26749668622313,33.77411075490744],[75.27559075910631,33.7729275528643],[75.27706718060597,33.776181019438525],[75.277027208439,33.77874758743127],[75.27910795276983,33.78055168501231],[75.27889800693754,33.78257131681289],[75.27582841125223,33.784890844636834],[75.27324292062434,33.789768663093355],[75.28266940117197,33.791441378716684],[75.28552154618245,33.7935193774174],[75.28712990272288,33.798041373710475],[75.28488618594878,33.80820028011891],[75.28751010910429,33.82104259174224],[75.28566500063931,33.82433215710341],[75.29100882169979,33.827059619206125],[75.2937488689152,33.82349416342498],[75.29486385018657,33.82321516674659],[75.29654941082669,33.82694449878966],[75.3012468738442,33.84253779608247],[75.3089323415544,33.843632896041356],[75.31261434497611,33.84905064407201],[75.31812262326054,33.85969323285644],[75.32009347223601,33.86542672926021],[75.32575690155983,33.86887849274831],[75.32926286718765,33.86934167058166],[75.37232844120467,33.89298783382151],[75.35960970542362,33.899595889438785],[75.35738363964333,33.90430078984963],[75.35040700857667,33.90729170025179],[75.34993732504756,33.918346997815775],[75.3607789778676,33.92989481089688],[75.35853008009917,33.9348557491935],[75.35648177521381,33.934673096885945],[75.35362458410731,33.937773274916765],[75.34850382459189,33.93731664234923],[75.33301106430923,33.954774510335426],[75.33495499117998,33.961915853134144],[75.33095459897561,33.96336564480873],[75.31622238185747,33.98341904435347],[75.30969433532539,33.978437487300255]]]}},{"type":"Feature","properties":{"blockName":"Thathri","districtName":"Doda","state":"Jammu and Kashmir"},"geometry":{"type":"Polygon","coordinates":[[[75.58361483625572,33.16594415829633],[75.58715033741817,33.165502220651035],[75.61080414039884,33.1568402645666],[75.6186332163499,33.15434162326733],[75.62596256422103,33.14567966718295],[75.63295875913946,33.14051580855778],[75.64012153098395,33.13735086315188],[75.64442452707033,33.132899487021746],[75.64495223665648,33.13235358055334],[75.64664903072827,33.130834576154825],[75.65339409715989,33.13390919994964],[75.66343238289824,33.14265138994972],[75.67806018333084,33.14461838533026],[75.68629026158635,33.152012445717844],[75.67988123223313,33.1504774010113],[75.67643917962448,33.15072976876388],[75.67130362895938,33.15405098036848],[75.6641099474162,33.154935343990985],[75.65367638805492,33.15401233470152],[75.65028722817311,33.155718991638196],[75.65010913632761,33.15783275637665],[75.66086025619592,33.16727783670285],[75.65540480228987,33.17053714437378],[75.65394762808063,33.17309802685253],[75.65171565105652,33.17187850299058],[75.6473716081133,33.17303883437478],[75.64421255416607,33.169716108311775],[75.64076046062684,33.168998095885456],[75.63906011693092,33.171032043094385],[75.6361023096739,33.171479037627535],[75.63643400842278,33.17637200066736],[75.63857441467758,33.17937602678228],[75.64232060810963,33.17751806970318],[75.64326130976167,33.180178223845985],[75.64824050339655,33.18239066219934],[75.65243851172801,33.17801652164519],[75.66155925335693,33.188000831872955],[75.66925258473907,33.19224628933483],[75.67133958835137,33.19250587324751],[75.69270234773523,33.1829734183886],[75.69956841075361,33.181766598349896],[75.70801977799044,33.17380714768177],[75.72497239605929,33.167416644362675],[75.72745586399697,33.16437121525945],[75.73686019064536,33.16737521619331],[75.74300770524144,33.16666188383891],[75.74083841995719,33.1684108161063],[75.74215730811335,33.17466964698667],[75.7476754960274,33.17571155384519],[75.74960626941385,33.180305462627075],[75.7412773610614,33.182848686018076],[75.7355898541885,33.18801582177281],[75.73476387005661,33.190760749608955],[75.73284566379641,33.19107974633329],[75.73007299817039,33.18898247066454],[75.72179189597927,33.18959866274815],[75.7184728679286,33.18922566713087],[75.71546887868584,33.18696022273616],[75.70800608041634,33.18697457681532],[75.70747977287328,33.192113238235436],[75.71555429899178,33.19744064756787],[75.71733264988194,33.200744486069254],[75.71636496676985,33.20670669715639],[75.71902127810955,33.2127501880708],[75.71527423841542,33.21569764772829],[75.71666402912172,33.22518760242599],[75.71882621695642,33.22530140173836],[75.72603716908014,33.227180419141064],[75.72989785160462,33.22895504144208],[75.7342157899268,33.23061578618962],[75.74457275582807,33.23090599741391],[75.745023463662,33.22432528478413],[75.7506285611592,33.220294558447165],[75.75048243031995,33.212244897683945],[75.75290439901886,33.21039487172601],[75.75966426289546,33.213955408215554],[75.7612293701394,33.212963359771265],[75.76534195276895,33.21827184377065],[75.77061493063462,33.22073935413795],[75.76957044092319,33.22511683027756],[75.76263109664785,33.22526823294265],[75.75933997456025,33.22967756486776],[75.75857261903121,33.23165841520375],[75.76295124630303,33.23337298077848],[75.76394659166192,33.24127252041052],[75.76401660478257,33.24330291889464],[75.74037097574,33.24641945019749],[75.71407326576866,33.247612336140435],[75.71434089141906,33.24019304167558],[75.71228296468712,33.23281035681259],[75.71154775632397,33.231707544267806],[75.71096535626623,33.23305154599211],[75.70753314943533,33.237148051441466],[75.70421165904088,33.23858736331624],[75.69325073992974,33.237923065597045],[75.68600780971269,33.23727836770257],[75.67746098843395,33.234214412565166],[75.67278442476146,33.2340531524311],[75.66794139298094,33.2372392049254],[75.65956104160887,33.243245016944],[75.64746648299183,33.24501888471383],[75.64262865918533,33.24243871267652],[75.63440435907398,33.234536934631876],[75.62806756596547,33.23209186055095],[75.62376114795865,33.22889280655784],[75.62150022085854,33.22663188035705],[75.61598867263916,33.218772612366195],[75.61198911050911,33.21260546826778],[75.60338072164302,33.20869636624434],[75.59638031070284,33.20155011314728],[75.59579694297457,33.19367465016501],[75.59016176135628,33.177115606899804],[75.58434618652734,33.16964966729836],[75.58361483625572,33.16594415829633]]]}},{"type":"Feature","properties":{"blockName":"Banihal","districtName":"Kulgam","state":"Jammu and Kashmir"},"geometry":{"type":"Polygon","coordinates":[[[75.0945814166991,33.680505654312526],[75.09428550287373,33.68299449839742],[75.0936200684115,33.68884061510238],[75.09002742882285,33.6929169919257],[75.08628406285925,33.694634724013326],[75.07829713790267,33.69409346883856],[75.07455377103975,33.695811200926244],[75.07575077857564,33.70155967104205],[75.08155434295861,33.70549642002379],[75.08173043471186,33.70927327584104],[75.07166061514533,33.716752434577245],[75.06594563488318,33.719491084246215],[75.06181442909269,33.7198065394403],[75.05730078930003,33.71290750817502],[75.05629716478239,33.70307320756251],[75.05302807428626,33.69372073402468],[75.03885839210119,33.68390911071691],[75.03302133966315,33.67843072140073],[75.02985271692938,33.67370316796689],[75.02707193402262,33.6703778914266],[75.02344632708639,33.66885785550568],[75.03417515995574,33.65015400290497],[75.05272778615847,33.63244175268477],[75.05057928240802,33.628338932196016],[75.05354708742817,33.62420249594851],[75.06103467820788,33.62202279561558],[75.06538011869759,33.616877734619834],[75.06899900589946,33.61030668340675],[75.07088021315138,33.60129475794679],[75.06738795409086,33.59570788880808],[75.0651223010534,33.595487346264065],[75.052118036818,33.585424437088136],[75.05683088004116,33.58232943105844],[75.06018904658731,33.574892302138096],[75.0577365009388,33.55466457530997],[75.07361537255144,33.54960591578043],[75.08168415380072,33.55567766878943],[75.08333889287564,33.55909004736782],[75.09125788484357,33.55698921038379],[75.09797421433859,33.56023378805895],[75.11766674562386,33.554378310310824],[75.13362961661358,33.558745723036736],[75.13954542717977,33.55183729295675],[75.13784702422083,33.54807930761399],[75.14111716872242,33.53872383303849],[75.14811463438292,33.53834322196218],[75.14590451088452,33.5331732119742],[75.1462799175842,33.5293166411501],[75.14019357757161,33.525184989295894],[75.13305443721254,33.52944492314475],[75.12708189831102,33.53747558303178],[75.10952201482917,33.52880585230827],[75.1077752409347,33.53099527970846],[75.10578852342167,33.53080188859633],[75.09565470719906,33.5254966115794],[75.0965609549242,33.51814612514363],[75.10100225594942,33.51010580923577],[75.11443256680957,33.504673541650675],[75.1227496940432,33.498358427599385],[75.11929586840967,33.49031982400072],[75.12515513859881,33.477603535274966],[75.13211000157537,33.47539213563863],[75.14486843073354,33.461036705679476],[75.14850356868482,33.45973933380327],[75.16534176421112,33.44978513287765],[75.1741885678482,33.45077781984054],[75.18266182728155,33.45831020135478],[75.18491245174829,33.462211872280136],[75.19207128726015,33.46027830559939],[75.19729079863151,33.45394728703769],[75.20145304362313,33.45172202704998],[75.20843778927264,33.452928020611694],[75.20588049329018,33.45623015759577],[75.20782327892124,33.4619431593494],[75.21297249928148,33.46849436522285],[75.20991249576514,33.46885410303446],[75.20556858592158,33.47381618257083],[75.2071435128629,33.483368786740186],[75.2061955159104,33.488245759834],[75.20687074938564,33.491032747163615],[75.21117933835586,33.4941734117736],[75.21225033468528,33.49869477404462],[75.20853238086477,33.50721066494026],[75.20585294435796,33.51078083586691],[75.20230718912552,33.51165688255912],[75.20196861326093,33.51398169030284],[75.20516229560354,33.51787589775455],[75.20994733819913,33.51834168362183],[75.21408114572836,33.5220753755782],[75.21408991681625,33.525407528334824],[75.20584797560366,33.532911772760144],[75.20772204403715,33.53729489034697],[75.20986082161966,33.53829220881846],[75.22050280965698,33.538407474925066],[75.23189197693324,33.54065912192101],[75.24807045318494,33.551224795285535],[75.24188079816037,33.55862222993204],[75.22886391823528,33.56778443840119],[75.2114052804294,33.58992348717925],[75.18077113398073,33.61511066842269],[75.16195743728593,33.636659656717825],[75.15586411763496,33.63658552380292],[75.13817124600627,33.6455653740428],[75.12542419417127,33.65170167858963],[75.12290977156874,33.65358897515114],[75.10516241631251,33.652644359649514],[75.0981124815059,33.65278540931922],[75.09085979904057,33.655188633448745],[75.08961741171424,33.65859703612438],[75.09506432206086,33.676444092021256],[75.0945814166991,33.680505654312526]],[[75.1750583012996,33.5315961779213],[75.17922046085562,33.53149798634303],[75.18363412481506,33.52752334712483],[75.19042425627447,33.52828237043508],[75.18967815802063,33.51858571825636],[75.18501766433377,33.51618539803775],[75.18413828115683,33.51276620889348],[75.18239547507119,33.51199045369651],[75.1749420693211,33.51384087805411],[75.16527828826247,33.519718887416786],[75.15811048021453,33.52174863928832],[75.15030946131264,33.52032190892902],[75.14989240700902,33.52373976258002],[75.15551440276755,33.53959130199706],[75.16224076779724,33.54017952786296],[75.16576025203403,33.52964412837389],[75.1694940384192,33.52929283159892],[75.1750583012996,33.5315961779213]]]}},{"type":"Feature","properties":{"blockName":"Chhatroo","districtName":"Kishtwar","state":"Jammu and Kashmir"},"geometry":{"type":"Polygon","coordinates":[[[75.3823582472354,33.56370971812902],[75.43293767313514,33.54616175426162],[75.44492840502193,33.53628703361977],[75.47948992412074,33.52288562876879],[75.48266363881595,33.51946778231235],[75.5062438295891,33.54098200101856],[75.53894077169929,33.56173327357175],[75.55671917694849,33.57019249998393],[75.56974104721161,33.57137089155344],[75.56949929505646,33.57904503589975],[75.5798612620876,33.58092230591973],[75.59752001523657,33.579376981062865],[75.61355920359443,33.58185341810082],[75.62236143233429,33.59275472475082],[75.62518087080059,33.605395249191474],[75.62431260864003,33.60718496661298],[75.65824006792485,33.62145620563945],[75.66364027018238,33.63003507335998],[75.63786499707203,33.637010745749365],[75.64170096262939,33.63868818011548],[75.64903454001205,33.652657843184954],[75.6619063907674,33.66876634768886],[75.67218964103915,33.680086695244825],[75.66881440446127,33.6808320938261],[75.63927086765648,33.73373368526143],[75.62440888736035,33.75264150320288],[75.60844676460658,33.75387634072058],[75.59919288104669,33.75048594786824],[75.56901385810312,33.76713662035877],[75.56066584725113,33.76855725061665],[75.40682027813341,33.77244613318254],[75.40751011659864,33.76760424264171],[75.4155516726716,33.761353332989984],[75.42023212231464,33.74938315061195],[75.41369745227564,33.738735551704394],[75.40213823938831,33.72944641741827],[75.39716751916575,33.72151901948723],[75.39884889795832,33.71134599372266],[75.39655760704801,33.70520597227784],[75.39787367942682,33.69912955448541],[75.40558581203567,33.690784677770694],[75.40515039177723,33.6811971124568],[75.39832380090274,33.67671725749551],[75.38560596354444,33.67279128239181],[75.36839939851347,33.644745690561194],[75.37442453156694,33.629798530078176],[75.3818136151063,33.62060370139977],[75.38750220656163,33.60679959362642],[75.39271785534481,33.60093014491031],[75.38434140253378,33.589625621825064],[75.384033035796,33.58255974293786],[75.38726205340112,33.5779208167923],[75.38251490194125,33.57327447123993],[75.3823582472354,33.56370971812902]]]}},{"type":"Feature","properties":{"blockName":"Bandipora","districtName":"Bandipore","state":"Jammu and Kashmir"},"geometry":{"type":"Polygon","coordinates":[[[74.73152043112304,34.43224309714128],[74.74033906799366,34.44264571892484],[74.76252644813712,34.446267688103376],[74.77183820936591,34.44592238351123],[74.77911141975625,34.44834852146715],[74.78433946659317,34.453827877554545],[74.78644154913826,34.460361581721656],[74.79538556229392,34.46367272181868],[74.7966820024725,34.46849594243383],[74.80650440415496,34.47041805444968],[74.8225562927388,34.48319967712348],[74.82657788376235,34.49203386507088],[74.83127545020193,34.49609112500548],[74.8302912474432,34.50198853454327],[74.8173601187745,34.51239833381612],[74.81518008479316,34.533209912207724],[74.81956281027556,34.53866942835151],[74.82327617395634,34.548624097823904],[74.8354890446837,34.55680475293707],[74.84168145433568,34.55723202084113],[74.84144499559011,34.56205250841657],[74.8370743219225,34.5689487059181],[74.82141440465114,34.57698340645908],[74.79452451449481,34.58006534354081],[74.75463175585088,34.59814826013417],[74.7083852797569,34.6240420611922],[74.69413533128056,34.625971165436965],[74.68699146228619,34.635972581669364],[74.69163497767215,34.64311645066374],[74.68627707592634,34.64561680427215],[74.6812763678102,34.65526102687494],[74.68148867166491,34.661369935374296],[74.67770443331301,34.6659768303665],[74.66770301708061,34.66776279761507],[74.66055914898561,34.673477892091114],[74.6491289591342,34.6731206984615],[74.64055631652087,34.6681199903453],[74.63519841477506,34.663476475858715],[74.60840890784488,34.64168767704473],[74.59983626523149,34.63347222806095],[74.5923030833207,34.629341683272116],[74.5845407766356,34.63100926916252],[74.57338735404323,34.63723545555189],[74.55768354625872,34.65271538700557],[74.54672233486792,34.67091360298042],[74.54136435578044,34.68252612767873],[74.53250121865636,34.66978964197847],[74.52981302095424,34.66178118455406],[74.52884918694048,34.65287625143793],[74.52866876135431,34.65120927708654],[74.5251643488557,34.63995798577247],[74.5269538819162,34.63524372341914],[74.53237773904146,34.63251927134735],[74.53552603889563,34.623084704995165],[74.5365597817086,34.61081994338571],[74.53281883761935,34.601073314082214],[74.52245539390134,34.58735612758329],[74.5172853182629,34.571988384756196],[74.51525827065274,34.570189354854904],[74.58222703684834,34.550065157980725],[74.5827079708962,34.54992063692788],[74.5888068879276,34.51782186988345],[74.58627748531774,34.50893696376994],[74.58056394037362,34.50084869960784],[74.5775512259084,34.49149342917849],[74.57623462260325,34.489098521096665],[74.57318454343198,34.48925488890205],[74.56292467913067,34.489515992669],[74.55298533140797,34.48898378377464],[74.54429581290151,34.48532493429832],[74.54529892570491,34.476823716741194],[74.55043129187067,34.47312646441486],[74.56069040883534,34.47180964290072],[74.56727248483736,34.47279634757342],[74.56746929427254,34.47282585073248],[74.58497263737735,34.47437046872221],[74.58857088513827,34.46742060058028],[74.59177650328303,34.467685229689664],[74.59882831137753,34.4700641631307],[74.61229044384896,34.45975818069553],[74.61837951150528,34.45711522159024],[74.62478928100057,34.45658591480816],[74.63344272590115,34.4552629140523],[74.64049395033561,34.453411058873314],[74.64049698015157,34.461603674070375],[74.64310463906787,34.457141598705846],[74.64294595549148,34.460094872480454],[74.64743449610518,34.46104600806689],[74.65503176280566,34.44966523236462],[74.66200335946752,34.45293007896004],[74.67527318001328,34.45211381290221],[74.68269188542223,34.44834092939044],[74.69688899063448,34.43204033329482],[74.70435659218305,34.414172147826434],[74.71133480245925,34.41715522063697],[74.71873366792448,34.4142276575804],[74.73152043112304,34.43224309714128]]]}},{"type":"Feature","properties":{"blockName":"Sundarbani","districtName":"Rajouri","state":"Jammu and Kashmir"},"geometry":{"type":"Polygon","coordinates":[[[74.52849091322514,33.163728764770724],[74.52530651098675,33.160421765152364],[74.5161924423274,33.15197960607401],[74.50892792298532,33.14012432557723],[74.50376031238858,33.13557857279295],[74.5073053301769,33.12936482762473],[74.50552989578813,33.117791242671785],[74.51338111664529,33.11659381785046],[74.51429245633187,33.1151465217946],[74.52283703560079,33.11559494894777],[74.52659034356958,33.114251787190256],[74.52404145444962,33.11068800234949],[74.52543726162037,33.10948097906396],[74.52638584043427,33.1011493637522],[74.51867607394172,33.09491921944647],[74.5268007624453,33.08012337979022],[74.53287284910277,33.07350055820427],[74.53418846732399,33.06888715661705],[74.53322825757806,33.067247903867724],[74.52689490707434,33.06626912042361],[74.52779089173634,33.06386755014739],[74.53595038220442,33.05819022629794],[74.5395437538412,33.05431085855935],[74.53962248409044,33.051993537671706],[74.54481426486649,33.04908467691638],[74.54783144896226,33.05198095615623],[74.55454198592395,33.05308398723628],[74.56584506200005,33.05402962616637],[74.57487282002467,33.05095042662094],[74.58109029288278,33.049797380644634],[74.58489986153944,33.05433560790203],[74.58937805095633,33.054806132297244],[74.59372390063754,33.05017844857662],[74.59757190631848,33.04406239226563],[74.60046036775185,33.0349838863973],[74.60304050471558,33.025438937257206],[74.60899685312233,33.02226082217925],[74.6138941059283,33.021921809244134],[74.61623326415389,33.0150235819728],[74.62047333197876,33.0179370148814],[74.61918469251958,33.02260758277379],[74.62566099655783,33.025960092584285],[74.63588397336673,33.038334736958575],[74.63895918981484,33.04511480680293],[74.64221161317545,33.052285572721075],[74.64246771761111,33.06309343081722],[74.63630685707585,33.07170464984978],[74.63284640703614,33.08048992187247],[74.6220279423357,33.096034932765974],[74.62543560127205,33.10015981452386],[74.62434219923318,33.105444683225585],[74.62508026384313,33.11095909578569],[74.62871460769304,33.11345632514934],[74.63544332804719,33.11334685517329],[74.64279492604504,33.11243070681172],[74.65051698537064,33.11416985805255],[74.65778567396973,33.11916431498122],[74.65793230932866,33.123243453622536],[74.66222752717869,33.13675807232721],[74.66587044786291,33.138643858927026],[74.67974409301553,33.137819196798546],[74.68627185805985,33.137503055421746],[74.68908522790099,33.14039647571684],[74.68224215065476,33.14865850328732],[74.68506409822959,33.150940482617216],[74.68844316771805,33.157103503324095],[74.68067536527593,33.15862537566062],[74.67968466491538,33.165234208292134],[74.67887617619465,33.17062752893736],[74.67413699452675,33.174230424394636],[74.67364645751803,33.180135311795254],[74.67741614663794,33.18343172999039],[74.6817018127885,33.18717934435131],[74.68467039482294,33.19354046232252],[74.6825722180335,33.19779196592651],[74.67581490823147,33.199939574851555],[74.66467172531992,33.20956826256531],[74.6567115444023,33.21027202073719],[74.63964263140235,33.20636321818802],[74.6300176318083,33.20948987225984],[74.62715806469299,33.213977616074146],[74.62317267857634,33.205211960063934],[74.62410198222074,33.202265103851516],[74.62085504382526,33.201627579849],[74.61937896586664,33.19239981619859],[74.61793430932096,33.191482614730944],[74.61464109810822,33.19446358312791],[74.61031184451605,33.19137569343354],[74.60744886357423,33.18666740077998],[74.61006543297339,33.175942691302225],[74.61381178288752,33.17061886486874],[74.62242190384785,33.164445346375715],[74.61668269405112,33.162266743215696],[74.58821574915754,33.15373730223479],[74.58230129656766,33.15470338725157],[74.56089120046857,33.16659826040143],[74.55642442344845,33.16719125986879],[74.5517598018734,33.163191894690215],[74.55406031533136,33.15811004973904],[74.54976510287725,33.15582057006333],[74.54604082052748,33.15957113240188],[74.53491341801987,33.15823486574652],[74.52849091322514,33.163728764770724]]]}},{"type":"Feature","properties":{"blockName":"Charar- E- Shrief","districtName":"Badgam","state":"Jammu and Kashmir"},"geometry":{"type":"Polygon","coordinates":[[[74.63611989072047,33.85664881638979],[74.64289994617565,33.859347120673135],[74.6506054381905,33.86676895932004],[74.66491204935164,33.88686180672704],[74.67332934757138,33.895321397364626],[74.68106663331855,33.908443581606036],[74.68340446684272,33.90967217333218],[74.68653412465017,33.9185681590933],[74.69105111082018,33.92136525210475],[74.69695177230648,33.918323756636084],[74.71130501961102,33.91592153704937],[74.7135874144277,33.91631480158685],[74.71333450888056,33.91972515938863],[74.72061207468755,33.920608309825695],[74.72409879662223,33.92260988413892],[74.73061976638917,33.93129636833277],[74.7337013734197,33.93407004479678],[74.74070950593898,33.93560030421071],[74.74448026615141,33.93591355246855],[74.74607312827231,33.933722874111425],[74.74680969461178,33.927614853242915],[74.75115004134142,33.92522529880853],[74.75441876581345,33.9234257212201],[74.76080534808841,33.922864418358245],[74.76167937040668,33.925125990272306],[74.7609743693717,33.92937567544709],[74.76122440428287,33.93475161759312],[74.76955167856715,33.9362040496772],[74.77160356185493,33.94068491097988],[74.77447811167559,33.94206085572398],[74.77410212671185,33.94506073506494],[74.7704615559561,33.95068606820752],[74.77242089091146,33.95383000724911],[74.77916058569252,33.95737490722627],[74.77785845820137,33.962921740346076],[74.78518622506431,33.9721512891507],[74.79262995500847,33.981048559143744],[74.79548980181295,33.999342196784994],[74.79519541593578,34.00069541835893],[74.7938241755453,34.00699866855376],[74.79733090559688,34.01076020082269],[74.79934336530414,34.01820628339334],[74.80244359729426,34.01936279086016],[74.80779329902157,34.02678376166131],[74.80227945932967,34.030783991088356],[74.80014207299831,34.03591950757925],[74.79673338523759,34.03672182425282],[74.79241515373639,34.04119055460046],[74.7903985553491,34.045406994537245],[74.7949068909403,34.053070324535895],[74.79172025478601,34.06052283366188],[74.7902317041299,34.05994243459571],[74.78728471931441,34.06206844899975],[74.77073806241168,34.05111289434467],[74.77045386765195,34.037073380931815],[74.76034098764654,34.02357747442096],[74.76338363874402,34.021906194115616],[74.76113321572541,34.01989906738811],[74.7605952601632,34.01338551702804],[74.75254494919011,34.01025496799241],[74.75567844350542,33.99308754865149],[74.75413132540041,33.991451635984276],[74.75233091054315,33.99255173347575],[74.75123252626014,33.99703389519817],[74.74454903910691,34.00189117223988],[74.73796325250214,33.990558178417245],[74.73573965086428,33.982976773959024],[74.72586987919163,33.976962910310135],[74.72432476387678,33.97433011084598],[74.71727658094949,33.9724736484402],[74.63280833963324,33.89084647338609],[74.63033807734047,33.886176620454705],[74.6368459313947,33.88235734541519],[74.63611989072047,33.85664881638979]]]}},{"type":"Feature","properties":{"blockName":"Nowshera","districtName":"Rajouri","state":"Jammu and Kashmir"},"geometry":{"type":"Polygon","coordinates":[[[74.36659250064343,33.312184133890696],[74.35011033592332,33.30310908681497],[74.3468458913249,33.29826464130019],[74.33986111060182,33.29256823473628],[74.3303032292107,33.29168773100406],[74.32492843190164,33.27712367811529],[74.33403065289235,33.26461082502959],[74.33712772286617,33.264525941618956],[74.3394485915793,33.26153547997848],[74.33270595061919,33.250319615657816],[74.32690704472441,33.22690397114138],[74.31326192180029,33.23068177934067],[74.31055720625011,33.19735520837622],[74.29633829067961,33.202731104656834],[74.29512323914622,33.20462393294821],[74.28442567390579,33.20946377393409],[74.27661559073698,33.211607164139366],[74.27653105086733,33.21625064175379],[74.2713368392238,33.2168983685649],[74.26376791375827,33.225613774955775],[74.25820957201421,33.225457283027254],[74.25828687863657,33.22229337004302],[74.25306995731273,33.21836022194674],[74.24675968341273,33.218615213021735],[74.23238813400525,33.207799124330165],[74.2258105267345,33.210416416784255],[74.21760443339792,33.22001011907179],[74.20748250081681,33.22653743355579],[74.19961051281496,33.22484069434262],[74.20022243311882,33.227735027449626],[74.18317113513984,33.24487615061389],[74.17212131084989,33.25089226976252],[74.17015598371171,33.249678798337925],[74.16318976679435,33.2500792358681],[74.15413377455411,33.25953489941611],[74.15025436095004,33.25874450595421],[74.14091376925512,33.266260750033666],[74.11579895016149,33.281127929310514],[74.10298156774519,33.27053833037968],[74.09069061158249,33.263648986611486],[74.07894134496718,33.260234832771346],[74.06503295900393,33.25991439803107],[74.04799652142236,33.26447296165793],[74.0364990236111,33.26474380508262],[74.02438354496468,33.26245498640856],[74.02030944792273,33.258777618092665],[74.01310730016183,33.24987029997442],[74.0110168458508,33.23849487343972],[74.01125335675704,33.21875381473683],[74.01427459679525,33.198249817075464],[74.01822662256063,33.19318771404181],[74.02624511731835,33.18858718894768],[74.0564346317529,33.186614990089765],[74.08283996539217,33.18074417080686],[74.09986877402474,33.17250823976349],[74.11170196537347,33.1644401545895],[74.14485168465757,33.135272979564434],[74.14878082267688,33.133884429922546],[74.17625427211703,33.107154846618926],[74.19064331064033,33.07670974755683],[74.1992568966885,33.046867370532766],[74.20525360127272,33.043296813796985],[74.21645355208983,33.042991637853845],[74.22039794890628,33.044815063664316],[74.25496673542654,33.0487747192779],[74.28319549577554,33.043190002216875],[74.30787658713484,33.03052139284807],[74.32648467992408,33.029460906895395],[74.33834497324199,33.02559879984477],[74.34809614861842,33.0282582111476],[74.37237722782686,33.02778060459127],[74.37757453223895,33.02736482102972],[74.38278594431591,33.05674671279064],[74.37282158284984,33.05986561920304],[74.36916130884737,33.06814056373605],[74.36195673471559,33.073450110734086],[74.36091635130862,33.08912584887889],[74.3635176538167,33.089144073640114],[74.36499756108861,33.09383544105282],[74.3692854710477,33.089871066696446],[74.37588930075071,33.09338219443276],[74.3808646003211,33.09281446681422],[74.38527161109602,33.08965248017785],[74.3897092716656,33.094554154950345],[74.39412269460672,33.103327072986076],[74.39696894186324,33.113388988411145],[74.40341196738842,33.10387746617215],[74.41124622883046,33.09766713483049],[74.41585005533585,33.0964589828958],[74.42104999925812,33.09061570085396],[74.42285457258049,33.08542280132127],[74.42659958880006,33.0917425154048],[74.42987647821695,33.09314689671197],[74.4324511769803,33.09689191293148],[74.4324511769803,33.108126961590074],[74.43479181189264,33.11421261362125],[74.43713244770436,33.11795762984082],[74.44251590818266,33.11842575664343],[74.44415435334076,33.12170264606033],[74.44341629502605,33.15670647782173],[74.4494199378799,33.15820738876005],[74.45129416909072,33.16341358836644],[74.45027760063084,33.17986338558683],[74.44684694782842,33.19058417671846],[74.44234071844943,33.19198312432178],[74.43519826858528,33.187096184941026],[74.42504847140987,33.1713076115571],[74.41790602154572,33.17017985631537],[74.41151540850933,33.17863802062823],[74.40343316261044,33.180141694283805],[74.40550071388691,33.19912557508525],[74.40150447385247,33.21118672388826],[74.39872945020403,33.21344143127709],[74.39300596235535,33.2137883096828],[74.38589496268241,33.21101328513504],[74.37045889026564,33.21153360229397],[74.37028545151242,33.222807138338794],[74.3683776225293,33.227489991869675],[74.37060767050764,33.23399872905816],[74.38105659838334,33.2497382525184],[74.3740759005824,33.261095190790456],[74.37678054778411,33.26582832271896],[74.38002612370673,33.28002771940379],[74.37718624454959,33.28787119529949],[74.37069509180509,33.29179293369697],[74.36812567745812,33.2970669952457],[74.36659250064343,33.312184133890696]]]}},{"type":"Feature","properties":{"blockName":"Anantnag East","districtName":"Anantnag","state":"Jammu and Kashmir"},"geometry":{"type":"Polygon","coordinates":[[[75.15027258820942,33.94426338085037],[75.14752729165127,33.91815673544505],[75.14536797804982,33.915239576645206],[75.14382324944347,33.91504081837911],[75.13895087278462,33.91930685592672],[75.13276669732528,33.918876221860216],[75.12638730782805,33.9133093896167],[75.12186843667905,33.91188520703673],[75.12100639243113,33.91910090308426],[75.1186116408146,33.920035927316235],[75.1050671151553,33.91359928967552],[75.10541075420298,33.910542252123264],[75.10370505234636,33.90845100191228],[75.10150228530227,33.907258722112374],[75.09821562565065,33.90588664175516],[75.09585918785132,33.90540014000453],[75.09165404519808,33.9027049239931],[75.08977128391768,33.89855018834055],[75.08793440424944,33.89671501108893],[75.08693750935862,33.89577977821426],[75.08533037769485,33.89436164177641],[75.08550864670673,33.89346797107004],[75.08783405160028,33.89117184180708],[75.08936595407556,33.8901224507905],[75.0900131448908,33.890081421020795],[75.09087915604829,33.89011414735006],[75.09167728367976,33.89018147869234],[75.09327642756512,33.8893631801667],[75.09313714955988,33.886061887646065],[75.09171432855345,33.885274748830625],[75.08873740170975,33.88501846363124],[75.08473194182574,33.880213241148226],[75.0827395343021,33.8786400939652],[75.08366341143733,33.877295847625305],[75.09236388908226,33.87614163702699],[75.09373442530352,33.87750404337697],[75.09849693898258,33.888594069161],[75.09817157415887,33.896257322717304],[75.09674323940902,33.89741666214928],[75.09805036083554,33.90116360471666],[75.10040327868842,33.90150372741516],[75.10888658624702,33.88882019019968],[75.11083572738698,33.8884496218526],[75.11366963594497,33.89151461210969],[75.11692973411999,33.889560763918155],[75.12052588825918,33.89254713544199],[75.12346216844435,33.88742429939197],[75.1290734451834,33.88739704543735],[75.12816582329418,33.87975674437831],[75.130406001236,33.875225234157256],[75.12406119157077,33.86973164180188],[75.12254771620422,33.864924590097814],[75.12709598619085,33.86206339970619],[75.1229169607492,33.85874326998595],[75.12110239505955,33.85305565159712],[75.1274504692638,33.85133736192978],[75.1271472970102,33.85044110477321],[75.13595719516849,33.852828006207574],[75.13455925930242,33.84569966490767],[75.13863759394985,33.844817222237054],[75.14026432813631,33.84608390025187],[75.14664223734945,33.83928977760121],[75.14023427818944,33.837662424681184],[75.14055765910877,33.83159541919332],[75.13365123361757,33.83031351565626],[75.13062517591118,33.8319241492801],[75.1253078326904,33.828194472796724],[75.12585067067198,33.84158121689967],[75.12113254932774,33.841725852166405],[75.12253642881319,33.838928054985786],[75.11963872324856,33.836196390351176],[75.11323389462859,33.834470035563754],[75.10935570769982,33.837187239999196],[75.10922198570614,33.83996620897341],[75.11192004897111,33.843117126754066],[75.10999331174202,33.842994417858165],[75.10285092123308,33.83558009574489],[75.09862055259646,33.837467728652825],[75.09447636868953,33.831063294835246],[75.09117498263942,33.8329699187268],[75.08959019463185,33.831796639803144],[75.09448659128321,33.82648715575766],[75.09490337938752,33.823970351750404],[75.09045983905037,33.82343085564952],[75.08558962166376,33.82401069983399],[75.08294595299338,33.82854582532963],[75.08230273718164,33.833987120309416],[75.0837047703589,33.83621157180664],[75.0821021703789,33.83972695513495],[75.078188593329,33.83700400942752],[75.07690064634778,33.83274081463696],[75.07447024740407,33.832117043067115],[75.07247210040714,33.83545890400529],[75.07179057977152,33.84011730766764],[75.07192890809267,33.84185639865393],[75.07327419404885,33.84414020090958],[75.07084302078886,33.846082580946415],[75.06786527286408,33.84590405203045],[75.06580648638032,33.84498501504646],[75.06423637710719,33.841669840590725],[75.06299165783878,33.83986899855552],[75.05986602989344,33.83395522405442],[75.05639170061653,33.823038375320834],[75.05231160059992,33.819060333067966],[75.05502580759497,33.81243696379488],[75.05847388026541,33.81469442220987],[75.06240130687485,33.81562157467596],[75.06316066293431,33.81617347242786],[75.06662996769893,33.81579972857469],[75.06684918374287,33.81568510908056],[75.06812706641102,33.814589911095595],[75.06921172973762,33.812356476270395],[75.07370366079539,33.80327580933118],[75.07459215410466,33.80334420726939],[75.08666371256032,33.79057617604974],[75.08868316719446,33.78996778108825],[75.09313082642655,33.776529763038184],[75.09450781258556,33.77520503018803],[75.09999498378153,33.77015676592208],[75.12423450172093,33.79061604299602],[75.12451990606888,33.79172821118806],[75.12112851137175,33.79719017438708],[75.1210313027525,33.79812496479536],[75.12457919117679,33.80199101087652],[75.12900083482072,33.79999518143251],[75.13072432976406,33.799463817900914],[75.13483210731596,33.8004207361281],[75.13601008609663,33.800881046023505],[75.13709941780394,33.800987927750725],[75.14346675728507,33.79506429667998],[75.14438259897781,33.79629504138313],[75.14053637485387,33.8056410847683],[75.13676055235766,33.80957714037277],[75.13215989955978,33.81142348990221],[75.1294522666089,33.81202376848216],[75.12541775862275,33.81921943482911],[75.13041447914497,33.821101902930536],[75.13391199564217,33.81806654173755],[75.14027265585844,33.81595771517647],[75.14649885034174,33.810601480773755],[75.15066745983546,33.81403287102023],[75.16241724356098,33.805494633770365],[75.16543634141408,33.807690771012346],[75.1651241138868,33.80850986723664],[75.15983470270942,33.815126675955355],[75.16182400757197,33.81596113619753],[75.16745347220007,33.82011773434601],[75.16827130757486,33.820777741399695],[75.16978336471055,33.8214435994426],[75.17458452675459,33.824114012151995],[75.1745891861421,33.83301387668911],[75.17592213609777,33.8385178634087],[75.17643184305518,33.839594744002284],[75.18373921958937,33.83836018527438],[75.18902232292191,33.83997293860028],[75.18794086387982,33.843981820404736],[75.18653974531304,33.852344663775284],[75.18464699616197,33.855205647322805],[75.18664527715788,33.85900289436813],[75.19118025426536,33.860139042083176],[75.19519120001394,33.87280120511156],[75.18292607058174,33.8729398248131],[75.17780181270354,33.86729748908789],[75.17703898795901,33.86645754028331],[75.17143151625152,33.878046886754476],[75.17870954161214,33.89073214257439],[75.18080555733064,33.8896291249842],[75.18414352600297,33.88382356590489],[75.18647505078303,33.875862534228645],[75.18965974170379,33.87810771689766],[75.18764033563303,33.8962187202178],[75.19111832515063,33.899588178651584],[75.20055515239841,33.898244864009314],[75.20563350618141,33.90068689658307],[75.21409003462747,33.900882357934506],[75.21944286689484,33.89542297129316],[75.22067289214033,33.88885139217808],[75.2265172659591,33.88918548312358],[75.23713139389878,33.90400079669945],[75.23594823412378,33.91292966527186],[75.2389178755596,33.915023241129745],[75.24395487221966,33.91439942998977],[75.24603164874168,33.918950010334754],[75.25148451799618,33.921684195769046],[75.25184111807317,33.93051814359751],[75.25635550520246,33.93124240811068],[75.26238160502709,33.9318153284147],[75.26764461390786,33.9354757229263],[75.27497260470199,33.94592680108104],[75.30969433532539,33.978437487300255],[75.30400935734605,33.97840420968657],[75.30036439879802,33.977523386695],[75.29436696396425,33.97834993200382],[75.28888490361544,33.97582814395372],[75.28469371034652,33.97446267271425],[75.2775655641995,33.974978346673424],[75.2736070021615,33.97186734889908],[75.26306564736177,33.97166538814719],[75.25912019384191,33.96711921088291],[75.257449942361,33.966005575896645],[75.24903980184541,33.96597732819117],[75.24477460516397,33.965885001091976],[75.24415511256842,33.96549034440392],[75.24373600511262,33.96493303992793],[75.24382710643584,33.96299765122069],[75.24266035479161,33.960454463802535],[75.23814653693319,33.95939811473124],[75.2362549982696,33.95923818019793],[75.23384782611635,33.95627248408795],[75.23608315311509,33.95489025218342],[75.23756670264129,33.953861770404444],[75.23624632880507,33.94820854388922],[75.23473892835892,33.94735801276215],[75.23203115511376,33.94704184170769],[75.22519077313575,33.94810840887601],[75.22151335895438,33.94580584406452],[75.21972424317931,33.94335240988585],[75.21648444090425,33.94187210511359],[75.20670818793258,33.94221723523725],[75.198813340963,33.94330996997917],[75.19613920595964,33.949996681201924],[75.19332713114227,33.9506453792809],[75.19109997268566,33.95057069688022],[75.18526744563616,33.94826372359205],[75.18477284459118,33.947204449026174],[75.18437926529094,33.94581972240229],[75.18405095159022,33.939003390094456],[75.18380375224143,33.93803980159561],[75.18221156101481,33.936865040589225],[75.18033799710093,33.940564559207075],[75.17773540766296,33.952690615679444],[75.17575426684601,33.9545179130713],[75.17565233228936,33.95460465897787],[75.17309318100558,33.95628624281591],[75.16850847858348,33.95855733495307],[75.16658708062931,33.9598099160948],[75.1669981868169,33.96660562155222],[75.16586689903824,33.96740454418443],[75.16362730565567,33.96754260720559],[75.16101843085596,33.964937085977795],[75.1594530241378,33.95368265782844],[75.15749946822592,33.9511551752712],[75.1583462842537,33.96371391536496],[75.15746463568445,33.96553043258342],[75.15427129868152,33.96400924732893],[75.15086386007914,33.95642437418559],[75.15052775015562,33.95270079780363],[75.15027258820942,33.94426338085037]],[[75.14664223734945,33.83928977760121],[75.15769872201844,33.841322676200605],[75.15844660362791,33.840171338036896],[75.1545628687814,33.837204090596344],[75.15018735676114,33.83646665910908],[75.14664223734945,33.83928977760121]]]}},{"type":"Feature","properties":{"blockName":"Larnoo","districtName":"Anantnag","state":"Jammu and Kashmir"},"geometry":{"type":"Polygon","coordinates":[[[75.32926286718765,33.86934167058166],[75.32575690155983,33.86887849274831],[75.32009347223601,33.86542672926021],[75.31812262326054,33.85969323285644],[75.31261434497611,33.84905064407201],[75.3089323415544,33.843632896041356],[75.3012468738442,33.84253779608247],[75.29654941082669,33.82694449878966],[75.29486385018657,33.82321516674659],[75.2937488689152,33.82349416342498],[75.29100882169979,33.827059619206125],[75.28566500063931,33.82433215710341],[75.28751010910429,33.82104259174224],[75.28488618594878,33.80820028011891],[75.28712990272288,33.798041373710475],[75.28552154618245,33.7935193774174],[75.28266940117197,33.791441378716684],[75.27324292062434,33.789768663093355],[75.27582841125223,33.784890844636834],[75.27889800693754,33.78257131681289],[75.27910795276983,33.78055168501231],[75.277027208439,33.77874758743127],[75.27706718060597,33.776181019438525],[75.27559075910631,33.7729275528643],[75.26749668622313,33.77411075490744],[75.26242906405014,33.778825905790995],[75.26142090335208,33.778716835113926],[75.25145308399271,33.77689326181462],[75.2500445658041,33.77132420914501],[75.27389111778092,33.762444627018],[75.27106178497343,33.76118675966126],[75.26921760910545,33.7623718403882],[75.26442205343506,33.76214868801162],[75.25857592773696,33.75878739542202],[75.26355758461489,33.75249015719504],[75.26484443442314,33.74200300273645],[75.27071405401045,33.73189389718567],[75.27487674326716,33.72023056528843],[75.2723409203972,33.71908188282271],[75.26746180691691,33.72022747431856],[75.2655444900862,33.71561634621747],[75.2720092567219,33.71089061930667],[75.27382940540281,33.70445857989961],[75.26848029542936,33.693678484774296],[75.27144509401592,33.69128952928838],[75.27513767436426,33.69121280632601],[75.28828686974327,33.70325359267923],[75.28783622486196,33.71293772539576],[75.28993082774554,33.71611983076565],[75.30078323196062,33.723151032694034],[75.30333443593554,33.73508238144677],[75.30800187058992,33.73731749440691],[75.31246415999306,33.735914776845505],[75.31529443259205,33.74291702330203],[75.32166765004206,33.744454495278774],[75.33351838896255,33.73594517932662],[75.33565499018573,33.737275567113784],[75.33477772761012,33.744592374838305],[75.33658784435357,33.74766131671646],[75.34619788372544,33.754099065919206],[75.34515910560827,33.76095269670964],[75.34244910384314,33.76295526567304],[75.34591456220733,33.77219762082359],[75.34514908086544,33.77379612169369],[75.33877886085583,33.77223495437971],[75.33370183087487,33.764575363762106],[75.32952475156611,33.760365477185076],[75.32566938943086,33.758826008713356],[75.31856338099527,33.764919485745736],[75.31379782670837,33.7640645065718],[75.31143175806926,33.760881917366646],[75.30531016013583,33.760964736833216],[75.3043793923951,33.75781148711047],[75.29959152682756,33.75659460185943],[75.29779345290558,33.758325488330684],[75.30576756612032,33.774436886852925],[75.30351956407668,33.780495983702735],[75.31014568437587,33.79064740595305],[75.31019385835992,33.793686831182356],[75.30498263873784,33.79769673821397],[75.30308221027582,33.801383238245876],[75.30654017009283,33.8090229385578],[75.30520588914055,33.811117357979754],[75.30935068188853,33.8167369408572],[75.30881773644944,33.82502290388396],[75.32433367765714,33.84429601115204],[75.33087477784875,33.847187423261005],[75.3364682246289,33.854541436837906],[75.3334698156795,33.85546381300463],[75.32670785008725,33.853082558413405],[75.32581480710769,33.85407570403055],[75.33088306779939,33.862303141876566],[75.33155760879669,33.86721080613387],[75.32926286718765,33.86934167058166]]]}},{"type":"Feature","properties":{"blockName":"Qazigund","districtName":"Kulgam","state":"Jammu and Kashmir"},"geometry":{"type":"Polygon","coordinates":[[[75.09999498378153,33.77015676592208],[75.09450781258556,33.77520503018803],[75.09313082642655,33.776529763038184],[75.08868316719446,33.78996778108825],[75.08666371256032,33.79057617604974],[75.07459215410466,33.80334420726939],[75.07370366079539,33.80327580933118],[75.06684918374287,33.81568510908056],[75.06662996769893,33.81579972857469],[75.06316066293431,33.81617347242786],[75.06240130687485,33.81562157467596],[75.06229629303954,33.815545250113246],[75.06124471667039,33.802756268287226],[75.07030365419035,33.80240794916756],[75.07426202827003,33.79851663033827],[75.07892330616568,33.791548841405984],[75.07844479938802,33.78985774094207],[75.08375372675312,33.786636777665194],[75.07579613228575,33.780176531921484],[75.07303803567686,33.77338665676882],[75.07589908937155,33.76499411868366],[75.0808580401665,33.76650382139428],[75.0836952123642,33.76937751685898],[75.08703245798159,33.76054650981365],[75.08773186073682,33.75465310675554],[75.08090546231728,33.753477437433844],[75.07572400755697,33.75505182118468],[75.0758971207556,33.75266060300447],[75.08301034535123,33.74484157607793],[75.09209486588543,33.73645760313593],[75.09360435455739,33.72878664418835],[75.08984704640415,33.716633018998664],[75.09330903608321,33.71630287877491],[75.10167804700433,33.71662258416495],[75.108309200809,33.71686293427706],[75.11540771339531,33.714646598261936],[75.11872189410019,33.71632203163648],[75.12486390214741,33.718304853286384],[75.12567530916823,33.716378075587784],[75.12655844791408,33.71808831272551],[75.12623308668765,33.726494918905416],[75.12965733092113,33.72581664482237],[75.13413932626895,33.73261178190825],[75.1326755663244,33.736520491827264],[75.11863941817467,33.75164726490942],[75.11600741011392,33.75134766386367],[75.11352447907149,33.754512298104146],[75.11012566406822,33.75486241316986],[75.10885821983106,33.75820955762504],[75.10240621817246,33.7610650391203],[75.09953018716845,33.76684764300438],[75.09999498378153,33.77015676592208]]]}},{"type":"Feature","properties":{"blockName":"Sallar","districtName":"Pulwama","state":"Jammu and Kashmir"},"geometry":{"type":"Polygon","coordinates":[[[75.13671317697157,34.162635395806944],[75.12828140056627,34.1598830161883],[75.12883743789752,34.15567270872856],[75.13182725742206,34.15349225566314],[75.13132210732942,34.141314642856514],[75.1327743505559,34.13276178442885],[75.1306551925831,34.12207312157733],[75.13201662586664,34.11449536386999],[75.13544537210629,34.10760191739462],[75.13645868951699,34.10376205057821],[75.13277887594444,34.09046914533485],[75.12038841159597,34.06685726425138],[75.11757775231149,34.0547927906548],[75.11308459907502,34.04847298034383],[75.11097896960382,34.03831796979853],[75.11174662910372,34.028779609991034],[75.11685736117835,34.02061403830726],[75.11607222964972,34.01341766419392],[75.12043384804372,34.00549069703811],[75.12012682039648,34.00092329667285],[75.12010932678407,33.997372084354254],[75.12142976717007,33.99219205142208],[75.12133855882746,33.990166366284825],[75.12138866365598,33.9891355291814],[75.12215101175985,33.98688709006723],[75.12620915392938,33.982950707109524],[75.12667786259334,33.98206962151585],[75.12639904038349,33.97974316441554],[75.12407454200655,33.977717567411844],[75.11716286357534,33.97381441979968],[75.11708952296317,33.970765096631965],[75.12539758323192,33.969667971399815],[75.13250631121736,33.9729074939857],[75.13388182878344,33.971423864419876],[75.13186205758797,33.96755008956501],[75.13212077275551,33.966044178396146],[75.13761166804409,33.959526124231274],[75.1442327710256,33.9586005230957],[75.144799395176,33.962152814600756],[75.14599621835083,33.96424578611419],[75.14882257889894,33.9648109389737],[75.1515244301084,33.97169334717029],[75.154677500866,33.96775359355354],[75.15718811394038,33.97063506905323],[75.15949764759841,33.9682918728717],[75.16866774042393,33.97546803742006],[75.16699346357751,33.97752563500012],[75.15969200008578,33.97549474818413],[75.16153858343893,33.98304470065244],[75.15921832896277,33.98492824164509],[75.157770996934,33.99095051755239],[75.150675383762,33.995175980387216],[75.15668037020299,34.00330678877731],[75.16707238808033,34.00648679512955],[75.17001659758796,34.01552173873728],[75.16658986942701,34.01532099027156],[75.1670819586655,34.016872747978994],[75.17163271527767,34.022571101575124],[75.17436793223436,34.021055012778675],[75.17561067119556,34.029106449702965],[75.18447372828001,34.030505514218135],[75.18582056736534,34.04348239859388],[75.18158732719343,34.043713474897004],[75.1877933480846,34.07349398216161],[75.19299796488423,34.08303190309988],[75.18922664619282,34.08603381400934],[75.18875927212275,34.09483780631973],[75.20164321965893,34.111237424967214],[75.20586890192834,34.12305404630723],[75.2063624930347,34.124434314092355],[75.20327198631315,34.13444548167371],[75.19083894985772,34.13293696337024],[75.18604940795387,34.13902948172523],[75.18687840841187,34.14181214421512],[75.18460426487496,34.1425182055508],[75.18495765886894,34.14457551264985],[75.18873008192782,34.1433085477513],[75.18944338190659,34.14810450991524],[75.1836064778567,34.16356035392727],[75.13671317697157,34.162635395806944]]]}},{"type":"Feature","properties":{"blockName":"Shahbad Bala","districtName":"Anantnag","state":"Jammu and Kashmir"},"geometry":{"type":"Polygon","coordinates":[[[75.16195743728593,33.636659656717825],[75.18077113398073,33.61511066842269],[75.2114052804294,33.58992348717925],[75.22886391823528,33.56778443840119],[75.24188079816037,33.55862222993204],[75.24807045318494,33.551224795285535],[75.25868710732419,33.53853652673939],[75.27039044016675,33.52831873542135],[75.29077712036786,33.523332902091795],[75.2954116002652,33.52398078358635],[75.30086001158031,33.518132091223094],[75.30171545300578,33.51116999230135],[75.30496967321193,33.508879439734415],[75.3176536079277,33.51209507542745],[75.31749649996357,33.51418537685373],[75.31779991233617,33.52134832856257],[75.31542364358631,33.54918634517372],[75.31284049389376,33.55831317791086],[75.30564474840645,33.571105814581756],[75.30046667419771,33.575610799299],[75.29960762918881,33.57664174162312],[75.29946150734276,33.57844255128276],[75.30103491982572,33.58203432302565],[75.30163602668136,33.58548009972685],[75.2984479713968,33.58792302712607],[75.2979484861338,33.59030535011186],[75.29882612822331,33.59327250402288],[75.30477402480147,33.59854720229163],[75.30705560123505,33.60093244087949],[75.30764375335661,33.603503358892965],[75.30928936791008,33.60447323904879],[75.31168484707808,33.604903129376],[75.31234263280629,33.607250546075875],[75.31131912607685,33.61016023600615],[75.30644254328882,33.612035121923384],[75.31048770104661,33.615567318976616],[75.3104996899088,33.62043910568025],[75.30973937067546,33.62352203201624],[75.306423565795,33.62406506155338],[75.29756822939032,33.62068462059881],[75.29377304179252,33.620851765896305],[75.29154832589455,33.620942913085],[75.28965077526311,33.62074302616975],[75.28908750558395,33.62388539499506],[75.28882458878383,33.62624246231985],[75.28877692021877,33.62757009008766],[75.28785108525943,33.62888720118343],[75.28626073134774,33.629075456267344],[75.28503063325718,33.628916342815046],[75.28208507476643,33.62739920540906],[75.28092382067786,33.62712247142497],[75.2783520087383,33.6283997578426],[75.27754075100489,33.63073474141521],[75.27886568979983,33.63264832695876],[75.27905696031053,33.633931037187665],[75.27268033892653,33.637826181732976],[75.2671823300006,33.63539233209053],[75.26441125167798,33.63494572426583],[75.25860335526068,33.63480606584733],[75.25673431583607,33.64115204193325],[75.2552346045934,33.64103035196922],[75.25123690585855,33.63801510591247],[75.24709662770726,33.640774387827776],[75.24705201683719,33.64277918441189],[75.2466554958545,33.644589667179446],[75.24415147930739,33.64486818631781],[75.24175390561828,33.64672103974425],[75.24155399442134,33.648467543842116],[75.23611717356874,33.65071234339996],[75.22580480864508,33.65113484219927],[75.22668946814451,33.65692764889195],[75.22524957980431,33.658031418315375],[75.22288624060758,33.65854735937319],[75.22039673012506,33.659624941437926],[75.21673134527543,33.661785660679755],[75.21134737398216,33.66854326366075],[75.2052674866053,33.6652104022383],[75.20199764877253,33.660393552420544],[75.18841468518963,33.65911229639539],[75.18813986586218,33.66233667979401],[75.18443567526623,33.66288259795357],[75.18252054738542,33.66742851441444],[75.17906347160198,33.668966797579685],[75.17495841090198,33.663895034927975],[75.16806324312421,33.65950077024439],[75.16195743728593,33.636659656717825]]]}},{"type":"Feature","properties":{"blockName":"Srigufwara","districtName":"Pulwama","state":"Jammu and Kashmir"},"geometry":{"type":"Polygon","coordinates":[[[75.1442327710256,33.9586005230957],[75.13761166804409,33.959526124231274],[75.13212077275551,33.966044178396146],[75.13186205758797,33.96755008956501],[75.13388182878344,33.971423864419876],[75.13250631121736,33.9729074939857],[75.12539758323192,33.969667971399815],[75.11708952296317,33.970765096631965],[75.11716286357534,33.97381441979968],[75.12407454200655,33.977717567411844],[75.12284898729098,33.979800577134995],[75.11837533225582,33.981405776155725],[75.11106885414438,33.97962771664584],[75.10992598399702,33.992508585802625],[75.10660397289507,33.99896512094364],[75.10181754804148,33.993858257752436],[75.09894356839101,33.99722715770719],[75.0891637208291,33.991547161072674],[75.08057198381005,33.978282883948],[75.07295179069263,33.97953510086427],[75.07100003612283,33.976784280670074],[75.0590061314279,33.97061318584991],[75.05663215504995,33.96975872198749],[75.0502557531006,33.972348557240196],[75.04623382932783,33.96879835935687],[75.05182370220217,33.9526526606918],[75.05586822863592,33.95180458471384],[75.07318177701745,33.956216612806486],[75.07643342336388,33.95469813091404],[75.08416534915159,33.93775667343181],[75.08623180235583,33.93768058988735],[75.09077699216454,33.93279881171583],[75.09807503733316,33.936862178047136],[75.09446381055648,33.94776597132255],[75.09664142805951,33.946254998769234],[75.10658644690704,33.947473215016885],[75.10956954220069,33.94618518889541],[75.11027093785356,33.94401920142508],[75.11019507104572,33.93444991303312],[75.10776408574401,33.92966556021747],[75.10508848124846,33.92279224056949],[75.10118091886437,33.91719773079069],[75.10114045566758,33.91627767757279],[75.10135038531212,33.91579476501647],[75.10171296857868,33.91536470381806],[75.10289491696687,33.91476529578182],[75.1050671151553,33.91359928967552],[75.1186116408146,33.920035927316235],[75.12100639243113,33.91910090308426],[75.12186843667905,33.91188520703673],[75.12638730782805,33.9133093896167],[75.13276669732528,33.918876221860216],[75.13895087278462,33.91930685592672],[75.14382324944347,33.91504081837911],[75.14536797804982,33.915239576645206],[75.14752729165127,33.91815673544505],[75.15027258820942,33.94426338085037],[75.14440393899065,33.94531256322426],[75.14571167015748,33.95267492610702],[75.14433186192593,33.95448470200745],[75.14560295741063,33.9559110006922],[75.14582694076074,33.95812377359334],[75.1442327710256,33.9586005230957]]]}},{"type":"Feature","properties":{"blockName":"Magam","districtName":"Baramula","state":"Jammu and Kashmir"},"geometry":{"type":"Polygon","coordinates":[[[74.64172784986044,34.1742100734362],[74.63154589292867,34.171849737975094],[74.63055353241964,34.1745521782405],[74.63484631220757,34.18955961668303],[74.61332219556294,34.19446798690814],[74.61221643144319,34.19544211276332],[74.61621176226305,34.200970268762944],[74.60774073944361,34.20874892782081],[74.59798990311157,34.20764715129502],[74.58975351431332,34.204498676073115],[74.58700069222823,34.19651834224777],[74.58260193273304,34.19121334042336],[74.57058681572903,34.18278945017306],[74.5609381954414,34.1698978332185],[74.54885941363108,34.16418641157367],[74.5440743647402,34.15358696956304],[74.54232967907149,34.143678437110225],[74.53931524330392,34.144221668095554],[74.54137923866097,34.13778777428638],[74.54206669841943,34.137348395212314],[74.5449714483737,34.13512711562396],[74.54915770526395,34.13222236566969],[74.56120387405957,34.126241998169746],[74.56201881181875,34.12563079462552],[74.56257081569066,34.12521679262096],[74.56335967131184,34.13267506010601],[74.56496296287048,34.140338578962314],[74.56598816841927,34.14478113813908],[74.5665397172342,34.14627819997901],[74.56863564032261,34.14612294641688],[74.58070099615412,34.14220428280146],[74.59689125982385,34.14241052882289],[74.5973037509674,34.145916701294766],[74.59967557256965,34.147876031753526],[74.60648167239134,34.150041609132984],[74.61809771973401,34.149243256671014],[74.61854776836486,34.151373487096805],[74.62405422462285,34.155983964088705],[74.63003186717697,34.1507245336104],[74.63101115783871,34.145583835225864],[74.63752593307538,34.15392998358192],[74.64466519664154,34.153353073885285],[74.64754974782267,34.157607787169695],[74.65283463900744,34.15926587801789],[74.65207131334051,34.16675175918641],[74.65196802350556,34.17067801397923],[74.64960557733559,34.17167774892903],[74.64287287388407,34.17330583209855],[74.64172784986044,34.1742100734362]]]}},{"type":"Feature","properties":{"blockName":"Narbal","districtName":"Bandipore","state":"Jammu and Kashmir"},"geometry":{"type":"Polygon","coordinates":[[[74.67428679100266,34.22136309942755],[74.6705780921053,34.21943445833364],[74.6707242607161,34.222211652046155],[74.66889021301296,34.22863081675882],[74.6661197237463,34.231123295004124],[74.66176559580566,34.229483687022594],[74.65490484598189,34.23271511391141],[74.65435857079149,34.228885318602636],[74.65354539390484,34.22318433808681],[74.6460861065886,34.22300926436611],[74.63861680082476,34.2204975999843],[74.63145164757555,34.21808821100217],[74.61171016798994,34.209631797669374],[74.60774073944361,34.20874892782081],[74.61621176226305,34.200970268762944],[74.61221643144319,34.19544211276332],[74.61332219556294,34.19446798690814],[74.63484631220757,34.18955961668303],[74.63055353241964,34.1745521782405],[74.63154589292867,34.171849737975094],[74.64172784986044,34.1742100734362],[74.63766448532778,34.178173945071535],[74.63686346907389,34.17973142426587],[74.63854465990818,34.19251826570547],[74.64103283040083,34.19884884180067],[74.64415207315972,34.20137323518668],[74.64751319307948,34.204555726365754],[74.64909665998294,34.20043065934749],[74.6509664521401,34.197423189728454],[74.65648038985819,34.19512854974283],[74.65551284883895,34.18732777635586],[74.65984197382807,34.18447182091785],[74.66539961410098,34.184804790408805],[74.66648253184343,34.18069175721888],[74.67447802194323,34.18229624487583],[74.67456243860573,34.184391556425226],[74.67101716361128,34.184422654981574],[74.67430411644187,34.191684719174475],[74.67278644124133,34.19684710830745],[74.67540724734664,34.205369817862845],[74.67428679100266,34.22136309942755]]]}},{"type":"Feature","properties":{"blockName":"BK Pora","districtName":"Badgam","state":"Jammu and Kashmir"},"geometry":{"type":"Polygon","coordinates":[[[74.54935358030355,33.806253747912194],[74.55180105197701,33.812457808281295],[74.55165302986347,33.820402297827854],[74.55007758041609,33.82411186367165],[74.54572136694759,33.83378613442261],[74.544262468738,33.83743945126969],[74.54324924215888,33.84133136455091],[74.54211445601737,33.846878424299916],[74.54283590924985,33.85074334083254],[74.54791190051384,33.862367732085204],[74.55485233206952,33.87209105635719],[74.56451244029694,33.88588242703241],[74.57582439358094,33.89585647959291],[74.58331599084039,33.8996713038876],[74.59294488809616,33.90534866910582],[74.59714975375817,33.917809115997954],[74.60598402084594,33.927904921474976],[74.61248659587977,33.93143929398826],[74.62733296214657,33.9363590100603],[74.63160809723598,33.93710695282368],[74.63692977608838,33.94165618688356],[74.64487522071494,33.947376182664755],[74.65344012556142,33.95454035115631],[74.66217740706173,33.965581763187856],[74.65631580313186,33.984713711068935],[74.65766027969823,33.99465236721301],[74.65640388633034,33.99662673793364],[74.65238478013356,33.99678866176737],[74.64196039385718,33.9911612952576],[74.6243917266969,33.98748723105092],[74.61914789136216,33.98841990535442],[74.61747621715375,33.99091866266622],[74.6262887809026,34.001856755185145],[74.61884892523778,34.00995837967554],[74.61614254774042,34.011091636070205],[74.59569269196425,34.00654586799749],[74.59292689176272,34.00193951529644],[74.58351083435758,34.007528543707394],[74.5777466971524,34.00900712537856],[74.5689423487105,33.996754127800784],[74.57446901363414,33.991296840177085],[74.57621132509263,33.98556571528559],[74.5296711789818,33.957546312612294],[74.51360886635615,33.95151544098485],[74.47590712871107,33.92407509738791],[74.47498992634411,33.91212987839123],[74.48061757793892,33.908644608861664],[74.48524864760708,33.90807496658647],[74.48888078811791,33.903613454197625],[74.49489284143152,33.895859574160056],[74.50169725862162,33.88947991036963],[74.5010250306807,33.88611301680231],[74.49890023036141,33.875171452000984],[74.49026291480175,33.86689645260924],[74.49173132693926,33.85624510892467],[74.49289435359162,33.85522214358713],[74.49683043617574,33.851760075667016],[74.49899510883728,33.85131080225176],[74.5039222002494,33.85054054910711],[74.50598716687432,33.848650963771036],[74.50923417451759,33.84797705319852],[74.50940451060973,33.844382159009456],[74.51136928286616,33.832538683913185],[74.51757307793525,33.834784076124265],[74.51845095654647,33.83203847289724],[74.52145987497329,33.8312413129363],[74.53248384105649,33.823242105938505],[74.54093086007117,33.81388175164159],[74.5387488835542,33.80701630555808],[74.54935358030355,33.806253747912194]]]}},{"type":"Feature","properties":{"blockName":"Ajas","districtName":"Bandipore","state":"Jammu and Kashmir"},"geometry":{"type":"Polygon","coordinates":[[[74.64364137694804,34.449260289231006],[74.64032409358214,34.44378468781315],[74.63992529281808,34.431230319323845],[74.64853472579699,34.40664660835432],[74.6540824663328,34.4135348972178],[74.65673295006565,34.420426834630746],[74.65694128341357,34.428667575248426],[74.65217293043645,34.434983639883114],[74.64686354261846,34.43867563926938],[74.64386907989416,34.44643945861418],[74.64364137694804,34.449260289231006]]]}},{"type":"Feature","properties":{"blockName":"Hajin","districtName":"Bandipore","state":"Jammu and Kashmir"},"geometry":{"type":"Polygon","coordinates":[[[74.64853472579699,34.40664660835432],[74.63992529281808,34.431230319323845],[74.64032409358214,34.44378468781315],[74.64364137694804,34.449260289231006],[74.64310463906787,34.457141598705846],[74.64049698015157,34.461603674070375],[74.64049395033561,34.453411058873314],[74.63344272590115,34.4552629140523],[74.62478928100057,34.45658591480816],[74.61837951150528,34.45711522159024],[74.61229044384896,34.45975818069553],[74.59882831137753,34.4700641631307],[74.59177650328303,34.467685229689664],[74.58857088513827,34.46742060058028],[74.58497263737735,34.47437046872221],[74.56746929427254,34.47282585073248],[74.56727248483736,34.47279634757342],[74.56626844303429,34.47096998997313],[74.56310933962436,34.457404429171106],[74.5688543095788,34.44339196736547],[74.56523757535388,34.443919407154965],[74.56355270539308,34.4438546047063],[74.56115228355111,34.443762280305066],[74.55533860089577,34.44187676170327],[74.55313882859411,34.43951986255166],[74.54716801818955,34.423178698038555],[74.54776643427357,34.414031489361776],[74.54826790434038,34.406366153874956],[74.54402548658697,34.404952014923595],[74.53220822313102,34.40509104111868],[74.52952697808763,34.395876932774286],[74.52930373667817,34.3945055997537],[74.52939901715098,34.389862805624034],[74.52977993759413,34.38282837602878],[74.52544784484223,34.37679442782064],[74.52540727642474,34.37675863120592],[74.523719907248,34.374356099554404],[74.52430825991831,34.372120360666145],[74.52936809126447,34.3673547056552],[74.53339542805662,34.352841280101075],[74.53777932715428,34.34867764205961],[74.54251852231204,34.33924156664506],[74.54548052040974,34.335517913820695],[74.54880325726458,34.33214435717639],[74.55332712414753,34.31878496055754],[74.55772051289142,34.31667708098257],[74.56029227806624,34.3169004851693],[74.56226292379495,34.31725158859001],[74.56636461023862,34.31760830018294],[74.57198467605201,34.317594057619715],[74.57366241259035,34.32111089155444],[74.5747799101648,34.32519894967186],[74.57532374999113,34.326184219925835],[74.57647635619895,34.3264900982395],[74.57862412880058,34.3265122521388],[74.58286456804541,34.32530995299197],[74.58418795101318,34.324345836591135],[74.58543548785752,34.32676224478183],[74.586376872095,34.32858565170653],[74.58637729027976,34.32860615175258],[74.59163759130183,34.332990584148206],[74.60871890685212,34.34073441875847],[74.60636391696124,34.348721768195105],[74.60204360442884,34.35498669917689],[74.60513677314361,34.3548617545664],[74.61038922668155,34.35806818659756],[74.61247821959421,34.3530740714113],[74.61247917107693,34.35438344743818],[74.61559463308589,34.355235025376146],[74.6290441948338,34.352658660169084],[74.63109063992113,34.36233583393164],[74.6319640129289,34.361246353836236],[74.63642995537822,34.35541884230577],[74.64323031842451,34.35588969675217],[74.6386977470035,34.360154439276016],[74.64424415204604,34.364600379004344],[74.64656252424118,34.36484137123233],[74.64374626038165,34.36608681535432],[74.64216185638463,34.37368285627883],[74.64179145890876,34.38090564078277],[74.64559469274093,34.3900342532782],[74.64345040501223,34.395809283072026],[74.64451833825075,34.40165970573088],[74.64853472579699,34.40664660835432]]]}},{"type":"Feature","properties":{"blockName":"Aloosa","districtName":"Bandipore","state":"Jammu and Kashmir"},"geometry":{"type":"Polygon","coordinates":[[[74.39881416813938,34.50258219141506],[74.40091916988382,34.49261377400654],[74.41072333061726,34.485982922374035],[74.43106357612322,34.48678359328824],[74.441612091325,34.486385536263526],[74.45216060562751,34.48180787913037],[74.45915367000595,34.477205941201305],[74.46255142290988,34.47139967615419],[74.46812589939083,34.47115732505057],[74.48398665056351,34.47581596793265],[74.48832481643717,34.477322319769314],[74.49246266012375,34.48952858137898],[74.4978752217641,34.494573289725565],[74.51217889933679,34.49330179224398],[74.51703232188419,34.49085532241526],[74.52717558908222,34.47818658714135],[74.53810968321534,34.47152203971041],[74.53977772236408,34.46349969855231],[74.54216485042758,34.460358740763354],[74.54402066442219,34.45456323970183],[74.55879538529882,34.45036159721002],[74.56130941130033,34.44800469805841],[74.56355270539308,34.4438546047063],[74.56523757535388,34.443919407154965],[74.5688543095788,34.44339196736547],[74.56310933962436,34.457404429171106],[74.56626844303429,34.47096998997313],[74.56727248483736,34.47279634757342],[74.56069040883534,34.47180964290072],[74.55043129187067,34.47312646441486],[74.54529892570491,34.476823716741194],[74.54429581290151,34.48532493429832],[74.55298533140797,34.48898378377464],[74.56292467913067,34.489515992669],[74.57318454343198,34.48925488890205],[74.57623462260325,34.489098521096665],[74.5775512259084,34.49149342917849],[74.58056394037362,34.50084869960784],[74.58627748531774,34.50893696376994],[74.5888068879276,34.51782186988345],[74.5827079708962,34.54992063692788],[74.58222703684834,34.550065157980725],[74.51525827065274,34.570189354854904],[74.50643370455185,34.5623574388448],[74.48957250796491,34.5511342153718],[74.47625197914556,34.54857768381311],[74.47716903762102,34.53928656292459],[74.47722608881298,34.5387085605517],[74.47537556912727,34.53426844573221],[74.46992632144264,34.53463342389347],[74.46737180256667,34.53842319577393],[74.46550328295018,34.536197281079694],[74.46357326679288,34.53377610198555],[74.45927604615264,34.528157070392524],[74.45941017643855,34.51859494240273],[74.45699804272556,34.51223414459014],[74.44172959044829,34.50981289265093],[74.43403861618924,34.5126477823693],[74.42789715313114,34.50991314007939],[74.402641751116,34.506174689810166],[74.39881416813938,34.50258219141506]]]}},{"type":"Feature","properties":{"blockName":"Tulail","districtName":"Bandipore","state":"Jammu and Kashmir"},"geometry":{"type":"Polygon","coordinates":[[[74.8370743219225,34.5689487059181],[74.84144499559011,34.56205250841657],[74.84168145433568,34.55723202084113],[74.85280690981108,34.563695579687305],[74.861699619342,34.556351911911236],[74.86388161024814,34.5509241930971],[74.87462775057031,34.54535504689795],[74.89275065282044,34.546465268957036],[74.91582563324641,34.54084305556262],[74.9181763108881,34.52822819867248],[74.92660706566363,34.51918037767234],[74.93278353483231,34.518640475977236],[74.93976498356722,34.51298296958845],[74.9532008855125,34.50953155413799],[74.95882138839642,34.50349967257188],[74.96076555988276,34.4936147410275],[74.97235684259425,34.481216767340015],[74.98237833079537,34.47734277934586],[74.9889372078859,34.47509968760056],[74.99110313420232,34.470356458983474],[75.00079844189463,34.46578994894702],[75.00642697752306,34.45941582318176],[75.01472117654112,34.45618616076274],[75.01650469403648,34.45314612219585],[75.0243923868992,34.45264638512265],[75.03619423057933,34.46045691165722],[75.05179289772411,34.46698681978597],[75.06157340358976,34.47338017125793],[75.06286692816627,34.49121705762116],[75.06866098941316,34.492380346875564],[75.07834826436095,34.48815608193769],[75.08884051977424,34.47881421140676],[75.10447934974223,34.48363289584154],[75.1179795127444,34.477443522300746],[75.12207338677746,34.47122350256262],[75.14522143532105,34.47150952744278],[75.15075767082988,34.4767849685515],[75.15725239388291,34.47410737655423],[75.16178057481375,34.467524502853564],[75.17000281098098,34.467974759227786],[75.17660141562288,34.48279431400641],[75.18341963201044,34.490388066156356],[75.20168108111704,34.51039683774394],[75.19804866181636,34.52266078906422],[75.19383192959992,34.52693549697568],[75.1719551033454,34.53825669079367],[75.16618953531884,34.54275232166236],[75.16477109670882,34.54837908292836],[75.16711309859068,34.55821050571035],[75.17365976198846,34.56428148800035],[75.18236974996404,34.576835124441516],[75.18173478183479,34.58196572343945],[75.17471738180177,34.595951153423016],[75.1778585851057,34.61557778778473],[75.18149229043689,34.62518225315853],[75.18577906725022,34.62888471795543],[75.19322386828696,34.62957400243829],[75.19001518974926,34.64570702605846],[75.18376553015514,34.64890491902685],[75.18089554799121,34.656251956562585],[75.16466522222231,34.66044616705699],[75.14230346713134,34.662406921142576],[75.11121368366463,34.65798950161428],[75.10554504366888,34.65565872237221],[75.08472442619137,34.65538024909927],[75.05449676521363,34.64662170402846],[75.05079650915161,34.64392089873053],[75.04180145227525,34.641433715693495],[75.0187454223634,34.64149856580622],[75.00365448007028,34.64676284812697],[74.99779510466038,34.65108108502409],[74.9467163086108,34.66634750393422],[74.92781066882736,34.67831039460907],[74.91050720184592,34.68322372459528],[74.89374542261322,34.68448638893574],[74.85389709497503,34.67819976810489],[74.84989351017742,34.678056186843605],[74.85299361806108,34.673815769182454],[74.85255647380228,34.64512260072752],[74.84718459479325,34.62229211898614],[74.84181271668359,34.5768997479251],[74.8370743219225,34.5689487059181]]]}},{"type":"Feature","properties":{"blockName":"Dangarpora","districtName":"Bandipore","state":"Jammu and Kashmir"},"geometry":{"type":"Polygon","coordinates":[[[74.52930373667817,34.3945055997537],[74.52952697808763,34.395876932774286],[74.53220822313102,34.40509104111868],[74.54402548658697,34.404952014923595],[74.54826790434038,34.406366153874956],[74.54776643427357,34.414031489361776],[74.54716801818955,34.423178698038555],[74.55313882859411,34.43951986255166],[74.55533860089577,34.44187676170327],[74.56115228355111,34.443762280305066],[74.56355270539308,34.4438546047063],[74.56130941130033,34.44800469805841],[74.55879538529882,34.45036159721002],[74.54402066442219,34.45456323970183],[74.54216485042758,34.460358740763354],[74.53977772236408,34.46349969855231],[74.53810968321534,34.47152203971041],[74.52717558908222,34.47818658714135],[74.51703232188419,34.49085532241526],[74.51217889933679,34.49330179224398],[74.4978752217641,34.494573289725565],[74.49246266012375,34.48952858137898],[74.48832481643717,34.477322319769314],[74.48398665056351,34.47581596793265],[74.46812589939083,34.47115732505057],[74.47339619817609,34.463100010157405],[74.47791186593992,34.46061689385459],[74.47511971470311,34.45750002710463],[74.47505235997846,34.451774809859614],[74.4723581404159,34.449215300645676],[74.4699809543576,34.45078381362214],[74.46734419697714,34.444852012210674],[74.46334890392882,34.44420460825614],[74.4624170713908,34.43861361302788],[74.46894529778734,34.43866069703358],[74.46525896412993,34.42964966010379],[74.46033231878152,34.427845090378696],[74.46019001905421,34.42684898419333],[74.46999439292694,34.42480777405956],[74.47389441269706,34.421873107258136],[74.46985346376641,34.41608262980958],[74.46965015672941,34.41323632589575],[74.47524818195808,34.41345918779132],[74.47609910698827,34.409724574929214],[74.46879940706702,34.39939349781173],[74.47286205394067,34.39828527674416],[74.47621758457393,34.39426880825897],[74.48170845288286,34.39401460229209],[74.48852119689576,34.396658352800785],[74.49202925164872,34.39609909769524],[74.50128238157669,34.40153912463097],[74.51007794004494,34.39874284910326],[74.52033290843701,34.3984697663667],[74.52824777611403,34.39599636903728],[74.52930373667817,34.3945055997537]]]}},{"type":"Feature","properties":{"blockName":"Danghiwacha","districtName":"Kupwara","state":"Jammu and Kashmir"},"geometry":{"type":"Polygon","coordinates":[[[74.40950788158352,34.38610496507215],[74.42194792915365,34.38840686438533],[74.42587121258646,34.39092640413031],[74.4268430352779,34.39333796407584],[74.44010138407168,34.4015467715663],[74.42010294479513,34.39949218041983],[74.42055679486026,34.39508335121576],[74.41185604112343,34.39638930442294],[74.41220954843197,34.398912266088246],[74.40824631081864,34.40076520674893],[74.40366542781732,34.41100785712695],[74.4031356389986,34.42871283992565],[74.3937777371529,34.43238162421267],[74.39342330084469,34.42909188258437],[74.37026919896442,34.419158675432584],[74.36607062136216,34.417525667575546],[74.36000353133795,34.41540830015299],[74.35376086936867,34.41396880841381],[74.35131778368884,34.409814657320624],[74.34650443493177,34.40680436742764],[74.34091014009095,34.40702017234315],[74.33213987415593,34.413371249383715],[74.32578733211972,34.41519494319215],[74.3218545779265,34.412344143567395],[74.31744128808504,34.412282237835086],[74.31276760763905,34.40882907320321],[74.30449091122665,34.40194801578838],[74.30379269917381,34.39987767301625],[74.30110059931326,34.39189503332915],[74.29247684373144,34.387801323872054],[74.29237513220664,34.384562847197685],[74.28507329999286,34.380634818941815],[74.27865618933174,34.376572062350874],[74.27201274629124,34.375454393905216],[74.2599229783628,34.37267631076321],[74.25757881001414,34.36879435387641],[74.25622894291143,34.36486213208178],[74.25411610717265,34.365625099818544],[74.24836449932224,34.36421654295913],[74.24601690455654,34.360753840117695],[74.24556135567207,34.35462546039673],[74.2448386865562,34.35088072026906],[74.24634972206206,34.34831853017607],[74.24313056012733,34.34010638260355],[74.24093201540023,34.338267677311535],[74.23944607367741,34.33374089932312],[74.2418787856775,34.332350777666306],[74.24333841233789,34.33036985538456],[74.25388692933836,34.32471389313173],[74.25767354909505,34.3227534448157],[74.25998316189344,34.31976507499826],[74.25998316189344,34.31890681509748],[74.26198576772907,34.314901603426335],[74.26493466000659,34.31380127031241],[74.26754334235142,34.3138445510852],[74.27118248858102,34.315639864088496],[74.27523407199487,34.31724108810579],[74.27865487002629,34.320128144798105],[74.2802318330327,34.32199623993455],[74.28294890436848,34.32418746867677],[74.2868252818613,34.32554005622865],[74.29830360432794,34.32584614498364],[74.30233377128656,34.32497889366107],[74.30457842065766,34.32426468716562],[74.31494214856139,34.345296993361615],[74.32800759187694,34.35658723970937],[74.33510837615069,34.35900150571496],[74.33503736927923,34.36155778906078],[74.33780667413873,34.36432709392028],[74.34661164671019,34.36809051026887],[74.36661504125124,34.36976308559798],[74.36822529536113,34.3739855321067],[74.37420112937866,34.37935304670577],[74.38564908983369,34.37718084761809],[74.39043904092904,34.38256953495613],[74.39733721693909,34.38155096910202],[74.40378479393314,34.383756719197265],[74.40576431327247,34.38640829920371],[74.40950788158352,34.38610496507215]]]}},{"type":"Feature","properties":{"blockName":"Kawarhama","districtName":"Bandipore","state":"Jammu and Kashmir"},"geometry":{"type":"Polygon","coordinates":[[[74.57464361341209,34.20646266232205],[74.57613390875292,34.20508127667961],[74.57306324916965,34.20395232444025],[74.57153653668189,34.20123879733268],[74.58012233367879,34.19863738690594],[74.57052974295334,34.19548392764119],[74.56033272507528,34.194479131306935],[74.55868748014313,34.18605605134576],[74.53925994578992,34.18872222824831],[74.53204014883386,34.18589306631202],[74.53483465359642,34.18340373839186],[74.5328006731126,34.18141598396056],[74.52288673663367,34.17966797080027],[74.52431171511364,34.174753092181504],[74.52798446001486,34.173899427816366],[74.52706116564036,34.16944554707442],[74.52421103601057,34.168354900558256],[74.52587268367745,34.162809205080805],[74.52264897477045,34.160074685098664],[74.52029824676674,34.160410502742536],[74.51645216023906,34.15840376182422],[74.52916900924242,34.1563229761245],[74.53438004180555,34.152570729355716],[74.5391891898293,34.156617790079],[74.5440743647402,34.15358696956304],[74.54885941363108,34.16418641157367],[74.5609381954414,34.1698978332185],[74.57058681572903,34.18278945017306],[74.58260193273304,34.19121334042336],[74.58700069222823,34.19651834224777],[74.58975351431332,34.204498676073115],[74.59798990311157,34.20764715129502],[74.60774073944361,34.20874892782081],[74.61171016798994,34.209631797669374],[74.60862163258236,34.21818271356142],[74.605468087882,34.22380882191965],[74.60353589626465,34.22433132622979],[74.59479771544227,34.22235767586608],[74.59219896521012,34.22380629212671],[74.58067560469544,34.22234005994585],[74.57929279722487,34.21988751159944],[74.5797882634177,34.210657691199515],[74.57568919759842,34.20863974382917],[74.57464361341209,34.20646266232205]]]}},{"type":"Feature","properties":{"blockName":"Khoie","districtName":"Bandipore","state":"Jammu and Kashmir"},"geometry":{"type":"Polygon","coordinates":[[[74.4902682612713,34.32176571041924],[74.49569678857597,34.32184213660537],[74.49608823108707,34.32099531428236],[74.49757195867903,34.31831351615591],[74.50750100556701,34.31880055839912],[74.51237341100415,34.31733065878291],[74.51564557268506,34.31525744087827],[74.51605970329274,34.311852366593484],[74.52809478344756,34.30529495359929],[74.52894012728513,34.31469877932528],[74.53148835720197,34.31548285055317],[74.5425306901393,34.31058240695256],[74.54730045415272,34.31071308564043],[74.55095945201714,34.31332665490123],[74.55332712414753,34.31878496055754],[74.54880325726458,34.33214435717639],[74.54548052040974,34.335517913820695],[74.54251852231204,34.33924156664506],[74.53777932715428,34.34867764205961],[74.53339542805662,34.352841280101075],[74.52936809126447,34.3673547056552],[74.52430825991831,34.372120360666145],[74.523719907248,34.374356099554404],[74.52540727642474,34.37675863120592],[74.51615103843972,34.376175492804805],[74.5156885117155,34.34744787402025],[74.5000225878722,34.34001436037448],[74.50087750859018,34.33629224898817],[74.49736574143589,34.3362213041699],[74.49702920973033,34.32568125158855],[74.4885047797718,34.32654170493578],[74.4902682612713,34.32176571041924]]]}},{"type":"Feature","properties":{"blockName":"Kunzar","districtName":"Baramula","state":"Jammu and Kashmir"},"geometry":{"type":"Polygon","coordinates":[[[74.50259999269554,34.25801851004627],[74.49979079660801,34.252473210270466],[74.49199244059872,34.25047134008031],[74.48922895435282,34.24743479178227],[74.48898351767525,34.246056668880215],[74.49060403574771,34.2419559716908],[74.48934701195509,34.23892145765922],[74.48786517563741,34.2355564472723],[74.48782492018398,34.23358849141579],[74.48889209259607,34.23327758409329],[74.49025205728668,34.23221443704671],[74.49148749824951,34.22929712176483],[74.49386109511352,34.229601319245546],[74.49363512066435,34.22884822336687],[74.49325175406523,34.22278243376235],[74.50327458225621,34.22607658926324],[74.49908258139607,34.21839590504703],[74.49993840863073,34.2134655841694],[74.49510092027128,34.20951904696648],[74.48831880716727,34.20719013111972],[74.49252461711745,34.203788428393295],[74.50312983907088,34.20980082794591],[74.50229759565758,34.21291964982203],[74.50650671241488,34.213382359108664],[74.51271357866875,34.21828229998823],[74.51380972184126,34.21688188199329],[74.51618803025343,34.21451871726504],[74.51693864130533,34.214500994325476],[74.51795848059948,34.2136742916353],[74.51000963203893,34.208396193029955],[74.50668959494891,34.20192103382868],[74.51195303280628,34.19909389716565],[74.51265720466631,34.19637109804779],[74.51033419376807,34.19348050791916],[74.51196093514909,34.19052492288694],[74.50494038928758,34.187854369883325],[74.50760267122638,34.18260561795495],[74.53010878639145,34.191033629798255],[74.53505856500084,34.19417761920181],[74.56033272507528,34.194479131306935],[74.57052974295334,34.19548392764119],[74.58012233367879,34.19863738690594],[74.57153653668189,34.20123879733268],[74.57306324916965,34.20395232444025],[74.57613390875292,34.20508127667961],[74.57464361341209,34.20646266232205],[74.57161853866467,34.207063658561026],[74.57063100481707,34.20716478462714],[74.56728405911207,34.207648127958805],[74.56973575490122,34.21798488339573],[74.56827591240346,34.22151986385069],[74.56843939566164,34.22716308720675],[74.57039630604476,34.22871953397936],[74.56950296988623,34.232835623065625],[74.56213685323326,34.23077178059327],[74.55424544976773,34.23295059959054],[74.5516404366569,34.23994407226115],[74.54347344494357,34.24297115069811],[74.54129852091006,34.24834021482911],[74.5416003082077,34.25036492959788],[74.54586149930878,34.25369887020673],[74.54544960531507,34.25723256463118],[74.5383461167799,34.25884854022797],[74.51524764426341,34.249136150812774],[74.50259999269554,34.25801851004627]]]}},{"type":"Feature","properties":{"blockName":"Wagoora","districtName":"Baramula","state":"Jammu and Kashmir"},"geometry":{"type":"Polygon","coordinates":[[[74.4130858361425,34.21180291757065],[74.42580212756621,34.20706642667432],[74.4286829150845,34.212849366005514],[74.43344944333722,34.21573989408091],[74.43610128504633,34.221912496164805],[74.43487507832225,34.225001404791044],[74.44182087433393,34.224648418189986],[74.44508017031364,34.22921107013485],[74.44716220697035,34.22874895799805],[74.44855605002175,34.2325221616685],[74.44390334266518,34.23771100166147],[74.44811480305577,34.24237764671108],[74.45511480480445,34.237554363143374],[74.4594500820557,34.23793707683467],[74.46535078491087,34.24281139962642],[74.47529688384418,34.243221142441826],[74.47804450155257,34.24999133503212],[74.47810302493468,34.2605428503723],[74.47191544644073,34.264596357436005],[74.47130209531548,34.26760040333602],[74.47692304156516,34.26806879274062],[74.48005223172515,34.277630019609774],[74.4780839458175,34.280053250057506],[74.48586765277003,34.28489510822271],[74.48785124334029,34.288756271884495],[74.48723862516249,34.292234871142455],[74.47436640118855,34.28841811060738],[74.47999989477938,34.29807626370865],[74.47698242290056,34.305502518026856],[74.4717321367288,34.30370526428658],[74.46655880824244,34.30156649839523],[74.46034336605356,34.29718379989248],[74.46028668178502,34.29711950915805],[74.45801922560685,34.2955742859246],[74.45730012590013,34.28839742709965],[74.45295433467487,34.282473377844155],[74.45170082003688,34.27897021090655],[74.45435759632608,34.2693052472394],[74.44874988000299,34.2659482740936],[74.44823453879297,34.260496665688606],[74.446083927931,34.26125330129889],[74.44520460231058,34.262657430795855],[74.44064083160913,34.26639546198106],[74.43709990663547,34.267030984992005],[74.43157873567014,34.265638666291466],[74.43319088375233,34.271793213585966],[74.43045376562884,34.272473108247425],[74.42578456920256,34.27053900377206],[74.42000720566807,34.266690894669125],[74.4144199633107,34.26563288275139],[74.41021549155175,34.26658845289484],[74.40769558758137,34.26243709599521],[74.41134193378326,34.26135531769381],[74.41486211409534,34.25895605597725],[74.41712070205881,34.25713545583665],[74.41632436767549,34.2560800321678],[74.41200199119896,34.25479665194399],[74.40800546697875,34.25510925898516],[74.40242185968111,34.25411269594423],[74.39958852578991,34.25404650674096],[74.39872008916086,34.251214334773806],[74.40004149901603,34.25022239694613],[74.40379830894489,34.25077807005192],[74.41495347802066,34.247013489980645],[74.4182621260963,34.245458238407025],[74.42005080390152,34.24519376038381],[74.42150789087651,34.24220960389016],[74.42331353439215,34.23532354804337],[74.41473438878108,34.22832909691033],[74.41124864890605,34.22267062375033],[74.41558475263429,34.222562811224805],[74.41916512097362,34.21974758428365],[74.41766572089637,34.21598902337479],[74.4130858361425,34.21180291757065]]]}},{"type":"Feature","properties":{"blockName":"Watergam","districtName":"Bandipore","state":"Jammu and Kashmir"},"geometry":{"type":"Polygon","coordinates":[[[74.45322435611922,34.35279585804244],[74.45382753591213,34.35722985927066],[74.45416690857604,34.3586272771272],[74.4557565349362,34.366435149762424],[74.45996065326159,34.3766366273785],[74.4562708257381,34.39439387787519],[74.45468843532308,34.39860282735867],[74.455976376009,34.40229589873678],[74.45592568392323,34.40247230795069],[74.45410417906464,34.408731663135825],[74.44924988417489,34.419075964783985],[74.43688181924063,34.42175209628226],[74.43594155555837,34.42580245661816],[74.42964903157758,34.43267360440336],[74.4288534247458,34.43961708016417],[74.42480306440996,34.445186326188036],[74.41454698715381,34.45028503072962],[74.40530003017233,34.45182015907312],[74.40506286186167,34.45121721580193],[74.40318532564231,34.44644403526405],[74.40267803336462,34.44612811961707],[74.39472518821691,34.44117551174054],[74.3937777371529,34.43238162421267],[74.4031356389986,34.42871283992565],[74.40366542781732,34.41100785712695],[74.40824631081864,34.40076520674893],[74.41220954843197,34.398912266088246],[74.41185604112343,34.39638930442294],[74.42055679486026,34.39508335121576],[74.42010294479513,34.39949218041983],[74.44010138407168,34.4015467715663],[74.4268430352779,34.39333796407584],[74.42587121258646,34.39092640413031],[74.42194792915365,34.38840686438533],[74.40950788158352,34.38610496507215],[74.41170118596102,34.38222032191038],[74.42513100039542,34.3813773010217],[74.42961049292995,34.37349479634781],[74.43723258181825,34.3703657896495],[74.4307090786611,34.3672419747374],[74.42789818195558,34.36420004579554],[74.42200685093547,34.36481613265846],[74.42041475233901,34.362977609029485],[74.42082113618653,34.36292257501685],[74.42154535663298,34.362367722092756],[74.42237408639505,34.356260290280204],[74.42408605562701,34.35466776720375],[74.42652258704783,34.35358589177554],[74.42874428572026,34.348488860872294],[74.4293242387227,34.34686869803204],[74.42997772299356,34.344505089938025],[74.43033415759533,34.3431662251412],[74.43155341615727,34.34057745198788],[74.43281889897304,34.338955995922504],[74.43843370195384,34.33377621210258],[74.43934395166212,34.33323572494879],[74.44265512953064,34.33391976458552],[74.44401656821009,34.3373711566536],[74.44284998204108,34.34328079607195],[74.44360905391477,34.34573377699229],[74.4441931545905,34.34674704943683],[74.4474600462442,34.35107135585844],[74.4509305947712,34.35323298971076],[74.45322435611922,34.35279585804244]]]}},{"type":"Feature","properties":{"blockName":"Zaingeer","districtName":"Kupwara","state":"Jammu and Kashmir"},"geometry":{"type":"Polygon","coordinates":[[[74.46879940706702,34.39939349781173],[74.47609910698827,34.409724574929214],[74.47524818195808,34.41345918779132],[74.46965015672941,34.41323632589575],[74.46985346376641,34.41608262980958],[74.47389441269706,34.421873107258136],[74.46999439292694,34.42480777405956],[74.46019001905421,34.42684898419333],[74.46033231878152,34.427845090378696],[74.46525896412993,34.42964966010379],[74.46894529778734,34.43866069703358],[74.4624170713908,34.43861361302788],[74.46334890392882,34.44420460825614],[74.46734419697714,34.444852012210674],[74.4699809543576,34.45078381362214],[74.4723581404159,34.449215300645676],[74.47505235997846,34.451774809859614],[74.47511971470311,34.45750002710463],[74.47791186593992,34.46061689385459],[74.47339619817609,34.463100010157405],[74.46812589939083,34.47115732505057],[74.46255142290988,34.47139967615419],[74.45915367000595,34.477205941201305],[74.45216060562751,34.48180787913037],[74.441612091325,34.486385536263526],[74.43106357612322,34.48678359328824],[74.41072333061726,34.485982922374035],[74.40974927940579,34.481996516426136],[74.41102575283628,34.47763915182543],[74.41142879210514,34.46715907413204],[74.40801578130333,34.45872429758833],[74.40530003017233,34.45182015907312],[74.41454698715381,34.45028503072962],[74.42480306440996,34.445186326188036],[74.4288534247458,34.43961708016417],[74.42964903157758,34.43267360440336],[74.43594155555837,34.42580245661816],[74.43688181924063,34.42175209628226],[74.44924988417489,34.419075964783985],[74.45410417906464,34.408731663135825],[74.45592568392323,34.40247230795069],[74.45750795922498,34.40418287603893],[74.464117337745,34.40453876565158],[74.46635435816717,34.40001388433336],[74.46879940706702,34.39939349781173]]]}},{"type":"Feature","properties":{"blockName":"Assar","districtName":"Doda","state":"Jammu and Kashmir"},"geometry":{"type":"Polygon","coordinates":[[[75.38395069027217,33.141528745555206],[75.38887229581985,33.1426555331264],[75.39390921693689,33.14444485124892],[75.40073742209444,33.14875591965],[75.39891763134369,33.15884534893377],[75.38914054290177,33.15642385058027],[75.3825136932524,33.158078051860684],[75.3800015639211,33.15737054801241],[75.37971956260776,33.16120386686504],[75.37590348465812,33.163306060926004],[75.39009392859197,33.17037207381219],[75.41894022461173,33.18113342526743],[75.44487761670871,33.18971084597882],[75.46558645565045,33.20181671087255],[75.47782222041917,33.223217164440655],[75.47375016843557,33.22466045041949],[75.45315762892147,33.22310663955983],[75.43705087719627,33.21885785460637],[75.42284269863171,33.215926146574475],[75.40624972664364,33.21673961843868],[75.39539359294002,33.21448241722982],[75.39330321687004,33.22042524432959],[75.39036093640817,33.21803399737115],[75.39253106975315,33.21608469884984],[75.39176868837433,33.214253141369454],[75.38083420123746,33.208624756827135],[75.37652897663105,33.20407026622985],[75.37549564121093,33.206930374737055],[75.36758262613733,33.20879774322134],[75.35779834221978,33.21368552166956],[75.35376982731572,33.21483497215627],[75.35252287233277,33.213630154907776],[75.35158514473869,33.21550393735686],[75.34447474491361,33.21464321061575],[75.33554307675166,33.21570380088974],[75.33105885468245,33.22225264784146],[75.30758311836627,33.23566870714518],[75.31066629201581,33.226159525841524],[75.31193473090315,33.21753414068809],[75.31279709890703,33.2116700393409],[75.31176902002431,33.19419270642834],[75.30860959555645,33.177944238635746],[75.3143890383235,33.17928172117456],[75.32519114975179,33.17062908476453],[75.33178882899131,33.161476061071426],[75.33492880112334,33.15265813466522],[75.34408696264325,33.14973296920124],[75.35166034514884,33.151480468848604],[75.35589693259743,33.14669203041291],[75.36354427984469,33.14712102231738],[75.36900804978171,33.148750179277386],[75.38039416655761,33.14383374393219],[75.38395069027217,33.141528745555206]]]}},{"type":"Feature","properties":{"blockName":"Bhagwah","districtName":"Anantnag","state":"Jammu and Kashmir"},"geometry":{"type":"MultiPolygon","coordinates":[[[[75.4913413519219,33.285414480394024],[75.49016774474569,33.2847274675986],[75.463176535169,33.30468526920987],[75.44300732722644,33.299916552906666],[75.43148880776232,33.27434370459832],[75.42963488684063,33.266385500390584],[75.43005950534194,33.25338451058673],[75.42187363955685,33.25504774555708],[75.41955416928954,33.24665216056883],[75.40808502620303,33.24009293544066],[75.39866509182059,33.23148596210751],[75.39330321687004,33.22042524432959],[75.39539359294002,33.21448241722982],[75.40624972664364,33.21673961843868],[75.42284269863171,33.215926146574475],[75.43705087719627,33.21885785460637],[75.43837601204336,33.23080338476842],[75.44421177125628,33.238509857044335],[75.45229948413396,33.243110901946636],[75.47282634166237,33.245899621370484],[75.47852595071214,33.24919916920635],[75.48892511909901,33.27390743178262],[75.4913413519219,33.285414480394024]]],[[[75.33027693643152,33.521174520188026],[75.33291433412927,33.49593086331873],[75.33399101956996,33.486509855145755],[75.33291433412927,33.44348906826593],[75.32409668651292,33.4086825666472],[75.32224034011966,33.37619649936903],[75.32224034011966,33.36911518901479],[75.3343587118851,33.36606185217278],[75.35422322232392,33.355588801781835],[75.37480386740464,33.37343042577356],[75.38480958869161,33.38487377360582],[75.38950347600468,33.397745198082475],[75.39960084270479,33.40675213410378],[75.41025405697923,33.381961999047064],[75.4150466161085,33.38502850286318],[75.43043692292571,33.38903184844111],[75.43953178926074,33.3897347171835],[75.45332488123836,33.38834039029683],[75.47149320644638,33.38084340609839],[75.48998699360493,33.368898212282716],[75.49703599671392,33.36747059788985],[75.50643278434558,33.37084496931993],[75.51184213990291,33.376186976447855],[75.53653396467081,33.414841842577005],[75.54082642519944,33.42064306692407],[75.5414793294076,33.419766509416945],[75.54557683580236,33.424659913124515],[75.53309554622251,33.43895051005802],[75.52633037994315,33.447068709053724],[75.51828346570943,33.458699950442394],[75.50417672257777,33.49326146864189],[75.48266363881595,33.51946778231235],[75.47948992412074,33.52288562876879],[75.44492840502193,33.53628703361977],[75.43293767313514,33.54616175426162],[75.3823582472354,33.56370971812902],[75.38460383909597,33.55774169742148],[75.38215910405944,33.55095453732207],[75.3724246192009,33.54961726162736],[75.36450627114755,33.54633042121202],[75.35825729503819,33.529584906218474],[75.33588695771698,33.52524395514445],[75.33027693643152,33.521174520188026]]]]}},{"type":"Feature","properties":{"blockName":"Bhalessa","districtName":"Doda","state":"Jammu and Kashmir"},"geometry":{"type":"Polygon","coordinates":[[[76.01437400025998,32.909457999986785],[76.00247787795178,32.94506688213096],[76.0104727286336,32.95877233967178],[76.0081884857101,32.977046284858204],[75.99676727109272,32.99703341156277],[75.9910566633344,33.01644947776123],[75.98477499417072,33.03700766587116],[75.97792226629963,33.07184237292722],[75.97918830039981,33.09990480905975],[75.98624612495877,33.10159608579079],[75.98961698903287,33.10467558930708],[75.9893861357616,33.10895871307417],[75.98500222407341,33.11924438971687],[75.97869539187889,33.11993172986547],[75.97512287462104,33.11815837740727],[75.97160884027579,33.11826754161382],[75.96635264106158,33.12295323430436],[75.96232100461071,33.12257599028976],[75.95413119529849,33.117018190836916],[75.95115120716252,33.11680580334519],[75.94317527371999,33.10302528119183],[75.93934516634641,33.10489780279141],[75.93701564075928,33.10108189301502],[75.9263918846778,33.092872961418095],[75.91828216898699,33.09254605785435],[75.91327338585813,33.09650919744155],[75.91419793208894,33.09962583306577],[75.9208647323216,33.101074176831844],[75.91879337871154,33.10900192010257],[75.91262530471408,33.1076208546188],[75.90917227138328,33.1110390293278],[75.90290352188009,33.1090816836728],[75.89904632422855,33.11814094764668],[75.89380071363206,33.11714508877486],[75.88978313988008,33.11304849609127],[75.88585963881133,33.117309010002884],[75.88453814711784,33.122730280677956],[75.88245249338792,33.12224275819676],[75.88046943431698,33.1331161076223],[75.87879843909673,33.13636016458997],[75.87673483314609,33.13683088233938],[75.87720657432402,33.14087614981452],[75.87363052632776,33.14738725221997],[75.87375353739588,33.15197361119323],[75.87442873759625,33.152123655882065],[75.87127779733254,33.15602482228775],[75.86730160858241,33.163377020133396],[75.85094672041487,33.16907872460354],[75.85081464418056,33.15721919840735],[75.84906888202335,33.15572283174333],[75.84395629374802,33.15746859300123],[75.84221053159081,33.154226464180056],[75.84034007213666,33.133402017389244],[75.8324841433286,33.12816473181698],[75.82849383072579,33.12168047327526],[75.82550109559912,33.120184105711985],[75.8197650208391,33.120059408415045],[75.80929044879525,33.12542139218357],[75.7993188405921,33.123501936765024],[75.79611453455817,33.11891038870351],[75.79431350276599,33.11631478340058],[75.78571458735837,33.114838850232786],[75.77795424299399,33.11262768172219],[75.77349900517498,33.11117973006054],[75.76909945787372,33.10594482589306],[75.76792995880061,33.100988374314056],[75.76452864368201,33.098138913779906],[75.76244857204404,33.095754441414385],[75.76102803441631,33.08951422470176],[75.75344714437028,33.08397203568097],[75.74901347858923,33.0840459293762],[75.74753559209398,33.083233091534],[75.74539265424767,33.080720681614196],[75.73925941818766,33.07687817258966],[75.74546654884222,33.066680744620726],[75.74865836868884,33.04701402927407],[75.74805667907253,33.04199995363501],[75.74129876942271,33.03047916608068],[75.74102125122982,33.021876102100464],[75.75350957081008,33.0154931827642],[75.76141884020734,33.01327303722093],[75.76474905852228,33.01230172354576],[75.76807927683723,33.00897150523082],[75.77271512010674,32.99991152629593],[75.77468220272152,32.99492824973896],[75.78058345056587,32.98469941924287],[75.79055000367975,32.982470059245884],[75.79776264023371,32.979847282725984],[75.80707349854316,32.97027414613501],[75.80799146983054,32.96699567481062],[75.81546933983822,32.94443798982144],[75.82503333661924,32.930397228149616],[75.83822599983006,32.933963999638934],[75.85066999992063,32.93507799974992],[75.86687499988142,32.931590999924765],[75.88392600018483,32.930607000412806],[75.91690800040396,32.91600000039978],[75.93036699963739,32.90647099983681],[75.93085731721146,32.90660598357931],[75.94001000006153,32.89831200039856],[75.95055399976735,32.88449099975986],[75.96254000032081,32.88530000019489],[75.97749493364432,32.89136199196241],[75.98044351925307,32.892557202652824],[76.00003099983081,32.900497000436246],[76.00424199976851,32.90067699974378],[76.01437400025998,32.909457999986785]]]}},{"type":"Feature","properties":{"blockName":"Bhalla","districtName":"Doda","state":"Jammu and Kashmir"},"geometry":{"type":"Polygon","coordinates":[[[75.51059894588468,33.032103429829476],[75.51369803483652,33.0309246038874],[75.51819705614929,33.03115731156072],[75.52491284155445,33.0402517147449],[75.52678537844253,33.0402517147449],[75.52853307773938,33.03650664366671],[75.53215331392437,33.035632794018284],[75.53639772817269,33.03463410767796],[75.5528760428951,33.038504015447984],[75.55599693590995,33.03800467227785],[75.56286290000287,33.03226222941839],[75.56411125702897,33.02751847199994],[75.56810960867153,33.05054545830632],[75.57518467683144,33.05528872019835],[75.604393271932,33.06408589564762],[75.60933649088639,33.0696682393978],[75.60597532510121,33.0727626950424],[75.605203258024,33.08198562303812],[75.60305949819735,33.08126330465785],[75.6017014868342,33.083454127805794],[75.60159440096089,33.08807450093752],[75.59475936994903,33.088517471903856],[75.58977341071437,33.09489189894202],[75.59197384671569,33.09924268410265],[75.59453108783947,33.100073537164064],[75.59672344882813,33.097963481229726],[75.60392141024494,33.098248461997],[75.60470480967928,33.09701798978847],[75.60922961095781,33.09903719620968],[75.61308696509144,33.102026917708145],[75.61346151833447,33.106975337441895],[75.59914970189726,33.109638083430866],[75.59518438864865,33.112702418981485],[75.60239985716771,33.11958983460323],[75.60436059686413,33.116890295550775],[75.60809288407938,33.116396987730866],[75.61019837595433,33.11295299078796],[75.61261076867208,33.11537727164381],[75.62309237611231,33.11213441886838],[75.62438945121227,33.11036166895593],[75.62873825966301,33.111563010324744],[75.63662283097892,33.11105760662332],[75.64082961939147,33.10660565043048],[75.64040641462441,33.11063659170537],[75.64381821943533,33.112377214237085],[75.64473157989858,33.11548131331199],[75.63959839265175,33.127626134138836],[75.64442452707033,33.132899487021746],[75.64012153098395,33.13735086315188],[75.63295875913946,33.14051580855778],[75.62596256422103,33.14567966718295],[75.6186332163499,33.15434162326733],[75.61080414039884,33.1568402645666],[75.58715033741817,33.165502220651035],[75.58361483625572,33.16594415829633],[75.57534168856813,33.16499988993303],[75.55999843607901,33.165668796677664],[75.55647172129295,33.14792171571469],[75.55030647296542,33.14156964222525],[75.55023559109969,33.13509142892633],[75.5499328217424,33.13409661416745],[75.54302027096878,33.12830501796225],[75.53507512581643,33.1258364490929],[75.52527584030781,33.11912190115487],[75.52162633928418,33.11662123458234],[75.51361679008284,33.10424284003511],[75.50860053808441,33.101050680244725],[75.50160246628087,33.09659736157903],[75.50014618419908,33.0929566568243],[75.50123839463623,33.08822374163242],[75.50014618419908,33.08167047361354],[75.50014618419908,33.07511720559461],[75.50329244888746,33.069086864567225],[75.50451502954502,33.06674358654732],[75.50742759280922,33.05400112215409],[75.5099760853281,33.03652574166972],[75.51059894588468,33.032103429829476]]]}},{"type":"Feature","properties":{"blockName":"Bharath Bagla","districtName":"Kishtwar","state":"Jammu and Kashmir"},"geometry":{"type":"Polygon","coordinates":[[[75.55072897356331,33.41779039581019],[75.54557683580236,33.424659913124515],[75.5414793294076,33.419766509416945],[75.53956421321794,33.408571012941934],[75.54167984135165,33.34473977721899],[75.53959305627461,33.32773460816571],[75.52887391090235,33.30889511441802],[75.52871817710223,33.300844929350035],[75.557293388679,33.29582621500788],[75.55458993128036,33.2896971086347],[75.5500823682068,33.29013372139417],[75.55291652317908,33.285380247700346],[75.55186747120689,33.27685358022859],[75.55668028666594,33.27522654027268],[75.55984834012884,33.27415553584933],[75.57442218123873,33.26925797457591],[75.58275600978209,33.27776762417659],[75.58545854627494,33.28929367276481],[75.58388541707842,33.293571362828175],[75.59556766621489,33.29695855229539],[75.5911708141818,33.304855390364025],[75.57715416063604,33.31424925429968],[75.60136052237027,33.3229007009067],[75.60837437817509,33.33285716362724],[75.61040980656736,33.33928455264004],[75.60601594567942,33.35307679655699],[75.60623025142502,33.36112093458354],[75.60574527042792,33.36136342598138],[75.59401439225047,33.36550373560897],[75.59218486813722,33.366417657249144],[75.57894245892737,33.373354156968844],[75.56836240180348,33.380407528085016],[75.56130903068726,33.388871573964025],[75.55425565957108,33.404388990959205],[75.55072897356331,33.41779039581019]]]}},{"type":"Feature","properties":{"blockName":"Chilly Pingal","districtName":"Doda","state":"Jammu and Kashmir"},"geometry":{"type":"Polygon","coordinates":[[[76.18056550829164,33.02427509941634],[76.17975288268946,33.04580967877371],[76.18437820029379,33.08603610118519],[76.19234359727926,33.09773527736121],[76.19835742855253,33.11600102252919],[76.19809981685313,33.12604785632357],[76.19500848365465,33.14098930071572],[76.19475087285457,33.15824924500669],[76.19011387305687,33.167265633802],[76.18238553916137,33.17061457869988],[76.1705354279677,33.17525157849758],[76.16203426167192,33.18272230069368],[76.15276026207647,33.19122346698947],[76.14552007569102,33.203329983891706],[76.14175177602368,33.220030685667666],[76.13746821968266,33.22801367609031],[76.12831698653974,33.24144846557425],[76.11936046021714,33.247484385995676],[76.09502207261062,33.26169800366],[76.08898615308857,33.26267153955996],[76.08567613264745,33.26150329683975],[76.08333964720703,33.25021028507666],[76.08333964720703,33.237554323773054],[76.07533052878091,33.21900755395552],[76.07167533504872,33.206929523079054],[76.06802014131654,33.20359217224103],[76.04577113602915,33.197235312559656],[76.033534183256,33.19119629757114],[76.0230453659509,33.188176789627164],[76.0001606748753,33.1811842450569],[75.9903075442578,33.18070748026605],[75.97920670502549,33.18213473133284],[75.96996559633527,33.181978852741906],[75.96281412986826,33.18452159589498],[75.9531911951176,33.19994966794286],[75.93283246314769,33.20804937867592],[75.9277975079487,33.2143978000185],[75.92079235308466,33.2143978000185],[75.9146628429159,33.20980066716709],[75.91137917620807,33.20323333375143],[75.90021471084032,33.199292934421464],[75.89652759926935,33.200457285775144],[75.894351388306,33.19705346784332],[75.89241370542823,33.19124041741139],[75.89025847115158,33.1760558098278],[75.88845793308718,33.17485545141801],[75.88523196868044,33.1700540159801],[75.87908012924464,33.17192957638889],[75.87975533124359,33.16052616744872],[75.8758541648379,33.1542242842234],[75.87442873759625,33.152123655882065],[75.87375353739588,33.15197361119323],[75.87363052632776,33.14738725221997],[75.87720657432402,33.14087614981452],[75.87673483314609,33.13683088233938],[75.87879843909673,33.13636016458997],[75.88046943431698,33.1331161076223],[75.88245249338792,33.12224275819676],[75.88453814711784,33.122730280677956],[75.88585963881133,33.117309010002884],[75.88978313988008,33.11304849609127],[75.89380071363206,33.11714508877486],[75.89904632422855,33.11814094764668],[75.90290352188009,33.1090816836728],[75.90917227138328,33.1110390293278],[75.91262530471408,33.1076208546188],[75.91879337871154,33.10900192010257],[75.9208647323216,33.101074176831844],[75.91419793208894,33.09962583306577],[75.91327338585813,33.09650919744155],[75.91828216898699,33.09254605785435],[75.9263918846778,33.092872961418095],[75.93701564075928,33.10108189301502],[75.93934516634641,33.10489780279141],[75.94317527371999,33.10302528119183],[75.95115120716252,33.11680580334519],[75.95413119529849,33.117018190836916],[75.96232100461071,33.12257599028976],[75.96635264106158,33.12295323430436],[75.97160884027579,33.11826754161382],[75.97512287462104,33.11815837740727],[75.97869539187889,33.11993172986547],[75.98500222407341,33.11924438971687],[75.9893861357616,33.10895871307417],[75.98961698903287,33.10467558930708],[75.98624612495877,33.10159608579079],[75.97918830039981,33.09990480905975],[75.97792226629963,33.07184237292722],[75.98477499417072,33.03700766587116],[75.9910566633344,33.01644947776123],[75.99676727109272,32.99703341156277],[76.0081884857101,32.977046284858204],[76.0104727286336,32.95877233967178],[76.00247787795178,32.94506688213096],[76.01437400025998,32.909457999986785],[76.02149200025565,32.914085000222656],[76.03407300036872,32.91770199974752],[76.0380779997999,32.92450000027486],[76.04056500027463,32.93165200003983],[76.04500600002694,32.93751100043238],[76.05954699969436,32.94028099956853],[76.06736000026388,32.9443049998759],[76.07144899997144,32.95100400033442],[76.08287800001972,32.958011999754035],[76.08700599972718,32.96224599985305],[76.09922800037197,32.96880700024292],[76.11166400009358,33.00035900016775],[76.11079400044281,33.00487099959702],[76.13763399980928,33.0104139998063],[76.14535499973351,33.01006699999209],[76.16107199967308,33.01644099985231],[76.16943400037889,33.02285000042724],[76.18056550829164,33.02427509941634]]]}},{"type":"Feature","properties":{"blockName":"Chiralla","districtName":"Doda","state":"Jammu and Kashmir"},"geometry":{"type":"Polygon","coordinates":[[[75.75121262766072,33.13906991814224],[75.74366536236664,33.14350962197153],[75.74524457187954,33.1485905496142],[75.74267930160852,33.15103723168295],[75.74686038919566,33.15486338383812],[75.74799657558157,33.16247721335276],[75.74615023864266,33.16646000222738],[75.74300770524144,33.16666188383891],[75.73686019064536,33.16737521619331],[75.72745586399697,33.16437121525945],[75.72497239605929,33.167416644362675],[75.70801977799044,33.17380714768177],[75.69956841075361,33.181766598349896],[75.69270234773523,33.1829734183886],[75.67133958835137,33.19250587324751],[75.66925258473907,33.19224628933483],[75.66155925335693,33.188000831872955],[75.65243851172801,33.17801652164519],[75.64824050339655,33.18239066219934],[75.64326130976167,33.180178223845985],[75.64232060810963,33.17751806970318],[75.63857441467758,33.17937602678228],[75.63643400842278,33.17637200066736],[75.6361023096739,33.171479037627535],[75.63906011693092,33.171032043094385],[75.64076046062684,33.168998095885456],[75.64421255416607,33.169716108311775],[75.6473716081133,33.17303883437478],[75.65171565105652,33.17187850299058],[75.65394762808063,33.17309802685253],[75.65540480228987,33.17053714437378],[75.66086025619592,33.16727783670285],[75.65010913632761,33.15783275637665],[75.65028722817311,33.155718991638196],[75.65367638805492,33.15401233470152],[75.6641099474162,33.154935343990985],[75.67130362895938,33.15405098036848],[75.67643917962448,33.15072976876388],[75.67988123223313,33.1504774010113],[75.68629026158635,33.152012445717844],[75.67806018333084,33.14461838533026],[75.66343238289824,33.14265138994972],[75.65339409715989,33.13390919994964],[75.64664903072827,33.130834576154825],[75.65234647061317,33.125734111639986],[75.65663936101777,33.123629625207116],[75.66342080592551,33.12274025595809],[75.6757099904238,33.120387007154704],[75.68342341355975,33.119602590587135],[75.68747623084346,33.11777228766101],[75.69427450296598,33.11724934358239],[75.69806584686143,33.12077921588815],[75.71244680677478,33.13359134356568],[75.71558447124642,33.136990479627],[75.71989875922043,33.13829784027314],[75.72199053553487,33.138036367784196],[75.72552040784063,33.13437576013325],[75.73494704307166,33.13225444468691],[75.73982161407628,33.13416188606226],[75.7509483519849,33.13882451923621],[75.75121262766072,33.13906991814224]]]}},{"type":"Feature","properties":{"blockName":"Gundna","districtName":"Kishtwar","state":"Jammu and Kashmir"},"geometry":{"type":"MultiPolygon","coordinates":[[[[75.61598867263916,33.218772612366195],[75.61892332415215,33.224054982751284],[75.62150022085854,33.22663188035705],[75.62376114795865,33.22889280655784],[75.62806756596547,33.23209186055095],[75.62536962410894,33.23705727477346],[75.62427874556772,33.24684335823446],[75.63166652688875,33.26489659720028],[75.6349234081888,33.279686203655444],[75.64753560578362,33.28382277030465],[75.66993621428492,33.282525900250164],[75.6795351641166,33.29049452490244],[75.67116599041816,33.29972534804642],[75.62520395190091,33.2999387580673],[75.61175835796189,33.304759965999665],[75.6032100330167,33.309499888708956],[75.60136052237027,33.3229007009067],[75.57715416063604,33.31424925429968],[75.5911708141818,33.304855390364025],[75.59556766621489,33.29695855229539],[75.58388541707842,33.293571362828175],[75.58545854627494,33.28929367276481],[75.58275600978209,33.27776762417659],[75.57442218123873,33.26925797457591],[75.55984834012884,33.27415553584933],[75.55668028666594,33.27522654027268],[75.55187861200841,33.26591212244654],[75.55353759318541,33.26336183488081],[75.55251978995642,33.25621901269733],[75.55571276093525,33.24359383428805],[75.5670379369513,33.24441217688053],[75.57365839511891,33.24189912844207],[75.57670993601477,33.23685605776092],[75.5857544511071,33.22892855011253],[75.59593300770223,33.23052135287816],[75.60402154705679,33.22920373906135],[75.61495478503537,33.2196430400943],[75.61598867263916,33.218772612366195]]],[[[75.60623025142502,33.36112093458354],[75.60601594567942,33.35307679655699],[75.61040980656736,33.33928455264004],[75.60837437817509,33.33285716362724],[75.60136052237027,33.3229007009067],[75.6134103810843,33.3204921042273],[75.63802797581047,33.32268477638138],[75.65363091293636,33.326753590805595],[75.66299777922421,33.33455936442317],[75.67309690140092,33.33935132999994],[75.66525345428357,33.34937269499392],[75.6545129050466,33.35549924729247],[75.64896572838569,33.358059482259364],[75.61138796678131,33.358542077355025],[75.60623025142502,33.36112093458354]]]]}},{"type":"Feature","properties":{"blockName":"Kahara","districtName":"Kishtwar","state":"Jammu and Kashmir"},"geometry":{"type":"Polygon","coordinates":[[[75.79582410659731,33.119195894674874],[75.79611453455817,33.11891038870351],[75.7993188405921,33.123501936765024],[75.80929044879525,33.12542139218357],[75.8197650208391,33.120059408415045],[75.82550109559912,33.120184105711985],[75.82849383072579,33.12168047327526],[75.8324841433286,33.12816473181698],[75.84034007213666,33.133402017389244],[75.84221053159081,33.154226464180056],[75.84395629374802,33.15746859300123],[75.84906888202335,33.15572283174333],[75.85081464418056,33.15721919840735],[75.85094672041487,33.16907872460354],[75.86730160858241,33.163377020133396],[75.87127779733254,33.15602482228775],[75.87442873759625,33.152123655882065],[75.8758541648379,33.1542242842234],[75.87975533124359,33.16052616744872],[75.87908012924464,33.17192957638889],[75.88523196868044,33.1700540159801],[75.88845793308718,33.17485545141801],[75.89025847115158,33.1760558098278],[75.89241370542823,33.19124041741139],[75.894351388306,33.19705346784332],[75.89652759926935,33.200457285775144],[75.89605539943722,33.20060640056499],[75.8804468766221,33.21846378157829],[75.87941447110103,33.21916315285728],[75.87623418865695,33.22131753727456],[75.87521885856353,33.22163330813072],[75.8671818026981,33.22054353755425],[75.86559523043559,33.22023524096363],[75.8342815373631,33.21815601288972],[75.82344833996899,33.21972080806887],[75.82099519896929,33.20835457980007],[75.81738154222444,33.20192800917033],[75.81689845879691,33.19455106378064],[75.81202816406858,33.19487937208538],[75.80901954061937,33.19321910577719],[75.80286085914139,33.19636877080217],[75.79971952183854,33.19498643457632],[75.79285940783546,33.19805457515855],[75.7804696557501,33.18033384073419],[75.77731433758669,33.180555243929405],[75.77901551135682,33.18385807788803],[75.77750464762147,33.188778375821414],[75.7667489762843,33.18676824895556],[75.76356884402696,33.187600429416364],[75.76150093122305,33.18471968506549],[75.76209889494811,33.182908622235175],[75.76780503307589,33.17798396708645],[75.76467153786126,33.171214425605285],[75.76077565137524,33.17245451606311],[75.75833689862901,33.17655053587856],[75.74805512324542,33.17578323340956],[75.7476754960274,33.17571155384519],[75.74215730811335,33.17466964698667],[75.74083841995719,33.1684108161063],[75.74300770524144,33.16666188383891],[75.74615023864266,33.16646000222738],[75.74799657558157,33.16247721335276],[75.74686038919566,33.15486338383812],[75.74267930160852,33.15103723168295],[75.74524457187954,33.1485905496142],[75.74366536236664,33.14350962197153],[75.75121262766072,33.13906991814224],[75.7524319167996,33.14020211513554],[75.7560002881828,33.15021281237142],[75.75844804763932,33.152660571827994],[75.76208471893472,33.15384948276744],[75.76656062137562,33.156576986238974],[75.76816914878725,33.15636717800294],[75.77012735689209,33.15287037916471],[75.77831668686565,33.13867856016748],[75.77874096632257,33.13627431171017],[75.77944809785151,33.133728636767216],[75.77958952433715,33.129344418410255],[75.78162447608878,33.124025701025346],[75.78326661026591,33.12248016302914],[75.79582410659731,33.119195894674874]]]}},{"type":"Feature","properties":{"blockName":"Kashtigarh","districtName":"Doda","state":"Jammu and Kashmir"},"geometry":{"type":"Polygon","coordinates":[[[75.52871817710223,33.300844929350035],[75.52887391090235,33.30889511441802],[75.53959305627461,33.32773460816571],[75.54167984135165,33.34473977721899],[75.53956421321794,33.408571012941934],[75.5414793294076,33.419766509416945],[75.54082642519944,33.42064306692407],[75.53653396467081,33.414841842577005],[75.51184213990291,33.376186976447855],[75.50643278434558,33.37084496931993],[75.49703599671392,33.36747059788985],[75.48998699360493,33.368898212282716],[75.47149320644638,33.38084340609839],[75.45332488123836,33.38834039029683],[75.43953178926074,33.3897347171835],[75.43043692292571,33.38903184844111],[75.4150466161085,33.38502850286318],[75.41025405697923,33.381961999047064],[75.39960084270479,33.40675213410378],[75.38950347600468,33.397745198082475],[75.38480958869161,33.38487377360582],[75.37480386740464,33.37343042577356],[75.35422322232392,33.355588801781835],[75.3343587118851,33.36606185217278],[75.32224034011966,33.36911518901479],[75.32224034011966,33.36366615896611],[75.32227808016933,33.36155274316462],[75.32270442716765,33.33767730496368],[75.32199859425975,33.334412827090375],[75.31899173258245,33.32050609767833],[75.30148823659289,33.28620572101727],[75.30111315364917,33.28057948225734],[75.29480572700277,33.27078454587013],[75.28966533528705,33.267700311020576],[75.28837609867804,33.26224588593891],[75.29172149215321,33.25639144780712],[75.29583380588548,33.253307212957566],[75.30251631457634,33.24816682124185],[75.30380115170186,33.24499755729147],[75.30722756240215,33.23654574578961],[75.30758311836627,33.23566870714518],[75.33105885468245,33.22225264784146],[75.33554307675166,33.21570380088974],[75.34447474491361,33.21464321061575],[75.35158514473869,33.21550393735686],[75.35252287233277,33.213630154907776],[75.35376982731572,33.21483497215627],[75.35779834221978,33.21368552166956],[75.36758262613733,33.20879774322134],[75.37549564121093,33.206930374737055],[75.37652897663105,33.20407026622985],[75.38083420123746,33.208624756827135],[75.39176868837433,33.214253141369454],[75.39253106975315,33.21608469884984],[75.39036093640817,33.21803399737115],[75.39330321687004,33.22042524432959],[75.39866509182059,33.23148596210751],[75.40808502620303,33.24009293544066],[75.41955416928954,33.24665216056883],[75.42187363955685,33.25504774555708],[75.43005950534194,33.25338451058673],[75.42963488684063,33.266385500390584],[75.43148880776232,33.27434370459832],[75.44300732722644,33.299916552906666],[75.463176535169,33.30468526920987],[75.49016774474569,33.2847274675986],[75.4913413519219,33.285414480394024],[75.49151947524365,33.28690332332974],[75.49850281885006,33.290966740922386],[75.50857119230676,33.29860487641395],[75.51815277533035,33.30478090311624],[75.52871817710223,33.300844929350035]]]}},{"type":"Feature","properties":{"blockName":"Marmat","districtName":"Doda","state":"Jammu and Kashmir"},"geometry":{"type":"Polygon","coordinates":[[[75.42689359406415,33.04625079443866],[75.43134850003332,33.057339768915256],[75.42729909387816,33.070595872101876],[75.42847994419412,33.07437933343954],[75.41957490675662,33.087874197636154],[75.42923065866802,33.09122524784698],[75.42405908116172,33.10253647627741],[75.42433610832478,33.10573550958617],[75.41383035498694,33.11330270655469],[75.4211596596906,33.11697062929119],[75.4456922585909,33.12361301832618],[75.44186816228591,33.137129083140735],[75.4425991447348,33.14914074674812],[75.44008739042079,33.16271131407592],[75.43444505829285,33.16435053714764],[75.42362906492946,33.171403948733314],[75.41894022461173,33.18113342526743],[75.39009392859197,33.17037207381219],[75.37590348465812,33.163306060926004],[75.37971956260776,33.16120386686504],[75.3800015639211,33.15737054801241],[75.3825136932524,33.158078051860684],[75.38914054290177,33.15642385058027],[75.39891763134369,33.15884534893377],[75.40073742209444,33.14875591965],[75.39390921693689,33.14444485124892],[75.38887229581985,33.1426555331264],[75.38395069027217,33.141528745555206],[75.39466877714239,33.13458230922623],[75.40615587519352,33.132581384223556],[75.41483358110492,33.12407410613514],[75.40932800168599,33.11847463209864],[75.40921479772481,33.111061401762356],[75.41214767037872,33.10593529757597],[75.4128032635598,33.098320233292156],[75.41340592804119,33.086066253654735],[75.41480523897064,33.06799185004388],[75.41179131671595,33.06041589817522],[75.4149878912782,33.05530458693721],[75.42689359406415,33.04625079443866]]]}},{"type":"Feature","properties":{"blockName":"Mohalla","districtName":"Kishtwar","state":"Jammu and Kashmir"},"geometry":{"type":"Polygon","coordinates":[[[75.76401660478257,33.24330291889464],[75.76442817412101,33.25523840093149],[75.76346500920289,33.26198055086178],[75.7581676066498,33.26679637185515],[75.7485359637638,33.26968586391155],[75.73264375520517,33.28365174533184],[75.70037775383031,33.30484135824213],[75.69122769430271,33.314473000228816],[75.68352238035362,33.32603097115242],[75.68087797064192,33.32940966202631],[75.67309690140092,33.33935132999994],[75.66299777922421,33.33455936442317],[75.65363091293636,33.326753590805595],[75.63802797581047,33.32268477638138],[75.6134103810843,33.3204921042273],[75.60136052237027,33.3229007009067],[75.6032100330167,33.309499888708956],[75.61175835796189,33.304759965999665],[75.62520395190091,33.2999387580673],[75.67116599041816,33.29972534804642],[75.6795351641166,33.29049452490244],[75.66993621428492,33.282525900250164],[75.64753560578362,33.28382277030465],[75.6349234081888,33.279686203655444],[75.63166652688875,33.26489659720028],[75.62427874556772,33.24684335823446],[75.62536962410894,33.23705727477346],[75.62806756596547,33.23209186055095],[75.63440435907398,33.234536934631876],[75.64262865918533,33.24243871267652],[75.64746648299183,33.24501888471383],[75.65956104160887,33.243245016944],[75.66794139298094,33.2372392049254],[75.67278442476146,33.2340531524311],[75.67746098843395,33.234214412565166],[75.68600780971269,33.23727836770257],[75.69325073992974,33.237923065597045],[75.70421165904088,33.23858736331624],[75.70753314943533,33.237148051441466],[75.71096535626623,33.23305154599211],[75.71154775632397,33.231707544267806],[75.71228296468712,33.23281035681259],[75.71434089141906,33.24019304167558],[75.71407326576866,33.247612336140435],[75.74037097574,33.24641945019749],[75.76401660478257,33.24330291889464]]]}},{"type":"Feature","properties":{"blockName":"Phigsoo","districtName":"Kishtwar","state":"Jammu and Kashmir"},"geometry":{"type":"Polygon","coordinates":[[[75.74960626941385,33.180305462627075],[75.74805512324542,33.17578323340956],[75.75833689862901,33.17655053587856],[75.76077565137524,33.17245451606311],[75.76467153786126,33.171214425605285],[75.76780503307589,33.17798396708645],[75.76209889494811,33.182908622235175],[75.76150093122305,33.18471968506549],[75.76356884402696,33.187600429416364],[75.7667489762843,33.18676824895556],[75.77750464762147,33.188778375821414],[75.77901551135682,33.18385807788803],[75.77731433758669,33.180555243929405],[75.7804696557501,33.18033384073419],[75.79285940783546,33.19805457515855],[75.79971952183854,33.19498643457632],[75.80286085914139,33.19636877080217],[75.80901954061937,33.19321910577719],[75.81202816406858,33.19487937208538],[75.81689845879691,33.19455106378064],[75.81738154222444,33.20192800917033],[75.82099519896929,33.20835457980007],[75.82344833996899,33.21972080806887],[75.82043193558542,33.220156510714446],[75.79544619888304,33.23613734296407],[75.78740889660332,33.23697238686623],[75.77039486742922,33.23603296225144],[75.76295124630303,33.23337298077848],[75.75857261903121,33.23165841520375],[75.75933997456025,33.22967756486776],[75.76263109664785,33.22526823294265],[75.76957044092319,33.22511683027756],[75.77061493063462,33.22073935413795],[75.76534195276895,33.21827184377065],[75.7612293701394,33.212963359771265],[75.75966426289546,33.213955408215554],[75.75290439901886,33.21039487172601],[75.75048243031995,33.212244897683945],[75.7506285611592,33.220294558447165],[75.745023463662,33.22432528478413],[75.74457275582807,33.23090599741391],[75.7342157899268,33.23061578618962],[75.72989785160462,33.22895504144208],[75.72603716908014,33.227180419141064],[75.71882621695642,33.22530140173836],[75.71666402912172,33.22518760242599],[75.71527423841542,33.21569764772829],[75.71902127810955,33.2127501880708],[75.71636496676985,33.20670669715639],[75.71733264988194,33.200744486069254],[75.71555429899178,33.19744064756787],[75.70747977287328,33.192113238235436],[75.70800608041634,33.18697457681532],[75.71546887868584,33.18696022273616],[75.7184728679286,33.18922566713087],[75.72179189597927,33.18959866274815],[75.73007299817039,33.18898247066454],[75.73284566379641,33.19107974633329],[75.73476387005661,33.190760749608955],[75.7355898541885,33.18801582177281],[75.7412773610614,33.182848686018076],[75.74960626941385,33.180305462627075]]]}},{"type":"Feature","properties":{"blockName":"Gund","districtName":"Bandipore","state":"Jammu and Kashmir"},"geometry":{"type":"Polygon","coordinates":[[[75.26896002528497,34.3738221082038],[75.26469256500991,34.38947158524553],[75.26289256563945,34.39325773375748],[75.25920060492405,34.39606449358155],[75.2506333285653,34.395467895027366],[75.24375691974609,34.39886521985409],[75.2329934917563,34.396332115634664],[75.20819087231098,34.398366328143595],[75.19840302527945,34.40553421173456],[75.19644424880312,34.40931813442444],[75.19500476605714,34.42136736721028],[75.1993592069619,34.42793958574333],[75.19881160527143,34.43301376757137],[75.19309786067777,34.4327748123078],[75.19051733970355,34.43559716277889],[75.185951315301,34.44410875941179],[75.18440873517505,34.45218634142657],[75.18726959461617,34.46334304744374],[75.18743347267667,34.474303114896884],[75.18292980996284,34.478368955263136],[75.18341963201044,34.490388066156356],[75.17660141562288,34.48279431400641],[75.17000281098098,34.467974759227786],[75.16178057481375,34.467524502853564],[75.15725239388291,34.47410737655423],[75.15075767082988,34.4767849685515],[75.14522143532105,34.47150952744278],[75.12207338677746,34.47122350256262],[75.1179795127444,34.477443522300746],[75.10447934974223,34.48363289584154],[75.08884051977424,34.47881421140676],[75.07834826436095,34.48815608193769],[75.06866098941316,34.492380346875564],[75.06286692816627,34.49121705762116],[75.06157340358976,34.47338017125793],[75.05179289772411,34.46698681978597],[75.03619423057933,34.46045691165722],[75.0243923868992,34.45264638512265],[75.03916401230936,34.43691884422935],[75.03317017566314,34.43225697188177],[75.03450213996183,34.42792808970961],[75.05215065702725,34.41927032716393],[75.0488207480791,34.41394247266703],[75.04996778298687,34.40402329403986],[75.04864111479566,34.399749398216215],[75.04110915236555,34.39207801298994],[75.04018379584556,34.38902333525874],[75.03485480730359,34.38888634962541],[75.03299798876623,34.386604508791095],[75.02341577891514,34.38707962872195],[75.01348728600948,34.383727293379934],[75.0112797858335,34.37953789156052],[75.00186760720436,34.37467448384041],[75.00003352982361,34.37509371270471],[74.9995256907581,34.380941689207646],[74.99441834013436,34.375146600035634],[74.98952811373152,34.37560090785564],[74.98919663531655,34.37219954777095],[74.98739656400028,34.37155107182457],[74.98506044188593,34.3718455413387],[74.98464721959357,34.37427735221809],[74.97350265981993,34.37480675342897],[74.96129919240389,34.371462356402674],[74.95707911021282,34.36869380877232],[74.95420285977423,34.363674422636564],[74.94577557008654,34.36055433721293],[74.94197826998123,34.344373424693856],[74.93862297856765,34.34514609071954],[74.93811633020454,34.34254182764329],[74.9266577352663,34.33162133305814],[74.91586316555271,34.29851055261997],[74.91868094926645,34.29929261656105],[74.92893399221003,34.29765018560761],[74.93319884984709,34.29874292664482],[74.93635892272619,34.297917663769226],[74.94276994677568,34.300261599193504],[74.95033779215544,34.298734277864696],[74.95590520086438,34.29408280797526],[74.9584097237298,34.291903533021696],[74.96846947268807,34.292891998566915],[74.97822264635812,34.29054767733351],[74.98500164780785,34.288465482396134],[74.98577462769697,34.2865713006251],[74.98725633091499,34.28282172844007],[74.99907510433263,34.28267917690255],[75.0030044402028,34.28559284273558],[75.00743747915641,34.297883260204344],[75.00707315390298,34.301213122387765],[75.00209984183431,34.30479595037286],[74.99948591284465,34.309999957432126],[75.00371721138026,34.31402951644907],[75.00640751169738,34.31470248543138],[75.0131028717002,34.31289070314347],[75.01702552560755,34.31628070029416],[75.02176656257689,34.31793528558501],[75.03273108527145,34.31745385421203],[75.04250779689738,34.31107985615051],[75.0467925484374,34.31129876732433],[75.04880097018867,34.3152971459466],[75.04897375603406,34.32562210497622],[75.05837788033494,34.33448847156575],[75.05893726404355,34.33989579825254],[75.06605104801753,34.3422188999823],[75.07139155957287,34.346422825852756],[75.08042625766569,34.34766121479328],[75.09837093137344,34.35902950430824],[75.10388868311628,34.3732408358959],[75.10588754957081,34.366598928897474],[75.1154698493541,34.36276313511064],[75.12153901051698,34.36030733661437],[75.12290499526938,34.35349774382587],[75.12707328640312,34.35069766416592],[75.1437715977811,34.3490261959023],[75.15596049887796,34.3291873332289],[75.16645759803976,34.32806411236896],[75.18024001596405,34.330480756182],[75.18503673355849,34.32816591742318],[75.18714092411443,34.32533688409001],[75.19536392020882,34.3278343535726],[75.19833836672228,34.330893432585924],[75.20579643096056,34.331315665185855],[75.20794868488395,34.34770310341554],[75.21439395331834,34.35239895125068],[75.2190185307806,34.35103454660708],[75.23248720312199,34.34185378782212],[75.25330638797948,34.329441163279114],[75.25759113951955,34.32966007445293],[75.26115615013629,34.33590360336865],[75.27610410562005,34.34580058313048],[75.27950588478882,34.3523594377379],[75.26896002528497,34.3738221082038]]]}},{"type":"Feature","properties":{"blockName":"Tullamulla Khirbhawani","districtName":"Ganderbal","state":"Jammu and Kashmir"},"geometry":{"type":"Polygon","coordinates":[[[74.7028771777396,34.33801599574167],[74.69819929116443,34.33771589557216],[74.69421752032235,34.33887232479799],[74.69201119735891,34.33707456114212],[74.69294315939936,34.32209984003566],[74.6861097894353,34.31820012063912],[74.67649387029593,34.30944752997959],[74.67602112097802,34.30901912623176],[74.66785490717825,34.30609535201893],[74.66440415542746,34.30816778571477],[74.66307657082712,34.30756063631435],[74.66899387426793,34.297979027210374],[74.66234120957921,34.29587445624122],[74.65614601562618,34.29159253216966],[74.65660818801751,34.2907331876865],[74.65782112704346,34.28847789393973],[74.66095980954765,34.28312795119405],[74.66824186027367,34.27773097930128],[74.6732553774338,34.272770192990095],[74.67367635637879,34.2737268018505],[74.67881948653013,34.28079362592513],[74.68338691477436,34.282953695856406],[74.68772803222299,34.27693752724514],[74.68992600408188,34.27589442518763],[74.6895149428604,34.271158634863184],[74.6912393704007,34.27268619091501],[74.6955913435657,34.27101117392658],[74.6961563678222,34.26694924561127],[74.69764426557043,34.26563800888704],[74.7002276445902,34.26144351780414],[74.7015983939508,34.25971344072275],[74.70940058376999,34.256697280954825],[74.71414246610198,34.255821364664314],[74.71873416435028,34.25766156103225],[74.72528001206297,34.25465247892879],[74.72998901518099,34.252795854645],[74.73027505085298,34.25327175518743],[74.73190686710831,34.255907096135616],[74.73195780291036,34.25960336910026],[74.72631046695454,34.26672710407263],[74.71731413933611,34.2738348670855],[74.7149168372423,34.27500459278775],[74.71468094506963,34.27719424771641],[74.71714233555042,34.28005677719858],[74.7177140516622,34.28452601566312],[74.71757516666065,34.286928513140424],[74.7202155060408,34.290634880995015],[74.72150640099966,34.29242397158907],[74.72604290245806,34.29885236604389],[74.72400492718572,34.303122918188194],[74.72510400844328,34.3045756101763],[74.7244557816091,34.303718828760964],[74.72358766693736,34.30475618235198],[74.71650076729662,34.300680336128664],[74.7149995415956,34.30649605125183],[74.69766197322156,34.319220904221424],[74.70282903882912,34.32520487620411],[74.70659273486689,34.32467231027897],[74.71225972370735,34.32685568164442],[74.71805750814752,34.325974333448755],[74.71592906377532,34.3279110189784],[74.7125819777761,34.32821658162999],[74.70922470425677,34.33282861085178],[74.70587491579477,34.33613435231854],[74.7028771777396,34.33801599574167]]]}},{"type":"Feature","properties":{"blockName":"Wakoora","districtName":"Bandipore","state":"Jammu and Kashmir"},"geometry":{"type":"Polygon","coordinates":[[[74.64343858072596,34.34022613093123],[74.64237003684775,34.33913734511242],[74.63629243195021,34.33276759364958],[74.63628603956914,34.33183121953522],[74.63624716637366,34.32613767641271],[74.6390408653437,34.31836914372104],[74.64534936038473,34.3149014694273],[74.64827262917856,34.30602524896614],[74.65614601562618,34.29159253216966],[74.66234120957921,34.29587445624122],[74.66899387426793,34.297979027210374],[74.66307657082712,34.30756063631435],[74.66440415542746,34.30816778571477],[74.66785490717825,34.30609535201893],[74.67602112097802,34.30901912623176],[74.67649387029593,34.30944752997959],[74.6861097894353,34.31820012063912],[74.69294315939936,34.32209984003566],[74.69201119735891,34.33707456114212],[74.69421752032235,34.33887232479799],[74.69819929116443,34.33771589557216],[74.7028771777396,34.33801599574167],[74.70135531889292,34.342728835367495],[74.69135406273983,34.34553860971914],[74.69066146065796,34.34739865142666],[74.67602182784515,34.337807767614436],[74.66559514290157,34.33972630932175],[74.66066328328395,34.33776771360914],[74.65615632365547,34.33812558802549],[74.65365469300974,34.34482361361893],[74.65127402297782,34.34652660222099],[74.6494326116258,34.34633371203125],[74.64343858072596,34.34022613093123]]]}},{"type":"Feature","properties":{"blockName":"Arnia","districtName":"Jammu","state":"Jammu and Kashmir"},"geometry":{"type":"Polygon","coordinates":[[[74.8252356033405,32.53487926836357],[74.8220708827651,32.5355520601795],[74.81977247372072,32.53542947808802],[74.81802568363844,32.53052620611959],[74.81692512299611,32.5285334721421],[74.81482822234466,32.52729188701102],[74.81204476305544,32.52756961744393],[74.80616471313107,32.5255536665685],[74.80442649358787,32.523925810028175],[74.80250634119477,32.520522905807525],[74.80952448676572,32.51447345058932],[74.80835347323426,32.5121669089757],[74.80260486012622,32.509150661074216],[74.80361729080539,32.50534214912096],[74.79209152100697,32.50203430503922],[74.7890937874484,32.49422985972029],[74.77911856936652,32.497692758613994],[74.77813655285968,32.49950173681577],[74.7738838477614,32.497758829106715],[74.76557226664687,32.48690015032173],[74.76472895078052,32.47469155676998],[74.76836399969886,32.47474299978967],[74.77999900025372,32.47055800015164],[74.79370099990126,32.468941000227005],[74.80104100024204,32.47584900043108],[74.80725099973392,32.474570999951766],[74.81229400026797,32.47667699994366],[74.81607800029951,32.48832300010645],[74.82382999985464,32.48888399989676],[74.82682000014296,32.4864269999062],[74.8375169997098,32.486114999907386],[74.84726699967234,32.48191799971596],[74.85604899996144,32.484093000191876],[74.8598020003621,32.48414199975355],[74.86389200011575,32.48123899988002],[74.87054400020548,32.48063299981317],[74.87650299981362,32.48253600033621],[74.87886800005822,32.4811819999494],[74.8771669998572,32.47367900018577],[74.87826500012972,32.472094999984336],[74.88887512698557,32.46586577928235],[74.89460050970581,32.484568699286115],[74.89543236011536,32.489797470976555],[74.89633897656256,32.495496206784594],[74.90379448043097,32.50845755537193],[74.9043344999373,32.51360873715356],[74.90333935692581,32.52137685615702],[74.88873117070705,32.518059648334145],[74.88378103866404,32.52280045777496],[74.88255687160239,32.52851764317472],[74.87869224555072,32.53082092564523],[74.87687616270478,32.53826457644908],[74.87238040683036,32.538329621714695],[74.86828753104476,32.54306905429348],[74.86869895559238,32.546877768594186],[74.86292545914267,32.54891450819804],[74.85719651330851,32.548659753644756],[74.85038303095217,32.55243756544132],[74.84670249972066,32.54795132709211],[74.844596480843,32.5474679792639],[74.83698506241075,32.546907422839354],[74.83274675006254,32.53814445220473],[74.82948479208954,32.53592039011397],[74.8252356033405,32.53487926836357]]]}},{"type":"Feature","properties":{"blockName":"Bahu","districtName":"Jammu","state":"Jammu and Kashmir"},"geometry":{"type":"Polygon","coordinates":[[[74.90843979715896,32.67010231776783],[74.91550512835903,32.67114243857276],[74.92392891338869,32.68041368894063],[74.92801629971251,32.68383470820527],[74.95771875391739,32.703522515351835],[74.9630046784232,32.710222115658155],[74.97110168669354,32.72516300966521],[74.9712793045963,32.73015850621016],[74.96646249884532,32.739792498125325],[74.95783825403225,32.75100821135993],[74.9389704658144,32.76348397910243],[74.9334821650699,32.7641846130295],[74.92298627369763,32.76230363960133],[74.91363146192248,32.7582109086066],[74.90529953184796,32.762978813721304],[74.89471482882635,32.762271912418896],[74.89262556701635,32.75275993961958],[74.90090048007318,32.74957527657779],[74.90923825933828,32.748767617931264],[74.91080432525945,32.74702630112296],[74.89376458896464,32.73989738605559],[74.90372880833792,32.73351907304681],[74.90533190024706,32.730927821361945],[74.90622915385245,32.71766146770261],[74.9040491918168,32.71394742233571],[74.91082553217262,32.714774838188305],[74.91215134600787,32.71366171581559],[74.91134789978582,32.710114079201446],[74.9134321199964,32.69892186075532],[74.90628697216607,32.68945645395223],[74.90843909658707,32.6860992298956],[74.90632956315886,32.67369260742794],[74.90843979715896,32.67010231776783]]]}},{"type":"Feature","properties":{"blockName":"Bhalwal","districtName":"Jammu","state":"Jammu and Kashmir"},"geometry":{"type":"Polygon","coordinates":[[[74.81324363218795,33.09986289975308],[74.80896125755606,33.08670989394648],[74.80362729486382,33.07468107397244],[74.80149145716507,33.07083656575497],[74.80226480127959,33.049786892750944],[74.8011188932224,33.04520326322006],[74.79547056531442,33.041122069627875],[74.79379868875856,33.03400261722703],[74.79139964197992,33.032468256005245],[74.789207914114,33.026714970019896],[74.78691711513284,33.00650940608426],[74.78610352725605,33.002335361987434],[74.77640746233459,32.98925747655136],[74.77652124366051,32.98557251885671],[74.77694612476392,32.98288160789991],[74.77705906072714,32.968312869543354],[74.77905223537243,32.96648534462298],[74.78268114911577,32.963219322613725],[74.7842560517754,32.9593283509227],[74.78217441171978,32.954520119308086],[74.77693633114683,32.95582952231467],[74.77416439936758,32.957398507435244],[74.77036611360529,32.9561516091095],[74.76852838587638,32.955780049709574],[74.76344790609602,32.95124390708071],[74.75764164464624,32.94743354791996],[74.75221816973283,32.94523026106776],[74.74973745461989,32.94353627378007],[74.7415183507913,32.93631213040055],[74.73677539107149,32.9301962080886],[74.733677713156,32.92449735896599],[74.7299370802321,32.9198344721832],[74.7221727212941,32.903874763209785],[74.73587429196505,32.89751656713594],[74.74467185502215,32.889453503776224],[74.7479368832806,32.88907596568333],[74.74890716543342,32.88470016408138],[74.75223999268155,32.882766260154824],[74.75142841658823,32.87753317621514],[74.74943236321303,32.875627016373755],[74.75070698673812,32.87321362091194],[74.76006212856441,32.87323133036165],[74.76811439826093,32.87631092021286],[74.75445637995801,32.8405984145852],[74.75414249767817,32.83609690484832],[74.7565686293388,32.82957283691695],[74.75939713926664,32.82786012304632],[74.76537790426693,32.81700307023556],[74.76796289487174,32.816197713853455],[74.77076903236502,32.81733992120047],[74.77196829629992,32.82024805980018],[74.77304035472866,32.81981210624377],[74.77437174076329,32.82544070392538],[74.78453263467338,32.836669958252],[74.79468245343253,32.83875058926833],[74.82099628824818,32.85315268235047],[74.8373462157553,32.85921193298435],[74.85007506801003,32.860721261577],[74.85306658635392,32.862188331926006],[74.85446587300169,32.86707060382537],[74.86200229966647,32.86725622299633],[74.86404824293214,32.87612333062725],[74.86306856376325,32.8835571986059],[74.85541720733829,32.89660296385574],[74.85468200077378,32.90745783581053],[74.85337255459979,32.910417644059066],[74.85069143905872,32.91174368902006],[74.85278384489857,32.93898650642217],[74.84913343466036,32.959551943067765],[74.84909793841916,32.97542166138061],[74.8535147104356,32.97941792479742],[74.85667387589871,32.97916204609163],[74.8567651283081,32.977067341584586],[74.86094338572872,32.97449484256299],[74.86129596493691,32.978445226166286],[74.8606750783922,32.98366487693255],[74.85127614767612,32.997683851628494],[74.8690339890274,33.010727071796964],[74.87810525805128,33.02361856014846],[74.88758771689965,33.03049799068975],[74.89239358509593,33.03686251889019],[74.884724565986,33.03948543930164],[74.8740805427829,33.03667409563303],[74.87055508255105,33.03711892459876],[74.86721339608141,33.04080635003305],[74.8636601917645,33.04417549100617],[74.85714423931523,33.050924831016175],[74.85310345406123,33.05680415878493],[74.8428707861579,33.0692280275515],[74.84022164241492,33.07432538400934],[74.83955424113537,33.080483694067254],[74.83761192495041,33.083411526920486],[74.82335969039747,33.086126233039295],[74.82047859441167,33.09233008296701],[74.81431215987834,33.09878870813242],[74.81324363218795,33.09986289975308]]]}},{"type":"Feature","properties":{"blockName":"Chowki Choura","districtName":"Reasi","state":"Jammu and Kashmir"},"geometry":{"type":"MultiPolygon","coordinates":[[[[74.67404162861834,32.990727393254645],[74.67089707444052,32.99090368825466],[74.6674342897607,32.99316452542257],[74.66297311641625,33.012928646340015],[74.66297908881393,33.02234812026961],[74.6684625449106,33.02275860592499],[74.66595332308742,33.02844674322267],[74.66201730615381,33.0288632021751],[74.65576965204787,33.037327989095445],[74.64678083107054,33.04074707032112],[74.64928892964042,33.04473986055615],[74.6580021021154,33.04183659358398],[74.66286329390596,33.0458932545701],[74.66559026677743,33.05146187106857],[74.65932841957095,33.06044956879259],[74.65128606400071,33.06755740465053],[74.65129472627063,33.073626741181215],[74.651299133848,33.076715423178314],[74.64396420298561,33.07703962427928],[74.63630685707585,33.07170464984978],[74.64246771761111,33.06309343081722],[74.64221161317545,33.052285572721075],[74.63895918981484,33.04511480680293],[74.63588397336673,33.038334736958575],[74.62566099655783,33.025960092584285],[74.61918469251958,33.02260758277379],[74.62047333197876,33.0179370148814],[74.61623326415389,33.0150235819728],[74.6138941059283,33.021921809244134],[74.60899685312233,33.02226082217925],[74.60304050471558,33.025438937257206],[74.60046036775185,33.0349838863973],[74.59757190631848,33.04406239226563],[74.59372390063754,33.05017844857662],[74.58937805095633,33.054806132297244],[74.58489986153944,33.05433560790203],[74.58109029288278,33.049797380644634],[74.57487282002467,33.05095042662094],[74.56584506200005,33.05402962616637],[74.5655713731204,33.0397783952568],[74.56874123511994,33.03106127385877],[74.57012804907026,33.018976175210355],[74.5783563376749,33.011385746954716],[74.56963551196935,33.00924474085218],[74.56916610093486,33.00797562117805],[74.58064395755264,32.995356443045466],[74.58392277421672,32.99465572907866],[74.58680605105849,32.99775561482983],[74.58787622181023,33.00315485301411],[74.59416388765334,32.990813846881565],[74.60334871856855,32.98265641586096],[74.60515877235952,32.975188550811026],[74.6104328698811,32.97399801299798],[74.62577250619626,32.973484022569664],[74.62896359939066,32.97948179464913],[74.6407610903521,32.986247950182815],[74.64164282885355,32.99046233966527],[74.64777093428125,32.99137955911942],[74.65440620518228,32.99501074275162],[74.65981278003585,32.985556372428675],[74.66247832201702,32.98796642600979],[74.67130520117416,32.988531746143224],[74.67404162861834,32.990727393254645]]],[[[74.7384369766852,32.99270290161769],[74.7344573264445,32.99603748704044],[74.73290901403982,33.00641571381419],[74.72629953569509,33.010482054203464],[74.7228400551245,33.01521608095743],[74.71974472893612,33.02850777481399],[74.72496751923569,33.03417672687448],[74.72414116458316,33.04853288798245],[74.7274282900836,33.05238209875489],[74.73020111488961,33.071822882819845],[74.73570023627695,33.07164179803061],[74.74222673417648,33.07461879682006],[74.75882922908573,33.0719852976834],[74.76050005343478,33.07237515738768],[74.76186917861975,33.07596922869698],[74.76500321072967,33.07706480529657],[74.76506149579143,33.0807641449494],[74.75976620394721,33.07935445944082],[74.75685869307426,33.07999796393494],[74.7507460173149,33.08963316993487],[74.75069831007903,33.101355877771596],[74.74849640458547,33.101817391859186],[74.73853677265402,33.098740884883966],[74.73492263926846,33.10130126284304],[74.73301943010267,33.10612347981481],[74.72763091093782,33.10331874076735],[74.72813038091243,33.095799944411965],[74.72463705885326,33.088468157579484],[74.72462875361413,33.084421138225025],[74.72922282697192,33.08275874771806],[74.72937264772958,33.0772390894125],[74.72586279523188,33.07486934434479],[74.72393740968374,33.06799365678188],[74.7205810858485,33.06595300512714],[74.71216569329215,33.06474981025559],[74.70674297740652,33.061028444407214],[74.70061360393476,33.05939991067737],[74.70060339573018,33.07174678578559],[74.69664176610468,33.068065079140126],[74.69347422435601,33.065054775757346],[74.69092333694249,33.066570637025336],[74.68719943680463,33.068783560113275],[74.68614606269068,33.07167929256536],[74.68236370392185,33.07336371556306],[74.67925464238789,33.068578208017925],[74.6787541462869,33.0580987220784],[74.67572313781261,33.054091736944144],[74.68108819726257,33.03958510037211],[74.68941329698612,33.03169999665755],[74.70246587639912,33.02315826913889],[74.7072582538654,33.01898187331483],[74.72361373288754,33.00369346058477],[74.73162854492148,32.987377754080114],[74.73344222208095,32.98843459238259],[74.73537554864271,32.98768817217149],[74.7384369766852,32.99270290161769]]]]}},{"type":"Feature","properties":{"blockName":"Dansal","districtName":"Udhampur","state":"Jammu and Kashmir"},"geometry":{"type":"Polygon","coordinates":[[[75.0114887091367,32.97468905115886],[75.00906072127532,32.98159381200486],[75.00545012132608,32.98341338422034],[75.00212499317394,32.97976191907736],[74.99803614185453,32.95883155013598],[74.99859906529468,32.953231074254745],[74.99946916207222,32.94640621007858],[74.99612917262328,32.943302219821646],[74.99078014538748,32.943567938909325],[74.98595376275603,32.93467087935767],[74.97697986333009,32.93223578505348],[74.97252204535619,32.93499114772334],[74.9623219922662,32.94745246156191],[74.96117444294623,32.954406765160115],[74.95411494115166,32.967227263727295],[74.94881362115177,32.97078154902931],[74.9386524817267,32.966670594172626],[74.93996154299089,32.960436968591296],[74.93412937387154,32.95258604361106],[74.932164796768,32.92562118327106],[74.9349512570949,32.918790794559584],[74.94433401080602,32.908299839565984],[74.94810702921609,32.90640441942844],[74.95158236663298,32.90808530809056],[74.96078303101211,32.882705914746225],[74.95797150028454,32.87596835135838],[74.96103727924708,32.855176633594795],[74.96958550526693,32.84798892175138],[74.97991822544583,32.830617529875155],[74.98749247399854,32.83491342761266],[74.98846175160861,32.837166343551985],[74.9856587050852,32.84177696443544],[74.99184112596726,32.84334876623262],[74.99393099212165,32.850226497954566],[75.00707764601663,32.84985789822349],[75.01966760697456,32.84567064938102],[75.02144710899694,32.84830545073601],[75.01914459274883,32.857676559125935],[75.02244076902633,32.86028271797312],[75.022378835415,32.86621824977249],[75.03738760125685,32.85934190390577],[75.04495441961086,32.8578528829043],[75.06342304823517,32.848768496369075],[75.07637307076067,32.848340307559226],[75.07296579493556,32.84402977875135],[75.08038896817641,32.83480292521489],[75.08626736065025,32.83879021879363],[75.08782646312085,32.83525388395964],[75.09185094096819,32.83261910598702],[75.09314028279789,32.83205169043322],[75.09461403331102,32.83366647982422],[75.09623069329194,32.81594826080362],[75.10168778666207,32.817676865694864],[75.10582024880551,32.815044439449366],[75.110600814576,32.818315947323185],[75.11954925599343,32.814503219348126],[75.12515309443984,32.81445758864686],[75.12981009965642,32.80954152921822],[75.13687254763005,32.80926969024404],[75.1501095905852,32.80028455558784],[75.16051588070337,32.79668276989395],[75.16733205832787,32.792242547155865],[75.17504300473092,32.80252969508939],[75.17886452178033,32.80710729106869],[75.18320489009363,32.807085110189746],[75.19003289110509,32.80825039054315],[75.19343519907522,32.81184255169245],[75.18514570081351,32.81527670105896],[75.18485705261094,32.81539628211277],[75.18186786171253,32.819396030402515],[75.1836180943996,32.82124392766519],[75.18235360803266,32.82361012670606],[75.18196723589926,32.829000811438334],[75.17940721856831,32.83312788574341],[75.17757408817369,32.83608312813391],[75.16995616134784,32.83815684786032],[75.16440487928179,32.83845158537241],[75.15864859405741,32.84452577194685],[75.15556828115132,32.85770058991034],[75.15418969779637,32.86165824543173],[75.14590521865097,32.8667052812238],[75.13696919237441,32.87221389585466],[75.13298624611843,32.87769719906652],[75.11977399837139,32.88772262809687],[75.1069637628674,32.89521733161462],[75.09455973404454,32.90479139720526],[75.08684269563395,32.91207000172926],[75.07319919958343,32.92032642472475],[75.0633270168284,32.92501085656585],[75.05702682432855,32.93346659990374],[75.04777329060494,32.94306036964042],[75.03648571704224,32.95521822614029],[75.02803454315972,32.95667118073044],[75.02168843847073,32.96043233528411],[75.01659398412511,32.966457689570746],[75.0114887091367,32.97468905115886]]]}},{"type":"Feature","properties":{"blockName":"Jammu South","districtName":"Jammu","state":"Jammu and Kashmir"},"geometry":{"type":"MultiPolygon","coordinates":[[[[74.8078014675637,32.69694382979395],[74.79923025397312,32.69459905080561],[74.79198815293097,32.694731172006016],[74.78722825268176,32.68665225269933],[74.7757211815873,32.69123091527456],[74.7720948515962,32.689354567959015],[74.77128913638461,32.68542374101287],[74.76546191173787,32.68596823014974],[74.76468949032778,32.67899999605305],[74.77806543537162,32.66991655470531],[74.78383465734362,32.66875778004754],[74.78578342616424,32.66341534214439],[74.78738062661466,32.65712608270263],[74.79549917724529,32.66013882594609],[74.80226596410301,32.66031912562721],[74.80727684894748,32.65958420774507],[74.80907696522979,32.659320195570615],[74.81172598486637,32.65934518593161],[74.81985279576998,32.6631696752404],[74.8228277620916,32.66261968135325],[74.82583664634421,32.6617884469793],[74.8284414885839,32.65913809364815],[74.82900439133965,32.659121858187234],[74.8322278592284,32.658910634418305],[74.83446784201738,32.65922003537639],[74.83568387830837,32.65898846624475],[74.83713905512337,32.659049022094734],[74.83987446363562,32.661622585913676],[74.84235401772378,32.66130019964453],[74.84389779574673,32.661496791443824],[74.84423228958855,32.66388388713176],[74.84469233598259,32.66066936030279],[74.84413999666356,32.65886836628215],[74.84137246976371,32.65539202162455],[74.84096649960435,32.65441291892114],[74.84383715625984,32.65327143372974],[74.8527459699506,32.653141902576806],[74.85374264720548,32.66115676587208],[74.85626265459791,32.66509697994172],[74.86107001387012,32.661683018556516],[74.86594728733752,32.662782015277855],[74.87371292061488,32.66814386234944],[74.85850574904111,32.678891479358356],[74.85550629328088,32.67903332312943],[74.85375297412054,32.68592445115257],[74.84577373297145,32.69390807919456],[74.83997990105166,32.68402215030204],[74.84223790805305,32.68200227838247],[74.83964930577088,32.678326356176456],[74.83809262427525,32.67826243686204],[74.83542134461942,32.688270500882936],[74.83682332743467,32.69096888970256],[74.83124618716187,32.69938560785954],[74.82725888189196,32.699945780273595],[74.82415026822036,32.703920034581984],[74.81926193489045,32.70157885917706],[74.81959600065494,32.691922463351034],[74.820120132738,32.68711789377585],[74.82258381379205,32.68837959764039],[74.8222971620844,32.68532374899189],[74.82559880084403,32.686621957237605],[74.8269652496466,32.68416283934363],[74.82585889197435,32.680651506561844],[74.8222795227818,32.678501652029695],[74.81993904255285,32.674411839334994],[74.81798995986878,32.67338244024745],[74.81585399806363,32.674233882387796],[74.80847208212094,32.67023928001879],[74.80986032509401,32.679324898625225],[74.80799732641555,32.683546425127474],[74.8078014675637,32.69694382979395]]],[[[74.82145129034484,32.744360987569564],[74.81896483665793,32.741413259914054],[74.80979841666368,32.740000216336966],[74.8066238718942,32.74118245700481],[74.80623031427437,32.74137118376179],[74.8044272993804,32.741915204822874],[74.80590876607675,32.738492180969445],[74.80488824239853,32.736053141339426],[74.80761967860536,32.73392825378596],[74.81917139564342,32.734623978314005],[74.82117430365128,32.73204552398181],[74.82464650783015,32.732163876561685],[74.82536226925339,32.722252519338326],[74.84675205056675,32.72060302061294],[74.84839614796391,32.729060019404415],[74.83846007827003,32.73482235796553],[74.83059425602016,32.744072827698915],[74.82423878669073,32.74689602623067],[74.82145129034484,32.744360987569564]]]]}},{"type":"Feature","properties":{"blockName":"Jammu North","districtName":"Jammu","state":"Jammu and Kashmir"},"geometry":{"type":"Polygon","coordinates":[[[74.86669393867436,32.83271171727199],[74.86459209444968,32.839551298853394],[74.86677702793753,32.84961520897474],[74.86583131256509,32.859280403767684],[74.86266618819411,32.86268404273443],[74.86200229966647,32.86725622299633],[74.85446587300169,32.86707060382537],[74.85306658635392,32.862188331926006],[74.85007506801003,32.860721261577],[74.8373462157553,32.85921193298435],[74.82099628824818,32.85315268235047],[74.79468245343253,32.83875058926833],[74.78453263467338,32.836669958252],[74.77437174076329,32.82544070392538],[74.77304035472866,32.81981210624377],[74.78385304398284,32.816685945000415],[74.77666533573671,32.81076303158869],[74.78066286090234,32.80328745575156],[74.78581126377884,32.7951480417488],[74.78705808476286,32.79320112193426],[74.78635827731273,32.79429387646127],[74.7896798378543,32.79661367408187],[74.80320563693067,32.798832899618674],[74.80603296424994,32.80489126082307],[74.81136110203329,32.80747271889089],[74.81198385377189,32.80165285069853],[74.8311238505853,32.812862863130704],[74.83271083473727,32.816131330396615],[74.83642176755058,32.818281764092205],[74.84827524940329,32.82208393942233],[74.85504427287498,32.82549168289489],[74.86669393867436,32.83271171727199]]]}},{"type":"Feature","properties":{"blockName":"Jammu West","districtName":"Jammu","state":"Jammu and Kashmir"},"geometry":{"type":"Polygon","coordinates":[[[74.7952369070577,32.78323888556616],[74.79414781816735,32.77717747925732],[74.78566037732463,32.768766996999375],[74.78044406664043,32.768850041296446],[74.7793928104299,32.76473634170884],[74.75319137018562,32.76369614266292],[74.75097379670342,32.761414988011325],[74.75185040367325,32.75648828690498],[74.75793641543328,32.75117489530521],[74.7568688140446,32.740919409802984],[74.7602325968569,32.733160837103014],[74.77940844874098,32.74058376932555],[74.78549139561147,32.746118820427284],[74.79101447583747,32.746359422349485],[74.79393017683623,32.748989717201766],[74.79383279015121,32.75122525014524],[74.7995902310044,32.752134819066725],[74.80191169327009,32.75025967684269],[74.7995735575737,32.74646877901097],[74.80026569560545,32.74267813838543],[74.80466203772289,32.74218032766004],[74.80561853506742,32.74166455657405],[74.80623031427437,32.74137118376179],[74.8066238718942,32.74118245700481],[74.80979841666368,32.740000216336966],[74.81896483665793,32.741413259914054],[74.82145129034484,32.744360987569564],[74.81509663400249,32.74487365239719],[74.81258875126991,32.74639222062456],[74.81273694155664,32.748221834670005],[74.81626458534242,32.75019866773437],[74.8160936880733,32.75219305016918],[74.8128795803284,32.75397762166995],[74.81462274794154,32.756204863763514],[74.80518857189514,32.757559631272045],[74.80450339731397,32.770587586348086],[74.81947926235813,32.77076424467418],[74.82228966443654,32.77274907091294],[74.82183786842296,32.77408674680595],[74.81687662885338,32.773201627753],[74.81455940329386,32.77722641136984],[74.80832340440168,32.77831038941298],[74.80672977785702,32.779714483836415],[74.81003935493231,32.78221628895062],[74.80905696970342,32.784472183444564],[74.8014347000514,32.784906362638594],[74.7952369070577,32.78323888556616]]]}},{"type":"Feature","properties":{"blockName":"Jourian","districtName":"Jammu","state":"Jammu and Kashmir"},"geometry":{"type":"Polygon","coordinates":[[[74.6104328698811,32.97399801299798],[74.60515877235952,32.975188550811026],[74.603086445683,32.971145298716635],[74.59081739700531,32.95853203722379],[74.59297293615214,32.95608803243681],[74.59275027390606,32.949160521440945],[74.59697923960027,32.94035252085223],[74.58263965479631,32.92885603208026],[74.57637469503618,32.90711229829401],[74.58249930300047,32.89203190684708],[74.58898343923437,32.89352998312228],[74.59255074222301,32.90025524108654],[74.60240702226633,32.880313325099905],[74.60685743971914,32.87585070024966],[74.60779815486103,32.86766502422154],[74.60057677689679,32.86652453637828],[74.59952853521378,32.8617269383476],[74.60939353598297,32.85829098404173],[74.60932917330274,32.85682015182857],[74.60731615511651,32.85564715619137],[74.60415275924248,32.8562369657634],[74.60322957098799,32.849658646229614],[74.60017504524222,32.84677933090143],[74.60186175521591,32.8443511721689],[74.6111490503884,32.85164119628422],[74.61379884074398,32.84698159382555],[74.61294428155338,32.84138040298325],[74.61501479519671,32.84263981357657],[74.61799079483939,32.83804944272765],[74.62354454464509,32.84236984069565],[74.63374412109437,32.85608328781353],[74.64163083369607,32.8585707487411],[74.65108272638679,32.86757194888639],[74.65720226397337,32.87216180172584],[74.67130119469442,32.883026852207536],[74.67624960723367,32.885160226663174],[74.68066130437575,32.89369972925914],[74.67381822443156,32.89820527785133],[74.67616807289829,32.90140258626042],[74.67381360101695,32.908113628641104],[74.67650095695365,32.9118840210308],[74.6638650424378,32.92246490463168],[74.66404433667685,32.91059002610888],[74.65794242130573,32.912095793386186],[74.6531289862138,32.9097130953831],[74.64766601577406,32.932867324067786],[74.64277943971945,32.94067729482134],[74.64024190903694,32.9562672727165],[74.63371850930184,32.95711178378184],[74.63082565288164,32.960397848981586],[74.62602580025055,32.961431640357944],[74.62163310488393,32.965962846608136],[74.61663664696374,32.96390717717452],[74.6143460584239,32.9651805686284],[74.6104328698811,32.97399801299798]]]}},{"type":"Feature","properties":{"blockName":"Kharah Balli","districtName":"Jammu","state":"Jammu and Kashmir"},"geometry":{"type":"Polygon","coordinates":[[[74.54481426486649,33.04908467691638],[74.53955176320335,33.051099494645996],[74.52652384320083,33.05041653959171],[74.51706697456126,33.05073400117328],[74.51485075186076,33.04886822718697],[74.51704899171767,33.037483233664375],[74.51592902910147,33.03012877762103],[74.50886129581221,33.02534099299248],[74.50274733312295,33.02273913470333],[74.49994494220539,33.02154654913397],[74.49411438557047,33.01575684869965],[74.4908010727114,33.00490610643169],[74.48008469994897,32.99864016371265],[74.47102825804774,33.004832603042246],[74.46244520038573,33.00634303959964],[74.45583738488745,33.01236597291137],[74.44423142434084,33.011387757838804],[74.4372580353301,32.999874112700184],[74.43396832607743,32.99994976906663],[74.44339980325839,32.98311873214385],[74.44634859840914,32.968476331217744],[74.44127052071804,32.96010703161426],[74.43189494899275,32.95473040328551],[74.4377360852522,32.94856869199157],[74.44175978698462,32.94723433459694],[74.44549790900135,32.94250904385734],[74.44852555491047,32.94102710231897],[74.45346317558511,32.94406658690349],[74.45690139168596,32.94271568108388],[74.46372120796741,32.95561657994125],[74.46831764474359,32.95580621998113],[74.47328544127015,32.941603424758284],[74.48153076663164,32.94157312659854],[74.4790183908861,32.96560413042636],[74.4767751687391,32.97036349378027],[74.47829227376945,32.9752008247583],[74.48298521679436,32.96825450444186],[74.49391291494914,32.960904753651505],[74.49507322115227,32.95055344898253],[74.49886589874228,32.95158879618606],[74.5069631444336,32.95038873185456],[74.52433767404449,32.951480568173736],[74.52265759297359,32.9336718000136],[74.52422656820164,32.92930312194159],[74.5275826878908,32.9304104373918],[74.53316291014022,32.929299316010656],[74.53470687881946,32.91959779580168],[74.54375360084805,32.9140263176605],[74.54724341914851,32.91591637783864],[74.55043687576125,32.91375995285961],[74.55400483615432,32.917318658329464],[74.56319128225192,32.916037280895864],[74.56887446338584,32.92295920440381],[74.57698466111327,32.924942433446574],[74.56920325102925,32.91454426870308],[74.56908661165784,32.90950085178292],[74.57637469503618,32.90711229829401],[74.58263965479631,32.92885603208026],[74.59697923960027,32.94035252085223],[74.59275027390606,32.949160521440945],[74.59297293615214,32.95608803243681],[74.59081739700531,32.95853203722379],[74.603086445683,32.971145298716635],[74.60515877235952,32.975188550811026],[74.60334871856855,32.98265641586096],[74.59416388765334,32.990813846881565],[74.58787622181023,33.00315485301411],[74.58680605105849,32.99775561482983],[74.58392277421672,32.99465572907866],[74.58064395755264,32.995356443045466],[74.56916610093486,33.00797562117805],[74.56963551196935,33.00924474085218],[74.5783563376749,33.011385746954716],[74.57012804907026,33.018976175210355],[74.56874123511994,33.03106127385877],[74.5655713731204,33.0397783952568],[74.56584506200005,33.05402962616637],[74.55454198592395,33.05308398723628],[74.54783144896226,33.05198095615623],[74.54481426486649,33.04908467691638]]]}},{"type":"Feature","properties":{"blockName":"Khour","districtName":"Jammu","state":"Jammu and Kashmir"},"geometry":{"type":"Polygon","coordinates":[[[74.33834497324199,33.02559879984477],[74.3498306278812,33.01625061067722],[74.35169982918381,33.01313400293196],[74.35317993160862,32.98313140898739],[74.34635925287728,32.96554565470825],[74.32071685819653,32.9414291379444],[74.31613922084841,32.93015670806568],[74.31803131079641,32.91969680756165],[74.32722473113648,32.91330719007482],[74.34774780341843,32.9082145694469],[74.38579559299228,32.90864944471616],[74.40605163587435,32.90697479285245],[74.41389465311579,32.903949737890116],[74.42505645738964,32.89306259196508],[74.42848968495105,32.88360214222513],[74.42933654774356,32.879512787285364],[74.42635345424856,32.85777282705436],[74.43006134015877,32.844654083619105],[74.44321441611248,32.82882308921427],[74.45063781778111,32.81681823707203],[74.45423126226302,32.80506896955734],[74.45748901410678,32.801570892782536],[74.46606445271237,32.78136062629193],[74.47239700012153,32.77228500005276],[74.4829789997811,32.76215000032232],[74.49641399970636,32.762127000161],[74.50128200026415,32.760383999821784],[74.50799599961573,32.75094599985806],[74.50882700016598,32.748219000006884],[74.50728600014884,32.7439229997467],[74.5093459998181,32.7387119995592],[74.51458000016692,32.74352600032472],[74.51861600012836,32.74358700043979],[74.52671100021257,32.74040999962182],[74.52970099960152,32.740588999782574],[74.53497299990408,32.74452200039008],[74.54385400026194,32.74331699967985],[74.55420700015299,32.75598500020766],[74.55696899981956,32.757137000272394],[74.562858999843,32.75698899974259],[74.56884799993531,32.75435599972968],[74.57180799973946,32.746487000174966],[74.5795899997787,32.74503299967324],[74.58161899981707,32.746815000012305],[74.5838475486255,32.7568100742256],[74.58413289721551,32.76922268617807],[74.57874640332392,32.7888582139355],[74.58319602307807,32.798753992203046],[74.57941005443053,32.801406574953546],[74.58030577289315,32.80347705981853],[74.57897380589651,32.8052092619979],[74.56337485366663,32.80835784333988],[74.56296867216656,32.81308064925264],[74.58004701365883,32.81323857200255],[74.58154631570994,32.81600072725183],[74.58095440801958,32.82313700416944],[74.58342331413468,32.828008197320514],[74.58306756571562,32.83118434468179],[74.5769967866724,32.83763062035689],[74.57944056483024,32.839455144239594],[74.5948841357943,32.839515057074266],[74.60051021357555,32.83564453866455],[74.59743369940577,32.833296227139215],[74.59623302623322,32.82741088470459],[74.59206364871847,32.82395891527176],[74.59287216711687,32.82025123080973],[74.59575901336785,32.81738462739867],[74.60493705979752,32.83444148408728],[74.61294428155338,32.84138040298325],[74.61379884074398,32.84698159382555],[74.6111490503884,32.85164119628422],[74.60186175521591,32.8443511721689],[74.60017504524222,32.84677933090143],[74.60322957098799,32.849658646229614],[74.60415275924248,32.8562369657634],[74.60731615511651,32.85564715619137],[74.60932917330274,32.85682015182857],[74.60939353598297,32.85829098404173],[74.59952853521378,32.8617269383476],[74.60057677689679,32.86652453637828],[74.60779815486103,32.86766502422154],[74.60685743971914,32.87585070024966],[74.60240702226633,32.880313325099905],[74.59255074222301,32.90025524108654],[74.58898343923437,32.89352998312228],[74.58249930300047,32.89203190684708],[74.57637469503618,32.90711229829401],[74.56908661165784,32.90950085178292],[74.56920325102925,32.91454426870308],[74.57698466111327,32.924942433446574],[74.56887446338584,32.92295920440381],[74.56319128225192,32.916037280895864],[74.55400483615432,32.917318658329464],[74.55043687576125,32.91375995285961],[74.54724341914851,32.91591637783864],[74.54375360084805,32.9140263176605],[74.53470687881946,32.91959779580168],[74.53316291014022,32.929299316010656],[74.5275826878908,32.9304104373918],[74.52422656820164,32.92930312194159],[74.52265759297359,32.9336718000136],[74.52433767404449,32.951480568173736],[74.5069631444336,32.95038873185456],[74.49886589874228,32.95158879618606],[74.49507322115227,32.95055344898253],[74.49391291494914,32.960904753651505],[74.48298521679436,32.96825450444186],[74.47829227376945,32.9752008247583],[74.4767751687391,32.97036349378027],[74.4790183908861,32.96560413042636],[74.48153076663164,32.94157312659854],[74.47328544127015,32.941603424758284],[74.46831764474359,32.95580621998113],[74.46372120796741,32.95561657994125],[74.45690139168596,32.94271568108388],[74.45346317558511,32.94406658690349],[74.44852555491047,32.94102710231897],[74.44549790900135,32.94250904385734],[74.44175978698462,32.94723433459694],[74.4377360852522,32.94856869199157],[74.43189494899275,32.95473040328551],[74.44127052071804,32.96010703161426],[74.44634859840914,32.968476331217744],[74.44339980325839,32.98311873214385],[74.43396832607743,32.99994976906663],[74.43175219870506,33.00000073544561],[74.42942161821315,33.00628752085248],[74.42096804224144,33.01309997978029],[74.41306586939442,33.024201108594355],[74.38820597662459,33.026514306090405],[74.37757453223895,33.02736482102972],[74.37237722782686,33.02778060459127],[74.34809614861842,33.0282582111476],[74.33834497324199,33.02559879984477]]]}},{"type":"Feature","properties":{"blockName":"Maira Mandrian","districtName":"Reasi","state":"Jammu and Kashmir"},"geometry":{"type":"Polygon","coordinates":[[[74.77879401932859,33.11194443708615],[74.7780854066163,33.099962052706644],[74.77553303981801,33.09605275013439],[74.77193492965336,33.098022792417964],[74.75896351855158,33.09707993329232],[74.75473501241095,33.100509794691334],[74.75069831007903,33.101355877771596],[74.7507460173149,33.08963316993487],[74.75685869307426,33.07999796393494],[74.75976620394721,33.07935445944082],[74.76506149579143,33.0807641449494],[74.76500321072967,33.07706480529657],[74.76186917861975,33.07596922869698],[74.76050005343478,33.07237515738768],[74.75882922908573,33.0719852976834],[74.74222673417648,33.07461879682006],[74.73570023627695,33.07164179803061],[74.73020111488961,33.071822882819845],[74.7274282900836,33.05238209875489],[74.72414116458316,33.04853288798245],[74.72496751923569,33.03417672687448],[74.71974472893612,33.02850777481399],[74.7228400551245,33.01521608095743],[74.72629953569509,33.010482054203464],[74.73290901403982,33.00641571381419],[74.7344573264445,32.99603748704044],[74.7384369766852,32.99270290161769],[74.74202863511346,32.99175296123025],[74.73971068919701,33.000559920404044],[74.74299793520657,33.00083883794207],[74.74668371308297,32.99707874009181],[74.74991817338503,32.99622594537112],[74.75247263470436,32.99955241081517],[74.76539115217997,33.001873169811006],[74.77640746233459,32.98925747655136],[74.78610352725605,33.002335361987434],[74.78691711513284,33.00650940608426],[74.789207914114,33.026714970019896],[74.79139964197992,33.032468256005245],[74.79379868875856,33.03400261722703],[74.79547056531442,33.041122069627875],[74.8011188932224,33.04520326322006],[74.80226480127959,33.049786892750944],[74.80149145716507,33.07083656575497],[74.80362729486382,33.07468107397244],[74.80896125755606,33.08670989394648],[74.81324363218795,33.09986289975308],[74.8004227397177,33.098648348242705],[74.79727138846386,33.100482821325215],[74.79637113831745,33.10442466766432],[74.79435448417217,33.11000370640596],[74.78891388796563,33.109117564823805],[74.77879401932859,33.11194443708615]]]}},{"type":"Feature","properties":{"blockName":"Mandal","districtName":"Jammu","state":"Jammu and Kashmir"},"geometry":{"type":"Polygon","coordinates":[[[74.82536226925339,32.722252519338326],[74.82464650783015,32.732163876561685],[74.82117430365128,32.73204552398181],[74.81917139564342,32.734623978314005],[74.80761967860536,32.73392825378596],[74.80488824239853,32.736053141339426],[74.80590876607675,32.738492180969445],[74.8044272993804,32.741915204822874],[74.80623031427437,32.74137118376179],[74.80561853506742,32.74166455657405],[74.80466203772289,32.74218032766004],[74.80026569560545,32.74267813838543],[74.7995735575737,32.74646877901097],[74.80191169327009,32.75025967684269],[74.7995902310044,32.752134819066725],[74.79383279015121,32.75122525014524],[74.79393017683623,32.748989717201766],[74.79101447583747,32.746359422349485],[74.78549139561147,32.746118820427284],[74.77940844874098,32.74058376932555],[74.7602325968569,32.733160837103014],[74.7568688140446,32.740919409802984],[74.7464956936214,32.736255379981856],[74.73704472633312,32.734786448935495],[74.72156532637877,32.7275559914159],[74.71727111397081,32.723111228000846],[74.71211765600509,32.7225415092833],[74.70772882592462,32.71498565816165],[74.70286155741502,32.71316586831023],[74.70256306163606,32.70803876137978],[74.69659862472679,32.706901896005775],[74.69297304836755,32.695217192619396],[74.6913794829768,32.68247574625872],[74.69171241739423,32.67766703170821],[74.69479881331466,32.671031280569196],[74.6978477713576,32.66879537890367],[74.6986081607381,32.669245979718255],[74.71071168379723,32.674591758602844],[74.71377896372826,32.67522636880193],[74.72356098315288,32.6777178434038],[74.72677596593815,32.67890694589886],[74.7328122002229,32.6807263814174],[74.73669326138497,32.68217020159358],[74.73868625436722,32.68236183543041],[74.74474188792783,32.682630122981834],[74.74573838441898,32.678644136118066],[74.74664977266895,32.674960057960334],[74.74963489593375,32.67210664220784],[74.75833706700212,32.670325496224734],[74.76474919272113,32.66737388259867],[74.76709012800706,32.66701765394163],[74.77268101621598,32.663438940354865],[74.77550817086546,32.66577152093902],[74.78578342616424,32.66341534214439],[74.78383465734362,32.66875778004754],[74.77806543537162,32.66991655470531],[74.76468949032778,32.67899999605305],[74.76546191173787,32.68596823014974],[74.77128913638461,32.68542374101287],[74.7720948515962,32.689354567959015],[74.7757211815873,32.69123091527456],[74.78722825268176,32.68665225269933],[74.79198815293097,32.694731172006016],[74.79923025397312,32.69459905080561],[74.8078014675637,32.69694382979395],[74.80839185539986,32.70339793676544],[74.80493030728792,32.708179487293535],[74.81334141907126,32.712638698317335],[74.81643904212814,32.71777335865363],[74.82466838024163,32.72057423061631],[74.82536226925339,32.722252519338326]]]}},{"type":"Feature","properties":{"blockName":"Marh","districtName":"Jammu","state":"Jammu and Kashmir"},"geometry":{"type":"Polygon","coordinates":[[[74.78705808476286,32.79320112193426],[74.78581126377884,32.7951480417488],[74.78066286090234,32.80328745575156],[74.77666533573671,32.81076303158869],[74.78385304398284,32.816685945000415],[74.77304035472866,32.81981210624377],[74.77196829629992,32.82024805980018],[74.77076903236502,32.81733992120047],[74.76796289487174,32.816197713853455],[74.76537790426693,32.81700307023556],[74.75939713926664,32.82786012304632],[74.7565686293388,32.82957283691695],[74.75414249767817,32.83609690484832],[74.75445637995801,32.8405984145852],[74.76811439826093,32.87631092021286],[74.76006212856441,32.87323133036165],[74.75070698673812,32.87321362091194],[74.74943236321303,32.875627016373755],[74.75142841658823,32.87753317621514],[74.75223999268155,32.882766260154824],[74.74890716543342,32.88470016408138],[74.7479368832806,32.88907596568333],[74.74467185502215,32.889453503776224],[74.73587429196505,32.89751656713594],[74.7221727212941,32.903874763209785],[74.72068137194782,32.898712893884976],[74.71833362249873,32.890756545877935],[74.71349376172776,32.88347538638004],[74.71202460944824,32.88278978102363],[74.70818806562676,32.88099939450649],[74.70432727518369,32.86956551473679],[74.70320562723794,32.86624370957958],[74.69899152643785,32.85376348839435],[74.69546629643247,32.834122919936874],[74.70136300000252,32.835078999995915],[74.70365100029346,32.82897199985797],[74.70003499991537,32.81052800006722],[74.69538899970263,32.80116299987259],[74.69011700029938,32.796082000284116],[74.68210599959224,32.78189099966994],[74.67398800024608,32.761104999795975],[74.67055500021314,32.74628399980679],[74.66541299961028,32.74076099962048],[74.65885900403987,32.726822784943636],[74.65855400436385,32.7177167850017],[74.65038314106914,32.69828047596326],[74.66223899983004,32.67277899965114],[74.66496300044219,32.67053200035161],[74.67897800013463,32.66801100010764],[74.68363199981701,32.66209799992282],[74.68621250640211,32.66050112862422],[74.6978477713576,32.66879537890367],[74.69479881331466,32.671031280569196],[74.69171241739423,32.67766703170821],[74.6913794829768,32.68247574625872],[74.69297304836755,32.695217192619396],[74.69659862472679,32.706901896005775],[74.70256306163606,32.70803876137978],[74.70286155741502,32.71316586831023],[74.70772882592462,32.71498565816165],[74.71211765600509,32.7225415092833],[74.71727111397081,32.723111228000846],[74.72156532637877,32.7275559914159],[74.73704472633312,32.734786448935495],[74.7464956936214,32.736255379981856],[74.7568688140446,32.740919409802984],[74.75793641543328,32.75117489530521],[74.75185040367325,32.75648828690498],[74.75097379670342,32.761414988011325],[74.75319137018562,32.76369614266292],[74.7793928104299,32.76473634170884],[74.78044406664043,32.768850041296446],[74.78566037732463,32.768766996999375],[74.79414781816735,32.77717747925732],[74.7952369070577,32.78323888556616],[74.7933412485998,32.78384849731037],[74.78705808476286,32.79320112193426]]]}},{"type":"Feature","properties":{"blockName":"Nagrota","districtName":"Udhampur","state":"Jammu and Kashmir"},"geometry":{"type":"Polygon","coordinates":[[[74.89239358509593,33.03686251889019],[74.88758771689965,33.03049799068975],[74.87810525805128,33.02361856014846],[74.8690339890274,33.010727071796964],[74.85127614767612,32.997683851628494],[74.8606750783922,32.98366487693255],[74.86129596493691,32.978445226166286],[74.86094338572872,32.97449484256299],[74.8567651283081,32.977067341584586],[74.85667387589871,32.97916204609163],[74.8535147104356,32.97941792479742],[74.84909793841916,32.97542166138061],[74.84913343466036,32.959551943067765],[74.85278384489857,32.93898650642217],[74.85069143905872,32.91174368902006],[74.85337255459979,32.910417644059066],[74.85468200077378,32.90745783581053],[74.85541720733829,32.89660296385574],[74.86306856376325,32.8835571986059],[74.86404824293214,32.87612333062725],[74.86200229966647,32.86725622299633],[74.86266618819411,32.86268404273443],[74.86583131256509,32.859280403767684],[74.86677702793753,32.84961520897474],[74.86459209444968,32.839551298853394],[74.86669393867436,32.83271171727199],[74.86762594568091,32.83003439956792],[74.86751080098276,32.828081928238475],[74.87918409017368,32.83112336255317],[74.88838372213115,32.83733963841365],[74.89162389492685,32.83776415169427],[74.90614991908353,32.83280054600846],[74.90700120024525,32.836025454611104],[74.90427082074183,32.84178627781455],[74.90363699205358,32.84820515834144],[74.90444528831944,32.850790630083566],[74.90881060292702,32.851405840107475],[74.91513105535398,32.85267294619956],[74.91629302080634,32.85364449189984],[74.91810380304815,32.852731608077306],[74.92205785318743,32.84668218073813],[74.9191316993685,32.835945065112696],[74.91336097013271,32.82845337971975],[74.90594579995877,32.828968702043994],[74.90039635430838,32.8251449106092],[74.89794210624325,32.82724819105124],[74.89617501216713,32.807704172010006],[74.91252953610928,32.80066962100625],[74.92102487030161,32.80022969604369],[74.92923773913043,32.81087818617942],[74.93354437117586,32.82032292026662],[74.93779168483843,32.82247527491404],[74.94536797305358,32.82181521929698],[74.94912631902446,32.82109088283801],[74.95848966176851,32.81339879791625],[74.96653057212825,32.81221946385722],[74.97260592602271,32.816865322876424],[74.97471443062653,32.820439061413595],[74.97482609764637,32.824883659353475],[74.97229117140051,32.83126570904528],[74.97991822544583,32.830617529875155],[74.96958550526693,32.84798892175138],[74.96103727924708,32.855176633594795],[74.95797150028454,32.87596835135838],[74.96078303101211,32.882705914746225],[74.95158236663298,32.90808530809056],[74.94810702921609,32.90640441942844],[74.94433401080602,32.908299839565984],[74.9349512570949,32.918790794559584],[74.932164796768,32.92562118327106],[74.93412937387154,32.95258604361106],[74.93996154299089,32.960436968591296],[74.9386524817267,32.966670594172626],[74.93611454275202,32.96934109861286],[74.93304163576295,32.99172071064231],[74.92567496242964,33.005765598403684],[74.91640562222176,32.99907642573652],[74.91060802394122,33.00388417891179],[74.90983760262333,33.00513959741454],[74.9098018959408,33.00519778265158],[74.91196833037418,33.016214157557386],[74.90752492943199,33.02215993533281],[74.90129324908423,33.02763153926418],[74.89914139086255,33.03763800249186],[74.89498357053543,33.035976704661266],[74.89277550378654,33.03673189685958],[74.89239358509593,33.03686251889019]]]}},{"type":"Feature","properties":{"blockName":"Pargwal","districtName":"Jammu","state":"Jammu and Kashmir"},"geometry":{"type":"Polygon","coordinates":[[[74.67624960723367,32.885160226663174],[74.67130119469442,32.883026852207536],[74.65720226397337,32.87216180172584],[74.65108272638679,32.86757194888639],[74.64163083369607,32.8585707487411],[74.63374412109437,32.85608328781353],[74.62354454464509,32.84236984069565],[74.61799079483939,32.83804944272765],[74.61501479519671,32.84263981357657],[74.61294428155338,32.84138040298325],[74.60493705979752,32.83444148408728],[74.59575901336785,32.81738462739867],[74.59287216711687,32.82025123080973],[74.59206364871847,32.82395891527176],[74.59623302623322,32.82741088470459],[74.59743369940577,32.833296227139215],[74.60051021357555,32.83564453866455],[74.5948841357943,32.839515057074266],[74.57944056483024,32.839455144239594],[74.5769967866724,32.83763062035689],[74.58306756571562,32.83118434468179],[74.58342331413468,32.828008197320514],[74.58095440801958,32.82313700416944],[74.58154631570994,32.81600072725183],[74.58004701365883,32.81323857200255],[74.56296867216656,32.81308064925264],[74.56337485366663,32.80835784333988],[74.57897380589651,32.8052092619979],[74.58030577289315,32.80347705981853],[74.57941005443053,32.801406574953546],[74.58319602307807,32.798753992203046],[74.57874640332392,32.7888582139355],[74.58413289721551,32.76922268617807],[74.5838475486255,32.7568100742256],[74.58161899981707,32.746815000012305],[74.58783000025437,32.746009999761725],[74.59413100034544,32.752239000129805],[74.60597199960813,32.751254999718526],[74.61391399983131,32.755485999679195],[74.6166310001206,32.75528700039479],[74.6275560003092,32.7472530004257],[74.63211800024555,32.74734500017166],[74.63525400007211,32.750778000204605],[74.6292649999798,32.76590299982365],[74.63150799999426,32.77433800029854],[74.63625300027581,32.77804899966168],[74.6499859995543,32.77689000017341],[74.65390000018493,32.78125800015664],[74.65029899959922,32.78734999960284],[74.64106800018811,32.791302000187216],[74.63282799971245,32.799809000385096],[74.63495599981957,32.812115000407005],[74.65236699963737,32.827110000326286],[74.65692100010415,32.82717499972648],[74.66078900041208,32.822459999929094],[74.66429900039861,32.821606000116844],[74.6767499999126,32.82928499990288],[74.69546629643247,32.834122919936874],[74.69899152643785,32.85376348839435],[74.70320562723794,32.86624370957958],[74.69470112086009,32.86936781407343],[74.69116621594816,32.87564304499057],[74.68072754304171,32.88039168842573],[74.67624960723367,32.885160226663174]]]}},{"type":"Feature","properties":{"blockName":"Suchetgarh","districtName":"Jammu","state":"Jammu and Kashmir"},"geometry":{"type":"Polygon","coordinates":[[[74.67813900011481,32.643944000015665],[74.66991400033089,32.641106000441596],[74.66365799961704,32.63030599972217],[74.65217599982259,32.629699999655315],[74.64932999987963,32.61283099965095],[74.64614899977659,32.610058000376455],[74.63703200022667,32.61062200030511],[74.63478900021227,32.60261899996692],[74.63979299984715,32.594291999975894],[74.64955100017858,32.591033999919205],[74.65068799955162,32.586964000188516],[74.64727799968,32.578025999900035],[74.6520999999151,32.55925400027195],[74.65720399966489,32.55740400039434],[74.66165900006285,32.560406000336684],[74.66683200029661,32.56059600010536],[74.6682209995995,32.55948300004047],[74.67028000012198,32.55018600028376],[74.6655119996791,32.547854999808465],[74.6602780002296,32.54131300029479],[74.66180399955499,32.53781900014678],[74.67365300008595,32.530468000198084],[74.6885299999596,32.524993999573496],[74.68915600004942,32.52091600037318],[74.68760699966339,32.51747499997134],[74.68130500042548,32.51169999985518],[74.6796420001782,32.506553999967196],[74.68275499984344,32.49514399989573],[74.68103799980389,32.486480999698415],[74.68515800004172,32.481991000384426],[74.69027699958394,32.48113300038773],[74.69901300044967,32.48580600004692],[74.70438399992173,32.48544699967937],[74.70874799972046,32.48162499969402],[74.71055600035919,32.47324399991072],[74.71594999999257,32.470591999920885],[74.72370100040092,32.47114200010327],[74.72875200040454,32.474196999791786],[74.73517599987258,32.47428500025262],[74.74433899974508,32.47052400038234],[74.75187700022343,32.46973399992419],[74.75901800038048,32.47438000013693],[74.76472895078052,32.47469155676998],[74.76557226664687,32.48690015032173],[74.7738838477614,32.497758829106715],[74.77813655285968,32.49950173681577],[74.77911856936652,32.497692758613994],[74.7890937874484,32.49422985972029],[74.79209152100697,32.50203430503922],[74.80361729080539,32.50534214912096],[74.80260486012622,32.509150661074216],[74.80835347323426,32.5121669089757],[74.80952448676572,32.51447345058932],[74.80250634119477,32.520522905807525],[74.80231909784817,32.52048737269416],[74.79334502395375,32.52621516020156],[74.79239316980897,32.53144696980189],[74.79218120499866,32.54635325160132],[74.79379241328928,32.547198483023635],[74.79404986221141,32.553342114347174],[74.79157659438437,32.55566986017595],[74.79161548106964,32.558627012726504],[74.79757795475888,32.562954447889524],[74.80015459156118,32.57013826297049],[74.79514232985468,32.573705281773414],[74.79888211921451,32.57815293560952],[74.79808251669482,32.586725055716784],[74.792620138009,32.58703653231015],[74.78519773458783,32.56368247606548],[74.78319456667595,32.56391746891609],[74.78185835577852,32.56653836225564],[74.77772444932396,32.566339132744815],[74.77492669710944,32.57083784199284],[74.77375613413835,32.57043272439074],[74.76834418673491,32.57581325397854],[74.76179289002988,32.57459983741262],[74.76345897405247,32.57994691941485],[74.76664223505117,32.58236155684045],[74.76686442515313,32.58959871520858],[74.7597742690673,32.595896707966745],[74.75529138339067,32.594975911908875],[74.75355183644814,32.59246319262229],[74.74632225486823,32.5962029747875],[74.7423776431138,32.594061346354124],[74.7402455358029,32.596835203581804],[74.73169755260005,32.59631193484796],[74.73314016318801,32.60071613344286],[74.74293539185493,32.60472646315583],[74.72235086979686,32.61130423859976],[74.71625854929266,32.61489586465251],[74.72033989037368,32.614614178101874],[74.71565820686084,32.618099251579224],[74.71235581177137,32.62509196881933],[74.70365372344065,32.63353748236898],[74.71283114933811,32.641637756976934],[74.7059318599674,32.6441458708353],[74.70186247087639,32.64012610363682],[74.6956960336451,32.639429631772146],[74.69320346456828,32.63760700815698],[74.6870105557926,32.64018549486474],[74.68469428621239,32.63975131387207],[74.67813900011481,32.643944000015665]]]}},{"type":"Feature","properties":{"blockName":"Dinga Amb","districtName":"Samba","state":"Jammu and Kashmir"},"geometry":{"type":"Polygon","coordinates":[[[75.39453396786837,32.61422240014372],[75.39187738133614,32.61712611138097],[75.37484775521978,32.62656907919967],[75.36759534974567,32.62854700763836],[75.36806946153649,32.618708319233576],[75.36262278321493,32.61336825643991],[75.35906872993797,32.61187388177427],[75.35031250781606,32.6128368830158],[75.34700427522716,32.60755239652593],[75.34206959443628,32.60542144484384],[75.33385538741624,32.60639669035504],[75.32541996066271,32.608164735014554],[75.31478402506275,32.61007275195601],[75.31007874333937,32.61070047784483],[75.30539420537832,32.60453855521018],[75.29652083486872,32.60033394855293],[75.28635548661646,32.58594816377678],[75.28417058730281,32.5751865182433],[75.27506972878501,32.57014163992477],[75.27306621373481,32.567110533424454],[75.27427106965422,32.56393870370829],[75.27888025881697,32.56185157059355],[75.28874193659118,32.56586290035261],[75.29887150621511,32.57537401969529],[75.30641926703561,32.57457426069362],[75.31535560897424,32.577766207344666],[75.31712834809485,32.57671480094734],[75.31844714362086,32.56525157899722],[75.31773710818106,32.55617284919771],[75.32180549812529,32.54904151675265],[75.32751224419479,32.55446935607597],[75.33127239960163,32.5532372057325],[75.33242207312026,32.55085422534228],[75.34098410103547,32.54486885311513],[75.3456542660316,32.54364133607885],[75.35155194896333,32.54708398493801],[75.35780594239037,32.547570842820164],[75.36567619560003,32.543402012992544],[75.37208555230643,32.54311425152156],[75.37611662578172,32.54937306531474],[75.37508719701657,32.55550061586081],[75.37484397357059,32.55927235813289],[75.37771746668778,32.563001056153894],[75.37884633888751,32.56679817099882],[75.37821585297928,32.569163157753565],[75.37493147310903,32.57490894429242],[75.3755387367234,32.57843574811136],[75.37626848979903,32.57906621963036],[75.37753148868728,32.58008363615096],[75.383854375579,32.58204962069351],[75.38638943042793,32.58348185490371],[75.38789797121444,32.585718574052976],[75.3883869820736,32.593075389917374],[75.38826950723205,32.604454667349046],[75.39002903980838,32.61301946607557],[75.39453396786837,32.61422240014372]]]}},{"type":"Feature","properties":{"blockName":"Lohai Malhar","districtName":"Udhampur","state":"Jammu and Kashmir"},"geometry":{"type":"Polygon","coordinates":[[[75.70990222270945,32.73626210421281],[75.70395760865676,32.74910264417173],[75.70159307965696,32.75155474825306],[75.68501839897999,32.765663360176006],[75.67877093013436,32.77141103169379],[75.67618516881055,32.77992627327893],[75.67541919374088,32.78504220793161],[75.673121595885,32.794089001006625],[75.67089579720334,32.79609939946778],[75.66522360218755,32.7951660003107],[75.66271060411117,32.80004839631647],[75.6657061828941,32.818315393340754],[75.66377088861566,32.831440305225954],[75.65621188267232,32.84397065012547],[75.65429659201419,32.843994274416275],[75.65083212020625,32.83514427458863],[75.64435675056365,32.830204741955356],[75.62843459458094,32.82694196739794],[75.62208058934777,32.82715603302455],[75.60949004562917,32.82910755826725],[75.59937770161969,32.82351536604136],[75.59368404608193,32.82355368165713],[75.57911714593956,32.8142279467624],[75.5779939286769,32.81187114743557],[75.57943137086113,32.80532955981141],[75.57478981959457,32.79604552288265],[75.57199249995398,32.79730638408239],[75.56950050464462,32.80557970264124],[75.56413700641775,32.811317192934155],[75.5535865891498,32.813453265355975],[75.54770807526751,32.823268250329534],[75.54414804329764,32.82626636070404],[75.53933266926731,32.8261753106421],[75.52947905661324,32.82233968233055],[75.52276671830947,32.82221276370814],[75.51815244617853,32.81920606390878],[75.51467652869889,32.820380454394524],[75.50663025028587,32.81869625532795],[75.50077135961061,32.819753255508374],[75.49471995556155,32.81555160132541],[75.49421904757105,32.81116295200866],[75.49080248894376,32.80657320079263],[75.48844600078235,32.79995987694684],[75.49043677513714,32.7950344501798],[75.48651654849999,32.78620197004494],[75.48553078901477,32.7771610099727],[75.48755241011571,32.77001859788004],[75.48560609194766,32.76487275627272],[75.48108490324574,32.76043332673669],[75.47772394070734,32.757133143080125],[75.48252583120222,32.750217254023084],[75.48587127593868,32.74312785336781],[75.48159574964421,32.73764602414474],[75.47961908205502,32.734105306914444],[75.48131249737389,32.72946620270312],[75.47719148000283,32.71581283029792],[75.4730855523564,32.71282145224825],[75.47347445877932,32.71116203400072],[75.48502284922517,32.70891256426347],[75.49514022314287,32.70579966442301],[75.5020867161291,32.70337519201155],[75.50264433626717,32.7097865892797],[75.50626116222293,32.71733529438836],[75.51359051009405,32.7257328902607],[75.52366448632705,32.744237375754324],[75.53005586738442,32.749586164669836],[75.53112215576294,32.747551230005286],[75.53600299774018,32.74906941781944],[75.55141517427091,32.74598671721327],[75.5616106246307,32.747628567204686],[75.56239170201547,32.75002051833229],[75.56692994456137,32.74780784165864],[75.55724088266066,32.71078591863528],[75.55300022577984,32.704170487677914],[75.54053358705545,32.694050901428],[75.53564505407604,32.68402168805051],[75.53570158456051,32.67933449888807],[75.54615658555804,32.66847761425055],[75.55257656415716,32.677331202373125],[75.56384570971181,32.683244134209474],[75.57080086766598,32.69958597681142],[75.57838601959918,32.69910965538634],[75.58833035496195,32.70343342581202],[75.5941648209498,32.70428517641983],[75.6011479981816,32.698003738381885],[75.61002861093169,32.69766285215894],[75.60969414227088,32.696483457845375],[75.61943079539498,32.7068277891712],[75.62166756760422,32.71541167960538],[75.62865270355945,32.72690111319588],[75.64095074727925,32.73209287418683],[75.64509114593972,32.73275963424976],[75.65013124526081,32.73153234833927],[75.65921454721365,32.724894455914466],[75.67545005307755,32.73438700425692],[75.69414267224658,32.732036971429125],[75.7073601369608,32.73543301022528],[75.70990222270945,32.73626210421281]]]}},{"type":"Feature","properties":{"blockName":"Mahanpur","districtName":"Kathua","state":"Jammu and Kashmir"},"geometry":{"type":"Polygon","coordinates":[[[75.68644369492063,32.632103573621066],[75.6854622494833,32.632511534879484],[75.68690236804991,32.62413266289212],[75.68506949036475,32.61850310833182],[75.68040675017141,32.61401306225309],[75.65153645034695,32.627485881368386],[75.64740482367375,32.62609204191426],[75.6340867104334,32.615278738423115],[75.61819810096165,32.62892416262008],[75.61359584377323,32.63770117077246],[75.60062600468643,32.641215948856996],[75.59942474875322,32.63753725044381],[75.59155382644798,32.62770092815538],[75.59770917323982,32.62499896093334],[75.60251551268084,32.618620872755116],[75.60707343688966,32.603140750645196],[75.6023834283526,32.602577950412126],[75.59352464754448,32.59814855910878],[75.59204818377674,32.594773785681696],[75.59204818377674,32.59182085904547],[75.59457926452149,32.58907885580459],[75.59120449019514,32.58507131129204],[75.58662042269441,32.583161282567175],[75.58614233050423,32.58296207823736],[75.58137692910208,32.582281306736945],[75.57369785197437,32.57958730481033],[75.56167522113458,32.57895453462413],[75.55682398393975,32.57726714836025],[75.55112905406264,32.57030667721142],[75.54522319989081,32.562502513380366],[75.53826342661591,32.55862865039194],[75.54319782861694,32.55716275275887],[75.55138543818748,32.55103767085188],[75.55363546820234,32.551100171935445],[75.55959922612345,32.54854358371949],[75.56149273340299,32.544728641613574],[75.56116009845982,32.54106965454099],[75.55766742930848,32.53308640961018],[75.55525582349753,32.525934752486876],[75.5576257286445,32.51538533706372],[75.5574055125544,32.50855863017671],[75.56059864900851,32.504704844552975],[75.57138925001391,32.50085105802998],[75.57513292714293,32.4989792199151],[75.57667444157227,32.49633662323663],[75.57777552292208,32.494905217302005],[75.5800877950158,32.495015325796714],[75.585152770484,32.49831857074548],[75.58790547475792,32.49831857074548],[75.58922677309715,32.49677705631615],[75.59305158975911,32.4906664939636],[75.59627110063087,32.48868112903091],[75.60179792833179,32.48916405507714],[75.60491012220444,32.48868112903091],[75.60550036614904,32.48798356808726],[75.60576865909638,32.48261771633457],[75.60931012096535,32.482510399335524],[75.6131198757817,32.4809543023992],[75.62106231307536,32.4716721090806],[75.62571231077459,32.468044089263344],[75.6283592781582,32.46549671909838],[75.6427755616429,32.458814885798404],[75.64753522357177,32.459181013293176],[75.652249119901,32.461835440553216],[75.65631277221672,32.46558467009652],[75.65902248529949,32.47057674292239],[75.65888518670204,32.47405495727054],[75.65568156864953,32.47693821432716],[75.65481201506248,32.47785353441316],[75.65501462152764,32.47847178054826],[75.65732346990228,32.48114045037153],[75.66248089927416,32.485638208136834],[75.66706861172713,32.488126966786126],[75.67009318914944,32.488648346943705],[75.67434439237985,32.48921296021001],[75.67603063020948,32.489494000148056],[75.6805061396467,32.489652888769854],[75.68380996196021,32.48951187327441],[75.69031961735652,32.49216887529343],[75.6987981639042,32.49489561973712],[75.7016686550844,32.4950081878776],[75.7066577889259,32.50364819061156],[75.70999836473283,32.51701049383928],[75.71066648007405,32.52970468172572],[75.7066577889259,32.542398869612214],[75.70331721401828,32.54634682324735],[75.70117431484283,32.560361119670006],[75.70419624106376,32.58066852013616],[75.70927782790949,32.59308867470264],[75.70570555077063,32.60237483223278],[75.69908020388834,32.60025889743025],[75.68673652407136,32.60067882236979],[75.68575941606423,32.60645806368876],[75.69273597698378,32.6047854748698],[75.69500394037959,32.60779992412722],[75.69470472604235,32.61914600578359],[75.69803792111321,32.62333851026409],[75.69719207095739,32.63244691409386],[75.69366014819735,32.635906391966444],[75.68886830043175,32.63219409398232],[75.68644369492063,32.632103573621066]]]}},{"type":"Feature","properties":{"blockName":"Marheen","districtName":"Kathua","state":"Jammu and Kashmir"},"geometry":{"type":"Polygon","coordinates":[[[75.38097391811186,32.53094781009344],[75.37524975127508,32.5277880007157],[75.35896863539426,32.53075034685105],[75.33126132265198,32.53135201938022],[75.3280948457006,32.52598816142455],[75.3274464381027,32.522048331365454],[75.32917398359251,32.518269146304135],[75.3352524266582,32.506044863179966],[75.33703571572573,32.50590539361906],[75.33898116335007,32.50309288173116],[75.33484687738155,32.49816974104078],[75.3336054262495,32.49400406873286],[75.33126955594531,32.48597057058544],[75.33138769268794,32.47735537385148],[75.32339957343163,32.47077857956782],[75.3318472345623,32.46900948719815],[75.3278804005601,32.455413466358436],[75.33855099333374,32.44950543942451],[75.34054388739054,32.44543366533145],[75.32919564376402,32.44043676764278],[75.3260885346582,32.44121428101431],[75.32120521235072,32.44743904467623],[75.31558825999025,32.44590261771168],[75.31746322234989,32.439987782010576],[75.31452418034672,32.43650736702142],[75.30662389337806,32.4324483597041],[75.3057527030249,32.426481017984656],[75.31026132819778,32.42568162140975],[75.31302433600433,32.41611804281348],[75.3090677749579,32.413405849400476],[75.30994201041551,32.40955651092429],[75.30402034436344,32.40992632294149],[75.3111099977283,32.40067785599831],[75.31574735905343,32.39740798039401],[75.32399618097901,32.39926876943821],[75.32863530677406,32.40288503241834],[75.33035525838852,32.401948687981644],[75.3254314755822,32.395586061847325],[75.33545673823795,32.37523351991109],[75.33604100798618,32.36729616018971],[75.33430679762068,32.36609084201882],[75.33185384727727,32.356506442318505],[75.32750973598559,32.35517906366289],[75.32513952596838,32.350707356559326],[75.32143608810503,32.33794119592949],[75.33042144759179,32.3317108151021],[75.34053000005952,32.343551999625106],[75.34701499964257,32.345398000217585],[75.36392870944246,32.33876668633354],[75.37443499967554,32.33553699963289],[75.37956905656677,32.333957207359276],[75.38574842604908,32.332055762663344],[75.40498861003636,32.3570464042682],[75.41202112497501,32.358348722415656],[75.41592807671941,32.36147428381122],[75.41566761416914,32.364860308656375],[75.40707231763344,32.376841630037234],[75.40550953693565,32.38283229117735],[75.40550953693565,32.39351129441076],[75.40573355086275,32.395303405827576],[75.40664785651342,32.40261785193235],[75.40695989338445,32.40511414420246],[75.40707231763344,32.406013541791594],[75.4122815884246,32.41877625442066],[75.4128025153239,32.42711108570808],[75.41404250595696,32.43277961598653],[75.41373710608264,32.444524275375045],[75.41060894924368,32.450952970203446],[75.40160381906105,32.46310817100533],[75.40344012226387,32.47242804232036],[75.40433724366892,32.47550068400943],[75.4054434673422,32.48061696490106],[75.41097255953605,32.4873747450485],[75.41066538799731,32.489371362298584],[75.40564045664183,32.49452503610161],[75.404761110337,32.49730963303318],[75.40602177908187,32.506918013155826],[75.40575309313078,32.50888837829609],[75.40602177908187,32.517499708844525],[75.40382917527626,32.52083627997041],[75.39791867880405,32.52159892485054],[75.38876694204077,32.51883433783445],[75.38676499900555,32.52579347079211],[75.38237979229365,32.52865338864302],[75.38097391811186,32.53094781009344]]]}},{"type":"Feature","properties":{"blockName":"Nagri","districtName":"Kathua","state":"Jammu and Kashmir"},"geometry":{"type":"Polygon","coordinates":[[[75.40664785651342,32.40261785193235],[75.40573355086275,32.395303405827576],[75.40550953693565,32.39351129441076],[75.40550953693565,32.38283229117735],[75.40707231763344,32.376841630037234],[75.41566761416914,32.364860308656375],[75.41592807671941,32.36147428381122],[75.41202112497501,32.358348722415656],[75.40498861003636,32.3570464042682],[75.38574842604908,32.332055762663344],[75.39377600036221,32.3293690002792],[75.40121499987242,32.32823600019128],[75.4302440003604,32.32474099999723],[75.436608300133,32.32560479972176],[75.44635000025238,32.326927000081014],[75.46707900019578,32.33216100042989],[75.47541995406766,32.33585368599887],[75.48064374890993,32.33854859174414],[75.48286841174786,32.3394160580047],[75.48511684636543,32.34600049472709],[75.48889720504201,32.350125439437534],[75.49930516160396,32.355641887163415],[75.50423472435313,32.3531868216146],[75.50931275438018,32.353878590024976],[75.50892663135903,32.35854276283828],[75.51232340759924,32.36127290761863],[75.51322479808601,32.36410786208819],[75.50907669313494,32.36618607392825],[75.51166007125533,32.374233391058226],[75.506153354194,32.37371890240547],[75.48918978328192,32.36447323774979],[75.48645416612692,32.36045565590382],[75.48298976176812,32.35953012041875],[75.47805415917219,32.365134642349915],[75.47541939019277,32.36449266220666],[75.47223181964284,32.368802179277225],[75.46762708482214,32.36832200875375],[75.46233470857999,32.364906379126126],[75.45728996965641,32.36724215500152],[75.46184721667578,32.37403227027312],[75.46320558866705,32.380656365299046],[75.46232346435647,32.38638240362508],[75.46411972794317,32.3902846995793],[75.47468916587235,32.38914339605094],[75.4636906595963,32.40311456278687],[75.45732626719354,32.402689874138446],[75.45725710393225,32.40069352578564],[75.4615442566622,32.398806901017736],[75.46244907176731,32.39604591039051],[75.46034206813198,32.39229018864137],[75.45386721200231,32.39998451737165],[75.44856640821325,32.399834307207584],[75.4535728917756,32.39469312858506],[75.44878095857445,32.391521119903814],[75.44773997262172,32.389190397319055],[75.44555513086465,32.38810981781387],[75.44122977043759,32.389256362591084],[75.43763725225745,32.38680978304512],[75.43667952643904,32.38116922977616],[75.4252578549661,32.38495454281792],[75.42229876617517,32.38397081490126],[75.42242033383138,32.393287362321985],[75.41598229234899,32.39427857079943],[75.40846574969464,32.402077919660314],[75.40664785651342,32.40261785193235]]]}},{"type":"Feature","properties":{"blockName":"Ramkote","districtName":"Kathua","state":"Jammu and Kashmir"},"geometry":{"type":"Polygon","coordinates":[[[75.5020867161291,32.70337519201155],[75.49514022314287,32.70579966442301],[75.48502284922517,32.70891256426347],[75.47347445877932,32.71116203400072],[75.4730855523564,32.71282145224825],[75.46999202661078,32.71056766036929],[75.46802791085946,32.710147065434796],[75.46475820432772,32.70944689016193],[75.45863913708655,32.71181225912852],[75.45431784069586,32.713482687775866],[75.44352524679277,32.712986673895955],[75.44172484992197,32.707843590509356],[75.44010041080537,32.70883468387359],[75.4336650520006,32.7145751536205],[75.42875110418015,32.72234151355008],[75.42438176870371,32.721820979654524],[75.42037325112472,32.71765795315207],[75.41412626341639,32.71608010791073],[75.40797032576995,32.709686888639055],[75.40496362686991,32.71430115987067],[75.39804680251797,32.73270889539924],[75.39253462387387,32.73858954697005],[75.39114439699637,32.73491394492265],[75.39180012687439,32.7233945090494],[75.38892310391816,32.721150520680055],[75.38204828959692,32.72189636622437],[75.37992570160992,32.71835288897472],[75.38765151830296,32.71120034062329],[75.38817757043859,32.706539164351],[75.38435635915869,32.70019009010065],[75.38132513934374,32.698381103804934],[75.37881414225893,32.6999393240406],[75.37781721948915,32.706343268626995],[75.37531725888442,32.70731780727107],[75.37092616161311,32.700228094550994],[75.36684866693247,32.69971307889551],[75.36395201986988,32.706227075319305],[75.35970377271099,32.70702258412501],[75.3550315599586,32.70708021358104],[75.35025481360884,32.70494627794841],[75.33930833311314,32.697148725033685],[75.3313461691904,32.693640805179086],[75.32063265986943,32.68610432815228],[75.31286149036555,32.68307321086007],[75.31096825288262,32.67986998491193],[75.31028300365773,32.67596719433061],[75.31351575344934,32.669746889507394],[75.32300791418396,32.66531855580678],[75.33136275268896,32.66068738361594],[75.34029314471292,32.659299450908975],[75.35032070963308,32.65506587978655],[75.35796378689929,32.645721145814264],[75.36352802459874,32.639924585351366],[75.36685959009804,32.63385274510813],[75.36759534974567,32.62854700763836],[75.37484775521978,32.62656907919967],[75.39187738133614,32.61712611138097],[75.39453396786837,32.61422240014372],[75.40075538605225,32.609862289912826],[75.41236547808438,32.60601190102847],[75.43052336576079,32.60425468600499],[75.4465335455867,32.60288796290922],[75.45375765119468,32.6007402559581],[75.45932216498596,32.602302224568064],[75.46596053225284,32.60425468600499],[75.47332900333089,32.60441752444922],[75.4850843376721,32.60011531437033],[75.49084291706703,32.59036567143863],[75.50319071757764,32.61448186984245],[75.50553921616194,32.62731865333325],[75.50581080512461,32.652269050276516],[75.50769409700501,32.659311532401375],[75.50758385541064,32.66534959860513],[75.50578556115477,32.66856903123585],[75.50663885320057,32.67510389642774],[75.51210907937059,32.68563682907643],[75.51257209622531,32.69036861022323],[75.51072834933393,32.69352722620056],[75.50734936887835,32.69424180861262],[75.50325906695241,32.69173893690248],[75.5020867161291,32.70337519201155]]]}},{"type":"Feature","properties":{"blockName":"Bounjwah","districtName":"Kishtwar","state":"Jammu and Kashmir"},"geometry":{"type":"Polygon","coordinates":[[[76.01170649639978,33.35273333994019],[75.96591393198241,33.33957676395653],[75.94954598296079,33.345939035757965],[75.87925730558027,33.346460112844],[75.88376575988195,33.32594026283289],[75.88917757328642,33.313861989139525],[75.89896384380643,33.306427425984964],[75.89874550010478,33.28817091505573],[75.91038838411669,33.282726831278296],[75.90542649163933,33.26001244841581],[75.9073029270885,33.25835530455373],[75.9064523366061,33.251176936666354],[75.91441696107393,33.24796481102726],[75.91470684944159,33.238381105603594],[75.90712798916542,33.2398280284408],[75.90146079168227,33.23832657341268],[75.87855536673686,33.23741663666851],[75.868054419376,33.239278012969976],[75.86894154391717,33.23364134297367],[75.87521885856353,33.22163330813072],[75.87623418865695,33.22131753727456],[75.87941447110103,33.21916315285728],[75.8804468766221,33.21846378157829],[75.89605539943722,33.20060640056499],[75.89652759926935,33.200457285775144],[75.90021471084032,33.199292934421464],[75.91137917620807,33.20323333375143],[75.9146628429159,33.20980066716709],[75.92079235308466,33.2143978000185],[75.9277975079487,33.2143978000185],[75.93283246314769,33.20804937867592],[75.9531911951176,33.19994966794286],[75.96281412986826,33.18452159589498],[75.96996559633527,33.181978852741906],[75.97920670502549,33.18213473133284],[75.9903075442578,33.18070748026605],[76.0001606748753,33.1811842450569],[76.0230453659509,33.188176789627164],[76.033534183256,33.19119629757114],[76.04577113602915,33.197235312559656],[76.06802014131654,33.20359217224103],[76.07167533504872,33.206929523079054],[76.07533052878091,33.21900755395552],[76.08333964720703,33.237554323773054],[76.08333964720703,33.25021028507666],[76.08567613264745,33.26150329683975],[76.02257536765916,33.33099559666948],[76.01170649639978,33.35273333994019]]]}},{"type":"Feature","properties":{"blockName":"Drabshalla","districtName":"Kishtwar","state":"Jammu and Kashmir"},"geometry":{"type":"Polygon","coordinates":[[[75.6545129050466,33.35549924729247],[75.66525345428357,33.34937269499392],[75.67309690140092,33.33935132999994],[75.68087797064192,33.32940966202631],[75.68352238035362,33.32603097115242],[75.69122769430271,33.314473000228816],[75.70037775383031,33.30484135824213],[75.73264375520517,33.28365174533184],[75.7485359637638,33.26968586391155],[75.7581676066498,33.26679637185515],[75.76346500920289,33.26198055086178],[75.76442817412101,33.25523840093149],[75.76401660478257,33.24330291889464],[75.76394659166192,33.24127252041052],[75.76295124630303,33.23337298077848],[75.77039486742922,33.23603296225144],[75.78740889660332,33.23697238686623],[75.79544619888304,33.23613734296407],[75.82043193558542,33.220156510714446],[75.82344833996899,33.21972080806887],[75.8342815373631,33.21815601288972],[75.86559523043559,33.22023524096363],[75.8671818026981,33.22054353755425],[75.87521885856353,33.22163330813072],[75.86894154391717,33.23364134297367],[75.868054419376,33.239278012969976],[75.87855536673686,33.23741663666851],[75.90146079168227,33.23832657341268],[75.90712798916542,33.2398280284408],[75.91470684944159,33.238381105603594],[75.91441696107393,33.24796481102726],[75.9064523366061,33.251176936666354],[75.9073029270885,33.25835530455373],[75.90542649163933,33.26001244841581],[75.91038838411669,33.282726831278296],[75.89874550010478,33.28817091505573],[75.89896384380643,33.306427425984964],[75.88917757328642,33.313861989139525],[75.88519945998712,33.31470721066927],[75.87095142976472,33.31082003141938],[75.85882894270162,33.31502259571624],[75.84896386908736,33.310068601085106],[75.84175237287377,33.30146158098722],[75.83503116905325,33.304229160947045],[75.82797325366278,33.31078916758605],[75.8192728146887,33.31261123811822],[75.8090517732208,33.312733479366614],[75.80516758061941,33.31847789803663],[75.79862466379723,33.31855614984647],[75.7823162103249,33.31321327936939],[75.76632702067553,33.30582329560866],[75.76101229987779,33.313396232949856],[75.77523928326639,33.332954452286174],[75.77691220663309,33.33337336908579],[75.7756901934477,33.34304942499102],[75.75048830199358,33.339994222955056],[75.74368189100653,33.34434084335527],[75.74221764992467,33.3529799485658],[75.74434405733246,33.36532748287709],[75.74170840701743,33.365594615699024],[75.73582978071988,33.37333217933667],[75.73463155819991,33.38361514362401],[75.7316021559148,33.387496147229456],[75.71186619816655,33.401980387984565],[75.7100032966149,33.4117706173202],[75.7059059529974,33.420594695089164],[75.7005141549044,33.42144972012852],[75.69241913593441,33.41278182492135],[75.68506653699114,33.401527194424546],[75.6798807367067,33.39901135898708],[75.67474734081719,33.4008772525832],[75.67304671833142,33.38800831293332],[75.65972144738697,33.36172272402456],[75.6545129050466,33.35549924729247]]]}},{"type":"Feature","properties":{"blockName":"Dachhan","districtName":"Kishtwar","state":"Jammu and Kashmir"},"geometry":{"type":"Polygon","coordinates":[[[76.22336157617588,33.53319639379856],[76.2341046785881,33.535434540171934],[76.24828541434044,33.54843354786999],[76.25892096682924,33.56615946778527],[76.27310170258158,33.573249835211755],[76.38476438406911,33.61180386395722],[76.3780365009838,33.61807618916487],[76.36457905577885,33.64075232296136],[76.35663092757528,33.64811261110816],[76.34756583419596,33.680014151431976],[76.34181016860447,33.68952640392047],[76.33080400010459,33.694685123819454],[76.31674721970847,33.70256375151598],[76.30944060490003,33.718934489335254],[76.3025821195692,33.717383540118306],[76.29775074480108,33.72086981598926],[76.29802105672644,33.73130636020039],[76.29557888655643,33.743613768560635],[76.2894371635943,33.744709160799175],[76.26738852096355,33.75699511133536],[76.24466074899442,33.7616260586957],[76.22248978777355,33.75654109399636],[76.2173479877195,33.7575178764489],[76.20764294936271,33.764166602107025],[76.19221755009994,33.76709695126334],[76.1888973951987,33.773263952369575],[76.17823732359369,33.78918195078643],[76.14561223371766,33.79742728783913],[76.13554390073051,33.79965407217776],[76.13170900536636,33.81319836940929],[76.12264233457614,33.81573744782503],[76.11368412472262,33.82083164406515],[76.10260610758587,33.8273336983915],[76.09484031692716,33.82051639211784],[76.08791898877035,33.79896384970198],[76.0830577475171,33.78594074556901],[76.07466082523695,33.77679325810243],[76.06273476269922,33.77585489468771],[76.04488249523104,33.74934277644803],[76.03313916863777,33.74076817960787],[76.02103184864097,33.73854497726893],[76.0062966115994,33.73770051296833],[75.99539479233584,33.732232825584504],[75.98648026075551,33.73656485448447],[75.97376986528712,33.73794168056418],[75.97109131551184,33.738231828835865],[75.96889069155225,33.74549752898781],[75.97368715463853,33.75520334795618],[75.9731564637998,33.76001584775321],[75.96559956856527,33.762896341193255],[75.95877085529082,33.76997441758533],[75.94712442165479,33.78695860905259],[75.81836824329986,33.73189232067409],[75.795906250673,33.726990951671155],[75.78737690142293,33.7222514372541],[75.78394027532352,33.71321467971376],[75.77546881903083,33.713315997335485],[75.75982879836039,33.69595252219119],[75.7581049283998,33.69651394736081],[75.75561255807315,33.68926052025688],[75.74891149187192,33.68454176309194],[75.74715388294538,33.662205660263055],[75.75495814839991,33.6311816406203],[75.75423344681616,33.62589820633718],[75.745217287348,33.618729397343884],[75.72492815660922,33.59779141923866],[75.73313879511937,33.58607476294003],[75.74965570514672,33.582974729700084],[75.7704057276423,33.589616759905596],[75.77141506825086,33.585363870446315],[75.77044110247493,33.583472820114594],[75.75945095809527,33.5793231881147],[75.74946890696452,33.579918245230886],[75.7460998442325,33.57662881656671],[75.74548772158113,33.565219946043726],[75.74870195343249,33.5617340577806],[75.771774715231,33.53588940737029],[75.77870404105869,33.518682247887455],[75.78186833085886,33.50484983934865],[75.7877178137262,33.516671746903626],[75.79488035354552,33.51896445784348],[75.81720761873669,33.51732034965448],[75.86458058472624,33.51337811480818],[75.8705004341478,33.51249862910851],[75.87479259969876,33.521513391030226],[75.88674247088835,33.529390479986716],[75.88948577275028,33.52552201562855],[75.91071982655882,33.522478493088045],[75.93409160214577,33.516857372369884],[75.93866798493963,33.51372675678442],[75.94595930857531,33.5018486703799],[75.95064178798816,33.48615693059793],[75.95065592982735,33.46590719915798],[75.946139665813,33.45263238737482],[75.9491446101357,33.44670100684601],[75.96691611218887,33.43239066709566],[75.97793338461804,33.43200257905585],[75.98978388521817,33.43698732240705],[76.00866310471855,33.44225184844413],[76.02612055182209,33.436169388106805],[76.02139363960487,33.48107505237181],[76.02493882376774,33.49171060396128],[76.03084746403931,33.495255788124155],[76.04266474368302,33.50234615645002],[76.07575312740494,33.51061825193085],[76.11475015139843,33.518890348311004],[76.17738173467939,33.52361725962891],[76.22336157617588,33.53319639379856]]]}},{"type":"Feature","properties":{"blockName":"Machail","districtName":"Kishtwar","state":"Jammu and Kashmir"},"geometry":{"type":"Polygon","coordinates":[[[76.37543753581366,33.53192577765259],[76.36919948556783,33.534436130822826],[76.3677385000318,33.54116354895865],[76.37082599852107,33.551952434956945],[76.37933871211192,33.57009818628234],[76.38484131117764,33.59530827235892],[76.38476438406911,33.61180386395722],[76.27310170258158,33.573249835211755],[76.25892096682924,33.56615946778527],[76.24828541434044,33.54843354786999],[76.2341046785881,33.535434540171934],[76.22336157617588,33.53319639379856],[76.22047404104421,33.50490143974969],[76.22241837800578,33.48166858243917],[76.22095076986221,33.47443536040362],[76.22702474689459,33.46329774429552],[76.240380330388,33.47775875286419],[76.27671726139255,33.50887938667438],[76.28761549775709,33.5155420922938],[76.29792336966784,33.514915622757826],[76.31230130156388,33.51801439155099],[76.31859025883341,33.51793917765099],[76.32483107809185,33.51383903084667],[76.33188674427788,33.51476102390217],[76.34253041404742,33.5211751775924],[76.34802257558147,33.51758717400895],[76.3544517731309,33.5082012951537],[76.36197746099111,33.50635012975471],[76.37259405397248,33.51050025997904],[76.37428381624517,33.51650692275632],[76.3728521926746,33.526081995587674],[76.37543753581366,33.53192577765259]]]}},{"type":"Feature","properties":{"blockName":"Mughalmaidan","districtName":"Kishtwar","state":"Jammu and Kashmir"},"geometry":{"type":"Polygon","coordinates":[[[75.72492815660922,33.59779141923866],[75.745217287348,33.618729397343884],[75.75423344681616,33.62589820633718],[75.75495814839991,33.6311816406203],[75.74715388294538,33.662205660263055],[75.74891149187192,33.68454176309194],[75.74960799611216,33.69339309571484],[75.72714584160735,33.685857541392465],[75.70566810569858,33.67362769596144],[75.69403072014165,33.65763820324054],[75.68600366383805,33.63900413263468],[75.68126822514853,33.67808175027261],[75.67218964103915,33.680086695244825],[75.6619063907674,33.66876634768886],[75.64903454001205,33.652657843184954],[75.64170096262939,33.63868818011548],[75.63786499707203,33.637010745749365],[75.66364027018238,33.63003507335998],[75.65824006792485,33.62145620563945],[75.62431260864003,33.60718496661298],[75.62518087080059,33.605395249191474],[75.62236143233429,33.59275472475082],[75.61355920359443,33.58185341810082],[75.59752001523657,33.579376981062865],[75.5798612620876,33.58092230591973],[75.56949929505646,33.57904503589975],[75.56974104721161,33.57137089155344],[75.55671917694849,33.57019249998393],[75.53894077169929,33.56173327357175],[75.5062438295891,33.54098200101856],[75.48266363881595,33.51946778231235],[75.50417672257777,33.49326146864189],[75.51828346570943,33.458699950442394],[75.52633037994315,33.447068709053724],[75.53309554622251,33.43895051005802],[75.54557683580236,33.424659913124515],[75.55072897356331,33.41779039581019],[75.57013211110808,33.43628038063508],[75.58516595544455,33.45850722482862],[75.5995871087581,33.47208428436227],[75.61444435682165,33.47954522463249],[75.64092724079956,33.479737738006236],[75.64722869774624,33.484243920620486],[75.65359935212848,33.48644212360517],[75.6803395834051,33.51462905288855],[75.68953580063675,33.4990168266653],[75.70008829264066,33.487178056821904],[75.70876243633745,33.48860204155102],[75.70980617781294,33.50130950702817],[75.71789270448477,33.50632062659571],[75.73059412651776,33.51079009348808],[75.741546643263,33.511388794657194],[75.7307744567758,33.525868206052905],[75.73005526443893,33.53084889436104],[75.72670061963794,33.549850882112594],[75.72263200666185,33.55685581664267],[75.71203321036444,33.56549563141829],[75.69700745183252,33.570053477386125],[75.69024742697724,33.57426923923407],[75.69117408931282,33.58619164063174],[75.69758658914981,33.60729050565237],[75.72492815660922,33.59779141923866]]]}},{"type":"Feature","properties":{"blockName":"Nagseni","districtName":"Kishtwar","state":"Jammu and Kashmir"},"geometry":{"type":"Polygon","coordinates":[[[76.02612055182209,33.436169388106805],[76.00866310471855,33.44225184844413],[75.98978388521817,33.43698732240705],[75.97793338461804,33.43200257905585],[75.96691611218887,33.43239066709566],[75.9491446101357,33.44670100684601],[75.946139665813,33.45263238737482],[75.95065592982735,33.46590719915798],[75.95064178798816,33.48615693059793],[75.94595930857531,33.5018486703799],[75.93866798493963,33.51372675678442],[75.93409160214577,33.516857372369884],[75.91071982655882,33.522478493088045],[75.88948577275028,33.52552201562855],[75.88674247088835,33.529390479986716],[75.87479259969876,33.521513391030226],[75.8705004341478,33.51249862910851],[75.86458058472624,33.51337811480818],[75.86185980638504,33.50130181242878],[75.8518055486872,33.48744177311937],[75.84688568602564,33.475225241251906],[75.84139404789704,33.47222207668756],[75.83681919664866,33.460342401180924],[75.83870662900779,33.430371406715096],[75.84655854773882,33.426611736942164],[75.84465907975277,33.42540508237869],[75.84367343987742,33.42129627240507],[75.84397756271443,33.41464165978482],[75.8418468880235,33.41546985984621],[75.83648367488172,33.4138895981265],[75.83389452221451,33.40364303929488],[75.83373721100355,33.39048968814865],[75.83725961623833,33.375647923712734],[75.84942865580786,33.36193605220711],[75.86003218163995,33.35482051905177],[75.87925730558027,33.346460112844],[75.94954598296079,33.345939035757965],[75.96591393198241,33.33957676395653],[76.01170649639978,33.35273333994019],[76.0095763599611,33.356993612964914],[76.0107580880154,33.377082988988775],[76.02139363960487,33.401899276330596],[76.02612055182209,33.436169388106805]]]}},{"type":"Feature","properties":{"blockName":"Warwan","districtName":"Anantnag","state":"Jammu and Kashmir"},"geometry":{"type":"Polygon","coordinates":[[[75.31622238185747,33.98341904435347],[75.33095459897561,33.96336564480873],[75.33495499117998,33.961915853134144],[75.33301106430923,33.954774510335426],[75.34850382459189,33.93731664234923],[75.35362458410731,33.937773274916765],[75.35648177521381,33.934673096885945],[75.35853008009917,33.9348557491935],[75.3607789778676,33.92989481089688],[75.34993732504756,33.918346997815775],[75.35040700857667,33.90729170025179],[75.35738363964333,33.90430078984963],[75.35960970542362,33.899595889438785],[75.40927747237748,33.92442198118954],[75.43491361677007,33.938911975807116],[75.51850974233082,33.916619676257085],[75.53857281228551,33.91550506100981],[75.55194819075643,33.916619676257085],[75.60990817102532,33.928880441279375],[75.64111739075503,33.96454812109897],[75.66452430555233,34.00355964576107],[75.69907737102392,34.052602705850234],[75.70465044636109,34.06374885562525],[75.71022352079888,34.09384346010768],[75.71691121138338,34.10498960988264],[75.72025505622594,34.12059421974749],[75.72115870760001,34.140358789245056],[75.70796863444497,34.13944506024137],[75.65122306359359,34.13065274922502],[75.64704782969363,34.13503036116231],[75.65808432243358,34.158758851040204],[75.66216661859465,34.17171233865355],[75.65981102615797,34.17837571426787],[75.65083653767613,34.17808069616723],[75.63554688298234,34.18466073700347],[75.6139921687037,34.19724150059483],[75.60263140741358,34.20031856425038],[75.58229488330227,34.210776118423155],[75.56885284618198,34.2233832087681],[75.568477039284,34.22994074137216],[75.54425228641395,34.26232499909946],[75.52247336035737,34.27116477363546],[75.51989791066012,34.28549113031147],[75.50718678943883,34.29682429410593],[75.50613580122632,34.30750987677942],[75.51215467769629,34.31728481404298],[75.51693030888669,34.32962012926561],[75.51422141778426,34.3577548852798],[75.51063785775096,34.36108686086999],[75.4900813621652,34.36325226827762],[75.48229375215499,34.36949293285261],[75.46656261127555,34.36524791066262],[75.44726766037428,34.351882695430106],[75.43062619064625,34.350557487737944],[75.42144326719307,34.35310338391406],[75.42447120718055,34.34404764708131],[75.41959256404567,34.33650727509075],[75.41727040840266,34.325198123194866],[75.4085836966803,34.315541842482105],[75.40933773684714,34.30931380259],[75.40518356956613,34.30623704110661],[75.39373317644498,34.3049699494037],[75.38852337055715,34.294418168763514],[75.38727961806,34.280775640383524],[75.38184749076913,34.26995800575742],[75.37889357308,34.24238532871999],[75.37901641867285,34.21065848440156],[75.37595521636018,34.198084035849604],[75.37313032170704,34.19389566105599],[75.36082950807537,34.18837023359947],[75.35446315694918,34.18738672062074],[75.35340118171922,34.19210276543032],[75.34208227307852,34.18596196697126],[75.32565616759814,34.18674222057706],[75.31555933239736,34.1848797093312],[75.31193971404662,34.182311924555734],[75.31053524370657,34.172885912554875],[75.30556790133761,34.16025574380757],[75.30581718621426,34.153863648688514],[75.30924833094576,34.14775528877561],[75.30276910231225,34.13050027366876],[75.29028486475477,34.119444816025464],[75.27544767696878,34.10240664814836],[75.2782921579568,34.06293534688882],[75.27568054741937,34.060054624121676],[75.2769535953322,34.048252869474425],[75.28340664020436,34.04022282832091],[75.28487210256554,34.03616109605781],[75.2919316843998,34.03370147274484],[75.29597192736259,34.02863574724199],[75.30008485713051,34.01145347829544],[75.3113489098244,33.9980057826408],[75.31395822259395,33.98610898494178],[75.31622238185747,33.98341904435347]]]}},{"type":"Feature","properties":{"blockName":"Frisal","districtName":"Pulwama","state":"Jammu and Kashmir"},"geometry":{"type":"Polygon","coordinates":[[[75.0064749842332,33.84861183516813],[75.0071463281406,33.85254708138274],[75.02468907683948,33.870548031066846],[75.01515990000945,33.88682816219],[75.01573355236161,33.89563205107834],[74.99478215637146,33.90201427973528],[74.99056850523237,33.90029976722053],[74.98642230414606,33.900782580851455],[74.98628014741092,33.89514902970399],[74.98437418631971,33.891065884582986],[74.97939988319808,33.88184163818113],[74.97657528532119,33.8783978786592],[74.97595244904636,33.87827481812843],[74.97858176633548,33.869888178696556],[74.98535075743155,33.86452884792806],[74.98494784496711,33.85786967664433],[74.98745375908379,33.85245361933909],[74.98998423728278,33.845949519055125],[74.99566590935427,33.84309029098421],[75.00111021706294,33.84538161427014],[75.00396411485207,33.84861618788682],[75.0064749842332,33.84861183516813]]]}},{"type":"Feature","properties":{"blockName":"Pahloo","districtName":"Shupiyan","state":"Jammu and Kashmir"},"geometry":{"type":"Polygon","coordinates":[[[74.95441970700392,33.74170878683111],[74.96248639463147,33.735805520908116],[74.9659907243925,33.73626406993094],[74.97164587365819,33.73945962825928],[74.97881471322847,33.746483723744916],[74.98107864766149,33.74056649674645],[74.97858213056094,33.74085021126831],[74.97192994700953,33.73576948327508],[74.97083122638003,33.7302596518615],[74.98088991323897,33.73189060476767],[74.97881600915156,33.72421174617517],[74.98215681338627,33.72408820720506],[74.99242644702298,33.727924535189175],[74.99887255182688,33.723207377018866],[75.00056078255415,33.72756939381253],[74.99913947061015,33.73049601797692],[75.00039159759422,33.73335244376034],[75.00355739555744,33.73525217434843],[75.01363205707383,33.734647719316854],[75.02664378118561,33.73857679528294],[75.02354132067546,33.7438653583996],[75.02356517159546,33.75607216499844],[75.02058121205334,33.763825182586174],[75.02289525761012,33.766860534785906],[75.02489505486295,33.76780566110244],[75.03069593926625,33.77030274837318],[75.02938994918685,33.77137263673785],[75.03231025381524,33.77571270557695],[75.0297102121566,33.77605659283756],[75.01294883582017,33.76631225410728],[74.98820237543936,33.75110203293252],[74.97987217566043,33.74931828970733],[74.96492923029979,33.749722472913845],[74.95441970700392,33.74170878683111]]]}},{"type":"Feature","properties":{"blockName":"Qaimoh","districtName":"Pulwama","state":"Jammu and Kashmir"},"geometry":{"type":"Polygon","coordinates":[[[75.03280006866828,33.79077406826866],[75.05068780180068,33.80966557340753],[75.05107672890796,33.817537144123946],[75.05209689915262,33.82134655539926],[75.04889608698488,33.826319085057776],[75.04783844019192,33.83232445101265],[75.04552442880941,33.83437598086687],[75.052180634129,33.839471979348446],[75.0604324660855,33.84223080890473],[75.06045204162848,33.84340664729899],[75.05614880182583,33.846778649914825],[75.0497477188822,33.85303287806494],[75.04712183070797,33.84799264024821],[75.04407920209354,33.84603217124777],[75.03818510565816,33.84635524280026],[75.03817634716074,33.85034447531734],[75.04703867129768,33.85242659291299],[75.04932345201576,33.85445582677505],[75.04452293838295,33.86419908811746],[75.04470867716378,33.86720027057606],[75.03778530304936,33.865113710329524],[75.03480704520905,33.8611398454276],[75.03290919870062,33.860760159753625],[75.02468907683948,33.870548031066846],[75.0071463281406,33.85254708138274],[75.0064749842332,33.84861183516813],[75.009872856747,33.84510118677042],[75.00308450504593,33.841053686278656],[74.99781186172811,33.840022225945006],[74.99620902882367,33.83486468235924],[74.99689340570615,33.827803803702636],[75.00127556641434,33.824349848566726],[75.00851557113674,33.82317776574132],[75.00534722989079,33.8181069689615],[75.00945728272745,33.80719834183009],[75.01902608188823,33.80823336977426],[75.02096295357751,33.80529349859614],[75.02212510339086,33.80091109237304],[75.01484132956375,33.79765146724145],[75.016784604426,33.79144281943064],[75.02211465506736,33.79237029475337],[75.02692662336506,33.79525347986424],[75.03280006866828,33.79077406826866]]]}},{"type":"Feature","properties":{"blockName":"Yaripora","districtName":"Pulwama","state":"Jammu and Kashmir"},"geometry":{"type":"Polygon","coordinates":[[[74.98745375908379,33.85245361933909],[74.98494784496711,33.85786967664433],[74.98535075743155,33.86452884792806],[74.97858176633548,33.869888178696556],[74.97595244904636,33.87827481812843],[74.97025528795126,33.88003450358951],[74.95972106297671,33.88676946074207],[74.95732948776572,33.88483205935211],[74.95994787199675,33.88126553157906],[74.95954185417327,33.87846519291435],[74.95452657614061,33.877810103353625],[74.94977931136617,33.877937033667195],[74.94264537898113,33.88089250358621],[74.94160235606392,33.87879491585272],[74.9459164875559,33.873385865165574],[74.94312307367096,33.870648963778706],[74.93811311602752,33.872278090161785],[74.93500768595601,33.872860643104275],[74.92925712401711,33.875182527151935],[74.9260988479835,33.87649372070871],[74.92338877067527,33.874907695234015],[74.92339577999132,33.87324174521041],[74.92340680028366,33.870622694581755],[74.92713815580129,33.86357384705548],[74.9277153209054,33.85606820778162],[74.93278036022548,33.852824800124495],[74.93393436487906,33.846511063834555],[74.93461243661471,33.84511775857777],[74.93653290466989,33.84117157930501],[74.93361910213991,33.83461308442634],[74.93416441415644,33.82875778024743],[74.93532666379457,33.82846754564076],[74.93843817777974,33.82991553957055],[74.94401617420715,33.84030132424675],[74.94944771064337,33.84139412643782],[74.95111492331512,33.841197949226],[74.95077009266572,33.83796565359211],[74.94598339891479,33.828547839810994],[74.94804430420135,33.82197000231383],[74.95199977257153,33.819233716063195],[74.95891598988106,33.81976613809684],[74.96843503315034,33.82711701663703],[74.97468835388446,33.82675453769184],[74.97709789934862,33.823680659434956],[74.98293535018632,33.824827061219935],[74.98097055904412,33.831663035620636],[74.9853729652902,33.833207623033445],[74.98418563266085,33.837863596727686],[74.98605465499838,33.84602742102874],[74.98510055884378,33.85045255134423],[74.98745375908379,33.85245361933909]]]}},{"type":"Feature","properties":{"blockName":"Drugmulla","districtName":"Kupwara","state":"Jammu and Kashmir"},"geometry":{"type":"Polygon","coordinates":[[[74.328781928843,34.54366260374621],[74.33131184856302,34.54422209087687],[74.33550327295774,34.54579022613808],[74.34024439806058,34.546696689700525],[74.34378258909527,34.54749637855508],[74.34569628255747,34.54823836241053],[74.34244713182972,34.55271948811395],[74.35395422270926,34.55667872914012],[74.34130216985932,34.56696754801396],[74.33821598797749,34.57821494616286],[74.3494613707457,34.5766019563153],[74.34766716210987,34.58487879841789],[74.33592072296307,34.58783688356539],[74.32767029394898,34.592699755289516],[74.3227209739938,34.590577009021786],[74.32149501458332,34.59339986760983],[74.32049110408127,34.59571144722554],[74.31865026200006,34.59761148987843],[74.31400265829609,34.59501605904393],[74.31190105958626,34.586026648111385],[74.31395990902263,34.58427965478228],[74.32261518224493,34.57926252234756],[74.3279453120266,34.581834936832934],[74.3348487265875,34.57789062095543],[74.3276027377762,34.57308697138666],[74.32732173740828,34.5670096218966],[74.3245310250868,34.56235874376108],[74.328781928843,34.54366260374621]]]}},{"type":"Feature","properties":{"blockName":"Keran","districtName":"Kupwara","state":"Jammu and Kashmir"},"geometry":{"type":"Polygon","coordinates":[[[74.15900720701705,34.7038723116579],[74.14897155719166,34.69527053820485],[74.14179229717683,34.69120025608697],[74.13269805856862,34.690242767689654],[74.09716033977793,34.69289779659607],[74.09313964807637,34.69451522819526],[74.08653259340451,34.693695068073],[74.05970001344491,34.68508911097376],[74.04914093030976,34.68496704059652],[74.04171753043971,34.68731689355985],[74.01289367700167,34.709854126167045],[73.99999999970026,34.7082176208466],[73.96022033709892,34.696678161567945],[73.94155883806997,34.67719650241668],[73.92733001736644,34.64589309668912],[73.93609338370277,34.61267453070508],[73.95442670302998,34.60953856595211],[73.96909371480314,34.6070242206913],[73.97998921003409,34.60911950795895],[74.02231401607901,34.6250436928122],[74.05332426889993,34.625462749906035],[74.0675722235793,34.61917688810297],[74.10840518475152,34.60757737659469],[74.13656584843523,34.6180370513689],[74.15989896936202,34.63278787456079],[74.17089503667665,34.636810827158],[74.18350028610939,34.634933449219375],[74.19530094538237,34.636810827158],[74.19825111020066,34.640297385416034],[74.2041514389378,34.64834328881176],[74.2052242258174,34.65987575136489],[74.2033468487781,34.67167640883923],[74.197178323321,34.68508624933099],[74.18350028610939,34.69983707162362],[74.1797455311314,34.70681018903906],[74.15900720701705,34.7038723116579]]]}},{"type":"Feature","properties":{"blockName":"Kralpora","districtName":"Kupwara","state":"Jammu and Kashmir"},"geometry":{"type":"Polygon","coordinates":[[[74.04794972070312,34.47368753255364],[74.05621604523435,34.47678927720341],[74.06255906614803,34.488990071834394],[74.06987838837699,34.49666831798851],[74.07880661843075,34.49735221643169],[74.09184425830591,34.495644571140076],[74.11105827561897,34.503209832767595],[74.12080212331938,34.50983859167769],[74.14466022079262,34.5144029964012],[74.15657720377499,34.51497628812524],[74.16689671830898,34.519674146844466],[74.16792811928735,34.521819581208774],[74.16406987932152,34.5280665689171],[74.16760307282362,34.535363907218596],[74.17886667225918,34.53709949174822],[74.18557060819705,34.53488116103682],[74.19253548692325,34.546326776059914],[74.19312234761833,34.549865823249206],[74.20158443027731,34.55352052235429],[74.20771515183287,34.56088906357945],[74.21707401685245,34.56347890872473],[74.22155040133003,34.56101235793403],[74.22628215189985,34.56735731688673],[74.23342163939719,34.568983426044326],[74.23333940898658,34.57365811732831],[74.23157704174713,34.57576978214979],[74.22256921359838,34.576777046223754],[74.22181422824411,34.57877153028193],[74.22282639542186,34.58055129760436],[74.22055672601215,34.59844305610221],[74.22514103902779,34.612404057801086],[74.21911564157364,34.62354311822037],[74.2054421360458,34.63845353240464],[74.19825111020066,34.640297385416034],[74.19530094538237,34.636810827158],[74.18350028610939,34.634933449219375],[74.17089503667665,34.636810827158],[74.15989896936202,34.63278787456079],[74.13656584843523,34.6180370513689],[74.10840518475152,34.60757737659469],[74.0675722235793,34.61917688810297],[74.05332426889993,34.625462749906035],[74.02231401607901,34.6250436928122],[73.97998921003409,34.60911950795895],[73.96909371480314,34.6070242206913],[73.95442670302998,34.60953856595211],[73.93609338370277,34.61267453070508],[73.94155883806997,34.59195709244591],[73.94806671100997,34.57308959920567],[73.95735832562627,34.56264743872839],[73.96419821927248,34.54953764444679],[73.97987297355894,34.53500287168521],[73.99697270632538,34.52645300530202],[74.01898204858276,34.500467299826084],[74.02363988567225,34.49669298009701],[74.02841446285726,34.48899021482663],[74.04506043189349,34.47767889286666],[74.04794972070312,34.47368753255364]]]}},{"type":"Feature","properties":{"blockName":"Lalpora","districtName":"Kupwara","state":"Jammu and Kashmir"},"geometry":{"type":"Polygon","coordinates":[[[74.41631665239163,34.62588817060265],[74.41852357700151,34.618858279885785],[74.42382559667402,34.61778880161194],[74.43584866278559,34.62073427196913],[74.43252686212503,34.61359940608776],[74.41800844893083,34.61060286682891],[74.41379641926937,34.603532826778576],[74.41604575500764,34.598396624104964],[74.42207342414929,34.596226229956585],[74.42795261881838,34.597728378362035],[74.43052312494234,34.5902607426392],[74.42862152736166,34.582454108370484],[74.43258730376112,34.57604855219898],[74.43818313644266,34.55399384543966],[74.44591462605922,34.55096416526408],[74.45557487368154,34.55362571785264],[74.45759390743297,34.54863878285357],[74.45377420071884,34.54662023473611],[74.45410436702298,34.54127118501725],[74.45697357307199,34.54177765801256],[74.46043322990971,34.53880599580009],[74.46357326679288,34.53377610198555],[74.46550328295018,34.536197281079694],[74.46737180256667,34.53842319577393],[74.46992632144264,34.53463342389347],[74.47537556912727,34.53426844573221],[74.47722608881298,34.5387085605517],[74.47716903762102,34.53928656292459],[74.47625197914556,34.54857768381311],[74.48957250796491,34.5511342153718],[74.50643370455185,34.5623574388448],[74.51525827065274,34.570189354854904],[74.5172853182629,34.571988384756196],[74.52245539390134,34.58735612758329],[74.53281883761935,34.601073314082214],[74.5365597817086,34.61081994338571],[74.53552603889563,34.623084704995165],[74.53237773904146,34.63251927134735],[74.5269538819162,34.63524372341914],[74.5251643488557,34.63995798577247],[74.52866876135431,34.65120927708654],[74.52884918694048,34.65287625143793],[74.49854756391898,34.65292691924196],[74.49557858978017,34.65313137291457],[74.49310322563343,34.65156634121371],[74.48922568441787,34.64348857573725],[74.46486229655778,34.631975461198635],[74.45914745928786,34.637154086691794],[74.44511182824834,34.63334108981951],[74.44287394087974,34.629990943427345],[74.44323040695775,34.62204300767871],[74.43780472510804,34.62248317455891],[74.4340308028793,34.6358784739125],[74.42969217385479,34.635356629704745],[74.42155717822124,34.62753323477102],[74.41631665239163,34.62588817060265]]]}},{"type":"Feature","properties":{"blockName":"Langate","districtName":"Kupwara","state":"Jammu and Kashmir"},"geometry":{"type":"Polygon","coordinates":[[[74.28186666381555,34.42107750402363],[74.27977643433502,34.41983534062854],[74.2762950903462,34.42174226489368],[74.2740037643623,34.421321176231345],[74.2559509309907,34.412467393855195],[74.25264320022359,34.41449750275757],[74.24995606012413,34.41955805266207],[74.24528236798693,34.42184373719874],[74.24300932162294,34.41876519955434],[74.24561621971282,34.412402856706535],[74.24520703177916,34.40819724460721],[74.23928204273216,34.40724138758003],[74.2356124517533,34.40820043809981],[74.22314388488246,34.40019888926736],[74.22104783678827,34.4066979812269],[74.21246553995275,34.40642978360768],[74.21246553995275,34.41179371980439],[74.2049560290975,34.412330114143515],[74.2033468487781,34.419035033040416],[74.19812149361212,34.421547972660846],[74.19691012570178,34.412866506684],[74.19288717400394,34.39355633835436],[74.18805963214635,34.37987830204207],[74.18874615571059,34.35951225228865],[74.19043312019238,34.36179778933655],[74.20583217471517,34.365397983230366],[74.21525957526922,34.364647391064295],[74.22053488777493,34.36619277527643],[74.22554074450983,34.36596871548386],[74.22809379569219,34.372772904246176],[74.2323372773435,34.37445095284926],[74.2407614256993,34.37382826226457],[74.25019119956426,34.37087578888662],[74.2599229783628,34.37267631076321],[74.27201274629124,34.375454393905216],[74.27865618933174,34.376572062350874],[74.28507329999286,34.380634818941815],[74.29237513220664,34.384562847197685],[74.29247684373144,34.387801323872054],[74.30110059931326,34.39189503332915],[74.30379269917381,34.39987767301625],[74.30449091122665,34.40194801578838],[74.31276760763905,34.40882907320321],[74.30992504040836,34.41678095517699],[74.31122406793645,34.418010564935685],[74.31823502882355,34.42098360940611],[74.32356288511909,34.421043389141175],[74.33234760495804,34.42627691644657],[74.33569375656168,34.42569893385877],[74.34216699211305,34.41932214340227],[74.35033610982367,34.436011063160095],[74.35837905894647,34.441988781257294],[74.36067921087692,34.438987969319385],[74.36617295701643,34.436787134918404],[74.36754872279539,34.438184600439],[74.36947166398613,34.43487550540033],[74.37274341107963,34.43403699281299],[74.37743324964481,34.44321706001938],[74.37537803257021,34.45080977255299],[74.3814800657525,34.45322269407211],[74.38757712208655,34.45805938383353],[74.39021645422605,34.45730091000905],[74.39095083161567,34.45442396799177],[74.39662386030295,34.44980452475909],[74.39709406903609,34.45153620533165],[74.39936133995394,34.45117524084475],[74.40285135430662,34.451200935374914],[74.40506286186167,34.45121721580193],[74.40530003017233,34.45182015907312],[74.40801578130333,34.45872429758833],[74.41142879210514,34.46715907413204],[74.41102575283628,34.47763915182543],[74.40974927940579,34.481996516426136],[74.41072333061726,34.485982922374035],[74.40091916988382,34.49261377400654],[74.39881416813938,34.50258219141506],[74.37827690095827,34.49086520956183],[74.37628727233982,34.47630607056874],[74.36877948098834,34.47558563177154],[74.36253932183229,34.48017222097127],[74.36207101876255,34.476143251909605],[74.3573221307118,34.46973106413736],[74.35552224915256,34.46834023021751],[74.34983077626936,34.46827864284512],[74.3530202596773,34.45565578738473],[74.35622333004272,34.4513401881992],[74.35257208433427,34.448615996031435],[74.34819757685676,34.43926050526818],[74.34053203002924,34.43272311567932],[74.33659406516404,34.43957635256669],[74.33708448436153,34.45550557811998],[74.32747871407145,34.461949825823865],[74.3252461848636,34.449672283948814],[74.33549939058446,34.43976292142173],[74.32922163706894,34.43268476229201],[74.3263024224189,34.43043853910734],[74.31953660143307,34.429521193748144],[74.31620713585068,34.43076220780972],[74.31228955322035,34.42745775597069],[74.31045464936261,34.43038894239584],[74.30789288105166,34.43000562885675],[74.30272038803554,34.427385070964306],[74.30238688524662,34.42469952176555],[74.29441430087934,34.42628614528945],[74.28771785989136,34.420952476675495],[74.28461637874295,34.42198446401187],[74.28186666381555,34.42107750402363]]]}},{"type":"Feature","properties":{"blockName":"Lolab","districtName":"Kupwara","state":"Jammu and Kashmir"},"geometry":{"type":"Polygon","coordinates":[[[74.31400265829609,34.59501605904393],[74.31865026200006,34.59761148987843],[74.32049110408127,34.59571144722554],[74.32149501458332,34.59339986760983],[74.3227209739938,34.590577009021786],[74.32767029394898,34.592699755289516],[74.33592072296307,34.58783688356539],[74.34766716210987,34.58487879841789],[74.3494613707457,34.5766019563153],[74.35369634031389,34.57133713260265],[74.35673581680453,34.57024845110516],[74.36739043582003,34.57312841214656],[74.37080536937236,34.57110702127204],[74.37297419060644,34.56688598759831],[74.37210353714858,34.56375363722066],[74.36335827776236,34.551588891014546],[74.36469514876217,34.5457397139167],[74.36970831608596,34.54374952142331],[74.37207109320644,34.54429302939985],[74.37713516575536,34.5431045906044],[74.39346393491275,34.538909814436465],[74.39344846567423,34.53261951627769],[74.39719292341476,34.53015257787922],[74.4030017740127,34.52821094068241],[74.40725802243986,34.527172867633794],[74.40983792917717,34.52743013309424],[74.41370945482754,34.53106064043624],[74.4198615235905,34.530038425133284],[74.4273667581694,34.53358466779821],[74.43383273079593,34.53560115556894],[74.4435617064077,34.528997607353745],[74.44686984097046,34.52960495910162],[74.45238611782514,34.533894995058006],[74.45288353194951,34.53737191618103],[74.45222210396696,34.53824387995115],[74.45213582300988,34.53965778957536],[74.45410436702298,34.54127118501725],[74.45377420071884,34.54662023473611],[74.45759390743297,34.54863878285357],[74.45557487368154,34.55362571785264],[74.44591462605922,34.55096416526408],[74.43818313644266,34.55399384543966],[74.43258730376112,34.57604855219898],[74.42862152736166,34.582454108370484],[74.43052312494234,34.5902607426392],[74.42795261881838,34.597728378362035],[74.42207342414929,34.596226229956585],[74.41604575500764,34.598396624104964],[74.41379641926937,34.603532826778576],[74.41800844893083,34.61060286682891],[74.43252686212503,34.61359940608776],[74.43584866278559,34.62073427196913],[74.42382559667402,34.61778880161194],[74.41852357700151,34.618858279885785],[74.41631665239163,34.62588817060265],[74.41018749655575,34.62426855275157],[74.39722757699116,34.628105256652304],[74.39155534060654,34.62415990475586],[74.38490166957644,34.62602935876794],[74.37545204857327,34.62107881663411],[74.36833934288643,34.620644775935716],[74.36274533043269,34.61416045713946],[74.35592101214507,34.613506712964465],[74.34340357611421,34.617174680667006],[74.33463820428977,34.61504855744505],[74.3329179244227,34.61795828244885],[74.31978259838826,34.60643281122532],[74.31334192908679,34.596760009966545],[74.31400265829609,34.59501605904393]]]}},{"type":"Feature","properties":{"blockName":"Machil","districtName":"Kupwara","state":"Jammu and Kashmir"},"geometry":{"type":"Polygon","coordinates":[[[74.5442584145942,34.70700777458916],[74.55390374606111,34.718474460727805],[74.55923406380106,34.728715165872245],[74.55981118843567,34.74332050393815],[74.55662639229422,34.76595368881175],[74.55891235741939,34.77474687486841],[74.54406738240385,34.776535033764844],[74.5147018430157,34.77480316163667],[74.50657653757719,34.77553558390014],[74.48537445107013,34.787086487051795],[74.47396850604179,34.790634155142186],[74.37554168669953,34.80344390860955],[74.36753845343691,34.80256271329864],[74.34621429475396,34.79040908810896],[74.3412551883763,34.789688110617874],[74.33159637427332,34.79216766380671],[74.31509399369293,34.80025863672677],[74.30729675284294,34.800304413118226],[74.3027801515828,34.79753875770757],[74.28680419905459,34.77416610708025],[74.28417426213252,34.771967377992155],[74.28890162491012,34.765277089266306],[74.30365244810207,34.746771511096426],[74.3066026129203,34.732825277164864],[74.31679409097455,34.72102461879115],[74.32698556902886,34.71566068259449],[74.33851803068262,34.714319698994984],[74.36024197129001,34.71592888021371],[74.37177443294377,34.71297871539542],[74.38679345285561,34.69313215272672],[74.40234886710658,34.688572806689706],[74.4342642848689,34.68428165917129],[74.46698429279093,34.6869636263703],[74.5442584145942,34.70700777458916]]]}},{"type":"Feature","properties":{"blockName":"Qaziabad","districtName":"Kupwara","state":"Jammu and Kashmir"},"geometry":{"type":"Polygon","coordinates":[[[74.3937777371529,34.43238162421267],[74.39472518821691,34.44117551174054],[74.40267803336462,34.44612811961707],[74.40318532564231,34.44644403526405],[74.40506286186167,34.45121721580193],[74.40285135430662,34.451200935374914],[74.39936133995394,34.45117524084475],[74.39709406903609,34.45153620533165],[74.39662386030295,34.44980452475909],[74.39095083161567,34.45442396799177],[74.39021645422605,34.45730091000905],[74.38757712208655,34.45805938383353],[74.3814800657525,34.45322269407211],[74.37537803257021,34.45080977255299],[74.37743324964481,34.44321706001938],[74.37274341107963,34.43403699281299],[74.36947166398613,34.43487550540033],[74.36754872279539,34.438184600439],[74.36617295701643,34.436787134918404],[74.36067921087692,34.438987969319385],[74.35837905894647,34.441988781257294],[74.35033610982367,34.436011063160095],[74.34216699211305,34.41932214340227],[74.33569375656168,34.42569893385877],[74.33234760495804,34.42627691644657],[74.32356288511909,34.421043389141175],[74.31823502882355,34.42098360940611],[74.31122406793645,34.418010564935685],[74.30992504040836,34.41678095517699],[74.31276760763905,34.40882907320321],[74.31744128808504,34.412282237835086],[74.3218545779265,34.412344143567395],[74.32578733211972,34.41519494319215],[74.33213987415593,34.413371249383715],[74.34091014009095,34.40702017234315],[74.34650443493177,34.40680436742764],[74.35131778368884,34.409814657320624],[74.35376086936867,34.41396880841381],[74.36000353133795,34.41540830015299],[74.36607062136216,34.417525667575546],[74.37026919896442,34.419158675432584],[74.39342330084469,34.42909188258437],[74.3937777371529,34.43238162421267]]]}},{"type":"Feature","properties":{"blockName":"Ramhal","districtName":"Kupwara","state":"Jammu and Kashmir"},"geometry":{"type":"Polygon","coordinates":[[[74.06426650639423,34.32170298180722],[74.07950075925271,34.3233065872293],[74.09562220050418,34.3233065872293],[74.11785867194021,34.3310893516923],[74.16331688056965,34.35435477165544],[74.17917583579623,34.356637168270765],[74.18494612976014,34.35436389168029],[74.18874615571059,34.35951225228865],[74.18805963214635,34.37987830204207],[74.19288717400394,34.39355633835436],[74.19691012570178,34.412866506684],[74.19812149361212,34.421547972660846],[74.19851930692056,34.424398969237075],[74.19744651914158,34.43378585713168],[74.20022903144468,34.44562123922884],[74.20336414543902,34.44930732467333],[74.20217244480256,34.45392478040435],[74.20554739719466,34.45806755327504],[74.2034574941681,34.46117731717948],[74.2067357541518,34.46408509874834],[74.21279021319782,34.46491542031043],[74.22071722531973,34.46967826404068],[74.22690274796349,34.470933717617015],[74.23693266191287,34.47998262679687],[74.23782636229686,34.48558941591887],[74.24232346355706,34.48665862079878],[74.2456377773616,34.485384607913375],[74.24762910839667,34.49401152371291],[74.2429475831645,34.496724468959144],[74.24152851143174,34.50029946474854],[74.24276593090303,34.502965516645304],[74.25527670925277,34.50234339083488],[74.26360971581579,34.505951750572876],[74.26386791836978,34.50783786272723],[74.26382466817398,34.5093238269331],[74.25798178543113,34.50837101590969],[74.25530246044025,34.509442756877775],[74.25349447868729,34.512185664836636],[74.25658559604847,34.519493188859656],[74.25599792776222,34.52222078675993],[74.24733765700734,34.53511618986033],[74.24689562223523,34.53866127329917],[74.25015475543768,34.54019625595248],[74.25384360539812,34.53860936173271],[74.26154825564754,34.530023454119146],[74.26310963430223,34.531678446802914],[74.2651405004338,34.54630820505969],[74.26834497643955,34.54843616289867],[74.26674947660712,34.55068783867284],[74.26496799877418,34.55264075336811],[74.26597400289796,34.55500237935638],[74.26769687101387,34.560897102619265],[74.26835695091262,34.565886743678334],[74.26530984187576,34.569903764347316],[74.26636580333923,34.573470673432894],[74.26865132419931,34.57462904429502],[74.27655934893488,34.578614088669326],[74.27890506861411,34.58296019735525],[74.27683673672607,34.58659117774073],[74.27556396400581,34.58657718968561],[74.27416724132519,34.587896154284124],[74.2737337357234,34.588104836569016],[74.27217727456161,34.5888540941412],[74.26472206117427,34.58564382110552],[74.25951464568442,34.585887405179676],[74.24630380987298,34.57853207409602],[74.24527058327084,34.57706563057445],[74.24734987789458,34.57288878059279],[74.2436886955769,34.56921259668405],[74.23342163939719,34.568983426044326],[74.22628215189985,34.56735731688673],[74.22155040133003,34.56101235793403],[74.21707401685245,34.56347890872473],[74.20771515183287,34.56088906357945],[74.20158443027731,34.55352052235429],[74.19312234761833,34.549865823249206],[74.19253548692325,34.546326776059914],[74.18557060819705,34.53488116103682],[74.17886667225918,34.53709949174822],[74.16760307282362,34.535363907218596],[74.16406987932152,34.5280665689171],[74.16792811928735,34.521819581208774],[74.16689671830898,34.519674146844466],[74.15657720377499,34.51497628812524],[74.14466022079262,34.5144029964012],[74.12080212331938,34.50983859167769],[74.11105827561897,34.503209832767595],[74.09184425830591,34.495644571140076],[74.07880661843075,34.49735221643169],[74.06987838837699,34.49666831798851],[74.06255906614803,34.488990071834394],[74.05621604523435,34.47678927720341],[74.04794972070312,34.47368753255364],[74.05148986056867,34.46879706423317],[74.0515501538166,34.46876615273584],[74.05180347485054,34.468636278941176],[74.05476168500383,34.463459349569405],[74.05510912278783,34.454289116449615],[74.05711663712316,34.44895208077395],[74.05886486971804,34.446989731291126],[74.05903582814102,34.441116064754624],[74.04882397234849,34.43002987278044],[74.04632649567128,34.42366675831431],[74.04658033561407,34.41812377339346],[74.06175350202255,34.40533701199354],[74.06666077507475,34.40463697341767],[74.07078213598686,34.39812561380609],[74.07285823801732,34.39736446180052],[74.07589236084385,34.393931719873024],[74.0759469730744,34.39205541482556],[74.0768787867267,34.388268062121426],[74.07652234672895,34.38438452962242],[74.07526441282243,34.380744299709704],[74.07521063606208,34.38088692499167],[74.07480758510201,34.36012979245601],[74.07218775296246,34.34864283469909],[74.06954990740235,34.33525221182015],[74.06426650639423,34.32170298180722]]]}},{"type":"Feature","properties":{"blockName":"Trehgam","districtName":"Kupwara","state":"Jammu and Kashmir"},"geometry":{"type":"Polygon","coordinates":[[[74.20664800100451,34.73833567515135],[74.20296478259871,34.73657608142105],[74.17473602314902,34.71735382092214],[74.15900720701705,34.7038723116579],[74.1797455311314,34.70681018903906],[74.18350028610939,34.69983707162362],[74.197178323321,34.68508624933099],[74.2033468487781,34.67167640883923],[74.2052242258174,34.65987575136489],[74.2041514389378,34.64834328881176],[74.19825111020066,34.640297385416034],[74.2054421360458,34.63845353240464],[74.21911564157364,34.62354311822037],[74.22514103902779,34.612404057801086],[74.22055672601215,34.59844305610221],[74.22282639542186,34.58055129760436],[74.22181422824411,34.57877153028193],[74.22256921359838,34.576777046223754],[74.23157704174713,34.57576978214979],[74.23333940898658,34.57365811732831],[74.23342163939719,34.568983426044326],[74.2436886955769,34.56921259668405],[74.24734987789458,34.57288878059279],[74.24527058327084,34.57706563057445],[74.24630380987298,34.57853207409602],[74.25951464568442,34.585887405179676],[74.26472206117427,34.58564382110552],[74.27217727456161,34.5888540941412],[74.2737337357234,34.588104836569016],[74.27566678439462,34.59155089295939],[74.27996961410645,34.59310693143976],[74.27978617399282,34.599614632609246],[74.28479556686199,34.60455764561891],[74.27494072213665,34.6115351589205],[74.26453967866331,34.622812314736564],[74.26130839566599,34.630712177225234],[74.25673554900646,34.63165493202956],[74.25814766358388,34.63980493734806],[74.25706842226992,34.642324130854036],[74.25675676671148,34.64069921060013],[74.25495691213183,34.6404987741991],[74.24192062483701,34.64477709918384],[74.24170784074431,34.66343316630764],[74.24023128164839,34.666240131177176],[74.23466669231408,34.66898478112279],[74.2237657912583,34.69819055684877],[74.22500005680723,34.708289670032286],[74.21895910018236,34.713781095021545],[74.2160175571646,34.71144262118008],[74.20664800100451,34.73833567515135]]]}},{"type":"Feature","properties":{"blockName":"Zachaldara","districtName":"Kupwara","state":"Jammu and Kashmir"},"geometry":{"type":"Polygon","coordinates":[[[74.24762910839667,34.49401152371291],[74.2456377773616,34.485384607913375],[74.24232346355706,34.48665862079878],[74.23782636229686,34.48558941591887],[74.23693266191287,34.47998262679687],[74.22690274796349,34.470933717617015],[74.22071722531973,34.46967826404068],[74.21279021319782,34.46491542031043],[74.2067357541518,34.46408509874834],[74.2034574941681,34.46117731717948],[74.20554739719466,34.45806755327504],[74.20217244480256,34.45392478040435],[74.20336414543902,34.44930732467333],[74.20022903144468,34.44562123922884],[74.19744651914158,34.43378585713168],[74.19851930692056,34.424398969237075],[74.19812149361212,34.421547972660846],[74.2033468487781,34.419035033040416],[74.2049560290975,34.412330114143515],[74.21246553995275,34.41179371980439],[74.21246553995275,34.40642978360768],[74.22104783678827,34.4066979812269],[74.22314388488246,34.40019888926736],[74.2356124517533,34.40820043809981],[74.23928204273216,34.40724138758003],[74.24520703177916,34.40819724460721],[74.24561621971282,34.412402856706535],[74.24300932162294,34.41876519955434],[74.24528236798693,34.42184373719874],[74.24995606012413,34.41955805266207],[74.25264320022359,34.41449750275757],[74.2559509309907,34.412467393855195],[74.2740037643623,34.421321176231345],[74.2762950903462,34.42174226489368],[74.27977643433502,34.41983534062854],[74.28186666381555,34.42107750402363],[74.26827239755318,34.44911675563384],[74.26811135775301,34.45661830928759],[74.26898464532519,34.460081700110436],[74.27891692797391,34.4633503652272],[74.2858899329741,34.47030160393592],[74.28401344896156,34.47463927068583],[74.2924521600392,34.48834329111003],[74.29087100169545,34.489841412351325],[74.28366374038939,34.484920348195544],[74.27978471799042,34.47886851966649],[74.27776066602195,34.481735670764635],[74.27813137466325,34.48494166572533],[74.27175601233017,34.4915979061185],[74.2651615940324,34.49368944321327],[74.26129871176619,34.49142093932494],[74.25096486024017,34.49235525668979],[74.24762910839667,34.49401152371291]]]}},{"type":"Feature","properties":{"blockName":"Aripal","districtName":"Ganderbal","state":"Jammu and Kashmir"},"geometry":{"type":"Polygon","coordinates":[[[75.00712551423118,34.10116556843627],[75.00735308407764,34.10099190305391],[75.01170669760609,34.09794919439986],[75.01222218090896,34.094516090045545],[75.01687260128955,34.0926820981004],[75.01983495012291,34.09315938539737],[75.02361779002905,34.096334488645766],[75.02326300658257,34.08445202793877],[75.02670939482277,34.08376481729255],[75.02834603594084,34.085712835179265],[75.03034612277543,34.083104715810066],[75.03074964228222,34.07507345157859],[75.0297205228839,34.07170231770783],[75.0263389838571,34.06924013672301],[75.025640656691,34.06570013715168],[75.0278868160238,34.062592840087575],[75.04081115930762,34.08563175590086],[75.06360019309449,34.10862669666477],[75.06768186062942,34.131209428672264],[75.08198564432206,34.14694358857582],[75.09509744499115,34.15719463412512],[75.104871696072,34.16935284855515],[75.11059320900944,34.18079587532941],[75.12089856349648,34.187034108903006],[75.1172225012175,34.19590049631091],[75.11284173176057,34.198934968074354],[75.10856615690267,34.20788059461381],[75.10039490060421,34.207611375364706],[75.0930736906983,34.210535927491094],[75.08401417221631,34.211003617223184],[75.08060850527835,34.21412890162753],[75.07103835533587,34.218319346660564],[75.06799593806215,34.217544222787694],[75.06315391711962,34.222011077149546],[75.05893093911163,34.233912280627294],[75.05650434699805,34.23532555533018],[75.04983395936978,34.23126187603481],[75.0361562315249,34.22851271329114],[75.03078598028884,34.22457011781671],[75.02862785289318,34.22486090820439],[75.02638213153023,34.231372751651236],[75.02268170099978,34.23414273190161],[75.01709955420114,34.23247537443905],[75.01348413838235,34.23319017538631],[75.00837225967211,34.236416461750366],[75.00051214182196,34.23755276324948],[74.99930780391207,34.23273541071069],[74.99696975814788,34.22051380666687],[74.9944191621147,34.21318084442049],[74.99080581923323,34.212649470996325],[74.99231689340996,34.20997162089367],[74.99572883401851,34.20802194105977],[74.99538067677685,34.20649004937633],[74.99419694233507,34.203774423251105],[74.9916902107347,34.200223219925704],[74.9914116853011,34.19444381043354],[74.99510215134325,34.190335556240996],[75.00067266631055,34.18476504127369],[75.00046377178569,34.18441688403203],[74.99774814566047,34.18427762131523],[74.99635551669382,34.18399909498231],[74.99685045858183,34.181118628521915],[74.99997586259605,34.17873484593645],[74.99881045723686,34.17661592808264],[74.99753910634473,34.1755034963893],[74.99351316260243,34.17121268701595],[74.99377802733414,34.1697294450579],[74.99716829608008,34.16941160666039],[74.99912829563442,34.16877593166396],[74.99494343269333,34.16135971917578],[74.99362552659682,34.1432666033711],[74.99362552659682,34.13955446996289],[74.99718168788462,34.1396168586312],[74.99958365656056,34.14195643863877],[75.0021727921407,34.14351615894361],[75.00223518080901,34.140677468690285],[74.99872960009105,34.13431356821667],[74.99522341143137,34.12895952366313],[74.99583936339599,34.12441095510155],[74.99617102976924,34.122942146363016],[74.99645531536055,34.12128381359719],[74.99657895955141,34.11605450770941],[74.99815076494588,34.11536106386205],[75.00212650583364,34.115268604562516],[75.00312044105556,34.11392794831619],[75.00152552128583,34.111339093324546],[74.9967793986504,34.10941359356252],[74.9937267677762,34.109181328355646],[74.99087322162194,34.10639414407456],[74.99349450256932,34.10271107855351],[74.99760891801719,34.10287698188728],[75.00328282983878,34.10616187796836],[75.00895674166037,34.10778773621513],[75.00935491110033,34.10573052804148],[75.00805820742039,34.10243530774329],[75.00712551423118,34.10116556843627]]]}},{"type":"Feature","properties":{"blockName":"Kakapora","districtName":"Srinagar","state":"Jammu and Kashmir"},"geometry":{"type":"Polygon","coordinates":[[[74.85736829461115,34.12535689710319],[74.85930532637974,34.11866561462648],[74.85396797324341,34.115847438808316],[74.84996561602043,34.111731200434576],[74.8467666294764,34.10510238756518],[74.84630567566643,34.10287071541126],[74.84578055073189,34.10032835447004],[74.84585974682989,34.09468242145664],[74.84440718254547,34.092759788733304],[74.84321369495609,34.09118007380141],[74.84263960193613,34.09007711466717],[74.84321592977142,34.08190157399849],[74.84470283107083,34.080923260000475],[74.8515970275808,34.08290860424876],[74.85632874667436,34.08664520820986],[74.86544457440766,34.087363296179205],[74.867265774396,34.08607859395198],[74.86832116838724,34.08211268265421],[74.85859262984604,34.07354271372532],[74.86503077564981,34.058753816835235],[74.85565180808453,34.052871527598995],[74.85422277995741,34.05026743269593],[74.85894930096953,34.04516021427253],[74.87579899972411,34.05537153676704],[74.87649444995895,34.050469374562056],[74.86199774190231,34.04211857041577],[74.86042891596173,34.03823405225978],[74.86290045978842,34.038405103312925],[74.86352619727626,34.035534248806584],[74.87367245382075,34.03487896229433],[74.87545682657134,34.03129336709526],[74.87254769332145,34.0254541517877],[74.87732158882034,34.02172527390235],[74.88137446186198,34.024470315053065],[74.88182862039457,34.0277377427027],[74.88467017768659,34.02945221924455],[74.8875095190491,34.023610859053974],[74.88687661666256,34.01900658198821],[74.89864987808949,34.01355766615342],[74.90258615492718,34.008597843016105],[74.9123903444389,34.01247833310862],[74.9066847468037,34.02435390680739],[74.9086872977806,34.03283441297782],[74.92438999760037,34.04295653801387],[74.92985028985902,34.050426580322494],[74.93219831270204,34.05328680664087],[74.93151146897918,34.05497941706648],[74.92655325113168,34.05780469123357],[74.92789539395733,34.06280244417752],[74.92812987329506,34.067591881759995],[74.92534386532719,34.07583845538045],[74.92489911100523,34.07969403515165],[74.92502025148349,34.08004146124449],[74.92347650044019,34.08081333676614],[74.91999636873749,34.08557960331609],[74.91288410281913,34.09014210057751],[74.90988402382868,34.09032392371017],[74.90530853765893,34.088912910802264],[74.89815644256583,34.08150550987142],[74.89443663973918,34.08022960840975],[74.8935921826332,34.08754832359631],[74.89914327943887,34.09068734604426],[74.9046619358997,34.09042964081533],[74.90575142139102,34.09559699060867],[74.904189695598,34.098356486562636],[74.89494849068035,34.095872634614466],[74.8875117502671,34.10002629557715],[74.8837719438202,34.0974102297983],[74.88070143802099,34.09450585216342],[74.87733771276527,34.09668772705703],[74.87233758111455,34.10168785870775],[74.87233758111455,34.10441520299929],[74.87479579069327,34.10929166977479],[74.8765171767264,34.11148252439904],[74.87952891003124,34.11148252439904],[74.88130051780473,34.113962774562424],[74.87403692656295,34.12158068789847],[74.86960790667962,34.124060938061916],[74.85736829461115,34.12535689710319]]]}},{"type":"Feature","properties":{"blockName":"Rajpora","districtName":"Badgam","state":"Jammu and Kashmir"},"geometry":{"type":"Polygon","coordinates":[[[74.80244359729426,34.01936279086016],[74.79934336530414,34.01820628339334],[74.79733090559688,34.01076020082269],[74.7938241755453,34.00699866855376],[74.79519541593578,34.00069541835893],[74.79548980181295,33.999342196784994],[74.79262995500847,33.981048559143744],[74.78518622506431,33.9721512891507],[74.77785845820137,33.962921740346076],[74.77916058569252,33.95737490722627],[74.77242089091146,33.95383000724911],[74.7704615559561,33.95068606820752],[74.77410212671185,33.94506073506494],[74.77447811167559,33.94206085572398],[74.77160356185493,33.94068491097988],[74.76955167856715,33.9362040496772],[74.76122440428287,33.93475161759312],[74.76167937040668,33.925125990272306],[74.76080534808841,33.922864418358245],[74.75441876581345,33.9234257212201],[74.75115004134142,33.92522529880853],[74.74680969461178,33.927614853242915],[74.74607312827231,33.933722874111425],[74.74448026615141,33.93591355246855],[74.74070950593898,33.93560030421071],[74.7337013734197,33.93407004479678],[74.73061976638917,33.93129636833277],[74.72409879662223,33.92260988413892],[74.72061207468755,33.920608309825695],[74.71333450888056,33.91972515938863],[74.7135874144277,33.91631480158685],[74.71458543437035,33.91212576309357],[74.73347542595019,33.9199965927686],[74.74672465741708,33.92091485633563],[74.76548346758801,33.9152740953233],[74.76823825828905,33.91212576309357],[74.77463614414279,33.91115364542446],[74.78148748795724,33.91146986144503],[74.79027431041118,33.91183623085743],[74.79501375468107,33.91150710237093],[74.80706768642466,33.90845270882551],[74.80997195524162,33.909680828407545],[74.81493967262787,33.916324963926],[74.81834920844926,33.92052131480688],[74.82267816526519,33.92629325722811],[74.82473281396824,33.932443891572404],[74.82294597437726,33.93584739833881],[74.8232863237049,33.93831493928309],[74.82711526825506,33.94035704334294],[74.834688068,33.93576230988276],[74.84013367702761,33.935336872099015],[74.84830209056906,33.93797458905607],[74.85042928128638,33.93771932638583],[74.85076963241266,33.935932485895535],[74.8479617403421,33.932869330255414],[74.83628181865106,33.92456461906198],[74.83539363920517,33.92025060538117],[74.83723343897208,33.918728011788346],[74.84789159232321,33.91853768736445],[74.85176151628099,33.91523873487978],[74.85461637904274,33.91644412229846],[74.85620241440995,33.91929898416083],[74.85816909592711,33.92107534305268],[74.86077019338978,33.920314046256294],[74.86381537967611,33.92101190127829],[74.86438635204854,33.92684850855187],[74.86681213836954,33.92873600476287],[74.87304783329091,33.93156155412248],[74.87665284395365,33.929612900415066],[74.88045272061663,33.92990519716716],[74.88806726958887,33.93591686557096],[74.88449159211336,33.93980544686394],[74.88083485514449,33.93982892456529],[74.87530756429271,33.93697156258759],[74.87565715505372,33.93855673010904],[74.87179176907495,33.94079556896037],[74.86184512425314,33.93847831282392],[74.86283310596315,33.94522681916243],[74.85555270998964,33.95423153925418],[74.85548055018728,33.959050065408235],[74.86018071386889,33.96816343889162],[74.8592317240649,33.9730815271908],[74.8607120108507,33.977049273105536],[74.85581379756877,33.976698118423485],[74.84706828996968,33.96768403009395],[74.84294117069851,33.96860632532173],[74.83862451301093,33.9670845114411],[74.83647939520796,33.969950016779876],[74.83153139455828,33.96689338122462],[74.82287881120823,33.96695845976518],[74.81828961577321,33.962355216020455],[74.81249946118123,33.97671497171865],[74.81235902934577,33.98109588326844],[74.81890312427981,33.992928449588305],[74.82300472618721,33.99560212683673],[74.81921822244306,34.00257218026195],[74.81280961756983,34.004272524857186],[74.81044163787135,34.00955371083512],[74.80418206415101,34.01603362295339],[74.80244359729426,34.01936279086016]]]}},{"type":"Feature","properties":{"blockName":"Shahoora","districtName":"Pulwama","state":"Jammu and Kashmir"},"geometry":{"type":"Polygon","coordinates":[[[74.94163544032335,33.96585985065161],[74.93475973387467,33.96092011567083],[74.93113241372998,33.966236340135026],[74.92469919081503,33.963282705732354],[74.91714699273956,33.96244438020403],[74.91500623395058,33.968910594748195],[74.90753752083998,33.96528221520214],[74.90264547420935,33.95368104444469],[74.8878922777065,33.946513910888314],[74.88449159211336,33.93980544686394],[74.88806726958887,33.93591686557096],[74.89201880792172,33.93652057686319],[74.89264080692777,33.93359352012493],[74.89428727673646,33.933264226163146],[74.89692162843045,33.93370328507859],[74.89875103922913,33.933081285173216],[74.89406934222643,33.928271591260966],[74.89398809387546,33.92472379636615],[74.89507139113186,33.923965488916224],[74.89924208165678,33.92789243798569],[74.90322319509443,33.92911114616254],[74.9016253336423,33.92415506600355],[74.90148992092315,33.922611368020284],[74.90523080475788,33.91900581056973],[74.91028368524394,33.91840449417214],[74.91630819057059,33.91911676802448],[74.924272135151,33.92200334357949],[74.92815889621613,33.924165833586414],[74.93921448695909,33.93863201685417],[74.94064663933102,33.93954131957628],[74.94214698819303,33.93963225002835],[74.94954920543154,33.93065623090041],[74.9535235685579,33.928857308018394],[74.95651799710794,33.931153341953234],[74.95980454074703,33.94042264438957],[74.967866303687,33.93866163422712],[74.97029532666807,33.93898540275421],[74.98566666228669,33.94058218771784],[74.98754813933522,33.94074438404613],[74.99288090323114,33.94098810481722],[74.99400954340575,33.94684469772466],[74.9975004867581,33.94492321163693],[74.99916461655386,33.94428266771098],[74.99910386465172,33.94689982976337],[75.00087820996146,33.94949490536567],[75.0046417342287,33.9526811458183],[75.0069958194016,33.95604394926892],[75.00669908629385,33.95820728283991],[75.00571959778125,33.96064657428002],[75.0042797337228,33.96423237182654],[74.99792976824426,33.96522885392852],[74.98417181727558,33.968555312177955],[74.97583609206208,33.982870027130105],[74.95686791522218,33.97853043942831],[74.95277044659889,33.978880219046914],[74.94422736919779,33.968081692316275],[74.94183012376124,33.965968030999875],[74.94163544032335,33.96585985065161]]]}},{"type":"Feature","properties":{"blockName":"Balakote","districtName":"Punch","state":"Jammu and Kashmir"},"geometry":{"type":"Polygon","coordinates":[[[74.22504214957559,33.64808394791589],[74.21538258723666,33.618777539851635],[74.20701463301896,33.60570261228577],[74.19864667880125,33.58425973140152],[74.1808647769879,33.568569817243315],[74.16465186659042,33.54764993259835],[74.1485631336817,33.51220649333504],[74.17815399191323,33.48167800913285],[74.18565368666839,33.46646881138656],[74.1868266733124,33.45736706793588],[74.20885112058278,33.45626584539252],[74.25858435638298,33.47253602821519],[74.26598200866283,33.47604407577353],[74.26994322909678,33.481844361228355],[74.26921246338452,33.49004406937837],[74.27362906003316,33.49210890110493],[74.27833972869558,33.505153792213775],[74.28529704861995,33.516367982896156],[74.29264480201607,33.531950383103776],[74.29562084302756,33.54731138641142],[74.30084946543053,33.553767751580494],[74.30298653789845,33.56826591474021],[74.30054808642512,33.57525303639858],[74.29229265358316,33.588607463363815],[74.28356459463038,33.602887342177155],[74.28180907932563,33.60669253113548],[74.28736766568528,33.619962083683276],[74.29312552022662,33.62315138093152],[74.2932792233575,33.623236517951],[74.28994234556285,33.63173266602979],[74.2763600249952,33.652462635442305],[74.25630143906022,33.6533190598268],[74.24562464995768,33.65144146425223],[74.24616106408189,33.64342991495869],[74.24260748924428,33.63853638894324],[74.23916584043127,33.641509599788264],[74.22504214957559,33.64808394791589]]]}},{"type":"Feature","properties":{"blockName":"Mankote","districtName":"Punch","state":"Jammu and Kashmir"},"geometry":{"type":"Polygon","coordinates":[[[74.05724981862431,33.81436851419562],[74.0490493784261,33.80883026240673],[74.03833007837045,33.795135497805006],[74.02833557162938,33.77595901459688],[73.99999999970026,33.75257873502068],[73.96646118243768,33.74032211317501],[73.95623779283994,33.72029113732617],[73.97570037826989,33.69363403308421],[73.99999999970026,33.62366867097245],[74.0284423832095,33.57468032833452],[74.0453491205655,33.565746308445455],[74.0539016723244,33.56507873539539],[74.0743942261127,33.56943893465916],[74.07447052009849,33.5685234068298],[74.08835601831566,33.57320404083384],[74.09571075404813,33.570396423056536],[74.1233901976995,33.543212890762334],[74.14263915996929,33.51831817624287],[74.1485631336817,33.51220649333504],[74.16465186659042,33.54764993259835],[74.1808647769879,33.568569817243315],[74.19864667880125,33.58425973140152],[74.20701463301896,33.60570261228577],[74.21538258723666,33.618777539851635],[74.22504214957559,33.64808394791589],[74.21790285363386,33.654435835245636],[74.2114683896545,33.65482418139089],[74.20646006338126,33.65165468991205],[74.2003373197116,33.651360634985394],[74.19649330342327,33.65298918490299],[74.18497538470632,33.66433637542343],[74.18837019592786,33.66588713128613],[74.18857018266783,33.66939884717908],[74.1916683713983,33.67397136198883],[74.19225224364618,33.681003626915924],[74.19178100339064,33.69849155204355],[74.19379347029246,33.70264328126245],[74.19351935783214,33.71224840134272],[74.196735009713,33.71382056736536],[74.20276723571942,33.721480068950086],[74.20529846125504,33.73944429661702],[74.20340167414798,33.74235475456834],[74.21592788396475,33.754648316966325],[74.22142840739514,33.78296038691235],[74.21275880527469,33.78069391729048],[74.2078872586901,33.78093056939031],[74.20315289199243,33.78472482259252],[74.19811111183839,33.79514484805634],[74.19617479413148,33.79813851937723],[74.19336875376501,33.79756890767902],[74.1899602080972,33.79273213787792],[74.18496488692006,33.78548764643779],[74.17092335992515,33.78057126864917],[74.16457758528736,33.776888447743715],[74.16021690488628,33.77707435020113],[74.15790943517237,33.78317178065322],[74.14567211457648,33.80612864681967],[74.14200489600921,33.80860559826982],[74.138419763961,33.807873402635494],[74.13776262304668,33.80611616333033],[74.14207078214093,33.78423494658557],[74.13993202884012,33.78317691758076],[74.13525126803165,33.784697844729806],[74.13059122220722,33.78552220108878],[74.12779635861511,33.78386424154155],[74.1273504108928,33.780368270978954],[74.12565239823965,33.7804061765039],[74.12288727882492,33.78947135981548],[74.12154423128129,33.79093906418649],[74.11252087633744,33.79211197618679],[74.10877478992467,33.79226349936107],[74.0923666052347,33.79049823990192],[74.08336229073717,33.78918899877334],[74.07825577738225,33.78803044894613],[74.07310292735826,33.792251904401894],[74.06913002383158,33.79299710603169],[74.06261412624099,33.79578963408437],[74.05724981862431,33.81436851419562]]]}},{"type":"Feature","properties":{"blockName":"Beri Pattan","districtName":"Rajouri","state":"Jammu and Kashmir"},"geometry":{"type":"Polygon","coordinates":[[[74.50552989578813,33.117791242671785],[74.49141129959185,33.1153308369486],[74.48527467218844,33.115671858969165],[74.47112391083988,33.110232753838545],[74.45572695083814,33.11271569027696],[74.44980194470406,33.11956914030361],[74.44415435334076,33.12170264606033],[74.44251590818266,33.11842575664343],[74.43713244770436,33.11795762984082],[74.43479181189264,33.11421261362125],[74.4324511769803,33.108126961590074],[74.4324511769803,33.09689191293148],[74.42987647821695,33.09314689671197],[74.42659958880006,33.0917425154048],[74.42285457258049,33.08542280132127],[74.42104999925812,33.09061570085396],[74.41585005533585,33.0964589828958],[74.41124622883046,33.09766713483049],[74.40341196738842,33.10387746617215],[74.39696894186324,33.113388988411145],[74.39412269460672,33.103327072986076],[74.3897092716656,33.094554154950345],[74.38527161109602,33.08965248017785],[74.3808646003211,33.09281446681422],[74.37588930075071,33.09338219443276],[74.3692854710477,33.089871066696446],[74.36499756108861,33.09383544105282],[74.3635176538167,33.089144073640114],[74.36091635130862,33.08912584887889],[74.36195673471559,33.073450110734086],[74.36916130884737,33.06814056373605],[74.37282158284984,33.05986561920304],[74.38278594431591,33.05674671279064],[74.37757453223895,33.02736482102972],[74.38820597662459,33.026514306090405],[74.41306586939442,33.024201108594355],[74.42096804224144,33.01309997978029],[74.42942161821315,33.00628752085248],[74.43175219870506,33.00000073544561],[74.43396832607743,32.99994976906663],[74.4372580353301,32.999874112700184],[74.44423142434084,33.011387757838804],[74.45583738488745,33.01236597291137],[74.46244520038573,33.00634303959964],[74.47102825804774,33.004832603042246],[74.48008469994897,32.99864016371265],[74.4908010727114,33.00490610643169],[74.49411438557047,33.01575684869965],[74.49994494220539,33.02154654913397],[74.50274733312295,33.02273913470333],[74.50886129581221,33.02534099299248],[74.51592902910147,33.03012877762103],[74.51704899171767,33.037483233664375],[74.51485075186076,33.04886822718697],[74.51706697456126,33.05073400117328],[74.52652384320083,33.05041653959171],[74.53955176320335,33.051099494645996],[74.53962248409044,33.051993537671706],[74.5395437538412,33.05431085855935],[74.53595038220442,33.05819022629794],[74.52779089173634,33.06386755014739],[74.52689490707434,33.06626912042361],[74.53322825757806,33.067247903867724],[74.53418846732399,33.06888715661705],[74.53287284910277,33.07350055820427],[74.5268007624453,33.08012337979022],[74.51867607394172,33.09491921944647],[74.52638584043427,33.1011493637522],[74.52543726162037,33.10948097906396],[74.52404145444962,33.11068800234949],[74.52659034356958,33.114251787190256],[74.52283703560079,33.11559494894777],[74.51429245633187,33.1151465217946],[74.51338111664529,33.11659381785046],[74.50552989578813,33.117791242671785]]]}},{"type":"Feature","properties":{"blockName":"Khawas","districtName":"Rajouri","state":"Jammu and Kashmir"},"geometry":{"type":"Polygon","coordinates":[[[74.58264563798588,33.33439447102808],[74.59192620712884,33.333413343950724],[74.60664738416949,33.321617521231644],[74.61196388742354,33.32099976972364],[74.63142056071035,33.32494692566013],[74.63906066391854,33.3250131508363],[74.6339188503747,33.318769206433785],[74.63524629558015,33.31446800899147],[74.6337981595575,33.31092114489496],[74.63914776056077,33.3101064886236],[74.65348069757619,33.31188956185383],[74.66177089820843,33.31008554880907],[74.65561680956819,33.307825942813054],[74.646301358421,33.300680318342074],[74.64678992771303,33.29166820942038],[74.66454226881069,33.280136376392704],[74.67474653162719,33.27842592071971],[74.67018229777489,33.26655216455083],[74.67312521855405,33.26200818792756],[74.6771677341037,33.26335716829874],[74.68805564265386,33.25739427282747],[74.69906731500464,33.257141027336615],[74.70441507959231,33.25375052206897],[74.7055159352123,33.2510332061176],[74.70925718417175,33.24281032333778],[74.71374109057894,33.242873219223725],[74.71507630322884,33.24941527899199],[74.71888873083032,33.253749691994756],[74.72560029841509,33.25486310664712],[74.72963083409576,33.258181309120175],[74.73028313126156,33.26981014122509],[74.73446887913553,33.27659603957562],[74.73516405957372,33.285167663257084],[74.73735909424687,33.299581794664164],[74.73805914001736,33.31130159409332],[74.7351228355505,33.31717217415655],[74.72446732980347,33.321099789623645],[74.71864903992133,33.32896848430818],[74.70613347897694,33.3347046939665],[74.70241908377375,33.33791425743709],[74.70250003714705,33.34164886310458],[74.70687523170665,33.3544889444093],[74.71087146094919,33.36025291434055],[74.71552201712746,33.36296825178346],[74.71689153621548,33.36706454319415],[74.71435142357939,33.37375609726615],[74.70218059256035,33.38398193301987],[74.69699375805556,33.39043250655499],[74.69672133002541,33.39532118342595],[74.6994718039806,33.402698511027495],[74.69836982510742,33.408594821593795],[74.69363064343952,33.41219771795039],[74.69397453879401,33.420034684553116],[74.68154634878505,33.41971073885958],[74.6773122551565,33.4282309932658],[74.66657924133898,33.425833674084856],[74.66503494890384,33.42004302306714],[74.66182486922241,33.41543874869933],[74.64906939613576,33.40774107718903],[74.64391288677035,33.39127114414805],[74.61829657063026,33.39237072722733],[74.613510252796,33.39073943527677],[74.60322003997294,33.37627674767384],[74.59915874028371,33.37319950505315],[74.59213240998281,33.37509186479775],[74.58035790299488,33.36533259102629],[74.56739591858684,33.35980704395996],[74.566798231853,33.354771291062264],[74.57063682882665,33.34710020800827],[74.57981190839291,33.34331320603968],[74.58264563798588,33.33439447102808]]]}},{"type":"Feature","properties":{"blockName":"Koteranka","districtName":"Punch","state":"Jammu and Kashmir"},"geometry":{"type":"Polygon","coordinates":[[[74.56482221717164,33.568499303200326],[74.55900898058007,33.562862492909744],[74.55194099817857,33.56230180698287],[74.54568849942478,33.55557880811557],[74.54072569233688,33.55614332065778],[74.53317879216758,33.5500055484174],[74.52930843203859,33.551021676209416],[74.51579652478983,33.54765874055846],[74.50237362704132,33.537950249704295],[74.49411373895794,33.53491731668089],[74.48835520542843,33.52289204902888],[74.47750641379002,33.52144593378284],[74.47910981326731,33.51548074234245],[74.46005907866362,33.501444426918795],[74.44910160935183,33.49861537559917],[74.44603383659233,33.49460168601905],[74.44189105023185,33.48719080111465],[74.44061401832232,33.47859220496633],[74.44045636087242,33.4675283449572],[74.4442910466945,33.46422138670766],[74.45348054059451,33.46447135237105],[74.46059682108648,33.47145813498497],[74.4751311936497,33.47495504264117],[74.47965015113363,33.47530116921365],[74.48231325235474,33.466856376020985],[74.48494673440433,33.46689331657336],[74.49811968987183,33.46877452562393],[74.51000822280128,33.467810334579326],[74.52962550331438,33.48024325592155],[74.53657361328169,33.48882286648217],[74.54006493614793,33.48180338361931],[74.53873875808728,33.475564538372794],[74.53258318286765,33.470954380640194],[74.51940812478517,33.462852900041355],[74.50815633164945,33.4587367327141],[74.5042582526163,33.45444097976747],[74.49831462242196,33.45132722557105],[74.48889892564495,33.44620167986369],[74.48922709995077,33.43532167275703],[74.48167711870411,33.43539132614882],[74.48068552891408,33.430988461248546],[74.48217343025965,33.42504035243036],[74.48261557564837,33.41855090030384],[74.47770604709643,33.40929712556192],[74.47546270713826,33.402825883807566],[74.47490833894875,33.39228461444344],[74.46870766632577,33.383770840551904],[74.47002989186609,33.37711817496387],[74.47376267011117,33.373834929138695],[74.4872878423601,33.3733224162965],[74.49973278943673,33.37472589108705],[74.50971301944037,33.37662146770663],[74.52046725725819,33.37661118395903],[74.52053790889744,33.377388351091554],[74.52147198254602,33.38065812866978],[74.52808599257457,33.38240326399949],[74.53842448370301,33.381518501977325],[74.54886807410242,33.3801171855597],[74.56068071144574,33.38413715510569],[74.57108441061712,33.37788869340852],[74.57199939255798,33.374422894201246],[74.56792038611701,33.368542866759924],[74.56739591858684,33.35980704395996],[74.58035790299488,33.36533259102629],[74.59213240998281,33.37509186479775],[74.59915874028371,33.37319950505315],[74.60322003997294,33.37627674767384],[74.613510252796,33.39073943527677],[74.61829657063026,33.39237072722733],[74.64391288677035,33.39127114414805],[74.64906939613576,33.40774107718903],[74.66182486922241,33.41543874869933],[74.66503494890384,33.42004302306714],[74.66657924133898,33.425833674084856],[74.6773122551565,33.4282309932658],[74.68154634878505,33.41971073885958],[74.69397453879401,33.420034684553116],[74.69531058601478,33.42322940291467],[74.70057830104781,33.42554568868263],[74.70365838192885,33.42395806061603],[74.71074898677637,33.42711533300627],[74.71750343763358,33.42517153833586],[74.725731158766,33.43446038304029],[74.72751402335354,33.438154765629974],[74.72074426063915,33.449655534275564],[74.71988464276211,33.458474434647485],[74.71644467568132,33.467625096720894],[74.7184215950806,33.47096443685933],[74.71691393562969,33.47351898541291],[74.71175065616791,33.47436645075118],[74.71091942089464,33.48116198803535],[74.71587977373264,33.49180319456184],[74.71749822156573,33.49744436026907],[74.71212836782996,33.495422713987125],[74.67964285993008,33.49819751280501],[74.65725946355343,33.518021801964665],[74.65588605759552,33.532521512857556],[74.66571383272725,33.552470838358545],[74.66310437696546,33.580020097049896],[74.64866611944592,33.593282134862704],[74.61754160326245,33.59175374244131],[74.61570833707015,33.58952448406774],[74.61894464907635,33.58205422052589],[74.61650620929419,33.579755217929005],[74.61523586834073,33.57855751881448],[74.60673849538529,33.58156985016848],[74.59054999618542,33.574766567922836],[74.59117051220943,33.55285459706204],[74.58183009228497,33.55762546004701],[74.57762415912771,33.55861447777596],[74.57345735817057,33.56544538449697],[74.56935204296246,33.56789301804838],[74.56482221717164,33.568499303200326]]]}},{"type":"Feature","properties":{"blockName":"Laroka","districtName":"Rajouri","state":"Jammu and Kashmir"},"geometry":{"type":"Polygon","coordinates":[[[74.17934938606538,33.42388943784732],[74.18006134065843,33.40206909171525],[74.18421173078679,33.3910408016917],[74.18508148222469,33.38350677531747],[74.17075347888999,33.346652985047285],[74.16685485756568,33.34413909934],[74.11763000492084,33.2855949401544],[74.11579895016149,33.281127929310514],[74.14091376925512,33.266260750033666],[74.15025436095004,33.25874450595421],[74.15413377455411,33.25953489941611],[74.16318976679435,33.2500792358681],[74.17015598371171,33.249678798337925],[74.17212131084989,33.25089226976252],[74.18317113513984,33.24487615061389],[74.20022243311882,33.227735027449626],[74.19961051281496,33.22484069434262],[74.20748250081681,33.22653743355579],[74.21760443339792,33.22001011907179],[74.2258105267345,33.210416416784255],[74.23238813400525,33.207799124330165],[74.24675968341273,33.218615213021735],[74.23823689201902,33.22876045782891],[74.21114573538745,33.25279440513776],[74.20833575419175,33.26069841080306],[74.21234724223149,33.267287692173284],[74.22006997065267,33.2713228009066],[74.22639356081424,33.27678647371687],[74.22843280233201,33.28274317375849],[74.24676716487284,33.28004228302501],[74.25196623735201,33.28750891330577],[74.25339386073813,33.294129018939145],[74.24842658671764,33.30081926000088],[74.24890896957334,33.30437436458533],[74.25793377962032,33.31869430909512],[74.24373398903242,33.33180139371939],[74.24507342399937,33.33749752329214],[74.2535735515782,33.35127785658784],[74.25244954471077,33.355520096275484],[74.24672890681364,33.36118361373286],[74.24255419721851,33.3653166397512],[74.23588335003666,33.36025539287215],[74.23663092227929,33.37020122560614],[74.23392101494295,33.38320614724597],[74.21679891513787,33.40888002539293],[74.20034894165042,33.41999487336477],[74.17934938606538,33.42388943784732]],[[74.20833575419175,33.26069841080306],[74.20556911762071,33.26044225420674],[74.18826042737686,33.26683407862987],[74.18290355085821,33.27177864656733],[74.18674608956042,33.27772798206075],[74.20416263999391,33.27191073809013],[74.20833575419175,33.26069841080306]]]}},{"type":"Feature","properties":{"blockName":"Manjakote","districtName":"Punch","state":"Jammu and Kashmir"},"geometry":{"type":"Polygon","coordinates":[[[74.2932792233575,33.623236517951],[74.29312552022662,33.62315138093152],[74.28736766568528,33.619962083683276],[74.28180907932563,33.60669253113548],[74.28356459463038,33.602887342177155],[74.29229265358316,33.588607463363815],[74.30054808642512,33.57525303639858],[74.30298653789845,33.56826591474021],[74.30084946543053,33.553767751580494],[74.29562084302756,33.54731138641142],[74.29264480201607,33.531950383103776],[74.28529704861995,33.516367982896156],[74.27833972869558,33.505153792213775],[74.27362906003316,33.49210890110493],[74.26921246338452,33.49004406937837],[74.2715174257886,33.4885255506137],[74.27722394343033,33.48810747468025],[74.2994815867059,33.46511359691499],[74.3091505667453,33.46528704286277],[74.31155254171648,33.46840852223556],[74.3158707228556,33.46902401464661],[74.31587367712854,33.47435695121237],[74.3183059772391,33.478084416262845],[74.32442929377692,33.47486994519187],[74.32668598417087,33.4721029228117],[74.32699542829641,33.46137798760412],[74.32929683118385,33.45470515561851],[74.33362736810858,33.45428926593695],[74.33576888502608,33.45118557335559],[74.33542203180139,33.44497739858815],[74.33928706614523,33.443955943212245],[74.34152967675323,33.44944532134457],[74.33695066703973,33.46607456478938],[74.33662196393254,33.47139442791058],[74.33853380029473,33.4754580982127],[74.34217658068468,33.47591139609409],[74.3463973103876,33.4707518802951],[74.3475697727269,33.47026831033429],[74.34800096707102,33.47544340868643],[74.35039920985571,33.475082597983544],[74.3515359349355,33.483196288677846],[74.36758363537655,33.4920999438574],[74.37448719472832,33.504069564159124],[74.37484040885784,33.50546034142167],[74.37378886036765,33.50560818996604],[74.36154931664771,33.52074203711538],[74.35784507748838,33.53118935340598],[74.35870547957427,33.53851394386345],[74.3678321971982,33.54824660669561],[74.366269716874,33.55099284304532],[74.36064582714329,33.558489863216664],[74.36198151823254,33.56507542409162],[74.3578353000591,33.572391186803884],[74.36234712142254,33.57315983286003],[74.3688224056296,33.56881133557471],[74.36924946399165,33.57600854335965],[74.36914407693763,33.577956609809746],[74.36201974391611,33.58350937575716],[74.3638308193369,33.58626794810738],[74.36807600070694,33.58972577122739],[74.36862188828957,33.595892688696665],[74.37037515978585,33.607239873821186],[74.36868086852729,33.61634761395129],[74.36324796062496,33.62622065465956],[74.3586051916763,33.6264991504155],[74.35642270524369,33.62286053118862],[74.34853547013591,33.62171903790335],[74.34404279174151,33.623545925204326],[74.33925716188855,33.62176069899709],[74.32997403327505,33.62214591190434],[74.32401913007885,33.616008083906024],[74.3204206988562,33.61468100292598],[74.31838382705206,33.62337589668033],[74.31470781311515,33.62757968225657],[74.31129823592488,33.62795739032134],[74.30135981180592,33.623562632809296],[74.2932792233575,33.623236517951]]]}},{"type":"Feature","properties":{"blockName":"Qila Darhal","districtName":"Rajouri","state":"Jammu and Kashmir"},"geometry":{"type":"MultiPolygon","coordinates":[[[[74.20833575419175,33.26069841080306],[74.20416263999391,33.27191073809013],[74.18674608956042,33.27772798206075],[74.18290355085821,33.27177864656733],[74.18826042737686,33.26683407862987],[74.20556911762071,33.26044225420674],[74.20833575419175,33.26069841080306]]],[[[74.24672890681364,33.36118361373286],[74.25244954471077,33.355520096275484],[74.2535735515782,33.35127785658784],[74.24507342399937,33.33749752329214],[74.24373398903242,33.33180139371939],[74.25793377962032,33.31869430909512],[74.24890896957334,33.30437436458533],[74.24842658671764,33.30081926000088],[74.25339386073813,33.294129018939145],[74.25196623735201,33.28750891330577],[74.24676716487284,33.28004228302501],[74.22843280233201,33.28274317375849],[74.22639356081424,33.27678647371687],[74.22006997065267,33.2713228009066],[74.21234724223149,33.267287692173284],[74.20833575419175,33.26069841080306],[74.21114573538745,33.25279440513776],[74.23823689201902,33.22876045782891],[74.24675968341273,33.218615213021735],[74.25306995731273,33.21836022194674],[74.25828687863657,33.22229337004302],[74.25820957201421,33.225457283027254],[74.26376791375827,33.225613774955775],[74.2713368392238,33.2168983685649],[74.27653105086733,33.21625064175379],[74.27661559073698,33.211607164139366],[74.28442567390579,33.20946377393409],[74.29512323914622,33.20462393294821],[74.29633829067961,33.202731104656834],[74.31055720625011,33.19735520837622],[74.31326192180029,33.23068177934067],[74.32690704472441,33.22690397114138],[74.33270595061919,33.250319615657816],[74.3394485915793,33.26153547997848],[74.33712772286617,33.264525941618956],[74.33403065289235,33.26461082502959],[74.32492843190164,33.27712367811529],[74.3303032292107,33.29168773100406],[74.31975607558246,33.29095325918564],[74.30736396367604,33.285678462890814],[74.29967112332372,33.277586793895466],[74.29430283171035,33.276973803398334],[74.29081446401636,33.27657547477838],[74.29087795165623,33.282053677934925],[74.29379229467872,33.29260660071412],[74.30171482278092,33.30091405214182],[74.30272259227388,33.306599721699854],[74.30099715209695,33.313986343794795],[74.27971033056735,33.33005175998079],[74.28995648740204,33.336158856346174],[74.29512404134147,33.33502958574684],[74.29784527294106,33.33592823240207],[74.30368290364316,33.34370797874027],[74.30827366030121,33.34663500759956],[74.31007740265005,33.3443962883581],[74.31386686876107,33.343865385279344],[74.3226892081405,33.34608545438027],[74.32202970470718,33.3615617246939],[74.30893288404542,33.367630711388244],[74.30669908499482,33.367480889731326],[74.30705958093495,33.360068538032635],[74.30420062535865,33.355000882584704],[74.29909339704267,33.35245742986655],[74.29531254373899,33.358372551552065],[74.28471542107985,33.36401037178126],[74.28152069012782,33.368730899711295],[74.27518671459524,33.3670528708933],[74.253989609433,33.36632075080206],[74.24672890681364,33.36118361373286]]]]}},{"type":"Feature","properties":{"blockName":"Siot","districtName":"Rajouri","state":"Jammu and Kashmir"},"geometry":{"type":"Polygon","coordinates":[[[74.45129416909072,33.16341358836644],[74.4494199378799,33.15820738876005],[74.44341629502605,33.15670647782173],[74.44415435334076,33.12170264606033],[74.44980194470406,33.11956914030361],[74.45572695083814,33.11271569027696],[74.47112391083988,33.110232753838545],[74.48527467218844,33.115671858969165],[74.49141129959185,33.1153308369486],[74.50552989578813,33.117791242671785],[74.5073053301769,33.12936482762473],[74.50376031238858,33.13557857279295],[74.50892792298532,33.14012432557723],[74.5161924423274,33.15197960607401],[74.52530651098675,33.160421765152364],[74.52827723340766,33.16391154927862],[74.52355008466873,33.164369765552294],[74.52002863091661,33.16300905802166],[74.50952495681139,33.15460045894406],[74.50564145129198,33.151005444245925],[74.49948869454767,33.15026348287347],[74.49485035386078,33.15373896058463],[74.48997370991884,33.15550639100718],[74.48418852318184,33.156605421003405],[74.47999131344841,33.1566776770332],[74.47138670892951,33.16245788062673],[74.46619950570266,33.15832005312802],[74.46122301992648,33.15785685371088],[74.45345695137723,33.1642507942388],[74.45129416909072,33.16341358836644]]]}},{"type":"Feature","properties":{"blockName":"Taryath","districtName":"Rajouri","state":"Jammu and Kashmir"},"geometry":{"type":"Polygon","coordinates":[[[74.5881072009866,33.16178697918582],[74.58931845738095,33.15771356382999],[74.58821574915754,33.15373730223479],[74.61668269405112,33.162266743215696],[74.62242190384785,33.164445346375715],[74.61381178288752,33.17061886486874],[74.61006543297339,33.175942691302225],[74.60744886357423,33.18666740077998],[74.61031184451605,33.19137569343354],[74.61464109810822,33.19446358312791],[74.61793430932096,33.191482614730944],[74.61937896586664,33.19239981619859],[74.62085504382526,33.201627579849],[74.62410198222074,33.202265103851516],[74.62317267857634,33.205211960063934],[74.62715806469299,33.213977616074146],[74.62564033463377,33.21635951008335],[74.6180591927776,33.219107125093785],[74.6068894492887,33.21609648806253],[74.60049974276899,33.22110320994523],[74.5906709289203,33.224227005072294],[74.58408884392509,33.22841561189102],[74.58338799236202,33.23112353981958],[74.58193348823994,33.2367433960909],[74.58408395610974,33.243296891638295],[74.58850210768617,33.248047509085325],[74.59338220772275,33.24893137987931],[74.60456827480607,33.23624548194351],[74.61438851182044,33.23373312868097],[74.62210199431166,33.23608372178637],[74.6277601841852,33.23962861007237],[74.63176213131737,33.24498495239368],[74.6316963755873,33.24967267305544],[74.62648666862492,33.25775375882898],[74.62990862228514,33.26085957021303],[74.6344125422051,33.25949576901456],[74.64172697392075,33.261229202365826],[74.65056530684348,33.25605297266662],[74.65751785406576,33.25451966455091],[74.67312521855405,33.26200818792756],[74.67018229777489,33.26655216455083],[74.67474653162719,33.27842592071971],[74.66454226881069,33.280136376392704],[74.64678992771303,33.29166820942038],[74.646301358421,33.300680318342074],[74.65561680956819,33.307825942813054],[74.66177089820843,33.31008554880907],[74.65348069757619,33.31188956185383],[74.63914776056077,33.3101064886236],[74.6337981595575,33.31092114489496],[74.63524629558015,33.31446800899147],[74.6339188503747,33.318769206433785],[74.63906066391854,33.3250131508363],[74.63142056071035,33.32494692566013],[74.61196388742354,33.32099976972364],[74.60664738416949,33.321617521231644],[74.59192620712884,33.333413343950724],[74.58264563798588,33.33439447102808],[74.58144344316042,33.33195341781601],[74.57987205235338,33.326582962433804],[74.57017365009392,33.3253876015566],[74.56785027317164,33.32289444342388],[74.56370836544875,33.322211277928204],[74.55536562192594,33.31726776039886],[74.55445896410998,33.313696500393235],[74.54228058058436,33.30011166082454],[74.52251811891614,33.28085681159263],[74.51168111738968,33.27783037886894],[74.50711942232351,33.280142828129044],[74.49961571929009,33.28738070685421],[74.50124701034133,33.290190304938676],[74.49744621277256,33.297828467409886],[74.50052992421666,33.30075394763662],[74.49922889209972,33.30172362274703],[74.49239323156246,33.30188852513538],[74.47637258542653,33.29718201673671],[74.47738665107312,33.29232229263977],[74.49307245532958,33.288213747066834],[74.49716375820094,33.28295271219798],[74.49400830064263,33.27648972891791],[74.48574586028326,33.27553607702839],[74.48823741222685,33.27172753899475],[74.4868266421359,33.27048292314845],[74.47811860029321,33.27703415060563],[74.47284008170448,33.27335576335787],[74.47829822098618,33.25886576874029],[74.49995670263979,33.270201857130075],[74.50954308624449,33.26959259072555],[74.51774580622401,33.27277836173204],[74.52106663112016,33.26485302594642],[74.52548319539324,33.26812035826799],[74.53739146484429,33.270201947062276],[74.54166662961131,33.266129231378955],[74.55257851498652,33.248812256580436],[74.54970381497913,33.241933941198454],[74.54406701727908,33.237915037349126],[74.5418219200456,33.23405069997989],[74.54310792539047,33.23208076471559],[74.54499098524582,33.23081520635674],[74.55721553277067,33.23881252567759],[74.56092115688591,33.23906196074097],[74.56194982842192,33.23755367536188],[74.56080215319685,33.22966541862422],[74.56208462420608,33.22104122956915],[74.54906704820576,33.210823901401966],[74.54966957329225,33.209251808224394],[74.55383595156798,33.20650956036798],[74.5573805601648,33.19970471869789],[74.56737222684683,33.19039348087449],[74.579724868408,33.17083227758758],[74.58483835060946,33.16745331871573],[74.58569606462174,33.16304812277269],[74.5881072009866,33.16178697918582]]]}},{"type":"Feature","properties":{"blockName":"Batote","districtName":"Ramban","state":"Jammu and Kashmir"},"geometry":{"type":"Polygon","coordinates":[[[75.30080969001523,33.17613917967947],[75.30860959555645,33.177944238635746],[75.31176902002431,33.19419270642834],[75.31279709890703,33.2116700393409],[75.31193473090315,33.21753414068809],[75.31066629201581,33.226159525841524],[75.30758311836627,33.23566870714518],[75.30722756240215,33.23654574578961],[75.30380115170186,33.24499755729147],[75.30251631457634,33.24816682124185],[75.29583380588548,33.253307212957566],[75.29172149215321,33.25639144780712],[75.28837609867804,33.26224588593891],[75.28966533528705,33.267700311020576],[75.29480572700277,33.27078454587013],[75.30111315364917,33.28057948225734],[75.2979804633278,33.28454361019948],[75.29445498510955,33.28573323520072],[75.29072251982848,33.290853363392046],[75.2846464887445,33.289625951576454],[75.27042710013063,33.29647911292079],[75.26630322381476,33.29624689088138],[75.2641308754396,33.29151569968985],[75.2623771578796,33.29586576179554],[75.24737692300664,33.293497631010894],[75.24161658004118,33.287924170763915],[75.24431690060453,33.28745378396502],[75.25100704543883,33.28071970634943],[75.25020318732732,33.27661938237867],[75.25426127014157,33.27139167188818],[75.25355723677711,33.2667392963815],[75.25655703787703,33.26172021331723],[75.25370979866835,33.25531714197257],[75.2608259118864,33.25261782775061],[75.2655585222081,33.252747393077755],[75.26673309885348,33.24789096679473],[75.26495582085448,33.24170137831601],[75.25717217415655,33.235649190058155],[75.23922235183011,33.2373043662036],[75.24097521773217,33.240852212359755],[75.24066921711074,33.24758503811904],[75.2452637095526,33.256488911833856],[75.24276051858311,33.26588181169632],[75.23926588171514,33.26616487420961],[75.2353703000993,33.26287337620539],[75.23262994711445,33.265791193308985],[75.22630089177278,33.26553989305165],[75.2203279229953,33.25631728521461],[75.21933339691878,33.247361862360094],[75.22113687396762,33.24471490396968],[75.22519750995718,33.243545155784375],[75.22741131528005,33.23808161877173],[75.2276981333622,33.23615736996669],[75.22473306587835,33.23274544194862],[75.23018079191007,33.22799325968123],[75.23345939093821,33.221444896564776],[75.23494735163905,33.21847298524011],[75.24084440144804,33.21249077412995],[75.24532560988905,33.20794485137384],[75.25696577435104,33.19378406618176],[75.26671051058167,33.18983367988045],[75.2741977047603,33.18840196817632],[75.28735319989033,33.18966901221518],[75.29621299333502,33.17876427195364],[75.29855179542909,33.177114121219745],[75.30080969001523,33.17613917967947]]]}},{"type":"Feature","properties":{"blockName":"Gool","districtName":"Ramban","state":"Jammu and Kashmir"},"geometry":{"type":"Polygon","coordinates":[[[75.09876423907843,33.41091190595972],[75.10184743431171,33.423147497159334],[75.09800498284375,33.433406335334155],[75.09190430943642,33.435717886171574],[75.0780374442727,33.428637272791946],[75.07279225455898,33.44421800115987],[75.06337261335545,33.45560601820324],[75.04790195481144,33.439487843289385],[75.03269759092115,33.44444012201404],[75.0205340992693,33.43757643770249],[75.01592934916022,33.42489165402668],[75.0157945084099,33.410827877804365],[75.01717747955712,33.408942005769006],[75.02119982960852,33.39841047876064],[75.02427027964973,33.395520643163195],[75.0253539690105,33.37782039979169],[75.03095302486224,33.36120384488157],[75.02781239532584,33.32473272333658],[75.03781163070227,33.323615202379756],[75.04856479383022,33.3196549100461],[75.05420247016792,33.31912637758029],[75.05737366316407,33.31084604071225],[75.05614042194298,33.30802720299306],[75.05120745525988,33.30467983190874],[75.04750772889861,33.297985090639486],[75.04438687275604,33.28391606777234],[75.0470295341857,33.28190261161626],[75.05646760789386,33.281776771281045],[75.06577984216602,33.27774985986821],[75.09077907859165,33.272347497439114],[75.0953551151465,33.26152341197593],[75.1047270626039,33.252419432810655],[75.10571843655669,33.25867846334046],[75.1144893670907,33.27132054810488],[75.11937940193792,33.27357107994146],[75.12302793529102,33.280179244376654],[75.13075646793669,33.288381512896535],[75.13276496433167,33.29051312378169],[75.14692574862448,33.30215328824369],[75.14920494904919,33.309601650595766],[75.14933207001906,33.310017078025794],[75.15150194975524,33.31960454261559],[75.14645946453271,33.32461230411457],[75.13114740862608,33.328779444116094],[75.13014905593423,33.32910217212759],[75.11929305982693,33.33261148773005],[75.11172077089691,33.33728176514143],[75.11025067163126,33.33818846162825],[75.09542421005932,33.33841487044998],[75.08157602201584,33.34478037981074],[75.07219596806954,33.351661070302214],[75.0678493422734,33.35854596692286],[75.06638939365564,33.36085847104164],[75.06904256186482,33.371800188727775],[75.08127083168358,33.38228704551079],[75.08179508967169,33.39086082037062],[75.08504936383713,33.3955668620211],[75.09466248338697,33.40339396935627],[75.09876423907843,33.41091190595972]]]}},{"type":"Feature","properties":{"blockName":"Khari","districtName":"Ramban","state":"Jammu and Kashmir"},"geometry":{"type":"MultiPolygon","coordinates":[[[[75.1750583012996,33.5315961779213],[75.1694940384192,33.52929283159892],[75.16576025203403,33.52964412837389],[75.16224076779724,33.54017952786296],[75.15551440276755,33.53959130199706],[75.14989240700902,33.52373976258002],[75.15030946131264,33.52032190892902],[75.15811048021453,33.52174863928832],[75.16527828826247,33.519718887416786],[75.1749420693211,33.51384087805411],[75.18239547507119,33.51199045369651],[75.18413828115683,33.51276620889348],[75.18501766433377,33.51618539803775],[75.18967815802063,33.51858571825636],[75.19042425627447,33.52828237043508],[75.18363412481506,33.52752334712483],[75.17922046085562,33.53149798634303],[75.1750583012996,33.5315961779213]]],[[[74.99868549913651,33.57808214797279],[75.00033144284185,33.57482939366162],[75.01731040834875,33.56658287310114],[75.02774066989605,33.57072213232061],[75.03150215540023,33.56375744604935],[75.03005492589415,33.555840750949926],[75.0338887807427,33.550111638741214],[75.04582064120967,33.53970318755211],[75.04585348355147,33.53430123071729],[75.02454060056834,33.51446253621714],[75.02213425309338,33.50919393804986],[75.02397957020105,33.500381185443416],[75.02824634519271,33.496567686749415],[75.0330091007894,33.4887291634202],[75.0413311212343,33.48487296131816],[75.04468935343095,33.47317298744349],[75.05442114571935,33.463451690243346],[75.05696872632569,33.45656966156071],[75.06337261335545,33.45560601820324],[75.07279225455898,33.44421800115987],[75.0780374442727,33.428637272791946],[75.09190430943642,33.435717886171574],[75.09800498284375,33.433406335334155],[75.10184743431171,33.423147497159334],[75.09876423907843,33.41091190595972],[75.10226573417634,33.40374065440773],[75.11461815900088,33.40648419998587],[75.1274632450328,33.40165771663038],[75.13805727492337,33.401971747298376],[75.13926865002821,33.40280308059772],[75.1333328061641,33.40682325968572],[75.1328226099755,33.411016610428305],[75.13707299931951,33.42099100293251],[75.13713605258681,33.427037861807946],[75.14655818761031,33.442583385315004],[75.14850356868482,33.45973933380327],[75.14486843073354,33.461036705679476],[75.13211000157537,33.47539213563863],[75.12515513859881,33.477603535274966],[75.11929586840967,33.49031982400072],[75.1227496940432,33.498358427599385],[75.11443256680957,33.504673541650675],[75.10100225594942,33.51010580923577],[75.0965609549242,33.51814612514363],[75.09565470719906,33.5254966115794],[75.10578852342167,33.53080188859633],[75.1077752409347,33.53099527970846],[75.10952201482917,33.52880585230827],[75.12708189831102,33.53747558303178],[75.13305443721254,33.52944492314475],[75.14019357757161,33.525184989295894],[75.1462799175842,33.5293166411501],[75.14590451088452,33.5331732119742],[75.14811463438292,33.53834322196218],[75.14111716872242,33.53872383303849],[75.13784702422083,33.54807930761399],[75.13954542717977,33.55183729295675],[75.13362961661358,33.558745723036736],[75.11766674562386,33.554378310310824],[75.09797421433859,33.56023378805895],[75.09125788484357,33.55698921038379],[75.08333889287564,33.55909004736782],[75.08168415380072,33.55567766878943],[75.07361537255144,33.54960591578043],[75.0577365009388,33.55466457530997],[75.06018904658731,33.574892302138096],[75.05683088004116,33.58232943105844],[75.052118036818,33.585424437088136],[75.0651223010534,33.595487346264065],[75.06738795409086,33.59570788880808],[75.07088021315138,33.60129475794679],[75.06899900589946,33.61030668340675],[75.06538011869759,33.616877734619834],[75.06103467820788,33.62202279561558],[75.05354708742817,33.62420249594851],[75.05057928240802,33.628338932196016],[75.04903721219762,33.62539416690731],[75.04608657073868,33.62081202305649],[75.03636885284033,33.61946557607553],[75.0218779409143,33.623212247047604],[75.0086197486026,33.62658895131909],[75.00652427427588,33.62856160523393],[74.99959496193799,33.62554424037444],[74.99179380274188,33.61884994067225],[74.98630948959135,33.61308207757588],[74.9853655989433,33.60678839886555],[74.98748033135229,33.5973427816441],[74.99868549913651,33.57808214797279]]]]}},{"type":"Feature","properties":{"blockName":"Pogal Paristan","districtName":"Anantnag","state":"Jammu and Kashmir"},"geometry":{"type":"Polygon","coordinates":[[[75.3176536079277,33.51209507542745],[75.30496967321193,33.508879439734415],[75.30171545300578,33.51116999230135],[75.30086001158031,33.518132091223094],[75.2954116002652,33.52398078358635],[75.29077712036786,33.523332902091795],[75.27039044016675,33.52831873542135],[75.25868710732419,33.53853652673939],[75.24807045318494,33.551224795285535],[75.23189197693324,33.54065912192101],[75.22050280965698,33.538407474925066],[75.20986082161966,33.53829220881846],[75.20772204403715,33.53729489034697],[75.20584797560366,33.532911772760144],[75.21408991681625,33.525407528334824],[75.21408114572836,33.5220753755782],[75.20994733819913,33.51834168362183],[75.20516229560354,33.51787589775455],[75.20196861326093,33.51398169030284],[75.20230718912552,33.51165688255912],[75.20585294435796,33.51078083586691],[75.20853238086477,33.50721066494026],[75.21225033468528,33.49869477404462],[75.21117933835586,33.4941734117736],[75.20687074938564,33.491032747163615],[75.2061955159104,33.488245759834],[75.2071435128629,33.483368786740186],[75.20556858592158,33.47381618257083],[75.20991249576514,33.46885410303446],[75.21297249928148,33.46849436522285],[75.20782327892124,33.4619431593494],[75.20588049329018,33.45623015759577],[75.20843778927264,33.452928020611694],[75.20145304362313,33.45172202704998],[75.19729079863151,33.45394728703769],[75.19207128726015,33.46027830559939],[75.18491245174829,33.462211872280136],[75.18266182728155,33.45831020135478],[75.1741885678482,33.45077781984054],[75.16534176421112,33.44978513287765],[75.14850356868482,33.45973933380327],[75.14655818761031,33.442583385315004],[75.13713605258681,33.427037861807946],[75.13707299931951,33.42099100293251],[75.14761911333147,33.42479760742367],[75.1530789999959,33.424371985278924],[75.1547223689422,33.42601498010731],[75.15631124436851,33.42814414213848],[75.15790321526123,33.42671136833502],[75.16415814578187,33.42607097099858],[75.17441004388849,33.429223277332426],[75.18015154875502,33.42707021222054],[75.18768727484792,33.42132870735401],[75.20060566282115,33.41307529259075],[75.2070648563581,33.416304890258516],[75.20957676535551,33.420969862569166],[75.21747133533393,33.42312292768099],[75.22393052887088,33.417022578029616],[75.22592075463916,33.416193316768215],[75.23864313627178,33.41451066903221],[75.24869077136208,33.419893330912544],[75.2590972503379,33.420969862569166],[75.28421633671462,33.411281072263705],[75.29031668636605,33.411281072263705],[75.29749356857337,33.41486951291773],[75.29821125634447,33.4188167983566],[75.30036432055698,33.4188167983566],[75.30538813855179,33.41451066903221],[75.32409668651292,33.4086825666472],[75.33291433412927,33.44348906826593],[75.33399101956996,33.486509855145755],[75.33291433412927,33.49593086331873],[75.33027693643152,33.521174520188026],[75.3176536079277,33.51209507542745]]]}},{"type":"Feature","properties":{"blockName":"Rajgarh","districtName":"Ramban","state":"Jammu and Kashmir"},"geometry":{"type":"Polygon","coordinates":[[[75.2623771578796,33.29586576179554],[75.2641308754396,33.29151569968985],[75.26630322381476,33.29624689088138],[75.27042710013063,33.29647911292079],[75.2846464887445,33.289625951576454],[75.29072251982848,33.290853363392046],[75.29445498510955,33.28573323520072],[75.2979804633278,33.28454361019948],[75.30111315364917,33.28057948225734],[75.30148823659289,33.28620572101727],[75.31899173258245,33.32050609767833],[75.32199859425975,33.334412827090375],[75.32270442716765,33.33767730496368],[75.32227808016933,33.36155274316462],[75.3213904277261,33.36176860923399],[75.31780521024234,33.362989565715964],[75.31448664624179,33.361238341975934],[75.31309790144707,33.35284430292228],[75.31158380824621,33.351576983690904],[75.31003436899101,33.35683800596928],[75.30082492902733,33.357931718274244],[75.29702609198063,33.353197291321976],[75.2962404568317,33.358155226782344],[75.3057524988788,33.37217370505249],[75.28997818784313,33.369404936188914],[75.28828147111307,33.37141424467171],[75.2833610526705,33.360483939382334],[75.27299655134982,33.35341726729308],[75.27549009169445,33.35012927124893],[75.27443417070049,33.34479679783402],[75.26778255821853,33.33170802880255],[75.26773495890131,33.3278436977285],[75.27502988881838,33.32160485158266],[75.2694815987968,33.31737758290916],[75.26558563496911,33.31153363626834],[75.26654541034247,33.30628163329078],[75.26367267175647,33.30122928790138],[75.26461223936343,33.29703173192894],[75.2623771578796,33.29586576179554]]]}},{"type":"Feature","properties":{"blockName":"Arnas","districtName":"Reasi","state":"Jammu and Kashmir"},"geometry":{"type":"Polygon","coordinates":[[[74.8853863150265,33.20982759017119],[74.89051484018779,33.210169191355135],[74.89729514385584,33.212940424361136],[74.91022834006588,33.210631516631224],[74.91245568198417,33.21104140783473],[74.91563897985509,33.214882780116284],[74.92320027187509,33.21608134617725],[74.9396824923532,33.21539248707364],[74.95072291333184,33.22188256243038],[74.95715332586536,33.22170569726018],[74.96819475588336,33.224559960174076],[74.98241481089485,33.2247463392722],[74.98525341481331,33.222056994035086],[74.99791487996777,33.221837388584674],[75.00699258364085,33.21877816927713],[75.01055480186267,33.219425071409944],[75.01342545042428,33.22188903664977],[75.01771390717113,33.21943479757789],[75.02595114313078,33.221417412383744],[75.03444453298886,33.218466548792264],[75.03995650388958,33.218139793616615],[75.05332074965293,33.220720664427176],[75.05682009087457,33.21890725976226],[75.05735070617021,33.21709154294041],[75.06016272702828,33.21669758232764],[75.06581078064306,33.21814766897978],[75.06901407763763,33.22366455287687],[75.07209696800072,33.226661467153065],[75.07455081766614,33.22670438819699],[75.07632194430232,33.22411375164836],[75.07867176668873,33.220844937244124],[75.08166553063978,33.220646189769866],[75.08330877098302,33.22150553155507],[75.08414466114726,33.225075528912555],[75.08443118964772,33.23017128817446],[75.08995351714117,33.23368530813053],[75.09141220401006,33.23759280036751],[75.09066341858198,33.241746848937964],[75.09283753502427,33.24380175664578],[75.1003362108475,33.24687199714498],[75.1047270626039,33.252419432810655],[75.0953551151465,33.26152341197593],[75.09077907859165,33.272347497439114],[75.06577984216602,33.27774985986821],[75.05646760789386,33.281776771281045],[75.0470295341857,33.28190261161626],[75.04438687275604,33.28391606777234],[75.04750772889861,33.297985090639486],[75.05120745525988,33.30467983190874],[75.05614042194298,33.30802720299306],[75.05737366316407,33.31084604071225],[75.05420247016792,33.31912637758029],[75.04856479383022,33.3196549100461],[75.03781163070227,33.323615202379756],[75.02781239532584,33.32473272333658],[75.02372853884106,33.323123930624945],[75.02045340130348,33.31870249472439],[75.0083353919648,33.31411730307116],[74.98377185908407,33.30789454130007],[74.97034379383109,33.29823288533942],[74.9629747345964,33.30232680703659],[74.9279307615954,33.30789454130007],[74.92400059565102,33.311660948793815],[74.92218859662648,33.32447315471239],[74.91976556313028,33.32680965184403],[74.91729215680766,33.33369985716274],[74.91340537415874,33.336703279832534],[74.90686851337125,33.336879951648484],[74.89732822991391,33.31320591392182],[74.89308810273383,33.31020249215135],[74.8932647754491,33.303842302280486],[74.89662154175079,33.296775426045144],[74.89556150995577,33.294125347007196],[74.88319447564459,33.28193498361264],[74.87389127865964,33.27585717097173],[74.87766659393822,33.26698681678823],[74.86990427825987,33.263706265331905],[74.8515253669022,33.25998968297756],[74.8530008710934,33.25430123811168],[74.85044249052856,33.24697835186947],[74.84914066341094,33.24428759289816],[74.85152770334088,33.242223459944796],[74.85838242410966,33.24362487528782],[74.86618975265503,33.24353159400789],[74.88000214678169,33.23875995490806],[74.88935548276936,33.23456511398888],[74.8908646647725,33.23300542336165],[74.89007929132629,33.22751604882666],[74.88905629001584,33.22588798814019],[74.88483474192986,33.224173563758995],[74.8823745277623,33.221439737154185],[74.8834407387991,33.21168023495494],[74.8853863150265,33.20982759017119]]]}},{"type":"Feature","properties":{"blockName":"Bhomag","districtName":"Reasi","state":"Jammu and Kashmir"},"geometry":{"type":"Polygon","coordinates":[[[74.93427612973966,33.117778171925124],[74.9339304042648,33.12158029869187],[74.93662002919103,33.12401465195467],[74.94094317638655,33.12426258694887],[74.9464783183198,33.1282170507763],[74.96272568174487,33.13390403334449],[74.967860408631,33.13811009960148],[74.96948720127335,33.14230122811921],[74.97205702391255,33.14073514870819],[74.97231615456695,33.13766026500929],[74.98750475064378,33.126271164282855],[75.0002057940622,33.112437446331114],[75.01675699703782,33.09950016899768],[75.02299229266026,33.096850804920734],[75.03444968880217,33.08668176585087],[75.03964574135796,33.083387965582176],[75.04252300892978,33.08330927220521],[75.03638077605206,33.092543361686865],[75.03742337269057,33.097791886086725],[75.04685055021275,33.10344442911719],[75.05017436175746,33.10354973882943],[75.05212284819095,33.105826868115514],[75.06169285873852,33.10293276973158],[75.06404744303512,33.10289376073854],[75.06757664084932,33.09907792020988],[75.06940922355687,33.09989067711314],[75.0737976651302,33.10506913083577],[75.07404162422165,33.11094400156446],[75.0772232358637,33.1129761762096],[75.07962947631933,33.114715099921966],[75.08056376490589,33.11724976356578],[75.07876758315751,33.12236459475031],[75.06837612825575,33.13607082480877],[75.05206376632981,33.147665182302376],[75.04619477087203,33.153828953943105],[75.04497395558366,33.15502158897522],[75.04396319224759,33.16025283200264],[75.04700839292303,33.18603470793545],[75.04845870260709,33.19101030698016],[75.05066706613223,33.193428735048144],[75.04969894774831,33.20061269671862],[75.05338595589723,33.20498169225135],[75.05398451137614,33.2105466449118],[75.05650113821702,33.21437884680637],[75.05735070617021,33.21709154294041],[75.05682009087457,33.21890725976226],[75.05332074965293,33.220720664427176],[75.03995650388958,33.218139793616615],[75.03444453298886,33.218466548792264],[75.02595114313078,33.221417412383744],[75.01771390717113,33.21943479757789],[75.01342545042428,33.22188903664977],[75.01055480186267,33.219425071409944],[75.00699258364085,33.21877816927713],[74.99791487996777,33.221837388584674],[74.98525341481331,33.222056994035086],[74.98241481089485,33.2247463392722],[74.96819475588336,33.224559960174076],[74.95715332586536,33.22170569726018],[74.95072291333184,33.22188256243038],[74.9396824923532,33.21539248707364],[74.92320027187509,33.21608134617725],[74.91563897985509,33.214882780116284],[74.91245568198417,33.21104140783473],[74.91022834006588,33.210631516631224],[74.89729514385584,33.212940424361136],[74.89051484018779,33.210169191355135],[74.8853863150265,33.20982759017119],[74.8808416270395,33.20022328127948],[74.87806225966563,33.187841813748776],[74.88079723830197,33.17612669888808],[74.91268413586425,33.15499572087589],[74.91791050366686,33.141484888316995],[74.92060708125183,33.138802342853865],[74.9119569890239,33.12872823621916],[74.91073791392364,33.12528392990947],[74.91326077036831,33.119316511747684],[74.91785309184678,33.11445462927776],[74.92266174614275,33.11615895337303],[74.92844836280176,33.115659157843936],[74.93427612973966,33.117778171925124]]]}},{"type":"Feature","properties":{"blockName":"Chassana","districtName":"Kulgam","state":"Jammu and Kashmir"},"geometry":{"type":"Polygon","coordinates":[[[74.66310437696546,33.580020097049896],[74.66571383272725,33.552470838358545],[74.65588605759552,33.532521512857556],[74.65725946355343,33.518021801964665],[74.67964285993008,33.49819751280501],[74.71212836782996,33.495422713987125],[74.71749822156573,33.49744436026907],[74.71587977373264,33.49180319456184],[74.71091942089464,33.48116198803535],[74.71175065616791,33.47436645075118],[74.71691393562969,33.47351898541291],[74.7184215950806,33.47096443685933],[74.71644467568132,33.467625096720894],[74.71988464276211,33.458474434647485],[74.72074426063915,33.449655534275564],[74.72751402335354,33.438154765629974],[74.725731158766,33.43446038304029],[74.71750343763358,33.42517153833586],[74.71074898677637,33.42711533300627],[74.70365838192885,33.42395806061603],[74.70057830104781,33.42554568868263],[74.69531058601478,33.42322940291467],[74.69397453879401,33.420034684553116],[74.69363064343952,33.41219771795039],[74.69836982510742,33.408594821593795],[74.6994718039806,33.402698511027495],[74.69672133002541,33.39532118342595],[74.69699375805556,33.39043250655499],[74.70218059256035,33.38398193301987],[74.71435142357939,33.37375609726615],[74.71689153621548,33.36706454319415],[74.71552201712746,33.36296825178346],[74.71087146094919,33.36025291434055],[74.70687523170665,33.3544889444093],[74.70250003714705,33.34164886310458],[74.72539414772177,33.33851404498722],[74.72805807092328,33.33656808744735],[74.73432212416674,33.33756811377748],[74.74427266215372,33.33391971262466],[74.76536009589177,33.335438678352375],[74.77424240836052,33.32938122726188],[74.77591753416692,33.33290214321937],[74.77711067192001,33.34965254602821],[74.78038580855826,33.35702160616222],[74.81199088826895,33.352763926913724],[74.81804989338792,33.34703243599819],[74.83323646868814,33.35683311185869],[74.83593723711385,33.36912899810483],[74.856130780711,33.38646496478634],[74.8683083566454,33.38886357809173],[74.86784411491402,33.395105990049444],[74.87160935868502,33.405967269673795],[74.87030600541789,33.40857397710744],[74.86596149392784,33.4077050737302],[74.86118253074926,33.414366658794336],[74.86147216460876,33.41757631309645],[74.86553803105534,33.41871756896069],[74.87566699003963,33.41802993113646],[74.87260191794422,33.42416007442796],[74.86075071137628,33.42922152725174],[74.86209334972835,33.43818553683309],[74.86069836993386,33.43656735969597],[74.85443993655389,33.46242896232678],[74.84188074140314,33.458661203152076],[74.83120542539012,33.458242564242994],[74.83267066471944,33.46096372299746],[74.83162406519853,33.46263828223101],[74.82225074537564,33.46326316985943],[74.82253136892757,33.467368239552684],[74.8194445107556,33.47003416194707],[74.82112825206724,33.4735419549973],[74.82772290059143,33.479014111112406],[74.82828414769534,33.483784708797316],[74.82578586882283,33.48503384913289],[74.83604879801368,33.5015422218961],[74.84111842927217,33.51527928521091],[74.84373501216112,33.517895868099856],[74.8546919553695,33.55158437931573],[74.8537182917658,33.55656115557292],[74.84792988815389,33.556035828290874],[74.84373623433981,33.559981934718564],[74.83498496028773,33.55572779520162],[74.82589666979555,33.55375449557357],[74.81474358085165,33.5587736757646],[74.82098018858488,33.5668590414117],[74.81852194932856,33.57341131298176],[74.80719552145621,33.577793565420734],[74.79809553977742,33.57602867828092],[74.79005897044516,33.57766853087804],[74.77951942598077,33.58293119621777],[74.7707620599212,33.58996637944489],[74.76119239831058,33.60030108083026],[74.7481168358234,33.60604868759691],[74.74424647659367,33.611685473605746],[74.73227346135121,33.61268636868101],[74.71735572578615,33.59909639128546],[74.71615404897022,33.5944294881304],[74.71409534162677,33.59013264430615],[74.7072858621529,33.592259468099996],[74.69367096274482,33.588986900824864],[74.68922213259538,33.593754965119615],[74.68282947719865,33.59590517218601],[74.67826219464462,33.5841502290499],[74.67214809885576,33.5850616550714],[74.66889737521376,33.57965260348493],[74.66310437696546,33.580020097049896]]]}},{"type":"Feature","properties":{"blockName":"Katra","districtName":"Reasi","state":"Jammu and Kashmir"},"geometry":{"type":"Polygon","coordinates":[[[75.03241376938001,33.060567962741345],[75.03481227386737,33.061270549096605],[75.04014240095108,33.063442765271475],[75.0457792687983,33.06697819808545],[75.04323338791056,33.069568652970986],[75.04496678708762,33.07500567527177],[75.04252300892978,33.08330927220521],[75.03964574135796,33.083387965582176],[75.03444968880217,33.08668176585087],[75.02299229266026,33.096850804920734],[75.01675699703782,33.09950016899768],[75.0002057940622,33.112437446331114],[74.98750475064378,33.126271164282855],[74.97231615456695,33.13766026500929],[74.97205702391255,33.14073514870819],[74.96948720127335,33.14230122811921],[74.967860408631,33.13811009960148],[74.96272568174487,33.13390403334449],[74.9464783183198,33.1282170507763],[74.94094317638655,33.12426258694887],[74.93662002919103,33.12401465195467],[74.9339304042648,33.12158029869187],[74.93427612973966,33.117778171925124],[74.93538643723434,33.11593195639472],[74.9323983731864,33.11217323900382],[74.91953427998311,33.102042562314466],[74.91178908379925,33.1072950698117],[74.9078786148063,33.105596415941875],[74.90109771578699,33.10860994699152],[74.90275068319755,33.09805229377838],[74.90520534225283,33.09618573378464],[74.91052105320409,33.095943267567804],[74.91464820215288,33.0772529353747],[74.91789118263205,33.067938667735405],[74.92026830124115,33.06577843862408],[74.91612570913423,33.06499501490805],[74.90679565299706,33.05735580922328],[74.90784802976282,33.0557244759039],[74.90529474295806,33.049413769429975],[74.90586471438513,33.045116664802265],[74.91301742281587,33.03586176590784],[74.9159753298976,33.02134264584646],[74.91751629304252,33.00947983892348],[74.91504606582333,33.00660531698185],[74.91203374705981,33.0057064401002],[74.90983760262333,33.00513959741454],[74.91060802394122,33.00388417891179],[74.91640562222176,32.99907642573652],[74.92567496242964,33.005765598403684],[74.93304163576295,32.99172071064231],[74.93611454275202,32.96934109861286],[74.9386524817267,32.966670594172626],[74.94881362115177,32.97078154902931],[74.95411494115166,32.967227263727295],[74.96117444294623,32.954406765160115],[74.9623219922662,32.94745246156191],[74.97252204535619,32.93499114772334],[74.97697986333009,32.93223578505348],[74.98595376275603,32.93467087935767],[74.99078014538748,32.943567938909325],[74.99612917262328,32.943302219821646],[74.99946916207222,32.94640621007858],[74.99859906529468,32.953231074254745],[74.99803614185453,32.95883155013598],[75.00212499317394,32.97976191907736],[75.00545012132608,32.98341338422034],[75.00906072127532,32.98159381200486],[75.0114887091367,32.97468905115886],[75.01796382517045,32.97598484742281],[75.02670497735289,32.97330335056921],[75.02828537936682,32.97483629805674],[75.02819619000223,32.97641197143537],[75.01926460008127,32.984407067632105],[75.0141082427013,32.995646379077186],[75.01449876880321,33.00146455024884],[75.0248824877367,33.030301647103386],[75.02088715601747,33.051040865143875],[75.0229698392867,33.051822757314426],[75.02663108455698,33.05488717020677],[75.02731640572762,33.05702605570798],[75.03009866082459,33.05957950618932],[75.03241376938001,33.060567962741345]]]}},{"type":"Feature","properties":{"blockName":"Mahore","districtName":"Reasi","state":"Jammu and Kashmir"},"geometry":{"type":"Polygon","coordinates":[[[74.8537182917658,33.55656115557292],[74.8546919553695,33.55158437931573],[74.84373501216112,33.517895868099856],[74.84111842927217,33.51527928521091],[74.83604879801368,33.5015422218961],[74.82578586882283,33.48503384913289],[74.82828414769534,33.483784708797316],[74.82772290059143,33.479014111112406],[74.82112825206724,33.4735419549973],[74.8194445107556,33.47003416194707],[74.82253136892757,33.467368239552684],[74.82225074537564,33.46326316985943],[74.83162406519853,33.46263828223101],[74.83267066471944,33.46096372299746],[74.83120542539012,33.458242564242994],[74.84188074140314,33.458661203152076],[74.85443993655389,33.46242896232678],[74.86069836993386,33.43656735969597],[74.86209334972835,33.43818553683309],[74.86075071137628,33.42922152725174],[74.87260191794422,33.42416007442796],[74.87566699003963,33.41802993113646],[74.86553803105534,33.41871756896069],[74.86147216460876,33.41757631309645],[74.86118253074926,33.414366658794336],[74.86596149392784,33.4077050737302],[74.87030600541789,33.40857397710744],[74.87160935868502,33.405967269673795],[74.86784411491402,33.395105990049444],[74.8683083566454,33.38886357809173],[74.856130780711,33.38646496478634],[74.83593723711385,33.36912899810483],[74.83323646868814,33.35683311185869],[74.84146712700635,33.349980060231644],[74.85293010883748,33.347687464405],[74.87028833823626,33.346541166042016],[74.88862910934597,33.34948878937615],[74.90467728372971,33.35669409195884],[74.91450269724174,33.36095177120734],[74.92301805483942,33.36095177120734],[74.93333473920688,33.34850624766523],[74.93408172868891,33.341381214071816],[74.94705372794726,33.347928974642514],[74.94977382280376,33.35525230874708],[74.95479553818359,33.36090173832463],[74.96295582455173,33.36529573860753],[74.96797753993155,33.37136364431677],[74.96672211063697,33.37596688266558],[74.96317823228964,33.37872502244187],[74.96025182396255,33.38545575817676],[74.9652267170394,33.39511290223868],[74.9661600676331,33.402903344213996],[74.98238829258571,33.411187148867896],[74.98879013095984,33.40990678137291],[74.99555778836128,33.41100423935421],[75.01476329988645,33.407163136869315],[75.01717747955712,33.408942005769006],[75.0157945084099,33.410827877804365],[75.01592934916022,33.42489165402668],[75.0205340992693,33.43757643770249],[75.03269759092115,33.44444012201404],[75.04790195481144,33.439487843289385],[75.06337261335545,33.45560601820324],[75.05696872632569,33.45656966156071],[75.05442114571935,33.463451690243346],[75.04468935343095,33.47317298744349],[75.0413311212343,33.48487296131816],[75.0330091007894,33.4887291634202],[75.02824634519271,33.496567686749415],[75.02397957020105,33.500381185443416],[75.02213425309338,33.50919393804986],[75.02454060056834,33.51446253621714],[75.04585348355147,33.53430123071729],[75.04582064120967,33.53970318755211],[75.0338887807427,33.550111638741214],[75.03005492589415,33.555840750949926],[75.03150215540023,33.56375744604935],[75.02774066989605,33.57072213232061],[75.01731040834875,33.56658287310114],[75.00033144284185,33.57482939366162],[74.99868549913651,33.57808214797279],[74.98620976017236,33.58804475935818],[74.96819056504262,33.592025292733126],[74.96065285864256,33.59267406725445],[74.95398570407701,33.588536839603535],[74.94564922343295,33.58806918944157],[74.93424095725442,33.59391032660034],[74.92805874411579,33.59230911697222],[74.92361600507462,33.585787857623586],[74.91704035023201,33.58374644244441],[74.91370778828389,33.57979627377904],[74.90689067806238,33.57460529429892],[74.89332051363084,33.57426218675056],[74.88928850755866,33.57905363341848],[74.88525642594334,33.57925822558667],[74.88341789691844,33.57935151496048],[74.87681325962427,33.56664601180404],[74.87168479831485,33.5648948456207],[74.8603116056961,33.57011074621403],[74.85396214563656,33.55658328698917],[74.8537182917658,33.55656115557292]]]}},{"type":"Feature","properties":{"blockName":"Pouni","districtName":"Reasi","state":"Jammu and Kashmir"},"geometry":{"type":"Polygon","coordinates":[[[74.73597132431723,33.18493933458268],[74.72572276359472,33.194083533228536],[74.72448595476305,33.2074717189447],[74.71811533995105,33.2218883819433],[74.70574818872797,33.24227037937459],[74.7037231502033,33.24702996396172],[74.7055159352123,33.2510332061176],[74.70441507959231,33.25375052206897],[74.69906731500464,33.257141027336615],[74.68805564265386,33.25739427282747],[74.6771677341037,33.26335716829874],[74.67312521855405,33.26200818792756],[74.65751785406576,33.25451966455091],[74.65056530684348,33.25605297266662],[74.64172697392075,33.261229202365826],[74.6344125422051,33.25949576901456],[74.62990862228514,33.26085957021303],[74.62648666862492,33.25775375882898],[74.6316963755873,33.24967267305544],[74.63176213131737,33.24498495239368],[74.6277601841852,33.23962861007237],[74.62210199431166,33.23608372178637],[74.61438851182044,33.23373312868097],[74.60456827480607,33.23624548194351],[74.59338220772275,33.24893137987931],[74.58850210768617,33.248047509085325],[74.58408395610974,33.243296891638295],[74.58193348823994,33.2367433960909],[74.58338799236202,33.23112353981958],[74.58408884392509,33.22841561189102],[74.5906709289203,33.224227005072294],[74.60049974276899,33.22110320994523],[74.6068894492887,33.21609648806253],[74.6180591927776,33.219107125093785],[74.62564033463377,33.21635951008335],[74.62715806469299,33.213977616074146],[74.6300176318083,33.20948987225984],[74.63964263140235,33.20636321818802],[74.6567115444023,33.21027202073719],[74.66467172531992,33.20956826256531],[74.67581490823147,33.199939574851555],[74.6825722180335,33.19779196592651],[74.68467039482294,33.19354046232252],[74.6817018127885,33.18717934435131],[74.67741614663794,33.18343172999039],[74.67364645751803,33.180135311795254],[74.67413699452675,33.174230424394636],[74.67887617619465,33.17062752893736],[74.67968466491538,33.165234208292134],[74.68067536527593,33.15862537566062],[74.68844316771805,33.157103503324095],[74.68506409822959,33.150940482617216],[74.68224215065476,33.14865850328732],[74.68908522790099,33.14039647571684],[74.68627185805985,33.137503055421746],[74.67974409301553,33.137819196798546],[74.66587044786291,33.138643858927026],[74.66222752717869,33.13675807232721],[74.65793230932866,33.123243453622536],[74.65778567396973,33.11916431498122],[74.65051698537064,33.11416985805255],[74.64279492604504,33.11243070681172],[74.63544332804719,33.11334685517329],[74.62871460769304,33.11345632514934],[74.62508026384313,33.11095909578569],[74.62434219923318,33.105444683225585],[74.62543560127205,33.10015981452386],[74.6220279423357,33.096034932765974],[74.63284640703614,33.08048992187247],[74.63630685707585,33.07170464984978],[74.64396420298561,33.07703962427928],[74.651299133848,33.076715423178314],[74.65129472627063,33.073626741181215],[74.65128606400071,33.06755740465053],[74.65932841957095,33.06044956879259],[74.66559026677743,33.05146187106857],[74.66286329390596,33.0458932545701],[74.6580021021154,33.04183659358398],[74.64928892964042,33.04473986055615],[74.64678083107054,33.04074707032112],[74.65576965204787,33.037327989095445],[74.66201730615381,33.0288632021751],[74.66595332308742,33.02844674322267],[74.6684625449106,33.02275860592499],[74.66297908881393,33.02234812026961],[74.66297311641625,33.012928646340015],[74.6674342897607,32.99316452542257],[74.67089707444052,32.99090368825466],[74.67404162861834,32.990727393254645],[74.67861297970529,32.99582277749926],[74.68362320354805,32.994388885838475],[74.69464976957124,33.00402253421265],[74.69691369950766,33.00600047524176],[74.69815000741698,33.00865050841429],[74.7038452412649,33.01089827483554],[74.70715899479183,33.014127991213854],[74.7072582538654,33.01898187331483],[74.70246587639912,33.02315826913889],[74.68941329698612,33.03169999665755],[74.68108819726257,33.03958510037211],[74.67572313781261,33.054091736944144],[74.6787541462869,33.0580987220784],[74.67925464238789,33.068578208017925],[74.68236370392185,33.07336371556306],[74.68614606269068,33.07167929256536],[74.68719943680463,33.068783560113275],[74.69092333694249,33.066570637025336],[74.69347422435601,33.065054775757346],[74.69664176610468,33.068065079140126],[74.70060339573018,33.07174678578559],[74.70061360393476,33.05939991067737],[74.70674297740652,33.061028444407214],[74.71216569329215,33.06474981025559],[74.7205810858485,33.06595300512714],[74.72393740968374,33.06799365678188],[74.72586279523188,33.07486934434479],[74.72937264772958,33.0772390894125],[74.72922282697192,33.08275874771806],[74.72462875361413,33.084421138225025],[74.72463705885326,33.088468157579484],[74.72813038091243,33.095799944411965],[74.72763091093782,33.10331874076735],[74.73301943010267,33.10612347981481],[74.73492263926846,33.10130126284304],[74.73853677265402,33.098740884883966],[74.74849640458547,33.101817391859186],[74.75069831007903,33.101355877771596],[74.75473501241095,33.100509794691334],[74.75896351855158,33.09707993329232],[74.77193492965336,33.098022792417964],[74.77553303981801,33.09605275013439],[74.7780854066163,33.099962052706644],[74.77879401932859,33.11194443708615],[74.78238008757103,33.11645963990054],[74.78118537960165,33.123590236700124],[74.77283582011705,33.13501641107854],[74.77333369559364,33.15372345177593],[74.77656249016684,33.17330904467673],[74.77375270502336,33.17380900658043],[74.76965077306477,33.17083035034045],[74.76666232680498,33.170869156086724],[74.76246677901867,33.16693200510798],[74.76032709222159,33.16651574400646],[74.7581939695761,33.170282018400485],[74.75631244486351,33.16915575333542],[74.75406577831308,33.150573222876005],[74.7520871627924,33.14789481519364],[74.74687935789609,33.14597925833618],[74.74256620036994,33.152993485560955],[74.73648712598015,33.15222796464889],[74.73237156569525,33.14973139268966],[74.73087059899899,33.16503601390099],[74.73701995180937,33.179317571748584],[74.73597132431723,33.18493933458268]]]}},{"type":"Feature","properties":{"blockName":"Thakrakote","districtName":"Reasi","state":"Jammu and Kashmir"},"geometry":{"type":"Polygon","coordinates":[[[74.85044249052856,33.24697835186947],[74.8530008710934,33.25430123811168],[74.8515253669022,33.25998968297756],[74.85084108264988,33.266686960334994],[74.84312248391558,33.26583341557972],[74.83750524017478,33.26839132310113],[74.8311244504331,33.275161869124986],[74.81833852989928,33.276046716582755],[74.81334299108624,33.278833263244564],[74.80985073742164,33.28289047371646],[74.80803325972721,33.292623375768244],[74.80305595466865,33.2918941056285],[74.80186075656871,33.29650190174141],[74.79837765440527,33.29771659264668],[74.79328811215669,33.30555056990295],[74.78883463341168,33.30745291661884],[74.78848771093914,33.31148873671589],[74.7826482087479,33.320638280032654],[74.77424240836052,33.32938122726188],[74.76536009589177,33.335438678352375],[74.74427266215372,33.33391971262466],[74.73432212416674,33.33756811377748],[74.72805807092328,33.33656808744735],[74.72539414772177,33.33851404498722],[74.70250003714705,33.34164886310458],[74.70241908377375,33.33791425743709],[74.70613347897694,33.3347046939665],[74.71864903992133,33.32896848430818],[74.72446732980347,33.321099789623645],[74.7351228355505,33.31717217415655],[74.73805914001736,33.31130159409332],[74.73735909424687,33.299581794664164],[74.73516405957372,33.285167663257084],[74.73446887913553,33.27659603957562],[74.73028313126156,33.26981014122509],[74.72963083409576,33.258181309120175],[74.72560029841509,33.25486310664712],[74.71888873083032,33.253749691994756],[74.71507630322884,33.24941527899199],[74.71374109057894,33.242873219223725],[74.70925718417175,33.24281032333778],[74.7055159352123,33.2510332061176],[74.7037231502033,33.24702996396172],[74.70574818872797,33.24227037937459],[74.71811533995105,33.2218883819433],[74.72448595476305,33.2074717189447],[74.72572276359472,33.194083533228536],[74.73597132431723,33.18493933458268],[74.74035577290067,33.18703840889549],[74.74755412192525,33.18519035515084],[74.75463045003528,33.18786149361307],[74.76470504590122,33.187549966657684],[74.77171052272251,33.19284515507991],[74.78944063257921,33.19536629202082],[74.80462556122075,33.200298782962534],[74.80860493087295,33.198801473809],[74.80742862573055,33.190767824575516],[74.81006610796459,33.17737369344127],[74.81926095912604,33.170692573303654],[74.82483901760662,33.170945345751136],[74.8303055880325,33.16903768763922],[74.83911893239286,33.17378214203228],[74.84755312437727,33.17607433855994],[74.8505738284195,33.17794217289304],[74.84852899941387,33.178338987054644],[74.85343222911416,33.18486708934478],[74.85667771240657,33.196922333199154],[74.84379605274569,33.19503031159968],[74.84076206122023,33.19658911369669],[74.8406943566593,33.199096625009304],[74.84616034342514,33.20040236597646],[74.84743242096948,33.203332102694446],[74.8452743286474,33.20684731335285],[74.8475619512231,33.207893854417875],[74.84088266570251,33.22860584278544],[74.84224026067955,33.230495220378145],[74.84077812760859,33.23672615428865],[74.84456928264632,33.24585874718349],[74.85044249052856,33.24697835186947]]]}},{"type":"Feature","properties":{"blockName":"Thuroo","districtName":"Reasi","state":"Jammu and Kashmir"},"geometry":{"type":"Polygon","coordinates":[[[75.01717747955712,33.408942005769006],[75.01476329988645,33.407163136869315],[74.99555778836128,33.41100423935421],[74.98879013095984,33.40990678137291],[74.98238829258571,33.411187148867896],[74.9661600676331,33.402903344213996],[74.9652267170394,33.39511290223868],[74.96025182396255,33.38545575817676],[74.96317823228964,33.37872502244187],[74.96672211063697,33.37596688266558],[74.96797753993155,33.37136364431677],[74.96295582455173,33.36529573860753],[74.95479553818359,33.36090173832463],[74.94977382280376,33.35525230874708],[74.94705372794726,33.347928974642514],[74.93408172868891,33.341381214071816],[74.93333473920688,33.34850624766523],[74.92301805483942,33.36095177120734],[74.91450269724174,33.36095177120734],[74.90467728372971,33.35669409195884],[74.88862910934597,33.34948878937615],[74.87028833823626,33.346541166042016],[74.85293010883748,33.347687464405],[74.84146712700635,33.349980060231644],[74.83323646868814,33.35683311185869],[74.81804989338792,33.34703243599819],[74.81199088826895,33.352763926913724],[74.78038580855826,33.35702160616222],[74.77711067192001,33.34965254602821],[74.77591753416692,33.33290214321937],[74.77424240836052,33.32938122726188],[74.7826482087479,33.320638280032654],[74.78848771093914,33.31148873671589],[74.78883463341168,33.30745291661884],[74.79328811215669,33.30555056990295],[74.79837765440527,33.29771659264668],[74.80186075656871,33.29650190174141],[74.80305595466865,33.2918941056285],[74.80803325972721,33.292623375768244],[74.80985073742164,33.28289047371646],[74.81334299108624,33.278833263244564],[74.81833852989928,33.276046716582755],[74.8311244504331,33.275161869124986],[74.83750524017478,33.26839132310113],[74.84312248391558,33.26583341557972],[74.85084108264988,33.266686960334994],[74.8515253669022,33.25998968297756],[74.86990427825987,33.263706265331905],[74.87766659393822,33.26698681678823],[74.87389127865964,33.27585717097173],[74.88319447564459,33.28193498361264],[74.89556150995577,33.294125347007196],[74.89662154175079,33.296775426045144],[74.8932647754491,33.303842302280486],[74.89308810273383,33.31020249215135],[74.89732822991391,33.31320591392182],[74.90686851337125,33.336879951648484],[74.91340537415874,33.336703279832534],[74.91729215680766,33.33369985716274],[74.91976556313028,33.32680965184403],[74.92218859662648,33.32447315471239],[74.92400059565102,33.311660948793815],[74.9279307615954,33.30789454130007],[74.9629747345964,33.30232680703659],[74.97034379383109,33.29823288533942],[74.98377185908407,33.30789454130007],[75.0083353919648,33.31411730307116],[75.02045340130348,33.31870249472439],[75.02372853884106,33.323123930624945],[75.02781239532584,33.32473272333658],[75.03095302486224,33.36120384488157],[75.0253539690105,33.37782039979169],[75.02427027964973,33.395520643163195],[75.02119982960852,33.39841047876064],[75.01717747955712,33.408942005769006]]]}},{"type":"Feature","properties":{"blockName":"Bari Brahamana","districtName":"Samba","state":"Jammu and Kashmir"},"geometry":{"type":"Polygon","coordinates":[[[74.96646249884532,32.739792498125325],[74.9712793045963,32.73015850621016],[74.97110168669354,32.72516300966521],[74.9630046784232,32.710222115658155],[74.95771875391739,32.703522515351835],[74.92801629971251,32.68383470820527],[74.92392891338869,32.68041368894063],[74.91550512835903,32.67114243857276],[74.90843979715896,32.67010231776783],[74.90492036058623,32.65990039498729],[74.90528583966983,32.6584402359282],[74.90630968994031,32.65240497111256],[74.90568448305248,32.65032752009904],[74.90269196376317,32.645063388864344],[74.90209719173208,32.64284240785088],[74.90203110595081,32.639280877610474],[74.90140329012979,32.638421761555094],[74.89819812704201,32.637959161086485],[74.89614946602512,32.6374965597185],[74.89338303360017,32.634439347697764],[74.89193823855891,32.631870822780286],[74.89235562471237,32.627086946605345],[74.89502046792029,32.62589900423569],[74.89896749165649,32.62331429691733],[74.90244625998696,32.618972635378896],[74.90462270927065,32.6195020419857],[74.90748351655111,32.62436521408341],[74.91241072577441,32.63197534558577],[74.91336065267205,32.634380580599384],[74.91494527610365,32.63786485457945],[74.91780024318672,32.63882377469747],[74.91884633818802,32.638409696250505],[74.9220415475794,32.63500563460241],[74.9242551658433,32.633307516728564],[74.92718046620558,32.63125265578549],[74.9376277744023,32.62554955466828],[74.93746927698561,32.62345739074601],[74.93402937285731,32.61970272480096],[74.93736127380379,32.614576519890534],[74.93400025460812,32.612225140777696],[74.93292786792682,32.60929305592981],[74.94151002536745,32.60338188766406],[74.94434306338172,32.60060589004985],[74.94561698003963,32.599750275055214],[74.94730100463772,32.60127230567241],[74.94761823509356,32.60400132360223],[74.94870169602649,32.6042645947353],[74.94969402415995,32.603383650335275],[74.9522474548562,32.60363023095044],[74.95332376258165,32.60480438491447],[74.95790622569183,32.60558715482341],[74.95827663485886,32.6052279700948],[74.95845111142972,32.605576185792415],[74.95864449085065,32.60547270799913],[74.96177420171807,32.60917879796318],[74.96363161470731,32.611765074598566],[74.97120422109799,32.615345983430416],[74.9739026881586,32.62208419163221],[74.97439314692622,32.629150705440736],[74.97898214540976,32.635795779851435],[74.97928694543623,32.64055872070844],[74.98632821167769,32.648408898352045],[74.98831923514462,32.655734192079365],[74.99365430760025,32.662629179992734],[74.99617771892662,32.67498197623729],[75.00048316116903,32.68532123178949],[75.0024315972405,32.68634125094803],[75.01153267519288,32.67160354706607],[75.01885763707037,32.67767722462429],[75.02100266763904,32.67399981493958],[75.02359296064668,32.67394328805233],[75.02385310663561,32.67126061668415],[75.02748617434753,32.66933583008455],[75.03553980471827,32.66055752061311],[75.04438556064514,32.653818308767995],[75.04933504697487,32.65255363084543],[75.04826829814351,32.6484904587677],[75.05236098597078,32.63822857279047],[75.05854088965037,32.63765019809824],[75.06908941114744,32.633546561924334],[75.06955210064899,32.63439605343518],[75.07339682380444,32.64093637931052],[75.07149273240373,32.64259729402994],[75.06835122782695,32.654903979335245],[75.06452114923172,32.65933145238466],[75.06547383165207,32.66207673905029],[75.07355942932423,32.6659439245725],[75.07381812021015,32.67880332511339],[75.07558357212423,32.68499733196137],[75.0788506121661,32.68753684834695],[75.0795264571803,32.69979139905388],[75.07401609156943,32.69746454175527],[75.06935938942433,32.70038287237173],[75.06108048607564,32.700727245266194],[75.06045927397639,32.701957605958796],[75.06331389661909,32.70431372899543],[75.06410297707077,32.711703656098905],[75.0609543120919,32.71311912334892],[75.06249591735275,32.71570641891617],[75.06211017924142,32.71968421655339],[75.05366298665757,32.72378160513699],[75.05305017332688,32.726508901764475],[75.05529432537287,32.730906609052795],[75.05283332969447,32.73473193203307],[75.05898856227236,32.73950890681067],[75.06445289608433,32.7478184023974],[75.06441801497948,32.75536239595783],[75.05509277021525,32.755735349306974],[75.0549317016368,32.76338321995968],[75.0660894427736,32.77656773441345],[75.0564374392365,32.77911593375342],[75.05258872219184,32.77836916820263],[75.04962940857041,32.77600061024003],[75.04435162292913,32.76958664810536],[75.04281570588017,32.76716379357424],[75.04028468898724,32.765087061119004],[75.0367178914176,32.764380550122326],[75.03222179110281,32.766559021082],[75.02128401424591,32.772833051404234],[75.0179360280253,32.77543564443948],[75.01150478811553,32.77312788604314],[75.00683084686614,32.7744239700902],[75.0017105316158,32.77130344489814],[74.99795983707685,32.7684906686095],[74.99792204576585,32.76166462002624],[74.99385959134713,32.7583579783381],[74.98972973364033,32.75139398904139],[74.97703220297382,32.751591958602035],[74.96646249884532,32.739792498125325]]]}},{"type":"Feature","properties":{"blockName":"Ghagwal","districtName":"Kathua","state":"Jammu and Kashmir"},"geometry":{"type":"Polygon","coordinates":[[[75.27306621373481,32.567110533424454],[75.27506972878501,32.57014163992477],[75.28417058730281,32.5751865182433],[75.28635548661646,32.58594816377678],[75.29652083486872,32.60033394855293],[75.30539420537832,32.60453855521018],[75.31007874333937,32.61070047784483],[75.3039961723855,32.61368618027308],[75.30147247687336,32.6141200626908],[75.29460004755418,32.61600812907193],[75.29248364690284,32.61772480175824],[75.28889352002,32.617327278031496],[75.28684807857604,32.60976984770036],[75.27151132728596,32.60545256588324],[75.26655557178225,32.60561812657534],[75.26016972065617,32.603194221636045],[75.25305115408753,32.59459886124847],[75.24921878851632,32.58654281260078],[75.24288519699428,32.587721242841155],[75.2400522039461,32.592595607901046],[75.23015290213476,32.59247694775297],[75.22547322950601,32.58799881769136],[75.22117480287488,32.58053027185463],[75.21150746409825,32.571865730219315],[75.20846478781976,32.5678821481427],[75.20682843538407,32.56183620387776],[75.2086037960284,32.55723320834596],[75.2085963010785,32.55198166672062],[75.20419549292774,32.5538127115874],[75.20109177426605,32.5520780470643],[75.19855585516865,32.546007685306506],[75.19202749387381,32.543498546220974],[75.18929837432057,32.543212801029995],[75.18404249886231,32.54318198486078],[75.17473833330752,32.539059596922925],[75.17294670932324,32.534952037906294],[75.17748557599862,32.530653058192115],[75.17472623023139,32.52757739568034],[75.16953106440718,32.5269625777608],[75.15946268825252,32.50805296387324],[75.15759043195294,32.49867827168492],[75.16488427458967,32.496430078984986],[75.16431815585827,32.4935428550188],[75.17133767919057,32.49341893203814],[75.1731109561058,32.49421789244184],[75.17543592482815,32.50061246968977],[75.17672286097132,32.50170471879778],[75.17753494787962,32.50637084313996],[75.17990881184227,32.504065371719605],[75.1827609550541,32.5038994306143],[75.18731127639433,32.50844489471615],[75.18851889682969,32.51535724494096],[75.19402262994049,32.512048491644634],[75.1952175258682,32.506776698186115],[75.19170641431964,32.504159042405945],[75.19266224076983,32.503364412237886],[75.1972478470106,32.495389613739746],[75.20316584292937,32.497095571003854],[75.21424161895561,32.50564444993148],[75.22373073728374,32.50357667562315],[75.22792214908799,32.50418225390797],[75.23296120159824,32.50986805206901],[75.23303841289248,32.51238984911231],[75.2405071134126,32.51028539055835],[75.24151698462123,32.50447092909013],[75.24326277825469,32.50418909055412],[75.24938376374973,32.509696334618184],[75.25164728269601,32.513589540225155],[75.25138117420187,32.521009043332754],[75.25561943259078,32.5406673554142],[75.26143725932212,32.549101963784665],[75.26159271343306,32.560387078600854],[75.27306621373481,32.567110533424454]]]}},{"type":"Feature","properties":{"blockName":"Rajpura","districtName":"Kathua","state":"Jammu and Kashmir"},"geometry":{"type":"Polygon","coordinates":[[[75.22792214908799,32.50418225390797],[75.22373073728374,32.50357667562315],[75.21424161895561,32.50564444993148],[75.20316584292937,32.497095571003854],[75.1972478470106,32.495389613739746],[75.19266224076983,32.503364412237886],[75.19170641431964,32.504159042405945],[75.1952175258682,32.506776698186115],[75.19402262994049,32.512048491644634],[75.18851889682969,32.51535724494096],[75.18731127639433,32.50844489471615],[75.1827609550541,32.5038994306143],[75.17990881184227,32.504065371719605],[75.17753494787962,32.50637084313996],[75.17672286097132,32.50170471879778],[75.17543592482815,32.50061246968977],[75.1731109561058,32.49421789244184],[75.17133767919057,32.49341893203814],[75.16431815585827,32.4935428550188],[75.16488427458967,32.496430078984986],[75.15759043195294,32.49867827168492],[75.15720124404226,32.49672954513244],[75.15405793992204,32.49178880021299],[75.14942368305657,32.486990965660596],[75.13994502923975,32.48097192821194],[75.13124386181482,32.482038024135534],[75.13116827019957,32.48203737572436],[75.13100139290003,32.477341478426524],[75.13240873477537,32.47479231141608],[75.13817725167888,32.467694936472185],[75.14051822023976,32.46029368330687],[75.14120765760737,32.45729409084964],[75.13277003381006,32.45574609590568],[75.1263223551926,32.45199296959993],[75.12127919367992,32.44805684384829],[75.12327599978761,32.435341000286996],[75.12656400032841,32.43082399972786],[75.13703900044959,32.424980000027006],[75.13448300039022,32.42160800010919],[75.1291730001339,32.42084900018125],[75.1304929998521,32.40608600016884],[75.13243899966017,32.402705999882016],[75.13879400044283,32.404143999645896],[75.14385199986998,32.409424000317415],[75.15151199967909,32.412930000119445],[75.15741000007148,32.41276199956667],[75.16273500012022,32.41463100032047],[75.16723599994151,32.418995000119196],[75.17418700032988,32.417942000123276],[75.18167100011664,32.42009000025337],[75.18969699971683,32.41994900004636],[75.19442934114124,32.416837431202566],[75.20110736940961,32.429013174318584],[75.2125558919409,32.4403588422868],[75.21271860268143,32.44453088988871],[75.21842786595329,32.452465400557855],[75.21096069607933,32.458675683336196],[75.21070569601113,32.460844481187905],[75.21446592965896,32.463996146305135],[75.22263592780587,32.45881144589157],[75.22434227897304,32.46120850966503],[75.2260353183753,32.471253248039034],[75.22087439783525,32.47334956413113],[75.22627770814978,32.48122432024621],[75.22556129112075,32.482151354001815],[75.22370854831092,32.48109049483054],[75.22132409483117,32.48467498386344],[75.21857406963767,32.48570211216281],[75.2180966681268,32.48866457431069],[75.22269150680768,32.495462433644434],[75.2280935337896,32.49114960976675],[75.23196344605623,32.495575873228006],[75.22792214908799,32.50418225390797]]]}},{"type":"Feature","properties":{"blockName":"Ramgarh","districtName":"Samba","state":"Jammu and Kashmir"},"geometry":{"type":"Polygon","coordinates":[[[74.90333935692581,32.52137685615702],[74.9043344999373,32.51360873715356],[74.90379448043097,32.50845755537193],[74.89633897656256,32.495496206784594],[74.89543236011536,32.489797470976555],[74.89460050970581,32.484568699286115],[74.88887512698557,32.46586577928235],[74.89564500031656,32.4614180004404],[74.9029010003809,32.46081899979703],[74.90625799960708,32.465645000216625],[74.90976700044678,32.46591900026169],[74.91686999975076,32.458964999734974],[74.92378999960886,32.460189999568854],[74.92963400020898,32.46321499967257],[74.93607300036871,32.46263499990539],[74.94297000006549,32.45246500035955],[74.94663199986695,32.44341300020983],[74.95043900005987,32.440520999944226],[74.95418500013773,32.440800000219895],[74.96018199969956,32.448597000051564],[74.96256299978268,32.449542999609776],[74.96846799959854,32.44961900041659],[74.97869099978988,32.447231000010675],[74.99153100015559,32.447392000240654],[75.00455500001328,32.45232800033699],[75.01771499984744,32.465678999985926],[75.01809700037632,32.474327000390815],[75.02079799992782,32.48244499973703],[75.03060199968257,32.4928819999044],[75.03329499976451,32.49268299972073],[75.04175599963975,32.484154000306944],[75.05518011686894,32.51431896864551],[75.04239671083957,32.52866681102455],[75.0366161816915,32.52729706081078],[75.03296140974135,32.528698204558566],[75.03235008209066,32.53271154610104],[75.03451587440816,32.535746081716354],[75.04069262056805,32.535643396225794],[75.02702251627613,32.5485652214079],[75.02275263862344,32.547408438748505],[75.01716677672545,32.55139735920079],[75.01225427321617,32.55916518142806],[75.00926664983609,32.56095276116105],[75.00952326059007,32.55765191110686],[75.00232064068507,32.54922337226088],[75.00310035739562,32.54422307423556],[75.0010170293125,32.542967736671756],[74.99812383204926,32.54433196864551],[74.99641083489217,32.550440615442085],[74.98991974689886,32.54352789020004],[74.98893020936174,32.54912956217959],[74.98556453977176,32.550673229585925],[74.98494831081592,32.55368962587556],[74.98627213984742,32.563341394689644],[74.99194696717888,32.57389933298788],[75.00017600042213,32.58058891574592],[75.00877345623007,32.580881416644104],[75.00830523409934,32.583642549364185],[75.00644033875068,32.58766052511322],[74.99833655858538,32.59560373312581],[74.99777245433535,32.59453505974528],[74.99070810879226,32.59484370707145],[74.98701944319282,32.593276928887235],[74.98429841304136,32.594933364083545],[74.9788866850725,32.59426632882804],[74.97212085869074,32.59069421716447],[74.95706502682958,32.590018721087176],[74.95863586005697,32.588194528154986],[74.96083975664953,32.583092732643536],[74.96113157766024,32.5824171960968],[74.96105397156362,32.57942934338956],[74.960732552965,32.5790141776622],[74.95868697122683,32.577256359193655],[74.95434937462397,32.57613532188765],[74.9485348816795,32.571684863066025],[74.94477737657473,32.57519516342609],[74.94320075890795,32.576007360051676],[74.93879503416355,32.57578845337446],[74.93681740070252,32.573613056297575],[74.93686810268088,32.57181839080613],[74.93782871442369,32.568684191422335],[74.93986804497433,32.567855712571145],[74.94385036800014,32.567083498005104],[74.94224967458285,32.56228141955194],[74.93607557422843,32.55580242384286],[74.9318070590486,32.55435417810287],[74.92281269015359,32.55618354123749],[74.92246361290546,32.55663366721001],[74.91884906942909,32.56197652509661],[74.91663858889979,32.56319610111922],[74.91433789917477,32.56177163165552],[74.9141994377539,32.56159540770193],[74.91427566069325,32.558089128210725],[74.9149887412375,32.55538800815009],[74.91541901287718,32.550619227995014],[74.91404699097592,32.54688427788716],[74.91404699097592,32.54497869091392],[74.91825702594105,32.540643492802985],[74.92544626483334,32.53668941208673],[74.92760303605132,32.53291506178073],[74.92616518827288,32.526983940256684],[74.9204137980584,32.52716367066694],[74.9138645608009,32.527336019441805],[74.90747316895164,32.52824205672562],[74.9056758585541,32.52680420894711],[74.90333935692581,32.522131203892],[74.90333935692581,32.52137685615702]]]}},{"type":"Feature","properties":{"blockName":"Vijaypur","districtName":"Samba","state":"Jammu and Kashmir"},"geometry":{"type":"Polygon","coordinates":[[[74.95706502682958,32.590018721087176],[74.97212085869074,32.59069421716447],[74.9788866850725,32.59426632882804],[74.98429841304136,32.594933364083545],[74.98701944319282,32.593276928887235],[74.99070810879226,32.59484370707145],[74.99777245433535,32.59453505974528],[74.99833655858538,32.59560373312581],[75.00644033875068,32.58766052511322],[75.00830523409934,32.583642549364185],[75.00877345623007,32.580881416644104],[75.00017600042213,32.58058891574592],[74.99194696717888,32.57389933298788],[74.98627213984742,32.563341394689644],[74.98494831081592,32.55368962587556],[74.98556453977176,32.550673229585925],[74.98893020936174,32.54912956217959],[74.98991974689886,32.54352789020004],[74.99641083489217,32.550440615442085],[74.99812383204926,32.54433196864551],[75.0010170293125,32.542967736671756],[75.00310035739562,32.54422307423556],[75.00232064068507,32.54922337226088],[75.00952326059007,32.55765191110686],[75.00926664983609,32.56095276116105],[75.01225427321617,32.55916518142806],[75.01716677672545,32.55139735920079],[75.02275263862344,32.547408438748505],[75.02702251627613,32.5485652214079],[75.04069262056805,32.535643396225794],[75.04153128514076,32.534415306321364],[75.04653328828067,32.53448298300333],[75.05635934930456,32.54075744500011],[75.05641518191516,32.53764149735724],[75.06496511215028,32.5336873923593],[75.06780496342839,32.534106805584656],[75.07577321666065,32.54179276522399],[75.08104018075977,32.53626119899519],[75.08578971991972,32.54652135557615],[75.09066293204876,32.550534712407114],[75.08559140412007,32.56035280813563],[75.0923193843322,32.575031799777776],[75.09400417964923,32.58144846617381],[75.09243819466701,32.58257155033681],[75.09295398733673,32.5841393564462],[75.09605423281664,32.58535066769923],[75.09363607814254,32.5958537842248],[75.09589134670836,32.6012051793756],[75.10108621755495,32.60575160575206],[75.10006565880315,32.60786615469931],[75.10404503385126,32.611281065768594],[75.10090452032739,32.61301553513891],[75.09928841163094,32.621170814981156],[75.09583816170186,32.62342180727063],[75.08750945030096,32.624876523632736],[75.08469801759946,32.623779427178874],[75.07562539959258,32.62598792380368],[75.06955210064899,32.63439605343518],[75.06908941114744,32.633546561924334],[75.05854088965037,32.63765019809824],[75.05236098597078,32.63822857279047],[75.04826829814351,32.6484904587677],[75.04933504697487,32.65255363084543],[75.04438556064514,32.653818308767995],[75.03553980471827,32.66055752061311],[75.02748617434753,32.66933583008455],[75.02385310663561,32.67126061668415],[75.02359296064668,32.67394328805233],[75.02100266763904,32.67399981493958],[75.01885763707037,32.67767722462429],[75.01153267519288,32.67160354706607],[75.0024315972405,32.68634125094803],[75.00048316116903,32.68532123178949],[74.99617771892662,32.67498197623729],[74.99365430760025,32.662629179992734],[74.98831923514462,32.655734192079365],[74.98632821167769,32.648408898352045],[74.97928694543623,32.64055872070844],[74.97898214540976,32.635795779851435],[74.97439314692622,32.629150705440736],[74.9739026881586,32.62208419163221],[74.97120422109799,32.615345983430416],[74.96363161470731,32.611765074598566],[74.96177420171807,32.60917879796318],[74.95864449085065,32.60547270799913],[74.95845111142972,32.605576185792415],[74.95827663485886,32.6052279700948],[74.95898253431659,32.604543461911305],[74.95936052566776,32.599441893028995],[74.95675689211691,32.597072908787766],[74.95251209475742,32.59723110043501],[74.9520902515639,32.59612376160237],[74.95706502682958,32.590018721087176]]]}},{"type":"Feature","properties":{"blockName":"Barbugh","districtName":"Pulwama","state":"Jammu and Kashmir"},"geometry":{"type":"Polygon","coordinates":[[[74.87798469313913,33.84872423603474],[74.88090643578346,33.854524302954246],[74.88659101086654,33.859422098051425],[74.88950675593208,33.859774608011776],[74.89239403026033,33.85798607589675],[74.89657558639425,33.85884365501073],[74.89604911157727,33.8607768133993],[74.90713321892298,33.86716528874712],[74.91530914090418,33.8675125727471],[74.91675325336001,33.85694629233757],[74.90992228368651,33.85205394263539],[74.91090084230007,33.84673763903089],[74.91244385410062,33.84746185767864],[74.92632125662078,33.84434859361278],[74.93461243661471,33.84511775857777],[74.93393436487906,33.846511063834555],[74.93278036022548,33.852824800124495],[74.9277153209054,33.85606820778162],[74.92713815580129,33.86357384705548],[74.92340680028366,33.870622694581755],[74.92339577999132,33.87324174521041],[74.91535633372786,33.872398777381704],[74.90904776044584,33.87452755630176],[74.9185677264195,33.883166067959735],[74.9153373454422,33.887052673442156],[74.9076237838106,33.88560104355338],[74.90543477099794,33.887800196222145],[74.89588280894452,33.88380634029045],[74.89705134934036,33.88640380988795],[74.89457869305232,33.889340004637575],[74.90493340075591,33.898254350957586],[74.9023391426374,33.90025071280019],[74.89759927029013,33.899521162072006],[74.89685174661088,33.90096305140378],[74.89404910028583,33.89888806183461],[74.89036996030546,33.902103076096125],[74.88733064389413,33.9021202243689],[74.88358494508918,33.89504786406775],[74.87332304292414,33.89451336460013],[74.87075474283716,33.898781323998946],[74.86421015597398,33.89692566288909],[74.8575523039957,33.890620479151835],[74.85608806201452,33.88735506778221],[74.8590630598124,33.88422421477577],[74.86521392887977,33.88619678055704],[74.86710868261969,33.88824490198067],[74.87016186387899,33.88716434136131],[74.86914774337373,33.8835627364312],[74.85707811756112,33.87533117789161],[74.85649268768742,33.86883090692089],[74.8512909388258,33.86250054576362],[74.8546885820125,33.85671620169143],[74.85868852635446,33.853901473873975],[74.87088203108095,33.849674268153024],[74.8754652118501,33.85063526660434],[74.87798469313913,33.84872423603474]]]}},{"type":"Feature","properties":{"blockName":"Chitragam","districtName":"Pulwama","state":"Jammu and Kashmir"},"geometry":{"type":"MultiPolygon","coordinates":[[[[74.95452657614061,33.877810103353625],[74.94973647216051,33.88426425798917],[74.95301220864656,33.89799250255203],[74.95028623312322,33.89933214975895],[74.95137162579994,33.90320219872257],[74.9473711724417,33.9029125999366],[74.94229713540454,33.90117318339577],[74.94352331065232,33.89249760887759],[74.94130185839413,33.89095961709273],[74.93881790841982,33.88290976027724],[74.93494781269146,33.877129181666476],[74.93500768595601,33.872860643104275],[74.93811311602752,33.872278090161785],[74.94312307367096,33.870648963778706],[74.9459164875559,33.873385865165574],[74.94160235606392,33.87879491585272],[74.94264537898113,33.88089250358621],[74.94977931136617,33.877937033667195],[74.95452657614061,33.877810103353625]]],[[[74.88733064389413,33.9021202243689],[74.89036996030546,33.902103076096125],[74.89404910028583,33.89888806183461],[74.89685174661088,33.90096305140378],[74.89759927029013,33.899521162072006],[74.9023391426374,33.90025071280019],[74.90493340075591,33.898254350957586],[74.89457869305232,33.889340004637575],[74.89705134934036,33.88640380988795],[74.89588280894452,33.88380634029045],[74.90543477099794,33.887800196222145],[74.9076237838106,33.88560104355338],[74.9153373454422,33.887052673442156],[74.9185677264195,33.883166067959735],[74.90904776044584,33.87452755630176],[74.91535633372786,33.872398777381704],[74.92339577999132,33.87324174521041],[74.92338877067527,33.874907695234015],[74.9260988479835,33.87649372070871],[74.92925712401711,33.875182527151935],[74.93104518398809,33.8825988106866],[74.9280606929467,33.892304828405145],[74.93207974518413,33.89428009485056],[74.94221786286414,33.90660251289569],[74.9541690092924,33.90932465910578],[74.9546588493265,33.917492839722854],[74.9527719682518,33.921636707068444],[74.95774141143704,33.92316570113627],[74.95979804314521,33.92617336231086],[74.95651799710794,33.931153341953234],[74.9535235685579,33.928857308018394],[74.94954920543154,33.93065623090041],[74.94214698819303,33.93963225002835],[74.94064663933102,33.93954131957628],[74.93921448695909,33.93863201685417],[74.92815889621613,33.924165833586414],[74.924272135151,33.92200334357949],[74.91630819057059,33.91911676802448],[74.91028368524394,33.91840449417214],[74.90523080475788,33.91900581056973],[74.9020667011174,33.91737130624085],[74.88985639975311,33.92046192987419],[74.8849284324013,33.915042143979804],[74.88585102080805,33.91302895402305],[74.89160806865749,33.91120594909535],[74.88733064389413,33.9021202243689]]]]}},{"type":"Feature","properties":{"blockName":"Hermain","districtName":"Pulwama","state":"Jammu and Kashmir"},"geometry":{"type":"Polygon","coordinates":[[[74.93416441415644,33.82875778024743],[74.93361910213991,33.83461308442634],[74.93653290466989,33.84117157930501],[74.93461243661471,33.84511775857777],[74.92632125662078,33.84434859361278],[74.91244385410062,33.84746185767864],[74.91090084230007,33.84673763903089],[74.90992228368651,33.85205394263539],[74.91675325336001,33.85694629233757],[74.91530914090418,33.8675125727471],[74.90713321892298,33.86716528874712],[74.89604911157727,33.8607768133993],[74.89657558639425,33.85884365501073],[74.89239403026033,33.85798607589675],[74.88950675593208,33.859774608011776],[74.88659101086654,33.859422098051425],[74.88090643578346,33.854524302954246],[74.87798469313913,33.84872423603474],[74.87870127564344,33.839263590242524],[74.87043706991489,33.837577679766184],[74.86411970665921,33.83922128883148],[74.86217608196068,33.841159850346855],[74.85984053271449,33.84027620977929],[74.8573384227301,33.836062093690714],[74.86258782037169,33.83687649995056],[74.87066701127361,33.8312494751832],[74.8652743471335,33.82837553060631],[74.86718703515362,33.82596848615674],[74.87272416009199,33.82540254818912],[74.87624185197996,33.82216026198654],[74.88068089300884,33.824283852717656],[74.89241869326816,33.825357913936614],[74.89919508308668,33.82242729318506],[74.90303042811183,33.825431329192554],[74.90938256905036,33.81787678658446],[74.90811136834503,33.81630513227611],[74.90253610855461,33.81700004381702],[74.90166445235263,33.81465771278329],[74.90505400703682,33.8129961388608],[74.90920289799539,33.812429934693796],[74.91183238525645,33.80772132637816],[74.9179353924045,33.8127669043692],[74.92123344196983,33.82031377935749],[74.92643556584875,33.82398978699911],[74.93195148567258,33.825432050448796],[74.93325179743255,33.826222076987335],[74.93416441415644,33.82875778024743]]]}},{"type":"Feature","properties":{"blockName":"Keegam","districtName":"Badgam","state":"Jammu and Kashmir"},"geometry":{"type":"Polygon","coordinates":[[[74.8849284324013,33.915042143979804],[74.88985639975311,33.92046192987419],[74.9020667011174,33.91737130624085],[74.90523080475788,33.91900581056973],[74.90148992092315,33.922611368020284],[74.9016253336423,33.92415506600355],[74.90322319509443,33.92911114616254],[74.89924208165678,33.92789243798569],[74.89507139113186,33.923965488916224],[74.89398809387546,33.92472379636615],[74.89406934222643,33.928271591260966],[74.89875103922913,33.933081285173216],[74.89692162843045,33.93370328507859],[74.89428727673646,33.933264226163146],[74.89264080692777,33.93359352012493],[74.89201880792172,33.93652057686319],[74.88806726958887,33.93591686557096],[74.88045272061663,33.92990519716716],[74.87665284395365,33.929612900415066],[74.87304783329091,33.93156155412248],[74.86681213836954,33.92873600476287],[74.86438635204854,33.92684850855187],[74.86381537967611,33.92101190127829],[74.86077019338978,33.920314046256294],[74.85816909592711,33.92107534305268],[74.85620241440995,33.91929898416083],[74.85461637904274,33.91644412229846],[74.85176151628099,33.91523873487978],[74.84789159232321,33.91853768736445],[74.83723343897208,33.918728011788346],[74.83539363920517,33.92025060538117],[74.83628181865106,33.92456461906198],[74.8479617403421,33.932869330255414],[74.85076963241266,33.935932485895535],[74.85042928128638,33.93771932638583],[74.84830209056906,33.93797458905607],[74.84013367702761,33.935336872099015],[74.834688068,33.93576230988276],[74.82711526825506,33.94035704334294],[74.8232863237049,33.93831493928309],[74.82294597437726,33.93584739833881],[74.82473281396824,33.932443891572404],[74.82267816526519,33.92629325722811],[74.81834920844926,33.92052131480688],[74.81493967262787,33.916324963926],[74.80997195524162,33.909680828407545],[74.81368714724408,33.908423357651884],[74.81387606602766,33.90613572158634],[74.82546229634795,33.911447813665745],[74.82370821905914,33.908586408336134],[74.82972299192261,33.90385911480638],[74.82795034363352,33.89789736237344],[74.82177156410643,33.9009572273942],[74.81880795082634,33.90109333798722],[74.81488067080636,33.898877589229414],[74.8148051646267,33.89066452434838],[74.81286867065268,33.88980083344177],[74.81159713539955,33.88440816930165],[74.80880020336673,33.883453682841264],[74.81109196732046,33.87985007242298],[74.8209406966559,33.872259603697785],[74.8849284324013,33.915042143979804]]]}},{"type":"Feature","properties":{"blockName":"Keller","districtName":"Badgam","state":"Jammu and Kashmir"},"geometry":{"type":"Polygon","coordinates":[[[74.58983011586719,33.79183533843019],[74.59257593223356,33.78955905360749],[74.6139454194456,33.786826979781324],[74.61717594881105,33.78435019290714],[74.6201451405858,33.7822934910518],[74.62400528801368,33.78498621684048],[74.6262996042434,33.79375505285344],[74.62924776986875,33.79669616329733],[74.63305175013824,33.79760596244529],[74.63748098495955,33.796574083926885],[74.64586538418018,33.79602166097095],[74.65472116125267,33.79517981909345],[74.66020599421131,33.792357447937945],[74.66174271885143,33.79494489728921],[74.6657437900439,33.79731742935593],[74.66876641054148,33.798265555810815],[74.67384633723873,33.7974053929446],[74.67728909041926,33.798614868681284],[74.68528803301638,33.809359361445445],[74.69254014800947,33.80903480511222],[74.69616267926432,33.805927889360646],[74.70865124615813,33.80186898096872],[74.711079433669,33.80442834719054],[74.7159267300346,33.806011503827904],[74.72108532133058,33.80436025232382],[74.72552053574418,33.80398750581878],[74.73418567632797,33.8044692447599],[74.74046695518587,33.80383206160042],[74.74114260594655,33.80261666832462],[74.74191346613361,33.80123000815843],[74.75754472470936,33.80575296672606],[74.79377284943752,33.82115882372079],[74.79578975089635,33.82477263694767],[74.79638189330979,33.84064977916404],[74.7994319287406,33.85070687782019],[74.79696658394073,33.85243769324501],[74.78997190437997,33.847455285433114],[74.78735802035641,33.847837714039315],[74.78895299768277,33.85383487727779],[74.78754975671598,33.855806109364494],[74.7902920702229,33.862734447736614],[74.80837688438578,33.871075792813656],[74.80548334627946,33.87292906532417],[74.80439597509422,33.87597924284785],[74.81109196732046,33.87985007242298],[74.80880020336673,33.883453682841264],[74.81159713539955,33.88440816930165],[74.81286867065268,33.88980083344177],[74.8148051646267,33.89066452434838],[74.81488067080636,33.898877589229414],[74.81880795082634,33.90109333798722],[74.82177156410643,33.9009572273942],[74.82795034363352,33.89789736237344],[74.82972299192261,33.90385911480638],[74.82370821905914,33.908586408336134],[74.82546229634795,33.911447813665745],[74.81387606602766,33.90613572158634],[74.81368714724408,33.908423357651884],[74.80997195524162,33.909680828407545],[74.80706768642466,33.90845270882551],[74.79501375468107,33.91150710237093],[74.79027431041118,33.91183623085743],[74.78148748795724,33.91146986144503],[74.77463614414279,33.91115364542446],[74.76823825828905,33.91212576309357],[74.76548346758801,33.9152740953233],[74.74672465741708,33.92091485633563],[74.73347542595019,33.9199965927686],[74.71458543437035,33.91212576309357],[74.7135874144277,33.91631480158685],[74.71130501961102,33.91592153704937],[74.69695177230648,33.918323756636084],[74.69105111082018,33.92136525210475],[74.68653412465017,33.9185681590933],[74.68340446684272,33.90967217333218],[74.68106663331855,33.908443581606036],[74.67332934757138,33.895321397364626],[74.66491204935164,33.88686180672704],[74.6506054381905,33.86676895932004],[74.64289994617565,33.859347120673135],[74.63611989072047,33.85664881638979],[74.63937827029099,33.845290027312956],[74.62507642913397,33.8408479852464],[74.61750908557588,33.8290671353401],[74.60271496272543,33.82446265143028],[74.59523054925052,33.8067698031839],[74.58983011586719,33.79183533843019]]]}},{"type":"Feature","properties":{"blockName":"Zainapora","districtName":"Pulwama","state":"Jammu and Kashmir"},"geometry":{"type":"Polygon","coordinates":[[[74.99916461655386,33.94428266771098],[74.9975004867581,33.94492321163693],[74.99400954340575,33.94684469772466],[74.99288090323114,33.94098810481722],[74.98754813933522,33.94074438404613],[74.98566666228669,33.94058218771784],[74.97029532666807,33.93898540275421],[74.967866303687,33.93866163422712],[74.95980454074703,33.94042264438957],[74.95651799710794,33.931153341953234],[74.95979804314521,33.92617336231086],[74.95774141143704,33.92316570113627],[74.9527719682518,33.921636707068444],[74.9546588493265,33.917492839722854],[74.9541690092924,33.90932465910578],[74.94221786286414,33.90660251289569],[74.93207974518413,33.89428009485056],[74.9280606929467,33.892304828405145],[74.93104518398809,33.8825988106866],[74.92925712401711,33.875182527151935],[74.93500768595601,33.872860643104275],[74.93494781269146,33.877129181666476],[74.93881790841982,33.88290976027724],[74.94130185839413,33.89095961709273],[74.94352331065232,33.89249760887759],[74.94229713540454,33.90117318339577],[74.9473711724417,33.9029125999366],[74.95137162579994,33.90320219872257],[74.95028623312322,33.89933214975895],[74.95301220864656,33.89799250255203],[74.94973647216051,33.88426425798917],[74.95452657614061,33.877810103353625],[74.95954185417327,33.87846519291435],[74.95994787199675,33.88126553157906],[74.95732948776572,33.88483205935211],[74.95972106297671,33.88676946074207],[74.97025528795126,33.88003450358951],[74.97595244904636,33.87827481812843],[74.97657528532119,33.8783978786592],[74.97939988319808,33.88184163818113],[74.98437418631971,33.891065884582986],[74.98628014741092,33.89514902970399],[74.98642230414606,33.900782580851455],[74.9888004668681,33.90490970192127],[74.98325860969715,33.910204413702786],[74.98474283191621,33.91472457897618],[74.98391705103114,33.920879576831055],[74.98988802241433,33.92187192295091],[74.9936855365583,33.92098721578742],[74.99725711942057,33.92280043609128],[75.00062971199168,33.92620639261099],[75.00132765514724,33.931794797791724],[74.99917386338313,33.94388433819171],[74.99916461655386,33.94428266771098]]]}},{"type":"Feature","properties":{"blockName":"Basantgarh","districtName":"Udhampur","state":"Jammu and Kashmir"},"geometry":{"type":"Polygon","coordinates":[[[75.51467652869889,32.820380454394524],[75.51815244617853,32.81920606390878],[75.52276671830947,32.82221276370814],[75.52947905661324,32.82233968233055],[75.53933266926731,32.8261753106421],[75.54414804329764,32.82626636070404],[75.54770807526751,32.823268250329534],[75.5535865891498,32.813453265355975],[75.56413700641775,32.811317192934155],[75.56950050464462,32.80557970264124],[75.57199249995398,32.79730638408239],[75.57478981959457,32.79604552288265],[75.57943137086113,32.80532955981141],[75.5779939286769,32.81187114743557],[75.57911714593956,32.8142279467624],[75.59368404608193,32.82355368165713],[75.59937770161969,32.82351536604136],[75.60949004562917,32.82910755826725],[75.62208058934777,32.82715603302455],[75.62843459458094,32.82694196739794],[75.64435675056365,32.830204741955356],[75.65083212020625,32.83514427458863],[75.65429659201419,32.843994274416275],[75.65621188267232,32.84397065012547],[75.66588044003032,32.84528814792975],[75.67023876780496,32.85353936834724],[75.66794763607459,32.861019954307494],[75.66853903205077,32.87521907400111],[75.66526689465155,32.87773682859182],[75.66602425871264,32.87994892700141],[75.66421985536209,32.87908013963681],[75.64648952427217,32.876679156617854],[75.64094879575038,32.878710758394845],[75.62377253697304,32.90327465370234],[75.62192562806536,32.90733785455842],[75.62414191911432,32.91084698310186],[75.61952464594572,32.91694178393624],[75.6106594799511,32.92082029372165],[75.59717704078787,32.931901750765235],[75.58480274714913,32.92913138560499],[75.5563603411569,32.93153236862395],[75.54380135734681,32.93522618823806],[75.53215505591118,32.94288141894236],[75.53181080262652,32.94116015611638],[75.52630275996444,32.93788975620731],[75.52363480240427,32.93203746115995],[75.51442604412671,32.92644335517673],[75.51072532671253,32.925754848607426],[75.50909012720768,32.92300082772607],[75.50194688504075,32.920160744422844],[75.49463151533223,32.91981649113819],[75.48843496789948,32.91766491170637],[75.47471231532114,32.917837038348694],[75.4759649630127,32.9170236303363],[75.47309701241727,32.9149750943252],[75.46667826409066,32.901727889930214],[75.45370419819022,32.8860224417823],[75.44376934168184,32.868003651347465],[75.45147593716484,32.85935513922834],[75.47117056836709,32.858327592744274],[75.4745100919672,32.848970265565356],[75.48186754005496,32.848818588607],[75.4907935577765,32.840235878982696],[75.50675739823538,32.83165316935833],[75.51431018176953,32.82221218904135],[75.51467652869889,32.820380454394524]]]}},{"type":"Feature","properties":{"blockName":"Latti","districtName":"Udhampur","state":"Jammu and Kashmir"},"geometry":{"type":"Polygon","coordinates":[[[75.41565166109535,32.93969410200128],[75.421747026704,32.93983067124856],[75.42584409962558,32.937372426596255],[75.44032042634666,32.937645565990124],[75.44632946603207,32.93600673592215],[75.47471231532114,32.917837038348694],[75.48843496789948,32.91766491170637],[75.49463151533223,32.91981649113819],[75.50194688504075,32.920160744422844],[75.50909012720768,32.92300082772607],[75.51072532671253,32.925754848607426],[75.51442604412671,32.92644335517673],[75.52363480240427,32.93203746115995],[75.52630275996444,32.93788975620731],[75.53181080262652,32.94116015611638],[75.53215505591118,32.94288141894236],[75.54380135734681,32.93522618823806],[75.5563603411569,32.93153236862395],[75.58480274714913,32.92913138560499],[75.59717704078787,32.931901750765235],[75.6106594799511,32.92082029372165],[75.61952464594572,32.91694178393624],[75.62414191911432,32.91084698310186],[75.62192562806536,32.90733785455842],[75.62377253697304,32.90327465370234],[75.64094879575038,32.878710758394845],[75.64648952427217,32.876679156617854],[75.66421985536209,32.87908013963681],[75.66602425871264,32.87994892700141],[75.6723948672294,32.89999206797961],[75.6736434580792,32.901204251574995],[75.67328223009088,32.91836523716603],[75.67085311987563,32.92254870525858],[75.67018504680254,32.93288704979756],[75.66360879121282,32.938718783645015],[75.66074647127266,32.94706759489367],[75.66042749883007,32.94930040379063],[75.65989587719304,32.953978669879746],[75.65989587719304,32.9591885576059],[75.65392972167939,32.97314518140507],[75.64831231875854,32.997114691389925],[75.6471692651495,33.000353343432096],[75.64174006784992,33.00560740405848],[75.6383249283528,33.00595767470696],[75.6330708668271,33.006307946254765],[75.6316697833339,33.00674578479021],[75.62895518513375,33.00884740868099],[75.61670945497741,33.007616219712816],[75.61253521932497,33.01053818538901],[75.60669128887196,33.01826052170577],[75.60408239068983,33.019199725087276],[75.60105606948207,33.01878230116233],[75.59969944307488,33.01669518333608],[75.59415223223976,33.014215517732],[75.58954858559878,33.01921652442314],[75.58848992257191,33.02246631097154],[75.58379829525518,33.02440767387509],[75.57991556944802,33.02554013616839],[75.57878310715472,33.02651081762019],[75.57215011603506,33.02408411399074],[75.56585895722515,33.023648565129236],[75.56411125702897,33.02751847199994],[75.56286290000287,33.03226222941839],[75.55599693590995,33.03800467227785],[75.5528760428951,33.038504015447984],[75.53639772817269,33.03463410767796],[75.53215331392437,33.035632794018284],[75.52853307773938,33.03650664366671],[75.52678537844253,33.0402517147449],[75.52491284155445,33.0402517147449],[75.51819705614929,33.03115731156072],[75.51369803483652,33.0309246038874],[75.51059894588468,33.032103429829476],[75.51141451676659,33.026312880435114],[75.50489549313255,33.02527447913394],[75.49766615796688,33.02823246085944],[75.48006468084043,33.024217903433566],[75.4752985482894,33.0192416029177],[75.47015623382316,33.020971250123125],[75.46078345089558,33.0261634589765],[75.44464143585361,33.02654693978951],[75.44072258338059,33.03981820824379],[75.43377758416824,33.04101580483558],[75.43368275065848,33.0410879223698],[75.43219585655362,33.04071432420676],[75.42546658401568,33.03652800796124],[75.42101073465773,33.03068154771529],[75.40523780767876,33.02608696624054],[75.39675414308931,33.0095574063493],[75.39656867590372,33.00389394375054],[75.3926426702231,33.001640084422434],[75.38889568988424,33.00359558107124],[75.38611722812766,32.99920908293291],[75.38436938044259,33.00007822822772],[75.38368336409604,32.99905015743889],[75.38135395991736,32.989094726240694],[75.39892827122281,32.97477452542404],[75.40578793106823,32.97123532894733],[75.39482800930523,32.96793080426323],[75.38003033683066,32.97081722243689],[75.37289012987566,32.969993176344076],[75.37218670175491,32.968089886239284],[75.38462419435115,32.95473867435038],[75.39114709136521,32.95122801516084],[75.3975454601549,32.95042543588522],[75.41800701880891,32.954149775791564],[75.41693453500085,32.94568084569454],[75.41565166109535,32.93969410200128]]]}},{"type":"Feature","properties":{"blockName":"Moungri","districtName":"Udhampur","state":"Jammu and Kashmir"},"geometry":{"type":"Polygon","coordinates":[[[75.12818564255343,33.087695488855786],[75.12770718703712,33.09134455190957],[75.12274807886081,33.098625548630196],[75.12715506715267,33.10534974089785],[75.13074052025888,33.117813640287295],[75.12070511684772,33.13579749116133],[75.11819639055102,33.15238311838624],[75.12147399313034,33.17262462912339],[75.12382331639299,33.17692650285585],[75.1271891289752,33.17888930919429],[75.12358357961858,33.187180433430285],[75.12511542723524,33.19077779895633],[75.11832724910334,33.19138379542585],[75.11479632908737,33.19778517424646],[75.1078378382457,33.19710776171388],[75.10568258238533,33.20031878838142],[75.10101540493707,33.20230320632794],[75.10164148506652,33.20809100559546],[75.09938398258481,33.210873398288754],[75.0903394099359,33.20961548506665],[75.09060576124693,33.21245008790129],[75.09256427062462,33.21384890240495],[75.09115786674221,33.21830501526432],[75.08844481627528,33.21863154201213],[75.08478220403555,33.21472924785655],[75.08258827822652,33.21596491634784],[75.08166553063978,33.220646189769866],[75.07867176668873,33.220844937244124],[75.07632194430232,33.22411375164836],[75.07455081766614,33.22670438819699],[75.07209696800072,33.226661467153065],[75.06901407763763,33.22366455287687],[75.06581078064306,33.21814766897978],[75.06016272702828,33.21669758232764],[75.05735070617021,33.21709154294041],[75.05650113821702,33.21437884680637],[75.05398451137614,33.2105466449118],[75.05338595589723,33.20498169225135],[75.04969894774831,33.20061269671862],[75.05066706613223,33.193428735048144],[75.04845870260709,33.19101030698016],[75.04700839292303,33.18603470793545],[75.04396319224759,33.16025283200264],[75.04497395558366,33.15502158897522],[75.04619477087203,33.153828953943105],[75.05206376632981,33.147665182302376],[75.06837612825575,33.13607082480877],[75.07876758315751,33.12236459475031],[75.08056376490589,33.11724976356578],[75.07962947631933,33.114715099921966],[75.0772232358637,33.1129761762096],[75.07404162422165,33.11094400156446],[75.0737976651302,33.10506913083577],[75.06940922355687,33.09989067711314],[75.06757664084932,33.09907792020988],[75.06404744303512,33.10289376073854],[75.06169285873852,33.10293276973158],[75.05212284819095,33.105826868115514],[75.05017436175746,33.10354973882943],[75.04685055021275,33.10344442911719],[75.03742337269057,33.097791886086725],[75.03638077605206,33.092543361686865],[75.04252300892978,33.08330927220521],[75.04496678708762,33.07500567527177],[75.04323338791056,33.069568652970986],[75.0457792687983,33.06697819808545],[75.04014240095108,33.063442765271475],[75.03481227386737,33.061270549096605],[75.03241376938001,33.060567962741345],[75.03541908782069,33.05181789557946],[75.04485500765253,33.05419998564088],[75.05728530657171,33.05162443521954],[75.0676324320911,33.052894581919475],[75.08817234867502,33.05254385621407],[75.08881070634908,33.08122508616884],[75.090197100316,33.082485868228275],[75.09313652722898,33.08344630190538],[75.10215006067682,33.079750171932915],[75.12818564255343,33.087695488855786]]]}},{"type":"Feature","properties":{"blockName":"Panchari","districtName":"Ramban","state":"Jammu and Kashmir"},"geometry":{"type":"Polygon","coordinates":[[[75.24084440144804,33.21249077412995],[75.23494735163905,33.21847298524011],[75.23345939093821,33.221444896564776],[75.23018079191007,33.22799325968123],[75.22473306587835,33.23274544194862],[75.21849881886544,33.238183726897546],[75.19879436077122,33.23920261920557],[75.17995143521063,33.24157650295331],[75.16854795612335,33.251518062108914],[75.16126272269656,33.258780795397456],[75.14032417621979,33.26421949583312],[75.12851420536634,33.26726043462139],[75.12383897179114,33.27043707840852],[75.12323722371895,33.27766526963654],[75.12302793529102,33.280179244376654],[75.11937940193792,33.27357107994146],[75.1144893670907,33.27132054810488],[75.10571843655669,33.25867846334046],[75.1047270626039,33.252419432810655],[75.1003362108475,33.24687199714498],[75.09283753502427,33.24380175664578],[75.09066341858198,33.241746848937964],[75.09141220401006,33.23759280036751],[75.08995351714117,33.23368530813053],[75.08443118964772,33.23017128817446],[75.08414466114726,33.225075528912555],[75.08330877098302,33.22150553155507],[75.08166553063978,33.220646189769866],[75.08258827822652,33.21596491634784],[75.08478220403555,33.21472924785655],[75.08844481627528,33.21863154201213],[75.09115786674221,33.21830501526432],[75.09256427062462,33.21384890240495],[75.09060576124693,33.21245008790129],[75.0903394099359,33.20961548506665],[75.09938398258481,33.210873398288754],[75.10164148506652,33.20809100559546],[75.10101540493707,33.20230320632794],[75.10568258238533,33.20031878838142],[75.1078378382457,33.19710776171388],[75.11479632908737,33.19778517424646],[75.11832724910334,33.19138379542585],[75.12511542723524,33.19077779895633],[75.12358357961858,33.187180433430285],[75.1271891289752,33.17888930919429],[75.12382331639299,33.17692650285585],[75.12147399313034,33.17262462912339],[75.11819639055102,33.15238311838624],[75.12070511684772,33.13579749116133],[75.13074052025888,33.117813640287295],[75.12715506715267,33.10534974089785],[75.12274807886081,33.098625548630196],[75.12770718703712,33.09134455190957],[75.12818564255343,33.087695488855786],[75.12939243291453,33.072777229885276],[75.13174098455886,33.06709984308333],[75.13892621697141,33.06792664559828],[75.1465344122334,33.06258840393173],[75.14949936190607,33.058249899013674],[75.15595858871797,33.07012689184262],[75.1718322847322,33.07619616901803],[75.18076514539518,33.08225145004445],[75.17266962910014,33.11076027186908],[75.1762927359211,33.11104630844045],[75.19020824001831,33.119694095705995],[75.19384552555061,33.12040102308879],[75.21955751606657,33.11846542483954],[75.22321693121648,33.1257363797302],[75.23003707575049,33.13146390733351],[75.23496680757216,33.1422156513313],[75.23391348382029,33.143990206183105],[75.22859840059579,33.14470933376879],[75.22481109735429,33.148391466692885],[75.23604453262914,33.15834583489243],[75.24080708318041,33.16572843971579],[75.24242665606539,33.17236499484869],[75.24132007356258,33.18100798872774],[75.23848016382857,33.18660476569744],[75.235077622934,33.18886370439651],[75.22730663599253,33.189976178357995],[75.21250288769818,33.18895928704154],[75.21074760082115,33.19317695815016],[75.21909190466772,33.19679421937775],[75.220586281132,33.20184897764824],[75.22393977030418,33.20148407143279],[75.2345508369516,33.20860273512818],[75.24084440144804,33.21249077412995]]]}}]}