{"type":"FeatureCollection","features":[{"type":"Feature","properties":{"blockName":"Nedumangad","districtName":"Thiruvananthapuram","state":"Kerala"},"geometry":{"type":"Polygon","coordinates":[[[76.880127000161,8.659163999818759],[76.88780199976253,8.650794999689538],[76.8852839996569,8.641938999585193],[76.8932799996723,8.627301999987367],[76.90259600030521,8.623996000415161],[76.90400699972332,8.617775999562753],[76.90842400016754,8.61206199956166],[76.91410100026098,8.60847599966769],[76.92520899989546,8.605961999746512],[76.93118999961882,8.593323999702875],[76.92813099974592,8.59155099977886],[76.93237300021383,8.587268000118172],[76.93468499981293,8.588984000111566],[76.93622599983007,8.58719100016458],[76.93477600041217,8.584315999783598],[76.93730900031017,8.582169999745759],[76.94133799994881,8.582550000182437],[76.94161199999388,8.578513000174894],[76.93836999977572,8.575361999656593],[76.94007099997674,8.571317000179477],[76.95019500009926,8.567598999594225],[76.9546590000129,8.56270300044315],[76.95967900038562,8.563041999888412],[76.96927599958775,8.5587770001585],[76.97145800038646,8.546064000253466],[76.98550399970986,8.54497899968112],[76.99376700034685,8.55065299963627],[77.01120098953407,8.54963339596452],[77.01084973143003,8.549947680241303],[77.0055056720492,8.55164520456259],[77.00481408799982,8.557020699745522],[77.0078319088156,8.55736649177021],[77.00368240541872,8.563873670433566],[77.00613438539364,8.566640005731756],[77.01914874002239,8.56399941184344],[77.01631953312,8.568337530952363],[77.0204690374162,8.56723728327404],[77.01968314596047,8.573713026135295],[77.02116062056626,8.574027382357883],[77.02323537361366,8.571386787570248],[77.02380121535384,8.573618718728937],[77.02556963682935,8.574023234684603],[77.02904465318824,8.5702441539446],[77.0307525206124,8.56554751740407],[77.03796826342466,8.559740766723053],[77.03732781212886,8.55218345060581],[77.04065815544959,8.55226884483136],[77.04488512734679,8.550048616550441],[77.05120423798525,8.544028382104216],[77.0537272131404,8.539117257255668],[77.05570200024715,8.538348999706614],[77.05686544778223,8.53831322287698],[77.0611639616476,8.546742048606689],[77.06287310700833,8.547575777700047],[77.06358177727725,8.551285873244524],[77.06687500737576,8.553495255701534],[77.07246099338022,8.552161288612638],[77.07679638484535,8.5542872994194],[77.08088165776235,8.553787061423805],[77.08416776433091,8.556406675028086],[77.09163676522456,8.549576727883732],[77.09458287589905,8.550240157757116],[77.0939907622639,8.556250504157504],[77.09654876781144,8.559913104706084],[77.09602554044642,8.571424134616166],[77.09951373097397,8.579563247346016],[77.10759470613084,8.580202748957731],[77.1086411635589,8.578458653244297],[77.11387344979994,8.577586605837212],[77.11619891135075,8.580319022305105],[77.11858250777658,8.580667841447791],[77.12137306091807,8.584446714444368],[77.12346597487488,8.5914812330725],[77.13003540191232,8.594155512866678],[77.13038422105501,8.59752743094623],[77.13608159888673,8.60438753955333],[77.13579091731702,8.607410637590874],[77.13823265041651,8.610898829017799],[77.1381163770692,8.613166152995632],[77.13580902696509,8.613657079410757],[77.14071846828273,8.62311650392354],[77.14792597870104,8.623964446801835],[77.15237767588911,8.622833856897046],[77.15831327333893,8.624741727248988],[77.1602918052227,8.627638864442076],[77.16545012222542,8.628133496963358],[77.17230432318604,8.632655855683254],[77.17852256676309,8.632019899199065],[77.1850234591654,8.634422402971552],[77.18587140114431,8.638944761691448],[77.18933383328982,8.642053884379322],[77.1916656737319,8.646788230392588],[77.19201898408892,8.651098602718378],[77.19887318504954,8.658659422594326],[77.19950914243304,8.666644214359053],[77.19703597622936,8.671166573978269],[77.19753060875064,8.674063710272037],[77.19922649360785,8.67484099071919],[77.20542099957953,8.670579000120824],[77.20877799970498,8.67947800040946],[77.20597800008471,8.692053000245835],[77.2012020001722,8.69831300024481],[77.19747199993293,8.707901999977366],[77.18515800044145,8.715885000292587],[77.17981000023138,8.723409000125287],[77.18102999983466,8.72915099961898],[77.17333200007181,8.745802000362062],[77.17523999992613,8.749019000326655],[77.18076300011245,8.74344699967935],[77.18899500021917,8.741665000239607],[77.19458800003622,8.743329999679816],[77.19914999997258,8.749127999957295],[77.2017439999857,8.756476999813742],[77.20146899989447,8.76170299979367],[77.19876900038912,8.765894999754494],[77.20101200040358,8.769455000248115],[77.1884690002442,8.774913000134916],[77.17482799981241,8.784674999751473],[77.16388699978529,8.79018900042206],[77.1593930002868,8.794092999692225],[77.15461700037434,8.795587000239891],[77.14972699970133,8.801157999941779],[77.13533000037927,8.806785000427453],[77.12335999966433,8.817808999785541],[77.11097699968883,8.824182999645757],[77.10787200039255,8.828834000089103],[77.09876999973574,8.830037999853857],[77.08224500030656,8.837041999988344],[77.05274999991263,8.844328999683626],[77.04479199985099,8.844384999568149],[77.03453099970591,8.841109999626838],[77.0270079999193,8.829162999972539],[77.02439900011382,8.815151000418382],[77.01708199993442,8.813024000357359],[77.0134509997639,8.808256999960633],[77.01953899992498,8.788507000197967],[77.02961000030132,8.773751999655133],[77.02142299957183,8.771568999709643],[77.00644699962936,8.770184999737978],[76.99614000006102,8.78128800004123],[76.98778499967807,8.784594999659532],[76.98117100044135,8.785172000187686],[76.97775300020083,8.782934999550662],[76.9740680002381,8.772461000374904],[76.95993000026937,8.769665000039765],[76.95238500036754,8.770599999990054],[76.93499000038827,8.760507000397808],[76.9344560000444,8.756034000069121],[76.92832899988349,8.751944000315405],[76.92784099986233,8.747492000055786],[76.91918900017225,8.746144999991827],[76.9150920000958,8.744135999976493],[76.90683699982776,8.73078400028146],[76.89754500030159,8.726597999697958],[76.89781200002386,8.722295000014299],[76.89244099965248,8.718410999867785],[76.89044200009829,8.721692000085795],[76.88582600036966,8.721362000156205],[76.88118699958045,8.727179000410615],[76.87307699970381,8.717142999849614],[76.87132299975667,8.712605000120732],[76.87472500015866,8.711332999918056],[76.87590799985435,8.707594000162999],[76.88516999979572,8.704410999967706],[76.88715399955748,8.698427000105994],[76.88578000004702,8.686238000083677],[76.88198899969262,8.676583000005508],[76.88398700010003,8.673988999992389],[76.88028700034482,8.66997099996172],[76.880127000161,8.659163999818759]]]}},{"type":"Feature","properties":{"blockName":"Udumbanchola","districtName":"Idukki","state":"Kerala"},"geometry":{"type":"Polygon","coordinates":[[[77.02152171275691,9.668278890258648],[77.01936299990257,9.658612000243693],[77.01322199999538,9.658744000035597],[77.01578500037755,9.653461000125105],[77.0245819995597,9.651386999810256],[77.04591400033092,9.640717999735955],[77.05022400033738,9.648937000142496],[77.0810780004494,9.667201999772544],[77.09249900012878,9.664041999738572],[77.09163699994764,9.65683300004298],[77.09468800035097,9.648283999706848],[77.10117299993408,9.648105000445469],[77.12203999994608,9.64207700035331],[77.12885999968927,9.645239999626313],[77.13517000019539,9.642812000073775],[77.13562000026286,9.64552500017868],[77.14142600000997,9.646934999550638],[77.14496599958125,9.642195000399],[77.15504500032654,9.639630999970734],[77.15690599981212,9.636859999889111],[77.16680899963569,9.638721000274018],[77.17602500015369,9.636076999753811],[77.17601000036126,9.639012000203707],[77.18125200017971,9.646733000127881],[77.18100000024987,9.657020999719407],[77.18421900030665,9.660377999844854],[77.18843799971398,9.660657000120523],[77.1878660003157,9.665012000403522],[77.19493900003488,9.669213999926228],[77.19750999988662,9.677558999848031],[77.20010399989974,9.680327999837345],[77.20121800001073,9.687025000203619],[77.20699300012689,9.695045999573267],[77.20428500025264,9.706364999944867],[77.20516999969578,9.72438499996781],[77.21514900032616,9.726187000329844],[77.22348799997127,9.730593000266822],[77.22125999974924,9.746408000229053],[77.22657000000555,9.754189000222254],[77.22759999984015,9.764334999560617],[77.23379500043899,9.768973000303788],[77.22582199968559,9.77533100032548],[77.2249219995507,9.788876999973638],[77.23767100021655,9.79074899996641],[77.2418369998777,9.795739999901116],[77.24914599968821,9.797531999802004],[77.24716199992639,9.803404999940824],[77.24795499962357,9.80629900029868],[77.24218799987636,9.815298999849006],[77.23454299985963,9.817809999631834],[77.23402400020751,9.822227000076055],[77.22737100007163,9.821886999685319],[77.22392300024632,9.823467999748459],[77.23001100040739,9.839836000031426],[77.22833999979122,9.841865000069731],[77.22878999985869,9.84751099963296],[77.23870100005115,9.851955999569782],[77.23861699977476,9.857992000030833],[77.2332379999338,9.862456999990627],[77.22817999960733,9.860950999788884],[77.22409099989977,9.862746999874219],[77.21395099993873,9.874912999735216],[77.21755999999408,9.883686999655367],[77.22137499965658,9.886714999897379],[77.21923099971093,9.903279000225723],[77.23168200012424,9.914746000227751],[77.23667900033564,9.93183200034656],[77.24924499975697,9.947153000010985],[77.24945100026349,9.951873000038972],[77.25068699970535,9.952421000129107],[77.25135800007172,9.950424999813947],[77.25496700012701,9.952124999968817],[77.26152516225648,9.951783843049952],[77.26469399992823,9.951619000016876],[77.27377300042366,9.962480999998206],[77.27617599972268,9.9728299997048],[77.2645420001133,9.981852000269669],[77.263465999956,9.986480999698415],[77.26543399987924,9.99049400039786],[77.26142100007917,9.990567000166948],[77.25980400015453,9.99529699975676],[77.26251200002883,10.000241000222047],[77.26232100021406,10.003920999954232],[77.25547800030955,10.009200999726431],[77.25529499996435,10.011958000061725],[77.26351200027864,10.02489799964303],[77.26266499988986,10.029328999833524],[77.25686599956629,10.03522300004147],[77.25158699984024,10.044262999637795],[77.23893700014253,10.054577999575088],[77.23254400030544,10.065872999739213],[77.22730299963376,10.067453999802296],[77.21875000001256,10.077469000294172],[77.20947300027882,10.082503000413169],[77.19364199957869,10.068605999867032],[77.1862260002298,10.073896000100376],[77.17185999963931,10.062550000282329],[77.16844200029811,10.058992999927057],[77.16104099984233,10.042538000128673],[77.14106799968852,10.043791000354418],[77.12091800036546,10.035925000038787],[77.11490600011189,10.035221999995372],[77.10478199998937,10.038374999706548],[77.09999100028449,10.042182999945567],[77.0796510002935,10.039826000069922],[77.07194500016169,10.03553900022473],[77.05915100011862,10.014812000373581],[77.0701829998456,10.010554000067089],[77.06222499978395,9.992409999721758],[77.06469699956693,9.988683999666875],[77.06138599976413,9.981197999787923],[77.06268254426408,9.973700726007735],[77.06140742341393,9.967567736362014],[77.06232392970566,9.958904158799953],[77.07286033373748,9.956006686159697],[77.07812535170365,9.94976547479689],[77.07865914970006,9.944426753791731],[77.08204688775373,9.941374184071378],[77.08524795712759,9.941108671827806],[77.09413146029868,9.935500674016964],[77.10092024187571,9.936509845552962],[77.10803817442229,9.933844717259944],[77.10484497591494,9.928807982302601],[77.10031102043729,9.927231726163257],[77.10345324986764,9.922112040438378],[77.10440903944567,9.917318441692771],[77.10387445184455,9.911583027035135],[77.10130277390397,9.908324392956445],[77.10317403465405,9.90430180728265],[77.09665454696983,9.902407084119659],[77.09709516171239,9.898356572697708],[77.10779503461322,9.89335553812765],[77.09759451387578,9.881015601288993],[77.10625349320418,9.866500294353159],[77.10926952976502,9.864667324937159],[77.10675671964697,9.862192325915146],[77.10685769192901,9.856004882319496],[77.0931818031977,9.849706115245056],[77.09488994581443,9.840874088368537],[77.08482999630735,9.826073843832887],[77.08991882719215,9.824070412419644],[77.08944867691497,9.822260167073125],[77.07531332994625,9.820671857320406],[77.06764899000893,9.818146814623844],[77.08413011871005,9.805829567680462],[77.10028108740232,9.797265102602466],[77.10456591628406,9.797852662970058],[77.10726250196296,9.790377679786161],[77.11006440994464,9.790474921680357],[77.11286486462188,9.788099944356986],[77.11932713204158,9.790700218040683],[77.12625746331133,9.784278504649308],[77.13935100864217,9.777773880959899],[77.14277989427677,9.778563038753305],[77.14989960658164,9.77710836825662],[77.15334365928248,9.775002396143691],[77.15253516516577,9.771883780212363],[77.15904125205219,9.77021285513922],[77.15970884398803,9.765407847594133],[77.16231177876563,9.762673155841526],[77.15972679985197,9.757826641886084],[77.15307149925036,9.752090320711773],[77.1527794785901,9.745463613155266],[77.14952086069923,9.738708583134667],[77.14539121523245,9.737853006810838],[77.14163571741449,9.734905826842464],[77.13825488075821,9.726918755296367],[77.13574856284595,9.727248951278114],[77.13484670021512,9.730865432793564],[77.1336138214208,9.730578524779162],[77.12508958571584,9.719758079771623],[77.12475917209815,9.717220873744395],[77.1250405088125,9.714638010036197],[77.12735758958115,9.711346882552618],[77.12994571792058,9.710428540744601],[77.13113022488005,9.707084149114223],[77.15406228594577,9.690478781770423],[77.15073219623395,9.686562498660408],[77.13952044361366,9.683471248199567],[77.13675727123115,9.684686287142483],[77.1362876263729,9.688495335091716],[77.13253052956037,9.693443919401432],[77.1253853439585,9.69109589026317],[77.11746191833294,9.691197572110298],[77.11554501788834,9.689050861608052],[77.10912084395187,9.691493249413952],[77.10606848827018,9.69535987555787],[77.10662820113066,9.698048728865786],[77.10226527961902,9.699167558336171],[77.09923471091321,9.702741397597492],[77.09578018290915,9.703941243393729],[77.09435080224779,9.701868943696866],[77.09702179232193,9.700070652138947],[77.09613411559701,9.694898774259059],[77.0924958183274,9.691564479317321],[77.09130541181537,9.687509521647144],[77.08904100883552,9.68645121115452],[77.08759363723664,9.682357990029288],[77.08095464044436,9.678478128562858],[77.08012368396089,9.674617288656975],[77.07633268630451,9.674284516117552],[77.07308798812022,9.66960123630804],[77.06751971606212,9.670161617364784],[77.06370526228807,9.66651408765506],[77.06031671304595,9.66759445671886],[77.05507893464517,9.666936893123193],[77.05320168171232,9.663256003062145],[77.05095119484184,9.662609567677464],[77.04580524801383,9.666055937931219],[77.03139635695635,9.664456189701468],[77.02152171275691,9.668278890258648]]]}},{"type":"Feature","properties":{"blockName":"Kodungallur","districtName":"Thrissur","state":"Kerala"},"geometry":{"type":"Polygon","coordinates":[[[76.15048199964463,10.394657000020572],[76.14418799987635,10.385145000241607],[76.14081599995848,10.3845780001746],[76.13827499969153,10.386131999891916],[76.13799999960037,10.392386999660346],[76.13389600010038,10.397444999986817],[76.12712099973442,10.401015000042264],[76.1232829999106,10.400219000206732],[76.13191999980819,10.373580000216862],[76.13417100019154,10.370247000298889],[76.13398699980024,10.366747999920335],[76.13189699964687,10.363366999587413],[76.12148999996356,10.354436999667826],[76.11711899984203,10.346241000321982],[76.11162868731412,10.343730688520509],[76.12398830131912,10.308002541883866],[76.13930175387287,10.2522271947293],[76.15707461390235,10.19783898258305],[76.16181335490245,10.177368233757022],[76.16343186838606,10.17645901647046],[76.16638256920027,10.17801647767834],[76.1688451279004,10.182178152499773],[76.17353575517103,10.183840517825672],[76.17598234101229,10.182023956540434],[76.17744167719172,10.174221053558824],[76.17871520264453,10.175006256133884],[76.17715090119322,10.183909323156797],[76.1929511810522,10.185938519247316],[76.20149039946244,10.19273570498882],[76.21346300011743,10.194271999753028],[76.2126620000513,10.196683000320263],[76.21441700004459,10.201039999796194],[76.21684999982767,10.201379000140776],[76.22155800020158,10.2066460002128],[76.22844700042879,10.203474999671528],[76.23667899963618,10.20230899986052],[76.24079899987402,10.20384799978541],[76.24994699995415,10.19969499982443],[76.2534870004248,10.200891000119611],[76.26136000016396,10.199897000146507],[76.26483899962017,10.198396000175308],[76.26431299964526,10.195987999746421],[76.2616419996786,10.194846000142832],[76.26329799960308,10.18830099959149],[76.26926400043334,10.187252999826114],[76.2736359997017,10.19452999995957],[76.27373499977045,10.206923000396216],[76.27572599985507,10.213000000049988],[76.27183500028508,10.231085000372502],[76.27409400013806,10.230332999868097],[76.27851900005186,10.235829999754742],[76.27794599970815,10.238242000368075],[76.27254499975197,10.234755999689696],[76.2714539998023,10.237396000025456],[76.26848599962926,10.235855000008314],[76.25847600026725,10.23937899974112],[76.25109900001888,10.237445999633223],[76.24623425680556,10.238641547569387],[76.24089799994277,10.237987000299881],[76.23945599999445,10.22135100024849],[76.22900400003465,10.216038999899979],[76.2254709998868,10.21622000015293],[76.22283899991999,10.227585999993948],[76.23072800039694,10.248224000237485],[76.22530400027944,10.258450999713887],[76.21991700006953,10.258290000383283],[76.21414900027622,10.252393000036989],[76.21022800022212,10.256648000205075],[76.1883929996373,10.264156000199307],[76.17884099981234,10.270603999874766],[76.17257699962886,10.29270700022795],[76.16493999998107,10.29719899963419],[76.16402400000766,10.300874000035094],[76.16754899978656,10.316529999859654],[76.15612800010717,10.318676999943648],[76.15468600015885,10.322123999722862],[76.15807299986909,10.330549999782704],[76.15356399967891,10.335206999603372],[76.1583560003292,10.348739000404578],[76.1579590000079,10.35281300031977],[76.15181700005456,10.354948999896465],[76.15578499957815,10.362113000214833],[76.1498639999237,10.382091999746024],[76.15209999961536,10.39333200007178],[76.15048199964463,10.394657000020572]]]}},{"type":"Feature","properties":{"blockName":"Ottappalam","districtName":"Palakkad","state":"Kerala"},"geometry":{"type":"Polygon","coordinates":[[[76.2429209934092,10.7715526334473],[76.2452770004333,10.767891999716085],[76.2452999996953,10.751656000124342],[76.24720000008,10.748724999858894],[76.25195299983113,10.747049999957596],[76.2681729995843,10.754582000159246],[76.28043400022898,10.754380999883267],[76.28816199957669,10.756944000265435],[76.29773699956291,10.754796000135343],[76.31867200001284,10.745851999570164],[76.3255230002863,10.744455999944478],[76.33998900009232,10.747974000299905],[76.35658300000551,10.744029000038381],[76.35885599960477,10.746547000144005],[76.36138900040208,10.758243999960655],[76.36524200001833,10.763512000078777],[76.37914299984965,10.768235000245113],[76.38349900017874,10.768453000405714],[76.38806200016126,10.764137000122503],[76.39296000030384,10.7516160000784],[76.39607199992292,10.747647999655499],[76.40326699987219,10.745390999894767],[76.41024799984535,10.747606999563402],[76.44055900009783,10.748094000437845],[76.46228800029104,10.751585000447449],[76.47088600018884,10.75144400024044],[76.47522699982625,10.74770200034709],[76.47842399976781,10.748265000229651],[76.48257399959044,10.755712000108758],[76.49060799955959,10.762856999550934],[76.48496199999636,10.773431999787022],[76.47756199958667,10.782061000215037],[76.45908400002662,10.779878000269548],[76.44689199986595,10.797413000409676],[76.45259900044357,10.801989000092306],[76.45542899964869,10.811441999848455],[76.46285999968927,10.810499000428592],[76.46085399981229,10.818596999751776],[76.4648820003041,10.840501999967387],[76.46262399959795,10.8594390000099],[76.46874999971277,10.866477999959784],[76.47486100003516,10.868927999627545],[76.47535700042528,10.87511799999578],[76.48347499977149,10.874523999582948],[76.48573299957832,10.886107999584567],[76.5133289996337,10.885735000370005],[76.52088199990442,10.886798999973905],[76.52844999996756,10.890787000419778],[76.51928700009506,10.89541099961798],[76.51740300044816,10.905171000041662],[76.51387000030036,10.9063220000603],[76.51290099968145,10.91023299965326],[76.50637800014465,10.907670000170413],[76.50261700027443,10.910323000206347],[76.49633800029852,10.909136000326214],[76.48391000004654,10.910203000068464],[76.47216799995329,10.938928000027204],[76.44733399956448,10.949156000449136],[76.43617200013773,10.948784000381352],[76.43297600024226,10.946616000228289],[76.42647599996747,10.95105099970391],[76.42176100017008,10.948023000361218],[76.41752600002496,10.949819000446553],[76.41364299992455,10.967492999802175],[76.40712699981123,10.964420000182884],[76.40387700012349,10.967064999849924],[76.39630099969145,10.961692000285609],[76.38862600008991,10.959130999995693],[76.37804400043035,10.940517999606072],[76.36588299990058,10.935620000362803],[76.36405900032264,10.928564999675018],[76.35951999964834,10.92834899960667],[76.35694899979654,10.9230829995808],[76.35357699987873,10.9207360001663],[76.34363600010136,10.919388000056188],[76.3393549996336,10.908555999659711],[76.3330759996577,10.905472000432496],[76.32238799960658,10.906712000058803],[76.32089199986598,10.91164500001679],[76.30602300036122,10.912257000360341],[76.29866800022808,10.918638999690131],[76.28940600028676,10.913734000124066],[76.28058600004391,10.915702000047304],[76.27413200009181,10.914973999750316],[76.27088899982755,10.916418999837049],[76.2658230000315,10.913613999986183],[76.26277899995097,10.905024999604109],[76.25238161671831,10.887315760314152],[76.25246776097845,10.887231625139464],[76.25341001755834,10.886289367660254],[76.2544525152714,10.88516667919896],[76.2549336669552,10.884084086111727],[76.25814135084272,10.88185875507753],[76.25790077500085,10.879212417219321],[76.26072754563978,10.87975371286359],[76.26237148295763,10.877147470379498],[76.2591437522824,10.87468156440275],[76.2520467523558,10.876104972666383],[76.25134507161783,10.875222860047018],[76.24980137363457,10.868326340588169],[76.25061798772998,10.852324037924063],[76.25446574160077,10.85300401172583],[76.25732028240515,10.852564852086289],[76.25958195594256,10.850237305007681],[76.26173384024457,10.850786254781895],[76.26230474786587,10.847799966895025],[76.26487383306102,10.846526402771303],[76.2639871428924,10.843584402897932],[76.26741116679199,10.839374537904632],[76.26516590588193,10.833340399040253],[76.2675514952054,10.831880979223854],[76.26746729797748,10.829832178812069],[76.27058259810849,10.831010940902274],[76.27400662110875,10.827755312357851],[76.26971092481938,10.820824124933495],[76.264871814083,10.818819885929031],[76.25760761669818,10.81182980999779],[76.2527077108922,10.812035400413436],[76.2501035647278,10.814399691092945],[76.24969238389644,10.80874595286349],[76.253050361585,10.80867742272494],[76.24989797431215,10.802612502764816],[76.25229653006085,10.802029996587123],[76.2587383648837,10.794971391416652],[76.25836144912165,10.790242809158372],[76.26223340284935,10.785891143561457],[76.26353547638121,10.780477261716328],[76.2552090618488,10.778078705967573],[76.25130284215248,10.77958636991508],[76.25072033597479,10.77578294632599],[76.24818471994894,10.776536776950763],[76.2429209934092,10.7715526334473]]]}},{"type":"Feature","properties":{"blockName":"Taliparamba","districtName":"Kannur","state":"Kerala"},"geometry":{"type":"Polygon","coordinates":[[[75.49420517372982,12.27503934249171],[75.48900908610051,12.27512169431077],[75.4871296909825,12.276516388120854],[75.48564043525795,12.275958403757386],[75.48334271419498,12.278802317273176],[75.4804222800642,12.277334243280734],[75.47828047716234,12.278355215720694],[75.47412705362069,12.27599348271309],[75.47367317117994,12.271781259697434],[75.4692601790141,12.270440561183023],[75.46887100998919,12.268525890157775],[75.46393898219833,12.266674479243875],[75.45855227966405,12.26775867312432],[75.45465113214408,12.263688512414944],[75.45430024096339,12.25927927671728],[75.44465394002737,12.259686165983794],[75.43627870040177,12.25280189439195],[75.43256783323898,12.25154965229467],[75.42694797876624,12.25186105334501],[75.41411671261625,12.255611404342858],[75.41082847195645,12.259051580965718],[75.40722411060426,12.256547676833861],[75.40492436606672,12.258886406082809],[75.40171224042763,12.25682462575594],[75.39675288044111,12.257784440699425],[75.39151514071125,12.25620259077698],[75.38704487522085,12.256681604772268],[75.38299535844908,12.253314185101601],[75.38118171276591,12.24430323720469],[75.37579709575942,12.240918270861584],[75.37427429172521,12.230928810216483],[75.3797244000611,12.224622321562947],[75.38125160897465,12.224673055916867],[75.38059129075555,12.221368093262925],[75.3779958779075,12.219514333319864],[75.38008834310261,12.212210455148409],[75.3782930453878,12.20812430629178],[75.37702572076046,12.197419601333593],[75.37934515955152,12.186322139055505],[75.38215909866352,12.183288686223932],[75.38147473167356,12.179703579356726],[75.38756410869672,12.175952613222591],[75.3894300841311,12.176200521237092],[75.39098669907696,12.179189532271153],[75.39519228239794,12.180761983378886],[75.39756797558164,12.18087781336044],[75.40048549411034,12.177954622807647],[75.40370070532333,12.184832235819101],[75.40147877192783,12.192362823185817],[75.40447381471483,12.194874332884183],[75.41113189242293,12.193785056035551],[75.41217096012178,12.196277140377788],[75.41468164514185,12.196951535684889],[75.42111958230294,12.189858681632927],[75.42999659416756,12.188987875290252],[75.43077257419498,12.191825980084957],[75.4330769853147,12.192653956215167],[75.43714796800435,12.188451153597896],[75.4399969402067,12.188351697572841],[75.44498381674981,12.182447453187478],[75.43996168228585,12.178045389583133],[75.43975940767058,12.172338239718044],[75.44606914017874,12.174742535839414],[75.44973356455245,12.172640608877032],[75.45146369559313,12.173141542048597],[75.45319181664905,12.185156801145524],[75.45543058265531,12.187860536434641],[75.46001090358038,12.187460740121082],[75.4611308715925,12.185057908995361],[75.46265755440265,12.185458618120776],[75.4614371447085,12.178649973217716],[75.46328965639259,12.163467006896894],[75.45735367942882,12.162736169238883],[75.4561488405966,12.15707859180361],[75.4629201933123,12.152334675205168],[75.45893295459223,12.146402973618365],[75.45755817177229,12.135373127767707],[75.44978920290947,12.137745974597124],[75.44785892415007,12.142175059231647],[75.44123313390207,12.14831166685002],[75.43923984144556,12.146033239842211],[75.43994779765279,12.143881952690037],[75.43615364337597,12.14198277428568],[75.43390230844483,12.143247799346511],[75.43312913520151,12.14881604892156],[75.42869173003936,12.147169722105048],[75.42431762186084,12.14932000021787],[75.42611777321673,12.151914869875384],[75.4207548721397,12.152344667572379],[75.42037732595287,12.153952105905034],[75.41767483712408,12.154445944324948],[75.41183091026835,12.152403797097634],[75.40937944470568,12.153948720856818],[75.4044775549952,12.153885243109528],[75.40240448098206,12.151658688098053],[75.39805914031712,12.15188723191028],[75.3978094138734,12.149503192118686],[75.40525800015666,12.141884999992783],[75.4049379997889,12.13918499958811],[75.40097000026537,12.134915999673694],[75.39486700031188,12.13137099987182],[75.38578000034681,12.129006999673322],[75.38496399958899,12.134140999907288],[75.38259900024372,12.131409999871664],[75.3819659998311,12.127158999887968],[75.37812800000722,12.128419000436566],[75.37115500040301,12.126260999845329],[75.36853800022857,12.121926999631398],[75.36048899956774,12.117884000246477],[75.35788700008504,12.114346999914176],[75.35449200000585,12.113817999800915],[75.3423999999601,12.10321299998003],[75.33848600022878,12.103600999886282],[75.33246599960626,12.107533000447688],[75.33065000039727,12.11222099989925],[75.31526200034108,12.11022799972244],[75.3114319999869,12.10757299959431],[75.31204999970777,12.095542999709721],[75.31720700010305,12.092538999675128],[75.31159200017072,12.083355999779599],[75.30157499958659,12.07169699991664],[75.29855299962128,12.064143999645921],[75.30310099981136,12.062938999835012],[75.30725900000289,12.057837000177472],[75.31126400033338,12.058711000012693],[75.31567399955549,12.05188700008506],[75.32755999999404,12.05730299983361],[75.33158899963269,12.056911999789008],[75.33437300031375,12.053671999663095],[75.34039300003695,12.053245999803096],[75.3438949996546,12.050627000435782],[75.33525100033347,12.04466599983607],[75.33150500025562,12.037568999909467],[75.32840700038281,12.04091300033474],[75.32853700008252,12.04331400044083],[75.3203510002985,12.047189000172295],[75.31704699991917,12.04636599999094],[75.31389600030025,12.042792999797143],[75.31251499956761,12.03421499992237],[75.3041759999225,12.030002999938517],[75.30225400032191,12.024463999913735],[75.3021469998842,12.01758099996323],[75.30361900031664,12.01470500043547],[75.31066899987451,12.01161900021674],[75.32927700003358,12.009650000247348],[75.32941400005609,12.006042000238153],[75.33167299990907,12.003039000249714],[75.33602900023823,12.003278999626161],[75.338295000414,12.000836000281254],[75.33431200019868,11.993936999592904],[75.33437300031375,11.989404000094567],[75.34788500019266,11.987096999826747],[75.37674700017396,11.985165999811102],[75.37883000000454,11.98341800014066],[75.37940999977172,11.974745000381517],[75.38309499973451,11.966946999604374],[75.37977599956281,11.962563999828774],[75.3793640003484,11.95843500007527],[75.38391099959301,11.957408000378962],[75.39038799970649,11.965756999585892],[75.39513400003415,11.968280999968215],[75.40093200031163,11.969171999688058],[75.40164900010132,11.965834999585638],[75.39795699981573,11.960198000437401],[75.40162699998609,11.959635999701675],[75.40491499962758,11.9566610001051],[75.40338900030218,11.952553000420664],[75.40487699967383,11.946044999776973],[75.41329999959538,11.934454000351877],[75.40898100007314,11.921130000149446],[75.41019400025294,11.916578999821013],[75.41466499959012,11.914798000427425],[75.41929600001043,11.920765000404515],[75.42551399987127,11.922974999796452],[75.43309000030331,11.94319599969566],[75.4413760002023,11.947389999748736],[75.4508669999122,11.941293000071937],[75.4627839999817,11.929481000347948],[75.47032899988352,11.931523000086429],[75.47364800005522,11.935759000277699],[75.48029299982215,11.936540000320804],[75.48544299989459,11.939592999917068],[75.50492099970444,11.956450000267353],[75.50408900000741,11.96602500025358],[75.50882699996612,11.977118000095686],[75.50971999977821,11.988207999799386],[75.52699300042667,11.989017000234412],[75.54031399959149,11.991553000270812],[75.54599800000773,11.990373999860253],[75.54825599981461,11.979381000133117],[75.54795799956207,11.975409999571866],[75.54503599971167,11.971808999885468],[75.54660800025908,11.96798599985408],[75.5494459998331,11.965558000301542],[75.55299399977332,11.966520999744375],[75.55706799968851,11.97547800000973],[75.5630282511529,11.980251789388603],[75.56349793378268,11.982599170115634],[75.56026924892677,11.985484672779478],[75.55765348172287,11.994320146757389],[75.5553312289531,12.007388350991675],[75.56535993241499,12.009661665353633],[75.56386073558451,12.013706870775536],[75.5730590374447,12.019611395749337],[75.56901613608585,12.024042503858539],[75.57110381598835,12.0255828779475],[75.57449560638719,12.02538938161473],[75.58129629408876,12.033471203932947],[75.58211325262454,12.031608012799609],[75.58467889971149,12.031406820068753],[75.59350231917676,12.034796482671595],[75.59469569525021,12.03001755816382],[75.5991389612941,12.027994332672392],[75.60358338476544,12.029168972270327],[75.60647395960558,12.025582610848858],[75.60928294705042,12.02610457556574],[75.61136332985387,12.029771213170989],[75.61652367572714,12.028417166019437],[75.61869111200525,12.02414577660636],[75.61820356074577,12.021090383914157],[75.61622120494474,12.020833514155413],[75.61614419419925,12.019530015198086],[75.62632621138562,12.013485079972497],[75.63151304858837,12.013482688675197],[75.63511006337876,12.016672011104504],[75.63982455685789,12.014987145640305],[75.64719324287393,12.01678194782869],[75.6462508900666,12.01811687539356],[75.64797623221739,12.021601869730546],[75.64745119002043,12.027451518972498],[75.64436442357936,12.029435307393555],[75.63873049201862,12.03868830961784],[75.62980664166327,12.044287030921794],[75.62814638704617,12.049075866857834],[75.62923376092937,12.051925685322146],[75.62806070233961,12.059230166938676],[75.62987314472991,12.0641283100735],[75.62860703868392,12.066177561944983],[75.62969418773662,12.068403866944948],[75.62995999855514,12.087331156108007],[75.6282107182501,12.091101445975028],[75.62865235462255,12.099178690744054],[75.646055199388,12.100570174873724],[75.656445222569,12.107329711397085],[75.65546400016353,12.109420000232888],[75.65197000001552,12.111027999742419],[75.65132900013333,12.120191999661131],[75.64684300010441,12.125370000125429],[75.64768999959387,12.132503999959681],[75.64450800034399,12.1385900000285],[75.64141799994081,12.139203000418206],[75.64057199959814,12.14583699967784],[75.63885499955865,12.147811999923931],[75.63312499971903,12.147023999557973],[75.63060000018993,12.150455000397983],[75.62078900011232,12.1543209997144],[75.61496699962737,12.15124099977237],[75.61179399989322,12.154046999669333],[75.60119600039513,12.151882999700717],[75.59677099958202,12.14831299964527],[75.59502399995768,12.148396999921658],[75.59072100027402,12.15362800013213],[75.58624299971473,12.155760999570532],[75.58035299969123,12.156066000145813],[75.5738369995779,12.170761999766512],[75.56301899982702,12.173955000423007],[75.55862400039734,12.181604999770968],[75.55575600033922,12.181412999910094],[75.5544739996754,12.18970900027017],[75.55206300000748,12.193650000347304],[75.54715000007252,12.19722599978013],[75.54365499987841,12.19761999996308],[75.54117599977263,12.20063699969785],[75.53697999962736,12.20132399990274],[75.53620900004535,12.204327999937277],[75.54011500030708,12.208762000266177],[75.54115299961131,12.216287000144973],[75.52847300032875,12.224847000089028],[75.52648899966766,12.234079000445547],[75.52160600021682,12.235802999908572],[75.52304099984235,12.238381000083109],[75.52237699979878,12.241145999888033],[75.51973700036234,12.248946999904149],[75.51445000026735,12.255626000339703],[75.51413700022243,12.25850600005191],[75.50685900004288,12.264868000258048],[75.50689699999663,12.268324999599088],[75.49693300005794,12.270287000145004],[75.49420517372982,12.27503934249171]]]}},{"type":"Feature","properties":{"blockName":"Kannur","districtName":"Kannur","state":"Kerala"},"geometry":{"type":"Polygon","coordinates":[[[75.31066899987451,12.01161900021674],[75.31182104490534,12.00743350864957],[75.31817707541177,12.004473568200638],[75.31233086517733,12.000281641984259],[75.31237104958433,11.998146012928203],[75.30961844963178,12.0047055474231],[75.30527317731531,12.00244529301591],[75.30312008882112,11.999403741789308],[75.30508445368463,11.996976812429978],[75.29792277271787,12.002685986669007],[75.29639599188158,12.00236709066877],[75.29658244562341,11.997587351375216],[75.29440821676587,11.997531972022955],[75.2839832783057,12.008316234606582],[75.27378722540021,12.009029336734557],[75.26610002829375,12.0074129222686],[75.2644813511335,12.004885744581486],[75.25849908516471,12.0022398033243],[75.25589386341113,11.999202972639125],[75.29361762275516,11.94781095890869],[75.29488759048996,11.945438246078254],[75.2932253726529,11.943771825709234],[75.29475552684613,11.944710768287393],[75.29649278771205,11.942138891596642],[75.29358688932354,11.940124695298493],[75.29665649939801,11.94198937391053],[75.30061896449365,11.93827700757788],[75.31757253584391,11.916451787120309],[75.31978980265734,11.911687148343276],[75.31808415565934,11.908425696688596],[75.31859800129678,11.905125733365935],[75.3243857016389,11.903944055673662],[75.33036597560937,11.897965856439157],[75.35257087994222,11.868423870065612],[75.35312771587144,11.869164173987485],[75.35247899530947,11.86731928675573],[75.35506686554345,11.863774117881292],[75.3551871201895,11.85989500105353],[75.35990346807063,11.858929425052963],[75.36348282557202,11.855822694561766],[75.36464016401243,11.85231120889523],[75.36627189483215,11.852765748740353],[75.36654387499988,11.85080572310568],[75.36989981662327,11.853541426595598],[75.37341410637595,11.852321382026219],[75.37684241824309,11.853390478987478],[75.37426468426781,11.85315907623044],[75.3725697859669,11.855292647637611],[75.3744889041397,11.85804476195625],[75.37600277250999,11.858101073905459],[75.37599899445809,11.854728593749655],[75.37749657250885,11.858704050451593],[75.38417550909253,11.856652070936377],[75.39841768292979,11.840994598022348],[75.40455120767217,11.837883284585985],[75.41589469928101,11.824383757404519],[75.41750606225503,11.819624107166874],[75.42090644657532,11.817553267069684],[75.42864737187875,11.807732315094313],[75.43117698133267,11.807034847680143],[75.4322456969814,11.808354455293909],[75.43557742435871,11.805320493446061],[75.44610043568662,11.789614917594406],[75.44670134379203,11.782199200632647],[75.452842630583,11.779443595145835],[75.45439610689488,11.777131721451838],[75.45896797689068,11.776042151424178],[75.46297803410903,11.781685221895543],[75.463933245423,11.797192923514672],[75.46069698377886,11.804144486878613],[75.46625206637981,11.815130620281934],[75.4782259998301,11.817608999855509],[75.48464199982851,11.821423000371226],[75.49062299955182,11.82007900044556],[75.4995959996557,11.823286999995105],[75.50449399979829,11.822471000136602],[75.50495899965819,11.826826000419658],[75.50068699960542,11.834297999653018],[75.496254000222,11.834412999560357],[75.49310299970375,11.830153000060932],[75.49045599994452,11.833227999772419],[75.49041699994467,11.83833799979891],[75.49271399975134,11.843995999915535],[75.50054900043608,11.845779000300695],[75.50721700036434,11.850741999843478],[75.50535599997949,11.855361999756553],[75.50558499974801,11.859200999626466],[75.5067060001818,11.869123000326226],[75.5099870003998,11.877970000015523],[75.50968900014732,11.890265999576286],[75.51642599966021,11.895684000316407],[75.51993599964675,11.90068399976684],[75.51546500030958,11.911138999864988],[75.50983399963945,11.91345899983304],[75.50149499999429,11.913857000200437],[75.49523199985697,11.91238899995244],[75.48473399957447,11.904205000260617],[75.48023199970709,11.904217999960792],[75.4627839999817,11.929481000347948],[75.4508669999122,11.941293000071937],[75.4413760002023,11.947389999748736],[75.43309000030331,11.94319599969566],[75.42551399987127,11.922974999796452],[75.41929600001043,11.920765000404515],[75.41466499959012,11.914798000427425],[75.41019400025294,11.916578999821013],[75.40898100007314,11.921130000149446],[75.41329999959538,11.934454000351877],[75.40487699967383,11.946044999776973],[75.40338900030218,11.952553000420664],[75.40491499962758,11.9566610001051],[75.40162699998609,11.959635999701675],[75.39795699981573,11.960198000437401],[75.40164900010132,11.965834999585638],[75.40093200031163,11.969171999688058],[75.39513400003415,11.968280999968215],[75.39038799970649,11.965756999585892],[75.38391099959301,11.957408000378962],[75.3793640003484,11.95843500007527],[75.37977599956281,11.962563999828774],[75.38309499973451,11.966946999604374],[75.37940999977172,11.974745000381517],[75.37883000000454,11.98341800014066],[75.37674700017396,11.985165999811102],[75.34788500019266,11.987096999826747],[75.33437300031375,11.989404000094567],[75.33431200019868,11.993936999592904],[75.338295000414,12.000836000281254],[75.33602900023823,12.003278999626161],[75.33167299990907,12.003039000249714],[75.32941400005609,12.006042000238153],[75.32927700003358,12.009650000247348],[75.31066899987451,12.01161900021674]]]}},{"type":"Feature","properties":{"blockName":"Thiruvalla","districtName":"Pathanamthitta","state":"Kerala"},"geometry":{"type":"Polygon","coordinates":[[[76.71721600041815,9.385864000323409],[76.69557199964811,9.385072999819158],[76.6885529997212,9.389786000423612],[76.67385900019275,9.389336000356195],[76.65180999963184,9.382339999691283],[76.62906600029572,9.394018999577213],[76.62436700033686,9.392620999859332],[76.62508394976453,9.39705192810402],[76.6290914322239,9.398132677581032],[76.62896538774248,9.410485007077455],[76.62710623636377,9.419528677706353],[76.62991071910449,9.435158156523755],[76.62559370528533,9.429076524462062],[76.62048891593076,9.426839240538584],[76.61519506030385,9.432605761846503],[76.60964911661353,9.43191251854796],[76.60709672193622,9.430021855824009],[76.60429223829624,9.425925420521764],[76.61059444797547,9.41946565591536],[76.61072049155752,9.417417437364918],[76.60627743415631,9.411146739030812],[76.59984918089503,9.406073461021435],[76.59802153996213,9.405789861612845],[76.59517525403481,9.409678475281453],[76.59394799960057,9.414874999981294],[76.59130900021023,9.417309999856684],[76.58203100043039,9.4211190001418],[76.57808700021496,9.420289999683803],[76.56558200000933,9.411430000294331],[76.5608290002582,9.410378000344508],[76.55718200024916,9.410981000273011],[76.55361200019371,9.419856000354173],[76.54882000044273,9.421446999979139],[76.54465499992835,9.420732000281646],[76.54055799985184,9.41467699984372],[76.53649899972913,9.413733000377704],[76.53426400008357,9.416049000161252],[76.53105899977305,9.413949000446053],[76.5304569998907,9.411484000086602],[76.52757299999399,9.411850999923729],[76.52412400012258,9.40722599978011],[76.51579299994705,9.4075219999404],[76.51567800003971,9.400110999922731],[76.51237499970654,9.393357999671991],[76.5148090004351,9.386618000020746],[76.51239000039828,9.381180000156917],[76.51235200044454,9.376238999830036],[76.50945299985614,9.375745000431493],[76.5114359995718,9.370616999574906],[76.51759300021683,9.36654599979812],[76.52371200000886,9.365060999665445],[76.52339899996394,9.362478000159626],[76.51431300004498,9.362206000206811],[76.51250500030557,9.352625999989982],[76.49568199972458,9.346669999620815],[76.48977699990866,9.346487000174989],[76.47804999960783,9.333538000178635],[76.47644000000605,9.328381999829503],[76.48023999987618,9.325592999817161],[76.48886900030419,9.325813000069957],[76.4962390002297,9.322653000035984],[76.50148000000206,9.320657999766922],[76.50703399981927,9.32049799958304],[76.51613599957676,9.323757999731924],[76.5308839997968,9.323236999987614],[76.53451499996731,9.321715999993444],[76.53698000032682,9.318651999889937],[76.55001799993079,9.321418999787056],[76.5547179999358,9.323506999848234],[76.55486300032726,9.334363999598963],[76.55864700035886,9.336917000419305],[76.5599589997081,9.341906000261758],[76.55389399970835,9.343217999611056],[76.55138399997168,9.346685000312561],[76.55614500009176,9.34894600025774],[76.55930300003348,9.346161000429902],[76.5729519999349,9.353288999987399],[76.58093999958135,9.347307000217938],[76.59680900023523,9.349071999773003],[76.60521700036435,9.3446950002741],[76.62454999978274,9.339766999647338],[76.62877699955897,9.339731999831997],[76.63220200012228,9.342002000192224],[76.64198299971571,9.342035999961467],[76.64334100028697,9.33966799957858],[76.6422729995993,9.335254000172029],[76.64500399963492,9.330578000374487],[76.64920800014914,9.32835999971428],[76.65313699967288,9.328555999759658],[76.67341600044813,9.332407000182968],[76.68212099988432,9.328369000129328],[76.70240800012914,9.333598000247548],[76.70467400030492,9.341966000330672],[76.7046510001436,9.351502000317112],[76.70790900020023,9.353657999916834],[76.71205099965397,9.350979999627327],[76.7140730002688,9.357511999579174],[76.71288300025032,9.361255999564776],[76.71379900022373,9.365900999731423],[76.72242000028285,9.36611499970752],[76.72263300021285,9.370421000428848],[76.71797899963116,9.3740230001614],[76.71592700033085,9.377659999709294],[76.71721600041815,9.385864000323409]]]}},{"type":"Feature","properties":{"blockName":"Ernad","districtName":"Malappuram","state":"Kerala"},"geometry":{"type":"Polygon","coordinates":[[[75.99976636352693,11.255911589248512],[76.00235598474097,11.243665052400274],[76.00476083214676,11.242383737919226],[76.00907155970475,11.246749833138324],[76.01129329165212,11.246814401763288],[76.0217654849892,11.23728471142033],[76.028793551881,11.23583518864308],[76.02787116222441,11.233137995921822],[76.0242831937145,11.233527315133529],[76.01889995536868,11.228828119122454],[76.03419449158258,11.222506986808071],[76.03395752202209,11.220666958613322],[76.03029586396303,11.217493243918113],[76.02990957186933,11.214139509231018],[76.02605663430626,11.211747772142019],[76.02808831342497,11.210660058315113],[76.02945977684726,11.206845225926486],[76.0324270575627,11.206362132606387],[76.04529071999082,11.198667694158814],[76.04590542999165,11.195837643692357],[76.04472742243263,11.194079739788208],[76.04872696028104,11.188385446631116],[76.04440841041986,11.180326944632839],[76.04555262595301,11.172962605939574],[76.04343940980095,11.172708562750017],[76.03908618477965,11.16743964622276],[76.03709268997574,11.167814816400721],[76.03573850612719,11.170689523602675],[76.03362508672842,11.169066750030538],[76.03193012007904,11.169479271751015],[76.03042059723282,11.173207764726612],[76.02902193381527,11.173530015198082],[76.02560736808562,11.168057510146014],[76.02839422231557,11.162680351217261],[76.02636868826443,11.161934662154977],[76.02503803427794,11.158971401409076],[76.02694374715628,11.155894989762032],[76.02893951094973,11.15798628493917],[76.033349443622,11.148358156603706],[76.039218420194,11.142455909612579],[76.04117830823242,11.141528120426472],[76.04298762278063,11.142689311562549],[76.04381471757523,11.140720163205003],[76.05258117038477,11.134813666917239],[76.04794139078263,11.136361581821575],[76.04729265313347,11.132227820157823],[76.04542458227871,11.132584769171785],[76.04239480317767,11.127039792252674],[76.03688899982751,11.125472138128714],[76.03987879686906,11.119263793389393],[76.037461170097,11.117280317932398],[76.03883175937824,11.115401453414393],[76.03858195289484,11.110145239811004],[76.04154366860547,11.107601782596248],[76.0425298642619,11.10972046572698],[76.05012250035315,11.101471856940691],[76.04926556875108,11.095140647722758],[76.05059674524364,11.091197775257172],[76.05279602022023,11.089648770374481],[76.04957875135835,11.083888298806016],[76.04579634762342,11.080576967153377],[76.04459061756302,11.076556570429432],[76.03836926682828,11.067510063338773],[76.03660330319997,11.059775054675072],[76.04282531133913,11.053897185606672],[76.03811974363134,11.050344464225702],[76.03704142322317,11.048596246019997],[76.03805016488326,11.04629107047657],[76.04044221043972,11.044689407590113],[76.0451123079867,11.045877639541459],[76.04679768786303,11.044093147181059],[76.04318725248976,11.039579877009771],[76.05346699990218,11.034828999658657],[76.05658699989021,11.038668999574725],[76.05918900027223,11.046060999615463],[76.0616990000089,11.046858000396469],[76.06581099987778,11.045417999641018],[76.06493399990421,11.037323999602961],[76.07221200008377,11.038563000082434],[76.07299800035747,11.031043000434181],[76.07732400020251,11.027476999663861],[76.08005500023813,11.036008000069216],[76.08752400023246,11.03494899979654],[76.09156000019391,11.03114699983422],[76.10262299955184,11.029435000025273],[76.10242500031359,11.033000999896274],[76.09710699968832,11.041864000323415],[76.09694700040382,11.046512999775189],[76.10009800002274,11.053790999954742],[76.09905999981919,11.067927999877327],[76.1027599995744,11.068026999946142],[76.10414100030698,11.071010999957707],[76.107505999902,11.072490999859781],[76.10942800040198,11.065187000279877],[76.11666899977456,11.0689540004268],[76.11714200000335,11.061543999555965],[76.12142899984855,11.063603000078444],[76.12637300031378,11.071856000254229],[76.12603800015364,11.07524600010288],[76.1226120004435,11.07973300017784],[76.12565599962471,11.08201900037659],[76.12937200011777,11.080118999991896],[76.13248399973685,11.074421999875426],[76.1385960001054,11.07393499990036],[76.15769200028564,11.063879000215763],[76.17353799987887,11.050329000383101],[76.17970299999354,11.048007000322855],[76.18507400036486,11.049593999763317],[76.19762399994772,11.05948599997896],[76.19591500027713,11.068798000427421],[76.20543699961792,11.074570000405231],[76.20639000039824,11.078930000019511],[76.20327799987984,11.085151000018698],[76.20450599985207,11.087955999869564],[76.20840499979096,11.08605300024584],[76.21167000017044,11.08787699982372],[76.21602599960028,11.086253999622443],[76.22817200033762,11.078399999860153],[76.23786200023119,11.08542700015596],[76.24321699986473,11.08615699964588],[76.24349199995589,11.082593999913229],[76.24851200032862,11.085101000410873],[76.25065600027426,11.082396999821754],[76.25431800007573,11.081923000446182],[76.26097899968113,11.087466999802245],[76.26953899962518,11.089441000002182],[76.27281200037356,11.09167000027037],[76.27710699968833,11.089420999979211],[76.27970486948419,11.092479236327733],[76.27764532487191,11.099727710865238],[76.28134203220907,11.102553734167543],[76.28179439029896,11.104816912270735],[76.27836645524775,11.120015713854173],[76.28195850038452,11.120168482589463],[76.2851784213471,11.134013639917612],[76.28654491961242,11.135213098106021],[76.28306883755687,11.139310461508614],[76.27356800555907,11.138245344047448],[76.27501604445496,11.153434527381592],[76.27195055687275,11.154103373871635],[76.26922852127927,11.150936903215552],[76.26657319469723,11.151598602793342],[76.26186933660068,11.14742358293205],[76.25520523073686,11.147539710589228],[76.25009189332627,11.140083837998759],[76.23846906239737,11.13288204007415],[76.23769773456286,11.13428818405248],[76.23347583574127,11.131775304686585],[76.22972798216068,11.13363123289514],[76.22542396444447,11.132114573029185],[76.22209989929098,11.135455298123532],[76.21662058547167,11.13386384883762],[76.21386106163874,11.134963329394168],[76.20222291525539,11.133821167912629],[76.19917837917893,11.142307758895981],[76.20102218902286,11.144706252591561],[76.19981426461669,11.147535089872576],[76.2002330824908,11.153948708466146],[76.20340533129104,11.158478170930891],[76.20422105865498,11.16358894347502],[76.20602149419665,11.163316879670333],[76.20651449804569,11.170890030150815],[76.2082694539722,11.171461174293825],[76.20811624546843,11.173028330193347],[76.19957969444738,11.176210617226275],[76.19731464935165,11.179911728543459],[76.19478711103642,11.179595482845286],[76.19247890747567,11.183926979346666],[76.193171873783,11.186071310242824],[76.18745105692079,11.18772887678631],[76.17157767836721,11.176374597809513],[76.1706247864048,11.172840545454847],[76.167263831061,11.169342584692572],[76.16559341140686,11.168543446223111],[76.16290892700545,11.170660842424013],[76.16359968817511,11.172956064270977],[76.16187694236703,11.175944108533827],[76.16286341681331,11.178234177265495],[76.16048681891164,11.180809078376342],[76.16033638661503,11.184758158861996],[76.16293240380747,11.189043065085457],[76.16255801603967,11.19272198922846],[76.16781011884194,11.20455894873652],[76.16759393171463,11.207983395317513],[76.17455505846925,11.208524159462456],[76.17997338206601,11.212346970636247],[76.17924867868362,11.216606916176318],[76.18283651499326,11.221013013239997],[76.18308357314845,11.224200578394004],[76.17507207691489,11.229743346578232],[76.17339767866002,11.233881978070883],[76.1715454061956,11.233708782134613],[76.16848999911423,11.229344363251812],[76.1633815881898,11.230974425829118],[76.15985601554274,11.240898549828273],[76.15594785061285,11.240658443432494],[76.1499985187167,11.252987738593333],[76.14808592602475,11.262214500398898],[76.14900234418292,11.264065111815512],[76.155325517059,11.26611622978021],[76.15335649640525,11.27403437368747],[76.15205946807004,11.276852808510341],[76.14837972284602,11.279609213494439],[76.14434473821916,11.29169125264923],[76.14494711042084,11.29654757640958],[76.14217517774233,11.302882169776353],[76.14235093404841,11.30708347142513],[76.13811857431278,11.311361587767124],[76.14274580657377,11.315787407862615],[76.14774861550626,11.317325050710565],[76.14987986216596,11.32307633660372],[76.14198603232961,11.324635610844837],[76.13595672102593,11.328294972035394],[76.13140796450602,11.338614766258502],[76.11802700034582,11.336029999584866],[76.11747700016349,11.331033000272782],[76.11927799958005,11.32734900035615],[76.11926299978768,11.323040000395736],[76.11603500021516,11.317366000440643],[76.10817700026843,11.3137150002471],[76.09064500026659,11.309927000031053],[76.07163200031664,11.294017000184454],[76.0724110002675,11.284650999943722],[76.06308700016496,11.280209000145305],[76.05783800002376,11.273439000009887],[76.0456469999092,11.265380999833326],[76.03733799984889,11.267014999642583],[76.02738999974872,11.266302000037342],[76.01715099971892,11.269431999587141],[76.0081100000765,11.259582999555846],[75.99976636352693,11.255911589248512]]]}},{"type":"Feature","properties":{"blockName":"Chirayinkeezhu","districtName":"Thiruvananthapuram","state":"Kerala"},"geometry":{"type":"Polygon","coordinates":[[[76.93499000038827,8.760507000397808],[76.93189999998509,8.76500400003465],[76.91576399960894,8.778246000052889],[76.92265299983615,8.78407199982297],[76.91998299991559,8.791331000025707],[76.90226000009898,8.810216000368143],[76.89205900002287,8.810315000436958],[76.88690199962764,8.804811000227517],[76.8766325557479,8.809439779322418],[76.87015499985341,8.811059999719248],[76.86096200039606,8.816532000251641],[76.85888700003505,8.815558000301507],[76.85449499354917,8.817912298613749],[76.85400136467132,8.817361223741557],[76.85260726711175,8.81299170300474],[76.84512303889716,8.808264906800048],[76.84152439993119,8.80818624939593],[76.84054116484293,8.801441259406658],[76.8386336901927,8.800890647685264],[76.83920860429373,8.79851767764876],[76.83693547339345,8.79374410410719],[76.83040834237119,8.792380225567001],[76.82562838274373,8.793361235732505],[76.82530978711702,8.785266882260828],[76.82204554936266,8.782370444740309],[76.8257890367347,8.779042906405039],[76.82594443688629,8.776732468928344],[76.81996741756234,8.776509840856534],[76.81816371478368,8.774050246321849],[76.81543083156765,8.776318538869532],[76.81470069358221,8.773279191881272],[76.81604174103359,8.771554989171477],[76.8129046494301,8.767938951921167],[76.8007038386113,8.767305938918014],[76.79546503498341,8.76951787904693],[76.79559594119979,8.766740089983216],[76.79091168562587,8.763182103071642],[76.79475282588226,8.752255315930142],[76.81084167390418,8.732842070005574],[76.81269180058621,8.726710409557825],[76.81259479521367,8.720492861156686],[76.80687092695177,8.718192091391927],[76.8001605392775,8.720211509153899],[76.79798095135988,8.719633158743306],[76.79521542635092,8.717240293005148],[76.79175600603492,8.710556563035027],[76.7850979454139,8.705754027726243],[76.78322552363909,8.701782413827402],[76.77068184539092,8.695263086222496],[76.77066034260076,8.693392397441244],[76.76167243533467,8.696402700824024],[76.7581460793781,8.69554261440021],[76.75198616762759,8.697990910751969],[76.74965428941397,8.703103498127973],[76.74705473428861,8.70321751417697],[76.74387874880529,8.70683251540828],[76.74172606230798,8.705256136961225],[76.74228761697998,8.701777614145612],[76.73471942805924,8.697425422445349],[76.78526547112466,8.634933941847976],[76.78489871680239,8.632326316206559],[76.78576259117068,8.63325102701333],[76.79843607936164,8.617625519602086],[76.80969999985518,8.623849999977551],[76.81578099969346,8.619294000317893],[76.82032799983739,8.619681000178048],[76.82018999976873,8.625941000177079],[76.82215899973812,8.630070999976738],[76.83189399990823,8.628716999589926],[76.83501399989626,8.630717000089533],[76.83675400009707,8.634788999912473],[76.83602899993843,8.639097999872831],[76.82836900012933,8.639524999778985],[76.82400500033054,8.641952000184688],[76.82332599959528,8.645973000353706],[76.82565299988607,8.651192000010838],[76.84271199965912,8.666009999861672],[76.84563400040884,8.661922000200207],[76.85697199985799,8.67136000016393],[76.87056699996714,8.672060000068996],[76.87088000001205,8.666029999884643],[76.87271099991278,8.66194699955446],[76.87660999985167,8.658316000283207],[76.880127000161,8.659163999818759],[76.88028700034482,8.66997099996172],[76.88398700010003,8.673988999992389],[76.88198899969262,8.676583000005508],[76.88578000004702,8.686238000083677],[76.88715399955748,8.698427000105994],[76.88516999979572,8.704410999967706],[76.87590799985435,8.707594000162999],[76.87472500015866,8.711332999918056],[76.87132299975667,8.712605000120732],[76.87307699970381,8.717142999849614],[76.88118699958045,8.727179000410615],[76.88582600036966,8.721362000156205],[76.89044200009829,8.721692000085795],[76.89244099965248,8.718410999867785],[76.89781200002386,8.722295000014299],[76.89754500030159,8.726597999697958],[76.90683699982776,8.73078400028146],[76.9150920000958,8.744135999976493],[76.91918900017225,8.746144999991827],[76.92784099986233,8.747492000055786],[76.92832899988349,8.751944000315405],[76.9344560000444,8.756034000069121],[76.93499000038827,8.760507000397808]]]}},{"type":"Feature","properties":{"blockName":"Chengannur","districtName":"Alappuzha","state":"Kerala"},"geometry":{"type":"Polygon","coordinates":[[[76.4962390002297,9.322653000035984],[76.49268299992059,9.312111000422362],[76.49501799968101,9.307668999724626],[76.50227399974534,9.303934000154015],[76.51307699970386,9.302527000021087],[76.53183000025439,9.30398699990019],[76.5345919999209,9.295632999563338],[76.53689600005043,9.294869000304175],[76.53734600011785,9.286650999943731],[76.54186199973157,9.286958999758099],[76.5396730004087,9.281174000080114],[76.54289199956617,9.27890699985818],[76.54946100032498,9.282587999636519],[76.54688999957386,9.271809999931577],[76.54646299966777,9.261989000292203],[76.54769900000889,9.25818800037598],[76.55127700043329,9.257526000424605],[76.55570999981671,9.268521000243993],[76.56270599958225,9.268407000382808],[76.57034300012941,9.262196999991602],[76.5774230001714,9.266047000368815],[76.5787660000509,9.259772999724191],[76.58973699966288,9.244575000336056],[76.59561199989395,9.241712999655249],[76.59708400032639,9.237794999739492],[76.60075399959749,9.234603000028471],[76.60682699996613,9.235185999934004],[76.61935400028693,9.224857000250438],[76.62280999958188,9.223620999909258],[76.62984500024663,9.229077999749961],[76.62856299958281,9.23357100010162],[76.63458999962882,9.235818000300526],[76.64096100025,9.229905000115707],[76.65179399979331,9.232858999643156],[76.65907300001902,9.239347000263876],[76.65432000026783,9.251222000195185],[76.65686799995831,9.257634000009148],[76.66435199974507,9.266878000019744],[76.67807000013045,9.268600000289837],[76.68279300029678,9.279246000202818],[76.69298600000394,9.28203200007681],[76.69384800018514,9.294203000168352],[76.68759899979403,9.293682000424042],[76.68686700021192,9.289608999655684],[76.68536400014852,9.289219999703278],[76.6810000003498,9.293623000401169],[76.67616300032228,9.288262999637766],[76.66844200039804,9.28471000036626],[76.66423000041425,9.286123999922722],[76.65959899999393,9.285588000385985],[76.65574600037769,9.288205999707145],[76.65495299978119,9.304239999876131],[76.6475599996943,9.312287000444769],[76.63893899963517,9.325571999748036],[76.64500399963492,9.330578000374487],[76.6422729995993,9.335254000172029],[76.64334100028697,9.33966799957858],[76.64198299971571,9.342035999961467],[76.63220200012228,9.342002000192224],[76.62877699955897,9.339731999831997],[76.62454999978274,9.339766999647338],[76.60521700036435,9.3446950002741],[76.59680900023523,9.349071999773003],[76.58093999958135,9.347307000217938],[76.5729519999349,9.353288999987399],[76.55930300003348,9.346161000429902],[76.55614500009176,9.34894600025774],[76.55138399997168,9.346685000312561],[76.55389399970835,9.343217999611056],[76.5599589997081,9.341906000261758],[76.55864700035886,9.336917000419305],[76.55486300032726,9.334363999598963],[76.5547179999358,9.323506999848234],[76.55001799993079,9.321418999787056],[76.53698000032682,9.318651999889937],[76.53451499996731,9.321715999993444],[76.5308839997968,9.323236999987614],[76.51613599957676,9.323757999731924],[76.50703399981927,9.32049799958304],[76.50148000000206,9.320657999766922],[76.4962390002297,9.322653000035984]]]}},{"type":"Feature","properties":{"blockName":"Devikulam","districtName":"Idukki","state":"Kerala"},"geometry":{"type":"Polygon","coordinates":[[[77.20947300027882,10.082503000413169],[77.204978999881,10.090095999830567],[77.20410199990744,10.099919999608346],[77.20199599991554,10.101447999925313],[77.20233900044457,10.104597000351362],[77.2087710002815,10.115215999918519],[77.21208200008431,10.11544599973314],[77.21751399967138,10.112599999790234],[77.220222000445,10.115020999919238],[77.23297899968117,10.120310000106485],[77.23935699972583,10.12748700012503],[77.2447660000509,10.129171999588152],[77.25420400001462,10.123216000118362],[77.26763199961715,10.120518999852038],[77.26934100018707,10.125422000225171],[77.27413199989195,10.128208000099164],[77.27534500007175,10.13782600026974],[77.27187300003897,10.141327999887324],[77.27171299985514,10.145003000288284],[77.273888000331,10.150357999921823],[77.27339199994088,10.164477999959786],[77.27862500024361,10.188885999589274],[77.28361500013222,10.196256999560944],[77.28553799977891,10.203221999695586],[77.28385200026963,10.205949000446083],[77.28716300007244,10.206923000396216],[77.28804000004601,10.210636999897702],[77.29038999959886,10.212833999589463],[77.29323600044114,10.213187999726472],[77.2946170002744,10.216434000129027],[77.28895600001943,10.229726999801244],[77.28405799987684,10.233490999809817],[77.28031199979898,10.234244000360377],[77.27282699996613,10.232996000365176],[77.26961500023214,10.234656999620881],[77.26824199986845,10.232444000090595],[77.26525899990298,10.233471999833],[77.26056700026692,10.22970799982437],[77.25879699958193,10.254292000375585],[77.2592620003411,10.257668999624684],[77.2645030001134,10.262855999604767],[77.2457660003007,10.286297999653016],[77.23469499967456,10.305075000410966],[77.23096500033455,10.307031999826961],[77.22821799956108,10.314824000327405],[77.2320330001229,10.33105100040342],[77.23619100031448,10.337577000078568],[77.2358170001545,10.349344000425333],[77.21304300033427,10.350938000188592],[77.2062989995992,10.352370999721927],[77.20253000025934,10.355133000287765],[77.19489299971224,10.352106000091908],[77.17642999994462,10.35517200028761],[77.16168199972458,10.342915999873526],[77.14749100000972,10.33254099986732],[77.13272900004335,10.324297000106526],[77.12766300024731,10.319332999618268],[77.11283998577676,10.313158024223469],[77.10558300005545,10.312984000011625],[77.08675399959748,10.304464000113569],[77.08086399957398,10.298883999996633],[77.07407400031491,10.29509699982674],[77.06514000021087,10.294100999761383],[77.06440000025987,10.291475000071273],[77.06660500032058,10.288512000128776],[77.05938700020994,10.282897000196442],[77.04708100018809,10.280748000020253],[77.05581700015449,10.270563999828767],[77.05379506788813,10.263481343189483],[77.05875917539566,10.251688807492542],[77.06324359621505,10.250034698842342],[77.06583408167756,10.245606765339971],[77.06575611135548,10.238568852670483],[77.06332805604501,10.234300029023188],[77.05526104106423,10.230248943833715],[77.05262067740239,10.230174684114445],[77.04969275012036,10.232173838352026],[77.04049298236532,10.22865285944198],[77.0263965184846,10.22694582389073],[77.02176044049202,10.224254133221734],[77.02089690516812,10.221054846304185],[77.02432455333553,10.217445728437667],[77.02855137414667,10.215897986203174],[77.02579260574424,10.21447938931243],[77.02660167632638,10.212762487299017],[77.03206990869938,10.211149235748678],[77.0358011733855,10.206915686209982],[77.04086458313407,10.206135010822152],[77.04490691702068,10.201949770165811],[77.04919221624783,10.205680461983775],[77.05301077542703,10.204654798680053],[77.05933207231732,10.209967361104873],[77.06931109812871,10.209080471286768],[77.07082803318724,10.205854811750214],[77.07045963220634,10.200631567293044],[77.06850018753369,10.19661632997969],[77.06962147395194,10.195051236225595],[77.07173287797002,10.19409624254763],[77.07743964022728,10.195326911707639],[77.08536046051688,10.186181910866537],[77.09081550613075,10.183378423675379],[77.09044825268478,10.178258677695851],[77.08744464745257,10.173426917118604],[77.08338583888542,10.17145341064645],[77.07999618077918,10.173819970315435],[77.07614264876429,10.171688922405906],[77.07040535092625,10.17237355289717],[77.06451868828691,10.168919381024637],[77.0610788489098,10.176099776883234],[77.04734979046054,10.174854472156198],[77.0353584245517,10.171623199950773],[77.03220802028397,10.172227414863357],[77.02870152585479,10.178062900682392],[77.02459842028094,10.176762709431557],[77.01932300435323,10.17242191843684],[77.01059872704968,10.169775519424718],[77.00884612824626,10.170416003995456],[77.00404750049182,10.162395276221048],[76.99679284401458,10.161595801405156],[76.99415993393387,10.162194283139684],[76.99098873913908,10.165593537012171],[76.98757614832067,10.165890121731763],[76.98006748282813,10.160849492709985],[76.97240857839324,10.160934342845678],[76.96749281214363,10.16569857243121],[76.96253691364768,10.1668403472043],[76.95978143406597,10.170390261801174],[76.95053607158252,10.172097114790063],[76.93978352089283,10.177909366624021],[76.93565159924196,10.178679722291406],[76.93070731818824,10.176198468484586],[76.92784004208431,10.169657259475002],[76.92272904650832,10.166142738596534],[76.92012338408693,10.159857410091433],[76.91708809573908,10.156837449788497],[76.91357517565388,10.148077898376357],[76.91408938012086,10.143103653710682],[76.90378812092507,10.133591215961872],[76.90165106914156,10.127559474690031],[76.87823202968445,10.097231302782461],[76.87451555165143,10.088784540973847],[76.87510130078448,10.076253170847224],[76.85734825371901,10.080849085117222],[76.84675553773792,10.087073611358107],[76.83897062389525,10.089799398923162],[76.83008593901491,10.086688974916285],[76.82688737695094,10.082946244773439],[76.82869374621947,10.073144404290872],[76.83373552277624,10.065739237276034],[76.8327765145246,10.06326558813646],[76.82346679115955,10.06383452894039],[76.82119513065084,10.059667483367718],[76.81622375212453,10.059412025544589],[76.81565206479104,10.063869349790707],[76.8199172983447,10.06578881330313],[76.82097177772545,10.067536825564105],[76.81978842189818,10.06817100318932],[76.81505285820288,10.06584270427743],[76.8098916822554,10.067142020487893],[76.80640498280377,10.065420954613387],[76.80212927934281,10.067228017259254],[76.79132685045386,10.068538074972253],[76.77938100013313,10.061570000055497],[76.78285200011976,10.06017999980719],[76.78852099984431,10.05195199988492],[76.78743700021744,10.04759500040899],[76.79455600025926,10.041828999808558],[76.80506099996524,10.039260000049012],[76.8117219995707,10.035214999672519],[76.81734499987192,10.033697999862852],[76.82869699996661,10.025728000147126],[76.84050000017493,10.023898000292547],[76.84397899963119,10.023999999600335],[76.90489200006579,9.98687599992752],[76.92629200037555,9.978304000329388],[76.93323500039503,9.973133000187829],[76.94203199957718,9.969201999672578],[76.94848600042866,9.96348599957929],[76.96502699969636,9.954740000051004],[76.97500600032669,9.951265999926022],[76.98557999961736,9.949229000418086],[76.99610900043007,9.97580400015454],[76.9997179995861,9.98001400004614],[77.00833899964516,9.978909000350143],[77.02086599996596,9.971175999872571],[77.02360500037054,9.973372000417555],[77.0291899998187,9.97196200014622],[77.03185999973925,9.97524899974161],[77.04190099963148,9.975843000154384],[77.04657700032834,9.973946999954137],[77.04966699983225,9.97586100008516],[77.05480999958189,9.976504000059606],[77.05667900033563,9.9805090003901],[77.06138599976413,9.981197999787923],[77.06469699956693,9.988683999666875],[77.06222499978395,9.992409999721758],[77.0701829998456,10.010554000067089],[77.05915100011862,10.014812000373581],[77.07194500016169,10.03553900022473],[77.0796510002935,10.039826000069922],[77.09999100028449,10.042182999945567],[77.10478199998937,10.038374999706548],[77.11490600011189,10.035221999995372],[77.12091800036546,10.035925000038787],[77.14106799968852,10.043791000354418],[77.16104099984233,10.042538000128673],[77.16844200029811,10.058992999927057],[77.17185999963931,10.062550000282329],[77.1862260002298,10.073896000100376],[77.19364199957869,10.068605999867032],[77.20947300027882,10.082503000413169]]]}},{"type":"Feature","properties":{"blockName":"Kunnathur","districtName":"Kollam","state":"Kerala"},"geometry":{"type":"Polygon","coordinates":[[[76.7117839999317,9.084884999842927],[76.69729600001045,9.086674999651564],[76.67369799996277,9.092331999722035],[76.6603009999912,9.093421999625605],[76.65691400028095,9.09666699998212],[76.6563719995682,9.106667999828403],[76.64952100019406,9.116836000181308],[76.64901534378316,9.119583933551723],[76.64186251034664,9.120660726911069],[76.63623693438706,9.118215856076972],[76.64090520451163,9.126382945816317],[76.63973207577476,9.136531108024258],[76.63857426698888,9.138600382401762],[76.636625810233,9.1389116980165],[76.63465099974388,9.135113000364697],[76.62371800008572,9.133767000346836],[76.61417399973038,9.126952999981029],[76.60319499974952,9.128077999699997],[76.6041030002533,9.118764000058604],[76.60079999992013,9.111207999649537],[76.60035700017545,9.105983999761804],[76.60283700032738,9.097920000207864],[76.59749600044012,9.082798999874],[76.5910029995888,9.080153000160863],[76.58689900008886,9.07225900035263],[76.57697300010392,9.06843400022899],[76.577125999965,9.064526999921156],[76.57493291142475,9.06200670654431],[76.57348092090785,9.061583370476228],[76.57325779730957,9.063145239261416],[76.56774344500406,9.06273086583684],[76.56662782521403,9.05887400722969],[76.56810053790957,9.055302363213514],[76.56729695768848,9.052221969368418],[76.5698416307867,9.045994217259363],[76.56756481806195,9.044353572359512],[76.56401566878816,9.044387055018603],[76.56062326505167,9.040125922373477],[76.56341768887529,9.035707711441773],[76.5631533511463,9.032913287618157],[76.56703884236873,9.029542115975914],[76.57035119655052,9.0231380310953],[76.57035119655052,9.020888939073302],[76.57803023950402,9.015619638535554],[76.5851446332183,9.014242789972855],[76.59325823038307,9.01808597708623],[76.59758310697487,9.017216300292091],[76.60741115370183,9.017139886696441],[76.60488899962769,9.006679999682262],[76.60759000007852,9.004648000404927],[76.61218999996856,8.996384999767997],[76.63169900030869,9.000382999775695],[76.6317520000548,9.005077000403276],[76.63526900036413,9.012289000237217],[76.64240300019839,9.015331000225501],[76.64903999959637,9.01447100013661],[76.65074900016629,9.017559000447534],[76.64957399994017,9.022222999691735],[76.65196999981572,9.025130999795863],[76.66168199982451,9.026314000390869],[76.66604599962324,9.023348000310023],[76.68006100021506,9.026561000090112],[76.68029800035248,9.0409200003578],[76.6878430002543,9.044877000273402],[76.69253499989037,9.051787999716453],[76.6914140003559,9.056220999999198],[76.68774400018549,9.059642000378062],[76.70382699991615,9.06191700006957],[76.70737499985643,9.056545999698187],[76.71060899970564,9.057380000386729],[76.71446999969078,9.05602499995382],[76.71702599975015,9.063584999648072],[76.72421300022984,9.065994000123055],[76.71404299978468,9.079752999701213],[76.7117839999317,9.084884999842927]]]}},{"type":"Feature","properties":{"blockName":"Ponnani","districtName":"Malappuram","state":"Kerala"},"geometry":{"type":"Polygon","coordinates":[[[76.02916699985724,10.824732000281642],[76.02894599955829,10.831154999703529],[76.0225519996751,10.853195999895547],[76.01135300034076,10.858781000243027],[76.00001499999229,10.861569000209215],[75.98626700002211,10.857706000131827],[75.96928400015656,10.849872000392565],[75.96439400038287,10.846038999899974],[75.96196699997711,10.840916000173308],[75.96044199979849,10.823858000446421],[75.95788999992362,10.81664000033578],[75.95300360643137,10.816739751338503],[75.94530595110882,10.807706349168711],[75.94388407349123,10.804064032828876],[75.93180962551384,10.798106395693651],[75.92966206335359,10.798644172290778],[75.9217616693656,10.79480300415537],[75.91281367581053,10.793939146874152],[75.91447031335434,10.794585974363258],[75.913704973206,10.798755190000065],[75.91860889628362,10.80153108239358],[75.92043759122191,10.804310761832255],[75.91826341362571,10.806974166124917],[75.91662688672147,10.812962043863308],[75.91335557130265,10.814035732762932],[75.9129191752798,10.824569749993998],[75.91116759990484,10.825853666213789],[75.90844200929138,10.824781191398927],[75.91041082489971,10.818786574141143],[75.90890123010774,10.8170886810978],[75.90965590249795,10.813326181158402],[75.91314328453501,10.809155503223963],[75.91456278524441,10.804453481542964],[75.91108831927056,10.80243252594039],[75.90977874719147,10.798356632952277],[75.91155217789077,10.79236357601826],[75.91065409511043,10.787858263048463],[75.91162895121516,10.785848134383968],[75.91002819484538,10.784675071297556],[75.91284591650589,10.784742923347267],[75.91842696882958,10.774565181537923],[75.93517229316683,10.732339360273329],[75.95623443167375,10.685777234731631],[75.96108199963464,10.686481000098127],[75.96287499958163,10.689187999926332],[75.9725420002132,10.69379900032368],[75.97389200041556,10.69173699966285],[75.98033099967597,10.691720999824327],[75.98074299978964,10.686464000213505],[75.98339799991783,10.685834999985332],[75.98407000033029,10.692901000280983],[75.99346900029417,10.694015000392028],[75.99507100042638,10.69580700029286],[75.99575799973195,10.693261999841468],[76.00002300036124,10.693169000049352],[76.00370800032402,10.691154999803473],[76.00468400036635,10.688572000297597],[76.01037600025228,10.686841999658611],[76.01822699987622,10.692851999819993],[76.03467600029722,10.698215999868523],[76.03961899981704,10.704575999982467],[76.04182399987775,10.702908999550743],[76.04681399976636,10.702440000405716],[76.04955300017087,10.704444000190506],[76.05093400000413,10.702547999990259],[76.0533140000411,10.703633999709382],[76.0556030003782,10.712810000181435],[76.06328600034868,10.72008200008429],[76.0686949997745,10.721849999777703],[76.06835200014473,10.725179000410606],[76.07009899976907,10.727241000172057],[76.07086199988146,10.730968000273037],[76.0681459996382,10.735162000326113],[76.06763500035504,10.739466000055927],[76.06399499976948,10.74469400012805],[76.05956999985568,10.74206200016124],[76.05388600033871,10.743335000410013],[76.04853800012864,10.742713999651414],[76.04641000002152,10.753274000095075],[76.040833000043,10.753054999888377],[76.04225199983,10.760796999881677],[76.04022199974554,10.761718000085693],[76.04337300026378,10.793036000011455],[76.0443650001447,10.794470999636985],[76.04906500014971,10.793777000008618],[76.05000300023835,10.796982000319133],[76.04716499976496,10.800892999912037],[76.04839299973719,10.80289599965073],[76.0353319999719,10.806595000259108],[76.03668200017421,10.812839999566393],[76.03151700030935,10.816122999876598],[76.02706099986528,10.821404999740992],[76.02916699985724,10.824732000281642]]]}},{"type":"Feature","properties":{"blockName":"Chavakkad","districtName":"Thrissur","state":"Kerala"},"geometry":{"type":"Polygon","coordinates":[[[76.1232829999106,10.400219000206732],[76.10714000011097,10.434734000074116],[76.09741999973323,10.446917999865832],[76.09608500022262,10.46883799987387],[76.09460400027444,10.475612000193678],[76.08830300018337,10.48727000001054],[76.08608200028414,10.503453999902206],[76.088057999677,10.5060320000768],[76.10679600043511,10.503413999856264],[76.12477899965114,10.504526999921154],[76.13250699989817,10.50760799990934],[76.13605499983845,10.511101000011195],[76.13526899956474,10.520971000111615],[76.1313860003637,10.521666999832235],[76.13098900004235,10.525397000071564],[76.1284940000981,10.526608000159115],[76.12197900003088,10.542456999890703],[76.12709000010346,10.544625000043766],[76.1257100003163,10.548127999707447],[76.11753800027856,10.550612000043827],[76.11710400004961,10.56117100044139],[76.11385300031577,10.562898000042708],[76.11351800015564,10.566111999868951],[76.11914799988034,10.567591999771025],[76.11777500041597,10.575741999693605],[76.11924699994915,10.583311999848945],[76.11543999975623,10.589230000264365],[76.11135900041756,10.586827000066023],[76.11043500007526,10.584476999613912],[76.10828399980682,10.584653999682416],[76.10637699999859,10.590108000284033],[76.10278299973572,10.591606000116883],[76.09716000033382,10.590986000303701],[76.09000400038434,10.586869000204217],[76.084350999599,10.576496000290206],[76.08064999979769,10.580403999744817],[76.07645425595922,10.577085202819887],[76.07434269725775,10.582875603826096],[76.06919100016461,10.597004999980811],[76.06345400000214,10.60017200033758],[76.06056199973654,10.604424000367374],[76.0554889996177,10.615047000119034],[76.05235299979114,10.6151090002802],[76.04529599991054,10.62527799977994],[76.04251100008264,10.624308000014253],[76.03789500035401,10.636592999967036],[76.03019699969184,10.649115000057236],[76.03310399974987,10.64962500019368],[76.03328700009502,10.652264999630063],[76.02777899970113,10.657379999887155],[76.03388199965462,10.658575000136182],[76.03557600043212,10.66293199961217],[76.02533700040232,10.678325999945002],[76.01031500013721,10.684318000175608],[76.01037600025228,10.686841999658611],[76.00468400036635,10.688572000297597],[76.00370800032402,10.691154999803473],[76.00002300036124,10.693169000049352],[75.99575799973195,10.693261999841468],[75.99507100042638,10.69580700029286],[75.99346900029417,10.694015000392028],[75.98407000033029,10.692901000280983],[75.98339799991783,10.685834999985332],[75.98074299978964,10.686464000213505],[75.98033099967597,10.691720999824327],[75.97389200041556,10.69173699966285],[75.9725420002132,10.69379900032368],[75.96287499958163,10.689187999926332],[75.96108199963464,10.686481000098127],[75.95623443167375,10.685777234731631],[75.98210985058921,10.628756899411428],[75.99375330656989,10.59944898678134],[76.01583987451068,10.555724421944547],[76.03022402881595,10.521237504307408],[76.03511608264114,10.51148580552558],[76.04259921008554,10.501304377395172],[76.06681067637169,10.454129585112298],[76.08935358100302,10.401205495337365],[76.11162868731412,10.343730688520509],[76.11711899984203,10.346241000321982],[76.12148999996356,10.354436999667826],[76.13189699964687,10.363366999587413],[76.13398699980024,10.366747999920335],[76.13417100019154,10.370247000298889],[76.13191999980819,10.373580000216862],[76.1232829999106,10.400219000206732]]]}},{"type":"Feature","properties":{"blockName":"Talappilly","districtName":"Thrissur","state":"Kerala"},"geometry":{"type":"Polygon","coordinates":[[[76.2429209934092,10.7715526334473],[76.24239299963727,10.772373000413666],[76.23281100022751,10.77279700018147],[76.22366300014738,10.781026000149836],[76.22080999988162,10.781718999732107],[76.21278400028143,10.778066000345689],[76.19201700038434,10.783390000348277],[76.18980399995468,10.780871000196555],[76.20411699989967,10.767929999669775],[76.20313999981119,10.753301999587677],[76.19634200018322,10.75188299980067],[76.19104799976543,10.747821000438876],[76.18963600030122,10.742145000391531],[76.18747699966389,10.738132999738184],[76.18113699957291,10.733213000379692],[76.18006899978457,10.727305999572252],[76.17162299970175,10.718144999791946],[76.17067700014348,10.712121999930389],[76.16340600028673,10.704508000443923],[76.16162928886064,10.705790293387395],[76.16125886440511,10.704729323599452],[76.16166064192515,10.70265328272285],[76.16458238367011,10.70119027641016],[76.16595943008366,10.703695554706144],[76.16776974557735,10.703887419668717],[76.16868201606223,10.701072704441799],[76.16770412114835,10.699942378038372],[76.17096499633755,10.698849850140505],[76.17369951631969,10.700187002628127],[76.17436073386085,10.704230806906253],[76.18234790073507,10.707348078351174],[76.18531968885259,10.706812654380542],[76.18827522622075,10.70547380667091],[76.18932214590035,10.702759410818203],[76.1917411837087,10.702528662767634],[76.19196587662395,10.698887141428486],[76.190650267396,10.697378201342985],[76.19235300688581,10.696432663136932],[76.19172839624855,10.694535752822787],[76.19429451368092,10.693154397757326],[76.19190070905051,10.687829464258414],[76.18888575167614,10.686970088299006],[76.18825381066489,10.682787740761682],[76.18511853209463,10.681437087651545],[76.18505528367444,10.67679212705508],[76.18249171312215,10.669419657591163],[76.18520198378457,10.663686974174595],[76.1811767523053,10.6569080869387],[76.1819679659489,10.651529123070645],[76.18013096757016,10.648447480966524],[76.18380913538334,10.645407454090787],[76.18069459787745,10.638628308749503],[76.18182594231342,10.631424297593298],[76.1774060001868,10.626507999844364],[76.18134300007944,10.624606000266738],[76.18408999995358,10.627009999611857],[76.18640100040591,10.623907000407769],[76.19145999987916,10.625730999985706],[76.18950699974829,10.616441999698566],[76.20163699974779,10.615725999954975],[76.22001600013834,10.610978000434443],[76.21995500002328,10.60770899987051],[76.22180900008533,10.605008000319003],[76.22767599994751,10.605340000340789],[76.22875999957438,10.600459000082822],[76.2331699996958,10.602859000142814],[76.23532900033314,10.606008999715641],[76.23810599979214,10.603477999909842],[76.24510199955768,10.611438000063686],[76.2531199996883,10.615491999955907],[76.25818600038366,10.603373999610426],[76.26103200032662,10.600384000221482],[76.26578500007776,10.599626000339697],[76.26716599991101,10.59612299977664],[76.27210200000735,10.59714300004947],[76.27589400040785,10.603100999611513],[76.28000600027673,10.60073800035849],[76.28575900027772,10.602386999960117],[76.29526499977999,10.597427999702461],[76.30355800000177,10.59563000042425],[76.31314100035695,10.597671000116634],[76.32446299996752,10.597814000415838],[76.33668499971304,10.609026000349672],[76.34589399990824,10.621394999679524],[76.35692599963522,10.620103000353254],[76.3635860000939,10.618878999666151],[76.36915599974964,10.616053999792314],[76.37563299986311,10.60949500039402],[76.38096600028075,10.608332999868082],[76.37862400019753,10.60248700007503],[76.38423199980701,10.59713499968052],[76.38744400044033,10.600683999666899],[76.39109799987284,10.599926999831212],[76.40550999988665,10.587608000109185],[76.40413700042228,10.594037999853867],[76.40566299974768,10.598509000090303],[76.41098799979642,10.59562500019365],[76.41586299977769,10.595324999848913],[76.41738099963351,10.598991999880923],[76.4155430003093,10.601809000285186],[76.41682400002765,10.603812000023822],[76.42240100000618,10.604772000227683],[76.42582699971632,10.60722900021824],[76.43016099993025,10.61519199961117],[76.42773400042381,10.61973100028547],[76.4272309997109,10.625699000308657],[76.4220659998461,10.626000999846326],[76.41998300001552,10.628186999930165],[76.42578899976257,10.642687000404806],[76.425568000363,10.647103999949707],[76.4303359999065,10.650246000052903],[76.4374850004325,10.650396999821737],[76.43801899987699,10.654757000335337],[76.44150499965605,10.657900999631465],[76.44321400022596,10.663058000026751],[76.45271300030475,10.659186000433635],[76.45380400025448,10.66778999970876],[76.45254499975198,10.676858999743104],[76.44484699998912,10.696388000106197],[76.45101200010379,10.699984999608091],[76.45948000030182,10.698408999775552],[76.46321900005688,10.704596000005438],[76.46727800017965,10.71950100027101],[76.46956599957127,10.722878000419428],[76.47782099983931,10.727786000123842],[76.47997999957738,10.732254000221985],[76.4766919999359,10.737312999695234],[76.47118400044133,10.73973900005484],[76.4703750000063,10.741750000162426],[76.47522699982625,10.74770200034709],[76.47088600018884,10.75144400024044],[76.46228800029104,10.751585000447449],[76.44055900009783,10.748094000437845],[76.41024799984535,10.747606999563402],[76.40326699987219,10.745390999894767],[76.39607199992292,10.747647999655499],[76.39296000030384,10.7516160000784],[76.38806200016126,10.764137000122503],[76.38349900017874,10.768453000405714],[76.37914299984965,10.768235000245113],[76.36524200001833,10.763512000078777],[76.36138900040208,10.758243999960655],[76.35885599960477,10.746547000144005],[76.35658300000551,10.744029000038381],[76.33998900009232,10.747974000299905],[76.3255230002863,10.744455999944478],[76.31867200001284,10.745851999570164],[76.29773699956291,10.754796000135343],[76.28816199957669,10.756944000265435],[76.28043400022898,10.754380999883267],[76.2681729995843,10.754582000159246],[76.25195299983113,10.747049999957596],[76.24720000008,10.748724999858894],[76.2452999996953,10.751656000124342],[76.2452770004333,10.767891999716085],[76.2429209934092,10.7715526334473]]]}},{"type":"Feature","properties":{"blockName":"Mananthavady","districtName":"Wayanad","state":"Kerala"},"geometry":{"type":"Polygon","coordinates":[[[75.9306029997287,11.938847999735458],[75.9254460002328,11.926570000105471],[75.9248659995663,11.920702000197196],[75.93453200015176,11.909607000262895],[75.93712600016482,11.893703999839772],[75.93574500033156,11.887749000416079],[75.92925300042566,11.879455000148198],[75.9134520002097,11.872805000150663],[75.91886099963546,11.867780000446714],[75.93059500025913,11.860639000289666],[75.92800899971564,11.851644000070621],[75.92864200012826,11.84306600019579],[75.92684900018128,11.839820999839333],[75.92456800021307,11.839452999956052],[75.92350000042472,11.8429829999655],[75.92114999997256,11.845032000026833],[75.91767899998592,11.843304000379362],[75.91395600006939,11.843759999824158],[75.90123699988771,11.840807000342863],[75.89594999979272,11.842270000360259],[75.89204400043036,11.841760000223871],[75.88763400030894,11.844071999822972],[75.88068399996666,11.843550000032508],[75.87570999991664,11.846621999605645],[75.8675919996711,11.845606999563415],[75.86389900023875,11.848590999575038],[75.86002299956186,11.84704300013442],[75.85627700038333,11.846935999696655],[75.85041799999078,11.848922999596823],[75.84488700033484,11.854067000291877],[75.8416290002782,11.854233999899236],[75.83402999968479,11.849643999570958],[75.82965899956326,11.849483000240298],[75.82460000009002,11.850473000028956],[75.81701700023444,11.855022000265137],[75.80760999990162,11.854534000243973],[75.80332491920973,11.847673109226662],[75.80042300032125,11.845798000277512],[75.7922520003296,11.845525000278599],[75.79083999996607,11.840713999651427],[75.78993999983118,11.835391999741034],[75.79678299973568,11.828502000367052],[75.79817199993789,11.823542000063298],[75.79675300015089,11.814262000191206],[75.7828290001583,11.807870000400271],[75.77723700038729,11.797687000254882],[75.78850600025174,11.792796000435146],[75.79264799970548,11.78904800026504],[75.79397599979262,11.780068999884463],[75.79021499992234,11.773983999861741],[75.78920700020296,11.76492200015025],[75.78570599973216,11.761476000417133],[75.78543900000989,11.75890000033479],[75.79875199970508,11.747780000146918],[75.79557799992483,11.742198999983884],[75.80275700003557,11.742428999798562],[75.81816900029918,11.734829000058369],[75.82104499982694,11.732201000276007],[75.82482899985854,11.72415099956902],[75.83023800018361,11.722913000034964],[75.83599899965418,11.717195999895523],[75.84455899959823,11.712220999799342],[75.84561899991695,11.705136999572915],[75.8498380002236,11.702594000113038],[75.85084499989688,11.699415000102249],[75.85874199984346,11.70089099981982],[75.8698810000082,11.69948399968689],[75.87673200028166,11.700679999982071],[75.87903600041113,11.69828800029103],[75.88602399980778,11.697359999764217],[75.89643899986004,11.698571999897922],[75.90404499987687,11.69604500027657],[75.9067460003277,11.693020000172908],[75.91617599992253,11.687880999708398],[75.91920500021064,11.689092999842103],[75.9287949999893,11.687362000056282],[75.94777700030835,11.693229999964558],[75.95148500043246,11.693080000241878],[75.95336900007936,11.690577999974778],[75.95754200006331,11.691323000156387],[75.97315199956518,11.705041999688603],[75.9768829998506,11.700054999938345],[75.97987400018502,11.705740000400738],[75.99383500008526,11.711732999778178],[75.99695600011938,11.710538000428414],[76.00295299968127,11.711214000126063],[76.00487500018119,11.712928000027205],[76.00530200008728,11.719309000210217],[76.01567800013964,11.721854999808443],[76.0189509999887,11.724545999798124],[76.02262100015906,11.72293099996574],[76.02815199981501,11.725210999887793],[76.03192900042308,11.722381999829452],[76.02526899996445,11.715858000246556],[76.02257499983642,11.710753999597443],[76.0232090002952,11.706106000191824],[76.01674699997415,11.708533999744361],[76.01492300039621,11.70411700019946],[76.01648699967535,11.699345999618231],[76.02050799984437,11.699965000284578],[76.02398700019995,11.693351000148596],[76.02690900005035,11.69937500005625],[76.03168499996286,11.695514000071114],[76.0409390004346,11.69243500017518],[76.04214500029161,11.687206000056904],[76.0463869998602,11.684900999881279],[76.04650099972145,11.681278000079715],[76.0562820002142,11.68159600035517],[76.0604859998291,11.68439700002159],[76.06318700027987,11.692891999666074],[76.06604800001526,11.69488799998129],[76.06642200017524,11.702293999768301],[76.07680499965107,11.705992000330582],[76.07797200040756,11.709208000249077],[76.08229800025259,11.711715999893556],[76.08255000018244,11.715569999555896],[76.08657100035146,11.719112000118741],[76.08512900040313,11.72314099975739],[76.08586900035414,11.735653000285765],[76.09060700031284,11.742870000350308],[76.09689299971222,11.740611999644102],[76.11525700031035,11.742678999636155],[76.11927000011048,11.739620999809347],[76.12384000041573,11.748392999637247],[76.1236269995864,11.752472999829138],[76.11681400016602,11.755360999910295],[76.11455500031309,11.759446000332673],[76.11651599991353,11.772362999752659],[76.11921700036436,11.77907199977301],[76.1023410000372,11.784920999704411],[76.09761000040123,11.78465399998214],[76.0865629999825,11.790372000167736],[76.08085600030421,11.790505000005794],[76.07757600013235,11.802520000097957],[76.088958999858,11.811837999923796],[76.09200299993853,11.817345000271587],[76.0894849998329,11.830321999760542],[76.09223199970705,11.83416499981496],[76.11464700005905,11.842132000291656],[76.12287900016577,11.849394999779463],[76.11438000033678,11.857514000071092],[76.11563099957101,11.86492500008876],[76.11370099960152,11.88267000002054],[76.11479899987398,11.934398999614189],[76.11396800022311,11.97694200007328],[76.09729800040247,11.96786299957779],[76.07875799978194,11.967522000040333],[76.05363499955564,11.950663999643893],[76.04779800017764,11.949480999948264],[76.04435000035227,11.94518299959583],[76.03540799987934,11.938948999896468],[76.02422300029127,11.941164000418325],[76.00969700041628,11.938055000038275],[76.00390599956228,11.929747000024065],[75.98902899968863,11.931524000132526],[75.98188800043096,11.931043999580993],[75.97824899989149,11.933617999571084],[75.97350299956383,11.933029000288172],[75.96442399996766,11.934651000443353],[75.95389600010037,11.939933000307747],[75.93656200023617,11.937103000203365],[75.9306029997287,11.938847999735458]]]}},{"type":"Feature","properties":{"blockName":"Kasaragod","districtName":"Kasaragod","state":"Kerala"},"geometry":{"type":"Polygon","coordinates":[[[75.14815728832826,12.633415683986698],[75.14559311343152,12.63189118742838],[75.14555736987677,12.629244002408825],[75.14966221384014,12.625842856362794],[75.15229836327887,12.619851899345747],[75.15542098029408,12.619493419685625],[75.15620588609283,12.618018562107011],[75.15589560469846,12.607344156207887],[75.15458789781331,12.60517078080693],[75.14889349943553,12.603416258353661],[75.14649600758474,12.600975495622663],[75.14222228173298,12.59982484544031],[75.14067856036735,12.602093765714756],[75.13518341128548,12.601910171817053],[75.13001252985441,12.610415563127788],[75.12955050675055,12.614305106695383],[75.11334699336908,12.614171030368823],[75.11335052140947,12.621432910200667],[75.11076672510433,12.620563378197403],[75.10854618116139,12.627277221966267],[75.10534809483875,12.627879147204908],[75.10077645506942,12.625656380137855],[75.09565767676042,12.62581215170951],[75.09239859032272,12.629707148765931],[75.0818682791978,12.627707011569385],[75.07603160627366,12.625872968362842],[75.06084248139547,12.617364569719143],[75.05939730324303,12.618409239295033],[75.05860991801336,12.624654271877205],[75.05540867417102,12.625420255940128],[75.05237733384695,12.62231330781293],[75.04838379897319,12.620992651589631],[75.04969729209643,12.615789456618188],[75.04352434827013,12.60890015062148],[75.029859068841,12.612189625151132],[75.01525402395407,12.601610645415008],[75.00404468421488,12.583721041692797],[75.00209676615287,12.576760128976844],[74.9919427637476,12.567515825894702],[74.99012752716368,12.561397982630865],[74.98798894923067,12.559620475304769],[74.98403625167174,12.560180512820466],[74.98326758403181,12.562537155665268],[74.98092331765702,12.56312651467698],[74.97876643312446,12.566564092259114],[74.97697520124461,12.566544096732741],[74.96383649016195,12.561676375864124],[74.95755942462779,12.554447576694372],[74.95337020357209,12.551897064298146],[74.9806392874732,12.485022234988207],[74.98480742572218,12.48083831633528],[74.98441207026087,12.479423752004607],[74.98891207273402,12.472069277075548],[74.99814296602511,12.449784772849057],[75.0040306170194,12.44107602144129],[75.00294109105857,12.443887854341028],[75.00401557675752,12.445308588920284],[75.00994305243,12.446646193766867],[75.01108787410618,12.448228040092033],[75.01536573054409,12.44449010963092],[75.0217820003391,12.441610000201422],[75.02583300009292,12.442422999921575],[75.03015899993795,12.451800999816328],[75.03049500014419,12.455881000008219],[75.02394900044607,12.461246000102847],[75.02165199974007,12.469895999700668],[75.02568100027798,12.47370299989359],[75.02726000024887,12.478395999575753],[75.0318299996548,12.469206000256747],[75.03507199987297,12.466458000336502],[75.04080199971258,12.466221000199027],[75.04639400038286,12.463623000001519],[75.05322999996457,12.457973000253787],[75.06142400011754,12.453789999808691],[75.07125100003367,12.458157999791922],[75.08501399979633,12.472197999737944],[75.09083600028123,12.465520000247864],[75.0917819998395,12.461020999619507],[75.08734899955675,12.45808399997668],[75.0829699999656,12.458307000367824],[75.08741800004071,12.448946000357694],[75.08601400004613,12.44493299965825],[75.09176600000097,12.445898000092654],[75.09729799970296,12.438534999590615],[75.10591899976208,12.440099999815175],[75.10917699981877,12.438510000236363],[75.11479199975105,12.438444999936848],[75.11834700001407,12.43241699984469],[75.13202700044576,12.431054999988305],[75.13143900030968,12.426800999866316],[75.13449900022874,12.423146000387646],[75.14466899977458,12.42176100036994],[75.14649200020568,12.417883999646904],[75.15186299967775,12.417009999811683],[75.15802799979241,12.42303299967324],[75.16143799966403,12.419602999778647],[75.16783899987001,12.426251999730027],[75.17327899982604,12.425896000400144],[75.18222000025287,12.429815000361998],[75.1851499995729,12.43391799981589],[75.18727899972612,12.430961000150091],[75.1928939996584,12.431182000448985],[75.1952900004332,12.426038999800028],[75.20030999990661,12.424765999551312],[75.2097780003545,12.42827300029876],[75.21035800012169,12.432236999637894],[75.21452299973669,12.433792000300627],[75.21919999958038,12.433452999956046],[75.22394599990804,12.442075000061266],[75.22414400004561,12.453913000084924],[75.22249599959076,12.462332999868124],[75.2234420000483,12.467264999779957],[75.23146799964854,12.472459000082836],[75.23626699972232,12.471825999670216],[75.2336430001244,12.468290000283332],[75.2356110000477,12.462400000259834],[75.24399600001544,12.463222000395035],[75.2483749996066,12.467021000219006],[75.2485660003207,12.458738999605202],[75.25700400003461,12.455299000148784],[75.26013899981507,12.458307000367824],[75.25749200005583,12.460987999896304],[75.26086399997365,12.46398799974645],[75.2652970002564,12.462956999865696],[75.26630399992973,12.459384999717997],[75.26979800007769,12.458018999677165],[75.27394899994647,12.45778799981639],[75.27275799988183,12.460620000013023],[75.27554299970973,12.463176000072394],[75.27904500022663,12.471295000364023],[75.28998600025375,12.467075000011278],[75.29235799992182,12.469294999864417],[75.29663100002068,12.482237999584072],[75.30719000041825,12.493202999818664],[75.31591800001576,12.496832999943024],[75.30902100031898,12.502212999830135],[75.30597700023844,12.502305999622251],[75.30629000028335,12.522079999592336],[75.30166600018583,12.521673999755308],[75.2933430003792,12.525456999740811],[75.28265400028192,12.522894000257963],[75.27385700020045,12.54461400003612],[75.27233900034463,12.558256999660841],[75.27398699990016,12.563584999847933],[75.27826700032188,12.568820000242852],[75.28823899973008,12.56974000040077],[75.29287699957393,12.579626000339715],[75.30468800015115,12.5782679997684],[75.31779500023913,12.573447999625557],[75.32096900001937,12.578529000113292],[75.32794199962365,12.579243999810785],[75.33008599956929,12.581924000192487],[75.32949100000968,12.58998100032295],[75.32012899995345,12.589925000438484],[75.30979199990094,12.59263899969011],[75.30713699977275,12.599686000008944],[75.3029710001116,12.60381999999305],[75.29537200041756,12.600285999799098],[75.29258000026687,12.601359999864144],[75.29027600013734,12.609320000018045],[75.2824170001445,12.612755000143181],[75.27807599960778,12.616371999668104],[75.27165200013974,12.613689000047373],[75.26914999987264,12.610383999621945],[75.26348100014809,12.597694999924329],[75.26012400002264,12.595662999747674],[75.25746899989451,12.590405000090755],[75.2514799998022,12.583876000277257],[75.25077799980488,12.579569999555872],[75.24127999977225,12.578651000343427],[75.23991399973136,12.577173999680383],[75.23944899987151,12.568786999620386],[75.23754900038614,12.566505999652236],[75.2325059998521,12.565480000002026],[75.2240910002995,12.567301000340933],[75.21515700019546,12.578050999653954],[75.21194499956215,12.588610000051517],[75.20447500042098,12.585195999995449],[75.20560500037055,12.59126900036415],[75.20855699980575,12.59312999984968],[75.21005200039957,12.596162000276138],[75.21060199968258,12.601900999631482],[75.1997069999781,12.610773999620449],[75.20043899956022,12.617727000101013],[75.20378900026219,12.62768399971685],[75.20240800042893,12.629719000031855],[75.18346400006362,12.632015999838586],[75.17085300036575,12.621128999603684],[75.15996600013085,12.621606000016925],[75.15566300044719,12.624126000214801],[75.14815728832826,12.633415683986698]]]}},{"type":"Feature","properties":{"blockName":"Hosdurg","districtName":"Kasaragod","state":"Kerala"},"geometry":{"type":"Polygon","coordinates":[[[75.0040306170194,12.44107602144129],[75.01495696439247,12.417061185625244],[75.0180809852493,12.416394808673545],[75.02002114845732,12.413873615075318],[75.03069062337363,12.39151645012413],[75.03316290554369,12.389885047556959],[75.03674578928678,12.391374244825613],[75.04032699669358,12.387339105515366],[75.0627944931714,12.340314679878645],[75.10065923383661,12.25097178841736],[75.11951374626244,12.203571769021949],[75.1192700839473,12.199778817138736],[75.12323138801821,12.19327702991103],[75.17218372360003,12.069212888064385],[75.17662048304891,12.070652961664905],[75.17850494404797,12.075059890601494],[75.18273925801043,12.07738590343672],[75.18801879912832,12.08390522024979],[75.18522644014814,12.088495254752274],[75.18669128377576,12.092690467990735],[75.17945861842054,12.092650413086119],[75.17535233284394,12.097183317256338],[75.18058000016691,12.101702999593783],[75.18649300035173,12.098412999860102],[75.19213899991496,12.100237000337358],[75.192047000169,12.109389999748714],[75.19016299962277,12.117237000087528],[75.19261200014375,12.120436000121344],[75.18856799981342,12.129917000269415],[75.1911849999878,12.139262000441022],[75.19509900151775,12.143471998533983],[75.19152799961756,12.148744999781968],[75.19004799971549,12.162805999797115],[75.18698899984253,12.17267799998973],[75.17623899963019,12.185059999919133],[75.17374399968588,12.191413999756321],[75.17714700013403,12.192752000304608],[75.19049100035943,12.192817999750957],[75.19647999955237,12.194640000135962],[75.20027900027571,12.194197000391284],[75.20219399955351,12.192505999752143],[75.20583300009292,12.19383599993148],[75.21799499976947,12.204268999914461],[75.224907000158,12.210457000190445],[75.22873699961292,12.217772000277648],[75.23115499960363,12.219641000132071],[75.23356600017081,12.220531999851971],[75.23711400011109,12.218873999835296],[75.24312600036467,12.217764999954852],[75.25637099962199,12.219727999647489],[75.26268799955159,12.225116999949648],[75.27799999970028,12.229065000349522],[75.28355400041687,12.23417300028376],[75.2877040002395,12.233951999984868],[75.29346499971001,12.236645000066744],[75.2942279998224,12.242097999722944],[75.29028299956082,12.254628000182095],[75.2911514892499,12.259366660243245],[75.28764200367556,12.261674503175811],[75.28639393443257,12.267036772029428],[75.28210484006638,12.266792364176297],[75.27658668992387,12.27076496463144],[75.27572341540338,12.27715162604676],[75.27314736765697,12.279921378768677],[75.26738813355558,12.278831904069193],[75.26419940827611,12.281360017950533],[75.26089056504759,12.281116117315037],[75.25758294129975,12.279546499971048],[75.25366918258675,12.27086584608196],[75.25121914244954,12.269778988409655],[75.2481538419263,12.271342899555236],[75.24263894912826,12.271337777916187],[75.23884336223142,12.267718706353264],[75.23464744842107,12.266632084303296],[75.23458553369551,12.273507313212008],[75.229531624385,12.26931638524303],[75.22775576281828,12.276849184042646],[75.22120358657634,12.28006248869292],[75.21747553966446,12.275550820214221],[75.21367795717202,12.274902900948177],[75.203908452713,12.281877450084323],[75.1963237999035,12.274884220230604],[75.18381724656871,12.273582123316373],[75.17674778568181,12.270997970879705],[75.16417484169563,12.28126446408379],[75.17006605400525,12.28166939912353],[75.17185620220204,12.285495652902114],[75.17544374173536,12.287362953937247],[75.17464334601368,12.289519190058627],[75.17603160697314,12.295894341950373],[75.17892137961803,12.2976627175604],[75.18380927767606,12.296393710301516],[75.1881943620802,12.298653983594534],[75.19018720037906,12.300029003835505],[75.19137929581791,12.303952511199498],[75.19486658972141,12.306603882563195],[75.19476346716033,12.309545386910145],[75.19735624139747,12.309646324118603],[75.19722826427301,12.322613279978953],[75.19564473171903,12.32030112479714],[75.19241281290107,12.320990623318664],[75.19129404098726,12.323184234364987],[75.19316894399162,12.327518336202331],[75.19128633829393,12.329768845555805],[75.18781895088392,12.330746817811416],[75.19034105459605,12.334273038869696],[75.1937487234249,12.334161365554621],[75.19174796299814,12.336931583226033],[75.19527143123162,12.338321776828593],[75.19227254294356,12.340513280763332],[75.19027803010704,12.337911834363695],[75.18393121675228,12.3392907864407],[75.18258375263815,12.336112435740347],[75.1747687321913,12.337027385305646],[75.17177515439994,12.33482893141013],[75.17312090530561,12.339278043047273],[75.1691281096746,12.33742491892491],[75.16325025229736,12.339554831890041],[75.1617241891201,12.338397750655702],[75.15437131408493,12.345204160743492],[75.15360327057454,12.348437719924902],[75.1478396900497,12.352704536285387],[75.14537308260174,12.351892703885198],[75.14437074501393,12.354490572781742],[75.14530880265914,12.355993542268209],[75.14195503020056,12.359454719859457],[75.13431800986831,12.358520421380376],[75.13354263598393,12.360084780388377],[75.13571648982418,12.373868999654633],[75.14032640743778,12.382036128064897],[75.13797482417885,12.383341843851042],[75.13946154471455,12.384421685912116],[75.14282906870659,12.384811085163506],[75.14501826408167,12.38773959160892],[75.1500281560746,12.390055806330452],[75.15824942816863,12.392529969882276],[75.1629490756394,12.39261283341557],[75.1654612022727,12.388227473818915],[75.16570069533088,12.384686199008911],[75.17125948583669,12.386617746711693],[75.17031559428932,12.389773219558492],[75.17281067517257,12.398938123295807],[75.1695970647528,12.400551034003058],[75.166378223876,12.406244397261162],[75.17114949695178,12.41187053169972],[75.17146656283165,12.416709044386948],[75.17320463038942,12.41799347861621],[75.17327899982604,12.425896000400144],[75.16783899987001,12.426251999730027],[75.16143799966403,12.419602999778647],[75.15802799979241,12.42303299967324],[75.15186299967775,12.417009999811683],[75.14649200020568,12.417883999646904],[75.14466899977458,12.42176100036994],[75.13449900022874,12.423146000387646],[75.13143900030968,12.426800999866316],[75.13202700044576,12.431054999988305],[75.11834700001407,12.43241699984469],[75.11479199975105,12.438444999936848],[75.10917699981877,12.438510000236363],[75.10591899976208,12.440099999815175],[75.09729799970296,12.438534999590615],[75.09176600000097,12.445898000092654],[75.08601400004613,12.44493299965825],[75.08741800004071,12.448946000357694],[75.0829699999656,12.458307000367824],[75.08734899955675,12.45808399997668],[75.0917819998395,12.461020999619507],[75.09083600028123,12.465520000247864],[75.08501399979633,12.472197999737944],[75.07125100003367,12.458157999791922],[75.06142400011754,12.453789999808691],[75.05322999996457,12.457973000253787],[75.04639400038286,12.463623000001519],[75.04080199971258,12.466221000199027],[75.03507199987297,12.466458000336502],[75.0318299996548,12.469206000256747],[75.02726000024887,12.478395999575753],[75.02568100027798,12.47370299989359],[75.02165199974007,12.469895999700668],[75.02394900044607,12.461246000102847],[75.03049500014419,12.455881000008219],[75.03015899993795,12.451800999816328],[75.02583300009292,12.442422999921575],[75.0217820003391,12.441610000201422],[75.01536573054409,12.44449010963092],[75.01108787410618,12.448228040092033],[75.00994305243,12.446646193766867],[75.00401557675752,12.445308588920284],[75.00294109105857,12.443887854341028],[75.0040306170194,12.44107602144129]]]}},{"type":"Feature","properties":{"blockName":"Perinthalmanna","districtName":"Malappuram","state":"Kerala"},"geometry":{"type":"Polygon","coordinates":[[[76.3330759996577,10.905472000432496],[76.3338619999314,10.91813599987654],[76.33231399959146,10.922843000204352],[76.32623299975319,10.928998999903968],[76.32351700040931,10.934460999975215],[76.32346299971772,10.954246999599377],[76.3272020003721,10.957968000322978],[76.33011599985355,10.978324000152554],[76.33517500022612,10.980838000073675],[76.3385389997751,10.976984999558113],[76.36351799965604,10.974798000327496],[76.36889600035022,10.985449999617856],[76.37136099981035,10.993072000372592],[76.3707959998356,10.996118999692158],[76.33665500012819,10.998230999960754],[76.32676700009705,11.005219000256716],[76.32709499993433,11.01108199993439],[76.33048199964463,11.021739000354614],[76.30979199970108,11.026064000153553],[76.29753900032466,11.025240999972198],[76.2963710004214,11.023348999956454],[76.28949699998662,11.020498999829044],[76.2865519999749,11.023901000231035],[76.28820000042975,11.030267999768398],[76.2869490002962,11.036761999766497],[76.29610399979981,11.043169000249236],[76.29723399974932,11.049138000318521],[76.31013500023016,11.04684399975082],[76.31392699973134,11.051253999872245],[76.32437100022156,11.04833900034464],[76.33467100036643,11.054618000320488],[76.3338549996086,11.05742999959483],[76.33692900017326,11.061377999994761],[76.33506799978841,11.065463999563974],[76.3351210004339,11.07178599972417],[76.34725999994907,11.087871000446341],[76.32405900022275,11.093025999850056],[76.32118199974957,11.082863999773792],[76.31340800007922,11.07726999991064],[76.30865500032809,11.077350000002525],[76.30490099988128,11.080521999690575],[76.2993700002254,11.090484000436334],[76.296004999731,11.093303000033472],[76.28172300031628,11.094854999658537],[76.27970486948419,11.092479236327733],[76.27710699968833,11.089420999979211],[76.27281200037356,11.09167000027037],[76.26953899962518,11.089441000002182],[76.26097899968113,11.087466999802245],[76.25431800007573,11.081923000446182],[76.25065600027426,11.082396999821754],[76.24851200032862,11.085101000410873],[76.24349199995589,11.082593999913229],[76.24321699986473,11.08615699964588],[76.23786200023119,11.08542700015596],[76.22817200033762,11.078399999860153],[76.21602599960028,11.086253999622443],[76.21167000017044,11.08787699982372],[76.20840499979096,11.08605300024584],[76.20450599985207,11.087955999869564],[76.20327799987984,11.085151000018698],[76.20639000039824,11.078930000019511],[76.20543699961792,11.074570000405231],[76.19591500027713,11.068798000427421],[76.19762399994772,11.05948599997896],[76.18507400036486,11.049593999763317],[76.17970299999354,11.048007000322855],[76.17353799987887,11.050329000383101],[76.15769200028564,11.063879000215763],[76.1385960001054,11.07393499990036],[76.13248399973685,11.074421999875426],[76.12937200011777,11.080118999991896],[76.12565599962471,11.08201900037659],[76.1226120004435,11.07973300017784],[76.12603800015364,11.07524600010288],[76.12637300031378,11.071856000254229],[76.12142899984855,11.063603000078444],[76.11714200000335,11.061543999555965],[76.11666899977456,11.0689540004268],[76.10942800040198,11.065187000279877],[76.107505999902,11.072490999859781],[76.10414100030698,11.071010999957707],[76.1027599995744,11.068026999946142],[76.09905999981919,11.067927999877327],[76.10009800002274,11.053790999954742],[76.09694700040382,11.046512999775189],[76.09710699968832,11.041864000323415],[76.10242500031359,11.033000999896274],[76.10262299955184,11.029435000025273],[76.09156000019391,11.03114699983422],[76.08752400023246,11.03494899979654],[76.08005500023813,11.036008000069216],[76.07732400020251,11.027476999663861],[76.07299800035747,11.031043000434181],[76.07221200008377,11.038563000082434],[76.06493399990421,11.037323999602961],[76.06581099987778,11.045417999641018],[76.0616990000089,11.046858000396469],[76.05918900027223,11.046060999615463],[76.05658699989021,11.038668999574725],[76.05346699990218,11.034828999658657],[76.04955300017087,11.032659000312663],[76.05591600042311,11.023472000232687],[76.06446099967548,11.000179999907118],[76.06697799973495,10.997378000194601],[76.07685099997371,10.998176000122385],[76.0882420000683,10.997128000356952],[76.09607699985372,10.993203000118399],[76.09233099977587,10.984606000266751],[76.08992000010795,10.972624999943832],[76.08689099981984,10.970330000229353],[76.08463300001301,10.971999999900106],[76.08247400027494,10.968734000373843],[76.07910899978054,10.96983599993149],[76.07084700008903,10.959475999717654],[76.07584400030044,10.95613799956908],[76.08797500034603,10.953589999878659],[76.10166899962468,10.944330000029538],[76.11595199998487,10.940969999765741],[76.12029999994508,10.938090000053535],[76.1213909998948,10.93458899958273],[76.11743199988695,10.92926000024886],[76.11648600032873,10.923245999903031],[76.11917100004166,10.905568000362962],[76.12960099988629,10.895281999964368],[76.13279699978176,10.896132999638269],[76.14653800032852,10.888187000130017],[76.1504360002213,10.889273999895238],[76.15831000000657,10.898486000228786],[76.15926399993373,10.909160999680466],[76.16351299982512,10.913275999687698],[76.16810600029174,10.913617000124532],[76.17118100000323,10.913607999709484],[76.17314899992647,10.90763300026282],[76.17517099964198,10.905627000385834],[76.18319700014149,10.909852000069804],[76.18714899982655,10.907430999940743],[76.18666800012818,10.902561000190076],[76.18897999972728,10.898076000207311],[76.19960000023985,10.896618999567238],[76.20616900009935,10.897354000187022],[76.2080539997923,10.905034000019157],[76.21179200040058,10.911051999650113],[76.2151640003184,10.913052000149719],[76.21928399965691,10.911833999739372],[76.22093999958139,10.902650999843843],[76.22801200015374,10.895523000286289],[76.22904199998834,10.890931999911913],[76.23291799976596,10.885528999863482],[76.25191499987739,10.886520999744391],[76.25238161671831,10.887315760314152],[76.26277899995097,10.905024999604109],[76.2658230000315,10.913613999986183],[76.27088899982755,10.916418999837049],[76.27413200009181,10.914973999750316],[76.28058600004391,10.915702000047304],[76.28940600028676,10.913734000124066],[76.29866800022808,10.918638999690131],[76.30602300036122,10.912257000360341],[76.32089199986598,10.91164500001679],[76.32238799960658,10.906712000058803],[76.3330759996577,10.905472000432496]]]}},{"type":"Feature","properties":{"blockName":"Tirur","districtName":"Malappuram","state":"Kerala"},"geometry":{"type":"Polygon","coordinates":[[[76.04318725248976,11.039579877009771],[76.04136116288743,11.040914522187506],[76.03979462212419,11.039701155084288],[76.03730895714273,11.03514420753919],[76.03625214492058,11.028151340112288],[76.0307682004921,11.023383193079951],[76.0351955080663,11.021245366980168],[76.0371841843027,11.016331832847868],[76.0338786253983,11.014557153889598],[76.03526411824453,11.012164770188065],[76.03299988793452,11.009692839652871],[76.03382100043888,11.0080820000843],[76.02540599998696,10.998241999568677],[76.01857000040525,10.994265999676202],[76.00930799956461,11.003804999800934],[76.00541699999462,11.00255199957519],[75.99986300017736,11.006413999606423],[75.99131800002573,11.003803999754837],[75.98797599969271,11.000404000344417],[75.98885299966628,10.994635999651734],[75.9922709999068,10.997344999572135],[75.99425499966856,10.989416999994603],[76.00002300036124,10.977652999786187],[76.00803137414863,10.96944700357642],[75.98506345531428,10.96889351762178],[75.98342426911478,10.971486593131829],[75.9845138868065,10.977675585360032],[75.97891396670627,10.984953994731143],[75.97522129732505,11.002016546826212],[75.96994472037261,10.99728200745875],[75.96685084479071,10.996279677065502],[75.96348363376273,10.99605080679936],[75.95929594515178,10.999325422730124],[75.9497856118166,10.999276106607056],[75.94801257591968,10.995225532232553],[75.94969830563235,10.990038742693855],[75.94615042889922,10.986442497723147],[75.93918779398155,10.987713821635623],[75.9302652188648,10.997129590358384],[75.9288101832434,10.994398762093226],[75.92480602467833,10.993896612138997],[75.92144131286636,10.987433683717597],[75.91420913674233,10.98001361853369],[75.91029605971545,10.979329488964765],[75.90792909984816,10.981194208046304],[75.90601811154664,10.980738401056385],[75.90451569244533,10.98269447506999],[75.90460314431971,10.99156780690879],[75.90200866406866,10.99343243425949],[75.9013244427689,10.997573031670129],[75.89918527667925,10.998755280431908],[75.89649865728728,11.003441124208564],[75.89663413026096,11.006034911981658],[75.89244532918866,11.012085276414439],[75.89275975375966,11.022323821387317],[75.87870072685712,11.017995298044639],[75.86850842952049,11.018088160240438],[75.86647302181257,11.020799772691419],[75.86251822523599,11.018735611859029],[75.85636367704211,11.019987724453983],[75.88226483185656,10.918574898712677],[75.91050319786433,10.789421465528278],[75.90870292330135,10.786766008544532],[75.91065409511043,10.787858263048463],[75.91155217789077,10.79236357601826],[75.90977874719147,10.798356632952277],[75.91108831927056,10.80243252594039],[75.91456278524441,10.804453481542964],[75.91314328453501,10.809155503223963],[75.90965590249795,10.813326181158402],[75.90890123010774,10.8170886810978],[75.91041082489971,10.818786574141143],[75.90844200929138,10.824781191398927],[75.91116759990484,10.825853666213789],[75.9129191752798,10.824569749993998],[75.91335557130265,10.814035732762932],[75.91662688672147,10.812962043863308],[75.91826341362571,10.806974166124917],[75.92043759122191,10.804310761832255],[75.91860889628362,10.80153108239358],[75.913704973206,10.798755190000065],[75.91447031335434,10.794585974363258],[75.91281367581053,10.793939146874152],[75.9217616693656,10.79480300415537],[75.92966206335359,10.798644172290778],[75.93180962551384,10.798106395693651],[75.94388407349123,10.804064032828876],[75.94530595110882,10.807706349168711],[75.95300360643137,10.816739751338503],[75.95788999992362,10.81664000033578],[75.96044199979849,10.823858000446421],[75.96196699997711,10.840916000173308],[75.96439400038287,10.846038999899974],[75.96928400015656,10.849872000392565],[75.98626700002211,10.857706000131827],[76.00001499999229,10.861569000209215],[76.01135300034076,10.858781000243027],[76.0225519996751,10.853195999895547],[76.02894599955829,10.831154999703529],[76.02916699985724,10.824732000281642],[76.03352400023249,10.825238000233583],[76.0358660003157,10.833441999948377],[76.04140500034055,10.843415000302059],[76.04547900025574,10.845699999555393],[76.05186499976998,10.844482000044309],[76.06822200044502,10.836654999728523],[76.09413100004565,10.838613000089936],[76.09930400027946,10.841066999942143],[76.10292800012718,10.845876999623897],[76.1039810001231,10.851614999832407],[76.10232500019868,10.863664999739967],[76.10553699993267,10.868476000367195],[76.11099199968112,10.865138000218565],[76.11337299976418,10.865650999593981],[76.11576799959357,10.869374999556612],[76.1163710004214,10.87832500039849],[76.11904100034195,10.879983000415166],[76.12775400014704,10.877552999871114],[76.13129399971837,10.878345999568296],[76.13112600006491,10.882541999713567],[76.12853200005179,10.887995000269086],[76.12960099988629,10.895281999964368],[76.11917100004166,10.905568000362962],[76.11648600032873,10.923245999903031],[76.11743199988695,10.92926000024886],[76.1213909998948,10.93458899958273],[76.12029999994508,10.938090000053535],[76.11595199998487,10.940969999765741],[76.10166899962468,10.944330000029538],[76.08797500034603,10.953589999878659],[76.07584400030044,10.95613799956908],[76.07084700008903,10.959475999717654],[76.07910899978054,10.96983599993149],[76.08247400027494,10.968734000373843],[76.08463300001301,10.971999999900106],[76.08689099981984,10.970330000229353],[76.08992000010795,10.972624999943832],[76.09233099977587,10.984606000266751],[76.09607699985372,10.993203000118399],[76.0882420000683,10.997128000356952],[76.07685099997371,10.998176000122385],[76.06697799973495,10.997378000194601],[76.06446099967548,11.000179999907118],[76.05591600042311,11.023472000232687],[76.04955300017087,11.032659000312663],[76.05346699990218,11.034828999658657],[76.04318725248976,11.039579877009771]]]}},{"type":"Feature","properties":{"blockName":"Tirurangadi","districtName":"Malappuram","state":"Kerala"},"geometry":{"type":"Polygon","coordinates":[[[76.04579634762342,11.080576967153377],[76.04454175200033,11.08279051167284],[76.04181024474707,11.083563726284979],[76.03370487997631,11.084409178940518],[76.02910417501772,11.087182215087182],[76.02585210778858,11.088693484416808],[76.02536423457184,11.090414147395052],[76.02429444693126,11.092903697447753],[76.020769898612,11.096350155835069],[76.01877996961997,11.099394313296955],[76.01804574871238,11.100777677447923],[76.0149441317663,11.100753214089593],[76.01211369728935,11.098148683015381],[76.01030492773026,11.099657046635457],[76.00809738078954,11.101381172003528],[76.00294831421337,11.106335622590962],[76.0018447876069,11.107320519626342],[75.99831875540627,11.11002997460372],[75.9966308412404,11.110555419696936],[75.99524797081727,11.11006686659266],[75.99058560204395,11.11271719294416],[75.98889830571227,11.113549722341872],[75.98711814268819,11.114013935294906],[75.98410809471284,11.113712910622382],[75.98122421982197,11.115069894959731],[75.97934741744939,11.113292575591913],[75.97756713031885,11.113695372043821],[75.97520498991838,11.114897762921487],[75.97453082573708,11.115605417855818],[75.97253879413012,11.117605487603214],[75.96903729813283,11.119899447701414],[75.96683728211491,11.115351792851015],[75.9652602948268,11.1170989741384],[75.95196757304512,11.119741747983312],[75.94814972343107,11.11833243119679],[75.93948708296256,11.119766877739266],[75.93791031510904,11.121623057757972],[75.93989645525727,11.133609097881617],[75.93799224874334,11.13524793784211],[75.93482049726816,11.129913306953597],[75.93067476922528,11.128068648149622],[75.92482077805653,11.11690789878054],[75.92036088984327,11.121440393759201],[75.91987499873227,11.123730378853963],[75.91655159907708,11.12428207335904],[75.91285580724974,11.12935803134809],[75.90855601724644,11.132200698403551],[75.90604857967827,11.13198774613761],[75.90697880962443,11.133838879160976],[75.90502174995385,11.136295326967797],[75.90180625275644,11.136301802086564],[75.89864909637873,11.13821566462127],[75.89631086535422,11.140836381693703],[75.89604890003676,11.14606892604013],[75.89059978185452,11.146515899888925],[75.88743252968754,11.143415766824205],[75.88503705591546,11.144674093734466],[75.88514133680331,11.14233037594613],[75.88082585363031,11.137379549626587],[75.87787791823138,11.134932977275128],[75.87455221361381,11.134340172061343],[75.87276754228833,11.141210787447903],[75.87047843403258,11.141160895758787],[75.87021185968962,11.144104443365393],[75.85826907066115,11.145708100048807],[75.86032204662519,11.139615169804301],[75.85879231691194,11.13674201393286],[75.8581629785387,11.139107674279785],[75.85592276642257,11.1394440288189],[75.85199322370835,11.143600730389437],[75.8484250393841,11.144751582919241],[75.84592594662519,11.14390204374439],[75.84529919919873,11.143830165429847],[75.84457313244417,11.143336746993327],[75.84366550336034,11.142628356413582],[75.84174769280185,11.140664973609717],[75.84138482804741,11.1399659917372],[75.83833690512415,11.136689939589075],[75.83820290613926,11.136320520575623],[75.83787001668799,11.135829113922512],[75.83686183440619,11.135660089941268],[75.8323247537844,11.133822221018761],[75.83094242385386,11.131631773787376],[75.83067917250588,11.131262491470864],[75.82566881016749,11.128824656932409],[75.82615387570087,11.125687401652328],[75.82635311510421,11.123710422897773],[75.82523254904294,11.125463640434702],[75.83007005898611,11.11585440325814],[75.84249668597334,11.076805200599551],[75.85636367704211,11.019987724453983],[75.86251822523599,11.018735611859029],[75.86647302181257,11.020799772691419],[75.86850842952049,11.018088160240438],[75.87870072685712,11.017995298044639],[75.89275975375966,11.022323821387317],[75.89244532918866,11.012085276414439],[75.89663413026096,11.006034911981658],[75.89649865728728,11.003441124208564],[75.89918527667925,10.998755280431908],[75.9013244427689,10.997573031670129],[75.90200866406866,10.99343243425949],[75.90460314431971,10.99156780690879],[75.90451569244533,10.98269447506999],[75.90601811154664,10.980738401056385],[75.90792909984816,10.981194208046304],[75.91029605971545,10.979329488964765],[75.91420913674233,10.98001361853369],[75.92144131286636,10.987433683717597],[75.92480602467833,10.993896612138997],[75.9288101832434,10.994398762093226],[75.9302652188648,10.997129590358384],[75.93918779398155,10.987713821635623],[75.94615042889922,10.986442497723147],[75.94969830563235,10.990038742693855],[75.94801257591968,10.995225532232553],[75.9497856118166,10.999276106607056],[75.95929594515178,10.999325422730124],[75.96348363376273,10.99605080679936],[75.96685084479071,10.996279677065502],[75.96994472037261,10.99728200745875],[75.97522129732505,11.002016546826212],[75.97891396670627,10.984953994731143],[75.9845138868065,10.977675585360032],[75.98342426911478,10.971486593131829],[75.98506345531428,10.96889351762178],[76.00803137414863,10.96944700357642],[76.00002300036124,10.977652999786187],[75.99425499966856,10.989416999994603],[75.9922709999068,10.997344999572135],[75.98885299966628,10.994635999651734],[75.98797599969271,11.000404000344417],[75.99131800002573,11.003803999754837],[75.99986300017736,11.006413999606423],[76.00541699999462,11.00255199957519],[76.00930799956461,11.003804999800934],[76.01857000040525,10.994265999676202],[76.02540599998696,10.998241999568677],[76.03382100043888,11.0080820000843],[76.03299988793452,11.009692839652871],[76.03526411824453,11.012164770188065],[76.0338786253983,11.014557153889598],[76.0371841843027,11.016331832847868],[76.0351955080663,11.021245366980168],[76.0307682004921,11.023383193079951],[76.03625214492058,11.028151340112288],[76.03730895714273,11.03514420753919],[76.03979462212419,11.039701155084288],[76.04136116288743,11.040914522187506],[76.04318725248976,11.039579877009771],[76.04679768786303,11.044093147181059],[76.0451123079867,11.045877639541459],[76.04044221043972,11.044689407590113],[76.03805016488326,11.04629107047657],[76.03704142322317,11.048596246019997],[76.03811974363134,11.050344464225702],[76.04282531133913,11.053897185606672],[76.03660330319997,11.059775054675072],[76.03836926682828,11.067510063338773],[76.04459061756302,11.076556570429432],[76.04579634762342,11.080576967153377]]]}},{"type":"Feature","properties":{"blockName":"Palakkad","districtName":"Palakkad","state":"Kerala"},"geometry":{"type":"Polygon","coordinates":[[[76.49060799955959,10.762856999550934],[76.49486499981992,10.765943999815761],[76.51090200012726,10.76979400019303],[76.51591500017719,10.77253199965213],[76.51947799990984,10.777913999631437],[76.53134200023317,10.78407100027647],[76.54796599973116,10.787863999823799],[76.54975100020857,10.78515800004169],[76.55282599992,10.784632000066779],[76.55101800018065,10.781423999617914],[76.5535130001249,10.781014999642593],[76.55466500018969,10.77774099974738],[76.56859599960575,10.776834000189012],[76.56994599980811,10.77958400020151],[76.58055899999789,10.776679000235731],[76.58398399966194,10.777699999655283],[76.58635700027543,10.775224999734007],[76.58516700025689,10.7668530003657],[76.58666199995139,10.763865000169687],[76.59753400039386,10.765721000323936],[76.6077039999397,10.754555999859576],[76.60942800030205,10.75110699998811],[76.61066399974385,10.741291999726059],[76.61552399993269,10.735998000207587],[76.61809499978449,10.726751000058641],[76.621513000025,10.723125000118728],[76.61997200000786,10.715040999642497],[76.62552599982507,10.712554000067087],[76.62919599999549,10.715526000424632],[76.63251500016719,10.715858000446417],[76.63310200025717,10.719181999949399],[76.63536800043295,10.719747999970252],[76.63591000024638,10.722502000167196],[76.63938899970265,10.722430000444206],[76.64018999976872,10.72013399978431],[76.64521000014145,10.726311999599147],[76.64764399997068,10.724179000160802],[76.65425099978387,10.722149000076342],[76.65381600040814,10.70063499990539],[76.66023999987613,10.697973000353727],[76.67695600001946,10.683052000249688],[76.68659200012075,10.68158199990944],[76.69228400000668,10.682880000411728],[76.6973649995951,10.690091000199573],[76.70130899981052,10.68955999999406],[76.70027899997592,10.692718999981935],[76.70249899982906,10.694489999813698],[76.70747399992524,10.691314999987299],[76.70379600028525,10.700393999583468],[76.70664999969779,10.700556999905643],[76.71125799995679,10.693768999839506],[76.71510300010345,10.696507000197926],[76.7218019996626,10.689883999646895],[76.72554000027083,10.69331300039471],[76.7262040003144,10.699162000326112],[76.72789800019262,10.7017370003623],[76.73506199961167,10.705210000441241],[76.73503099998072,10.710832999843092],[76.74913800031851,10.712096999676817],[76.74912299962676,10.7084830002903],[76.7589260002348,10.707698000062692],[76.77351400027095,10.721582000009334],[76.77440600003695,10.726399000013885],[76.77234600036769,10.73352100019406],[76.7891999996803,10.73723999992609],[76.78910099961149,10.740222999891557],[76.78607899964618,10.740006999823208],[76.78761300023984,10.745221000149058],[76.7908860000889,10.748191000414408],[76.78833800039848,10.751298999849041],[76.7892839999567,10.755138999765052],[76.79908799971145,10.753839000069831],[76.8066179998209,10.747898000392468],[76.80705300009595,10.754666000435634],[76.81273699961292,10.753438999610182],[76.8124689998445,10.75906199991141],[76.81513999981121,10.759167000256923],[76.81527699983371,10.762206000106858],[76.80883799967398,10.763781999939397],[76.80583999991615,10.767636999647891],[76.80707600025727,10.770500000374739],[76.81647500022115,10.769027999942296],[76.81594099987728,10.779070999926773],[76.82273100003567,10.779787999716461],[76.83522000040273,10.790809999881617],[76.83551799975595,10.794250000237355],[76.8191379998189,10.793227999872329],[76.82061000025135,10.79626399958397],[76.82842299992154,10.803628000132164],[76.82636999967582,10.81018100015308],[76.82962000026288,10.811027999642533],[76.8321609996305,10.808952000134752],[76.84925099993376,10.810488999967447],[76.85171500024711,10.815758000131666],[76.84838899975261,10.823631999916927],[76.85469800021258,10.830605000420462],[76.85645300020587,10.834606999713287],[76.84994499956213,10.845714000200985],[76.83571599989352,10.858500999921262],[76.8319849996081,10.866956000419123],[76.82862900042807,10.869839000269678],[76.80916442030184,10.876471839403905],[76.79619600034522,10.879434000278934],[76.7922059998071,10.881860999785374],[76.78862800028202,10.886920000157943],[76.78387499963156,10.889579999617354],[76.77713117966027,10.889488316432733],[76.77277400031994,10.887670999716931],[76.75989499995433,10.892658000366453],[76.75473000008947,10.892792000250665],[76.75019100031449,10.892291999676104],[76.74343900010984,10.888822999781667],[76.7385860002438,10.894634999805419],[76.72913399963443,10.897650000347312],[76.7220690002842,10.903362000256152],[76.71099899970415,10.908566000120857],[76.69513700027238,10.910172000437512],[76.6853409999872,10.914114999707522],[76.6631550003031,10.927618000070709],[76.64141799974095,10.928098999769077],[76.6293259996952,10.92463800024359],[76.61138899990249,10.929980000176897],[76.5973970003713,10.918329999829666],[76.59240699958343,10.919662000101255],[76.58293900003486,10.918715999643723],[76.5748140003659,10.919891999915933],[76.5710300003343,10.918640999782383],[76.56973299987811,10.914057999776901],[76.5694199998332,10.87889699979678],[76.56187399988522,10.882531000105644],[76.55712899960372,10.887711999808971],[76.53887200034262,10.88261300028978],[76.5325700002054,10.889227000425763],[76.52844999996756,10.890787000419778],[76.52088199990442,10.886798999973905],[76.5133289996337,10.885735000370005],[76.48573299957832,10.886107999584567],[76.48347499977149,10.874523999582948],[76.47535700042528,10.87511799999578],[76.47486100003516,10.868927999627545],[76.46874999971277,10.866477999959784],[76.46262399959795,10.8594390000099],[76.4648820003041,10.840501999967387],[76.46085399981229,10.818596999751776],[76.46285999968927,10.810499000428592],[76.45542899964869,10.811441999848455],[76.45259900044357,10.801989000092306],[76.44689199986595,10.797413000409676],[76.45908400002662,10.779878000269548],[76.47756199958667,10.782061000215037],[76.48496199999636,10.773431999787022],[76.49060799955959,10.762856999550934]]]}},{"type":"Feature","properties":{"blockName":"Kochi","districtName":"Ernakulam","state":"Kerala"},"geometry":{"type":"MultiPolygon","coordinates":[[[[76.16343186838606,10.17645901647046],[76.16477191489201,10.176993781238082],[76.1662118068295,10.175287993046481],[76.17829078289338,10.141038598052887],[76.20170801471318,10.053524389838742],[76.20421744068238,10.050382157710487],[76.21061550280325,10.027231129712902],[76.21312473991486,10.023522113354886],[76.21816260262204,9.996108319543339],[76.22403783487823,9.975739030431953],[76.22500596675201,9.973929403819],[76.22537260596107,9.975359291697998],[76.22685229289908,9.975136834497391],[76.22758382753165,9.973105003393243],[76.22619601713257,9.972561062842829],[76.22802585690783,9.972848502356555],[76.22716019648595,9.975314177207565],[76.2301023348549,9.97600475761351],[76.23058940497714,9.974444454548006],[76.24092253434753,9.972455127202409],[76.24462860992247,9.973565735969999],[76.2416263977401,9.978671786174061],[76.24159737481904,9.98171190208268],[76.24302009869865,9.981997264162487],[76.23737142994759,9.997186142626447],[76.2407072114687,10.002055011929315],[76.23805723135621,10.007723904634531],[76.23687791798159,10.016925725541853],[76.23479640832761,10.017262497366403],[76.2345111424753,10.01919076524166],[76.2389982522676,10.023659831935731],[76.24057380153977,10.03479517635634],[76.24402999958488,10.035919999808186],[76.24393800343614,10.052180802701912],[76.23895836283822,10.070436435892873],[76.23123899968016,10.06839900021373],[76.22885100017356,10.070872000042812],[76.2240447938322,10.09002760009372],[76.21051800010565,10.117082999680747],[76.20652799956758,10.13298600010387],[76.20039822230018,10.141055713950095],[76.19655600015932,10.152689000397118],[76.1944199996833,10.155390999994722],[76.19455000028233,10.159350000002519],[76.19298600010387,10.161762999762686],[76.18777499991637,10.163610000401263],[76.17871520264453,10.175006256133884],[76.17744167719172,10.174221053558824],[76.17598234101229,10.182023956540434],[76.17353575517103,10.183840517825672],[76.1688451279004,10.182178152499773],[76.16638256920027,10.17801647767834],[76.16343186838606,10.17645901647046]]],[[[76.29421209960879,9.888804232029713],[76.28612735269525,9.900853623995602],[76.27918322762389,9.898382082866874],[76.27774927840653,9.895060355950704],[76.25826825597528,9.890117299773635],[76.26318456181815,9.869082161612539],[76.27753015499269,9.78777714439974],[76.28379100035443,9.789546000247753],[76.28514099965747,9.792466000005959],[76.28292800012719,9.798399000213749],[76.2833709998718,9.80333700040228],[76.29117600007243,9.80839299973718],[76.28810899983051,9.81691899991199],[76.2848659995663,9.817457999587077],[76.28314200010328,9.819655000178159],[76.28181500006224,9.827536000286216],[76.28689599965071,9.848466999652373],[76.29560099998622,9.849726000154817],[76.29834699981427,9.852463999613917],[76.2945019996676,9.873575000086248],[76.29328200006432,9.888290999729918],[76.29421209960879,9.888804232029713]]]]}},{"type":"Feature","properties":{"blockName":"Kanayannur","districtName":"Ernakulam","state":"Kerala"},"geometry":{"type":"MultiPolygon","coordinates":[[[[76.2240447938322,10.09002760009372],[76.23069741175618,10.092206009000165],[76.23107560185758,10.094138172738553],[76.22453877974095,10.119547324649375],[76.22061160943827,10.128195821480006],[76.2188898106163,10.129823813818007],[76.21609189202724,10.129731662985932],[76.20891175967,10.145360539257524],[76.20039822230018,10.141055713950095],[76.20652799956758,10.13298600010387],[76.21051800010565,10.117082999680747],[76.2240447938322,10.09002760009372]]],[[[76.31048140739108,10.131806134545513],[76.31043105075247,10.133724599810478],[76.3073451161842,10.135186062886532],[76.30618164886408,10.132453964778676],[76.30157380688576,10.131899446402372],[76.2950755189201,10.128702752230254],[76.29453975410644,10.126684106985977],[76.29612637763029,10.123359951900284],[76.29427683280966,10.120819231322514],[76.28849695746868,10.1248869386813],[76.28478927030864,10.122462697395633],[76.27937800638995,10.123132360470095],[76.27402045537974,10.118939634756373],[76.27135838208375,10.119730598388458],[76.2697112674611,10.114035056972341],[76.26529602429213,10.113756542330634],[76.26578734101304,10.10879900347129],[76.26906611810693,10.101999366177836],[76.26879321073812,10.097831815186169],[76.26551834389653,10.096312801794397],[76.26830083101862,10.086336634028498],[76.27441521369121,10.087251276924917],[76.27464409384993,10.086075307229692],[76.28131432679481,10.084540014310278],[76.28288379485133,10.085193329508627],[76.28349997074713,10.092708783083935],[76.28599984951347,10.095164633740922],[76.29287451005064,10.09583062758145],[76.29345781572567,10.093208278239501],[76.29679808666242,10.090222833916698],[76.3011309834082,10.091962715407021],[76.30050150923734,10.092623030028847],[76.3061353139936,10.09693079342145],[76.30969184939937,10.096993680314142],[76.31127928231308,10.101643741865246],[76.31749595207657,10.100128938199987],[76.32431912552727,10.102047690348684],[76.3270483952673,10.105632727068723],[76.32608809558917,10.108662335298561],[76.3270483952673,10.112146385347444],[76.32280286406098,10.113257241428585],[76.32042739031186,10.115478954490186],[76.31971980012872,10.119417445458794],[76.32218466918721,10.121219668852689],[76.3129087360494,10.123299397848996],[76.31435875884972,10.128614245451104],[76.30977244664115,10.128696718678668],[76.31048140739108,10.131806134545513]]],[[[76.23058940497714,9.974444454548006],[76.23713178580334,9.963278902799175],[76.23771658435294,9.955319696746642],[76.25101446554521,9.919092377811012],[76.25826825597528,9.890117299773635],[76.27774927840653,9.895060355950704],[76.27918322762389,9.898382082866874],[76.28612735269525,9.900853623995602],[76.29421209960879,9.888804232029713],[76.29677600021228,9.890218999607214],[76.30244399989073,9.889947999700496],[76.30854000042075,9.88404299988457],[76.33345800018662,9.876449000421076],[76.35510300010344,9.881745000031799],[76.36215999998404,9.872903999719881],[76.37021600006841,9.858824999773958],[76.37060500002082,9.841127000210918],[76.37333700010254,9.835649000301146],[76.38729900004887,9.8427820000893],[76.3963389996452,9.828408000029242],[76.40635700027542,9.827988000445885],[76.41812899995347,9.822153000260812],[76.42357600023229,9.822799000373607],[76.43275499994337,9.82531500038698],[76.44583899986998,9.831819999993058],[76.46235699987568,9.848064999999792],[76.47067300025878,9.858571999798016],[76.47033700005255,9.873914999577607],[76.46584299965474,9.87699400037286],[76.4606929995823,9.885306999718296],[76.45591699966985,9.8884459996832],[76.45426900011432,9.886391000244487],[76.44894400006558,9.886661000105107],[76.44444300024435,9.88910999972677],[76.43975800003176,9.89736099981036],[76.431830999601,9.899031000380432],[76.42636100006018,9.902749000066365],[76.4247060001818,9.912989000142318],[76.42166900042406,9.914677999789888],[76.41785399986225,9.923096000380156],[76.39291399998115,9.935062000011328],[76.38008099993823,9.938547999790387],[76.37354299970974,9.946640999782346],[76.37176499955513,9.956994999719484],[76.36895799961206,9.962015000092208],[76.3575129997252,9.973130000049537],[76.35598000007701,9.977335999756633],[76.36177800035449,9.991541000117138],[76.36634799976042,9.99133399956446],[76.36923199965713,9.996195999845554],[76.37073499972053,10.008372000167697],[76.37356599987106,10.008535999636706],[76.3745039999597,10.014046000122846],[76.3803180000757,10.017301000041186],[76.38172900039314,10.03599599971568],[76.37818899992249,10.03910500009573],[76.37283300024285,10.050487999821371],[76.36466999972077,10.048219000406618],[76.35813899981503,10.062986999750308],[76.3529590001578,10.06219600014532],[76.35596500028458,10.069821000139086],[76.35179100025454,10.069484999932854],[76.34963199961715,10.071897999692965],[76.34904500042649,10.076204999561128],[76.34407799979994,10.0764429997447],[76.34174300003946,10.070708999720637],[76.33758499984793,10.06710199975754],[76.33102400035739,10.070333000367725],[76.32640799972944,10.066215000222144],[76.3217319999319,10.065884000246456],[76.31964900010132,10.063080999588522],[76.3089220000503,10.0634610000252],[76.30530499962612,10.061465999756138],[76.31117200038756,10.050263000237294],[76.30236099966044,10.043924000192476],[76.29633299956834,10.057136999772752],[76.29592100035393,10.067636000101345],[76.28272999998956,10.071863999923721],[76.27659600040516,10.072395000129177],[76.27347600041713,10.070738000158656],[76.27471900018179,10.063735000070267],[76.26135299984111,10.06324499995685],[76.25948299994053,10.067377999894802],[76.25624099972242,10.069562999932543],[76.2531199996883,10.07037200036757],[76.2465970001515,10.068601999682585],[76.2430650000498,10.072107000337837],[76.23895836283822,10.070436435892873],[76.24393800343614,10.052180802701912],[76.24402999958488,10.035919999808186],[76.24057380153977,10.03479517635634],[76.2389982522676,10.023659831935731],[76.2345111424753,10.01919076524166],[76.23479640832761,10.017262497366403],[76.23687791798159,10.016925725541853],[76.23805723135621,10.007723904634531],[76.2407072114687,10.002055011929315],[76.23737142994759,9.997186142626447],[76.24302009869865,9.981997264162487],[76.24159737481904,9.98171190208268],[76.2416263977401,9.978671786174061],[76.24462860992247,9.973565735969999],[76.24092253434753,9.972455127202409],[76.23058940497714,9.974444454548006]]]]}},{"type":"Feature","properties":{"blockName":"Kothamangalam","districtName":"Ernakulam","state":"Kerala"},"geometry":{"type":"Polygon","coordinates":[[[77.05379506788813,10.263481343189483],[77.05187199989291,10.256745000181638],[77.04357100020155,10.251489999763749],[77.03186800010815,10.250361999906431],[77.02931200004883,10.249485999978958],[77.0285109999827,10.246116000153336],[77.01992799987732,10.24487799971996],[77.01264999969777,10.23828399960695],[77.00695000034227,10.236196999591925],[77.00466200005133,10.23147100018656],[77.00050399985975,10.228392000290626],[76.99467499995137,10.228354000336878],[76.98400099964647,10.21707700010353],[76.97193900008483,10.227116999949658],[76.96538500001782,10.228122000430005],[76.95896099965046,10.231142000303123],[76.95228600029873,10.229452999756177],[76.94078799976643,10.237906000161843],[76.93800399998469,10.238082000184193],[76.93328900018724,10.233733000177892],[76.92231799967601,10.23146800004821],[76.91844199989845,10.2330120002037],[76.91416899979959,10.236054000191984],[76.91164400027043,10.240800999666476],[76.9052050001107,10.240896999596885],[76.90644799987535,10.245667000132016],[76.90467800008969,10.251303000133419],[76.89923900017976,10.253501999917432],[76.89590500021563,10.25872000042773],[76.88957200044752,10.257347000064044],[76.88693200011176,10.26077599991254],[76.88062299965179,10.263277000133485],[76.87942500016368,10.26893200011176],[76.87178799961657,10.27229399956849],[76.86975100010864,10.269831000200554],[76.86755400041682,10.270056999830729],[76.86646299956783,10.272745999728158],[76.84777100003168,10.28106600029571],[76.84580200006229,10.280152999561324],[76.841301000241,10.284289999683779],[76.83960700036283,10.284122000030322],[76.83668499961311,10.277991999731057],[76.83383200024667,10.276449999667818],[76.83099399977334,10.276571999897953],[76.82909400028797,10.279846999839208],[76.82030499967607,10.283429000448052],[76.80663299961327,10.285593999563503],[76.80027000026035,10.277468999894495],[76.7976000003398,10.27741900028667],[76.79558600009386,10.28023799988381],[76.79082499997384,10.27790200007729],[76.77701599988853,10.277259000102845],[76.77652000039774,10.271923999592957],[76.7711869999801,10.270391999990863],[76.76149700008654,10.26968000043172],[76.750350999599,10.277983000215329],[76.7451099998267,10.275073000019006],[76.73031600018334,10.2719689998695],[76.70896899961969,10.269861999831448],[76.6994399999561,10.265533999894217],[76.68924700024894,10.267205999657222],[76.6872410003719,10.261704000439295],[76.68064900035114,10.251687999901321],[76.68118299979568,10.240269000314186],[76.67580399995467,10.217395000378986],[76.66111799989585,10.19874299998952],[76.6521609996305,10.191431000040666],[76.64339995174646,10.161487041893508],[76.63994600020783,10.15058300040522],[76.63565800031654,10.14813299983814],[76.60760499987089,10.150011000107611],[76.6022110002375,10.144635999551781],[76.59555099977888,10.145120000287818],[76.58545700014048,10.140332999868122],[76.58138999964882,10.136905000065724],[76.5767440003354,10.129633000162869],[76.57900200014222,10.12021400017602],[76.57528699969532,10.113857000200426],[76.57542399971788,10.089754000246955],[76.5621409996075,10.085722999616792],[76.5580830004302,10.076723000066465],[76.55870799957455,10.071666999832246],[76.56182899960868,10.064939999881119],[76.55945599989451,10.060987000149964],[76.56054699984423,10.057252999726188],[76.55897500019614,10.053699999555363],[76.59711499995734,10.030023000361211],[76.59812899995342,10.027324000002636],[76.59607699975379,10.011393000086912],[76.59467299975921,10.008358000421424],[76.58414499989186,10.000360000313833],[76.58641100006764,9.998229000068363],[76.59172799974743,9.996346999614389],[76.59607699975379,9.996770000235358],[76.60208900000742,10.002087999961304],[76.60564400027044,10.002820000442739],[76.62168099967846,10.002979999727245],[76.62599199973107,10.000952999781191],[76.64431000000656,10.01315899968813],[76.66738100003317,10.013884999892866],[76.66564900020126,10.007123000126398],[76.66603900019976,10.000343999575989],[76.6736830001704,9.990610000351296],[76.67736800013313,9.994199000383617],[76.69001000036127,9.989151999665125],[76.70058399965194,9.992335999906516],[76.70350600040166,9.988002999738683],[76.71083800037349,9.987309000110315],[76.71686599956627,9.98530300023333],[76.71868899999743,9.98752900036311],[76.72685999998907,9.981426000409613],[76.73239900001391,9.985170000395271],[76.74873399967441,9.989969999615823],[76.76610600039169,9.982006000176796],[76.7657619998165,9.989247999595534],[76.77156799956356,9.99051999979821],[76.77215599969969,10.000248999691621],[76.76661699967485,10.011497000386328],[76.78447700041329,10.035103999949683],[76.8051990000339,10.02709600028021],[76.81678800026606,10.019299999595376],[76.83035299989109,10.0137889999624],[76.83333599985656,10.015094999934377],[76.84050000017493,10.023898000292547],[76.82869699996661,10.025728000147126],[76.81734499987192,10.033697999862852],[76.8117219995707,10.035214999672519],[76.80506099996524,10.039260000049012],[76.79455600025926,10.041828999808558],[76.78743700021744,10.04759500040899],[76.78852099984431,10.05195199988492],[76.78285200011976,10.06017999980719],[76.77938100013313,10.061570000055497],[76.79132685045386,10.068538074972253],[76.80212927934281,10.067228017259254],[76.80640498280377,10.065420954613387],[76.8098916822554,10.067142020487893],[76.81505285820288,10.06584270427743],[76.81978842189818,10.06817100318932],[76.82097177772545,10.067536825564105],[76.8199172983447,10.06578881330313],[76.81565206479104,10.063869349790707],[76.81622375212453,10.059412025544589],[76.82119513065084,10.059667483367718],[76.82346679115955,10.06383452894039],[76.8327765145246,10.06326558813646],[76.83373552277624,10.065739237276034],[76.82869374621947,10.073144404290872],[76.82688737695094,10.082946244773439],[76.83008593901491,10.086688974916285],[76.83897062389525,10.089799398923162],[76.84675553773792,10.087073611358107],[76.85734825371901,10.080849085117222],[76.87510130078448,10.076253170847224],[76.87451555165143,10.088784540973847],[76.87823202968445,10.097231302782461],[76.90165106914156,10.127559474690031],[76.90378812092507,10.133591215961872],[76.91408938012086,10.143103653710682],[76.91357517565388,10.148077898376357],[76.91708809573908,10.156837449788497],[76.92012338408693,10.159857410091433],[76.92272904650832,10.166142738596534],[76.92784004208431,10.169657259475002],[76.93070731818824,10.176198468484586],[76.93565159924196,10.178679722291406],[76.93978352089283,10.177909366624021],[76.95053607158252,10.172097114790063],[76.95978143406597,10.170390261801174],[76.96253691364768,10.1668403472043],[76.96749281214363,10.16569857243121],[76.97240857839324,10.160934342845678],[76.98006748282813,10.160849492709985],[76.98757614832067,10.165890121731763],[76.99098873913908,10.165593537012171],[76.99415993393387,10.162194283139684],[76.99679284401458,10.161595801405156],[77.00404750049182,10.162395276221048],[77.00884612824626,10.170416003995456],[77.01059872704968,10.169775519424718],[77.01932300435323,10.17242191843684],[77.02459842028094,10.176762709431557],[77.02870152585479,10.178062900682392],[77.03220802028397,10.172227414863357],[77.0353584245517,10.171623199950773],[77.04734979046054,10.174854472156198],[77.0610788489098,10.176099776883234],[77.06451868828691,10.168919381024637],[77.07040535092625,10.17237355289717],[77.07614264876429,10.171688922405906],[77.07999618077918,10.173819970315435],[77.08338583888542,10.17145341064645],[77.08744464745257,10.173426917118604],[77.09044825268478,10.178258677695851],[77.09081550613075,10.183378423675379],[77.08536046051688,10.186181910866537],[77.07743964022728,10.195326911707639],[77.07173287797002,10.19409624254763],[77.06962147395194,10.195051236225595],[77.06850018753369,10.19661632997969],[77.07045963220634,10.200631567293044],[77.07082803318724,10.205854811750214],[77.06931109812871,10.209080471286768],[77.05933207231732,10.209967361104873],[77.05301077542703,10.204654798680053],[77.04919221624783,10.205680461983775],[77.04490691702068,10.201949770165811],[77.04086458313407,10.206135010822152],[77.0358011733855,10.206915686209982],[77.03206990869938,10.211149235748678],[77.02660167632638,10.212762487299017],[77.02579260574424,10.21447938931243],[77.02855137414667,10.215897986203174],[77.02432455333553,10.217445728437667],[77.02089690516812,10.221054846304185],[77.02176044049202,10.224254133221734],[77.0263965184846,10.22694582389073],[77.04049298236532,10.22865285944198],[77.04969275012036,10.232173838352026],[77.05262067740239,10.230174684114445],[77.05526104106423,10.230248943833715],[77.06332805604501,10.234300029023188],[77.06575611135548,10.238568852670483],[77.06583408167756,10.245606765339971],[77.06324359621505,10.250034698842342],[77.05875917539566,10.251688807492542],[77.05379506788813,10.263481343189483]]]}},{"type":"Feature","properties":{"blockName":"Peerumade","districtName":"Idukki","state":"Kerala"},"geometry":{"type":"Polygon","coordinates":[[[77.02152171275691,9.668278890258648],[77.0279540003769,9.678326000144864],[77.02565000024737,9.69143600037114],[77.0230869998652,9.696660000258873],[77.02851900035165,9.699098000272556],[77.02838100028299,9.704843999950697],[77.03180699999314,9.711314999787476],[77.02976200011625,9.71678400018152],[77.015274000195,9.727797999977781],[77.01781499956263,9.735108999880481],[77.01257299974418,9.749981999569684],[77.01545000021741,9.759888999577697],[77.0149539998273,9.765740999647448],[77.02255200037456,9.771858000246539],[77.02653499969057,9.772592999967003],[77.02599299987708,9.775395999725674],[77.03382100023902,9.784337000152505],[77.0292970002564,9.789338999695133],[77.02864099968247,9.792254000122057],[77.0303730004137,9.79488700013502],[77.02581799990082,9.79666700038183],[77.00416599966121,9.812328000436935],[76.99981699965485,9.82113600012633],[76.99295799991182,9.819262000041306],[76.98738099993324,9.825815000062278],[76.98235226084819,9.82583445779403],[76.97705831169179,9.825635934251011],[76.97447751192772,9.825305062878385],[76.97024235260255,9.824246273047095],[76.96759537802433,9.822261042113439],[76.96613954200632,9.819018498704793],[76.9657424958196,9.810084959952974],[76.9597206291038,9.804129267152007],[76.95919123418815,9.8016808161168],[76.9601805792704,9.796146284823237],[76.96265465558793,9.790579609961071],[76.96353986457314,9.78272561289674],[76.96594706640406,9.75395174827463],[76.96925502110241,9.736059067072347],[76.97375721792133,9.723614545375028],[76.97420063764935,9.717413902429712],[76.9472730002488,9.720409000075335],[76.8943559998296,9.74868600005891],[76.88510100021102,9.745014999842397],[76.86615000042224,9.731380999733403],[76.87039199999089,9.726003999984641],[76.87638100008314,9.721643000324264],[76.88809199964612,9.71659100027449],[76.89590500021563,9.704313999791282],[76.90478499962808,9.683904000169548],[76.90589899973912,9.67513499958062],[76.91352043032367,9.669421531078854],[76.92032600044462,9.659477999709964],[76.92961900001688,9.650802999858627],[76.92952700027092,9.648227999822382],[76.92263800004372,9.642972000257657],[76.92269900015879,9.638048999861496],[76.92468299992055,9.633966000430632],[76.93720199987246,9.61965100039339],[76.9324569995909,9.614315999883559],[76.91404699956945,9.62508299998052],[76.9054869996254,9.632836999627898],[76.90044399999067,9.631969000069319],[76.89482099968944,9.625671000116597],[76.89586600021579,9.621252999626279],[76.89492800012715,9.619771999678107],[76.89091500032708,9.618779999797198],[76.88984699963936,9.616786999620388],[76.8939669998772,9.600714000350877],[76.89558399980183,9.584551999675114],[76.88714600008791,9.580791999850987],[76.88498700034984,9.57822099999919],[76.8886799997822,9.567377999994733],[76.88799999990016,9.558279000375592],[76.89013700042227,9.536841000112133],[76.90316000023387,9.535811000277477],[76.90689799994283,9.52335399958747],[76.93292200035012,9.502506999598381],[76.9374539998023,9.503896999846688],[76.94011700029938,9.499229999564875],[76.9485630003822,9.490831999896955],[76.95567300000903,9.490414000405849],[76.96055600035919,9.500178000114659],[76.96740699973333,9.506305000275574],[76.97618099965348,9.50030699976827],[76.98561100014757,9.484830000104466],[76.98416900019924,9.481030000234398],[76.98693099986582,9.477109000180235],[76.98492399994268,9.46681100012762],[76.96677400021997,9.462474999821438],[76.96132699994115,9.459808000039232],[76.94961500033207,9.445951999585134],[76.94214600033769,9.444774000120049],[76.94005600018431,9.440248000045187],[76.94580099981636,9.434154999653572],[76.94052100004416,9.429664000293428],[76.9636839998168,9.429303999879721],[76.97834000029081,9.424703999989674],[76.9929430001194,9.422277999630012],[77.00006100011512,9.422965999881058],[77.0057220003701,9.418657999966797],[77.01471699968982,9.419694000078096],[77.01429700010652,9.408758000281523],[77.01882578268379,9.40751670113491],[77.03006699979227,9.407321999710575],[77.0373989997641,9.412337999898853],[77.04379999997008,9.4131929997572],[77.05451200022867,9.417146000387675],[77.06801599973863,9.416397000021561],[77.05746499971002,9.433207000003108],[77.04875199990494,9.450981000372906],[77.05086500021963,9.45632600044462],[77.05483199969706,9.459819999693252],[77.059235000395,9.459585999694184],[77.06342300017138,9.458944999811933],[77.07023599959177,9.454517999805887],[77.0836029999785,9.459114000410864],[77.09305599973464,9.465277000433275],[77.10464499996681,9.478277000083551],[77.1205060002518,9.47787500043097],[77.12402299966175,9.480722999566808],[77.13172899979355,9.491670999916778],[77.1419750001462,9.48928399955696],[77.14414200025317,9.485716999639862],[77.14432499969905,9.480719000281681],[77.14170100010114,9.470015000391982],[77.14361600027826,9.460518000405443],[77.15577699990865,9.469103999749848],[77.16716800000324,9.469621000209031],[77.16822099999922,9.464243000414172],[77.1697009999013,9.465141999603645],[77.16952499987889,9.460711000312472],[77.1815490003861,9.470443000344233],[77.18338000028683,9.464107000437764],[77.18537100037145,9.463119999888136],[77.18279999962033,9.457190999864793],[77.18537100037145,9.45392200020018],[77.18823999957635,9.454913000034992],[77.18991899966215,9.45006799963852],[77.19271099981285,9.449161000080153],[77.1978840000466,9.450554999613587],[77.20214799973047,9.449167000356852],[77.20533800024856,9.450856000004421],[77.210265999976,9.445861999931424],[77.20771800028552,9.44137099967196],[77.21196700017697,9.442686000058927],[77.21467600009737,9.438440000305832],[77.224640000036,9.432651999590178],[77.22317499992636,9.424451000013676],[77.22583800042344,9.421929999769702],[77.22650100042091,9.41832399985276],[77.2309270003808,9.419526999571417],[77.2326279996825,9.416004999930863],[77.23022500038354,9.410597999697984],[77.24842799985237,9.385118000095702],[77.24968700035481,9.381125000318548],[77.24407200042253,9.36931299969524],[77.243125999965,9.35836500024459],[77.23907500021113,9.354066999892154],[77.23687699957395,9.349009999611837],[77.24018099995322,9.33937499955664],[77.23355099997872,9.331332000071768],[77.23645800003675,9.328471000336435],[77.23722799957255,9.325501000071142],[77.22688300005046,9.313570000255368],[77.22749300030176,9.295933999954173],[77.23046899994443,9.29698699995015],[77.2376330002628,9.292335000360026],[77.23979200000088,9.282442000098285],[77.24203500001528,9.284911999789017],[77.24627699958393,9.281914000031122],[77.24749800013268,9.288670999567046],[77.25797999967727,9.285481999994374],[77.26204700016899,9.280006000176797],[77.26847799995977,9.279245000156664],[77.28436999987565,9.271302999933539],[77.29087799962002,9.272097999722973],[77.28383600043111,9.290607999859333],[77.28349299990208,9.29980000016991],[77.29438000013693,9.304210000291334],[77.30019400025299,9.309874999831436],[77.30349000026337,9.319039999796189],[77.30202500015372,9.324579999867126],[77.29891999995812,9.32858800033597],[77.30177300022382,9.33020999959183],[77.30075800018165,9.336451999660085],[77.30717500022615,9.336667999728434],[77.31677999979723,9.33397399960046],[77.32803299982317,9.336954000326898],[77.32631699982971,9.343697000116492],[77.33725000038726,9.360180000306798],[77.33663900008986,9.363904000269429],[77.33966800037797,9.367656999770759],[77.33614299969975,9.372341999983348],[77.33635699967584,9.385226999726285],[77.34236099956053,9.387791000154607],[77.34143800016363,9.392654999628576],[77.34417000024536,9.398932000411548],[77.34395600026926,9.40318200034909],[77.33786800010819,9.410910999742896],[77.3381810001531,9.414769999635837],[77.34060699961339,9.417301000340956],[77.34656500007475,9.424348999806568],[77.34832800043694,9.430544000405348],[77.35109700042631,9.433084999772973],[77.35069299978215,9.440204999860896],[77.35937499995634,9.449617000424269],[77.36186200043102,9.454452000359595],[77.36806499960011,9.458917000319332],[77.37301600038819,9.457141000257025],[77.37670100035092,9.45291799976593],[77.38416300002251,9.453158000041697],[77.38875599958976,9.45453699978276],[77.39510300000353,9.460039999946105],[77.39386699966235,9.467944000215482],[77.39872699985119,9.47047800015963],[77.40332000031782,9.476685000412488],[77.40055100032845,9.479089999803705],[77.4003750003061,9.488400000159913],[77.40194699995413,9.495510999832845],[77.4043199996683,9.50028399960695],[77.41268899979758,9.505893000161905],[77.41128499980294,9.513736000316214],[77.40647099993674,9.513965000084738],[77.40277899965116,9.516117000399277],[77.40295492772776,9.521345474414147],[77.4031139998113,9.526072999969017],[77.38706199971159,9.517972999654262],[77.3825680002131,9.52407300036873],[77.37726600032573,9.525438000363465],[77.37094900039608,9.533161000379891],[77.3667829998356,9.535532000001865],[77.36673700041229,9.549503000363245],[77.36497500009625,9.555438999810065],[77.3627239997129,9.557798999824058],[77.35417200013774,9.559485000232598],[77.35198199986945,9.566044999677047],[77.35660599996697,9.573288000041202],[77.35981000023139,9.573080000341804],[77.36133599955679,9.576509000190242],[77.35697900008086,9.586867000311884],[77.35923799993378,9.594052999846099],[77.36084700038879,9.59685300036574],[77.36527999977221,9.595754000047123],[77.36737099997174,9.597301000340963],[77.35690300017336,9.604287999691508],[77.34452799966749,9.582421000328964],[77.34083600028123,9.572383999721865],[77.33703600041116,9.576545000051738],[77.3266600003588,9.579510000086486],[77.32571399990121,9.585119999788219],[77.32798000007699,9.587302999733708],[77.32672899994344,9.593655000378021],[77.330795000389,9.597779999947079],[77.32965099979384,9.599304000079599],[77.3249440003654,9.597980000176904],[77.32021299983012,9.602177000368329],[77.302352999991,9.596388999652675],[77.29540999997158,9.589144000095587],[77.29081700040427,9.590007000322828],[77.29115299971124,9.585646999809228],[77.27698500015771,9.575691000239544],[77.2737049999858,9.577163999818765],[77.27084400025046,9.573986999900171],[77.26637300001397,9.5743929997372],[77.25466199955167,9.582325000398498],[77.24563599970168,9.584860000388744],[77.23854099986733,9.581694000078073],[77.22476999973577,9.593308999710644],[77.22425100008365,9.597724000062613],[77.22098499965807,9.601150999818856],[77.21640799992929,9.601265999726138],[77.21215799999175,9.604552000174692],[77.21148699962538,9.613045999773135],[77.2014920000558,9.614751000158606],[77.19950099997124,9.611250999733898],[77.19465599957476,9.61026600017584],[77.19007899984604,9.605954000077077],[77.1827550002431,9.609451000363435],[77.17092899987352,9.610247000198967],[77.16729000023338,9.614755000343052],[77.17029600036017,9.617130000149416],[77.16998300031526,9.622699999805207],[77.17765799991685,9.628585999644201],[77.17602500015369,9.636076999753811],[77.16680899963569,9.638721000274018],[77.15690599981212,9.636859999889111],[77.15504500032654,9.639630999970734],[77.14496599958125,9.642195000399],[77.14142600000997,9.646934999550638],[77.13562000026286,9.64552500017868],[77.13517000019539,9.642812000073775],[77.12885999968927,9.645239999626313],[77.12203999994608,9.64207700035331],[77.10117299993408,9.648105000445469],[77.09468800035097,9.648283999706848],[77.09163699994764,9.65683300004298],[77.09249900012878,9.664041999738572],[77.0810780004494,9.667201999772544],[77.05022400033738,9.648937000142496],[77.04591400033092,9.640717999735955],[77.0245819995597,9.651386999810256],[77.01578500037755,9.653461000125105],[77.01322199999538,9.658744000035597],[77.01936299990257,9.658612000243693],[77.02152171275691,9.668278890258648]]]}},{"type":"Feature","properties":{"blockName":"Ambalappuzha","districtName":"Alappuzha","state":"Kerala"},"geometry":{"type":"Polygon","coordinates":[[[76.3956599998092,9.586894999804429],[76.38686399977382,9.588453999752346],[76.36903400041882,9.587899000238735],[76.3384700001904,9.595252000279629],[76.29932820423329,9.593023713173864],[76.31438485987343,9.504776325467105],[76.32828740563934,9.44579109018673],[76.34977020922781,9.383934500376938],[76.37882602839852,9.320766297926355],[76.37798185008239,9.319156677838464],[76.3796887084672,9.31872088166341],[76.3789640113801,9.317735728321281],[76.38197424371646,9.314253734122588],[76.38228471216979,9.310682487606755],[76.38545495098526,9.305258920063181],[76.39304399968091,9.306160000283853],[76.39422600022976,9.30161400018602],[76.3981250001687,9.305891999616165],[76.40000899981555,9.309899000038854],[76.4044420000983,9.336349000306143],[76.41262099955952,9.339216000318231],[76.41177400007012,9.34852899991347],[76.39852899991348,9.348113999661393],[76.3890610003649,9.352148999576741],[76.39490500006576,9.358883999896705],[76.39534799981038,9.364107999784437],[76.39826999966084,9.366729000143266],[76.40237400006009,9.36750099977138],[76.40484599984308,9.372652999936065],[76.40543399997915,9.38149500029408],[76.40296200019623,9.390879999612366],[76.3983760000524,9.388499999575345],[76.38722999956491,9.390596000005416],[76.37834900010631,9.409506999748317],[76.36164899980156,9.456451999959882],[76.36355599960973,9.470858999743086],[76.36328899988752,9.481833000392726],[76.36556999985567,9.49181200012373],[76.36945299995602,9.500688000251046],[76.38358299955587,9.517069000234244],[76.38471999982818,9.528206000306739],[76.39174700012398,9.545846999939158],[76.39460000038974,9.563117000449267],[76.3956599998092,9.586894999804429]]]}},{"type":"Feature","properties":{"blockName":"Karthikappally","districtName":"Alappuzha","state":"Kerala"},"geometry":{"type":"Polygon","coordinates":[[[76.47804999960783,9.333538000178635],[76.47630299998355,9.338723000066466],[76.4653779997949,9.339726999601396],[76.46192899992349,9.342971999957854],[76.46086899960471,9.347861999731549],[76.45268199977454,9.351314999787462],[76.45033300026779,9.346681000128115],[76.44548000040174,9.346719000081862],[76.44156599977111,9.349392000140767],[76.43567699979377,9.350068999884513],[76.42244000000608,9.337818999747071],[76.41671799963603,9.337634000208993],[76.41262099955952,9.339216000318231],[76.4044420000983,9.336349000306143],[76.40000899981555,9.309899000038854],[76.3981250001687,9.305891999616165],[76.39422600022976,9.30161400018602],[76.39304399968091,9.306160000283853],[76.38545495098526,9.305258920063181],[76.3961521007389,9.27967456852656],[76.45510866203517,9.154650652205873],[76.46162564330882,9.139564097704977],[76.46116014702324,9.138097353809883],[76.46234183101075,9.139413430685352],[76.46332010903586,9.134954356358492],[76.46404196156732,9.135336488188443],[76.46468993479272,9.135355650043266],[76.46674235497574,9.13519953672926],[76.46657262862396,9.132051214392106],[76.46687041124056,9.13201989280384],[76.46732430357383,9.130853116877915],[76.46578036727021,9.131337114016674],[76.46677857876847,9.13019898149787],[76.46703445117902,9.130273493027346],[76.47039986266361,9.13045189783685],[76.47120858430878,9.128956215556968],[76.4712767376314,9.128817478044198],[76.47126290425967,9.128540400519114],[76.47119145492178,9.128422435547009],[76.4717530302782,9.127170481232781],[76.47172222669946,9.127102547344748],[76.47059766944693,9.126177293347439],[76.46957135773204,9.127098601119599],[76.46931141948647,9.127060185679056],[76.46772014376967,9.127769305609036],[76.4685301514454,9.125420033607725],[76.47219979008833,9.125738241626607],[76.47176300375969,9.123451774679722],[76.47176375649224,9.123503272558025],[76.4700674345645,9.122858066546598],[76.47082639402294,9.121226652288215],[76.47088149458534,9.121220418187818],[76.47130047433745,9.122211888367985],[76.4713490341307,9.122223207235265],[76.47147043271434,9.122251506202076],[76.4715552136023,9.122256380527574],[76.47250449658532,9.122520237119318],[76.47247725701988,9.120115853763707],[76.47236091712267,9.120041453750162],[76.4710771384992,9.120703482479769],[76.47151337624138,9.119854249074365],[76.47423705039961,9.119346951400757],[76.47431642006677,9.11930775804666],[76.475862539025,9.116348948944903],[76.47738523514056,9.116304566502606],[76.47595500821711,9.120476325422146],[76.47534432807834,9.122169131899966],[76.47346122595485,9.126925165064392],[76.478968729923,9.127949241064698],[76.48093831085441,9.12540175308851],[76.48378589810079,9.126066405140534],[76.48627999962235,9.121421043446446],[76.50287599962775,9.122970999811855],[76.50846099997523,9.120917000419297],[76.50712599956529,9.127359999864154],[76.50854500025162,9.131198999734124],[76.51184799968547,9.132263000237344],[76.51459499955962,9.13580199976252],[76.53666700028191,9.134362999952543],[76.54315199986496,9.135575000086249],[76.54597499964655,9.141412000363573],[76.54300700037282,9.146202000022356],[76.54367799983987,9.150850000327296],[76.53376799969351,9.15443500017517],[76.53163900043955,9.162840000165943],[76.53855099992876,9.186509999936618],[76.53126500027957,9.18696999956586],[76.52256800031302,9.191061000264995],[76.51511400011105,9.191178000264529],[76.5111540000571,9.195115000157159],[76.5154339995795,9.202607000312867],[76.5167239997129,9.212190999814823],[76.50199100018455,9.213112000018839],[76.49807000013044,9.21515399975732],[76.49805500033807,9.22032399985278],[76.50682800021212,9.260525000228654],[76.50167800013963,9.266886000388638],[76.50196800002323,9.280324999599088],[76.50432599994502,9.292543000059482],[76.5012049999109,9.293372999664257],[76.50019099991476,9.289588999632656],[76.49325600026424,9.290160999930265],[76.49073800015861,9.29374299963979],[76.48978400023151,9.29765700027042],[76.49501799968101,9.307668999724626],[76.49268299992059,9.312111000422362],[76.4962390002297,9.322653000035984],[76.48886900030419,9.325813000069957],[76.48023999987618,9.325592999817161],[76.47644000000605,9.328381999829503],[76.47804999960783,9.333538000178635]]]}},{"type":"Feature","properties":{"blockName":"Karunagappally","districtName":"Kollam","state":"Kerala"},"geometry":{"type":"MultiPolygon","coordinates":[[[[76.60319499974952,9.128077999699997],[76.59077499986643,9.127720000277861],[76.58995099963897,9.119914000031144],[76.58635700027543,9.117644999717015],[76.585158999888,9.113519000101803],[76.57667499985143,9.114967000326828],[76.56968699955542,9.108071999822982],[76.55840299989859,9.106728999943414],[76.55120099962647,9.109659000162765],[76.54721099998773,9.122789999558904],[76.54335800037148,9.126553999567477],[76.54315199986496,9.135575000086249],[76.53666700028191,9.134362999952543],[76.51459499955962,9.13580199976252],[76.51184799968547,9.132263000237344],[76.50854500025162,9.131198999734124],[76.50712599956529,9.127359999864154],[76.50846099997523,9.120917000419297],[76.50287599962775,9.122970999811855],[76.48627999962235,9.121421043446446],[76.48378589810079,9.126066405140534],[76.48093831085441,9.12540175308851],[76.478968729923,9.127949241064698],[76.47346122595485,9.126925165064392],[76.47534432807834,9.122169131899966],[76.47595500821711,9.120476325422146],[76.47738523514056,9.116304566502606],[76.475862539025,9.116348948944903],[76.47431642006677,9.11930775804666],[76.47423705039961,9.119346951400757],[76.47151337624138,9.119854249074365],[76.4710771384992,9.120703482479769],[76.47236091712267,9.120041453750162],[76.47247725701988,9.120115853763707],[76.47250449658532,9.122520237119318],[76.4715552136023,9.122256380527574],[76.47147043271434,9.122251506202076],[76.4713490341307,9.122223207235265],[76.47130047433745,9.122211888367985],[76.47088149458534,9.121220418187818],[76.47082639402294,9.121226652288215],[76.4700674345645,9.122858066546598],[76.47176375649224,9.123503272558025],[76.47176300375969,9.123451774679722],[76.47219979008833,9.125738241626607],[76.4685301514454,9.125420033607725],[76.46772014376967,9.127769305609036],[76.46931141948647,9.127060185679056],[76.46957135773204,9.127098601119599],[76.47059766944693,9.126177293347439],[76.47172222669946,9.127102547344748],[76.4717530302782,9.127170481232781],[76.47119145492178,9.128422435547009],[76.47126290425967,9.128540400519114],[76.4712767376314,9.128817478044198],[76.47120858430878,9.128956215556968],[76.47039986266361,9.13045189783685],[76.46703445117902,9.130273493027346],[76.46677857876847,9.13019898149787],[76.46578036727021,9.131337114016674],[76.46732430357383,9.130853116877915],[76.46687041124056,9.13201989280384],[76.46568279712346,9.131960569025068],[76.46404196156732,9.135336488188443],[76.46332010903586,9.134954356358492],[76.45898393156324,9.135559362674485],[76.46352903593629,9.134349100930308],[76.46477927074682,9.131883030377594],[76.48665486852741,9.086256780725876],[76.51129868568586,9.029563086367375],[76.51976734868424,9.01512237190002],[76.51876807508665,9.010942306842026],[76.52121964587002,9.003904508386427],[76.52470478499788,8.982537356713692],[76.53726290545876,8.937429398947643],[76.53552417599997,8.93560948678845],[76.53765049347555,8.93503387841082],[76.54019852014562,8.938729268241161],[76.54005910274543,8.935731202832812],[76.54683330811076,8.937038293682349],[76.55334471088975,8.946584879588556],[76.55238936737544,8.95141682092958],[76.55027672499091,8.950960044470548],[76.55081142141,8.952362243123048],[76.54897019172103,8.953479684939566],[76.54893541403817,8.946772870271786],[76.54594189470271,8.942018348867748],[76.54835092755332,8.947791512568301],[76.546261930144,8.95208041358029],[76.54383142957687,8.952873871032352],[76.54419576472282,8.955519150388511],[76.53957636106026,8.95831379364671],[76.53472605106646,8.957918655821345],[76.53415970120932,8.960687323960883],[76.53900984033191,8.961559536843197],[76.53743055707463,8.963158901062457],[76.54081725820993,8.961821351074548],[76.5436662007346,8.96241274075544],[76.54631507647963,8.96972754838771],[76.54811870461458,8.97069904822257],[76.54942573071298,8.96979222043467],[76.55061987210945,8.973444682026525],[76.55490459127395,8.9773502416204],[76.56646957241287,8.97998945055275],[76.56713345644391,8.982466495532378],[76.56511699925017,8.984119475533419],[76.56705829560394,8.987737069510217],[76.56809411495152,8.98748851038647],[76.56835476096353,8.983395441246671],[76.57210516592073,8.982668205373443],[76.56942643268377,8.980117294577553],[76.57147486437356,8.97661651713861],[76.56835900576357,8.977244424690468],[76.55526649105576,8.97237194281098],[76.55418289252651,8.969957068863664],[76.55557446658844,8.966380450697272],[76.55717522925346,8.967605223002693],[76.56018789515531,8.96683510925294],[76.55569743628769,8.962711144803563],[76.55449643666128,8.964693234405274],[76.55115662977471,8.963005641297343],[76.54911947018746,8.96386744722497],[76.54708833156133,8.960854273206166],[76.54802500874723,8.956966294458994],[76.55063128810355,8.95825266402926],[76.55434165434394,8.955458226715848],[76.55764986085245,8.956057182393124],[76.5587013472894,8.957998040777],[76.55997328543884,8.957035022448395],[76.56034555620249,8.955907390413813],[76.5559829134807,8.952831019236214],[76.5571889735923,8.951738695484437],[76.55642042556224,8.949290288516067],[76.56357225265737,8.951473988134069],[76.56633767874092,8.95391165270064],[76.56805941011373,8.958525239548237],[76.56676638915758,8.960628893208877],[76.56559766889734,8.959868823987108],[76.56627087530069,8.962157849505218],[76.56860152683907,8.961276703657006],[76.56887591808919,8.964323371126738],[76.5725237481725,8.966566131921525],[76.5767099915729,8.973063546645392],[76.57378465703636,8.978885702713058],[76.58117150486112,8.983678243855934],[76.58402073157157,8.997233397703212],[76.58851676083992,9.001649945788415],[76.59367783696268,9.002533202345433],[76.5947453187415,9.005786313687452],[76.59388073480812,9.007911035765744],[76.6007808470585,9.010042213177655],[76.60100660207308,9.012395809119369],[76.59970930394127,9.013032359156114],[76.59280373910133,9.013023232835963],[76.59758310697487,9.017216300292091],[76.59325823038307,9.01808597708623],[76.5851446332183,9.014242789972855],[76.57803023950402,9.015619638535554],[76.57035119655052,9.020888939073302],[76.57035119655052,9.0231380310953],[76.56703884236873,9.029542115975914],[76.5631533511463,9.032913287618157],[76.56341768887529,9.035707711441773],[76.56062326505167,9.040125922373477],[76.56401566878816,9.044387055018603],[76.56756481806195,9.044353572359512],[76.5698416307867,9.045994217259363],[76.56729695768848,9.052221969368418],[76.56810053790957,9.055302363213514],[76.56662782521403,9.05887400722969],[76.56774344500406,9.06273086583684],[76.57325779730957,9.063145239261416],[76.57348092090785,9.061583370476228],[76.57493291142475,9.06200670654431],[76.577125999965,9.064526999921156],[76.57697300010392,9.06843400022899],[76.58689900008886,9.07225900035263],[76.5910029995888,9.080153000160863],[76.59749600044012,9.082798999874],[76.60283700032738,9.097920000207864],[76.60035700017545,9.105983999761804],[76.60079999992013,9.111207999649537],[76.6041030002533,9.118764000058604],[76.60319499974952,9.128077999699997]]],[[[76.46468993479272,9.135355650043266],[76.46657262862396,9.132051214392106],[76.46674235497574,9.13519953672926],[76.46468993479272,9.135355650043266]]]]}},{"type":"Feature","properties":{"blockName":"Kollam","districtName":"Kollam","state":"Kerala"},"geometry":{"type":"Polygon","coordinates":[[[76.59758310697487,9.017216300292091],[76.59280373910133,9.013023232835963],[76.59970930394127,9.013032359156114],[76.60100660207308,9.012395809119369],[76.6007808470585,9.010042213177655],[76.59388073480812,9.007911035765744],[76.5947453187415,9.005786313687452],[76.59367783696268,9.002533202345433],[76.58851676083992,9.001649945788415],[76.58402073157157,8.997233397703212],[76.58117150486112,8.983678243855934],[76.57378465703636,8.978885702713058],[76.5767099915729,8.973063546645392],[76.5725237481725,8.966566131921525],[76.56887591808919,8.964323371126738],[76.56860152683907,8.961276703657006],[76.56627087530069,8.962157849505218],[76.56559766889734,8.959868823987108],[76.56676638915758,8.960628893208877],[76.56805941011373,8.958525239548237],[76.56633767874092,8.95391165270064],[76.56357225265737,8.951473988134069],[76.55642042556224,8.949290288516067],[76.5571889735923,8.951738695484437],[76.5559829134807,8.952831019236214],[76.56034555620249,8.955907390413813],[76.55997328543884,8.957035022448395],[76.5587013472894,8.957998040777],[76.55764986085245,8.956057182393124],[76.55434165434394,8.955458226715848],[76.55063128810355,8.95825266402926],[76.54802500874723,8.956966294458994],[76.54708833156133,8.960854273206166],[76.54911947018746,8.96386744722497],[76.55115662977471,8.963005641297343],[76.55449643666128,8.964693234405274],[76.55569743628769,8.962711144803563],[76.56018789515531,8.96683510925294],[76.55717522925346,8.967605223002693],[76.55557446658844,8.966380450697272],[76.55418289252651,8.969957068863664],[76.55526649105576,8.97237194281098],[76.56835900576357,8.977244424690468],[76.57147486437356,8.97661651713861],[76.56942643268377,8.980117294577553],[76.57210516592073,8.982668205373443],[76.56835476096353,8.983395441246671],[76.56809411495152,8.98748851038647],[76.56705829560394,8.987737069510217],[76.56511699925017,8.984119475533419],[76.56713345644391,8.982466495532378],[76.56646957241287,8.97998945055275],[76.55490459127395,8.9773502416204],[76.55061987210945,8.973444682026525],[76.54942573071298,8.96979222043467],[76.54811870461458,8.97069904822257],[76.54631507647963,8.96972754838771],[76.5436662007346,8.96241274075544],[76.54081725820993,8.961821351074548],[76.53743055707463,8.963158901062457],[76.53900984033191,8.961559536843197],[76.53415970120932,8.960687323960883],[76.53472605106646,8.957918655821345],[76.53957636106026,8.95831379364671],[76.54419576472282,8.955519150388511],[76.54383142957687,8.952873871032352],[76.546261930144,8.95208041358029],[76.54835092755332,8.947791512568301],[76.54594189470271,8.942018348867748],[76.54893541403817,8.946772870271786],[76.54897019172103,8.953479684939566],[76.55081142141,8.952362243123048],[76.55027672499091,8.950960044470548],[76.55238936737544,8.95141682092958],[76.55334471088975,8.946584879588556],[76.54683330811076,8.937038293682349],[76.54005910274543,8.935731202832812],[76.54019852014562,8.938729268241161],[76.53765049347555,8.93503387841082],[76.53552417599997,8.93560948678845],[76.53543815764493,8.93335789914778],[76.53873037960341,8.932452704528714],[76.54061674536655,8.926845619529786],[76.54313093684334,8.910583273399425],[76.55446573470596,8.892257232285488],[76.56027068224626,8.888404615780416],[76.5657072854629,8.87991499318241],[76.57002745949973,8.877168850362182],[76.58312664627778,8.87063717506561],[76.56759001526706,8.879420450593386],[76.57158024063563,8.881984353894893],[76.58278125085411,8.880200856184615],[76.58353373879106,8.87933906734412],[76.58168253831855,8.875363605246207],[76.58492617800079,8.876316144674377],[76.59077913494917,8.87414465874906],[76.6094165078656,8.859926398784353],[76.63305978068439,8.834672331363038],[76.64343212139534,8.821819347484961],[76.64878329081625,8.810552564449324],[76.67345880368089,8.78084662177423],[76.67640699988317,8.78120199967259],[76.6778180002006,8.787860000039018],[76.67954299970972,8.787854999808417],[76.68341100001771,8.775268000318022],[76.69033099987581,8.777200000379764],[76.69376399990875,8.78431100005264],[76.69412999969978,8.790340000190895],[76.70277399992023,8.79014300009942],[76.70410900033016,8.79203500011522],[76.70732100006416,8.788809999781733],[76.70974700042376,8.790297000006603],[76.71085400021201,8.793164000018635],[76.72247300002897,8.800824999873896],[76.72547099978686,8.800932000311604],[76.74341599994847,8.79484800033498],[76.76030700006805,8.794222000245156],[76.76136000006403,8.797952999631264],[76.76856200033609,8.796955000373032],[76.77301000041126,8.80044400029044],[76.77071399975137,8.802978000234589],[76.77233099967594,8.803547000393792],[76.77384900043108,8.807734000124071],[76.79257999996707,8.807962999892595],[76.79352600042466,8.811979999877167],[76.79036700043679,8.816356000229291],[76.78559099962501,8.817060000318804],[76.78559899999391,8.818897999643013],[76.78894799975046,8.820783000235338],[76.79240399994472,8.820369000029359],[76.79457100005169,8.826391999890916],[76.78131899957225,8.841192999857128],[76.77838099988327,8.842752999851086],[76.78147899975608,8.852047000368827],[76.77994500006179,8.858886000088887],[76.77674900016626,8.860883999596979],[76.76676200006631,8.855028000242044],[76.76140600038667,8.859420999579527],[76.75772100042389,8.857813000069939],[76.75370799972444,8.860774999966338],[76.75284600044262,8.866319000221722],[76.74138599986406,8.876907000157985],[76.74665800016663,8.897601000285988],[76.73909000010349,8.896308000014244],[76.72944599963324,8.900942999719689],[76.72853900007487,8.904933000257813],[76.73249099975988,8.908777000358327],[76.72435000025234,8.92313000034926],[76.71005999956941,8.932495999690673],[76.70790900020023,8.93756100033994],[76.70417000044523,8.941046000072902],[76.70205700013048,8.950898000242546],[76.69492300029628,8.951290000333302],[76.69050599985206,8.974514000221006],[76.69864700025892,8.980081999784488],[76.69897500009625,8.984189000322147],[76.68517300033375,8.98727100035643],[76.679321000264,8.990455999744654],[76.67634287552335,8.99662886532991],[76.6747059996822,9.000360999660472],[76.6748890000274,9.010059999969087],[76.68006100021506,9.026561000090112],[76.66604599962324,9.023348000310023],[76.66168199982451,9.026314000390869],[76.65196999981572,9.025130999795863],[76.64957399994017,9.022222999691735],[76.65074900016629,9.017559000447534],[76.64903999959637,9.01447100013661],[76.64240300019839,9.015331000225501],[76.63526900036413,9.012289000237217],[76.6317520000548,9.005077000403276],[76.63169900030869,9.000382999775695],[76.61218999996856,8.996384999767997],[76.60759000007852,9.004648000404927],[76.60488899962769,9.006679999682262],[76.60741115370183,9.017139886696441],[76.59758310697487,9.017216300292091]]]}},{"type":"Feature","properties":{"blockName":"Thiruvananthapuram","districtName":"Thiruvananthapuram","state":"Kerala"},"geometry":{"type":"Polygon","coordinates":[[[76.880127000161,8.659163999818759],[76.87660999985167,8.658316000283207],[76.87271099991278,8.66194699955446],[76.87088000001205,8.666029999884643],[76.87056699996714,8.672060000068996],[76.85697199985799,8.67136000016393],[76.84563400040884,8.661922000200207],[76.84271199965912,8.666009999861672],[76.82565299988607,8.651192000010838],[76.82332599959528,8.645973000353706],[76.82400500033054,8.641952000184688],[76.82836900012933,8.639524999778985],[76.83602899993843,8.639097999872831],[76.83675400009707,8.634788999912473],[76.83501399989626,8.630717000089533],[76.83189399990823,8.628716999589926],[76.82215899973812,8.630070999976738],[76.82018999976873,8.625941000177079],[76.82032799983739,8.619681000178048],[76.81578099969346,8.619294000317893],[76.80969999985518,8.623849999977551],[76.79843607936164,8.617625519602086],[76.88740440588867,8.50639173559017],[76.92372899729543,8.464726309771436],[76.92373257569784,8.462696335767305],[76.92467116664108,8.46334616339476],[76.92832425506037,8.459719312696166],[76.95798973993459,8.42505688516718],[76.97207093332696,8.400326987600465],[76.97303733400582,8.39643336021146],[76.97097219920767,8.39479075568886],[76.97130575595594,8.391908736099367],[76.97598440155895,8.388532032727198],[76.97545022314932,8.385080685625212],[76.97652993121142,8.386549509652184],[76.97929101986472,8.385010870355416],[76.97889641803533,8.382572710262423],[76.99340843525113,8.391276784296224],[76.99099788704291,8.38131483840914],[76.99324604736722,8.37892265615568],[76.99301687223095,8.376822752667977],[76.99730062282555,8.374792096078409],[76.99917804303232,8.3776660811248],[77.0024660966331,8.377248952177467],[77.00825933500039,8.379491023192202],[77.01383729455557,8.386091984957204],[77.01807636323366,8.388595693036848],[77.01988929665379,8.387130758577712],[77.01964528989828,8.39164973494735],[77.0320890004071,8.403133000087905],[77.04297599974262,8.421567000316884],[77.03584299995453,8.427361999556695],[77.02445199985993,8.431148999726588],[77.01381699955493,8.442168999799549],[77.01502999973474,8.447738000308505],[77.00813300003796,8.456865000319567],[77.00500493403052,8.468176324977492],[77.00558500034754,8.5051480001801],[77.00830099969141,8.515023999657899],[77.01498400031142,8.524212999830127],[77.0090639998038,8.537991000284478],[77.01097099961203,8.542125000268584],[77.01554900028617,8.546835999881523],[77.01545699964089,8.54947700026338],[77.01120098953407,8.54963339596452],[76.99376700034685,8.55065299963627],[76.98550399970986,8.54497899968112],[76.97145800038646,8.546064000253466],[76.96927599958775,8.5587770001585],[76.95967900038562,8.563041999888412],[76.9546590000129,8.56270300044315],[76.95019500009926,8.567598999594225],[76.94007099997674,8.571317000179477],[76.93836999977572,8.575361999656593],[76.94161199999388,8.578513000174894],[76.94133799994881,8.582550000182437],[76.93730900031017,8.582169999745759],[76.93477600041217,8.584315999783598],[76.93622599983007,8.58719100016458],[76.93468499981293,8.588984000111566],[76.93237300021383,8.587268000118172],[76.92813099974592,8.59155099977886],[76.93118999961882,8.593323999702875],[76.92520899989546,8.605961999746512],[76.91410100026098,8.60847599966769],[76.90842400016754,8.61206199956166],[76.90400699972332,8.617775999562753],[76.90259600030521,8.623996000415161],[76.8932799996723,8.627301999987367],[76.8852839996569,8.641938999585193],[76.88780199976253,8.650794999689538],[76.880127000161,8.659163999818759]]]}},{"type":"Feature","properties":{"blockName":"Neyyattinkara","districtName":"Thiruvananthapuram","state":"Kerala"},"geometry":{"type":"MultiPolygon","coordinates":[[[[76.97889641803533,8.382572710262423],[76.98255177364547,8.38187033794577],[76.98641593474764,8.37541620309537],[76.9895327628268,8.37331663505472],[76.987530890838,8.377133633010828],[76.99207455809443,8.377900802380168],[76.99110595767388,8.375167325611642],[76.99301687223095,8.376822752667977],[76.99324604736722,8.37892265615568],[76.99099788704291,8.38131483840914],[76.99340843525113,8.391276784296224],[76.97889641803533,8.382572710262423]]],[[[76.99730062282555,8.374792096078409],[77.00245084143324,8.369820499916159],[77.00323590281471,8.36597572100277],[77.00687916164406,8.362572392302127],[77.00933221091287,8.35703877382042],[77.01585516998017,8.354984545100706],[77.02815224602938,8.346153454418413],[77.09967077688492,8.290398520075712],[77.10380599994699,8.299695000024258],[77.10858199985944,8.304975999842554],[77.1157149996476,8.305724000162513],[77.1174549998484,8.309167999803378],[77.12389400000814,8.309282999710717],[77.12004899986152,8.319329999879642],[77.12804399983077,8.320591999621115],[77.13076000007402,8.324210000091455],[77.14118200044902,8.330696999766758],[77.14986399972389,8.332017000384326],[77.15631100025251,8.327884000446318],[77.16401700038432,8.328054000192026],[77.17065628136237,8.330652488721398],[77.17085865040644,8.330685201560868],[77.17119618575543,8.330647444424073],[77.171629149066,8.330684241084896],[77.1717023170084,8.330618454777891],[77.17204766027135,8.330249480029522],[77.17390536284228,8.329574697114651],[77.17432702976868,8.329397947956977],[77.1750972253567,8.329671038787467],[77.17532559200254,8.329760300997123],[77.17539425614007,8.329831315962508],[77.17248499968304,8.333507999894323],[77.17019700029141,8.343326000294724],[77.17607099957701,8.353083999726834],[77.1712569997108,8.362615000381993],[77.16670999956688,8.36244299964477],[77.15496100005015,8.353488000370987],[77.15456399972885,8.35957300039371],[77.16239900041359,8.3701360000764],[77.16034700021396,8.376852999566324],[77.15494500021163,8.380356000129325],[77.15391500037703,8.38638500026758],[77.15984300035421,8.390690000043492],[77.16490199982746,8.389598000047727],[77.16852599967518,8.383340000140947],[77.1728359996817,8.385349000156282],[77.1836170004243,8.395795999885536],[77.18621799986084,8.403431000340447],[77.19134499977196,8.409688000201072],[77.19698028930895,8.415212867379978],[77.19700311140451,8.415316061886813],[77.19700968904596,8.415345806064124],[77.19697016833868,8.4156785920934],[77.19666761391932,8.415771530731604],[77.19565396016219,8.416113822594866],[77.1940917793122,8.4158593899989],[77.19345307719783,8.416096364955308],[77.19362816530764,8.416593769187159],[77.19340230237441,8.416680182344578],[77.19268405072842,8.416954161705235],[77.19165791528064,8.417937858145706],[77.19103767804648,8.418197669586846],[77.19099638117808,8.418521788849546],[77.1909814416403,8.418787356851112],[77.19076933473707,8.419071022809476],[77.19031067060104,8.42040613743336],[77.19072093862047,8.421090374920936],[77.19683152885204,8.420474901395608],[77.19687037596714,8.421933483043858],[77.19673435710496,8.422676166571875],[77.19731933641827,8.422865126724275],[77.19758047705744,8.422944407358557],[77.19914225231315,8.423990321596136],[77.20173599961674,8.43552199994042],[77.20774100044684,8.442811999773994],[77.2286380000437,8.445849000431053],[77.22616025988816,8.450221985356393],[77.21686710293449,8.452903609014413],[77.21548003357674,8.455898417078345],[77.20824069615128,8.462679156917602],[77.20423018657391,8.459103522609553],[77.19816610388267,8.460698062865333],[77.17689206621594,8.476954742367525],[77.17493332841042,8.471442977411527],[77.17009724659073,8.468739341047808],[77.16510884929403,8.468320468315028],[77.16468997566193,8.461846973758895],[77.15948935634879,8.456928416013625],[77.15935059185637,8.449500226354417],[77.15502260091233,8.447868359737072],[77.15335002918056,8.445414370676701],[77.15461973611201,8.438765734051458],[77.15061842929714,8.437720166952204],[77.14946504427644,8.434872135440742],[77.1481641317693,8.439043505853135],[77.13744939757169,8.452032915086988],[77.13229204734017,8.452849932978097],[77.13000647701733,8.451175355758096],[77.12704202377046,8.453800367992642],[77.11880491911177,8.452352086279802],[77.11432174475277,8.454495052005086],[77.10373926485522,8.450490922218307],[77.10267942191786,8.45206312781113],[77.09837485201786,8.45244454468002],[77.09537799889557,8.456013524004959],[77.0926535881926,8.455032735972054],[77.09120050769735,8.448775459120213],[77.08805888441003,8.446012344294274],[77.08720710682258,8.442403591552534],[77.08187402007002,8.441774399768804],[77.07927784369758,8.439728927747865],[77.07423409043099,8.42897954626909],[77.07275031877225,8.428564090060775],[77.06550951725046,8.432421894754668],[77.06178155307629,8.42822419938733],[77.06253744224921,8.426591480212664],[77.06577264539135,8.425623942790764],[77.07234515440541,8.415868591862079],[77.07348899761922,8.409781248206116],[77.07060961394257,8.408228885254914],[77.06399431968214,8.41353708596779],[77.06203025069556,8.413679067335124],[77.06068214086815,8.416522255098016],[77.05759613705214,8.416172896362127],[77.05513039295334,8.421168409994152],[77.04243508900822,8.424969043886335],[77.04642570827986,8.431622369576758],[77.04439275122456,8.433881211149014],[77.04336698719675,8.438293110638597],[77.04770839782435,8.439200861130871],[77.04815021496051,8.44367295404362],[77.04663604261935,8.445072744311744],[77.04248721461335,8.444792418435384],[77.03818148458788,8.451142894728832],[77.0335349681643,8.45316631627253],[77.03217632817507,8.455378055852634],[77.03321900485327,8.459169608390766],[77.03130826386536,8.461262034915023],[77.02853859837768,8.462042222870366],[77.02725128811653,8.46438278583696],[77.02311629168355,8.46383665543732],[77.02103631177641,8.470082057640923],[77.01887363111325,8.468820494969918],[77.01694965300413,8.473134732581912],[77.01369178514784,8.473526616660081],[77.01103555294844,8.470769515600693],[77.00572308944908,8.469996183177386],[77.00500493403052,8.468176324977492],[77.00813300003796,8.456865000319567],[77.01502999973474,8.447738000308505],[77.01381699955493,8.442168999799549],[77.02445199985993,8.431148999726588],[77.03584299995453,8.427361999556695],[77.04297599974262,8.421567000316884],[77.0320890004071,8.403133000087905],[77.01964528989828,8.39164973494735],[77.01988929665379,8.387130758577712],[77.01807636323366,8.388595693036848],[77.01383729455557,8.386091984957204],[77.00825933500039,8.379491023192202],[77.0024660966331,8.377248952177467],[76.99917804303232,8.3776660811248],[76.99730062282555,8.374792096078409]]]]}},{"type":"Feature","properties":{"blockName":"Thalassery","districtName":"Kannur","state":"Kerala"},"geometry":{"type":"Polygon","coordinates":[[[75.4627839999817,11.929481000347948],[75.48023199970709,11.904217999960792],[75.48473399957447,11.904205000260617],[75.49523199985697,11.91238899995244],[75.50149499999429,11.913857000200437],[75.50983399963945,11.91345899983304],[75.51546500030958,11.911138999864988],[75.51993599964675,11.90068399976684],[75.51642599966021,11.895684000316407],[75.50968900014732,11.890265999576286],[75.5099870003998,11.877970000015523],[75.5067060001818,11.869123000326226],[75.50558499974801,11.859200999626466],[75.50535599997949,11.855361999756553],[75.50721700036434,11.850741999843478],[75.50054900043608,11.845779000300695],[75.49271399975134,11.843995999915535],[75.49041699994467,11.83833799979891],[75.49045599994452,11.833227999772419],[75.49310299970375,11.830153000060932],[75.496254000222,11.834412999560357],[75.50068699960542,11.834297999653018],[75.50495899965819,11.826826000419658],[75.50449399979829,11.822471000136602],[75.4995959996557,11.823286999995105],[75.49062299955182,11.82007900044556],[75.48464199982851,11.821423000371226],[75.4782259998301,11.817608999855509],[75.46625206637981,11.815130620281934],[75.46069698377886,11.804144486878613],[75.463933245423,11.797192923514672],[75.46297803410903,11.781685221895543],[75.45896797689068,11.776042151424178],[75.45439610689488,11.777131721451838],[75.4536646145304,11.771186952715766],[75.46057777954093,11.765917242087085],[75.46504440457568,11.766807391048303],[75.4733390379663,11.763441159382069],[75.48322208183367,11.753212751567276],[75.4854468094228,11.746466548392561],[75.48916791626635,11.745438930862008],[75.48863434849642,11.744148121338753],[75.48928062739907,11.745362039726388],[75.49117793701225,11.744073105289601],[75.49753232715523,11.73535218515525],[75.49808712791867,11.732956911931979],[75.50121548170915,11.729811771396157],[75.50244017577353,11.728915608668444],[75.49888442637524,11.73242215975489],[75.50056218539657,11.73374991522644],[75.50431179625247,11.734175060730536],[75.50719623052169,11.732405376606891],[75.5047949651156,11.72940743260699],[75.50725610468555,11.731678727990925],[75.50892013915313,11.730418780502362],[75.51636688722215,11.718838222206216],[75.51677085549062,11.715945534858577],[75.52028453730162,11.714900144026501],[75.52468523933237,11.707022761890983],[75.52688837240055,11.707327208483946],[75.5309467250114,11.704115674598768],[75.5345156260953,11.709770225815305],[75.53081976142289,11.711441874842706],[75.53155498507454,11.715766241518907],[75.5278320004465,11.722136000176306],[75.53005999976921,11.731813000369698],[75.5322489999914,11.734015000292061],[75.53796400003864,11.73336199985647],[75.5397339998243,11.73506700024194],[75.54061900016677,11.74378200013922],[75.53309600038017,11.752666999782264],[75.53337099957201,11.7557049995861],[75.5357440001855,11.758312000198714],[75.54363299976319,11.759300999941217],[75.54612000023786,11.757653000385687],[75.5464480000752,11.739225000433464],[75.54502099991925,11.733960999600527],[75.55522900031815,11.729221999595666],[75.5587839996819,11.725095999980454],[75.55924999958785,11.721127000410775],[75.55751799975593,11.718223999637928],[75.5406040003744,11.714092999792172],[75.54288999967378,11.709190000318301],[75.54017988189611,11.70945173271133],[75.54413439968283,11.70358125966743],[75.55623599999149,11.701359999864167],[75.5625689997596,11.691571999947882],[75.56430799991432,11.686840000265875],[75.56314800037995,11.682898000142643],[75.5642089998455,11.679895000154204],[75.56826799996827,11.677768000093181],[75.57072399991273,11.674114999807443],[75.57780500000081,11.676202999868622],[75.58904300023431,11.687473999825272],[75.59859500005928,11.686304999875915],[75.60333300001798,11.687564000378359],[75.60507200017275,11.694717000189428],[75.59506199991142,11.700712999705217],[75.59487200014274,11.707834999885392],[75.59134700036384,11.713624999793979],[75.59246799989836,11.715047999765432],[75.59928899968764,11.714602999928559],[75.60247800015964,11.716967000127],[75.60659000002852,11.71582499962409],[75.61029099982983,11.717262000241192],[75.62480900023525,11.729121000333976],[75.62823499994533,11.73618899982256],[75.63586400012355,11.735508999940464],[75.65841699964488,11.754141000306959],[75.66827400004513,11.758360999760384],[75.67120400026448,11.767111000372438],[75.68602800039196,11.77625300017587],[75.69155900004785,11.795356999825742],[75.69451100038242,11.797554999563602],[75.69784500034655,11.798541000067132],[75.7069019998275,11.79565400003213],[75.71704099974238,11.794765000404482],[75.72449499994434,11.789828000262048],[75.72847700011351,11.78282500017366],[75.73333700030236,11.779598999794075],[75.73831899982201,11.780909999996538],[75.74025700016051,11.786159000137786],[75.74914599998795,11.78391199993888],[75.75505099980387,11.784512999775188],[75.75590499961612,11.787430000294307],[75.75411199966908,11.791938000438392],[75.75053400014406,11.795202999918558],[75.74974799987035,11.801064000403358],[75.75357800022459,11.803307999564595],[75.7726209997594,11.801024000357359],[75.77723700038729,11.797687000254882],[75.7828290001583,11.807870000400271],[75.79675300015089,11.814262000191206],[75.79817199993789,11.823542000063298],[75.79678299973568,11.828502000367052],[75.78993999983118,11.835391999741034],[75.79083999996607,11.840713999651427],[75.7922520003296,11.845525000278599],[75.80042300032125,11.845798000277512],[75.80332491920973,11.847673109226662],[75.79570439424248,11.846300681731122],[75.79376960088644,11.848968273267246],[75.79098325027684,11.849559088281353],[75.78777893075312,11.846105057602358],[75.78615353835517,11.840974859702044],[75.77784294739416,11.83816162475921],[75.77444306669423,11.839748480308174],[75.77309642456038,11.842648069952531],[75.76945246336055,11.84320783227571],[75.76267609062916,11.847844103622549],[75.75980971384729,11.848108962058973],[75.75581845605694,11.84604364919511],[75.75312129481199,11.85052302301915],[75.75574251280676,11.853010260914857],[75.75961201857984,11.853428835972068],[75.7646557907322,11.861543736254475],[75.75904076741756,11.86235465674207],[75.75604132694576,11.86633103165184],[75.75713023237438,11.869587495666451],[75.75532081980003,11.877579891199048],[75.75101414818442,11.874399954094656],[75.7463426935605,11.874615002680287],[75.74136868901383,11.870951531587934],[75.74041132112563,11.874441276144012],[75.7286810481919,11.88040302587899],[75.72550134581053,11.884103179418219],[75.72244593962847,11.882803751691824],[75.71909957038889,11.884389330203476],[75.71568473666133,11.882936952078751],[75.71273122006983,11.885319706739097],[75.71049597580867,11.884590033703148],[75.71028594993669,11.88794355615022],[75.70724982611864,11.887014316357636],[75.70395138175093,11.889560916702976],[75.69893633034741,11.889259570073136],[75.69761822909805,11.891237277278549],[75.69746404393055,11.905340314304112],[75.66029942817613,11.907636496627049],[75.64447361476556,11.90603523573759],[75.64235881310879,11.904750610852034],[75.630343250041,11.90570667472332],[75.62996002463547,11.911310004153393],[75.63306214610122,11.914801622896618],[75.6336825640991,11.918440573074065],[75.62572388594862,11.921667107650933],[75.62906086087008,11.92852987915063],[75.6258033977087,11.93399383434803],[75.62075719289021,11.935907811996003],[75.61888057487869,11.93941467784515],[75.6102936618231,11.938082608325772],[75.60617908629587,11.938786503194592],[75.60171334529468,11.93683839807369],[75.59291503130373,11.939664110210572],[75.5915231577676,11.946842297334229],[75.59621060503542,11.954842427935773],[75.59692421617967,11.96274419608784],[75.60098938295374,11.963154551341518],[75.60235701076749,11.96491914620168],[75.60232986832881,11.972337752685178],[75.599007000173,11.973341000386881],[75.59970099980137,11.978232000206674],[75.59783900026969,11.98194299956981],[75.59201799983089,11.980426999806241],[75.57429500001427,11.983054999588603],[75.56421700021446,11.981716999939636],[75.5630282511529,11.980251789388603],[75.55706799968851,11.97547800000973],[75.55299399977332,11.966520999744375],[75.5494459998331,11.965558000301542],[75.54660800025908,11.96798599985408],[75.54503599971167,11.971808999885468],[75.54795799956207,11.975409999571866],[75.54825599981461,11.979381000133117],[75.54599800000773,11.990373999860253],[75.54031399959149,11.991553000270812],[75.52699300042667,11.989017000234412],[75.50971999977821,11.988207999799386],[75.50882699996612,11.977118000095686],[75.50408900000741,11.96602500025358],[75.50492099970444,11.956450000267353],[75.48544299989459,11.939592999917068],[75.48029299982215,11.936540000320804],[75.47364800005522,11.935759000277699],[75.47032899988352,11.931523000086429],[75.4627839999817,11.929481000347948]]]}},{"type":"Feature","properties":{"blockName":"Pathanapuram","districtName":"Kollam","state":"Kerala"},"geometry":{"type":"Polygon","coordinates":[[[76.77121699956496,9.074661999651596],[76.77591699956992,9.06422400033739],[76.79175599973968,9.058109999876649],[76.7968059996972,9.054676999843707],[76.80502300001149,9.05529400041786],[76.80579399959345,9.044314000390841],[76.80142200032509,9.040447000129006],[76.80679299979715,9.027646999809235],[76.7980959998306,9.023875000331032],[76.80252099974439,9.015734999970334],[76.80905199965014,9.015736000016432],[76.83355700015551,9.022354000336918],[76.85077700015847,9.016396999921653],[76.86162600043963,9.014691000389405],[76.87245199966009,9.01654699964439],[76.88249999987517,9.009735000270098],[76.89493599959678,9.00531399964143],[76.89585198787898,9.002120420720871],[76.90120634629591,9.006729906659928],[76.90491727281392,9.006681845091123],[76.90671923180713,9.008403839065977],[76.91052755220483,9.007358306140986],[76.91028975257007,9.004332668417987],[76.91309218755447,9.005372498741849],[76.91621437829099,9.004355504003343],[76.92072606835342,9.006898693220137],[76.92233679280878,9.001368777247308],[76.92360241142222,9.002927867127426],[76.9277512718038,9.001813522576072],[76.93103895938054,9.004181061606744],[76.93339379009137,9.004190139363516],[76.93177064060262,8.997637354280528],[76.93281784087071,8.994768453101699],[76.93545942671125,8.993695396425437],[76.93911364198107,8.986503589968777],[76.94368571072704,8.987227679114142],[76.94145170213443,8.985700495381593],[76.94116101516875,8.982320548154803],[76.94476845130305,8.982106666889194],[76.94620258757942,8.984314125696415],[76.95026851607923,8.98334272568627],[76.95016711661918,8.982025548040667],[76.9467879356148,8.98296292579846],[76.94600949144495,8.9808624854154],[76.9505092376113,8.978290801179583],[76.95219059032354,8.975708253133405],[76.95319940662739,8.976207921858133],[76.95366303592044,8.974465139154916],[76.95511634304484,8.974595351993969],[76.95737341834865,8.97094876117643],[76.96095465183578,8.970967842991627],[76.9610445732485,8.968695645587616],[76.96665738782826,8.96506133141537],[76.96920989582009,8.977966770050443],[76.96717347097893,8.981197277832166],[76.96745413500037,8.983395817163284],[76.97086493796655,8.98843904162851],[76.97731050137861,8.987016116300765],[76.97942906759744,8.99431305440396],[76.97390815293898,9.002734601920395],[76.97184024912826,9.00923523801589],[76.97262534378467,9.017299370669491],[76.96624008081511,9.025457706408076],[76.96628301984555,9.026805650760195],[76.96844570770332,9.027643248736979],[76.96182171340143,9.033458358616429],[76.95911400400814,9.033129219338036],[76.95832544696185,9.031001491725533],[76.95369305888761,9.033905081554337],[76.94845598465605,9.03470241058784],[76.95582413737412,9.039580014106434],[76.95840615032364,9.042912879126106],[76.95456851112795,9.047482120403572],[76.95216591472524,9.04785486061337],[76.9515011763383,9.050417174812821],[76.95576707539027,9.058012974719077],[76.97184977744536,9.052415330802944],[76.97548654676677,9.056055225268494],[76.9797039282937,9.052746890156925],[76.98788593059129,9.053774064321658],[76.99104247722858,9.054410683606193],[76.99720128730962,9.060855178623626],[77.00018978932735,9.0649928109695],[77.0007333179883,9.069481552131947],[77.0037361812798,9.069893720418918],[77.00787597379718,9.066344394877945],[77.01355810362367,9.066628485316414],[77.01662646543906,9.06922069567861],[77.01938858471544,9.069050263359031],[77.01886270524972,9.076291419213646],[77.02787393193648,9.089623923405384],[77.02620005528837,9.099268369939352],[77.02908335371387,9.09798140861517],[77.02926416690781,9.10076423208369],[77.03168287106769,9.103972329659314],[77.0312669598024,9.123027917004833],[77.03584419605284,9.125117355981217],[77.03343999975624,9.127566000370678],[77.02634399987573,9.12680899963567],[77.01897399995022,9.13058800033599],[77.01026899961471,9.138874000234978],[77.00024399956101,9.132131000445384],[76.99410199960766,9.137284999802944],[76.97360999980168,9.146536000136336],[76.94841799999074,9.161241000172083],[76.93788900007735,9.169463999863751],[76.93067200001286,9.17154100031695],[76.92645299970621,9.156097000376292],[76.92931400034092,9.1389249998889],[76.9420549997385,9.137563000032458],[76.95014200035308,9.132341000237034],[76.96598799994632,9.127321999910407],[76.94887500038101,9.116452999606281],[76.93697400015003,9.117407000432763],[76.92237100032145,9.122656999720789],[76.91437500030605,9.124019999623329],[76.90532700034083,9.123143999695856],[76.90429699960691,9.115755999839564],[76.9026720002127,9.116408000229058],[76.89742300007146,9.130237000337331],[76.89039599977565,9.124118999692143],[76.87566400029345,9.130223999737836],[76.86788200025416,9.122872999789138],[76.86345700034036,9.124619000266705],[76.86208299993058,9.11830499957614],[76.86051899975212,9.116760000273814],[76.85570499988592,9.118445999783091],[76.8509979995581,9.112312000198699],[76.85070091481543,9.101935894925646],[76.84932699984125,9.098287000045048],[76.83738699961037,9.093611000247506],[76.83291600027326,9.094316000383174],[76.8291700001954,9.093238000133624],[76.82389099957004,9.095271000356433],[76.8177190000319,9.100585999943974],[76.81614700038381,9.104963000342252],[76.81369000039325,9.107215999918537],[76.78485099967395,9.113316999779784],[76.76737999978724,9.097423999817806],[76.76874499978197,9.089195999895537],[76.77124800009517,9.085045000026753],[76.77121699956496,9.074661999651596]]]}},{"type":"Feature","properties":{"blockName":"Cherthala","districtName":"Alappuzha","state":"Kerala"},"geometry":{"type":"Polygon","coordinates":[[[76.27753015499269,9.78777714439974],[76.2842117760527,9.749773337969202],[76.29482003591596,9.627688161479512],[76.29932820423329,9.593023713173864],[76.3384700001904,9.595252000279629],[76.36903400041882,9.587899000238735],[76.38686399977382,9.588453999752346],[76.3956599998092,9.586894999804429],[76.39935300014088,9.630586000143865],[76.39797200030762,9.645820000292815],[76.39772000037777,9.665756999685811],[76.40331300019488,9.684328999983393],[76.37734200043303,9.695210999987694],[76.37778500017765,9.70813299963828],[76.38187399988522,9.726200000030019],[76.3818210001391,9.749926999731315],[76.36621900010681,9.791580999663438],[76.36837000037525,9.80000999986163],[76.38176000002403,9.81553599998648],[76.37954699959442,9.828880000211882],[76.37333700010254,9.835649000301146],[76.37060500002082,9.841127000210918],[76.37021600006841,9.858824999773958],[76.36215999998404,9.872903999719881],[76.35510300010344,9.881745000031799],[76.33345800018662,9.876449000421076],[76.30854000042075,9.88404299988457],[76.30244399989073,9.889947999700496],[76.29677600021228,9.890218999607214],[76.29421209960879,9.888804232029713],[76.29328200006432,9.888290999729918],[76.2945019996676,9.873575000086248],[76.29834699981427,9.852463999613917],[76.29560099998622,9.849726000154817],[76.28689599965071,9.848466999652373],[76.28181500006224,9.827536000286216],[76.28314200010328,9.819655000178159],[76.2848659995663,9.817457999587077],[76.28810899983051,9.81691899991199],[76.29117600007243,9.80839299973718],[76.2833709998718,9.80333700040228],[76.28292800012719,9.798399000213749],[76.28514099965747,9.792466000005959],[76.28379100035443,9.789546000247753],[76.27753015499269,9.78777714439974]]]}},{"type":"Feature","properties":{"blockName":"Kuttanad","districtName":"Alappuzha","state":"Kerala"},"geometry":{"type":"Polygon","coordinates":[[[76.51567800003971,9.400110999922731],[76.50990299992355,9.401879999662299],[76.50838500006773,9.414589000282206],[76.51066600003594,9.417442999694742],[76.5085220000903,9.424412000013831],[76.50627900007584,9.425693999778332],[76.51148199989444,9.433004999681032],[76.49667399960543,9.439614999632568],[76.49911499975747,9.455681000377922],[76.50598900019224,9.468092999892065],[76.50516499996485,9.474303000283271],[76.50711099977286,9.477621000408874],[76.5078050003006,9.498698000212585],[76.50568399961696,9.501934000154051],[76.49897799973496,9.502215999668692],[76.49292800042696,9.5050780003495],[76.48164399987076,9.50574200039307],[76.47988899987752,9.510638999590185],[76.47933200027165,9.534141999753558],[76.46601100020757,9.540449000121328],[76.46587400018501,9.558720000028018],[76.4399410003769,9.55214199975353],[76.42752099959449,9.547527000071057],[76.42080700024292,9.555334000363871],[76.41561099984784,9.555890999969733],[76.41494799985037,9.55991800041545],[76.41078200018922,9.560926000134828],[76.405441000302,9.55752000044771],[76.40464000023587,9.551666000285707],[76.39174700012398,9.545846999939158],[76.38471999982818,9.528206000306739],[76.38358299955587,9.517069000234244],[76.36945299995602,9.500688000251046],[76.36556999985567,9.49181200012373],[76.36328899988752,9.481833000392726],[76.36355599960973,9.470858999743086],[76.36164899980156,9.456451999959882],[76.37834900010631,9.409506999748317],[76.38722999956491,9.390596000005416],[76.3983760000524,9.388499999575345],[76.40296200019623,9.390879999612366],[76.40543399997915,9.38149500029408],[76.40484599984308,9.372652999936065],[76.40237400006009,9.36750099977138],[76.39826999966084,9.366729000143266],[76.39534799981038,9.364107999784437],[76.39490500006576,9.358883999896705],[76.3890610003649,9.352148999576741],[76.39852899991348,9.348113999661393],[76.41177400007012,9.34852899991347],[76.41262099955952,9.339216000318231],[76.41671799963603,9.337634000208993],[76.42244000000608,9.337818999747071],[76.43567699979377,9.350068999884513],[76.44156599977111,9.349392000140767],[76.44548000040174,9.346719000081862],[76.45033300026779,9.346681000128115],[76.45268199977454,9.351314999787462],[76.46086899960471,9.347861999731549],[76.46192899992349,9.342971999957854],[76.4653779997949,9.339726999601396],[76.47630299998355,9.338723000066466],[76.47804999960783,9.333538000178635],[76.48977699990866,9.346487000174989],[76.49568199972458,9.346669999620815],[76.51250500030557,9.352625999989982],[76.51431300004498,9.362206000206811],[76.52339899996394,9.362478000159626],[76.52371200000886,9.365060999665445],[76.51759300021683,9.36654599979812],[76.5114359995718,9.370616999574906],[76.50945299985614,9.375745000431493],[76.51235200044454,9.376238999830036],[76.51239000039828,9.381180000156917],[76.5148090004351,9.386618000020746],[76.51237499970654,9.393357999671991],[76.51567800003971,9.400110999922731]]]}},{"type":"Feature","properties":{"blockName":"Mannarkad","districtName":"Palakkad","state":"Kerala"},"geometry":{"type":"Polygon","coordinates":[[[76.52844999996756,10.890787000419778],[76.5325700002054,10.889227000425763],[76.53887200034262,10.88261300028978],[76.55712899960372,10.887711999808971],[76.56187399988522,10.882531000105644],[76.5694199998332,10.87889699979678],[76.56973299987811,10.914057999776901],[76.5710300003343,10.918640999782383],[76.5748140003659,10.919891999915933],[76.58293900003486,10.918715999643723],[76.59240699958343,10.919662000101255],[76.5973970003713,10.918329999829666],[76.61138899990249,10.929980000176897],[76.6293259996952,10.92463800024359],[76.64141799974095,10.928098999769077],[76.6631550003031,10.927618000070709],[76.65950800029401,10.931808999985435],[76.6577219997705,10.93662800008218],[76.66593900008485,10.941938000338496],[76.66764799975545,10.9463479995606],[76.66526799971848,10.949858999593232],[76.66967000037027,10.958158000091657],[76.67076100031994,10.968132999638271],[76.68809500018415,10.987407999979268],[76.69113199994189,11.00037199976805],[76.69007899994597,11.007146000087857],[76.70069100008965,11.025234999695556],[76.70913700017246,11.030418000390455],[76.71683499993537,11.03911000012647],[76.7223820003291,11.040233999799284],[76.76278860461048,11.032933174826212],[76.767478999856,11.03247299982911],[76.79239699962187,11.036886000088884],[76.79735599987953,11.040190999614993],[76.8030469997193,11.050325000198654],[76.803618514383,11.055261773711948],[76.8005220001902,11.057631999916907],[76.785964999785,11.042203999814774],[76.77769499972453,11.040118999892002],[76.76522800037196,11.047078999796042],[76.7615509998788,11.054621999605672],[76.75060999985169,11.05347299967923],[76.74748200039409,11.055327999787437],[76.7448270002659,11.071711999908928],[76.75678300033525,11.078714999997317],[76.75838499956814,11.082952000234684],[76.75604200033808,11.09175999992408],[76.7530289998885,11.093837000377334],[76.74889399985824,11.09179399969338],[76.7444000003598,11.101179999957083],[76.7452469998492,11.106919000211747],[76.74962600033967,11.111437999963755],[76.75042759036108,11.118940864829085],[76.74893199981199,11.129113000264795],[76.7451099998267,11.132925999835095],[76.73947099968694,11.133185000087735],[76.73235299969122,11.130293999868229],[76.72547099978686,11.136189000122329],[76.71989399980828,11.148048000215113],[76.71303600011134,11.149514000370857],[76.71272300006643,11.146359999714264],[76.71562199975557,11.143874000185008],[76.7136759999475,11.139749999762728],[76.70670300034323,11.140419000036843],[76.70506300025733,11.147949000146298],[76.70118000015697,11.152217000014616],[76.69595300013088,11.165394999779437],[76.69895900025773,11.172792000050833],[76.70345299975617,11.17443600032118],[76.70672599960528,11.179591999771048],[76.71642299982165,11.18735399978732],[76.72374000000104,11.185760000024004],[76.73116299967273,11.192276000137326],[76.7278820003541,11.200161999576665],[76.727912999985,11.206070999577037],[76.7365109998828,11.214241999568685],[76.73553499984041,11.216663999743844],[76.73255900019774,11.215871000046661],[76.73048399983679,11.219388000355991],[76.72027600033721,11.226044999776946],[76.70679500008924,11.239038000003745],[76.68914800018013,11.234698000412436],[76.68794300036922,11.226492999752168],[76.67795600026926,11.218329000083315],[76.66314699993416,11.211912000038808],[76.63269000014344,11.193224999833944],[76.61161799967101,11.202976999888676],[76.60285200011975,11.20496900001939],[76.55739600022531,11.20053100040542],[76.54545599999449,11.196679999982052],[76.53051800000577,11.197602000232166],[76.51947799990984,11.202592000120774],[76.51520499981098,11.20928200016425],[76.49677299967425,11.210049999607861],[76.47493699994266,11.205953999577446],[76.47563899993997,11.193308000064178],[76.46789599990052,11.191332999818144],[76.4617689997396,11.18740300024831],[76.4525679999133,11.198069000184262],[76.44930999985667,11.19842000018292],[76.44699900030366,11.201706999778253],[76.44112400007259,11.203009999611822],[76.43530299963379,11.200791999850935],[76.42141000017142,11.20515799974197],[76.4112850000028,11.205311999649098],[76.41178100039292,11.197161999726575],[76.40665399958249,11.18299100003469],[76.41644300044419,11.17036899982952],[76.41258999992863,11.153215000172167],[76.41770900037011,11.140727999897308],[76.41395599996946,11.132647999605524],[76.41209400043783,11.119211999634103],[76.41306300015736,11.114377999744931],[76.40543399997915,11.114186999930155],[76.39924599970317,11.11070300024329],[76.39608799976145,11.108652000089762],[76.39202899963868,11.102],[76.3822170004143,11.0995700003553],[76.37733500011024,11.096605000320551],[76.36909499963457,11.097845999992956],[76.36347200023266,11.0970569995809],[76.35223399999916,11.092560999990212],[76.34725999994907,11.087871000446341],[76.3351210004339,11.07178599972417],[76.33506799978841,11.065463999563974],[76.33692900017326,11.061377999994761],[76.3338549996086,11.05742999959483],[76.33467100036643,11.054618000320488],[76.32437100022156,11.04833900034464],[76.31392699973134,11.051253999872245],[76.31013500023016,11.04684399975082],[76.29723399974932,11.049138000318521],[76.29610399979981,11.043169000249236],[76.2869490002962,11.036761999766497],[76.28820000042975,11.030267999768398],[76.2865519999749,11.023901000231035],[76.28949699998662,11.020498999829044],[76.2963710004214,11.023348999956454],[76.29753900032466,11.025240999972198],[76.30979199970108,11.026064000153553],[76.33048199964463,11.021739000354614],[76.32709499993433,11.01108199993439],[76.32676700009705,11.005219000256716],[76.33665500012819,10.998230999960754],[76.3707959998356,10.996118999692158],[76.37136099981035,10.993072000372592],[76.36889600035022,10.985449999617856],[76.36351799965604,10.974798000327496],[76.3385389997751,10.976984999558113],[76.33517500022612,10.980838000073675],[76.33011599985355,10.978324000152554],[76.3272020003721,10.957968000322978],[76.32346299971772,10.954246999599377],[76.32351700040931,10.934460999975215],[76.32623299975319,10.928998999903968],[76.33231399959146,10.922843000204352],[76.3338619999314,10.91813599987654],[76.3330759996577,10.905472000432496],[76.3393549996336,10.908555999659711],[76.34363600010136,10.919388000056188],[76.35357699987873,10.9207360001663],[76.35694899979654,10.9230829995808],[76.35951999964834,10.92834899960667],[76.36405900032264,10.928564999675018],[76.36588299990058,10.935620000362803],[76.37804400043035,10.940517999606072],[76.38862600008991,10.959130999995693],[76.39630099969145,10.961692000285609],[76.40387700012349,10.967064999849924],[76.40712699981123,10.964420000182884],[76.41364299992455,10.967492999802175],[76.41752600002496,10.949819000446553],[76.42176100017008,10.948023000361218],[76.42647599996747,10.95105099970391],[76.43297600024226,10.946616000228289],[76.43617200013773,10.948784000381352],[76.44733399956448,10.949156000449136],[76.47216799995329,10.938928000027204],[76.48391000004654,10.910203000068464],[76.49633800029852,10.909136000326214],[76.50261700027443,10.910323000206347],[76.50637800014465,10.907670000170413],[76.51290099968145,10.91023299965326],[76.51387000030036,10.9063220000603],[76.51740300044816,10.905171000041662],[76.51928700009506,10.89541099961798],[76.52844999996756,10.890787000419778]]]}},{"type":"Feature","properties":{"blockName":"Kottayam","districtName":"Kottayam","state":"Kerala"},"geometry":{"type":"Polygon","coordinates":[[[76.39174700012398,9.545846999939158],[76.40464000023587,9.551666000285707],[76.405441000302,9.55752000044771],[76.41078200018922,9.560926000134828],[76.41494799985037,9.55991800041545],[76.41561099984784,9.555890999969733],[76.42080700024292,9.555334000363871],[76.42752099959449,9.547527000071057],[76.4399410003769,9.55214199975353],[76.46587400018501,9.558720000028018],[76.46601100020757,9.540449000121328],[76.47933200027165,9.534141999753558],[76.47988899987752,9.510638999590185],[76.48164399987076,9.50574200039307],[76.49292800042696,9.5050780003495],[76.4940259998001,9.512424000067597],[76.50359300031676,9.514417000244407],[76.50839999986016,9.514148999576719],[76.51020799959957,9.509366000240789],[76.51345099986384,9.510317000029602],[76.52515399995718,9.50465199959018],[76.52879299959733,9.504220000352802],[76.53860499972103,9.506954999673553],[76.54383099970096,9.502375999852575],[76.55262799978243,9.488230000414262],[76.55423700023744,9.501544000155548],[76.55785399976236,9.504444999936823],[76.55910499989591,9.508860000288848],[76.55802899973861,9.518061000115097],[76.56144699997913,9.520157999692003],[76.55937199961812,9.527929000123322],[76.56572000007799,9.538622000405041],[76.56675700023544,9.544989999988559],[76.58100900006536,9.53338299982562],[76.59472699955143,9.533100000264824],[76.60329399981828,9.526825999620257],[76.62331400034088,9.532806000196786],[76.63732099966444,9.52654400010556],[76.66238399982177,9.526792999897054],[76.66526799971848,9.53245600024428],[76.67610200020721,9.53454799959053],[76.67377499991636,9.538992000380574],[76.67665100034344,9.543562999832602],[76.67714699983424,9.553842999954554],[76.681205999957,9.567769000039391],[76.69061300028977,9.571481000347944],[76.69493099976586,9.569720000078007],[76.69777699970882,9.57027100030649],[76.70016500011474,9.578523999582956],[76.70706199981151,9.573007999719437],[76.71021999975324,9.575910000446186],[76.72489610726961,9.571704862289607],[76.72474086899598,9.575160738377406],[76.72028686684547,9.58022437115784],[76.71558409153266,9.590115202254822],[76.70706051772879,9.5983977946226],[76.70725904037249,9.60069017820922],[76.71170787321984,9.603089679145398],[76.71069513407326,9.609922161478607],[76.71304548885826,9.610717560567025],[76.71278230945609,9.614817876443908],[76.7155148887012,9.617519297777392],[76.71411006672628,9.621948416586179],[76.70671303857591,9.633002535138928],[76.70976876941324,9.638491404254978],[76.70513368337282,9.642142564527774],[76.70826728111018,9.645333807908969],[76.70667299985911,9.647523999732869],[76.70308699996514,9.647266999572423],[76.70021799986085,9.643901999977345],[76.69499199988093,9.641877000123486],[76.68678299993553,9.642866999912144],[76.68943800006372,9.635547999640494],[76.68766800027805,9.632001999792521],[76.68247199988292,9.634169999945584],[76.67701700013453,9.639271999603125],[76.67270700012801,9.635803999754842],[76.67023500034503,9.63852500022864],[76.66923500009523,9.643245000256627],[76.66647300042871,9.64389999988515],[76.65305300029576,9.659352000194701],[76.64831500033705,9.660023999707846],[76.6412429997647,9.665655000378024],[76.62662500014369,9.66284600034271],[76.63143900000989,9.656831999996825],[76.61726400013356,9.651434000178995],[76.61431099975289,9.657835000385035],[76.61089300041169,9.657805999947016],[76.60739099989479,9.668059999769241],[76.6035229995868,9.66860999995157],[76.60278299963579,9.66390499971601],[76.6008610000352,9.662887999581585],[76.59803800025355,9.66446000012894],[76.60032699969133,9.6689809999732],[76.59939599992549,9.674848999881476],[76.60112000028784,9.679199999980085],[76.59876999983567,9.682723999712891],[76.59420799989931,9.684197000191432],[76.59033200012175,9.683885000192674],[76.58700599962725,9.681613999786293],[76.58341200026365,9.674462000021322],[76.57782699991617,9.684675999797605],[76.56944299999452,9.685032000026808],[76.5631409998573,9.687093999788317],[76.55181099987777,9.682416999944621],[76.54556999985567,9.69068199977454],[76.54305299979615,9.687427999902297],[76.52923600024127,9.690125000168678],[76.52953300044766,9.678114000260962],[76.5260770002534,9.679117999795892],[76.52413899991495,9.682524000382386],[76.51424399956096,9.690359000167746],[76.52465799956707,9.704235999791592],[76.51755500026309,9.705959000107839],[76.51419099981484,9.705124000272463],[76.5078349998854,9.700750000012533],[76.50436399989871,9.700088000061214],[76.50003800005373,9.694837999873869],[76.48428300016036,9.687493000201869],[76.4808959995508,9.683899999985044],[76.47911800029556,9.679432999933056],[76.47924799999527,9.673284999703014],[76.47261800002076,9.670464000013624],[76.46820799989933,9.676244000360384],[76.45795400007711,9.675116999649845],[76.45309399988827,9.654070000330307],[76.44530500042549,9.657062999857601],[76.44394699985423,9.654371999867976],[76.43490600021181,9.652027999692507],[76.42778800021608,9.645879000315688],[76.4219889998925,9.644143000299266],[76.39797200030762,9.645820000292815],[76.39935300014088,9.630586000143865],[76.3956599998092,9.586894999804429],[76.39460000038974,9.563117000449267],[76.39174700012398,9.545846999939158]]]}},{"type":"Feature","properties":{"blockName":"Chittur","districtName":"Palakkad","state":"Kerala"},"geometry":{"type":"Polygon","coordinates":[[[76.65381600040814,10.70063499990539],[76.64500399963492,10.690283000060447],[76.63191999970826,10.68591099989277],[76.63086699971234,10.668990000188387],[76.63340799997928,10.666972999804159],[76.63322399958798,10.664334000413817],[76.63123300040269,10.662161000030153],[76.63092000035778,10.65533399996417],[76.63283499963558,10.641673999555508],[76.61411999993811,10.63709199959618],[76.6077799998472,10.633729000093354],[76.60343900020973,10.622614000136025],[76.60971800018564,10.610429000298154],[76.6135479996405,10.608924000142565],[76.61323499959559,10.60393300020786],[76.60720100012611,10.6055029997637],[76.6045229998366,10.602070999776856],[76.60121900035665,10.602712999705204],[76.6003879998064,10.5987569998357],[76.59510800003426,10.59929200022566],[76.59095800021157,10.594542999759653],[76.58310699968837,10.589060999665435],[76.5781630001224,10.587700999901301],[76.57207499996133,10.588582000059318],[76.5638199996933,10.584938000188629],[76.56391899976211,10.58080800038897],[76.55998199986948,10.581451000363415],[76.55943299973319,10.575945000061779],[76.55501600018829,10.574984999857918],[76.55158200010925,10.571897999593034],[76.54921000044124,10.559799000123803],[76.5431980001876,10.54989200011579],[76.54413600027624,10.53767000037027],[76.5519790004306,10.526513000274804],[76.57208300033028,10.502808999835509],[76.57799499956963,10.501524999978813],[76.58058899958274,10.497615999578784],[76.58742500006377,10.494666000235782],[76.59169800016264,10.490863000227307],[76.59550500035556,10.484482000044295],[76.59413900031467,10.47702899988849],[76.60079199955118,10.470752000004836],[76.59341400015603,10.455687999601537],[76.58806599994602,10.451001000196072],[76.58595299963127,10.44659000002855],[76.57903299977318,10.443802000062306],[76.58642599986007,10.435400000209881],[76.59319299985714,10.429582999955528],[76.59774800036996,10.422164999615063],[76.60121200003385,10.41928399985676],[76.60798600035366,10.40044099965246],[76.61843099999072,10.387667999678513],[76.62176499995485,10.381401000256005],[76.6257549995936,10.379206999803273],[76.63098899994247,10.380680000281814],[76.63067599989756,10.375804000254448],[76.63339999961033,10.375221000348915],[76.63730599987207,10.378936999942653],[76.6462399999761,10.38194600020779],[76.65712700021095,10.377088000111144],[76.6594769997638,10.385053999642423],[76.66249799968301,10.383666000385631],[76.67421000019141,10.370943000019508],[76.68486799975847,10.367517000309363],[76.6867070000281,10.363151000418384],[76.68948400038636,10.362279999822192],[76.70492600023476,10.363830000254382],[76.70790900020023,10.371104000249488],[76.71412700006107,10.373260999895251],[76.72103100008064,10.373579000170764],[76.74750499965609,10.366305000175657],[76.75762200035507,10.361444999986816],[76.76604500027662,10.362560000143958],[76.7666629999975,10.358313000344765],[76.7629780000347,10.350809999681815],[76.76041399960644,10.34852500042848],[76.75420400011456,10.346885000342525],[76.75499699981174,10.342923000196379],[76.75318099970343,10.33885699975076],[76.75519599999546,10.336439999806203],[76.76314499964207,10.3368669997123],[76.77258299960579,10.334705999882033],[76.77653500019017,10.336870999896803],[76.77765699977078,10.341285000202674],[76.7827069997283,10.340405000090755],[76.78767400035491,10.337057000380298],[76.8059460003077,10.33807399961546],[76.80928000027183,10.345115999703694],[76.81858100021304,10.348004999830948],[76.83157300039369,10.336705000335542],[76.83917999955742,10.338338000098702],[76.83810400029944,10.342284999553158],[76.84819799993778,10.354468000198096],[76.84863300021283,10.361063000357206],[76.85173800040843,10.367820999939227],[76.84304000039577,10.380183999891756],[76.836905999912,10.383304999925826],[76.82791099969296,10.394582000159232],[76.83490800040397,10.402127000061057],[76.83367900038564,10.411482999840644],[76.82722500043349,10.409842999754687],[76.8241420003531,10.419435999671691],[76.81946599965619,10.422951999934924],[76.82955199982501,10.446548999936454],[76.83299999965033,10.488300999891294],[76.83229799965301,10.498745000381518],[76.84337599970269,10.532666999882167],[76.84391000004655,10.537254000072096],[76.83641799989084,10.545717000039588],[76.84206400035339,10.561070000280324],[76.84115440355293,10.564309593013377],[76.83728800044094,10.569636999647855],[76.83783699967785,10.575602999578791],[76.84112500021865,10.58453799972898],[76.84151500021716,10.593143999995675],[76.84013400038384,10.596363000052463],[76.83625799970696,10.597639999586363],[76.8271410001571,10.596353999637415],[76.82031300004496,10.602519999798176],[76.82129699955692,10.612327999737431],[76.82015199981498,10.615313999841248],[76.81661999971328,10.617164999764952],[76.81490299967373,10.622105000045792],[76.81731400024097,10.628864999720008],[76.81658900008233,10.6343770002984],[76.84996000025387,10.63482300018137],[76.86423500024512,10.632071000076621],[76.88445300000598,10.637615000332062],[76.88596057042406,10.645126037336809],[76.88642099992927,10.647420000132968],[76.88394199982349,10.661717000239435],[76.8812259995803,10.66454000002102],[76.88189699994666,10.67228500015267],[76.8667369996129,10.680547999890337],[76.86715700009552,10.68341399985627],[76.87145999977923,10.685293000171896],[76.87356599977113,10.688726000204781],[76.87324500025659,10.694408999675659],[76.87675500024312,10.701111000272476],[76.88670300034323,10.714906999758284],[76.89267000032032,10.714253000175859],[76.89541600014837,10.715564000378379],[76.89094499991188,10.728439999706268],[76.89202100006918,10.734352999891087],[76.89839900011384,10.74496099985032],[76.89924599960324,10.751227000125994],[76.90474699967433,10.75863099982081],[76.9058759995778,10.763580999663475],[76.90543399987922,10.768774999966297],[76.90583292205179,10.769558247415262],[76.90824900019129,10.774302000337116],[76.90908800021111,10.779035000065278],[76.90297699988866,10.800376000352173],[76.89976500015467,10.808087999861357],[76.89957804099384,10.808122370151295],[76.89337899974112,10.809262000041315],[76.87136800003321,10.807949999792697],[76.8639220002002,10.816628999828538],[76.85171500024711,10.815758000131666],[76.84925099993376,10.810488999967447],[76.8321609996305,10.808952000134752],[76.82962000026288,10.811027999642533],[76.82636999967582,10.81018100015308],[76.82842299992154,10.803628000132164],[76.82061000025135,10.79626399958397],[76.8191379998189,10.793227999872329],[76.83551799975595,10.794250000237355],[76.83522000040273,10.790809999881617],[76.82273100003567,10.779787999716461],[76.81594099987728,10.779070999926773],[76.81647500022115,10.769027999942296],[76.80707600025727,10.770500000374739],[76.80583999991615,10.767636999647891],[76.80883799967398,10.763781999939397],[76.81527699983371,10.762206000106858],[76.81513999981121,10.759167000256923],[76.8124689998445,10.75906199991141],[76.81273699961292,10.753438999610182],[76.80705300009595,10.754666000435634],[76.8066179998209,10.747898000392468],[76.79908799971145,10.753839000069831],[76.7892839999567,10.755138999765052],[76.78833800039848,10.751298999849041],[76.7908860000889,10.748191000414408],[76.78761300023984,10.745221000149058],[76.78607899964618,10.740006999823208],[76.78910099961149,10.740222999891557],[76.7891999996803,10.73723999992609],[76.77234600036769,10.73352100019406],[76.77440600003695,10.726399000013885],[76.77351400027095,10.721582000009334],[76.7589260002348,10.707698000062692],[76.74912299962676,10.7084830002903],[76.74913800031851,10.712096999676817],[76.73503099998072,10.710832999843092],[76.73506199961167,10.705210000441241],[76.72789800019262,10.7017370003623],[76.7262040003144,10.699162000326112],[76.72554000027083,10.69331300039471],[76.7218019996626,10.689883999646895],[76.71510300010345,10.696507000197926],[76.71125799995679,10.693768999839506],[76.70664999969779,10.700556999905643],[76.70379600028525,10.700393999583468],[76.70747399992524,10.691314999987299],[76.70249899982906,10.694489999813698],[76.70027899997592,10.692718999981935],[76.70130899981052,10.68955999999406],[76.6973649995951,10.690091000199573],[76.69228400000668,10.682880000411728],[76.68659200012075,10.68158199990944],[76.67695600001946,10.683052000249688],[76.66023999987613,10.697973000353727],[76.65381600040814,10.70063499990539]]]}},{"type":"Feature","properties":{"blockName":"Kanjirappally","districtName":"Kottayam","state":"Kerala"},"geometry":{"type":"Polygon","coordinates":[[[76.91352043032367,9.669421531078854],[76.9099347991517,9.662268506986038],[76.90579687722413,9.663746335924714],[76.8795634840676,9.664016384348713],[76.87738173148176,9.658478091191],[76.88002500804777,9.656506122559563],[76.88743815834437,9.64321771572503],[76.88638295500942,9.639908214192758],[76.88221010521227,9.639284684540598],[76.87981191638687,9.641874729335314],[76.8771259436075,9.642210475932757],[76.87443997172738,9.646719071428038],[76.87089065158239,9.647342601080197],[76.8689720999825,9.645280157952982],[76.87122639817977,9.639956177735485],[76.86430430649858,9.643798707444432],[76.85986441740897,9.643404050756374],[76.86216694804625,9.629751452667449],[76.85484947302484,9.629751452667449],[76.84614926427719,9.627053460448906],[76.8429371098598,9.629837327130986],[76.84234912411284,9.625556316770655],[76.83879099960501,9.622011000407383],[76.83535799957207,9.626465999906031],[76.82747700036333,9.625731000185567],[76.82870500033556,9.620089999953564],[76.8209299997198,9.619240000325817],[76.81338499981797,9.622638999690139],[76.81018799987635,9.622035999761636],[76.81545299985612,9.608717999835847],[76.81918300009545,9.604719999828205],[76.81661999971328,9.6034790001558],[76.81593300040771,9.597912999785137],[76.8035129996253,9.59440299979866],[76.79887399973535,9.599613999986161],[76.79243499957562,9.598121000383912],[76.7831500003723,9.608599999790215],[76.77619899998393,9.620207999999252],[76.76565600032421,9.62018599988403],[76.76528200016423,9.624039000399591],[76.75762200035507,9.633985999554284],[76.76437399966039,9.638178999561205],[76.7594829998406,9.641784000331427],[76.76000999986167,9.64918900007234],[76.75791200023866,9.653058000426427],[76.75461600022828,9.653775000216115],[76.75388299970075,9.656538999974941],[76.74636800028304,9.657408999625659],[76.74560500017066,9.650176999768746],[76.74334000004103,9.648760000073992],[76.74174500023162,9.652679000035846],[76.72971300025483,9.65318600003394],[76.72868300042018,9.648425999959954],[76.72435799972197,9.649497999932805],[76.72087099989676,9.648148999776595],[76.7159579999618,9.643078999796046],[76.71200600027674,9.641848999731621],[76.70826728111018,9.645333807908969],[76.70513368337282,9.642142564527774],[76.70976876941324,9.638491404254978],[76.70671303857591,9.633002535138928],[76.71411006672628,9.621948416586179],[76.7155148887012,9.617519297777392],[76.71278230945609,9.614817876443908],[76.71304548885826,9.610717560567025],[76.71069513407326,9.609922161478607],[76.71170787321984,9.603089679145398],[76.70725904037249,9.60069017820922],[76.70706051772879,9.5983977946226],[76.71558409153266,9.590115202254822],[76.72028686684547,9.58022437115784],[76.72474086899598,9.575160738377406],[76.72489610726961,9.571704862289607],[76.72736399984876,9.571224000187499],[76.7302249995841,9.573555999809571],[76.74255399976732,9.574828000012246],[76.74540700003308,9.562567000266881],[76.73728899978755,9.542242000068313],[76.73934200003333,9.532573000243815],[76.74698600000397,9.526302999783638],[76.73514599988806,9.521693000331766],[76.74276000027385,9.51289500020414],[76.74562100000918,9.503103000103408],[76.75147200003283,9.497709999616859],[76.7508769995739,9.494784999628052],[76.74320199997237,9.491175000425983],[76.74310299990356,9.486464999959821],[76.74801599983857,9.478781999989337],[76.74767300020886,9.473327000240943],[76.7538150001622,9.461324999848898],[76.75096900021924,9.453362999602803],[76.75257100035145,9.451684000416321],[76.75749199975604,9.45233099967595],[76.75961300043969,9.45035899956821],[76.76185599955477,9.442182000199182],[76.764267000122,9.439001000096141],[76.77069099958999,9.43969199958616],[76.78318800032599,9.445844000000648],[76.78619399955352,9.446392000090782],[76.79358699964035,9.444488999567739],[76.79440300039823,9.45139399963341],[76.79771400020098,9.452286000298727],[76.80064400042033,9.450486000028945],[76.80229900029866,9.453740999947229],[76.81654399980579,9.454432000336567],[76.82131200024867,9.451701000301],[76.82529400041784,9.445597000301348],[76.82855199957515,9.446660999905248],[76.83060499982093,9.449796999731802],[76.85064699955944,9.4466629999975],[76.85527799997976,9.456939999981046],[76.87377200027765,9.445962000046336],[76.88558199990945,9.444426000259739],[76.91110199955767,9.427435000025298],[76.9227980002276,9.42598299961577],[76.92488100005818,9.417881000108139],[76.93287700007357,9.41936500019466],[76.93672200022019,9.422124999768982],[76.9395599997942,9.42169499972448],[76.94052100004416,9.429664000293428],[76.94580099981636,9.434154999653572],[76.94005600018431,9.440248000045187],[76.94214600033769,9.444774000120049],[76.94961500033207,9.445951999585134],[76.96132699994115,9.459808000039232],[76.96677400021997,9.462474999821438],[76.98492399994268,9.46681100012762],[76.98693099986582,9.477109000180235],[76.98416900019924,9.481030000234398],[76.98561100014757,9.484830000104466],[76.97618099965348,9.50030699976827],[76.96740699973333,9.506305000275574],[76.96055600035919,9.500178000114659],[76.95567300000903,9.490414000405849],[76.9485630003822,9.490831999896955],[76.94011700029938,9.499229999564875],[76.9374539998023,9.503896999846688],[76.93292200035012,9.502506999598381],[76.90689799994283,9.52335399958747],[76.90316000023387,9.535811000277477],[76.89013700042227,9.536841000112133],[76.88799999990016,9.558279000375592],[76.8886799997822,9.567377999994733],[76.88498700034984,9.57822099999919],[76.88714600008791,9.580791999850987],[76.89558399980183,9.584551999675114],[76.8939669998772,9.600714000350877],[76.88984699963936,9.616786999620388],[76.89091500032708,9.618779999797198],[76.89492800012715,9.619771999678107],[76.89586600021579,9.621252999626279],[76.89482099968944,9.625671000116597],[76.90044399999067,9.631969000069319],[76.9054869996254,9.632836999627898],[76.91404699956945,9.62508299998052],[76.9324569995909,9.614315999883559],[76.93720199987246,9.61965100039339],[76.92468299992055,9.633966000430632],[76.92269900015879,9.638048999861496],[76.92263800004372,9.642972000257657],[76.92952700027092,9.648227999822382],[76.92961900001688,9.650802999858627],[76.92032600044462,9.659477999709964],[76.91352043032367,9.669421531078854]]]}},{"type":"Feature","properties":{"blockName":"Ranni","districtName":"Pathanamthitta","state":"Kerala"},"geometry":{"type":"Polygon","coordinates":[[[76.7140730002688,9.357511999579174],[76.71953600038614,9.354461000075162],[76.72697399985026,9.346778000104678],[76.7297969996319,9.346240999622466],[76.7293010001411,9.342919000211737],[76.7444309999907,9.324689000397086],[76.7620539996924,9.331050999703905],[76.7659759997926,9.336070000030531],[76.77132400000266,9.338213999976176],[76.7812879999413,9.320258000206593],[76.78516973019896,9.319115823436562],[76.79353299984814,9.314678000089657],[76.79637100032147,9.311047999965297],[76.79725599976462,9.302731000435358],[76.7992320000568,9.298992999827135],[76.80378000024689,9.297704999785935],[76.80862399969789,9.297216999764771],[76.81213399968442,9.305965000284573],[76.81647500022115,9.311900999731392],[76.82165499987838,9.310839000219744],[76.82428000042177,9.30778599972416],[76.82703399971939,9.316651000243496],[76.84045399985229,9.304484000336402],[76.84386399972385,9.305037999803915],[76.84861800042046,9.311310000356286],[76.85378300028532,9.31345700044028],[76.857032999973,9.301527999817381],[76.86700400023449,9.296150000022521],[76.86936999962586,9.292816000058394],[76.87201700028442,9.295951999884949],[76.87443094343337,9.295265407072918],[76.88282080063948,9.30490682469025],[76.88692449706792,9.3087369401577],[76.8907546134347,9.31001364561331],[76.8956790473502,9.308007394825438],[76.90160660665964,9.310378418729101],[76.8929432503308,9.315758818814459],[76.89358160260895,9.317400298285179],[76.906166269258,9.321048026745075],[76.90525433691818,9.323875016818647],[76.89891370010724,9.329442821229293],[76.90030090166533,9.334611402194525],[76.8988257284247,9.342619493594782],[76.9027244037083,9.345885951775301],[76.92548424280363,9.338404709309941],[76.92738089591165,9.336402686235033],[76.94023598959927,9.337667121340644],[76.94634742789157,9.336297316268201],[76.9481744725739,9.33507238658143],[76.94867951294924,9.332042147926813],[76.95154140481202,9.331368761659064],[76.95549755037172,9.333304746616818],[76.96256810663289,9.333136400724356],[76.96787102382876,9.329096083117804],[76.97266890244794,9.330442854753983],[76.97494158098925,9.33431482736745],[76.97409984792972,9.340038611093064],[76.9792276959015,9.345639643654692],[76.97860911611787,9.351103768823918],[76.973969764593,9.355124539665837],[76.97438215141523,9.358629828104142],[76.97799053633423,9.359454600849176],[76.9828360808205,9.365743499662813],[76.98314537116198,9.371620011654272],[76.98794221466153,9.380047184430055],[76.99501090213147,9.38504963992898],[77.00566830814597,9.386680875222282],[77.01839194523217,9.390922087884121],[77.02274190661376,9.389399601310629],[77.02274190661376,9.392444573558294],[77.01882694101056,9.399078265249784],[77.01882578268379,9.40751670113491],[77.01429700010652,9.408758000281523],[77.01471699968982,9.419694000078096],[77.0057220003701,9.418657999966797],[77.00006100011512,9.422965999881058],[76.9929430001194,9.422277999630012],[76.97834000029081,9.424703999989674],[76.9636839998168,9.429303999879721],[76.94052100004416,9.429664000293428],[76.9395599997942,9.42169499972448],[76.93672200022019,9.422124999768982],[76.93287700007357,9.41936500019466],[76.92488100005818,9.417881000108139],[76.9227980002276,9.42598299961577],[76.91110199955767,9.427435000025298],[76.88558199990945,9.444426000259739],[76.87377200027765,9.445962000046336],[76.85527799997976,9.456939999981046],[76.85064699955944,9.4466629999975],[76.83060499982093,9.449796999731802],[76.82855199957515,9.446660999905248],[76.82529400041784,9.445597000301348],[76.82131200024867,9.451701000301],[76.81654399980579,9.454432000336567],[76.80229900029866,9.453740999947229],[76.80064400042033,9.450486000028945],[76.79771400020098,9.452286000298727],[76.79440300039823,9.45139399963341],[76.79358699964035,9.444488999567739],[76.79135099994875,9.44094799995031],[76.78302800014217,9.4355619997865],[76.77734399972587,9.427454000002172],[76.76966900012434,9.42223500034504],[76.76229900019877,9.420749000166268],[76.76000200039203,9.415312000348592],[76.75691199998886,9.413095999780637],[76.75959000027837,9.409339000094803],[76.7630539999422,9.407414000355857],[76.76469400002816,9.403666000185808],[76.76090999999656,9.401055000288068],[76.76421400037589,9.396028999638645],[76.75532499964908,9.390820999589494],[76.74867200041257,9.39145400000217],[76.74196599963125,9.39794499986192],[76.73768600010885,9.391318000025706],[76.72260299972874,9.399549000086324],[76.71646099977539,9.399312999995004],[76.7138899999236,9.396578999821031],[76.71721600041815,9.385864000323409],[76.71592700033085,9.377659999709294],[76.71797899963116,9.3740230001614],[76.72263300021285,9.370421000428848],[76.72242000028285,9.36611499970752],[76.71379900022373,9.365900999731423],[76.71288300025032,9.361255999564776],[76.7140730002688,9.357511999579174]]]}},{"type":"Feature","properties":{"blockName":"Adoor","districtName":"Pathanamthitta","state":"Kerala"},"geometry":{"type":"Polygon","coordinates":[[[76.64096100025,9.229905000115707],[76.64414999982267,9.217585000347526],[76.64134199983346,9.21433399971437],[76.64400500033054,9.21431099955305],[76.64449300035176,9.211205000210612],[76.64250899969062,9.208464999759997],[76.64482100018904,9.2017230000165],[76.64741500020216,9.201070999627007],[76.64700300008843,9.206760000273846],[76.65012400012256,9.207136999672855],[76.65428899973762,9.199691999885943],[76.66837299991408,9.197849000331132],[76.68636300035223,9.172709000220209],[76.68482999980472,9.16898700034983],[76.67969500042398,9.17063800004371],[76.67610899963069,9.170153000160894],[76.67435499968354,9.167467000401814],[76.67333999964131,9.163396999771749],[76.6745299996598,9.154943000219362],[76.67333999964131,9.151275000141197],[76.66748799957156,9.149140999757378],[76.6426770002434,9.14802699964639],[76.636625810233,9.1389116980165],[76.63857426698888,9.138600382401762],[76.63973207577476,9.136531108024258],[76.64090520451163,9.126382945816317],[76.63623693438706,9.118215856076972],[76.64186251034664,9.120660726911069],[76.64901534378316,9.119583933551723],[76.64952100019406,9.116836000181308],[76.6563719995682,9.106667999828403],[76.65691400028095,9.09666699998212],[76.6603009999912,9.093421999625605],[76.67369799996277,9.092331999722035],[76.69729600001045,9.086674999651564],[76.7117839999317,9.084884999842927],[76.72515899978805,9.081610999947713],[76.72974399988573,9.084098999569221],[76.73613699972282,9.0813440002255],[76.7387240003124,9.086032999723216],[76.74114999977274,9.086125000368497],[76.74446899994444,9.082594000312895],[76.7487490003661,9.082671000266487],[76.7557450001317,9.088814000265927],[76.75809499968454,9.087128999903484],[76.75917800016464,9.072986999750299],[76.77121699956496,9.074661999651596],[76.77124800009517,9.085045000026753],[76.76874499978197,9.089195999895537],[76.76737999978724,9.097423999817806],[76.78485099967395,9.113316999779784],[76.81369000039325,9.107215999918537],[76.81614700038381,9.104963000342252],[76.8177190000319,9.100585999943974],[76.82389099957004,9.095271000356433],[76.8291700001954,9.093238000133624],[76.83291600027326,9.094316000383174],[76.83738699961037,9.093611000247506],[76.84932699984125,9.098287000045048],[76.85070091481543,9.101935894925646],[76.8467109403577,9.101812148212105],[76.83864855508682,9.105096823059966],[76.83846192597719,9.113831073845006],[76.84044019615817,9.114838872116309],[76.8385434351315,9.117648132055706],[76.83599775928923,9.115657642786061],[76.83421840115835,9.119489106337255],[76.83066898388654,9.119633655269013],[76.83390079658454,9.124304602675295],[76.83076643892008,9.127689710211996],[76.82945127575584,9.133603122286331],[76.83358878219661,9.135684116628738],[76.84095753206452,9.145366056798139],[76.84244609531112,9.151674731703565],[76.83962534473392,9.153940644645104],[76.83765342826314,9.15811200786294],[76.83511268790028,9.158794595094548],[76.82711323808553,9.16802480669952],[76.81177198389003,9.179328490717296],[76.82286800005824,9.194304999676035],[76.81581100017758,9.195595999855584],[76.80217700006858,9.20184700033883],[76.78823900032967,9.212984000411325],[76.78003699980775,9.21044300014438],[76.77652000039774,9.21091799956605],[76.77423900042959,9.213282999810644],[76.76882199973556,9.213711999808993],[76.7611310002955,9.210940999727427],[76.75809499968454,9.207627999832368],[76.75435599992949,9.208109000430056],[76.74385100022351,9.212759999974082],[76.73635900006786,9.219576000432141],[76.72842400016754,9.222379000190756],[76.71999621135615,9.222458517346752],[76.71089899958923,9.22346199977153],[76.70585599995451,9.222403000398174],[76.70040100020606,9.224618000020712],[76.69667800028952,9.222116999799766],[76.69348899981753,9.225983000015503],[76.69352699977128,9.230172999884076],[76.6882019997226,9.229001999842467],[76.67954299970972,9.229977999884852],[76.67439299963729,9.228520000098001],[76.66776299966278,9.236027000046079],[76.66251400042086,9.235548000439906],[76.65907300001902,9.239347000263876],[76.65179399979331,9.232858999643156],[76.64096100025,9.229905000115707]]]}},{"type":"Feature","properties":{"blockName":"Vaikom","districtName":"Kottayam","state":"Kerala"},"geometry":{"type":"Polygon","coordinates":[[[76.37333700010254,9.835649000301146],[76.37954699959442,9.828880000211882],[76.38176000002403,9.81553599998648],[76.36837000037525,9.80000999986163],[76.36621900010681,9.791580999663438],[76.3818210001391,9.749926999731315],[76.38187399988522,9.726200000030019],[76.37778500017765,9.70813299963828],[76.37734200043303,9.695210999987694],[76.40331300019488,9.684328999983393],[76.39772000037777,9.665756999685811],[76.39797200030762,9.645820000292815],[76.4219889998925,9.644143000299266],[76.42778800021608,9.645879000315688],[76.43490600021181,9.652027999692507],[76.44394699985423,9.654371999867976],[76.44530500042549,9.657062999857601],[76.45309399988827,9.654070000330307],[76.45795400007711,9.675116999649845],[76.46820799989933,9.676244000360384],[76.47261800002076,9.670464000013624],[76.47924799999527,9.673284999703014],[76.47911800029556,9.679432999933056],[76.4808959995508,9.683899999985044],[76.48428300016036,9.687493000201869],[76.50003800005373,9.694837999873869],[76.50436399989871,9.700088000061214],[76.5078349998854,9.700750000012533],[76.51419099981484,9.705124000272463],[76.51755500026309,9.705959000107839],[76.52465799956707,9.704235999791592],[76.53381299997005,9.70525500001827],[76.53784199960864,9.707635000055234],[76.54270199979749,9.7144319996371],[76.53871899958222,9.730838999919968],[76.5398030001084,9.735310000156403],[76.53470599978215,9.742128999853492],[76.53395100003866,9.756440999752385],[76.53750600030173,9.76560499967104],[76.54157299989407,9.766261000245038],[76.54274700007403,9.769353999887244],[76.55590799995429,9.777693999578446],[76.55929599971068,9.774564000028647],[76.56279800022759,9.776546999744312],[76.56596399963894,9.781979000230706],[76.5644000003598,9.78859799969797],[76.56119500004928,9.793334999610579],[76.5530850001727,9.800696000020423],[76.54880499975098,9.799811999724056],[76.54686700031186,9.804939999681267],[76.5445630001824,9.805935999746623],[76.54479199995092,9.81254000032078],[76.54311399991121,9.813186000433632],[76.54145799998679,9.822103999799822],[76.5344089995757,9.824285999699157],[76.52362799973247,9.824028000391934],[76.51502999983467,9.849775999762642],[76.51029199987596,9.851193000356716],[76.49998500030756,9.851389000402094],[76.48812900035313,9.846657999866864],[76.48275799998174,9.847790999954725],[76.47594499966203,9.844110000176443],[76.46235699987568,9.848064999999792],[76.44583899986998,9.831819999993058],[76.43275499994337,9.82531500038698],[76.42357600023229,9.822799000373607],[76.41812899995347,9.822153000260812],[76.40635700027542,9.827988000445885],[76.3963389996452,9.828408000029242],[76.38729900004887,9.8427820000893],[76.37333700010254,9.835649000301146]]]}},{"type":"Feature","properties":{"blockName":"Meenachil","districtName":"Kottayam","state":"Kerala"},"geometry":{"type":"Polygon","coordinates":[[[76.86615000042224,9.731380999733403],[76.86090899975062,9.728613999836284],[76.85475900032765,9.73355300007097],[76.83621999975327,9.757904999815935],[76.83012400012257,9.762441000351942],[76.8296360001014,9.76675299955133],[76.81416299972273,9.783379000040895],[76.78359200007083,9.804618000120684],[76.77725199997985,9.807374000409823],[76.76885999968931,9.808651999989877],[76.75767500010124,9.814610999598017],[76.74691799956611,9.80355799980191],[76.74258400025144,9.804229000168277],[76.73163599990153,9.811100999611483],[76.72181700035435,9.814001000246037],[76.70926699987223,9.822666999682326],[76.70101199960413,9.825784000431327],[76.69886000018892,9.831775999762613],[76.68833200032162,9.833473999825287],[76.68367799973993,9.838454000152012],[76.67806199976155,9.838444999737021],[76.67266099980537,9.843372000317629],[76.66352800041693,9.838910999642962],[76.64952899966369,9.84155700025542],[76.63555099987877,9.846324999798924],[76.63100399973484,9.849409999971556],[76.63308699956542,9.855654000132063],[76.62452699962137,9.857619999963049],[76.6133349997105,9.848924000042643],[76.61872099987431,9.842328999883478],[76.61406700019194,9.839897000146493],[76.61096199999633,9.84193399965443],[76.60984000041572,9.839531000355407],[76.6045989997441,9.84405400029192],[76.5963970001215,9.84584500014671],[76.58714299964976,9.841325000348547],[76.58349599964072,9.841526999771247],[76.58242799985237,9.832170999991718],[76.5838390001698,9.82681799955111],[76.58188600003893,9.822755000143218],[76.57670600038165,9.819521000294003],[76.57116700035687,9.82266799972848],[76.56793199956218,9.822639000189781],[76.56108899965767,9.815511999779005],[76.56152299988662,9.812003999884723],[76.55907400026496,9.8030030002883],[76.5530850001727,9.800696000020423],[76.56119500004928,9.793334999610579],[76.5644000003598,9.78859799969797],[76.56596399963894,9.781979000230706],[76.56279800022759,9.776546999744312],[76.55929599971068,9.774564000028647],[76.55590799995429,9.777693999578446],[76.54274700007403,9.769353999887244],[76.54157299989407,9.766261000245038],[76.53750600030173,9.76560499967104],[76.53395100003866,9.756440999752385],[76.53470599978215,9.742128999853492],[76.5398030001084,9.735310000156403],[76.53871899958222,9.730838999919968],[76.54270199979749,9.7144319996371],[76.53784199960864,9.707635000055234],[76.53381299997005,9.70525500001827],[76.52465799956707,9.704235999791592],[76.51424399956096,9.690359000167746],[76.52413899991495,9.682524000382386],[76.5260770002534,9.679117999795892],[76.52953300044766,9.678114000260962],[76.52923600024127,9.690125000168678],[76.54305299979615,9.687427999902297],[76.54556999985567,9.69068199977454],[76.55181099987777,9.682416999944621],[76.5631409998573,9.687093999788317],[76.56944299999452,9.685032000026808],[76.57782699991617,9.684675999797605],[76.58341200026365,9.674462000021322],[76.58700599962725,9.681613999786293],[76.59033200012175,9.683885000192674],[76.59420799989931,9.684197000191432],[76.59876999983567,9.682723999712891],[76.60112000028784,9.679199999980085],[76.59939599992549,9.674848999881476],[76.60032699969133,9.6689809999732],[76.59803800025355,9.66446000012894],[76.6008610000352,9.662887999581585],[76.60278299963579,9.66390499971601],[76.6035229995868,9.66860999995157],[76.60739099989479,9.668059999769241],[76.61089300041169,9.657805999947016],[76.61431099975289,9.657835000385035],[76.61726400013356,9.651434000178995],[76.63143900000989,9.656831999996825],[76.62662500014369,9.66284600034271],[76.6412429997647,9.665655000378024],[76.64831500033705,9.660023999707846],[76.65305300029576,9.659352000194701],[76.66647300042871,9.64389999988515],[76.66923500009523,9.643245000256627],[76.67023500034503,9.63852500022864],[76.67270700012801,9.635803999754842],[76.67701700013453,9.639271999603125],[76.68247199988292,9.634169999945584],[76.68766800027805,9.632001999792521],[76.68943800006372,9.635547999640494],[76.68678299993553,9.642866999912144],[76.69499199988093,9.641877000123486],[76.70021799986085,9.643901999977345],[76.70308699996514,9.647266999572423],[76.70667299985911,9.647523999732869],[76.70826728111018,9.645333807908969],[76.71200600027674,9.641848999731621],[76.7159579999618,9.643078999796046],[76.72087099989676,9.648148999776595],[76.72435799972197,9.649497999932805],[76.72868300042018,9.648425999959954],[76.72971300025483,9.65318600003394],[76.74174500023162,9.652679000035846],[76.74334000004103,9.648760000073992],[76.74560500017066,9.650176999768746],[76.74636800028304,9.657408999625659],[76.75388299970075,9.656538999974941],[76.75461600022828,9.653775000216115],[76.75791200023866,9.653058000426427],[76.76000999986167,9.64918900007234],[76.7594829998406,9.641784000331427],[76.76437399966039,9.638178999561205],[76.75762200035507,9.633985999554284],[76.76528200016423,9.624039000399591],[76.76565600032421,9.62018599988403],[76.77619899998393,9.620207999999252],[76.7831500003723,9.608599999790215],[76.79243499957562,9.598121000383912],[76.79887399973535,9.599613999986161],[76.8035129996253,9.59440299979866],[76.81593300040771,9.597912999785137],[76.81661999971328,9.6034790001558],[76.81918300009545,9.604719999828205],[76.81545299985612,9.608717999835847],[76.81018799987635,9.622035999761636],[76.81338499981797,9.622638999690139],[76.8209299997198,9.619240000325817],[76.82870500033556,9.620089999953564],[76.82747700036333,9.625731000185567],[76.83535799957207,9.626465999906031],[76.83879099960501,9.622011000407383],[76.84234912411284,9.625556316770655],[76.8429371098598,9.629837327130986],[76.84614926427719,9.627053460448906],[76.85484947302484,9.629751452667449],[76.86216694804625,9.629751452667449],[76.85986441740897,9.643404050756374],[76.86430430649858,9.643798707444432],[76.87122639817977,9.639956177735485],[76.8689720999825,9.645280157952982],[76.87089065158239,9.647342601080197],[76.87443997172738,9.646719071428038],[76.8771259436075,9.642210475932757],[76.87981191638687,9.641874729335314],[76.88221010521227,9.639284684540598],[76.88638295500942,9.639908214192758],[76.88743815834437,9.64321771572503],[76.88002500804777,9.656506122559563],[76.87738173148176,9.658478091191],[76.8795634840676,9.664016384348713],[76.90579687722413,9.663746335924714],[76.9099347991517,9.662268506986038],[76.91352043032367,9.669421531078854],[76.90589899973912,9.67513499958062],[76.90478499962808,9.683904000169548],[76.89590500021563,9.704313999791282],[76.88809199964612,9.71659100027449],[76.87638100008314,9.721643000324264],[76.87039199999089,9.726003999984641],[76.86615000042224,9.731380999733403]]]}},{"type":"Feature","properties":{"blockName":"Vythiri","districtName":"Wayanad","state":"Kerala"},"geometry":{"type":"Polygon","coordinates":[[[75.91617599992253,11.687880999708398],[75.90910300020334,11.68264300007445],[75.90212999969981,11.676832000096795],[75.90389300006194,11.659366000440627],[75.90222899976857,11.647239999726253],[75.90017699956894,11.642685000112692],[75.90008499982292,11.629562000186183],[75.8978270000161,11.619288000340987],[75.90486099973543,11.614013999946167],[75.9059519996851,11.605165000164675],[75.90812700016096,11.602551000128585],[75.91770899957072,11.595977000038545],[75.9220763952095,11.593228586430143],[75.92677300027378,11.590272999599279],[75.93804899956172,11.587855999654721],[75.94630399982981,11.582162999722698],[75.95728299981067,11.579351999595133],[75.9586489998515,11.561109000080364],[75.96830700006808,11.550511999729054],[75.9800639999537,11.540680999628478],[75.98712199988046,11.536720999574527],[75.99058500039752,11.53288099965846],[76.0173489998565,11.514550999728897],[76.02375000006253,11.512691000289465],[76.03368400041632,11.508236999937651],[76.04193899978509,11.501149999572874],[76.04491400028093,11.504241000022205],[76.04840899957571,11.50498200001931],[76.05335199999485,11.502609000305142],[76.05843399962941,11.508681999774524],[76.06349900027868,11.50757600003243],[76.07489000037327,11.519999000053872],[76.07751500001729,11.520106999638358],[76.09038499996785,11.505363999648921],[76.09135399968739,11.497784999977796],[76.09518400004163,11.492946999904177],[76.09044600008292,11.48842199987547],[76.0953749998564,11.481691999785994],[76.1048659995663,11.480046000322716],[76.11270100025104,11.474626000389662],[76.1213149999873,11.471607999709477],[76.13482699986622,11.455547000094043],[76.14260100043589,11.449202999818624],[76.16528299961078,11.458660999805318],[76.16920499971104,11.465359000217745],[76.18429599956079,11.471050000057517],[76.18635600012936,11.476210999737873],[76.18282299998151,11.482143999945663],[76.19002500025363,11.495322999756695],[76.20188899967764,11.506545000151675],[76.22362500019364,11.512150999668961],[76.23252100034392,11.524640000036015],[76.24067699964388,11.525356999825703],[76.24714700033388,11.527629000278182],[76.25047299992906,11.530883000150368],[76.24996900006937,11.535479999902122],[76.24579600008542,11.540036999607878],[76.24188200035411,11.553145999788114],[76.23430599992201,11.566323999552992],[76.2282870002449,11.56168899984749],[76.2073669995874,11.558949000296195],[76.20037099982181,11.57298800019612],[76.19052099974442,11.586343000029501],[76.18215899993794,11.594074999561656],[76.18373099958603,11.609853999662391],[76.18099200008078,11.626349999552872],[76.17456100029,11.63722099994925],[76.15866900037412,11.639341999733574],[76.15081799985086,11.643909999946572],[76.13004299958482,11.685322000410054],[76.13077500006625,11.694159999684302],[76.11873599976661,11.702642999674765],[76.10536199995641,11.709058999673118],[76.10162400024745,11.724002999938534],[76.11927000011048,11.739620999809347],[76.11525700031035,11.742678999636155],[76.09689299971222,11.740611999644102],[76.09060700031284,11.742870000350308],[76.08586900035414,11.735653000285765],[76.08512900040313,11.72314099975739],[76.08657100035146,11.719112000118741],[76.08255000018244,11.715569999555896],[76.08229800025259,11.711715999893556],[76.07797200040756,11.709208000249077],[76.07680499965107,11.705992000330582],[76.06642200017524,11.702293999768301],[76.06604800001526,11.69488799998129],[76.06318700027987,11.692891999666074],[76.0604859998291,11.68439700002159],[76.0562820002142,11.68159600035517],[76.04650099972145,11.681278000079715],[76.0463869998602,11.684900999881279],[76.04214500029161,11.687206000056904],[76.0409390004346,11.69243500017518],[76.03168499996286,11.695514000071114],[76.02690900005035,11.69937500005625],[76.02398700019995,11.693351000148596],[76.02050799984437,11.699965000284578],[76.01648699967535,11.699345999618231],[76.01492300039621,11.70411700019946],[76.01674699997415,11.708533999744361],[76.0232090002952,11.706106000191824],[76.02257499983642,11.710753999597443],[76.02526899996445,11.715858000246556],[76.03192900042308,11.722381999829452],[76.02815199981501,11.725210999887793],[76.02262100015906,11.72293099996574],[76.0189509999887,11.724545999798124],[76.01567800013964,11.721854999808443],[76.00530200008728,11.719309000210217],[76.00487500018119,11.712928000027205],[76.00295299968127,11.711214000126063],[75.99695600011938,11.710538000428414],[75.99383500008526,11.711732999778178],[75.97987400018502,11.705740000400738],[75.9768829998506,11.700054999938345],[75.97315199956518,11.705041999688603],[75.95754200006331,11.691323000156387],[75.95336900007936,11.690577999974778],[75.95148500043246,11.693080000241878],[75.94777700030835,11.693229999964558],[75.9287949999893,11.687362000056282],[75.91920500021064,11.689092999842103],[75.91617599992253,11.687880999708398]]]}},{"type":"Feature","properties":{"blockName":"Nilambur","districtName":"Malappuram","state":"Kerala"},"geometry":{"type":"Polygon","coordinates":[[[76.27970486948419,11.092479236327733],[76.28172300031628,11.094854999658537],[76.296004999731,11.093303000033472],[76.2993700002254,11.090484000436334],[76.30490099988128,11.080521999690575],[76.30865500032809,11.077350000002525],[76.31340800007922,11.07726999991064],[76.32118199974957,11.082863999773792],[76.32405900022275,11.093025999850056],[76.34725999994907,11.087871000446341],[76.35223399999916,11.092560999990212],[76.36347200023266,11.0970569995809],[76.36909499963457,11.097845999992956],[76.37733500011024,11.096605000320551],[76.3822170004143,11.0995700003553],[76.39202899963868,11.102],[76.39608799976145,11.108652000089762],[76.39924599970317,11.11070300024329],[76.40543399997915,11.114186999930155],[76.41306300015736,11.114377999744931],[76.41209400043783,11.119211999634103],[76.41395599996946,11.132647999605524],[76.41770900037011,11.140727999897308],[76.41258999992863,11.153215000172167],[76.41644300044419,11.17036899982952],[76.40665399958249,11.18299100003469],[76.41178100039292,11.197161999726575],[76.4112850000028,11.205311999649098],[76.42141000017142,11.20515799974197],[76.43530299963379,11.200791999850935],[76.44112400007259,11.203009999611822],[76.44699900030366,11.201706999778253],[76.45184299975472,11.20725500021814],[76.45529899994892,11.237627999732467],[76.49716199962666,11.259212000433536],[76.52262900042808,11.269263999933685],[76.52217900036061,11.271966999577444],[76.52500899956573,11.279761000170083],[76.53103599961173,11.288523999582935],[76.5492939998183,11.299700999701429],[76.53953600038619,11.30307699980375],[76.5375899996788,11.310777999704953],[76.53954299980967,11.316971000211538],[76.54910884649615,11.329982021053468],[76.54980500000079,11.334384000121531],[76.54718000035678,11.358922000350105],[76.53884099981235,11.35499800015765],[76.52528399965689,11.356263000037472],[76.51834900000642,11.353889000277206],[76.51561699992465,11.354927999627535],[76.51832599984505,11.361007000272878],[76.5189360000964,11.36841099996775],[76.48004721041048,11.382910212636261],[76.45698500035752,11.388559000097814],[76.44789100006966,11.397787000269886],[76.42681899959723,11.412343999775828],[76.41654999998258,11.421866000015939],[76.41873199988197,11.440638999690123],[76.39885699975082,11.434975000196175],[76.36959800034748,11.45491000039624],[76.3470989997191,11.46109000030333],[76.34169799976291,11.465591000124618],[76.32889600025027,11.451569000109316],[76.30583199964713,11.46567100021656],[76.29685999958934,11.463121000433887],[76.29187800006969,11.469225000433482],[76.2955019999174,11.47276900018926],[76.28581200002384,11.481308000064189],[76.27379599988552,11.475443000294263],[76.2656100001015,11.479948000299999],[76.24774199989344,11.466344999821956],[76.24849699963687,11.481909999946595],[76.25235000015243,11.50101899982701],[76.24906899993448,11.511483000340263],[76.24067699964388,11.525356999825703],[76.23252100034392,11.524640000036015],[76.22362500019364,11.512150999668961],[76.20188899967764,11.506545000151675],[76.19002500025363,11.495322999756695],[76.18282299998151,11.482143999945663],[76.18635600012936,11.476210999737873],[76.18429599956079,11.471050000057517],[76.16920499971104,11.465359000217745],[76.16528299961078,11.458660999805318],[76.14260100043589,11.449202999818624],[76.14008300033026,11.443699999655337],[76.14467599989752,11.426740999997207],[76.14157099970191,11.41899499981946],[76.13303399991923,11.424999999750241],[76.11830899986052,11.406841999658582],[76.11180100011615,11.409450000317293],[76.106087000115,11.408376000252247],[76.10687999981218,11.40107900009582],[76.10145599969468,11.39592499983894],[76.10013599997649,11.38387199979303],[76.10143300043268,11.36979199980101],[76.0959850001077,11.360624999744005],[76.09381099967794,11.352649999797677],[76.09871700018948,11.340280000421728],[76.11248800032104,11.33345799968697],[76.11616499991487,11.337069999880612],[76.11802700034582,11.336029999584866],[76.13140796450602,11.338614766258502],[76.13595672102593,11.328294972035394],[76.14198603232961,11.324635610844837],[76.14987986216596,11.32307633660372],[76.14774861550626,11.317325050710565],[76.14274580657377,11.315787407862615],[76.13811857431278,11.311361587767124],[76.14235093404841,11.30708347142513],[76.14217517774233,11.302882169776353],[76.14494711042084,11.29654757640958],[76.14434473821916,11.29169125264923],[76.14837972284602,11.279609213494439],[76.15205946807004,11.276852808510341],[76.15335649640525,11.27403437368747],[76.155325517059,11.26611622978021],[76.14900234418292,11.264065111815512],[76.14808592602475,11.262214500398898],[76.1499985187167,11.252987738593333],[76.15594785061285,11.240658443432494],[76.15985601554274,11.240898549828273],[76.1633815881898,11.230974425829118],[76.16848999911423,11.229344363251812],[76.1715454061956,11.233708782134613],[76.17339767866002,11.233881978070883],[76.17507207691489,11.229743346578232],[76.18308357314845,11.224200578394004],[76.18283651499326,11.221013013239997],[76.17924867868362,11.216606916176318],[76.17997338206601,11.212346970636247],[76.17455505846925,11.208524159462456],[76.16759393171463,11.207983395317513],[76.16781011884194,11.20455894873652],[76.16255801603967,11.19272198922846],[76.16293240380747,11.189043065085457],[76.16033638661503,11.184758158861996],[76.16048681891164,11.180809078376342],[76.16286341681331,11.178234177265495],[76.16187694236703,11.175944108533827],[76.16359968817511,11.172956064270977],[76.16290892700545,11.170660842424013],[76.16559341140686,11.168543446223111],[76.167263831061,11.169342584692572],[76.1706247864048,11.172840545454847],[76.17157767836721,11.176374597809513],[76.18745105692079,11.18772887678631],[76.193171873783,11.186071310242824],[76.19247890747567,11.183926979346666],[76.19478711103642,11.179595482845286],[76.19731464935165,11.179911728543459],[76.19957969444738,11.176210617226275],[76.20811624546843,11.173028330193347],[76.2082694539722,11.171461174293825],[76.20651449804569,11.170890030150815],[76.20602149419665,11.163316879670333],[76.20422105865498,11.16358894347502],[76.20340533129104,11.158478170930891],[76.2002330824908,11.153948708466146],[76.19981426461669,11.147535089872576],[76.20102218902286,11.144706252591561],[76.19917837917893,11.142307758895981],[76.20222291525539,11.133821167912629],[76.21386106163874,11.134963329394168],[76.21662058547167,11.13386384883762],[76.22209989929098,11.135455298123532],[76.22542396444447,11.132114573029185],[76.22972798216068,11.13363123289514],[76.23347583574127,11.131775304686585],[76.23769773456286,11.13428818405248],[76.23846906239737,11.13288204007415],[76.25009189332627,11.140083837998759],[76.25520523073686,11.147539710589228],[76.26186933660068,11.14742358293205],[76.26657319469723,11.151598602793342],[76.26922852127927,11.150936903215552],[76.27195055687275,11.154103373871635],[76.27501604445496,11.153434527381592],[76.27356800555907,11.138245344047448],[76.28306883755687,11.139310461508614],[76.28654491961242,11.135213098106021],[76.2851784213471,11.134013639917612],[76.28195850038452,11.120168482589463],[76.27836645524775,11.120015713854173],[76.28179439029896,11.104816912270735],[76.28134203220907,11.102553734167543],[76.27764532487191,11.099727710865238],[76.27970486948419,11.092479236327733]]]}},{"type":"Feature","properties":{"blockName":"Changanassery","districtName":"Kottayam","state":"Kerala"},"geometry":{"type":"Polygon","coordinates":[[[76.59394799960057,9.414874999981294],[76.59680900023523,9.417149999672802],[76.59179700023145,9.42666999982066],[76.59349800043242,9.436364999944828],[76.59127799968002,9.440462000021341],[76.59171299995506,9.443731999732051],[76.60008200008429,9.448374999806447],[76.60321000044121,9.448465000359533],[76.60298900014232,9.456623999797785],[76.60519400020303,9.457295000164152],[76.6091999996803,9.452723999812804],[76.61046599960628,9.458229000068343],[76.61510500039549,9.459798999624184],[76.62736500009476,9.459409999671777],[76.6261220003301,9.462235000444991],[76.62942499976401,9.4696760000474],[76.63196600003096,9.46936800023309],[76.63636799978343,9.463013000349747],[76.64070900032016,9.46952600032472],[76.64144900027122,9.47560900025519],[76.6540529996463,9.480157000445274],[76.67291299973522,9.479480999848306],[76.67958099966347,9.481436000071369],[76.68653900037464,9.47718199994938],[76.70007300036872,9.475574000439792],[76.70170600013188,9.463496000140367],[76.70474199984346,9.461171999987869],[76.70920599975716,9.454123999622936],[76.71481300021986,9.454478999806042],[76.71919299985711,9.458980999673429],[76.73232300010642,9.464842000158228],[76.73155199962514,9.469387000209963],[76.73464200002832,9.472576999828732],[76.74767300020886,9.473327000240943],[76.74801599983857,9.478781999989337],[76.74310299990356,9.486464999959821],[76.74320199997237,9.491175000425983],[76.7508769995739,9.494784999628052],[76.75147200003283,9.497709999616859],[76.74562100000918,9.503103000103408],[76.74276000027385,9.51289500020414],[76.73514599988806,9.521693000331766],[76.74698600000397,9.526302999783638],[76.73934200003333,9.532573000243815],[76.73728899978755,9.542242000068313],[76.74540700003308,9.562567000266881],[76.74255399976732,9.574828000012246],[76.7302249995841,9.573555999809571],[76.72736399984876,9.571224000187499],[76.72489610726961,9.571704862289607],[76.71021999975324,9.575910000446186],[76.70706199981151,9.573007999719437],[76.70016500011474,9.578523999582956],[76.69777699970882,9.57027100030649],[76.69493099976586,9.569720000078007],[76.69061300028977,9.571481000347944],[76.681205999957,9.567769000039391],[76.67714699983424,9.553842999954554],[76.67665100034344,9.543562999832602],[76.67377499991636,9.538992000380574],[76.67610200020721,9.53454799959053],[76.66526799971848,9.53245600024428],[76.66238399982177,9.526792999897054],[76.63732099966444,9.52654400010556],[76.62331400034088,9.532806000196786],[76.60329399981828,9.526825999620257],[76.59472699955143,9.533100000264824],[76.58100900006536,9.53338299982562],[76.56675700023544,9.544989999988559],[76.56572000007799,9.538622000405041],[76.55937199961812,9.527929000123322],[76.56144699997913,9.520157999692003],[76.55802899973861,9.518061000115097],[76.55910499989591,9.508860000288848],[76.55785399976236,9.504444999936823],[76.55423700023744,9.501544000155548],[76.55262799978243,9.488230000414262],[76.54383099970096,9.502375999852575],[76.53860499972103,9.506954999673553],[76.52879299959733,9.504220000352802],[76.52515399995718,9.50465199959018],[76.51345099986384,9.510317000029602],[76.51020799959957,9.509366000240789],[76.50839999986016,9.514148999576719],[76.50359300031676,9.514417000244407],[76.4940259998001,9.512424000067597],[76.49292800042696,9.5050780003495],[76.49897799973496,9.502215999668692],[76.50568399961696,9.501934000154051],[76.5078050003006,9.498698000212585],[76.50711099977286,9.477621000408874],[76.50516499996485,9.474303000283271],[76.50598900019224,9.468092999892065],[76.49911499975747,9.455681000377922],[76.49667399960543,9.439614999632568],[76.51148199989444,9.433004999681032],[76.50627900007584,9.425693999778332],[76.5085220000903,9.424412000013831],[76.51066600003594,9.417442999694742],[76.50838500006773,9.414589000282206],[76.50990299992355,9.401879999662299],[76.51567800003971,9.400110999922731],[76.51579299994705,9.4075219999404],[76.52412400012258,9.40722599978011],[76.52757299999399,9.411850999923729],[76.5304569998907,9.411484000086602],[76.53105899977305,9.413949000446053],[76.53426400008357,9.416049000161252],[76.53649899972913,9.413733000377704],[76.54055799985184,9.41467699984372],[76.54465499992835,9.420732000281646],[76.54882000044273,9.421446999979139],[76.55361200019371,9.419856000354173],[76.55718200024916,9.410981000273011],[76.5608290002582,9.410378000344508],[76.56558200000933,9.411430000294331],[76.57808700021496,9.420289999683803],[76.58203100043039,9.4211190001418],[76.59130900021023,9.417309999856684],[76.59394799960057,9.414874999981294]]]}},{"type":"Feature","properties":{"blockName":"Kozhikode","districtName":"Kozhikode","state":"Kerala"},"geometry":{"type":"Polygon","coordinates":[[[76.07163200031664,11.294017000184454],[76.06509709915184,11.295481327601237],[76.05793864135529,11.299793388853857],[76.04611027127208,11.298710404561575],[76.04563199921745,11.304866051726947],[76.048380159217,11.308470384300847],[76.04805078701429,11.310166997608917],[76.04139157616038,11.32147521331052],[76.04229944176586,11.323149436197582],[76.04447926260792,11.321410178836743],[76.04698139507536,11.321591974989701],[76.04577347876307,11.328260017186096],[76.04709206744502,11.33102141430686],[76.04231473833454,11.334580878804559],[76.03037117319116,11.33644633892743],[76.02125558557685,11.335019956605777],[76.02041194235733,11.338445037208771],[76.01645564840948,11.334648333353925],[76.01484636736603,11.339921107972827],[76.01217588361021,11.33908196316213],[76.01150297218447,11.336882681890302],[76.00888268678665,11.339130933945512],[76.00503619466468,11.33993123074174],[75.9996343988085,11.33694913729289],[75.99550982731671,11.33836519629682],[75.99589003819477,11.332124663922173],[75.99150159842009,11.327900572553403],[75.98552325799204,11.331261514407402],[75.9858105778959,11.339115478196788],[75.99220638721505,11.347679426164632],[75.99827444940638,11.351650968117724],[75.99831710874764,11.353538044345328],[75.99457662061462,11.357019843391129],[75.99705121314304,11.357897141040269],[76.00169712072562,11.365310392960339],[75.99990398588028,11.372229285753008],[76.00127226570254,11.377083591434655],[75.99501252560765,11.379515675707921],[75.99212221696678,11.37835302677081],[75.98920772285817,11.38000310016298],[75.98663979329189,11.379676291927353],[75.9853980642693,11.377789425241815],[75.97996931393277,11.377652649150491],[75.97685378807194,11.374814878903578],[75.9707016302761,11.373420813719633],[75.96923751240132,11.3687510192442],[75.97259529044038,11.36543303530641],[75.97181751356743,11.364152103936476],[75.96103604337878,11.361142540695766],[75.95976857306124,11.359662339345562],[75.9612452643575,11.358983906082472],[75.95831821571312,11.35592298705626],[75.95842575304613,11.35435280493806],[75.96383228922883,11.353206915766577],[75.95727239860236,11.350161003727408],[75.95270226519744,11.352368938275902],[75.94954787513439,11.347763911175605],[75.94216413087003,11.344523118746963],[75.93652289501563,11.345330747715877],[75.93702380660346,11.35051069521245],[75.93512327921604,11.352844488082724],[75.9366295249327,11.357574832112846],[75.92702600384706,11.358147100408416],[75.92549413734463,11.364315088970216],[75.92978613562173,11.36800164655881],[75.93467703921402,11.365498317093682],[75.93636748227357,11.373597229228778],[75.93267729502122,11.377581850022409],[75.9288179497886,11.378239213968584],[75.9220336504327,11.374985917366246],[75.92062029209285,11.377472178598225],[75.91311272377322,11.375282352798365],[75.90862084307753,11.376193044073773],[75.90764758237009,11.370964206732822],[75.90464797102709,11.368669618907859],[75.9040613009883,11.365987641816275],[75.90812047737819,11.360009823894302],[75.90108571413447,11.35638542564692],[75.8965616799776,11.350509714052123],[75.89066435497608,11.356379489222093],[75.88782521686034,11.356820066193166],[75.88739705143286,11.36724855517673],[75.87842155211297,11.371900758013624],[75.87766680328042,11.36792919987272],[75.87596794796247,11.368867299786132],[75.87288071567252,11.36410776016504],[75.87090408495561,11.366195624428599],[75.86387893186725,11.36303814159703],[75.86242161556515,11.357543282096856],[75.85838901594042,11.352303992835061],[75.85649945218802,11.351135797778909],[75.85119529842433,11.351952065635373],[75.8468805643866,11.359542481300537],[75.84786045669478,11.366086889198641],[75.85570353239217,11.38009573303168],[75.85332986897834,11.384835787941313],[75.85515827163698,11.386494812285832],[75.85461792297883,11.392069858037587],[75.85085352097326,11.396167728657815],[75.85577013528359,11.40082446317848],[75.85322255827452,11.402837736772199],[75.85711238512852,11.40793231522423],[75.85202799959256,11.408205999607219],[75.84990699980824,11.410873000288802],[75.84885399981232,11.413929000023359],[75.85237899959122,11.416408000129138],[75.8531490000264,11.421101999857456],[75.84219400025296,11.428544999552116],[75.83916499996485,11.432723999812765],[75.8406300000745,11.437231999956907],[75.8412629995878,11.444679999882112],[75.83570637105225,11.44698120671734],[75.8345340004438,11.446958999758067],[75.83347300007892,11.442098999569225],[75.82477600011237,11.436890000373296],[75.82192199980051,11.433611000247538],[75.82067900003585,11.423981999569662],[75.81195799986187,11.425263000187385],[75.80784599999294,11.42359699980176],[75.80313899966518,11.41678400038137],[75.79508999990361,11.416263999783837],[75.7830430001344,11.425277999979755],[75.77952599982507,11.424412999660262],[75.77889300031177,11.420409000275185],[75.78219599974562,11.419208999795558],[75.78507999964233,11.413312000348583],[75.78001399984629,11.393988000445916],[75.78124199981852,11.38983999981616],[75.78490399961993,11.38559199997087],[75.77496299984261,11.379200000179935],[75.76899699991168,11.377956000369181],[75.76495399962744,11.3801419995537],[75.75633999989111,11.368614000335924],[75.7520289998385,11.368903000173361],[75.75042394381,11.3652254241141],[75.74441382134086,11.359875863580271],[75.74265918287506,11.355471874527439],[75.73600523035714,11.357576527334913],[75.73390351023886,11.356844090682273],[75.73358891749461,11.353097507843756],[75.7356436327475,11.347479213694783],[75.73669350490138,11.339514403067312],[75.73366246944744,11.33503158573916],[75.7369381573701,11.32877750957448],[75.73679806367977,11.3242333773685],[75.74146992389791,11.321721225554143],[75.74228158182962,11.315065942039666],[75.74212489115087,11.320249278181677],[75.74606538131235,11.319990141232097],[75.74685655178848,11.316820958220717],[75.74323225606383,11.316129291433697],[75.7457085968743,11.316485203529396],[75.74744714467005,11.3136867219647],[75.75512380262143,11.295627391890662],[75.77849941651493,11.227695921229838],[75.80241402918415,11.164294100092718],[75.80255764372032,11.162923142988689],[75.79612065804201,11.158920670652492],[75.80300991187801,11.163042461440511],[75.80545665510061,11.160667655887664],[75.80377370968898,11.160698633934885],[75.79863081246208,11.157435859377472],[75.80053605769297,11.158480481289246],[75.803371666869,11.154925303859727],[75.80568703263049,11.154963571811436],[75.81365693162218,11.149294690797376],[75.82523254904294,11.125463640434702],[75.82635311510421,11.123710422897773],[75.82615387570087,11.125687401652328],[75.82566881016749,11.128824656932409],[75.83067917250588,11.131262491470864],[75.83094242385386,11.131631773787376],[75.8323247537844,11.133822221018761],[75.83686183440619,11.135660089941268],[75.83787001668799,11.135829113922512],[75.83820290613926,11.136320520575623],[75.83833690512415,11.136689939589075],[75.84138482804741,11.1399659917372],[75.84174769280185,11.140664973609717],[75.84366550336034,11.142628356413582],[75.84457313244417,11.143336746993327],[75.84529919919873,11.143830165429847],[75.84592594662519,11.14390204374439],[75.8484250393841,11.144751582919241],[75.85199322370835,11.143600730389437],[75.85592276642257,11.1394440288189],[75.8581629785387,11.139107674279785],[75.85879231691194,11.13674201393286],[75.86032204662519,11.139615169804301],[75.85826907066115,11.145708100048807],[75.85533900029469,11.152772999574324],[75.85655999994412,11.156310999952723],[75.86499799965799,11.164061000314973],[75.86668400006658,11.167601999932401],[75.87032299970673,11.169215999718688],[75.87474100019705,11.16851399972137],[75.88520799994927,11.172277999729943],[75.89162399994768,11.183722999616805],[75.88949599984056,11.185595999655732],[75.88403299972322,11.186415999698681],[75.87817400022999,11.184488999867483],[75.86550100037095,11.189898000192613],[75.86050400015955,11.193871999992837],[75.863204999711,11.203248999841492],[75.87142900034814,11.208124999868915],[75.87754800014017,11.21975700028537],[75.88176700044676,11.225262999687743],[75.88757300019387,11.228277000183482],[75.89686599976613,11.230324000152507],[75.898818999897,11.232362999752695],[75.90254199981348,11.243505000055734],[75.91449000041325,11.236599999990062],[75.91858699959039,11.2375040003094],[75.93077899975111,11.24704300043419],[75.95310200035709,11.248811000127603],[75.958724999759,11.250760000073967],[75.96807900034565,11.261744000285432],[75.97518899997243,11.266621000358953],[75.99394999999254,11.252094999584585],[75.99976636352693,11.255911589248512],[76.0081100000765,11.259582999555846],[76.01715099971892,11.269431999587141],[76.02738999974872,11.266302000037342],[76.03733799984889,11.267014999642583],[76.0456469999092,11.265380999833326],[76.05783800002376,11.273439000009887],[76.06308700016496,11.280209000145305],[76.0724110002675,11.284650999943722],[76.07163200031664,11.294017000184454]]]}},{"type":"Feature","properties":{"blockName":"Alathur","districtName":"Palakkad","state":"Kerala"},"geometry":{"type":"Polygon","coordinates":[[[76.47522699982625,10.74770200034709],[76.4703750000063,10.741750000162426],[76.47118400044133,10.73973900005484],[76.4766919999359,10.737312999695234],[76.47997999957738,10.732254000221985],[76.47782099983931,10.727786000123842],[76.46956599957127,10.722878000419428],[76.46727800017965,10.71950100027101],[76.46321900005688,10.704596000005438],[76.45948000030182,10.698408999775552],[76.45101200010379,10.699984999608091],[76.44484699998912,10.696388000106197],[76.45254499975198,10.676858999743104],[76.45380400025448,10.66778999970876],[76.45271300030475,10.659186000433635],[76.44321400022596,10.663058000026751],[76.44150499965605,10.657900999631465],[76.43801899987699,10.654757000335337],[76.4374850004325,10.650396999821737],[76.4303359999065,10.650246000052903],[76.425568000363,10.647103999949707],[76.42578899976257,10.642687000404806],[76.41998300001552,10.628186999930165],[76.4220659998461,10.626000999846326],[76.4272309997109,10.625699000308657],[76.42773400042381,10.61973100028547],[76.43016099993025,10.61519199961117],[76.42582699971632,10.60722900021824],[76.42240100000618,10.604772000227683],[76.41682400002765,10.603812000023822],[76.4155430003093,10.601809000285186],[76.41738099963351,10.598991999880923],[76.41586299977769,10.595324999848913],[76.41098799979642,10.59562500019365],[76.40566299974768,10.598509000090303],[76.40413700042228,10.594037999853867],[76.40550999988665,10.587608000109185],[76.41156000009397,10.578238999730104],[76.41242200027517,10.57250000037476],[76.41642799975244,10.576218000060692],[76.42321799991083,10.576025000153663],[76.42448399983675,10.571718000285557],[76.4280240003074,10.571076000357152],[76.4293819999794,10.563213000179871],[76.43297600024226,10.560850000027528],[76.43313600042615,10.555743000139387],[76.44049799998277,10.554172999684226],[76.43440200035207,10.537436000371144],[76.43495899995793,10.531984999907877],[76.44277199962812,10.525879999862127],[76.44600700042281,10.521166000110838],[76.45204199993839,10.520630999720936],[76.45469700006657,10.51821199968407],[76.46370700007805,10.505964999685034],[76.4693759998026,10.501358000371454],[76.46883399998916,10.496195999745623],[76.47224399986078,10.494177000168463],[76.47721099958801,10.48676099992025],[76.48044600038264,10.484340999837343],[76.48706799998826,10.484435999721654],[76.49267599959774,10.47908200013427],[76.52500200014225,10.46635599962974],[76.52910599964224,10.463188000126138],[76.53613299993805,10.450484999782987],[76.53919199981101,10.44789299986212],[76.55815099996875,10.443414000156054],[76.55886799975843,10.433713999801284],[76.56095099958901,10.431756000339192],[76.56589500005424,10.435410999817861],[76.57053399994419,10.436428999998384],[76.58642599986007,10.435400000209881],[76.57903299977318,10.443802000062306],[76.58595299963127,10.44659000002855],[76.58806599994602,10.451001000196072],[76.59341400015603,10.455687999601537],[76.60079199955118,10.470752000004836],[76.59413900031467,10.47702899988849],[76.59550500035556,10.484482000044295],[76.59169800016264,10.490863000227307],[76.58742500006377,10.494666000235782],[76.58058899958274,10.497615999578784],[76.57799499956963,10.501524999978813],[76.57208300033028,10.502808999835509],[76.5519790004306,10.526513000274804],[76.54413600027624,10.53767000037027],[76.5431980001876,10.54989200011579],[76.54921000044124,10.559799000123803],[76.55158200010925,10.571897999593034],[76.55501600018829,10.574984999857918],[76.55943299973319,10.575945000061779],[76.55998199986948,10.581451000363415],[76.56391899976211,10.58080800038897],[76.5638199996933,10.584938000188629],[76.57207499996133,10.588582000059318],[76.5781630001224,10.587700999901301],[76.58310699968837,10.589060999665435],[76.59095800021157,10.594542999759653],[76.59510800003426,10.59929200022566],[76.6003879998064,10.5987569998357],[76.60121900035665,10.602712999705204],[76.6045229998366,10.602070999776856],[76.60720100012611,10.6055029997637],[76.61323499959559,10.60393300020786],[76.6135479996405,10.608924000142565],[76.60971800018564,10.610429000298154],[76.60343900020973,10.622614000136025],[76.6077799998472,10.633729000093354],[76.61411999993811,10.63709199959618],[76.63283499963558,10.641673999555508],[76.63092000035778,10.65533399996417],[76.63123300040269,10.662161000030153],[76.63322399958798,10.664334000413817],[76.63340799997928,10.666972999804159],[76.63086699971234,10.668990000188387],[76.63191999970826,10.68591099989277],[76.64500399963492,10.690283000060447],[76.65381600040814,10.70063499990539],[76.65425099978387,10.722149000076342],[76.64764399997068,10.724179000160802],[76.64521000014145,10.726311999599147],[76.64018999976872,10.72013399978431],[76.63938899970265,10.722430000444206],[76.63591000024638,10.722502000167196],[76.63536800043295,10.719747999970252],[76.63310200025717,10.719181999949399],[76.63251500016719,10.715858000446417],[76.62919599999549,10.715526000424632],[76.62552599982507,10.712554000067087],[76.61997200000786,10.715040999642497],[76.621513000025,10.723125000118728],[76.61809499978449,10.726751000058641],[76.61552399993269,10.735998000207587],[76.61066399974385,10.741291999726059],[76.60942800030205,10.75110699998811],[76.6077039999397,10.754555999859576],[76.59753400039386,10.765721000323936],[76.58666199995139,10.763865000169687],[76.58516700025689,10.7668530003657],[76.58635700027543,10.775224999734007],[76.58398399966194,10.777699999655283],[76.58055899999789,10.776679000235731],[76.56994599980811,10.77958400020151],[76.56859599960575,10.776834000189012],[76.55466500018969,10.77774099974738],[76.5535130001249,10.781014999642593],[76.55101800018065,10.781423999617914],[76.55282599992,10.784632000066779],[76.54975100020857,10.78515800004169],[76.54796599973116,10.787863999823799],[76.53134200023317,10.78407100027647],[76.51947799990984,10.777913999631437],[76.51591500017719,10.77253199965213],[76.51090200012726,10.76979400019303],[76.49486499981992,10.765943999815761],[76.49060799955959,10.762856999550934],[76.48257399959044,10.755712000108758],[76.47842399976781,10.748265000229651],[76.47522699982625,10.74770200034709]]]}},{"type":"Feature","properties":{"blockName":"Thrissur","districtName":"Thrissur","state":"Kerala"},"geometry":{"type":"Polygon","coordinates":[[[76.15048199964463,10.394657000020572],[76.15287000005054,10.401249000041389],[76.15525799955708,10.403251999780025],[76.16360499957113,10.403291999825967],[76.17224100032195,10.398971000211532],[76.18217499977646,10.405086999865205],[76.1957089997706,10.41045199995989],[76.20724500025659,10.40853100040539],[76.21401999972329,10.4036959995708],[76.22266399994368,10.403333999964161],[76.22238200042904,10.406259999999065],[76.22516600021078,10.408375999552788],[76.22894299991958,10.408423999967681],[76.23380300010842,10.42350300016335],[76.24134800001025,10.424576000182299],[76.24031800017565,10.431405000340533],[76.24404899956176,10.435070000280348],[76.24400300013838,10.441437999863865],[76.24946600025578,10.445384000171543],[76.25117499992638,10.45237999993708],[76.25367700019348,10.454267999768433],[76.25485200041953,10.460462000321115],[76.2630390002497,10.460784999927853],[76.26554099961749,10.464393999983145],[76.26879100020454,10.46323899978006],[76.27156799966349,10.464208000398969],[76.27385700000059,10.468276000037406],[76.28992499993888,10.467949000246222],[76.30027000036029,10.473775000016303],[76.30187999996207,10.471246000302699],[76.30664800040495,10.472438999560211],[76.31092799992729,10.470304000029614],[76.32585100012363,10.473362999902577],[76.33378600002396,10.467777999555096],[76.33674599982811,10.4697790001008],[76.3430629997577,10.467293999718379],[76.35752100009415,10.455320999764353],[76.37417600012236,10.456366000290757],[76.37670900002041,10.465194000003123],[76.38713799981889,10.46459100007462],[76.40190099983135,10.47011500030709],[76.43106800038794,10.46635899976809],[76.43376899993945,10.475759999824163],[76.44009400023799,10.475512000078766],[76.44866899997442,10.471068000188097],[76.45640599973717,10.477470999587013],[76.4730530002958,10.478110000276331],[76.48044600038264,10.484340999837343],[76.47721099958801,10.48676099992025],[76.47224399986078,10.494177000168463],[76.46883399998916,10.496195999745623],[76.4693759998026,10.501358000371454],[76.46370700007805,10.505964999685034],[76.45469700006657,10.51821199968407],[76.45204199993839,10.520630999720936],[76.44600700042281,10.521166000110838],[76.44277199962812,10.525879999862127],[76.43495899995793,10.531984999907877],[76.43440200035207,10.537436000371144],[76.44049799998277,10.554172999684226],[76.43313600042615,10.555743000139387],[76.43297600024226,10.560850000027528],[76.4293819999794,10.563213000179871],[76.4280240003074,10.571076000357152],[76.42448399983675,10.571718000285557],[76.42321799991083,10.576025000153663],[76.41642799975244,10.576218000060692],[76.41242200027517,10.57250000037476],[76.41156000009397,10.578238999730104],[76.40550999988665,10.587608000109185],[76.39109799987284,10.599926999831212],[76.38744400044033,10.600683999666899],[76.38423199980701,10.59713499968052],[76.37862400019753,10.60248700007503],[76.38096600028075,10.608332999868082],[76.37563299986311,10.60949500039402],[76.36915599974964,10.616053999792314],[76.3635860000939,10.618878999666151],[76.35692599963522,10.620103000353254],[76.34589399990824,10.621394999679524],[76.33668499971304,10.609026000349672],[76.32446299996752,10.597814000415838],[76.31314100035695,10.597671000116634],[76.30355800000177,10.59563000042425],[76.29526499977999,10.597427999702461],[76.28575900027772,10.602386999960117],[76.28000600027673,10.60073800035849],[76.27589400040785,10.603100999611513],[76.27210200000735,10.59714300004947],[76.26716599991101,10.59612299977664],[76.26578500007776,10.599626000339697],[76.26103200032662,10.600384000221482],[76.25818600038366,10.603373999610426],[76.2531199996883,10.615491999955907],[76.24510199955768,10.611438000063686],[76.23810599979214,10.603477999909842],[76.23532900033314,10.606008999715641],[76.2331699996958,10.602859000142814],[76.22875999957438,10.600459000082822],[76.22767599994751,10.605340000340789],[76.22180900008533,10.605008000319003],[76.21995500002328,10.60770899987051],[76.22001600013834,10.610978000434443],[76.20163699974779,10.615725999954975],[76.18950699974829,10.616441999698566],[76.19145999987916,10.625730999985706],[76.18640100040591,10.623907000407769],[76.18408999995358,10.627009999611857],[76.18134300007944,10.624606000266738],[76.1774060001868,10.626507999844364],[76.1742710004064,10.62594199982351],[76.17575100030848,10.615036999657832],[76.1672739996954,10.61522700032583],[76.16690799990431,10.608915999773615],[76.16429099972993,10.607086999965134],[76.1612780001796,10.60709400028793],[76.15660100033597,10.61628200041406],[76.15358000041675,10.618010000061474],[76.15370900007036,10.620189999868671],[76.15034499962206,10.620885999589234],[76.14952100029399,10.617961999646639],[76.13802299976169,10.617412000363572],[76.13372000007797,10.610306000021922],[76.12894400016552,10.605841000062128],[76.12651100038244,10.60762300040119],[76.1249919995812,10.60470099965147],[76.12272600030474,10.603729999839686],[76.11675300005095,10.605462999717702],[76.1157610001701,10.603113000164853],[76.12085000012746,10.59908699976529],[76.11422699957643,10.594453000105943],[76.11543999975623,10.589230000264365],[76.11924699994915,10.583311999848945],[76.11777500041597,10.575741999693605],[76.11914799988034,10.567591999771025],[76.11351800015564,10.566111999868951],[76.11385300031577,10.562898000042708],[76.11710400004961,10.56117100044139],[76.11753800027856,10.550612000043827],[76.1257100003163,10.548127999707447],[76.12709000010346,10.544625000043766],[76.12197900003088,10.542456999890703],[76.1284940000981,10.526608000159115],[76.13098900004235,10.525397000071564],[76.1313860003637,10.521666999832235],[76.13526899956474,10.520971000111615],[76.13605499983845,10.511101000011195],[76.13250699989817,10.50760799990934],[76.12477899965114,10.504526999921154],[76.10679600043511,10.503413999856264],[76.088057999677,10.5060320000768],[76.08608200028414,10.503453999902206],[76.08830300018337,10.48727000001054],[76.09460400027444,10.475612000193678],[76.09608500022262,10.46883799987387],[76.09741999973323,10.446917999865832],[76.10714000011097,10.434734000074116],[76.1232829999106,10.400219000206732],[76.12712099973442,10.401015000042264],[76.13389600010038,10.397444999986817],[76.13799999960037,10.392386999660346],[76.13827499969153,10.386131999891916],[76.14081599995848,10.3845780001746],[76.14418799987635,10.385145000241607],[76.15048199964463,10.394657000020572]]]}},{"type":"Feature","properties":{"blockName":"Muvattupuzha","districtName":"Ernakulam","state":"Kerala"},"geometry":{"type":"Polygon","coordinates":[[[76.46235699987568,9.848064999999792],[76.47594499966203,9.844110000176443],[76.48275799998174,9.847790999954725],[76.48812900035313,9.846657999866864],[76.49998500030756,9.851389000402094],[76.51029199987596,9.851193000356716],[76.51502999983467,9.849775999762642],[76.52362799973247,9.824028000391934],[76.5344089995757,9.824285999699157],[76.54145799998679,9.822103999799822],[76.54311399991121,9.813186000433632],[76.54479199995092,9.81254000032078],[76.5445630001824,9.805935999746623],[76.54686700031186,9.804939999681267],[76.54880499975098,9.799811999724056],[76.5530850001727,9.800696000020423],[76.55907400026496,9.8030030002883],[76.56152299988662,9.812003999884723],[76.56108899965767,9.815511999779005],[76.56793199956218,9.822639000189781],[76.57116700035687,9.82266799972848],[76.57670600038165,9.819521000294003],[76.58188600003893,9.822755000143218],[76.5838390001698,9.82681799955111],[76.58242799985237,9.832170999991718],[76.58349599964072,9.841526999771247],[76.58714299964976,9.841325000348547],[76.5963970001215,9.84584500014671],[76.6045989997441,9.84405400029192],[76.60984000041572,9.839531000355407],[76.61096199999633,9.84193399965443],[76.61406700019194,9.839897000146493],[76.61872099987431,9.842328999883478],[76.6133349997105,9.848924000042643],[76.62452699962137,9.857619999963049],[76.63308699956542,9.855654000132063],[76.63458999962882,9.868511000382398],[76.63904600007288,9.874850000427216],[76.63896199979649,9.878528000067206],[76.6335140003709,9.885123000226315],[76.63149299980216,9.898641000381929],[76.63273599956676,9.902651000043647],[76.63186599991604,9.909323000156405],[76.63546000017891,9.915785999624234],[76.63837399966042,9.918002000192189],[76.64289100021955,9.917273999895201],[76.65027599993749,9.919855000208145],[76.65471599964371,9.917865000169684],[76.65942400001762,9.918688000350983],[76.66380299960878,9.916639000289706],[76.66768599970919,9.916664999690056],[76.67269100028949,9.919322999956535],[76.68004600042264,9.91926099979537],[76.6822430001144,9.918667000281914],[76.68578299968573,9.912374999706515],[76.69257399989021,9.907722000070294],[76.69529000013347,9.907354000187013],[76.70020300006843,9.911965999731137],[76.70069899955922,9.915293000271788],[76.69107800014962,9.92209700017645],[76.69110899978057,9.92531500018714],[76.69567099971692,9.930043999730856],[76.69912699991119,9.928636999597927],[76.70510899968065,9.93634099963748],[76.71106700014201,9.948008999915487],[76.7102809998683,9.951118000295537],[76.71698000032683,9.955197999588052],[76.71851299997502,9.958173000083946],[76.71727799968,9.968523999882734],[76.71083800037349,9.987309000110315],[76.70350600040166,9.988002999738683],[76.70058399965194,9.992335999906516],[76.69001000036127,9.989151999665125],[76.67736800013313,9.994199000383617],[76.6736830001704,9.990610000351296],[76.66603900019976,10.000343999575989],[76.66564900020126,10.007123000126398],[76.66738100003317,10.013884999892866],[76.64431000000656,10.01315899968813],[76.62599199973107,10.000952999781191],[76.62168099967846,10.002979999727245],[76.60564400027044,10.002820000442739],[76.60208900000742,10.002087999961304],[76.59607699975379,9.996770000235358],[76.59172799974743,9.996346999614389],[76.58641100006764,9.998229000068363],[76.58414499989186,10.000360000313833],[76.59467299975921,10.008358000421424],[76.59607699975379,10.011393000086912],[76.59812899995342,10.027324000002636],[76.59711499995734,10.030023000361211],[76.55897500019614,10.053699999555363],[76.55371100026252,10.058081000138088],[76.54931599993353,10.05081000028133],[76.54135100044834,10.047226999626389],[76.54122900021827,10.038566999567422],[76.53895599971969,10.030832999943016],[76.54268599995896,10.007420000332786],[76.53793300020783,10.005084999673045],[76.53469099998972,10.007447999825388],[76.53041799989086,10.004996000065375],[76.52884700028886,10.00735299994102],[76.52282699966634,10.007088000311],[76.5136570003703,9.996631000120601],[76.51063500040499,9.99504599987307],[76.50750700004807,9.981455999994466],[76.50996400003862,9.978162000076281],[76.50958999987864,9.97460199958266],[76.4935300003093,9.96657199979802],[76.49356099994026,9.962147999930323],[76.50104499972701,9.956974999696513],[76.49946599975613,9.947852999916051],[76.49150799969448,9.952913000334775],[76.48790700000808,9.952540000220893],[76.47781400041583,9.942911000442393],[76.47373999960138,9.940817000104516],[76.47306800008818,9.93622599973014],[76.46511100007262,9.941688999847486],[76.46088400029646,9.941548999686631],[76.45801500019218,9.938640999582503],[76.44635000005252,9.943327999887345],[76.44404599992299,9.938003999884756],[76.44451099978289,9.930471999683107],[76.43802600019978,9.924951999635141],[76.44307700020346,9.918707000327856],[76.43245699969083,9.915975000246135],[76.42947399972536,9.912952000234668],[76.4247060001818,9.912989000142318],[76.42636100006018,9.902749000066365],[76.431830999601,9.899031000380432],[76.43975800003176,9.89736099981036],[76.44444300024435,9.88910999972677],[76.44894400006558,9.886661000105107],[76.45426900011432,9.886391000244487],[76.45591699966985,9.8884459996832],[76.4606929995823,9.885306999718296],[76.46584299965474,9.87699400037286],[76.47033700005255,9.873914999577607],[76.47067300025878,9.858571999798016],[76.46235699987568,9.848064999999792]]]}},{"type":"Feature","properties":{"blockName":"Kozhenchery","districtName":"Pathanamthitta","state":"Kerala"},"geometry":{"type":"Polygon","coordinates":[[[76.64500399963492,9.330578000374487],[76.63893899963517,9.325571999748036],[76.6475599996943,9.312287000444769],[76.65495299978119,9.304239999876131],[76.65574600037769,9.288205999707145],[76.65959899999393,9.285588000385985],[76.66423000041425,9.286123999922722],[76.66844200039804,9.28471000036626],[76.67616300032228,9.288262999637766],[76.6810000003498,9.293623000401169],[76.68536400014852,9.289219999703278],[76.68686700021192,9.289608999655684],[76.68759899979403,9.293682000424042],[76.69384800018514,9.294203000168352],[76.69298600000394,9.28203200007681],[76.68279300029678,9.279246000202818],[76.67807000013045,9.268600000289837],[76.66435199974507,9.266878000019744],[76.65686799995831,9.257634000009148],[76.65432000026783,9.251222000195185],[76.65907300001902,9.239347000263876],[76.66251400042086,9.235548000439906],[76.66776299966278,9.236027000046079],[76.67439299963729,9.228520000098001],[76.67954299970972,9.229977999884852],[76.6882019997226,9.229001999842467],[76.69352699977128,9.230172999884076],[76.69348899981753,9.225983000015503],[76.69667800028952,9.222116999799766],[76.70040100020606,9.224618000020712],[76.70585599995451,9.222403000398174],[76.71089899958923,9.22346199977153],[76.71999621135615,9.222458517346752],[76.73080615228218,9.231280264972327],[76.73361203616662,9.229715444612111],[76.7385762920623,9.231981736168223],[76.74105842001012,9.229877322580421],[76.74656227003277,9.230470875130834],[76.74958399120828,9.237431625968838],[76.75044734037249,9.233924270888451],[76.7532339382957,9.232283304031284],[76.75719315504011,9.234149792079279],[76.75736283462714,9.229964334686372],[76.76239669625056,9.230134015172723],[76.76505502656829,9.228154406800456],[76.7662427917715,9.230756177855369],[76.77037168990165,9.230756177855369],[76.77348250331494,9.232962026876066],[76.7833979038902,9.226828042580166],[76.78802061435994,9.23105558464755],[76.7882391208388,9.234738988313723],[76.79142307791278,9.23533207771328],[76.78936286960084,9.23745471606236],[76.7898409563951,9.242270939951993],[76.78526721311147,9.246005009623559],[76.7887889870222,9.245418047305066],[76.78862890679869,9.248566300394486],[76.79358410742066,9.25145051882646],[76.79286094187904,9.255970298290663],[76.79436753473402,9.256392144182144],[76.80300807076588,9.251229271213958],[76.80672326186908,9.25577622099587],[76.80356257655171,9.259990466586828],[76.81016120007939,9.256441627579079],[76.81215742162777,9.261487632748128],[76.82128388114626,9.254320284253765],[76.82388233999802,9.249383212165583],[76.82693395104104,9.250772637747104],[76.82839860401242,9.257430151580252],[76.82380491916177,9.264021091300378],[76.8270671010659,9.264353967261854],[76.830728733944,9.260026581561533],[76.8334583148494,9.260292883409875],[76.82953038192164,9.263155614340178],[76.83467285376923,9.266958196163898],[76.82871254205025,9.270284881941791],[76.827834666137,9.279017433008164],[76.82418455177572,9.282066895570836],[76.82434085574596,9.284542171584008],[76.82109701821287,9.285302446750563],[76.81846140027346,9.2890531340949],[76.81481208181219,9.28626546058257],[76.810402489983,9.286873681075576],[76.80888156643118,9.281947275846164],[76.80489607509384,9.2809951770858],[76.8002080702463,9.282032980337817],[76.79727372899947,9.298822850793954],[76.79553309927314,9.297597963375381],[76.79495288906463,9.300563481419601],[76.79327672633991,9.301594966034884],[76.78805483356376,9.299467528903392],[76.79037567529724,9.305785373296374],[76.78805483356376,9.312103216790092],[76.78521149561408,9.315493080841065],[76.78637306626405,9.317816221241685],[76.78516973019896,9.319115823436562],[76.7812879999413,9.320258000206593],[76.77132400000266,9.338213999976176],[76.7659759997926,9.336070000030531],[76.7620539996924,9.331050999703905],[76.7444309999907,9.324689000397086],[76.7293010001411,9.342919000211737],[76.7297969996319,9.346240999622466],[76.72697399985026,9.346778000104678],[76.71953600038614,9.354461000075162],[76.7140730002688,9.357511999579174],[76.71205099965397,9.350979999627327],[76.70790900020023,9.353657999916834],[76.7046510001436,9.351502000317112],[76.70467400030492,9.341966000330672],[76.70240800012914,9.333598000247548],[76.68212099988432,9.328369000129328],[76.67341600044813,9.332407000182968],[76.65313699967288,9.328555999759658],[76.64920800014914,9.32835999971428],[76.64500399963492,9.330578000374487]]]}},{"type":"Feature","properties":{"blockName":"Mukundapuram","districtName":"Thrissur","state":"Kerala"},"geometry":{"type":"Polygon","coordinates":[[[76.24623425680556,10.238641547569387],[76.24710884299878,10.240426536355642],[76.24831449481815,10.243408937372635],[76.24695436914885,10.246277342125666],[76.2503323684441,10.247696100894416],[76.25654788527675,10.254046739065814],[76.25641276483731,10.262289055295696],[76.26006100411212,10.267491172879375],[76.25985901458193,10.27008008722629],[76.2666575196289,10.2777623983161],[76.26454998359492,10.279190084654715],[76.26597766993359,10.279869935249337],[76.26720140082404,10.278646204358893],[76.27012475775143,10.282997246725586],[76.26969502030897,10.286176496747998],[76.26363203568997,10.288523458390955],[76.2643491631834,10.292695835144741],[76.26278452178832,10.294716830317498],[76.26719061075812,10.31233723457575],[76.26248483530696,10.315713116866903],[76.25967160036413,10.312695282561265],[76.2580859580006,10.312797582242695],[76.25537502183982,10.31683841156348],[76.25921125179786,10.321339587651892],[76.25731871218886,10.32532926803134],[76.26087071411223,10.339323953837436],[76.25647429555238,10.33968041991551],[76.25577713660562,10.343781832065929],[76.26446380336188,10.344632272361537],[76.2655968529125,10.34803142461061],[76.26338470683879,10.350513344815056],[76.26570476256478,10.351268713280547],[76.26565080773867,10.353534814180364],[76.26802481919009,10.353534814180364],[76.26990463339217,10.355476260720877],[76.26918649236279,10.359343177345806],[76.27653363242126,10.361276635208583],[76.27697556467064,10.35879075978579],[76.27918523131342,10.3605032524232],[76.2811186891762,10.36017180188719],[76.28697430362126,10.369065708415746],[76.2864977267887,10.375768280082127],[76.28940819912913,10.378186209925673],[76.29276643582239,10.377559340191453],[76.29773662634426,10.382977295066155],[76.30278091380819,10.38357122982842],[76.30386814919581,10.385223826718288],[76.30656449115838,10.38461497490124],[76.3068254276514,10.386311062105904],[76.30351960974224,10.388244731309328],[76.31039353283535,10.39100358424804],[76.30804310340653,10.398466050667764],[76.30917024710925,10.399593196169121],[76.31163720889015,10.398728033971622],[76.31367882641678,10.401546913059633],[76.3161330160259,10.400265798228077],[76.31856311999206,10.40139662825186],[76.31921136571202,10.405293854727688],[76.31165294432799,10.409769820121141],[76.3116057802826,10.412002975257167],[76.31392016938037,10.413968021806795],[76.3120861252745,10.4181164541111],[76.31405117182419,10.421260529849633],[76.31090709698498,10.423269243880554],[76.31378916603722,10.426849997129693],[76.31365816179476,10.430212411173898],[76.31195512193136,10.43204645527976],[76.31229130739797,10.436934008897424],[76.31430255212115,10.438262189748286],[76.32041218277607,10.437920657812185],[76.32128498831162,10.439818059156153],[76.32306854537711,10.43978011136312],[76.32884548623025,10.437564491208377],[76.32988754687284,10.43588374733713],[76.33146744616579,10.438774626148131],[76.33419761163054,10.439690486726647],[76.3368779942241,10.444462367744109],[76.34638939505459,10.446409146365056],[76.34866990579155,10.451359523922918],[76.35150663912015,10.449913345724383],[76.35752100009415,10.455320999764353],[76.3430629997577,10.467293999718379],[76.33674599982811,10.4697790001008],[76.33378600002396,10.467777999555096],[76.32585100012363,10.473362999902577],[76.31092799992729,10.470304000029614],[76.30664800040495,10.472438999560211],[76.30187999996207,10.471246000302699],[76.30027000036029,10.473775000016303],[76.28992499993888,10.467949000246222],[76.27385700000059,10.468276000037406],[76.27156799966349,10.464208000398969],[76.26879100020454,10.46323899978006],[76.26554099961749,10.464393999983145],[76.2630390002497,10.460784999927853],[76.25485200041953,10.460462000321115],[76.25367700019348,10.454267999768433],[76.25117499992638,10.45237999993708],[76.24946600025578,10.445384000171543],[76.24400300013838,10.441437999863865],[76.24404899956176,10.435070000280348],[76.24031800017565,10.431405000340533],[76.24134800001025,10.424576000182299],[76.23380300010842,10.42350300016335],[76.22894299991958,10.408423999967681],[76.22516600021078,10.408375999552788],[76.22238200042904,10.406259999999065],[76.22266399994368,10.403333999964161],[76.21401999972329,10.4036959995708],[76.20724500025659,10.40853100040539],[76.1957089997706,10.41045199995989],[76.18217499977646,10.405086999865205],[76.17224100032195,10.398971000211532],[76.16360499957113,10.403291999825967],[76.15525799955708,10.403251999780025],[76.15287000005054,10.401249000041389],[76.15048199964463,10.394657000020572],[76.15209999961536,10.39333200007178],[76.1498639999237,10.382091999746024],[76.15578499957815,10.362113000214833],[76.15181700005456,10.354948999896465],[76.1579590000079,10.35281300031977],[76.1583560003292,10.348739000404578],[76.15356399967891,10.335206999603372],[76.15807299986909,10.330549999782704],[76.15468600015885,10.322123999722862],[76.15612800010717,10.318676999943648],[76.16754899978656,10.316529999859654],[76.16402400000766,10.300874000035094],[76.16493999998107,10.29719899963419],[76.17257699962886,10.29270700022795],[76.17884099981234,10.270603999874766],[76.1883929996373,10.264156000199307],[76.21022800022212,10.256648000205075],[76.21414900027622,10.252393000036989],[76.21991700006953,10.258290000383283],[76.22530400027944,10.258450999713887],[76.23072800039694,10.248224000237485],[76.22283899991999,10.227585999993948],[76.2254709998868,10.21622000015293],[76.22900400003465,10.216038999899979],[76.23945599999445,10.22135100024849],[76.24089799994277,10.237987000299881],[76.24623425680556,10.238641547569387]]]}},{"type":"Feature","properties":{"blockName":"Kottarakkara","districtName":"Kollam","state":"Kerala"},"geometry":{"type":"Polygon","coordinates":[[[77.03453099970591,8.841109999626838],[77.02200300023833,8.838519999798223],[77.00748399978681,8.844947000303875],[76.9853360000564,8.850417999890851],[76.96402700034582,8.848609000105341],[76.95700800041897,8.845485999978962],[76.95498699985023,8.85520999964183],[76.95137799979489,8.856292000075769],[76.95240799962954,8.866838999919935],[76.95506299975767,8.870969999765748],[76.94803600036118,8.876561000389927],[76.9494479998254,8.883293999718376],[76.94635800032154,8.884747000173945],[76.94301599998846,8.881883000300263],[76.93704199968857,8.889779000200747],[76.92836799988333,8.893983999861746],[76.92765000004755,8.899379999587381],[76.9246900002434,8.902075999807607],[76.92375200015476,8.907296999556934],[76.9131929997572,8.91199400032292],[76.90690600031172,8.910840000165933],[76.88651999999809,8.910236000191333],[76.87617499957662,8.907637999993767],[76.86952200034011,8.903092999942032],[76.87230700016801,8.896102999553818],[76.86091600007342,8.89062899982855],[76.8615040002095,8.886500000074989],[76.86682099988928,8.880716999589936],[76.86497500019618,8.87870600038167],[76.85588800023106,8.885050999803866],[76.84951799965603,8.881420999679449],[76.8491129998651,8.886123999822757],[76.84466599983608,8.885881000307961],[76.84412400002265,8.888690000343274],[76.8480830000305,8.890823999827774],[76.84880800018914,8.895240000225897],[76.85258499989789,8.896914000081097],[76.85388899977755,8.90781299997002],[76.85632299960679,8.912347000413774],[76.85581200032362,8.9249529998811],[76.85340900012534,8.937260999995203],[76.84786199973155,8.949099000018862],[76.84578700026992,8.960196000045414],[76.85815400040684,8.967117999995764],[76.85826900031418,8.970361000260027],[76.86177800025456,8.972769999835691],[76.86261700027438,8.976613999936205],[76.88270600038169,8.975288999987413],[76.8817519995552,8.986621000059131],[76.88449900032867,8.990585000297585],[76.89645400035187,8.99629500011423],[76.89585198787898,9.002120420720871],[76.89493599959678,9.00531399964143],[76.88249999987517,9.009735000270098],[76.87245199966009,9.01654699964439],[76.86162600043963,9.014691000389405],[76.85077700015847,9.016396999921653],[76.83355700015551,9.022354000336918],[76.80905199965014,9.015736000016432],[76.80252099974439,9.015734999970334],[76.7980959998306,9.023875000331032],[76.80679299979715,9.027646999809235],[76.80142200032509,9.040447000129006],[76.80579399959345,9.044314000390841],[76.80502300001149,9.05529400041786],[76.7968059996972,9.054676999843707],[76.79175599973968,9.058109999876649],[76.77591699956992,9.06422400033739],[76.77121699956496,9.074661999651596],[76.75917800016464,9.072986999750299],[76.75809499968454,9.087128999903484],[76.7557450001317,9.088814000265927],[76.7487490003661,9.082671000266487],[76.74446899994444,9.082594000312895],[76.74114999977274,9.086125000368497],[76.7387240003124,9.086032999723216],[76.73613699972282,9.0813440002255],[76.72974399988573,9.084098999569221],[76.72515899978805,9.081610999947713],[76.7117839999317,9.084884999842927],[76.71404299978468,9.079752999701213],[76.72421300022984,9.065994000123055],[76.71702599975015,9.063584999648072],[76.71446999969078,9.05602499995382],[76.71060899970564,9.057380000386729],[76.70737499985643,9.056545999698187],[76.70382699991615,9.06191700006957],[76.68774400018549,9.059642000378062],[76.6914140003559,9.056220999999198],[76.69253499989037,9.051787999716453],[76.6878430002543,9.044877000273402],[76.68029800035248,9.0409200003578],[76.68006100021506,9.026561000090112],[76.6748890000274,9.010059999969087],[76.6747059996822,9.000360999660472],[76.67634287552335,8.99662886532991],[76.679321000264,8.990455999744654],[76.68517300033375,8.98727100035643],[76.69897500009625,8.984189000322147],[76.69864700025892,8.980081999784488],[76.69050599985206,8.974514000221006],[76.69492300029628,8.951290000333302],[76.70205700013048,8.950898000242546],[76.70417000044523,8.941046000072902],[76.70790900020023,8.93756100033994],[76.71005999956941,8.932495999690673],[76.72435000025234,8.92313000034926],[76.73249099975988,8.908777000358327],[76.72853900007487,8.904933000257813],[76.72944599963324,8.900942999719689],[76.73909000010349,8.896308000014244],[76.74665800016663,8.897601000285988],[76.74138599986406,8.876907000157985],[76.75284600044262,8.866319000221722],[76.75370799972444,8.860774999966338],[76.75772100042389,8.857813000069939],[76.76140600038667,8.859420999579527],[76.76676200006631,8.855028000242044],[76.77674900016626,8.860883999596979],[76.77994500006179,8.858886000088887],[76.78496599958129,8.85954900008636],[76.78714000001105,8.856098000122643],[76.79825600001442,8.854069000084337],[76.80146000027884,8.850560000143957],[76.80555000003255,8.84986300037724],[76.80788399974682,8.854338999944957],[76.81265999965933,8.853757000085523],[76.8171160001034,8.857194000302911],[76.82309699982676,8.853626000339716],[76.82765200033958,8.842593999713358],[76.83463300031275,8.842754999943338],[76.84336900027921,8.838436000421154],[76.84812900035314,8.834524999928874],[76.8485029996138,8.826830000304312],[76.8516079998094,8.824643000174376],[76.8522869996454,8.82154200016322],[76.85449499354917,8.817912298613749],[76.85888700003505,8.815558000301507],[76.86096200039606,8.816532000251641],[76.87015499985341,8.811059999719248],[76.8766325557479,8.809439779322418],[76.88690199962764,8.804811000227517],[76.89205900002287,8.810315000436958],[76.90226000009898,8.810216000368143],[76.91998299991559,8.791331000025707],[76.92265299983615,8.78407199982297],[76.91576399960894,8.778246000052889],[76.93189999998509,8.76500400003465],[76.93499000038827,8.760507000397808],[76.95238500036754,8.770599999990054],[76.95993000026937,8.769665000039765],[76.9740680002381,8.772461000374904],[76.97775300020083,8.782934999550662],[76.98117100044135,8.785172000187686],[76.98778499967807,8.784594999659532],[76.99614000006102,8.78128800004123],[77.00644699962936,8.770184999737978],[77.02142299957183,8.771568999709643],[77.02961000030132,8.773751999655133],[77.01953899992498,8.788507000197967],[77.0134509997639,8.808256999960633],[77.01708199993442,8.813024000357359],[77.02439900011382,8.815151000418382],[77.0270079999193,8.829162999972539],[77.03453099970591,8.841109999626838]]]}},{"type":"Feature","properties":{"blockName":"Kunnathunad","districtName":"Ernakulam","state":"Kerala"},"geometry":{"type":"Polygon","coordinates":[[[76.4247060001818,9.912989000142318],[76.42947399972536,9.912952000234668],[76.43245699969083,9.915975000246135],[76.44307700020346,9.918707000327856],[76.43802600019978,9.924951999635141],[76.44451099978289,9.930471999683107],[76.44404599992299,9.938003999884756],[76.44635000005252,9.943327999887345],[76.45801500019218,9.938640999582503],[76.46088400029646,9.941548999686631],[76.46511100007262,9.941688999847486],[76.47306800008818,9.93622599973014],[76.47373999960138,9.940817000104516],[76.47781400041583,9.942911000442393],[76.48790700000808,9.952540000220893],[76.49150799969448,9.952913000334775],[76.49946599975613,9.947852999916051],[76.50104499972701,9.956974999696513],[76.49356099994026,9.962147999930323],[76.4935300003093,9.96657199979802],[76.50958999987864,9.97460199958266],[76.50996400003862,9.978162000076281],[76.50750700004807,9.981455999994466],[76.51063500040499,9.99504599987307],[76.5136570003703,9.996631000120601],[76.52282699966634,10.007088000311],[76.52884700028886,10.00735299994102],[76.53041799989086,10.004996000065375],[76.53469099998972,10.007447999825388],[76.53793300020783,10.005084999673045],[76.54268599995896,10.007420000332786],[76.53895599971969,10.030832999943016],[76.54122900021827,10.038566999567422],[76.54135100044834,10.047226999626389],[76.54931599993353,10.05081000028133],[76.55371100026252,10.058081000138088],[76.55897500019614,10.053699999555363],[76.56054699984423,10.057252999726188],[76.55945599989451,10.060987000149964],[76.56182899960868,10.064939999881119],[76.55870799957455,10.071666999832246],[76.5580830004302,10.076723000066465],[76.5621409996075,10.085722999616792],[76.57542399971788,10.089754000246955],[76.57528699969532,10.113857000200426],[76.57900200014222,10.12021400017602],[76.5767440003354,10.129633000162869],[76.58138999964882,10.136905000065724],[76.58545700014048,10.140332999868122],[76.59555099977888,10.145120000287818],[76.6022110002375,10.144635999551781],[76.60760499987089,10.150011000107611],[76.63565800031654,10.14813299983814],[76.63994600020783,10.15058300040522],[76.64339995174646,10.161487041893508],[76.63774794920857,10.16594158363722],[76.6310830249617,10.174356050791175],[76.62513262107365,10.17451327476789],[76.61835812882464,10.171087969334394],[76.61386717263196,10.170783497560421],[76.60914786328334,10.17557892552702],[76.60465690798998,10.176187868175646],[76.59925253737475,10.174589392486496],[76.59468546436273,10.176796811723534],[76.59004965796538,10.181568639681018],[76.58476460939926,10.183890110939899],[76.58603644142869,10.185832139341812],[76.58136306225555,10.189831678089547],[76.5793157493224,10.190589942372014],[76.57810252611074,10.188163496847949],[76.5764125057326,10.187949958224067],[76.57510935481292,10.189714298576064],[76.57638195126611,10.196186685167447],[76.57001693743177,10.2001544859408],[76.56976894937759,10.203543649419942],[76.56762175324138,10.20554806828875],[76.56468163564904,10.20554806828875],[76.56275218336663,10.200310984164616],[76.55834199978352,10.203026999696306],[76.5576860001089,10.19734899955671],[76.54938500041749,10.195139000164772],[76.5328519997201,10.197660999555524],[76.5285639998288,10.197388999602708],[76.52408600016884,10.193729999939592],[76.51735700012551,10.193350000402233],[76.50804100039193,10.182249000191234],[76.50357799962507,10.181173000033994],[76.49401100000767,10.184302999583792],[76.48215500005324,10.182561000190049],[76.47351099983285,10.183505999702163],[76.46874999971277,10.18203100003069],[76.45780200026218,10.171161999726564],[76.44798299981562,10.16757699987869],[76.44227600013733,10.163520999894274],[76.43120599955728,10.149841000361903],[76.43172500010871,10.14685600030424],[76.43497499979645,10.145639999986088],[76.44514500024161,10.148363999698859],[76.45070600038167,10.14169100043938],[76.4520339995695,10.137441999648615],[76.45817600042216,10.132373999760318],[76.45880899993546,10.1273229997567],[76.45368200002434,10.120395999575749],[76.45100399973484,10.119369999925595],[76.44676200016625,10.118464999560103],[76.43566900032414,10.122113999661394],[76.4224169998447,10.11567000017044],[76.41474200024317,10.115118999941956],[76.41171299995506,10.11156899990948],[76.40752400013258,10.105214000026137],[76.41059100037444,10.096194999599618],[76.4048390004196,10.096727999897325],[76.40924799959555,10.088853000065967],[76.40310699968836,10.08106499974997],[76.39737699984875,10.077235000295104],[76.39850599975216,10.060123999922723],[76.38901500004226,10.05038499956811],[76.38172900039314,10.03599599971568],[76.3803180000757,10.017301000041186],[76.3745039999597,10.014046000122846],[76.37356599987106,10.008535999636706],[76.37073499972053,10.008372000167697],[76.36923199965713,9.996195999845554],[76.36634799976042,9.99133399956446],[76.36177800035449,9.991541000117138],[76.35598000007701,9.977335999756633],[76.3575129997252,9.973130000049537],[76.36895799961206,9.962015000092208],[76.37176499955513,9.956994999719484],[76.37354299970974,9.946640999782346],[76.38008099993823,9.938547999790387],[76.39291399998115,9.935062000011328],[76.41785399986225,9.923096000380156],[76.42166900042406,9.914677999789888],[76.4247060001818,9.912989000142318]]]}},{"type":"Feature","properties":{"blockName":"Aluva","districtName":"Ernakulam","state":"Kerala"},"geometry":{"type":"Polygon","coordinates":[[[76.38172900039314,10.03599599971568],[76.38901500004226,10.05038499956811],[76.39850599975216,10.060123999922723],[76.39737699984875,10.077235000295104],[76.40310699968836,10.08106499974997],[76.40924799959555,10.088853000065967],[76.4048390004196,10.096727999897325],[76.41059100037444,10.096194999599618],[76.40752400013258,10.105214000026137],[76.41171299995506,10.11156899990948],[76.41474200024317,10.115118999941956],[76.4224169998447,10.11567000017044],[76.43566900032414,10.122113999661394],[76.44676200016625,10.118464999560103],[76.45100399973484,10.119369999925595],[76.45368200002434,10.120395999575749],[76.45880899993546,10.1273229997567],[76.45817600042216,10.132373999760318],[76.4520339995695,10.137441999648615],[76.45070600038167,10.14169100043938],[76.44514500024161,10.148363999698859],[76.43497499979645,10.145639999986088],[76.43172500010871,10.14685600030424],[76.43120599955728,10.149841000361903],[76.44227600013733,10.163520999894274],[76.44798299981562,10.16757699987869],[76.45780200026218,10.171161999726564],[76.46874999971277,10.18203100003069],[76.47351099983285,10.183505999702163],[76.48215500005324,10.182561000190049],[76.49401100000767,10.184302999583792],[76.50357799962507,10.181173000033994],[76.50804100039193,10.182249000191234],[76.51735700012551,10.193350000402233],[76.52408600016884,10.193729999939592],[76.5285639998288,10.197388999602708],[76.5328519997201,10.197660999555524],[76.54938500041749,10.195139000164772],[76.5576860001089,10.19734899955671],[76.55834199978352,10.203026999696306],[76.56275218336663,10.200310984164616],[76.56468163564904,10.20554806828875],[76.56762175324138,10.20554806828875],[76.56976894937759,10.203543649419942],[76.57001693743177,10.2001544859408],[76.57638195126611,10.196186685167447],[76.57510935481292,10.189714298576064],[76.5764125057326,10.187949958224067],[76.57810252611074,10.188163496847949],[76.5793157493224,10.190589942372014],[76.58136306225555,10.189831678089547],[76.58603644142869,10.185832139341812],[76.58476460939926,10.183890110939899],[76.59004965796538,10.181568639681018],[76.59468546436273,10.176796811723534],[76.59925253737475,10.174589392486496],[76.60465690798998,10.176187868175646],[76.60914786328334,10.17557892552702],[76.61386717263196,10.170783497560421],[76.61835812882464,10.171087969334394],[76.62513262107365,10.17451327476789],[76.6310830249617,10.174356050791175],[76.63774794920857,10.16594158363722],[76.64339995174646,10.161487041893508],[76.6521609996305,10.191431000040666],[76.66111799989585,10.19874299998952],[76.67580399995467,10.217395000378986],[76.68118299979568,10.240269000314186],[76.68064900035114,10.251687999901321],[76.6872410003719,10.261704000439295],[76.68924700024894,10.267205999657222],[76.67006699979225,10.271809999731772],[76.66384099956252,10.27871899998189],[76.65868400006661,10.280571999997846],[76.64662899992845,10.281075999857535],[76.64382199998539,10.27638100008312],[76.63935900011779,10.274617999720931],[76.62589299966226,10.273805000000777],[76.6228329997432,10.274733999674368],[76.6187290002432,10.279739000254722],[76.60430100039093,10.281912999785163],[76.59314700043376,10.29021400037584],[76.5906830001204,10.298368999629702],[76.5858690002542,10.298615000182167],[76.57921600011838,10.301793000146915],[76.56746699970233,10.293167999903346],[76.57334099988731,10.28316499996481],[76.56354499960213,10.284287999591584],[76.55704500022665,10.282416999644852],[76.55339800021761,10.282772999874112],[76.5415879996865,10.28820600040666],[76.52655799995182,10.285385999864047],[76.504234000199,10.28671900018179],[76.50041200021371,10.287648999901478],[76.49480399970486,10.291739999701292],[76.4741670004068,10.291690000093467],[76.4617689997396,10.296203999614931],[76.45057699982874,10.296007999569554],[76.43217500017619,10.29015300026083],[76.41764099993225,10.295645999962971],[76.41595500042297,10.294675000151187],[76.41685499965854,10.28807399971538],[76.41343700031734,10.287279999972043],[76.4130020000423,10.27861799982088],[76.40284700028889,10.276293999668383],[76.39707200017273,10.26667200021268],[76.39155600030921,10.263014999742495],[76.39031999996809,10.2602639996839],[76.39088399989674,10.25572900009331],[76.38664999979773,10.253618999916966],[76.38102000007302,10.253863000377237],[76.37927999987215,10.251402000202177],[76.37896699982724,10.245205000410465],[76.3755339997943,10.241600999686455],[76.34401699968487,10.23250600025176],[76.34099599976565,10.230332999868097],[76.3376389996402,10.214848999881497],[76.33531200024868,10.211528999663642],[76.33049000001353,10.208386000413611],[76.31332399980283,10.20533199987193],[76.31179799957806,10.201777999655008],[76.31468999984367,10.18048399973685],[76.3194889999175,10.180218000060677],[76.32386000003902,10.183076999703815],[76.32564499961711,10.181408000079216],[76.32170899977058,10.168681000427853],[76.3294679996485,10.164012000053788],[76.33071100031248,10.148920000157943],[76.32714100025703,10.138256000314186],[76.3303299998297,10.119884000246486],[76.33985100002371,10.117275999587775],[76.34011100032245,10.111994999769479],[76.34544399984077,10.11106299995754],[76.34736600034068,10.10812999959984],[76.34263599985155,10.089823999877751],[76.33689899968914,10.078927000081023],[76.33166500023964,10.073714999847425],[76.33102400035739,10.070333000367725],[76.33758499984793,10.06710199975754],[76.34174300003946,10.070708999720637],[76.34407799979994,10.0764429997447],[76.34904500042649,10.076204999561128],[76.34963199961715,10.071897999692965],[76.35179100025454,10.069484999932854],[76.35596500028458,10.069821000139086],[76.3529590001578,10.06219600014532],[76.35813899981503,10.062986999750308],[76.36466999972077,10.048219000406618],[76.37283300024285,10.050487999821371],[76.37818899992249,10.03910500009573],[76.38172900039314,10.03599599971568]]]}},{"type":"Feature","properties":{"blockName":"Paravur","districtName":"Ernakulam","state":"Kerala"},"geometry":{"type":"Polygon","coordinates":[[[76.17871520264453,10.175006256133884],[76.18777499991637,10.163610000401263],[76.19298600010387,10.161762999762686],[76.19455000028233,10.159350000002519],[76.1944199996833,10.155390999994722],[76.19655600015932,10.152689000397118],[76.20039822230018,10.141055713950095],[76.20891175967,10.145360539257524],[76.21609189202724,10.129731662985932],[76.2188898106163,10.129823813818007],[76.22061160943827,10.128195821480006],[76.22453877974095,10.119547324649375],[76.23107560185758,10.094138172738553],[76.23069741175618,10.092206009000165],[76.2240447938322,10.09002760009372],[76.22885100017356,10.070872000042812],[76.23123899968016,10.06839900021373],[76.23895836283822,10.070436435892873],[76.2430650000498,10.072107000337837],[76.2465970001515,10.068601999682585],[76.2531199996883,10.07037200036757],[76.25624099972242,10.069562999932543],[76.25948299994053,10.067377999894802],[76.26135299984111,10.06324499995685],[76.27471900018179,10.063735000070267],[76.27347600041713,10.070738000158656],[76.27659600040516,10.072395000129177],[76.28272999998956,10.071863999923721],[76.29592100035393,10.067636000101345],[76.29633299956834,10.057136999772752],[76.30236099966044,10.043924000192476],[76.31117200038756,10.050263000237294],[76.30530499962612,10.061465999756138],[76.3089220000503,10.0634610000252],[76.31964900010132,10.063080999588522],[76.3217319999319,10.065884000246456],[76.32640799972944,10.066215000222144],[76.33102400035739,10.070333000367725],[76.33166500023964,10.073714999847425],[76.33689899968914,10.078927000081023],[76.34263599985155,10.089823999877751],[76.34736600034068,10.10812999959984],[76.34544399984077,10.11106299995754],[76.34011100032245,10.111994999769479],[76.33985100002371,10.117275999587775],[76.3303299998297,10.119884000246486],[76.32714100025703,10.138256000314186],[76.33071100031248,10.148920000157943],[76.3294679996485,10.164012000053788],[76.32170899977058,10.168681000427853],[76.32564499961711,10.181408000079216],[76.32386000003902,10.183076999703815],[76.3194889999175,10.180218000060677],[76.31468999984367,10.18048399973685],[76.30670200019722,10.184634999605578],[76.30322299984164,10.183438000163619],[76.297867000162,10.177600999886295],[76.27647400017503,10.173983000315275],[76.27538300022536,10.179091000249514],[76.26926400043334,10.187252999826114],[76.26329799960308,10.18830099959149],[76.2616419996786,10.194846000142832],[76.26431299964526,10.195987999746421],[76.26483899962017,10.198396000175308],[76.26136000016396,10.199897000146507],[76.2534870004248,10.200891000119611],[76.24994699995415,10.19969499982443],[76.24079899987402,10.20384799978541],[76.23667899963618,10.20230899986052],[76.22844700042879,10.203474999671528],[76.22155800020158,10.2066460002128],[76.21684999982767,10.201379000140776],[76.21441700004459,10.201039999796194],[76.2126620000513,10.196683000320263],[76.21346300011743,10.194271999753028],[76.20149039946244,10.19273570498882],[76.1929511810522,10.185938519247316],[76.17715090119322,10.183909323156797],[76.17871520264453,10.175006256133884]],[[76.31048140739108,10.131806134545513],[76.30977244664115,10.128696718678668],[76.31435875884972,10.128614245451104],[76.3129087360494,10.123299397848996],[76.32218466918721,10.121219668852689],[76.31971980012872,10.119417445458794],[76.32042739031186,10.115478954490186],[76.32280286406098,10.113257241428585],[76.3270483952673,10.112146385347444],[76.32608809558917,10.108662335298561],[76.3270483952673,10.105632727068723],[76.32431912552727,10.102047690348684],[76.31749595207657,10.100128938199987],[76.31127928231308,10.101643741865246],[76.30969184939937,10.096993680314142],[76.3061353139936,10.09693079342145],[76.30050150923734,10.092623030028847],[76.3011309834082,10.091962715407021],[76.29679808666242,10.090222833916698],[76.29345781572567,10.093208278239501],[76.29287451005064,10.09583062758145],[76.28599984951347,10.095164633740922],[76.28349997074713,10.092708783083935],[76.28288379485133,10.085193329508627],[76.28131432679481,10.084540014310278],[76.27464409384993,10.086075307229692],[76.27441521369121,10.087251276924917],[76.26830083101862,10.086336634028498],[76.26551834389653,10.096312801794397],[76.26879321073812,10.097831815186169],[76.26906611810693,10.101999366177836],[76.26578734101304,10.10879900347129],[76.26529602429213,10.113756542330634],[76.2697112674611,10.114035056972341],[76.27135838208375,10.119730598388458],[76.27402045537974,10.118939634756373],[76.27937800638995,10.123132360470095],[76.28478927030864,10.122462697395633],[76.28849695746868,10.1248869386813],[76.29427683280966,10.120819231322514],[76.29612637763029,10.123359951900284],[76.29453975410644,10.126684106985977],[76.2950755189201,10.128702752230254],[76.30157380688576,10.131899446402372],[76.30618164886408,10.132453964778676],[76.3073451161842,10.135186062886532],[76.31043105075247,10.133724599810478],[76.31048140739108,10.131806134545513]]]}},{"type":"Feature","properties":{"blockName":"Sulthanbathery","districtName":"Wayanad","state":"Kerala"},"geometry":{"type":"Polygon","coordinates":[[[76.12287900016577,11.849394999779463],[76.11464700005905,11.842132000291656],[76.09223199970705,11.83416499981496],[76.0894849998329,11.830321999760542],[76.09200299993853,11.817345000271587],[76.088958999858,11.811837999923796],[76.07757600013235,11.802520000097957],[76.08085600030421,11.790505000005794],[76.0865629999825,11.790372000167736],[76.09761000040123,11.78465399998214],[76.1023410000372,11.784920999704411],[76.11921700036436,11.77907199977301],[76.11651599991353,11.772362999752659],[76.11455500031309,11.759446000332673],[76.11681400016602,11.755360999910295],[76.1236269995864,11.752472999829138],[76.12384000041573,11.748392999637247],[76.11927000011048,11.739620999809347],[76.10162400024745,11.724002999938534],[76.10536199995641,11.709058999673118],[76.11873599976661,11.702642999674765],[76.13077500006625,11.694159999684302],[76.13004299958482,11.685322000410054],[76.15081799985086,11.643909999946572],[76.15866900037412,11.639341999733574],[76.17456100029,11.63722099994925],[76.18099200008078,11.626349999552872],[76.18373099958603,11.609853999662391],[76.18215899993794,11.594074999561656],[76.19052099974442,11.586343000029501],[76.20037099982181,11.57298800019612],[76.2073669995874,11.558949000296195],[76.2282870002449,11.56168899984749],[76.23430599992201,11.566323999552992],[76.2331010001111,11.57109300004197],[76.26713600032622,11.593650999793851],[76.27418499983793,11.596035000015263],[76.2784499995679,11.599633999609466],[76.28350099957152,11.596687999551591],[76.28546100002518,11.590253999622462],[76.29343399987926,11.589706000431647],[76.29820999979171,11.587326000394626],[76.30140699973333,11.571814000016161],[76.30554199976353,11.57111300006494],[76.31283599978161,11.57722100024904],[76.31686400027343,11.576406999583412],[76.31874799992033,11.584321000313935],[76.33626600017584,11.595398000317516],[76.34114799958058,11.591984000261448],[76.3412479996955,11.587503999609964],[76.34332300005644,11.585205999757136],[76.35622717604338,11.58924737226846],[76.37856300008247,11.60039799976795],[76.37888299955085,11.607627000385833],[76.38467400040486,11.611569999655785],[76.38459000012847,11.621670999616981],[76.38788600013885,11.629359999864164],[76.40409100009964,11.632277000383283],[76.42925300032579,11.632115000107206],[76.43279299989706,11.630313999791326],[76.43386800000826,11.636057000230437],[76.43870500003578,11.636669999720766],[76.44222300039121,11.640559000097824],[76.44357299969425,11.644743999735852],[76.44260399997466,11.648647999905336],[76.43563799979393,11.654538999974932],[76.43137400011005,11.666327000390822],[76.42545299955634,11.670426999706308],[76.41806000036877,11.671554999563625],[76.40998100012314,11.690079000345634],[76.4106830001204,11.706438000213609],[76.40410599989201,11.708021000368944],[76.41083499993533,11.713736000416134],[76.41402400040732,11.710557000405288],[76.41642000028287,11.711120000287849],[76.41883099995073,11.716916999619912],[76.42572000017793,11.720561000389921],[76.42666599973614,11.724063000007504],[76.42501099985782,11.73290500036552],[76.41968499976298,11.741253000425672],[76.41327700013352,11.740308000014238],[76.4142910001296,11.747593999663422],[76.41851799990582,11.753436000171348],[76.41533699980278,11.760280000121952],[76.41206399995372,11.756794000342893],[76.3983380000987,11.749784999977805],[76.39135700012554,11.75194000043075],[76.37989799959308,11.743086999565435],[76.36354099981736,11.746766000150842],[76.35371399990123,11.737334999610596],[76.34241499955266,11.737437999863857],[76.3317260003547,11.745517000109544],[76.3178099998317,11.750622999951531],[76.31033300036773,11.776319999668317],[76.30715899968817,11.782881000058183],[76.29075599958975,11.791550999678918],[76.28213500043,11.80743700021742],[76.27905300039572,11.81020300006844],[76.2724610003749,11.80706800028804],[76.26010099966146,11.80642700040579],[76.25134999990263,11.801923000446152],[76.2389910001346,11.803059999819197],[76.2253650003945,11.806607999759422],[76.22113000024939,11.8107609997204],[76.21877300037374,11.820812000073772],[76.21226499973,11.826119000191738],[76.2139429997697,11.838285000052736],[76.21009799962303,11.855580999963252],[76.20754999993261,11.860642000428015],[76.20271299990509,11.862045000376497],[76.19061999981318,11.8702399996763],[76.16910599964223,11.866466000105845],[76.15587600017733,11.867424000217511],[76.1454319996871,11.863503000163348],[76.13203399966943,11.85114400039538],[76.12287900016577,11.849394999779463]]]}},{"type":"Feature","properties":{"blockName":"Mavelikkara","districtName":"Alappuzha","state":"Kerala"},"geometry":{"type":"Polygon","coordinates":[[[76.49501799968101,9.307668999724626],[76.48978400023151,9.29765700027042],[76.49073800015861,9.29374299963979],[76.49325600026424,9.290160999930265],[76.50019099991476,9.289588999632656],[76.5012049999109,9.293372999664257],[76.50432599994502,9.292543000059482],[76.50196800002323,9.280324999599088],[76.50167800013963,9.266886000388638],[76.50682800021212,9.260525000228654],[76.49805500033807,9.22032399985278],[76.49807000013044,9.21515399975732],[76.50199100018455,9.213112000018839],[76.5167239997129,9.212190999814823],[76.5154339995795,9.202607000312867],[76.5111540000571,9.195115000157159],[76.51511400011105,9.191178000264529],[76.52256800031302,9.191061000264995],[76.53126500027957,9.18696999956586],[76.53855099992876,9.186509999936618],[76.53163900043955,9.162840000165943],[76.53376799969351,9.15443500017517],[76.54367799983987,9.150850000327296],[76.54300700037282,9.146202000022356],[76.54597499964655,9.141412000363573],[76.54315199986496,9.135575000086249],[76.54335800037148,9.126553999567477],[76.54721099998773,9.122789999558904],[76.55120099962647,9.109659000162765],[76.55840299989859,9.106728999943414],[76.56968699955542,9.108071999822982],[76.57667499985143,9.114967000326828],[76.585158999888,9.113519000101803],[76.58635700027543,9.117644999717015],[76.58995099963897,9.119914000031144],[76.59077499986643,9.127720000277861],[76.60319499974952,9.128077999699997],[76.61417399973038,9.126952999981029],[76.62371800008572,9.133767000346836],[76.63465099974388,9.135113000364697],[76.636625810233,9.1389116980165],[76.6426770002434,9.14802699964639],[76.66748799957156,9.149140999757378],[76.67333999964131,9.151275000141197],[76.6745299996598,9.154943000219362],[76.67333999964131,9.163396999771749],[76.67435499968354,9.167467000401814],[76.67610899963069,9.170153000160894],[76.67969500042398,9.17063800004371],[76.68482999980472,9.16898700034983],[76.68636300035223,9.172709000220209],[76.66837299991408,9.197849000331132],[76.65428899973762,9.199691999885943],[76.65012400012256,9.207136999672855],[76.64700300008843,9.206760000273846],[76.64741500020216,9.201070999627007],[76.64482100018904,9.2017230000165],[76.64250899969062,9.208464999759997],[76.64449300035176,9.211205000210612],[76.64400500033054,9.21431099955305],[76.64134199983346,9.21433399971437],[76.64414999982267,9.217585000347526],[76.64096100025,9.229905000115707],[76.63458999962882,9.235818000300526],[76.62856299958281,9.23357100010162],[76.62984500024663,9.229077999749961],[76.62280999958188,9.223620999909258],[76.61935400028693,9.224857000250438],[76.60682699996613,9.235185999934004],[76.60075399959749,9.234603000028471],[76.59708400032639,9.237794999739492],[76.59561199989395,9.241712999655249],[76.58973699966288,9.244575000336056],[76.5787660000509,9.259772999724191],[76.5774230001714,9.266047000368815],[76.57034300012941,9.262196999991602],[76.56270599958225,9.268407000382808],[76.55570999981671,9.268521000243993],[76.55127700043329,9.257526000424605],[76.54769900000889,9.25818800037598],[76.54646299966777,9.261989000292203],[76.54688999957386,9.271809999931577],[76.54946100032498,9.282587999636519],[76.54289199956617,9.27890699985818],[76.5396730004087,9.281174000080114],[76.54186199973157,9.286958999758099],[76.53734600011785,9.286650999943731],[76.53689600005043,9.294869000304175],[76.5345919999209,9.295632999563338],[76.53183000025439,9.30398699990019],[76.51307699970386,9.302527000021087],[76.50227399974534,9.303934000154015],[76.49501799968101,9.307668999724626]]]}},{"type":"Feature","properties":{"blockName":"Mallappally","districtName":"Pathanamthitta","state":"Kerala"},"geometry":{"type":"Polygon","coordinates":[[[76.71721600041815,9.385864000323409],[76.7138899999236,9.396578999821031],[76.71646099977539,9.399312999995004],[76.72260299972874,9.399549000086324],[76.73768600010885,9.391318000025706],[76.74196599963125,9.39794499986192],[76.74867200041257,9.39145400000217],[76.75532499964908,9.390820999589494],[76.76421400037589,9.396028999638645],[76.76090999999656,9.401055000288068],[76.76469400002816,9.403666000185808],[76.7630539999422,9.407414000355857],[76.75959000027837,9.409339000094803],[76.75691199998886,9.413095999780637],[76.76000200039203,9.415312000348592],[76.76229900019877,9.420749000166268],[76.76966900012434,9.42223500034504],[76.77734399972587,9.427454000002172],[76.78302800014217,9.4355619997865],[76.79135099994875,9.44094799995031],[76.79358699964035,9.444488999567739],[76.78619399955352,9.446392000090782],[76.78318800032599,9.445844000000648],[76.77069099958999,9.43969199958616],[76.764267000122,9.439001000096141],[76.76185599955477,9.442182000199182],[76.75961300043969,9.45035899956821],[76.75749199975604,9.45233099967595],[76.75257100035145,9.451684000416321],[76.75096900021924,9.453362999602803],[76.7538150001622,9.461324999848898],[76.74767300020886,9.473327000240943],[76.73464200002832,9.472576999828732],[76.73155199962514,9.469387000209963],[76.73232300010642,9.464842000158228],[76.71919299985711,9.458980999673429],[76.71481300021986,9.454478999806042],[76.70920599975716,9.454123999622936],[76.70474199984346,9.461171999987869],[76.70170600013188,9.463496000140367],[76.70007300036872,9.475574000439792],[76.68653900037464,9.47718199994938],[76.67958099966347,9.481436000071369],[76.67291299973522,9.479480999848306],[76.6540529996463,9.480157000445274],[76.64144900027122,9.47560900025519],[76.64070900032016,9.46952600032472],[76.63636799978343,9.463013000349747],[76.63196600003096,9.46936800023309],[76.62942499976401,9.4696760000474],[76.6261220003301,9.462235000444991],[76.62736500009476,9.459409999671777],[76.61510500039549,9.459798999624184],[76.61046599960628,9.458229000068343],[76.6091999996803,9.452723999812804],[76.60519400020303,9.457295000164152],[76.60298900014232,9.456623999797785],[76.60321000044121,9.448465000359533],[76.60008200008429,9.448374999806447],[76.59171299995506,9.443731999732051],[76.59127799968002,9.440462000021341],[76.59349800043242,9.436364999944828],[76.59179700023145,9.42666999982066],[76.59680900023523,9.417149999672802],[76.59394799960057,9.414874999981294],[76.59517525403481,9.409678475281453],[76.59802153996213,9.405789861612845],[76.59984918089503,9.406073461021435],[76.60627743415631,9.411146739030812],[76.61072049155752,9.417417437364918],[76.61059444797547,9.41946565591536],[76.60429223829624,9.425925420521764],[76.60709672193622,9.430021855824009],[76.60964911661353,9.43191251854796],[76.61519506030385,9.432605761846503],[76.62048891593076,9.426839240538584],[76.62559370528533,9.429076524462062],[76.62991071910449,9.435158156523755],[76.62710623636377,9.419528677706353],[76.62896538774248,9.410485007077455],[76.6290914322239,9.398132677581032],[76.62508394976453,9.39705192810402],[76.62436700033686,9.392620999859332],[76.62906600029572,9.394018999577213],[76.65180999963184,9.382339999691283],[76.67385900019275,9.389336000356195],[76.6885529997212,9.389786000423612],[76.69557199964811,9.385072999819158],[76.71721600041815,9.385864000323409]]]}},{"type":"Feature","properties":{"blockName":"Vatakara","districtName":"Kozhikode","state":"Kerala"},"geometry":{"type":"Polygon","coordinates":[[[75.77723700038729,11.797687000254882],[75.7726209997594,11.801024000357359],[75.75357800022459,11.803307999564595],[75.74974799987035,11.801064000403358],[75.75053400014406,11.795202999918558],[75.75411199966908,11.791938000438392],[75.75590499961612,11.787430000294307],[75.75505099980387,11.784512999775188],[75.74914599998795,11.78391199993888],[75.74025700016051,11.786159000137786],[75.73831899982201,11.780909999996538],[75.73333700030236,11.779598999794075],[75.72847700011351,11.78282500017366],[75.72449499994434,11.789828000262048],[75.71704099974238,11.794765000404482],[75.7069019998275,11.79565400003213],[75.69784500034655,11.798541000067132],[75.69451100038242,11.797554999563602],[75.69155900004785,11.795356999825742],[75.68602800039196,11.77625300017587],[75.67120400026448,11.767111000372438],[75.66827400004513,11.758360999760384],[75.65841699964488,11.754141000306959],[75.63586400012355,11.735508999940464],[75.62823499994533,11.73618899982256],[75.62480900023525,11.729121000333976],[75.61029099982983,11.717262000241192],[75.60659000002852,11.71582499962409],[75.60247800015964,11.716967000127],[75.59928899968764,11.714602999928559],[75.59246799989836,11.715047999765432],[75.59134700036384,11.713624999793979],[75.59487200014274,11.707834999885392],[75.59506199991142,11.700712999705217],[75.60507200017275,11.694717000189428],[75.60333300001798,11.687564000378359],[75.59859500005928,11.686304999875915],[75.58904300023431,11.687473999825272],[75.57780500000081,11.676202999868622],[75.57072399991273,11.674114999807443],[75.56826799996827,11.677768000093181],[75.5642089998455,11.679895000154204],[75.56314800037995,11.682898000142643],[75.56430799991432,11.686840000265875],[75.5625689997596,11.691571999947882],[75.55623599999149,11.701359999864167],[75.54413439968283,11.70358125966743],[75.54094707914442,11.701384715032646],[75.54013053159883,11.697404045860083],[75.53676227375996,11.696536464486314],[75.53509331370554,11.694958889041573],[75.54734417809141,11.670704032265348],[75.54858972743403,11.66579574747584],[75.54714717889925,11.663507255255695],[75.5500323946793,11.664478333308466],[75.5516822756166,11.66087919431942],[75.54932069999035,11.66089351062709],[75.54615612690378,11.663669698897536],[75.5464195014589,11.662568839680262],[75.5501819816132,11.660047435640706],[75.55193786294205,11.660729760270272],[75.55303978425871,11.659225915743491],[75.57080506030536,11.617402154385957],[75.58896432124646,11.568345182684084],[75.58971060386136,11.570183335792365],[75.58736081654848,11.581215973138683],[75.5825368396035,11.591682837992607],[75.58991478773731,11.58019015605089],[75.5905735789076,11.576620235135806],[75.58947610653712,11.5743721989179],[75.59500065355735,11.570696809110473],[75.59818365015536,11.571428122509872],[75.59949958853525,11.568595504478992],[75.59828526905,11.566756776703926],[75.61780500010076,11.563376000302242],[75.6197430004392,11.560134000084076],[75.61763799959408,11.551604999770973],[75.61851499956765,11.547512999925061],[75.63095899965816,11.533104000049605],[75.64004499957713,11.532797000281391],[75.64233399991423,11.529433999879245],[75.64824700009905,11.527343999725872],[75.65858500019766,11.528858000296509],[75.66669500007424,11.532989000142265],[75.67801699968487,11.54602899983854],[75.6789630001424,11.550841999658587],[75.67640700008303,11.559885000292581],[75.67683399998919,11.564820000342763],[75.68518100000318,11.570150999768885],[75.6923830002753,11.580212999730179],[75.70167499980147,11.601716000293209],[75.72112300002647,11.599820000092961],[75.74073000038925,11.592812999820126],[75.74308800031105,11.594955999719673],[75.74250000017491,11.602309999806721],[75.74790200017725,11.612967000226945],[75.75098400021147,11.628531000305486],[75.76134499957215,11.646976000142331],[75.76697500019617,11.641149000326152],[75.77296400028843,11.64019200026064],[75.78098299956582,11.626176999668871],[75.78507999964233,11.623015999588745],[75.78989400040786,11.620988999642691],[75.80132299955682,11.620980000126963],[75.80678599967422,11.623823999977674],[75.81177500041599,11.633730999985687],[75.81914500034156,11.63958200000934],[75.8251110002725,11.640173000283767],[75.83504499972702,11.645230999710918],[75.86234999985265,11.649754999693528],[75.87169600007041,11.66157099960202],[75.8766249998439,11.677717000439259],[75.88055400026695,11.68269499977447],[75.90543400007908,11.683614999932331],[75.90910300020334,11.68264300007445],[75.91617599992253,11.687880999708398],[75.9067460003277,11.693020000172908],[75.90404499987687,11.69604500027657],[75.89643899986004,11.698571999897922],[75.88602399980778,11.697359999764217],[75.87903600041113,11.69828800029103],[75.87673200028166,11.700679999982071],[75.8698810000082,11.69948399968689],[75.85874199984346,11.70089099981982],[75.85084499989688,11.699415000102249],[75.8498380002236,11.702594000113038],[75.84561899991695,11.705136999572915],[75.84455899959823,11.712220999799342],[75.83599899965418,11.717195999895523],[75.83023800018361,11.722913000034964],[75.82482899985854,11.72415099956902],[75.82104499982694,11.732201000276007],[75.81816900029918,11.734829000058369],[75.80275700003557,11.742428999798562],[75.79557799992483,11.742198999983884],[75.79875199970508,11.747780000146918],[75.78543900000989,11.75890000033479],[75.78570599973216,11.761476000417133],[75.78920700020296,11.76492200015025],[75.79021499992234,11.773983999861741],[75.79397599979262,11.780068999884463],[75.79264799970548,11.78904800026504],[75.78850600025174,11.792796000435146],[75.77723700038729,11.797687000254882]]]}},{"type":"Feature","properties":{"blockName":"Koyilandi","districtName":"Kozhikode","state":"Kerala"},"geometry":{"type":"Polygon","coordinates":[[[75.90910300020334,11.68264300007445],[75.90543400007908,11.683614999932331],[75.88055400026695,11.68269499977447],[75.8766249998439,11.677717000439259],[75.87169600007041,11.66157099960202],[75.86234999985265,11.649754999693528],[75.83504499972702,11.645230999710918],[75.8251110002725,11.640173000283767],[75.81914500034156,11.63958200000934],[75.81177500041599,11.633730999985687],[75.80678599967422,11.623823999977674],[75.80132299955682,11.620980000126963],[75.78989400040786,11.620988999642691],[75.78507999964233,11.623015999588745],[75.78098299956582,11.626176999668871],[75.77296400028843,11.64019200026064],[75.76697500019617,11.641149000326152],[75.76134499957215,11.646976000142331],[75.75098400021147,11.628531000305486],[75.74790200017725,11.612967000226945],[75.74250000017491,11.602309999806721],[75.74308800031105,11.594955999719673],[75.74073000038925,11.592812999820126],[75.72112300002647,11.599820000092961],[75.70167499980147,11.601716000293209],[75.6923830002753,11.580212999730179],[75.68518100000318,11.570150999768885],[75.67683399998919,11.564820000342763],[75.67640700008303,11.559885000292581],[75.6789630001424,11.550841999658587],[75.67801699968487,11.54602899983854],[75.66669500007424,11.532989000142265],[75.65858500019766,11.528858000296509],[75.64824700009905,11.527343999725872],[75.64233399991423,11.529433999879245],[75.64004499957713,11.532797000281391],[75.63095899965816,11.533104000049605],[75.61851499956765,11.547512999925061],[75.61763799959408,11.551604999770973],[75.6197430004392,11.560134000084076],[75.61780500010076,11.563376000302242],[75.59828526905,11.566756776703926],[75.59949958853525,11.568595504478992],[75.59818365015536,11.571428122509872],[75.59500065355735,11.570696809110473],[75.58947610653712,11.5743721989179],[75.5905735789076,11.576620235135806],[75.58991478773731,11.58019015605089],[75.5825368396035,11.591682837992607],[75.58736081654848,11.581215973138683],[75.58971060386136,11.570183335792365],[75.58896432124646,11.568345182684084],[75.590116898676,11.567614298261333],[75.59216643293456,11.555897399145692],[75.6179809839353,11.485659589218699],[75.61857900701563,11.480930245234674],[75.6159955173793,11.478005535726936],[75.62084669881614,11.474640454293592],[75.62485604916742,11.474506538046342],[75.62755014282487,11.472584881087414],[75.63422215732675,11.461697555297974],[75.63725023760844,11.461991370105693],[75.63755633715527,11.464645881002639],[75.6455327283528,11.468343466977444],[75.65301203367846,11.46692130517414],[75.66086851287162,11.462163195475114],[75.66401360754202,11.462417396945341],[75.675672208106,11.450486042796683],[75.67711086797226,11.449625722549115],[75.67980480244972,11.450834189246507],[75.68187201827908,11.449360094292956],[75.69891408651591,11.422508941534488],[75.71290600600742,11.39360749818752],[75.71536868251872,11.392428334100373],[75.7356436327475,11.347479213694783],[75.73358891749461,11.353097507843756],[75.73390351023886,11.356844090682273],[75.73600523035714,11.357576527334913],[75.74265918287506,11.355471874527439],[75.74441382134086,11.359875863580271],[75.75042394381,11.3652254241141],[75.7520289998385,11.368903000173361],[75.75633999989111,11.368614000335924],[75.76495399962744,11.3801419995537],[75.76899699991168,11.377956000369181],[75.77496299984261,11.379200000179935],[75.78490399961993,11.38559199997087],[75.78124199981852,11.38983999981616],[75.78001399984629,11.393988000445916],[75.78507999964233,11.413312000348583],[75.78219599974562,11.419208999795558],[75.77889300031177,11.420409000275185],[75.77952599982507,11.424412999660262],[75.7830430001344,11.425277999979755],[75.79508999990361,11.416263999783837],[75.80313899966518,11.41678400038137],[75.80784599999294,11.42359699980176],[75.81195799986187,11.425263000187385],[75.82067900003585,11.423981999569662],[75.82192199980051,11.433611000247538],[75.82477600011237,11.436890000373296],[75.83347300007892,11.442098999569225],[75.8345340004438,11.446958999758067],[75.83570637105225,11.44698120671734],[75.83708724228245,11.454799557353738],[75.83596075418552,11.45568115735955],[75.82628921107829,11.45678452838331],[75.82472466501133,11.459486926380578],[75.8229467718761,11.457993496003098],[75.81448400033639,11.458917999965763],[75.81178160323844,11.463256058820093],[75.80164176785337,11.466757044901726],[75.81367283433389,11.47579693388144],[75.82922491210007,11.4742603522335],[75.83509186339882,11.47733351732802],[75.84710028944687,11.478758790785605],[75.85517153573784,11.48734287637268],[75.8663796488018,11.492932983970093],[75.86992780882139,11.497095247847483],[75.8826530422042,11.499990026118837],[75.89290290424572,11.504020989876835],[75.89559200037058,11.5029950001192],[75.88533647080152,11.511331619258897],[75.87912895613647,11.511408254987032],[75.87023047115935,11.51914622511822],[75.8640391352979,11.521118953676819],[75.85052211090675,11.536324205197957],[75.84294273711765,11.534917256326366],[75.8380409022659,11.541151897242287],[75.83209511369859,11.54037394410227],[75.8287394733481,11.5416661637625],[75.82093911364922,11.560945137308295],[75.84167068115704,11.55347691522752],[75.84440314618831,11.55335456606042],[75.84850753869199,11.55589591166705],[75.8504476047732,11.550851740215705],[75.8526786806766,11.550997245126837],[75.85617080034223,11.554149852733588],[75.85730329411177,11.551349967327155],[75.86316583513525,11.552005915740494],[75.86546165503142,11.549423117682807],[75.86906937265348,11.549259130804273],[75.87329204219407,11.54643035287853],[75.87957903534425,11.539461864273676],[75.88504807530848,11.539840489646906],[75.88658488628352,11.54218673093294],[75.88855170000102,11.541410357901725],[75.88865521556579,11.537632004713316],[75.8903181816388,11.536369452788051],[75.89512309385577,11.536104962174306],[75.90148699522871,11.539106655447824],[75.90892718634063,11.539317723634099],[75.92533470643161,11.543696537964877],[75.92629575344631,11.547085492801273],[75.92902715008296,11.547338400147112],[75.92279189582939,11.55931140010108],[75.92059675413697,11.574676827173903],[75.92104657613862,11.576757255842722],[75.9220763952095,11.593228586430143],[75.91770899957072,11.595977000038545],[75.90812700016096,11.602551000128585],[75.9059519996851,11.605165000164675],[75.90486099973543,11.614013999946167],[75.8978270000161,11.619288000340987],[75.90008499982292,11.629562000186183],[75.90017699956894,11.642685000112692],[75.90222899976857,11.647239999726253],[75.90389300006194,11.659366000440627],[75.90212999969981,11.676832000096795],[75.90910300020334,11.68264300007445]]]}},{"type":"Feature","properties":{"blockName":"Thodupuzha","districtName":"Idukki","state":"Kerala"},"geometry":{"type":"Polygon","coordinates":[[[76.71083800037349,9.987309000110315],[76.71727799968,9.968523999882734],[76.71851299997502,9.958173000083946],[76.71698000032683,9.955197999588052],[76.7102809998683,9.951118000295537],[76.71106700014201,9.948008999915487],[76.70510899968065,9.93634099963748],[76.69912699991119,9.928636999597927],[76.69567099971692,9.930043999730856],[76.69110899978057,9.92531500018714],[76.69107800014962,9.92209700017645],[76.70069899955922,9.915293000271788],[76.70020300006843,9.911965999731137],[76.69529000013347,9.907354000187013],[76.69257399989021,9.907722000070294],[76.68578299968573,9.912374999706515],[76.6822430001144,9.918667000281914],[76.68004600042264,9.91926099979537],[76.67269100028949,9.919322999956535],[76.66768599970919,9.916664999690056],[76.66380299960878,9.916639000289706],[76.65942400001762,9.918688000350983],[76.65471599964371,9.917865000169684],[76.65027599993749,9.919855000208145],[76.64289100021955,9.917273999895201],[76.63837399966042,9.918002000192189],[76.63546000017891,9.915785999624234],[76.63186599991604,9.909323000156405],[76.63273599956676,9.902651000043647],[76.63149299980216,9.898641000381929],[76.6335140003709,9.885123000226315],[76.63896199979649,9.878528000067206],[76.63904600007288,9.874850000427216],[76.63458999962882,9.868511000382398],[76.63308699956542,9.855654000132063],[76.63100399973484,9.849409999971556],[76.63555099987877,9.846324999798924],[76.64952899966369,9.84155700025542],[76.66352800041693,9.838910999642962],[76.67266099980537,9.843372000317629],[76.67806199976155,9.838444999737021],[76.68367799973993,9.838454000152012],[76.68833200032162,9.833473999825287],[76.69886000018892,9.831775999762613],[76.70101199960413,9.825784000431327],[76.70926699987223,9.822666999682326],[76.72181700035435,9.814001000246037],[76.73163599990153,9.811100999611483],[76.74258400025144,9.804229000168277],[76.74691799956611,9.80355799980191],[76.75767500010124,9.814610999598017],[76.76885999968931,9.808651999989877],[76.77725199997985,9.807374000409823],[76.78359200007083,9.804618000120684],[76.81416299972273,9.783379000040895],[76.8296360001014,9.76675299955133],[76.83012400012257,9.762441000351942],[76.83621999975327,9.757904999815935],[76.85475900032765,9.73355300007097],[76.86090899975062,9.728613999836284],[76.86615000042224,9.731380999733403],[76.88510100021102,9.745014999842397],[76.8943559998296,9.74868600005891],[76.9472730002488,9.720409000075335],[76.97420063764935,9.717413902429712],[76.97375721792133,9.723614545375028],[76.96925502110241,9.736059067072347],[76.96594706640406,9.75395174827463],[76.95353567213363,9.751772573145786],[76.93879959062866,9.758741910710683],[76.92844485594543,9.755541046382234],[76.91871378221532,9.757057576745808],[76.9159756019925,9.759037491786842],[76.89756695635003,9.763462563646442],[76.89299318878471,9.762360853670486],[76.87635845138146,9.782300143636746],[76.88305313869148,9.792681851686154],[76.88417343315746,9.813554698190842],[76.88171025842172,9.824466311071433],[76.87445772884115,9.839793609587446],[76.87819745614775,9.844706585240772],[76.88597022194824,9.848959607799713],[76.88057886362373,9.858782869234062],[76.87350455718962,9.864501618554925],[76.87155594575034,9.869034259223724],[76.87355536528793,9.873385607359921],[76.88265145919752,9.881688708766944],[76.87343954519889,9.894957668661505],[76.87707600335494,9.918460136426177],[76.87620088836036,9.924928378941559],[76.87776087576384,9.93044541032748],[76.88142854758945,9.933293267370459],[76.8958751697034,9.930662930250094],[76.90105491125519,9.934790536054436],[76.90097397676766,9.936530606402414],[76.89688683775739,9.940172610677507],[76.89483493918118,9.947869269551177],[76.88855463518831,9.955460847140444],[76.87977289570262,9.959731151971141],[76.87594284588567,9.966424067616686],[76.8727704810729,9.96750731361169],[76.87274649795256,9.97401892683206],[76.87153808701316,9.975944833986944],[76.8724443949929,9.978550472126642],[76.88289442723607,9.983477964636393],[76.8824682241293,9.98543850018666],[76.86680299815987,9.998384395723349],[76.86375112721282,9.999390125553873],[76.85133556098742,9.99796823174853],[76.84379406394493,10.002255129970308],[76.83035299989109,10.0137889999624],[76.81678800026606,10.019299999595376],[76.8051990000339,10.02709600028021],[76.78447700041329,10.035103999949683],[76.76661699967485,10.011497000386328],[76.77215599969969,10.000248999691621],[76.77156799956356,9.99051999979821],[76.7657619998165,9.989247999595534],[76.76610600039169,9.982006000176796],[76.74873399967441,9.989969999615823],[76.73239900001391,9.985170000395271],[76.72685999998907,9.981426000409613],[76.71868899999743,9.98752900036311],[76.71686599956627,9.98530300023333],[76.71083800037349,9.987309000110315]]]}},{"type":"Feature","properties":{"blockName":"Idukki","districtName":"Idukki","state":"Kerala"},"geometry":{"type":"Polygon","coordinates":[[[77.06138599976413,9.981197999787923],[77.05667900033563,9.9805090003901],[77.05480999958189,9.976504000059606],[77.04966699983225,9.97586100008516],[77.04657700032834,9.973946999954137],[77.04190099963148,9.975843000154384],[77.03185999973925,9.97524899974161],[77.0291899998187,9.97196200014622],[77.02360500037054,9.973372000417555],[77.02086599996596,9.971175999872571],[77.00833899964516,9.978909000350143],[76.9997179995861,9.98001400004614],[76.99610900043007,9.97580400015454],[76.98557999961736,9.949229000418086],[76.97500600032669,9.951265999926022],[76.96502699969636,9.954740000051004],[76.94848600042866,9.96348599957929],[76.94203199957718,9.969201999672578],[76.93323500039503,9.973133000187829],[76.92629200037555,9.978304000329388],[76.90489200006579,9.98687599992752],[76.84397899963119,10.023999999600335],[76.84050000017493,10.023898000292547],[76.83333599985656,10.015094999934377],[76.83035299989109,10.0137889999624],[76.84379406394493,10.002255129970308],[76.85133556098742,9.99796823174853],[76.86375112721282,9.999390125553873],[76.86680299815987,9.998384395723349],[76.8824682241293,9.98543850018666],[76.88289442723607,9.983477964636393],[76.8724443949929,9.978550472126642],[76.87153808701316,9.975944833986944],[76.87274649795256,9.97401892683206],[76.8727704810729,9.96750731361169],[76.87594284588567,9.966424067616686],[76.87977289570262,9.959731151971141],[76.88855463518831,9.955460847140444],[76.89483493918118,9.947869269551177],[76.89688683775739,9.940172610677507],[76.90097397676766,9.936530606402414],[76.90105491125519,9.934790536054436],[76.8958751697034,9.930662930250094],[76.88142854758945,9.933293267370459],[76.87776087576384,9.93044541032748],[76.87620088836036,9.924928378941559],[76.87707600335494,9.918460136426177],[76.87343954519889,9.894957668661505],[76.88265145919752,9.881688708766944],[76.87355536528793,9.873385607359921],[76.87155594575034,9.869034259223724],[76.87350455718962,9.864501618554925],[76.88057886362373,9.858782869234062],[76.88597022194824,9.848959607799713],[76.87819745614775,9.844706585240772],[76.87445772884115,9.839793609587446],[76.88171025842172,9.824466311071433],[76.88417343315746,9.813554698190842],[76.88305313869148,9.792681851686154],[76.87635845138146,9.782300143636746],[76.89299318878471,9.762360853670486],[76.89756695635003,9.763462563646442],[76.9159756019925,9.759037491786842],[76.91871378221532,9.757057576745808],[76.92844485594543,9.755541046382234],[76.93879959062866,9.758741910710683],[76.95353567213363,9.751772573145786],[76.96594706640406,9.75395174827463],[76.96353986457314,9.78272561289674],[76.96265465558793,9.790579609961071],[76.9601805792704,9.796146284823237],[76.95919123418815,9.8016808161168],[76.9597206291038,9.804129267152007],[76.9657424958196,9.810084959952974],[76.96613954200632,9.819018498704793],[76.96759537802433,9.822261042113439],[76.97024235260255,9.824246273047095],[76.97447751192772,9.825305062878385],[76.97705831169179,9.825635934251011],[76.98235226084819,9.82583445779403],[76.98738099993324,9.825815000062278],[76.99295799991182,9.819262000041306],[76.99981699965485,9.82113600012633],[77.00416599966121,9.812328000436935],[77.02581799990082,9.79666700038183],[77.0303730004137,9.79488700013502],[77.02864099968247,9.792254000122057],[77.0292970002564,9.789338999695133],[77.03382100023902,9.784337000152505],[77.02599299987708,9.775395999725674],[77.02653499969057,9.772592999967003],[77.02255200037456,9.771858000246539],[77.0149539998273,9.765740999647448],[77.01545000021741,9.759888999577697],[77.01257299974418,9.749981999569684],[77.01781499956263,9.735108999880481],[77.015274000195,9.727797999977781],[77.02976200011625,9.71678400018152],[77.03180699999314,9.711314999787476],[77.02838100028299,9.704843999950697],[77.02851900035165,9.699098000272556],[77.0230869998652,9.696660000258873],[77.02565000024737,9.69143600037114],[77.0279540003769,9.678326000144864],[77.02152171275691,9.668278890258648],[77.03139635695635,9.664456189701468],[77.04580524801383,9.666055937931219],[77.05095119484184,9.662609567677464],[77.05320168171232,9.663256003062145],[77.05507893464517,9.666936893123193],[77.06031671304595,9.66759445671886],[77.06370526228807,9.66651408765506],[77.06751971606212,9.670161617364784],[77.07308798812022,9.66960123630804],[77.07633268630451,9.674284516117552],[77.08012368396089,9.674617288656975],[77.08095464044436,9.678478128562858],[77.08759363723664,9.682357990029288],[77.08904100883552,9.68645121115452],[77.09130541181537,9.687509521647144],[77.0924958183274,9.691564479317321],[77.09613411559701,9.694898774259059],[77.09702179232193,9.700070652138947],[77.09435080224779,9.701868943696866],[77.09578018290915,9.703941243393729],[77.09923471091321,9.702741397597492],[77.10226527961902,9.699167558336171],[77.10662820113066,9.698048728865786],[77.10606848827018,9.69535987555787],[77.10912084395187,9.691493249413952],[77.11554501788834,9.689050861608052],[77.11746191833294,9.691197572110298],[77.1253853439585,9.69109589026317],[77.13253052956037,9.693443919401432],[77.1362876263729,9.688495335091716],[77.13675727123115,9.684686287142483],[77.13952044361366,9.683471248199567],[77.15073219623395,9.686562498660408],[77.15406228594577,9.690478781770423],[77.13113022488005,9.707084149114223],[77.12994571792058,9.710428540744601],[77.12735758958115,9.711346882552618],[77.1250405088125,9.714638010036197],[77.12475917209815,9.717220873744395],[77.12508958571584,9.719758079771623],[77.1336138214208,9.730578524779162],[77.13484670021512,9.730865432793564],[77.13574856284595,9.727248951278114],[77.13825488075821,9.726918755296367],[77.14163571741449,9.734905826842464],[77.14539121523245,9.737853006810838],[77.14952086069923,9.738708583134667],[77.1527794785901,9.745463613155266],[77.15307149925036,9.752090320711773],[77.15972679985197,9.757826641886084],[77.16231177876563,9.762673155841526],[77.15970884398803,9.765407847594133],[77.15904125205219,9.77021285513922],[77.15253516516577,9.771883780212363],[77.15334365928248,9.775002396143691],[77.14989960658164,9.77710836825662],[77.14277989427677,9.778563038753305],[77.13935100864217,9.777773880959899],[77.12625746331133,9.784278504649308],[77.11932713204158,9.790700218040683],[77.11286486462188,9.788099944356986],[77.11006440994464,9.790474921680357],[77.10726250196296,9.790377679786161],[77.10456591628406,9.797852662970058],[77.10028108740232,9.797265102602466],[77.08413011871005,9.805829567680462],[77.06764899000893,9.818146814623844],[77.07531332994625,9.820671857320406],[77.08944867691497,9.822260167073125],[77.08991882719215,9.824070412419644],[77.08482999630735,9.826073843832887],[77.09488994581443,9.840874088368537],[77.0931818031977,9.849706115245056],[77.10685769192901,9.856004882319496],[77.10675671964697,9.862192325915146],[77.10926952976502,9.864667324937159],[77.10625349320418,9.866500294353159],[77.09759451387578,9.881015601288993],[77.10779503461322,9.89335553812765],[77.09709516171239,9.898356572697708],[77.09665454696983,9.902407084119659],[77.10317403465405,9.90430180728265],[77.10130277390397,9.908324392956445],[77.10387445184455,9.911583027035135],[77.10440903944567,9.917318441692771],[77.10345324986764,9.922112040438378],[77.10031102043729,9.927231726163257],[77.10484497591494,9.928807982302601],[77.10803817442229,9.933844717259944],[77.10092024187571,9.936509845552962],[77.09413146029868,9.935500674016964],[77.08524795712759,9.941108671827806],[77.08204688775373,9.941374184071378],[77.07865914970006,9.944426753791731],[77.07812535170365,9.94976547479689],[77.07286033373748,9.956006686159697],[77.06232392970566,9.958904158799953],[77.06140742341393,9.967567736362014],[77.06268254426408,9.973700726007735],[77.06138599976413,9.981197999787923]]]}},{"type":"Feature","properties":{"blockName":"Iritty","districtName":"Kannur","state":"Kerala"},"geometry":{"type":"Polygon","coordinates":[[[75.67678100024301,12.096164999615098],[75.67162299980168,12.095484999733003],[75.66642800035197,12.096655999774612],[75.66219300020686,12.099768000293011],[75.65671500029708,12.106754999643556],[75.646055199388,12.100570174873724],[75.62865235462255,12.099178690744054],[75.6282107182501,12.091101445975028],[75.62995999855514,12.087331156108007],[75.62969418773662,12.068403866944948],[75.62860703868392,12.066177561944983],[75.62987314472991,12.0641283100735],[75.62806070233961,12.059230166938676],[75.62923376092937,12.051925685322146],[75.62814638704617,12.049075866857834],[75.62980664166327,12.044287030921794],[75.63873049201862,12.03868830961784],[75.64436442357936,12.029435307393555],[75.64745119002043,12.027451518972498],[75.64797623221739,12.021601869730546],[75.6462508900666,12.01811687539356],[75.64719324287393,12.01678194782869],[75.63982455685789,12.014987145640305],[75.63511006337876,12.016672011104504],[75.63151304858837,12.013482688675197],[75.62632621138562,12.013485079972497],[75.61614419419925,12.019530015198086],[75.61622120494474,12.020833514155413],[75.61820356074577,12.021090383914157],[75.61869111200525,12.02414577660636],[75.61652367572714,12.028417166019437],[75.61136332985387,12.029771213170989],[75.60928294705042,12.02610457556574],[75.60647395960558,12.025582610848858],[75.60358338476544,12.029168972270327],[75.5991389612941,12.027994332672392],[75.59469569525021,12.03001755816382],[75.59350231917676,12.034796482671595],[75.58467889971149,12.031406820068753],[75.58211325262454,12.031608012799609],[75.58129629408876,12.033471203932947],[75.57449560638719,12.02538938161473],[75.57110381598835,12.0255828779475],[75.56901613608585,12.024042503858539],[75.5730590374447,12.019611395749337],[75.56386073558451,12.013706870775536],[75.56535993241499,12.009661665353633],[75.5553312289531,12.007388350991675],[75.55765348172287,11.994320146757389],[75.56026924892677,11.985484672779478],[75.56349793378268,11.982599170115634],[75.5630282511529,11.980251789388603],[75.56421700021446,11.981716999939636],[75.57429500001427,11.983054999588603],[75.59201799983089,11.980426999806241],[75.59783900026969,11.98194299956981],[75.59970099980137,11.978232000206674],[75.599007000173,11.973341000386881],[75.60232986832881,11.972337752685178],[75.60235701076749,11.96491914620168],[75.60098938295374,11.963154551341518],[75.59692421617967,11.96274419608784],[75.59621060503542,11.954842427935773],[75.5915231577676,11.946842297334229],[75.59291503130373,11.939664110210572],[75.60171334529468,11.93683839807369],[75.60617908629587,11.938786503194592],[75.6102936618231,11.938082608325772],[75.61888057487869,11.93941467784515],[75.62075719289021,11.935907811996003],[75.6258033977087,11.93399383434803],[75.62906086087008,11.92852987915063],[75.62572388594862,11.921667107650933],[75.6336825640991,11.918440573074065],[75.63306214610122,11.914801622896618],[75.62996002463547,11.911310004153393],[75.630343250041,11.90570667472332],[75.64235881310879,11.904750610852034],[75.64447361476556,11.90603523573759],[75.66029942817613,11.907636496627049],[75.69746404393055,11.905340314304112],[75.69761822909805,11.891237277278549],[75.69893633034741,11.889259570073136],[75.70395138175093,11.889560916702976],[75.70724982611864,11.887014316357636],[75.71028594993669,11.88794355615022],[75.71049597580867,11.884590033703148],[75.71273122006983,11.885319706739097],[75.71568473666133,11.882936952078751],[75.71909957038889,11.884389330203476],[75.72244593962847,11.882803751691824],[75.72550134581053,11.884103179418219],[75.7286810481919,11.88040302587899],[75.74041132112563,11.874441276144012],[75.74136868901383,11.870951531587934],[75.7463426935605,11.874615002680287],[75.75101414818442,11.874399954094656],[75.75532081980003,11.877579891199048],[75.75713023237438,11.869587495666451],[75.75604132694576,11.86633103165184],[75.75904076741756,11.86235465674207],[75.7646557907322,11.861543736254475],[75.75961201857984,11.853428835972068],[75.75574251280676,11.853010260914857],[75.75312129481199,11.85052302301915],[75.75581845605694,11.84604364919511],[75.75980971384729,11.848108962058973],[75.76267609062916,11.847844103622549],[75.76945246336055,11.84320783227571],[75.77309642456038,11.842648069952531],[75.77444306669423,11.839748480308174],[75.77784294739416,11.83816162475921],[75.78615353835517,11.840974859702044],[75.78777893075312,11.846105057602358],[75.79098325027684,11.849559088281353],[75.79376960088644,11.848968273267246],[75.79570439424248,11.846300681731122],[75.80332491920973,11.847673109226662],[75.80760999990162,11.854534000243973],[75.81701700023444,11.855022000265137],[75.82460000009002,11.850473000028956],[75.82965899956326,11.849483000240298],[75.83402999968479,11.849643999570958],[75.8416290002782,11.854233999899236],[75.84488700033484,11.854067000291877],[75.85041799999078,11.848922999596823],[75.85627700038333,11.846935999696655],[75.86002299956186,11.84704300013442],[75.86389900023875,11.848590999575038],[75.8675919996711,11.845606999563415],[75.87570999991664,11.846621999605645],[75.88068399996666,11.843550000032508],[75.88763400030894,11.844071999822972],[75.89204400043036,11.841760000223871],[75.89594999979272,11.842270000360259],[75.90123699988771,11.840807000342863],[75.91395600006939,11.843759999824158],[75.91767899998592,11.843304000379362],[75.92114999997256,11.845032000026833],[75.92350000042472,11.8429829999655],[75.92456800021307,11.839452999956052],[75.92684900018128,11.839820999839333],[75.92864200012826,11.84306600019579],[75.92800899971564,11.851644000070621],[75.93059500025913,11.860639000289666],[75.91886099963546,11.867780000446714],[75.9134520002097,11.872805000150663],[75.92925300042566,11.879455000148198],[75.93574500033156,11.887749000416079],[75.93712600016482,11.893703999839772],[75.93453200015176,11.909607000262895],[75.9248659995663,11.920702000197196],[75.9254460002328,11.926570000105471],[75.9306029997287,11.938847999735458],[75.9249800003268,11.941589000232227],[75.92079899997395,11.939994000422814],[75.90911099967298,11.940705999981958],[75.88851899975208,11.944813999666394],[75.88194299956984,11.946601000236],[75.87103300007294,11.95149900037859],[75.85614000036077,11.962883000150384],[75.84944900027119,11.976091000399379],[75.84464299987462,11.978630999720906],[75.83550999958686,11.98043300008294],[75.83187099994677,11.98376299986262],[75.8292850003026,11.990066000045942],[75.82861299989008,12.000352999591314],[75.83238999959883,12.008620000412748],[75.82834600016781,12.015114000410847],[75.81668100002821,12.021864999670072],[75.81674999961285,12.027713999601474],[75.80284899978159,12.038397000321368],[75.80326099989526,12.045400000409757],[75.79789699984673,12.053226999826222],[75.80081899969713,12.05520600025676],[75.80633499956065,12.073698999609178],[75.79993400025398,12.079937000392306],[75.76741799994079,12.08422700037579],[75.75630199993742,12.083045999873036],[75.75196100029996,12.079069999980561],[75.74730699971832,12.077403000448157],[75.7432559999645,12.077794999639593],[75.73238400042135,12.06970099960148],[75.72133599995647,12.067663000047446],[75.7189250002886,12.070917999965786],[75.71844499973702,12.074783000135369],[75.72139700007153,12.084003999984645],[75.71073200018174,12.08836200040605],[75.70482600031971,12.089068999734593],[75.70574999976276,12.10586499996981],[75.69605300044566,12.108114000260969],[75.68825499966857,12.107752999801164],[75.68236499964507,12.098562999582839],[75.67678100024301,12.096164999615098]]]}},{"type":"Feature","properties":{"blockName":"Payyannur","districtName":"Kannur","state":"Kerala"},"geometry":{"type":"Polygon","coordinates":[[[75.42168400041635,12.291431000340424],[75.39956700031689,12.291842000408053],[75.3933870004098,12.288065999846083],[75.39387500043097,12.294330000029504],[75.39208199958466,12.29538600016383],[75.38873299982816,12.294625000143697],[75.38747400022498,12.28744900017125],[75.3811039996499,12.283446999979105],[75.37203200037658,12.282989999588835],[75.36862199960564,12.281540000170935],[75.36511999998805,12.27657499963658],[75.3487470003738,12.267756000339205],[75.34185800014666,12.268928999573745],[75.3366389995902,12.266932000111751],[75.32155600010935,12.272470000090493],[75.3077849999778,12.270568999659645],[75.29649399999818,12.265012999750184],[75.2911514892499,12.259366660243245],[75.29028299956082,12.254628000182095],[75.2942279998224,12.242097999722944],[75.29346499971001,12.236645000066744],[75.2877040002395,12.233951999984868],[75.28355400041687,12.23417300028376],[75.27799999970028,12.229065000349522],[75.26268799955159,12.225116999949648],[75.25637099962199,12.219727999647489],[75.24312600036467,12.217764999954852],[75.23711400011109,12.218873999835296],[75.23356600017081,12.220531999851971],[75.23115499960363,12.219641000132071],[75.22873699961292,12.217772000277648],[75.224907000158,12.210457000190445],[75.21799499976947,12.204268999914461],[75.20583300009292,12.19383599993148],[75.20219399955351,12.192505999752143],[75.20027900027571,12.194197000391284],[75.19647999955237,12.194640000135962],[75.19049100035943,12.192817999750957],[75.17714700013403,12.192752000304608],[75.17374399968588,12.191413999756321],[75.17623899963019,12.185059999919133],[75.18698899984253,12.17267799998973],[75.19004799971549,12.162805999797115],[75.19152799961756,12.148744999781968],[75.19509900151775,12.143471998533983],[75.1911849999878,12.139262000441022],[75.18856799981342,12.129917000269415],[75.19261200014375,12.120436000121344],[75.19016299962277,12.117237000087528],[75.192047000169,12.109389999748714],[75.19213899991496,12.100237000337358],[75.18649300035173,12.098412999860102],[75.18058000016691,12.101702999593783],[75.17535233284394,12.097183317256338],[75.17945861842054,12.092650413086119],[75.18669128377576,12.092690467990735],[75.18522644014814,12.088495254752274],[75.18801879912832,12.08390522024979],[75.18273925801043,12.07738590343672],[75.17850494404797,12.075059890601494],[75.17662048304891,12.070652961664905],[75.17218372360003,12.069212888064385],[75.18644189997377,12.036904150006592],[75.20024820029425,12.01090845935795],[75.20128165532418,12.00582524114202],[75.20369318289414,12.005002149229824],[75.20675706428716,12.006906195664442],[75.2069609172126,12.009812971791291],[75.20852005655541,12.010806448358949],[75.21676793599153,12.010299979860235],[75.22065965771708,12.012916239892604],[75.22220675333904,12.016818416236958],[75.22718274898472,12.022221228327055],[75.23191249496574,12.020999129706126],[75.23939026335,12.016234468445987],[75.25589386341113,11.999202972639125],[75.25849908516471,12.0022398033243],[75.2644813511335,12.004885744581486],[75.26610002829375,12.0074129222686],[75.27378722540021,12.009029336734557],[75.2839832783057,12.008316234606582],[75.29440821676587,11.997531972022955],[75.29658244562341,11.997587351375216],[75.29639599188158,12.00236709066877],[75.29792277271787,12.002685986669007],[75.30508445368463,11.996976812429978],[75.30312008882112,11.999403741789308],[75.30527317731531,12.00244529301591],[75.30961844963178,12.0047055474231],[75.31237104958433,11.998146012928203],[75.31233086517733,12.000281641984259],[75.31817707541177,12.004473568200638],[75.31182104490534,12.00743350864957],[75.31066899987451,12.01161900021674],[75.30361900031664,12.01470500043547],[75.3021469998842,12.01758099996323],[75.30225400032191,12.024463999913735],[75.3041759999225,12.030002999938517],[75.31251499956761,12.03421499992237],[75.31389600030025,12.042792999797143],[75.31704699991917,12.04636599999094],[75.3203510002985,12.047189000172295],[75.32853700008252,12.04331400044083],[75.32840700038281,12.04091300033474],[75.33150500025562,12.037568999909467],[75.33525100033347,12.04466599983607],[75.3438949996546,12.050627000435782],[75.34039300003695,12.053245999803096],[75.33437300031375,12.053671999663095],[75.33158899963269,12.056911999789008],[75.32755999999404,12.05730299983361],[75.31567399955549,12.05188700008506],[75.31126400033338,12.058711000012693],[75.30725900000289,12.057837000177472],[75.30310099981136,12.062938999835012],[75.29855299962128,12.064143999645921],[75.30157499958659,12.07169699991664],[75.31159200017072,12.083355999779599],[75.31720700010305,12.092538999675128],[75.31204999970777,12.095542999709721],[75.3114319999869,12.10757299959431],[75.31526200034108,12.11022799972244],[75.33065000039727,12.11222099989925],[75.33246599960626,12.107533000447688],[75.33848600022878,12.103600999886282],[75.3423999999601,12.10321299998003],[75.35449200000585,12.113817999800915],[75.35788700008504,12.114346999914176],[75.36048899956774,12.117884000246477],[75.36853800022857,12.121926999631398],[75.37115500040301,12.126260999845329],[75.37812800000722,12.128419000436566],[75.3819659998311,12.127158999887968],[75.38259900024372,12.131409999871664],[75.38496399958899,12.134140999907288],[75.38578000034681,12.129006999673322],[75.39486700031188,12.13137099987182],[75.40097000026537,12.134915999673694],[75.4049379997889,12.13918499958811],[75.40525800015666,12.141884999992783],[75.3978094138734,12.149503192118686],[75.39805914031712,12.15188723191028],[75.40240448098206,12.151658688098053],[75.4044775549952,12.153885243109528],[75.40937944470568,12.153948720856818],[75.41183091026835,12.152403797097634],[75.41767483712408,12.154445944324948],[75.42037732595287,12.153952105905034],[75.4207548721397,12.152344667572379],[75.42611777321673,12.151914869875384],[75.42431762186084,12.14932000021787],[75.42869173003936,12.147169722105048],[75.43312913520151,12.14881604892156],[75.43390230844483,12.143247799346511],[75.43615364337597,12.14198277428568],[75.43994779765279,12.143881952690037],[75.43923984144556,12.146033239842211],[75.44123313390207,12.14831166685002],[75.44785892415007,12.142175059231647],[75.44978920290947,12.137745974597124],[75.45755817177229,12.135373127767707],[75.45893295459223,12.146402973618365],[75.4629201933123,12.152334675205168],[75.4561488405966,12.15707859180361],[75.45735367942882,12.162736169238883],[75.46328965639259,12.163467006896894],[75.4614371447085,12.178649973217716],[75.46265755440265,12.185458618120776],[75.4611308715925,12.185057908995361],[75.46001090358038,12.187460740121082],[75.45543058265531,12.187860536434641],[75.45319181664905,12.185156801145524],[75.45146369559313,12.173141542048597],[75.44973356455245,12.172640608877032],[75.44606914017874,12.174742535839414],[75.43975940767058,12.172338239718044],[75.43996168228585,12.178045389583133],[75.44498381674981,12.182447453187478],[75.4399969402067,12.188351697572841],[75.43714796800435,12.188451153597896],[75.4330769853147,12.192653956215167],[75.43077257419498,12.191825980084957],[75.42999659416756,12.188987875290252],[75.42111958230294,12.189858681632927],[75.41468164514185,12.196951535684889],[75.41217096012178,12.196277140377788],[75.41113189242293,12.193785056035551],[75.40447381471483,12.194874332884183],[75.40147877192783,12.192362823185817],[75.40370070532333,12.184832235819101],[75.40048549411034,12.177954622807647],[75.39756797558164,12.18087781336044],[75.39519228239794,12.180761983378886],[75.39098669907696,12.179189532271153],[75.3894300841311,12.176200521237092],[75.38756410869672,12.175952613222591],[75.38147473167356,12.179703579356726],[75.38215909866352,12.183288686223932],[75.37934515955152,12.186322139055505],[75.37702572076046,12.197419601333593],[75.3782930453878,12.20812430629178],[75.38008834310261,12.212210455148409],[75.3779958779075,12.219514333319864],[75.38059129075555,12.221368093262925],[75.38125160897465,12.224673055916867],[75.3797244000611,12.224622321562947],[75.37427429172521,12.230928810216483],[75.37579709575942,12.240918270861584],[75.38118171276591,12.24430323720469],[75.38299535844908,12.253314185101601],[75.38704487522085,12.256681604772268],[75.39151514071125,12.25620259077698],[75.39675288044111,12.257784440699425],[75.40171224042763,12.25682462575594],[75.40492436606672,12.258886406082809],[75.40722411060426,12.256547676833861],[75.41082847195645,12.259051580965718],[75.41411671261625,12.255611404342858],[75.42694797876624,12.25186105334501],[75.43256783323898,12.25154965229467],[75.43627870040177,12.25280189439195],[75.44465394002737,12.259686165983794],[75.45430024096339,12.25927927671728],[75.45465113214408,12.263688512414944],[75.45855227966405,12.26775867312432],[75.46393898219833,12.266674479243875],[75.46887100998919,12.268525890157775],[75.4692601790141,12.270440561183023],[75.47367317117994,12.271781259697434],[75.47412705362069,12.27599348271309],[75.47828047716234,12.278355215720694],[75.4804222800642,12.277334243280734],[75.48334271419498,12.278802317273176],[75.48564043525795,12.275958403757386],[75.4871296909825,12.276516388120854],[75.48900908610051,12.27512169431077],[75.49420517372982,12.27503934249171],[75.48955499976347,12.286600999736379],[75.48557999991709,12.291313000294792],[75.46997099956207,12.300487999821371],[75.4611049998959,12.293643999870767],[75.43331900007183,12.297049000411107],[75.42623900002991,12.292074000314926],[75.42168400041635,12.291431000340424]]]}},{"type":"Feature","properties":{"blockName":"Manjeswaram","districtName":"Kasaragod","state":"Kerala"},"geometry":{"type":"Polygon","coordinates":[[[74.86436989805242,12.758381621914396],[74.88337761628401,12.711298689982584],[74.88908007708397,12.704233634874413],[74.9315231583671,12.606277807574827],[74.95337020357209,12.551897064298146],[74.95755942462779,12.554447576694372],[74.96383649016195,12.561676375864124],[74.97697520124461,12.566544096732741],[74.97876643312446,12.566564092259114],[74.98092331765702,12.56312651467698],[74.98326758403181,12.562537155665268],[74.98403625167174,12.560180512820466],[74.98798894923067,12.559620475304769],[74.99012752716368,12.561397982630865],[74.9919427637476,12.567515825894702],[75.00209676615287,12.576760128976844],[75.00404468421488,12.583721041692797],[75.01525402395407,12.601610645415008],[75.029859068841,12.612189625151132],[75.04352434827013,12.60890015062148],[75.04969729209643,12.615789456618188],[75.04838379897319,12.620992651589631],[75.05237733384695,12.62231330781293],[75.05540867417102,12.625420255940128],[75.05860991801336,12.624654271877205],[75.05939730324303,12.618409239295033],[75.06084248139547,12.617364569719143],[75.07603160627366,12.625872968362842],[75.0818682791978,12.627707011569385],[75.09239859032272,12.629707148765931],[75.09565767676042,12.62581215170951],[75.10077645506942,12.625656380137855],[75.10534809483875,12.627879147204908],[75.10854618116139,12.627277221966267],[75.11076672510433,12.620563378197403],[75.11335052140947,12.621432910200667],[75.11334699336908,12.614171030368823],[75.12955050675055,12.614305106695383],[75.13001252985441,12.610415563127788],[75.13518341128548,12.601910171817053],[75.14067856036735,12.602093765714756],[75.14222228173298,12.59982484544031],[75.14649600758474,12.600975495622663],[75.14889349943553,12.603416258353661],[75.15458789781331,12.60517078080693],[75.15589560469846,12.607344156207887],[75.15620588609283,12.618018562107011],[75.15542098029408,12.619493419685625],[75.15229836327887,12.619851899345747],[75.14966221384014,12.625842856362794],[75.14555736987677,12.629244002408825],[75.14559311343152,12.63189118742838],[75.14815728832826,12.633415683986698],[75.14364600026278,12.63783300009294],[75.14189899973911,12.642341000237025],[75.15102399965792,12.64642599976014],[75.15235099969891,12.653889000377092],[75.16201800033053,12.668605000020762],[75.16186499957013,12.67021799976095],[75.1564249996141,12.67056599962126],[75.15136700018695,12.673386000163816],[75.15128299991056,12.68086199958168],[75.14513399963442,12.67741699989466],[75.13246199982149,12.675334000064083],[75.12744899977156,12.67780199966262],[75.11313599982657,12.680385000067758],[75.10483600018131,12.696009000215213],[75.0919949997695,12.699149000226214],[75.08641100036743,12.702204999960827],[75.08271800003575,12.697652000439518],[75.08531200004882,12.694107999784421],[75.08777600036217,12.680395999675682],[75.08707400036491,12.675289999833694],[75.08524299956485,12.674912000388531],[75.08343499982544,12.670850000127473],[75.07551599976364,12.669850999923767],[75.07056399982878,12.66243899986],[75.06629199977601,12.662368000183108],[75.06112699991115,12.665885999639215],[75.05850999973677,12.663033000272776],[75.05554199956367,12.664456000244286],[75.04798900019227,12.664479000405606],[75.04492199995042,12.66768199972455],[75.04325100023351,12.674947000203929],[75.04481500041197,12.691823999677865],[75.04874399993571,12.69270199969759],[75.05229900019873,12.69139899986402],[75.0547180002356,12.687974000199972],[75.05697600004243,12.691108999980429],[75.05231500003725,12.702549999682788],[75.05590099993128,12.707795999685686],[75.04976700034683,12.719075000011287],[75.04634099973742,12.720720000327788],[75.04315899958823,12.719896000100391],[75.03816999974578,12.72295099978885],[75.02569600007041,12.718667000082064],[75.02295699966584,12.719964999685033],[75.0190199997732,12.71908599961921],[75.0142520002297,12.712131999991868],[75.00700399963495,12.71353499994035],[75.0029679996735,12.718012999600319],[75.01076500040449,12.723610999647974],[75.01209299959231,12.727162999772645],[75.00007600030722,12.731714000101078],[74.9928669997123,12.737439999756248],[74.9899520001847,12.735394999879418],[74.98817400003014,12.736223000291261],[74.98672499975896,12.733089999703793],[74.98455000018242,12.734171000091635],[74.98418400039134,12.740223000391211],[74.98582499962407,12.742766999897185],[74.98964699960942,12.74158600029375],[74.99155400031691,12.74245800003672],[75.00006899998442,12.7558479996855],[75.0069430004192,12.761364999595116],[75.00845299990607,12.764736000366156],[75.00392199960066,12.777834000039093],[75.0050739996654,12.789785999923993],[75.00006099961547,12.787766000300735],[74.99574999956286,12.792268000168121],[74.98914299974967,12.795080000341784],[74.98854099986733,12.793501000370895],[74.9923170004293,12.787894999954347],[74.98701499964255,12.782181999999352],[74.97030599982207,12.776814999812416],[74.96862799978243,12.777185999834046],[74.96825399962245,12.7805120003286],[74.96687299978919,12.781104999795957],[74.96496599998096,12.779046000172798],[74.9629749998964,12.779074999711497],[74.95983099970096,12.783278000179621],[74.95375800023157,12.783515000317038],[74.93681300031977,12.776412000113737],[74.92879500018915,12.775537000232418],[74.90844699982921,12.767219999803217],[74.90737900004086,12.766749999712772],[74.90444200039803,12.764113000414682],[74.90072599990503,12.763703000393207],[74.8970719995732,12.75957199964813],[74.89381400041583,12.76027100040642],[74.88485700015048,12.752933000157896],[74.87724299976469,12.754402999598824],[74.87508400002662,12.759440999902267],[74.86436989805242,12.758381621914396]]]}},{"type":"Feature","properties":{"blockName":"Vellarikkundu","districtName":"Kasaragod","state":"Kerala"},"geometry":{"type":"Polygon","coordinates":[[[75.31591800001576,12.496832999943024],[75.30719000041825,12.493202999818664],[75.29663100002068,12.482237999584072],[75.29235799992182,12.469294999864417],[75.28998600025375,12.467075000011278],[75.27904500022663,12.471295000364023],[75.27554299970973,12.463176000072394],[75.27275799988183,12.460620000013023],[75.27394899994647,12.45778799981639],[75.26979800007769,12.458018999677165],[75.26630399992973,12.459384999717997],[75.2652970002564,12.462956999865696],[75.26086399997365,12.46398799974645],[75.25749200005583,12.460987999896304],[75.26013899981507,12.458307000367824],[75.25700400003461,12.455299000148784],[75.2485660003207,12.458738999605202],[75.2483749996066,12.467021000219006],[75.24399600001544,12.463222000395035],[75.2356110000477,12.462400000259834],[75.2336430001244,12.468290000283332],[75.23626699972232,12.471825999670216],[75.23146799964854,12.472459000082836],[75.2234420000483,12.467264999779957],[75.22249599959076,12.462332999868124],[75.22414400004561,12.453913000084924],[75.22394599990804,12.442075000061266],[75.21919999958038,12.433452999956046],[75.21452299973669,12.433792000300627],[75.21035800012169,12.432236999637894],[75.2097780003545,12.42827300029876],[75.20030999990661,12.424765999551312],[75.1952900004332,12.426038999800028],[75.1928939996584,12.431182000448985],[75.18727899972612,12.430961000150091],[75.1851499995729,12.43391799981589],[75.18222000025287,12.429815000361998],[75.17327899982604,12.425896000400144],[75.17320463038942,12.41799347861621],[75.17146656283165,12.416709044386948],[75.17114949695178,12.41187053169972],[75.166378223876,12.406244397261162],[75.1695970647528,12.400551034003058],[75.17281067517257,12.398938123295807],[75.17031559428932,12.389773219558492],[75.17125948583669,12.386617746711693],[75.16570069533088,12.384686199008911],[75.1654612022727,12.388227473818915],[75.1629490756394,12.39261283341557],[75.15824942816863,12.392529969882276],[75.1500281560746,12.390055806330452],[75.14501826408167,12.38773959160892],[75.14282906870659,12.384811085163506],[75.13946154471455,12.384421685912116],[75.13797482417885,12.383341843851042],[75.14032640743778,12.382036128064897],[75.13571648982418,12.373868999654633],[75.13354263598393,12.360084780388377],[75.13431800986831,12.358520421380376],[75.14195503020056,12.359454719859457],[75.14530880265914,12.355993542268209],[75.14437074501393,12.354490572781742],[75.14537308260174,12.351892703885198],[75.1478396900497,12.352704536285387],[75.15360327057454,12.348437719924902],[75.15437131408493,12.345204160743492],[75.1617241891201,12.338397750655702],[75.16325025229736,12.339554831890041],[75.1691281096746,12.33742491892491],[75.17312090530561,12.339278043047273],[75.17177515439994,12.33482893141013],[75.1747687321913,12.337027385305646],[75.18258375263815,12.336112435740347],[75.18393121675228,12.3392907864407],[75.19027803010704,12.337911834363695],[75.19227254294356,12.340513280763332],[75.19527143123162,12.338321776828593],[75.19174796299814,12.336931583226033],[75.1937487234249,12.334161365554621],[75.19034105459605,12.334273038869696],[75.18781895088392,12.330746817811416],[75.19128633829393,12.329768845555805],[75.19316894399162,12.327518336202331],[75.19129404098726,12.323184234364987],[75.19241281290107,12.320990623318664],[75.19564473171903,12.32030112479714],[75.19722826427301,12.322613279978953],[75.19735624139747,12.309646324118603],[75.19476346716033,12.309545386910145],[75.19486658972141,12.306603882563195],[75.19137929581791,12.303952511199498],[75.19018720037906,12.300029003835505],[75.1881943620802,12.298653983594534],[75.18380927767606,12.296393710301516],[75.17892137961803,12.2976627175604],[75.17603160697314,12.295894341950373],[75.17464334601368,12.289519190058627],[75.17544374173536,12.287362953937247],[75.17185620220204,12.285495652902114],[75.17006605400525,12.28166939912353],[75.16417484169563,12.28126446408379],[75.17674778568181,12.270997970879705],[75.18381724656871,12.273582123316373],[75.1963237999035,12.274884220230604],[75.203908452713,12.281877450084323],[75.21367795717202,12.274902900948177],[75.21747553966446,12.275550820214221],[75.22120358657634,12.28006248869292],[75.22775576281828,12.276849184042646],[75.229531624385,12.26931638524303],[75.23458553369551,12.273507313212008],[75.23464744842107,12.266632084303296],[75.23884336223142,12.267718706353264],[75.24263894912826,12.271337777916187],[75.2481538419263,12.271342899555236],[75.25121914244954,12.269778988409655],[75.25366918258675,12.27086584608196],[75.25758294129975,12.279546499971048],[75.26089056504759,12.281116117315037],[75.26419940827611,12.281360017950533],[75.26738813355558,12.278831904069193],[75.27314736765697,12.279921378768677],[75.27572341540338,12.27715162604676],[75.27658668992387,12.27076496463144],[75.28210484006638,12.266792364176297],[75.28639393443257,12.267036772029428],[75.28764200367556,12.261674503175811],[75.2911514892499,12.259366660243245],[75.29649399999818,12.265012999750184],[75.3077849999778,12.270568999659645],[75.32155600010935,12.272470000090493],[75.3366389995902,12.266932000111751],[75.34185800014666,12.268928999573745],[75.3487470003738,12.267756000339205],[75.36511999998805,12.27657499963658],[75.36862199960564,12.281540000170935],[75.37203200037658,12.282989999588835],[75.3811039996499,12.283446999979105],[75.38747400022498,12.28744900017125],[75.38873299982816,12.294625000143697],[75.39208199958466,12.29538600016383],[75.39387500043097,12.294330000029504],[75.3933870004098,12.288065999846083],[75.39956700031689,12.291842000408053],[75.42168400041635,12.291431000340424],[75.42419400015302,12.295996999561908],[75.43296800007317,12.30456599992101],[75.4324870003748,12.307275999887509],[75.42559800014766,12.313174000279957],[75.4224620003211,12.3194890001173],[75.4223559999295,12.324486000328704],[75.4188229997817,12.326484999882894],[75.4168240002275,12.338758000181599],[75.41359699980177,12.342825999820093],[75.41247600026725,12.346348000359967],[75.41672500015869,12.348940000280834],[75.42018100035295,12.353441000102123],[75.42386600031574,12.366908999750592],[75.42381999999304,12.371737000262385],[75.41380300030829,12.379574000140053],[75.40570099990128,12.377545000101748],[75.40345799988683,12.380680999928245],[75.39941399955649,12.38021399997615],[75.39296699992718,12.388403999944671],[75.38802300036122,12.390536000236295],[75.3833849996181,12.389734000124065],[75.38077499976646,12.391604000024643],[75.37834199998338,12.39739099979488],[75.37435200034457,12.400654000082113],[75.37184900003137,12.406726999551438],[75.36770599963222,12.41195499962356],[75.37261999961333,12.433853999562473],[75.37149800003272,12.450543000259302],[75.36790499981595,12.453979000430593],[75.36865200008981,12.456555999659713],[75.38794699955446,12.455629000078318],[75.39408100003817,12.450029999984565],[75.41130100004119,12.454813000219815],[75.41691599997347,12.459053999742366],[75.41902900028816,12.463857000000587],[75.42478200028916,12.46504399988072],[75.42655900039762,12.471234000248955],[75.42276800004322,12.476518000205601],[75.42240100020604,12.484628000082182],[75.41666400004362,12.501659000362622],[75.41107200027267,12.4991400002109],[75.40638700006008,12.494543999605924],[75.40311400021102,12.495505999902036],[75.39941399955649,12.502739999851144],[75.39700299988857,12.502483999736853],[75.39395899980804,12.497465000309546],[75.38511700034934,12.49757299989409],[75.38153799987884,12.492791999751034],[75.37425200022966,12.490409999621818],[75.37199400042283,12.488368999929435],[75.37501500034205,12.482063999653917],[75.37408399967688,12.473684999962813],[75.3647310000357,12.469776999608882],[75.36138200027915,12.46487099999672],[75.35760499967108,12.462904000119579],[75.34277300007398,12.460913000034964],[75.33864600041267,12.462630000074512],[75.34242200007532,12.469484999633096],[75.34019499989938,12.478187999876354],[75.34084300010443,12.487783999931708],[75.33742499986391,12.489897000246401],[75.33667000012048,12.495084000226484],[75.32984200000834,12.4966040001745],[75.31591800001576,12.496832999943024]]]}},{"type":"Feature","properties":{"blockName":"Punalur","districtName":"Kollam","state":"Kerala"},"geometry":{"type":"Polygon","coordinates":[[[77.20101200040358,8.769455000248115],[77.21587399958548,8.76612000023789],[77.2203219996606,8.769278000179611],[77.21641500025214,8.777889999823685],[77.22332799978744,8.77880899993545],[77.23272699975132,8.784203999614931],[77.23535899971813,8.805504999855884],[77.24198200026916,8.8068230003812],[77.24538399977183,8.809062000211213],[77.24960300007842,8.81560599981708],[77.24885599980462,8.820085000422466],[77.24995400007708,8.821978999631199],[77.26503000013446,8.840463000367208],[77.26084100031198,8.849824000377339],[77.2638929998621,8.851661999701548],[77.26355000023239,8.853669999670785],[77.25830800041393,8.860045999623253],[77.26108599991903,8.863663000047438],[77.25771299995506,8.876640999582492],[77.2576243357945,8.876652068438261],[77.2498699998007,8.877619999763226],[77.24491899991199,8.880379000190771],[77.2409520004345,8.886352000444504],[77.24165300038572,8.89370100030095],[77.23918199974952,8.896687999551602],[77.23244500023662,8.900652999836097],[77.22392300024632,8.901688999947453],[77.21967300030877,8.91518399994169],[77.22499100003466,8.922417999890854],[77.22233599990653,8.925920000407757],[77.21140300024831,8.930404000344367],[77.21086666166718,8.93009630719888],[77.2072979998029,8.928048999661655],[77.20430000004501,8.924146000437645],[77.20723000026436,8.921044000380334],[77.20232399975282,8.918632999813155],[77.19795199958514,8.924204000414363],[77.19669299998202,8.929430000394234],[77.19936399994867,8.937296999856699],[77.19712800025707,8.945967000376811],[77.19868500011273,8.950446000082877],[77.19760099958654,8.955500000224902],[77.19270300034327,8.959290999679922],[77.19213900041461,8.965319999818178],[77.18055699960593,8.970777999704978],[77.1757350002701,8.98662700033583],[77.16410800008418,8.995357000025592],[77.16112500011872,9.000245999753133],[77.16037000037528,9.006286000398632],[77.1543879997065,9.006598000397446],[77.15138199957966,9.008368000183111],[77.15222899996843,9.013858999793058],[77.14926099979539,9.020235999791623],[77.15766899992445,9.023842999754663],[77.163994000223,9.029994000123054],[77.16241500025211,9.035654000331874],[77.16531399994119,9.041427000355839],[77.17084499959714,9.045019999673286],[77.1845399998212,9.047036000011417],[77.18727099985682,9.042390999844827],[77.1992419997186,9.045051000203557],[77.19733399986427,9.053340000240894],[77.1999889999924,9.055648999701646],[77.2085950002591,9.070531999851937],[77.20590200017722,9.069084999673066],[77.20323200025666,9.071775999662691],[77.19256600032071,9.076743000289298],[77.18798100022303,9.074788000066178],[77.18415099986879,9.074863999973672],[77.17938200027913,9.077620000262868],[77.16698499965804,9.07575599973967],[77.15576900043908,9.079555999609738],[77.15730300013342,9.084656000074403],[77.15259599980561,9.08327100005664],[77.13741300020985,9.086165000414496],[77.12259699955194,9.092921999950363],[77.10759700030138,9.095819000446568],[77.0804599998292,9.11030999960684],[77.06867200031263,9.112425000013786],[77.06632199986046,9.116390000298338],[77.05779999987016,9.119678999985922],[77.05485499985843,9.12656199993637],[77.04966699983225,9.125738999755072],[77.04340399969487,9.122360000413721],[77.03584419605284,9.125117355981217],[77.0312669598024,9.123027917004833],[77.03168287106769,9.103972329659314],[77.02926416690781,9.10076423208369],[77.02908335371387,9.09798140861517],[77.02620005528837,9.099268369939352],[77.02787393193648,9.089623923405384],[77.01886270524972,9.076291419213646],[77.01938858471544,9.069050263359031],[77.01662646543906,9.06922069567861],[77.01355810362367,9.066628485316414],[77.00787597379718,9.066344394877945],[77.0037361812798,9.069893720418918],[77.0007333179883,9.069481552131947],[77.00018978932735,9.0649928109695],[76.99720128730962,9.060855178623626],[76.99104247722858,9.054410683606193],[76.98788593059129,9.053774064321658],[76.9797039282937,9.052746890156925],[76.97548654676677,9.056055225268494],[76.97184977744536,9.052415330802944],[76.95576707539027,9.058012974719077],[76.9515011763383,9.050417174812821],[76.95216591472524,9.04785486061337],[76.95456851112795,9.047482120403572],[76.95840615032364,9.042912879126106],[76.95582413737412,9.039580014106434],[76.94845598465605,9.03470241058784],[76.95369305888761,9.033905081554337],[76.95832544696185,9.031001491725533],[76.95911400400814,9.033129219338036],[76.96182171340143,9.033458358616429],[76.96844570770332,9.027643248736979],[76.96628301984555,9.026805650760195],[76.96624008081511,9.025457706408076],[76.97262534378467,9.017299370669491],[76.97184024912826,9.00923523801589],[76.97390815293898,9.002734601920395],[76.97942906759744,8.99431305440396],[76.97731050137861,8.987016116300765],[76.97086493796655,8.98843904162851],[76.96745413500037,8.983395817163284],[76.96717347097893,8.981197277832166],[76.96920989582009,8.977966770050443],[76.96665738782826,8.96506133141537],[76.9610445732485,8.968695645587616],[76.96095465183578,8.970967842991627],[76.95737341834865,8.97094876117643],[76.95511634304484,8.974595351993969],[76.95366303592044,8.974465139154916],[76.95319940662739,8.976207921858133],[76.95219059032354,8.975708253133405],[76.9505092376113,8.978290801179583],[76.94600949144495,8.9808624854154],[76.9467879356148,8.98296292579846],[76.95016711661918,8.982025548040667],[76.95026851607923,8.98334272568627],[76.94620258757942,8.984314125696415],[76.94476845130305,8.982106666889194],[76.94116101516875,8.982320548154803],[76.94145170213443,8.985700495381593],[76.94368571072704,8.987227679114142],[76.93911364198107,8.986503589968777],[76.93545942671125,8.993695396425437],[76.93281784087071,8.994768453101699],[76.93177064060262,8.997637354280528],[76.93339379009137,9.004190139363516],[76.93103895938054,9.004181061606744],[76.9277512718038,9.001813522576072],[76.92360241142222,9.002927867127426],[76.92233679280878,9.001368777247308],[76.92072606835342,9.006898693220137],[76.91621437829099,9.004355504003343],[76.91309218755447,9.005372498741849],[76.91028975257007,9.004332668417987],[76.91052755220483,9.007358306140986],[76.90671923180713,9.008403839065977],[76.90491727281392,9.006681845091123],[76.90120634629591,9.006729906659928],[76.89585198787898,9.002120420720871],[76.89645400035187,8.99629500011423],[76.88449900032867,8.990585000297585],[76.8817519995552,8.986621000059131],[76.88270600038169,8.975288999987413],[76.86261700027438,8.976613999936205],[76.86177800025456,8.972769999835691],[76.85826900031418,8.970361000260027],[76.85815400040684,8.967117999995764],[76.84578700026992,8.960196000045414],[76.84786199973155,8.949099000018862],[76.85340900012534,8.937260999995203],[76.85581200032362,8.9249529998811],[76.85632299960679,8.912347000413774],[76.85388899977755,8.90781299997002],[76.85258499989789,8.896914000081097],[76.84880800018914,8.895240000225897],[76.8480830000305,8.890823999827774],[76.84412400002265,8.888690000343274],[76.84466599983608,8.885881000307961],[76.8491129998651,8.886123999822757],[76.84951799965603,8.881420999679449],[76.85588800023106,8.885050999803866],[76.86497500019618,8.87870600038167],[76.86682099988928,8.880716999589936],[76.8615040002095,8.886500000074989],[76.86091600007342,8.89062899982855],[76.87230700016801,8.896102999553818],[76.86952200034011,8.903092999942032],[76.87617499957662,8.907637999993767],[76.88651999999809,8.910236000191333],[76.90690600031172,8.910840000165933],[76.9131929997572,8.91199400032292],[76.92375200015476,8.907296999556934],[76.9246900002434,8.902075999807607],[76.92765000004755,8.899379999587381],[76.92836799988333,8.893983999861746],[76.93704199968857,8.889779000200747],[76.94301599998846,8.881883000300263],[76.94635800032154,8.884747000173945],[76.9494479998254,8.883293999718376],[76.94803600036118,8.876561000389927],[76.95506299975767,8.870969999765748],[76.95240799962954,8.866838999919935],[76.95137799979489,8.856292000075769],[76.95498699985023,8.85520999964183],[76.95700800041897,8.845485999978962],[76.96402700034582,8.848609000105341],[76.9853360000564,8.850417999890851],[77.00748399978681,8.844947000303875],[77.02200300023833,8.838519999798223],[77.03453099970591,8.841109999626838],[77.04479199985099,8.844384999568149],[77.05274999991263,8.844328999683626],[77.08224500030656,8.837041999988344],[77.09876999973574,8.830037999853857],[77.10787200039255,8.828834000089103],[77.11097699968883,8.824182999645757],[77.12335999966433,8.817808999785541],[77.13533000037927,8.806785000427453],[77.14972699970133,8.801157999941779],[77.15461700037434,8.795587000239891],[77.1593930002868,8.794092999692225],[77.16388699978529,8.79018900042206],[77.17482799981241,8.784674999751473],[77.1884690002442,8.774913000134916],[77.20101200040358,8.769455000248115]]]}},{"type":"Feature","properties":{"blockName":"Thamarassery","districtName":"Kozhikode","state":"Kerala"},"geometry":{"type":"Polygon","coordinates":[[[76.11802700034582,11.336029999584866],[76.11616499991487,11.337069999880612],[76.11248800032104,11.33345799968697],[76.09871700018948,11.340280000421728],[76.09381099967794,11.352649999797677],[76.0959850001077,11.360624999744005],[76.10143300043268,11.36979199980101],[76.10013599997649,11.38387199979303],[76.10145599969468,11.39592499983894],[76.10687999981218,11.40107900009582],[76.106087000115,11.408376000252247],[76.11180100011615,11.409450000317293],[76.11830899986052,11.406841999658582],[76.13303399991923,11.424999999750241],[76.14157099970191,11.41899499981946],[76.14467599989752,11.426740999997207],[76.14008300033026,11.443699999655337],[76.14260100043589,11.449202999818624],[76.13482699986622,11.455547000094043],[76.1213149999873,11.471607999709477],[76.11270100025104,11.474626000389662],[76.1048659995663,11.480046000322716],[76.0953749998564,11.481691999785994],[76.09044600008292,11.48842199987547],[76.09518400004163,11.492946999904177],[76.09135399968739,11.497784999977796],[76.09038499996785,11.505363999648921],[76.07751500001729,11.520106999638358],[76.07489000037327,11.519999000053872],[76.06349900027868,11.50757600003243],[76.05843399962941,11.508681999774524],[76.05335199999485,11.502609000305142],[76.04840899957571,11.50498200001931],[76.04491400028093,11.504241000022205],[76.04193899978509,11.501149999572874],[76.03368400041632,11.508236999937651],[76.02375000006253,11.512691000289465],[76.0173489998565,11.514550999728897],[75.99058500039752,11.53288099965846],[75.98712199988046,11.536720999574527],[75.9800639999537,11.540680999628478],[75.96830700006808,11.550511999729054],[75.9586489998515,11.561109000080364],[75.95728299981067,11.579351999595133],[75.94630399982981,11.582162999722698],[75.93804899956172,11.587855999654721],[75.92677300027378,11.590272999599279],[75.9220763952095,11.593228586430143],[75.92104657613862,11.576757255842722],[75.92059675413697,11.574676827173903],[75.92279189582939,11.55931140010108],[75.92902715008296,11.547338400147112],[75.92629575344631,11.547085492801273],[75.92533470643161,11.543696537964877],[75.90892718634063,11.539317723634099],[75.90148699522871,11.539106655447824],[75.89512309385577,11.536104962174306],[75.8903181816388,11.536369452788051],[75.88865521556579,11.537632004713316],[75.88855170000102,11.541410357901725],[75.88658488628352,11.54218673093294],[75.88504807530848,11.539840489646906],[75.87957903534425,11.539461864273676],[75.87329204219407,11.54643035287853],[75.86906937265348,11.549259130804273],[75.86546165503142,11.549423117682807],[75.86316583513525,11.552005915740494],[75.85730329411177,11.551349967327155],[75.85617080034223,11.554149852733588],[75.8526786806766,11.550997245126837],[75.8504476047732,11.550851740215705],[75.84850753869199,11.55589591166705],[75.84440314618831,11.55335456606042],[75.84167068115704,11.55347691522752],[75.82093911364922,11.560945137308295],[75.8287394733481,11.5416661637625],[75.83209511369859,11.54037394410227],[75.8380409022659,11.541151897242287],[75.84294273711765,11.534917256326366],[75.85052211090675,11.536324205197957],[75.8640391352979,11.521118953676819],[75.87023047115935,11.51914622511822],[75.87912895613647,11.511408254987032],[75.88533647080152,11.511331619258897],[75.89559200037058,11.5029950001192],[75.89290290424572,11.504020989876835],[75.8826530422042,11.499990026118837],[75.86992780882139,11.497095247847483],[75.8663796488018,11.492932983970093],[75.85517153573784,11.48734287637268],[75.84710028944687,11.478758790785605],[75.83509186339882,11.47733351732802],[75.82922491210007,11.4742603522335],[75.81367283433389,11.47579693388144],[75.80164176785337,11.466757044901726],[75.81178160323844,11.463256058820093],[75.81448400033639,11.458917999965763],[75.8229467718761,11.457993496003098],[75.82472466501133,11.459486926380578],[75.82628921107829,11.45678452838331],[75.83596075418552,11.45568115735955],[75.83708724228245,11.454799557353738],[75.83570637105225,11.44698120671734],[75.8412629995878,11.444679999882112],[75.8406300000745,11.437231999956907],[75.83916499996485,11.432723999812765],[75.84219400025296,11.428544999552116],[75.8531490000264,11.421101999857456],[75.85237899959122,11.416408000129138],[75.84885399981232,11.413929000023359],[75.84990699980824,11.410873000288802],[75.85202799959256,11.408205999607219],[75.85711238512852,11.40793231522423],[75.85322255827452,11.402837736772199],[75.85577013528359,11.40082446317848],[75.85085352097326,11.396167728657815],[75.85461792297883,11.392069858037587],[75.85515827163698,11.386494812285832],[75.85332986897834,11.384835787941313],[75.85570353239217,11.38009573303168],[75.84786045669478,11.366086889198641],[75.8468805643866,11.359542481300537],[75.85119529842433,11.351952065635373],[75.85649945218802,11.351135797778909],[75.85838901594042,11.352303992835061],[75.86242161556515,11.357543282096856],[75.86387893186725,11.36303814159703],[75.87090408495561,11.366195624428599],[75.87288071567252,11.36410776016504],[75.87596794796247,11.368867299786132],[75.87766680328042,11.36792919987272],[75.87842155211297,11.371900758013624],[75.88739705143286,11.36724855517673],[75.88782521686034,11.356820066193166],[75.89066435497608,11.356379489222093],[75.8965616799776,11.350509714052123],[75.90108571413447,11.35638542564692],[75.90812047737819,11.360009823894302],[75.9040613009883,11.365987641816275],[75.90464797102709,11.368669618907859],[75.90764758237009,11.370964206732822],[75.90862084307753,11.376193044073773],[75.91311272377322,11.375282352798365],[75.92062029209285,11.377472178598225],[75.9220336504327,11.374985917366246],[75.9288179497886,11.378239213968584],[75.93267729502122,11.377581850022409],[75.93636748227357,11.373597229228778],[75.93467703921402,11.365498317093682],[75.92978613562173,11.36800164655881],[75.92549413734463,11.364315088970216],[75.92702600384706,11.358147100408416],[75.9366295249327,11.357574832112846],[75.93512327921604,11.352844488082724],[75.93702380660346,11.35051069521245],[75.93652289501563,11.345330747715877],[75.94216413087003,11.344523118746963],[75.94954787513439,11.347763911175605],[75.95270226519744,11.352368938275902],[75.95727239860236,11.350161003727408],[75.96383228922883,11.353206915766577],[75.95842575304613,11.35435280493806],[75.95831821571312,11.35592298705626],[75.9612452643575,11.358983906082472],[75.95976857306124,11.359662339345562],[75.96103604337878,11.361142540695766],[75.97181751356743,11.364152103936476],[75.97259529044038,11.36543303530641],[75.96923751240132,11.3687510192442],[75.9707016302761,11.373420813719633],[75.97685378807194,11.374814878903578],[75.97996931393277,11.377652649150491],[75.9853980642693,11.377789425241815],[75.98663979329189,11.379676291927353],[75.98920772285817,11.38000310016298],[75.99212221696678,11.37835302677081],[75.99501252560765,11.379515675707921],[76.00127226570254,11.377083591434655],[75.99990398588028,11.372229285753008],[76.00169712072562,11.365310392960339],[75.99705121314304,11.357897141040269],[75.99457662061462,11.357019843391129],[75.99831710874764,11.353538044345328],[75.99827444940638,11.351650968117724],[75.99220638721505,11.347679426164632],[75.9858105778959,11.339115478196788],[75.98552325799204,11.331261514407402],[75.99150159842009,11.327900572553403],[75.99589003819477,11.332124663922173],[75.99550982731671,11.33836519629682],[75.9996343988085,11.33694913729289],[76.00503619466468,11.33993123074174],[76.00888268678665,11.339130933945512],[76.01150297218447,11.336882681890302],[76.01217588361021,11.33908196316213],[76.01484636736603,11.339921107972827],[76.01645564840948,11.334648333353925],[76.02041194235733,11.338445037208771],[76.02125558557685,11.335019956605777],[76.03037117319116,11.33644633892743],[76.04231473833454,11.334580878804559],[76.04709206744502,11.33102141430686],[76.04577347876307,11.328260017186096],[76.04698139507536,11.321591974989701],[76.04447926260792,11.321410178836743],[76.04229944176586,11.323149436197582],[76.04139157616038,11.32147521331052],[76.04805078701429,11.310166997608917],[76.048380159217,11.308470384300847],[76.04563199921745,11.304866051726947],[76.04611027127208,11.298710404561575],[76.05793864135529,11.299793388853857],[76.06509709915184,11.295481327601237],[76.07163200031664,11.294017000184454],[76.09064500026659,11.309927000031053],[76.10817700026843,11.3137150002471],[76.11603500021516,11.317366000440643],[76.11926299978768,11.323040000395736],[76.11927799958005,11.32734900035615],[76.11747700016349,11.331033000272782],[76.11802700034582,11.336029999584866]]]}},{"type":"Feature","properties":{"blockName":"Kondotty","districtName":"Malappuram","state":"Kerala"},"geometry":{"type":"Polygon","coordinates":[[[75.99976636352693,11.255911589248512],[75.99394999999254,11.252094999584585],[75.97518899997243,11.266621000358953],[75.96807900034565,11.261744000285432],[75.958724999759,11.250760000073967],[75.95310200035709,11.248811000127603],[75.93077899975111,11.24704300043419],[75.91858699959039,11.2375040003094],[75.91449000041325,11.236599999990062],[75.90254199981348,11.243505000055734],[75.898818999897,11.232362999752695],[75.89686599976613,11.230324000152507],[75.88757300019387,11.228277000183482],[75.88176700044676,11.225262999687743],[75.87754800014017,11.21975700028537],[75.87142900034814,11.208124999868915],[75.863204999711,11.203248999841492],[75.86050400015955,11.193871999992837],[75.86550100037095,11.189898000192613],[75.87817400022999,11.184488999867483],[75.88403299972322,11.186415999698681],[75.88949599984056,11.185595999655732],[75.89162399994768,11.183722999616805],[75.88520799994927,11.172277999729943],[75.87474100019705,11.16851399972137],[75.87032299970673,11.169215999718688],[75.86668400006658,11.167601999932401],[75.86499799965799,11.164061000314973],[75.85655999994412,11.156310999952723],[75.85533900029469,11.152772999574324],[75.85826907066115,11.145708100048807],[75.87021185968962,11.144104443365393],[75.87047843403258,11.141160895758787],[75.87276754228833,11.141210787447903],[75.87455221361381,11.134340172061343],[75.87787791823138,11.134932977275128],[75.88082585363031,11.137379549626587],[75.88514133680331,11.14233037594613],[75.88503705591546,11.144674093734466],[75.88743252968754,11.143415766824205],[75.89059978185452,11.146515899888925],[75.89604890003676,11.14606892604013],[75.89631086535422,11.140836381693703],[75.89864909637873,11.13821566462127],[75.90180625275644,11.136301802086564],[75.90502174995385,11.136295326967797],[75.90697880962443,11.133838879160976],[75.90604857967827,11.13198774613761],[75.90855601724644,11.132200698403551],[75.91285580724974,11.12935803134809],[75.91655159907708,11.12428207335904],[75.91987499873227,11.123730378853963],[75.92036088984327,11.121440393759201],[75.92482077805653,11.11690789878054],[75.93067476922528,11.128068648149622],[75.93482049726816,11.129913306953597],[75.93799224874334,11.13524793784211],[75.93989645525727,11.133609097881617],[75.93791031510904,11.121623057757972],[75.93948708296256,11.119766877739266],[75.94814972343107,11.11833243119679],[75.95196757304512,11.119741747983312],[75.9652602948268,11.1170989741384],[75.96683728211491,11.115351792851015],[75.96903729813283,11.119899447701414],[75.97253879413012,11.117605487603214],[75.97453082573708,11.115605417855818],[75.97520498991838,11.114897762921487],[75.97756713031885,11.113695372043821],[75.97934741744939,11.113292575591913],[75.98122421982197,11.115069894959731],[75.98410809471284,11.113712910622382],[75.98711814268819,11.114013935294906],[75.98889830571227,11.113549722341872],[75.99058560204395,11.11271719294416],[75.99524797081727,11.11006686659266],[75.9966308412404,11.110555419696936],[75.99831875540627,11.11002997460372],[76.0018447876069,11.107320519626342],[76.00294831421337,11.106335622590962],[76.00809738078954,11.101381172003528],[76.01030492773026,11.099657046635457],[76.01211369728935,11.098148683015381],[76.0149441317663,11.100753214089593],[76.01804574871238,11.100777677447923],[76.01877996961997,11.099394313296955],[76.020769898612,11.096350155835069],[76.02429444693126,11.092903697447753],[76.02536423457184,11.090414147395052],[76.02585210778858,11.088693484416808],[76.02910417501772,11.087182215087182],[76.03370487997631,11.084409178940518],[76.04181024474707,11.083563726284979],[76.04454175200033,11.08279051167284],[76.04579634762342,11.080576967153377],[76.04957875135835,11.083888298806016],[76.05279602022023,11.089648770374481],[76.05059674524364,11.091197775257172],[76.04926556875108,11.095140647722758],[76.05012250035315,11.101471856940691],[76.0425298642619,11.10972046572698],[76.04154366860547,11.107601782596248],[76.03858195289484,11.110145239811004],[76.03883175937824,11.115401453414393],[76.037461170097,11.117280317932398],[76.03987879686906,11.119263793389393],[76.03688899982751,11.125472138128714],[76.04239480317767,11.127039792252674],[76.04542458227871,11.132584769171785],[76.04729265313347,11.132227820157823],[76.04794139078263,11.136361581821575],[76.05258117038477,11.134813666917239],[76.04381471757523,11.140720163205003],[76.04298762278063,11.142689311562549],[76.04117830823242,11.141528120426472],[76.039218420194,11.142455909612579],[76.033349443622,11.148358156603706],[76.02893951094973,11.15798628493917],[76.02694374715628,11.155894989762032],[76.02503803427794,11.158971401409076],[76.02636868826443,11.161934662154977],[76.02839422231557,11.162680351217261],[76.02560736808562,11.168057510146014],[76.02902193381527,11.173530015198082],[76.03042059723282,11.173207764726612],[76.03193012007904,11.169479271751015],[76.03362508672842,11.169066750030538],[76.03573850612719,11.170689523602675],[76.03709268997574,11.167814816400721],[76.03908618477965,11.16743964622276],[76.04343940980095,11.172708562750017],[76.04555262595301,11.172962605939574],[76.04440841041986,11.180326944632839],[76.04872696028104,11.188385446631116],[76.04472742243263,11.194079739788208],[76.04590542999165,11.195837643692357],[76.04529071999082,11.198667694158814],[76.0324270575627,11.206362132606387],[76.02945977684726,11.206845225926486],[76.02808831342497,11.210660058315113],[76.02605663430626,11.211747772142019],[76.02990957186933,11.214139509231018],[76.03029586396303,11.217493243918113],[76.03395752202209,11.220666958613322],[76.03419449158258,11.222506986808071],[76.01889995536868,11.228828119122454],[76.0242831937145,11.233527315133529],[76.02787116222441,11.233137995921822],[76.028793551881,11.23583518864308],[76.0217654849892,11.23728471142033],[76.01129329165212,11.246814401763288],[76.00907155970475,11.246749833138324],[76.00476083214676,11.242383737919226],[76.00235598474097,11.243665052400274],[75.99976636352693,11.255911589248512]]]}},{"type":"Feature","properties":{"blockName":"Pattambi","districtName":"Palakkad","state":"Kerala"},"geometry":{"type":"Polygon","coordinates":[[[76.25238161671831,10.887315760314152],[76.25191499987739,10.886520999744391],[76.23291799976596,10.885528999863482],[76.22904199998834,10.890931999911913],[76.22801200015374,10.895523000286289],[76.22093999958139,10.902650999843843],[76.21928399965691,10.911833999739372],[76.2151640003184,10.913052000149719],[76.21179200040058,10.911051999650113],[76.2080539997923,10.905034000019157],[76.20616900009935,10.897354000187022],[76.19960000023985,10.896618999567238],[76.18897999972728,10.898076000207311],[76.18666800012818,10.902561000190076],[76.18714899982655,10.907430999940743],[76.18319700014149,10.909852000069804],[76.17517099964198,10.905627000385834],[76.17314899992647,10.90763300026282],[76.17118100000323,10.913607999709484],[76.16810600029174,10.913617000124532],[76.16351299982512,10.913275999687698],[76.15926399993373,10.909160999680466],[76.15831000000657,10.898486000228786],[76.1504360002213,10.889273999895238],[76.14653800032852,10.888187000130017],[76.13279699978176,10.896132999638269],[76.12960099988629,10.895281999964368],[76.12853200005179,10.887995000269086],[76.13112600006491,10.882541999713567],[76.13129399971837,10.878345999568296],[76.12775400014704,10.877552999871114],[76.11904100034195,10.879983000415166],[76.1163710004214,10.87832500039849],[76.11576799959357,10.869374999556612],[76.11337299976418,10.865650999593981],[76.11099199968112,10.865138000218565],[76.10553699993267,10.868476000367195],[76.10232500019868,10.863664999739967],[76.1039810001231,10.851614999832407],[76.10292800012718,10.845876999623897],[76.09930400027946,10.841066999942143],[76.09413100004565,10.838613000089936],[76.06822200044502,10.836654999728523],[76.05186499976998,10.844482000044309],[76.04547900025574,10.845699999555393],[76.04140500034055,10.843415000302059],[76.0358660003157,10.833441999948377],[76.03352400023249,10.825238000233583],[76.02916699985724,10.824732000281642],[76.02706099986528,10.821404999740992],[76.03151700030935,10.816122999876598],[76.03668200017421,10.812839999566393],[76.0353319999719,10.806595000259108],[76.04839299973719,10.80289599965073],[76.04716499976496,10.800892999912037],[76.05000300023835,10.796982000319133],[76.04906500014971,10.793777000008618],[76.0443650001447,10.794470999636985],[76.04337300026378,10.793036000011455],[76.04022199974554,10.761718000085693],[76.04225199983,10.760796999881677],[76.040833000043,10.753054999888377],[76.04641000002152,10.753274000095075],[76.04853800012864,10.742713999651414],[76.05388600033871,10.743335000410013],[76.05956999985568,10.74206200016124],[76.06399499976948,10.74469400012805],[76.06763500035504,10.739466000055927],[76.0681459996382,10.735162000326113],[76.07086199988146,10.730968000273037],[76.07009899976907,10.727241000172057],[76.08037599975262,10.725156000249285],[76.09877800030455,10.724088999607716],[76.10440099970646,10.72235699977574],[76.10956599957126,10.719935999646736],[76.11865999985918,10.712402000252155],[76.12521399992619,10.709694000377851],[76.12829599996047,10.712383000275281],[76.13214899957671,10.720006000176795],[76.13817599962272,10.716436000121348],[76.14514900012631,10.716652000189697],[76.1531450001417,10.710840000165945],[76.15467100036642,10.715139999711255],[76.15657800017465,10.714391000244518],[76.15917999965734,10.707557999901837],[76.16162928886064,10.705790293387395],[76.16340600028673,10.704508000443923],[76.17067700014348,10.712121999930389],[76.17162299970175,10.718144999791946],[76.18006899978457,10.727305999572252],[76.18113699957291,10.733213000379692],[76.18747699966389,10.738132999738184],[76.18963600030122,10.742145000391531],[76.19104799976543,10.747821000438876],[76.19634200018322,10.75188299980067],[76.20313999981119,10.753301999587677],[76.20411699989967,10.767929999669775],[76.18980399995468,10.780871000196555],[76.19201700038434,10.783390000348277],[76.21278400028143,10.778066000345689],[76.22080999988162,10.781718999732107],[76.22366300014738,10.781026000149836],[76.23281100022751,10.77279700018147],[76.24239299963727,10.772373000413666],[76.2429209934092,10.7715526334473],[76.24818471994894,10.776536776950763],[76.25072033597479,10.77578294632599],[76.25130284215248,10.77958636991508],[76.2552090618488,10.778078705967573],[76.26353547638121,10.780477261716328],[76.26223340284935,10.785891143561457],[76.25836144912165,10.790242809158372],[76.2587383648837,10.794971391416652],[76.25229653006085,10.802029996587123],[76.24989797431215,10.802612502764816],[76.253050361585,10.80867742272494],[76.24969238389644,10.80874595286349],[76.2501035647278,10.814399691092945],[76.2527077108922,10.812035400413436],[76.25760761669818,10.81182980999779],[76.264871814083,10.818819885929031],[76.26971092481938,10.820824124933495],[76.27400662110875,10.827755312357851],[76.27058259810849,10.831010940902274],[76.26746729797748,10.829832178812069],[76.2675514952054,10.831880979223854],[76.26516590588193,10.833340399040253],[76.26741116679199,10.839374537904632],[76.2639871428924,10.843584402897932],[76.26487383306102,10.846526402771303],[76.26230474786587,10.847799966895025],[76.26173384024457,10.850786254781895],[76.25958195594256,10.850237305007681],[76.25732028240515,10.852564852086289],[76.25446574160077,10.85300401172583],[76.25061798772998,10.852324037924063],[76.24980137363457,10.868326340588169],[76.25134507161783,10.875222860047018],[76.2520467523558,10.876104972666383],[76.2591437522824,10.87468156440275],[76.26237148295763,10.877147470379498],[76.26072754563978,10.87975371286359],[76.25790077500085,10.879212417219321],[76.25814135084272,10.88185875507753],[76.2549336669552,10.884084086111727],[76.2544525152714,10.88516667919896],[76.25341001755834,10.886289367660254],[76.25246776097845,10.887231625139464],[76.25238161671831,10.887315760314152]]]}},{"type":"Feature","properties":{"blockName":"Konni","districtName":"Pathanamthitta","state":"Kerala"},"geometry":{"type":"Polygon","coordinates":[[[77.01882578268379,9.40751670113491],[77.01882694101056,9.399078265249784],[77.02274190661376,9.392444573558294],[77.02274190661376,9.389399601310629],[77.01839194523217,9.390922087884121],[77.00566830814597,9.386680875222282],[76.99501090213147,9.38504963992898],[76.98794221466153,9.380047184430055],[76.98314537116198,9.371620011654272],[76.9828360808205,9.365743499662813],[76.97799053633423,9.359454600849176],[76.97438215141523,9.358629828104142],[76.973969764593,9.355124539665837],[76.97860911611787,9.351103768823918],[76.9792276959015,9.345639643654692],[76.97409984792972,9.340038611093064],[76.97494158098925,9.33431482736745],[76.97266890244794,9.330442854753983],[76.96787102382876,9.329096083117804],[76.96256810663289,9.333136400724356],[76.95549755037172,9.333304746616818],[76.95154140481202,9.331368761659064],[76.94867951294924,9.332042147926813],[76.9481744725739,9.33507238658143],[76.94634742789157,9.336297316268201],[76.94023598959927,9.337667121340644],[76.92738089591165,9.336402686235033],[76.92548424280363,9.338404709309941],[76.9027244037083,9.345885951775301],[76.8988257284247,9.342619493594782],[76.90030090166533,9.334611402194525],[76.89891370010724,9.329442821229293],[76.90525433691818,9.323875016818647],[76.906166269258,9.321048026745075],[76.89358160260895,9.317400298285179],[76.8929432503308,9.315758818814459],[76.90160660665964,9.310378418729101],[76.8956790473502,9.308007394825438],[76.8907546134347,9.31001364561331],[76.88692449706792,9.3087369401577],[76.88282080063948,9.30490682469025],[76.87443094343337,9.295265407072918],[76.87201700028442,9.295951999884949],[76.86936999962586,9.292816000058394],[76.86700400023449,9.296150000022521],[76.857032999973,9.301527999817381],[76.85378300028532,9.31345700044028],[76.84861800042046,9.311310000356286],[76.84386399972385,9.305037999803915],[76.84045399985229,9.304484000336402],[76.82703399971939,9.316651000243496],[76.82428000042177,9.30778599972416],[76.82165499987838,9.310839000219744],[76.81647500022115,9.311900999731392],[76.81213399968442,9.305965000284573],[76.80862399969789,9.297216999764771],[76.80378000024689,9.297704999785935],[76.7992320000568,9.298992999827135],[76.79725599976462,9.302731000435358],[76.79637100032147,9.311047999965297],[76.79353299984814,9.314678000089657],[76.78516973019896,9.319115823436562],[76.78637306626405,9.317816221241685],[76.78521149561408,9.315493080841065],[76.78805483356376,9.312103216790092],[76.79037567529724,9.305785373296374],[76.78805483356376,9.299467528903392],[76.79327672633991,9.301594966034884],[76.79495288906463,9.300563481419601],[76.79553309927314,9.297597963375381],[76.79727372899947,9.298822850793954],[76.8002080702463,9.282032980337817],[76.80489607509384,9.2809951770858],[76.80888156643118,9.281947275846164],[76.810402489983,9.286873681075576],[76.81481208181219,9.28626546058257],[76.81846140027346,9.2890531340949],[76.82109701821287,9.285302446750563],[76.82434085574596,9.284542171584008],[76.82418455177572,9.282066895570836],[76.827834666137,9.279017433008164],[76.82871254205025,9.270284881941791],[76.83467285376923,9.266958196163898],[76.82953038192164,9.263155614340178],[76.8334583148494,9.260292883409875],[76.830728733944,9.260026581561533],[76.8270671010659,9.264353967261854],[76.82380491916177,9.264021091300378],[76.82839860401242,9.257430151580252],[76.82693395104104,9.250772637747104],[76.82388233999802,9.249383212165583],[76.82128388114626,9.254320284253765],[76.81215742162777,9.261487632748128],[76.81016120007939,9.256441627579079],[76.80356257655171,9.259990466586828],[76.80672326186908,9.25577622099587],[76.80300807076588,9.251229271213958],[76.79436753473402,9.256392144182144],[76.79286094187904,9.255970298290663],[76.79358410742066,9.25145051882646],[76.78862890679869,9.248566300394486],[76.7887889870222,9.245418047305066],[76.78526721311147,9.246005009623559],[76.7898409563951,9.242270939951993],[76.78936286960084,9.23745471606236],[76.79142307791278,9.23533207771328],[76.7882391208388,9.234738988313723],[76.78802061435994,9.23105558464755],[76.7833979038902,9.226828042580166],[76.77348250331494,9.232962026876066],[76.77037168990165,9.230756177855369],[76.7662427917715,9.230756177855369],[76.76505502656829,9.228154406800456],[76.76239669625056,9.230134015172723],[76.75736283462714,9.229964334686372],[76.75719315504011,9.234149792079279],[76.7532339382957,9.232283304031284],[76.75044734037249,9.233924270888451],[76.74958399120828,9.237431625968838],[76.74656227003277,9.230470875130834],[76.74105842001012,9.229877322580421],[76.7385762920623,9.231981736168223],[76.73361203616662,9.229715444612111],[76.73080615228218,9.231280264972327],[76.71999621135615,9.222458517346752],[76.72842400016754,9.222379000190756],[76.73635900006786,9.219576000432141],[76.74385100022351,9.212759999974082],[76.75435599992949,9.208109000430056],[76.75809499968454,9.207627999832368],[76.7611310002955,9.210940999727427],[76.76882199973556,9.213711999808993],[76.77423900042959,9.213282999810644],[76.77652000039774,9.21091799956605],[76.78003699980775,9.21044300014438],[76.78823900032967,9.212984000411325],[76.80217700006858,9.20184700033883],[76.81581100017758,9.195595999855584],[76.82286800005824,9.194304999676035],[76.81177198389003,9.179328490717296],[76.82711323808553,9.16802480669952],[76.83511268790028,9.158794595094548],[76.83765342826314,9.15811200786294],[76.83962534473392,9.153940644645104],[76.84244609531112,9.151674731703565],[76.84095753206452,9.145366056798139],[76.83358878219661,9.135684116628738],[76.82945127575584,9.133603122286331],[76.83076643892008,9.127689710211996],[76.83390079658454,9.124304602675295],[76.83066898388654,9.119633655269013],[76.83421840115835,9.119489106337255],[76.83599775928923,9.115657642786061],[76.8385434351315,9.117648132055706],[76.84044019615817,9.114838872116309],[76.83846192597719,9.113831073845006],[76.83864855508682,9.105096823059966],[76.8467109403577,9.101812148212105],[76.85070091481543,9.101935894925646],[76.8509979995581,9.112312000198699],[76.85570499988592,9.118445999783091],[76.86051899975212,9.116760000273814],[76.86208299993058,9.11830499957614],[76.86345700034036,9.124619000266705],[76.86788200025416,9.122872999789138],[76.87566400029345,9.130223999737836],[76.89039599977565,9.124118999692143],[76.89742300007146,9.130237000337331],[76.9026720002127,9.116408000229058],[76.90429699960691,9.115755999839564],[76.90532700034083,9.123143999695856],[76.91437500030605,9.124019999623329],[76.92237100032145,9.122656999720789],[76.93697400015003,9.117407000432763],[76.94887500038101,9.116452999606281],[76.96598799994632,9.127321999910407],[76.95014200035308,9.132341000237034],[76.9420549997385,9.137563000032458],[76.92931400034092,9.1389249998889],[76.92645299970621,9.156097000376292],[76.93067200001286,9.17154100031695],[76.93788900007735,9.169463999863751],[76.94841799999074,9.161241000172083],[76.97360999980168,9.146536000136336],[76.99410199960766,9.137284999802944],[77.00024399956101,9.132131000445384],[77.01026899961471,9.138874000234978],[77.01897399995022,9.13058800033599],[77.02634399987573,9.12680899963567],[77.03343999975624,9.127566000370678],[77.03584419605284,9.125117355981217],[77.04340399969487,9.122360000413721],[77.04966699983225,9.125738999755072],[77.05485499985843,9.12656199993637],[77.05779999987016,9.119678999985922],[77.06632199986046,9.116390000298338],[77.06867200031263,9.112425000013786],[77.0804599998292,9.11030999960684],[77.10759700030138,9.095819000446568],[77.12259699955194,9.092921999950363],[77.13741300020985,9.086165000414496],[77.15259599980561,9.08327100005664],[77.15730300013342,9.084656000074403],[77.15576900043908,9.079555999609738],[77.16698499965804,9.07575599973967],[77.17938200027913,9.077620000262868],[77.18415099986879,9.074863999973672],[77.18798100022303,9.074788000066178],[77.19256600032071,9.076743000289298],[77.20323200025666,9.071775999662691],[77.20590200017722,9.069084999673066],[77.2085950002591,9.070531999851937],[77.20996899976956,9.07361399988622],[77.20681800015063,9.083768999639688],[77.2129060003117,9.09703199972705],[77.2192990001488,9.10000900031514],[77.22188599983906,9.104444999836915],[77.2264020003521,9.106225000083725],[77.22876699969731,9.11502400025745],[77.23410000011495,9.116766999697347],[77.24278300033524,9.12284899958172],[77.24745289463544,9.123827354948503],[77.25471500019717,9.138724999659075],[77.26243600012134,9.144320999614479],[77.26310000016491,9.148018000130662],[77.26884499979695,9.151840000115953],[77.26662399989772,9.16483699962788],[77.2692870003948,9.17375800003174],[77.26532700034085,9.184584000151517],[77.26023100006068,9.184916000173303],[77.25351699980973,9.187968999769566],[77.25659899984402,9.19874100009713],[77.26395399997716,9.198061000215034],[77.26632702487234,9.198797228409433],[77.2671740000801,9.19906000041874],[77.28370699987818,9.217698000162613],[77.27824399976083,9.225841999808495],[77.27632899958371,9.233269999710785],[77.28048699977529,9.240733000327737],[77.27928199996438,9.249786999670334],[77.28245499969853,9.2525690002592],[77.282691999836,9.264189000122315],[77.2845920002207,9.266767000296852],[77.28436999987565,9.271302999933539],[77.26847799995977,9.279245000156664],[77.26204700016899,9.280006000176797],[77.25797999967727,9.285481999994374],[77.24749800013268,9.288670999567046],[77.24627699958393,9.281914000031122],[77.24203500001528,9.284911999789017],[77.23979200000088,9.282442000098285],[77.2376330002628,9.292335000360026],[77.23046899994443,9.29698699995015],[77.22749300030176,9.295933999954173],[77.22688300005046,9.313570000255368],[77.23722799957255,9.325501000071142],[77.23645800003675,9.328471000336435],[77.23355099997872,9.331332000071768],[77.24018099995322,9.33937499955664],[77.23687699957395,9.349009999611837],[77.23907500021113,9.354066999892154],[77.243125999965,9.35836500024459],[77.24407200042253,9.36931299969524],[77.24968700035481,9.381125000318548],[77.24842799985237,9.385118000095702],[77.23022500038354,9.410597999697984],[77.2326279996825,9.416004999930863],[77.2309270003808,9.419526999571417],[77.22650100042091,9.41832399985276],[77.22583800042344,9.421929999769702],[77.22317499992636,9.424451000013676],[77.224640000036,9.432651999590178],[77.21467600009737,9.438440000305832],[77.21196700017697,9.442686000058927],[77.20771800028552,9.44137099967196],[77.210265999976,9.445861999931424],[77.20533800024856,9.450856000004421],[77.20214799973047,9.449167000356852],[77.1978840000466,9.450554999613587],[77.19271099981285,9.449161000080153],[77.18991899966215,9.45006799963852],[77.18823999957635,9.454913000034992],[77.18537100037145,9.45392200020018],[77.18279999962033,9.457190999864793],[77.18537100037145,9.463119999888136],[77.18338000028683,9.464107000437764],[77.1815490003861,9.470443000344233],[77.16952499987889,9.460711000312472],[77.1697009999013,9.465141999603645],[77.16822099999922,9.464243000414172],[77.16716800000324,9.469621000209031],[77.15577699990865,9.469103999749848],[77.14361600027826,9.460518000405443],[77.14170100010114,9.470015000391982],[77.14432499969905,9.480719000281681],[77.14414200025317,9.485716999639862],[77.1419750001462,9.48928399955696],[77.13172899979355,9.491670999916778],[77.12402299966175,9.480722999566808],[77.1205060002518,9.47787500043097],[77.10464499996681,9.478277000083551],[77.09305599973464,9.465277000433275],[77.0836029999785,9.459114000410864],[77.07023599959177,9.454517999805887],[77.06342300017138,9.458944999811933],[77.059235000395,9.459585999694184],[77.05483199969706,9.459819999693252],[77.05086500021963,9.45632600044462],[77.04875199990494,9.450981000372906],[77.05746499971002,9.433207000003108],[77.06801599973863,9.416397000021561],[77.05451200022867,9.417146000387675],[77.04379999997008,9.4131929997572],[77.0373989997641,9.412337999898853],[77.03006699979227,9.407321999710575],[77.01882578268379,9.40751670113491]]]}},{"type":"Feature","properties":{"blockName":"Kattakkada","districtName":"Thiruvananthapuram","state":"Kerala"},"geometry":{"type":"Polygon","coordinates":[[[77.01084973143003,8.549947680241303],[77.01545699964089,8.54947700026338],[77.01554900028617,8.546835999881523],[77.01097099961203,8.542125000268584],[77.0090639998038,8.537991000284478],[77.01498400031142,8.524212999830127],[77.00830099969141,8.515023999657899],[77.00558500034754,8.5051480001801],[77.00500493403052,8.468176324977492],[77.00572308944908,8.469996183177386],[77.01103555294844,8.470769515600693],[77.01369178514784,8.473526616660081],[77.01694965300413,8.473134732581912],[77.01887363111325,8.468820494969918],[77.02103631177641,8.470082057640923],[77.02311629168355,8.46383665543732],[77.02725128811653,8.46438278583696],[77.02853859837768,8.462042222870366],[77.03130826386536,8.461262034915023],[77.03321900485327,8.459169608390766],[77.03217632817507,8.455378055852634],[77.0335349681643,8.45316631627253],[77.03818148458788,8.451142894728832],[77.04248721461335,8.444792418435384],[77.04663604261935,8.445072744311744],[77.04815021496051,8.44367295404362],[77.04770839782435,8.439200861130871],[77.04336698719675,8.438293110638597],[77.04439275122456,8.433881211149014],[77.04642570827986,8.431622369576758],[77.04243508900822,8.424969043886335],[77.05513039295334,8.421168409994152],[77.05759613705214,8.416172896362127],[77.06068214086815,8.416522255098016],[77.06203025069556,8.413679067335124],[77.06399431968214,8.41353708596779],[77.07060961394257,8.408228885254914],[77.07348899761922,8.409781248206116],[77.07234515440541,8.415868591862079],[77.06577264539135,8.425623942790764],[77.06253744224921,8.426591480212664],[77.06178155307629,8.42822419938733],[77.06550951725046,8.432421894754668],[77.07275031877225,8.428564090060775],[77.07423409043099,8.42897954626909],[77.07927784369758,8.439728927747865],[77.08187402007002,8.441774399768804],[77.08720710682258,8.442403591552534],[77.08805888441003,8.446012344294274],[77.09120050769735,8.448775459120213],[77.0926535881926,8.455032735972054],[77.09537799889557,8.456013524004959],[77.09837485201786,8.45244454468002],[77.10267942191786,8.45206312781113],[77.10373926485522,8.450490922218307],[77.11432174475277,8.454495052005086],[77.11880491911177,8.452352086279802],[77.12704202377046,8.453800367992642],[77.13000647701733,8.451175355758096],[77.13229204734017,8.452849932978097],[77.13744939757169,8.452032915086988],[77.1481641317693,8.439043505853135],[77.14946504427644,8.434872135440742],[77.15061842929714,8.437720166952204],[77.15461973611201,8.438765734051458],[77.15335002918056,8.445414370676701],[77.15502260091233,8.447868359737072],[77.15935059185637,8.449500226354417],[77.15948935634879,8.456928416013625],[77.16468997566193,8.461846973758895],[77.16510884929403,8.468320468315028],[77.17009724659073,8.468739341047808],[77.17493332841042,8.471442977411527],[77.17689206621594,8.476954742367525],[77.19816610388267,8.460698062865333],[77.20423018657391,8.459103522609553],[77.20824069615128,8.462679156917602],[77.21548003357674,8.455898417078345],[77.21686710293449,8.452903609014413],[77.22616025988816,8.450221985356393],[77.2286380000437,8.445849000431053],[77.22814199965364,8.458824999873912],[77.2177889997626,8.468357999721945],[77.21360800030902,8.477487999871357],[77.20983099970096,8.496321999660609],[77.20535300004099,8.501488999617663],[77.21745299955631,8.512108000084197],[77.22528800024105,8.512622000405031],[77.2362060001069,8.50435100029847],[77.24154699999411,8.496540999867307],[77.24655899999789,8.498835999581786],[77.25140400039436,8.504173000183869],[77.26026900001438,8.50640999992163],[77.26655600035917,8.50967999963234],[77.27147699976376,8.525409000125308],[77.27712999964984,8.536488000221084],[77.2841189999919,8.545841999908419],[77.2840119995542,8.550952999981007],[77.27860999955192,8.55744299979466],[77.27035500018314,8.579378999641165],[77.25633200012174,8.596781999989332],[77.25080899993543,8.600458999583225],[77.24707000018043,8.606145000091715],[77.2468720000428,8.62124500035651],[77.23725900010282,8.626702000197213],[77.23088800038096,8.637097000226447],[77.22674600002796,8.639453000055937],[77.21691099974288,8.649387999556609],[77.21364600026277,8.656968000173094],[77.20869400032791,8.663171000241505],[77.20542099957953,8.670579000120824],[77.19922649360785,8.67484099071919],[77.19753060875064,8.674063710272037],[77.19703597622936,8.671166573978269],[77.19950914243304,8.666644214359053],[77.19887318504954,8.658659422594326],[77.19201898408892,8.651098602718378],[77.1916656737319,8.646788230392588],[77.18933383328982,8.642053884379322],[77.18587140114431,8.638944761691448],[77.1850234591654,8.634422402971552],[77.17852256676309,8.632019899199065],[77.17230432318604,8.632655855683254],[77.16545012222542,8.628133496963358],[77.1602918052227,8.627638864442076],[77.15831327333893,8.624741727248988],[77.15237767588911,8.622833856897046],[77.14792597870104,8.623964446801835],[77.14071846828273,8.62311650392354],[77.13580902696509,8.613657079410757],[77.1381163770692,8.613166152995632],[77.13823265041651,8.610898829017799],[77.13579091731702,8.607410637590874],[77.13608159888673,8.60438753955333],[77.13038422105501,8.59752743094623],[77.13003540191232,8.594155512866678],[77.12346597487488,8.5914812330725],[77.12137306091807,8.584446714444368],[77.11858250777658,8.580667841447791],[77.11619891135075,8.580319022305105],[77.11387344979994,8.577586605837212],[77.1086411635589,8.578458653244297],[77.10759470613084,8.580202748957731],[77.09951373097397,8.579563247346016],[77.09602554044642,8.571424134616166],[77.09654876781144,8.559913104706084],[77.0939907622639,8.556250504157504],[77.09458287589905,8.550240157757116],[77.09163676522456,8.549576727883732],[77.08416776433091,8.556406675028086],[77.08088165776235,8.553787061423805],[77.07679638484535,8.5542872994194],[77.07246099338022,8.552161288612638],[77.06687500737576,8.553495255701534],[77.06358177727725,8.551285873244524],[77.06287310700833,8.547575777700047],[77.0611639616476,8.546742048606689],[77.05686544778223,8.53831322287698],[77.05570200024715,8.538348999706614],[77.0537272131404,8.539117257255668],[77.05120423798525,8.544028382104216],[77.04488512734679,8.550048616550441],[77.04065815544959,8.55226884483136],[77.03732781212886,8.55218345060581],[77.03796826342466,8.559740766723053],[77.0307525206124,8.56554751740407],[77.02904465318824,8.5702441539446],[77.02556963682935,8.574023234684603],[77.02380121535384,8.573618718728937],[77.02323537361366,8.571386787570248],[77.02116062056626,8.574027382357883],[77.01968314596047,8.573713026135295],[77.0204690374162,8.56723728327404],[77.01631953312,8.568337530952363],[77.01914874002239,8.56399941184344],[77.00613438539364,8.566640005731756],[77.00368240541872,8.563873670433566],[77.0078319088156,8.55736649177021],[77.00481408799982,8.557020699745522],[77.0055056720492,8.55164520456259],[77.01084973143003,8.549947680241303]]]}},{"type":"Feature","properties":{"blockName":"Varkala","districtName":"Thiruvananthapuram","state":"Kerala"},"geometry":{"type":"Polygon","coordinates":[[[76.85400136467132,8.817361223741557],[76.8522869996454,8.82154200016322],[76.8516079998094,8.824643000174376],[76.8485029996138,8.826830000304312],[76.84812900035314,8.834524999928874],[76.84336900027921,8.838436000421154],[76.83463300031275,8.842754999943338],[76.82765200033958,8.842593999713358],[76.82309699982676,8.853626000339716],[76.8171160001034,8.857194000302911],[76.81265999965933,8.853757000085523],[76.80788399974682,8.854338999944957],[76.80555000003255,8.84986300037724],[76.80146000027884,8.850560000143957],[76.79825600001442,8.854069000084337],[76.78714000001105,8.856098000122643],[76.78496599958129,8.85954900008636],[76.77994500006179,8.858886000088887],[76.78147899975608,8.852047000368827],[76.77838099988327,8.842752999851086],[76.78131899957225,8.841192999857128],[76.79457100005169,8.826391999890916],[76.79240399994472,8.820369000029359],[76.78894799975046,8.820783000235338],[76.78559899999391,8.818897999643013],[76.78559099962501,8.817060000318804],[76.79036700043679,8.816356000229291],[76.79352600042466,8.811979999877167],[76.79257999996707,8.807962999892595],[76.77384900043108,8.807734000124071],[76.77233099967594,8.803547000393792],[76.77071399975137,8.802978000234589],[76.77301000041126,8.80044400029044],[76.76856200033609,8.796955000373032],[76.76136000006403,8.797952999631264],[76.76030700006805,8.794222000245156],[76.74341599994847,8.79484800033498],[76.72547099978686,8.800932000311604],[76.72247300002897,8.800824999873896],[76.71085400021201,8.793164000018635],[76.70974700042376,8.790297000006603],[76.70732100006416,8.788809999781733],[76.70410900033016,8.79203500011522],[76.70277399992023,8.79014300009942],[76.69412999969978,8.790340000190895],[76.69376399990875,8.78431100005264],[76.69033099987581,8.777200000379764],[76.68341100001771,8.775268000318022],[76.67954299970972,8.787854999808417],[76.6778180002006,8.787860000039018],[76.67640699988317,8.78120199967259],[76.67345880368089,8.78084662177423],[76.69456710978437,8.749482830168517],[76.69853941795981,8.742971654018675],[76.69965259878848,8.738153394063943],[76.7044871220831,8.73425252443451],[76.73471942805924,8.697425422445349],[76.74228761697998,8.701777614145612],[76.74172606230798,8.705256136961225],[76.74387874880529,8.70683251540828],[76.74705473428861,8.70321751417697],[76.74965428941397,8.703103498127973],[76.75198616762759,8.697990910751969],[76.7581460793781,8.69554261440021],[76.76167243533467,8.696402700824024],[76.77066034260076,8.693392397441244],[76.77068184539092,8.695263086222496],[76.78322552363909,8.701782413827402],[76.7850979454139,8.705754027726243],[76.79175600603492,8.710556563035027],[76.79521542635092,8.717240293005148],[76.79798095135988,8.719633158743306],[76.8001605392775,8.720211509153899],[76.80687092695177,8.718192091391927],[76.81259479521367,8.720492861156686],[76.81269180058621,8.726710409557825],[76.81084167390418,8.732842070005574],[76.79475282588226,8.752255315930142],[76.79091168562587,8.763182103071642],[76.79559594119979,8.766740089983216],[76.79546503498341,8.76951787904693],[76.8007038386113,8.767305938918014],[76.8129046494301,8.767938951921167],[76.81604174103359,8.771554989171477],[76.81470069358221,8.773279191881272],[76.81543083156765,8.776318538869532],[76.81816371478368,8.774050246321849],[76.81996741756234,8.776509840856534],[76.82594443688629,8.776732468928344],[76.8257890367347,8.779042906405039],[76.82204554936266,8.782370444740309],[76.82530978711702,8.785266882260828],[76.82562838274373,8.793361235732505],[76.83040834237119,8.792380225567001],[76.83693547339345,8.79374410410719],[76.83920860429373,8.79851767764876],[76.8386336901927,8.800890647685264],[76.84054116484293,8.801441259406658],[76.84152439993119,8.80818624939593],[76.84512303889716,8.808264906800048],[76.85260726711175,8.81299170300474],[76.85400136467132,8.817361223741557]]]}},{"type":"Feature","properties":{"blockName":"Chalakkudy","districtName":"Thrissur","state":"Kerala"},"geometry":{"type":"Polygon","coordinates":[[[76.26926400043334,10.187252999826114],[76.27538300022536,10.179091000249514],[76.27647400017503,10.173983000315275],[76.297867000162,10.177600999886295],[76.30322299984164,10.183438000163619],[76.30670200019722,10.184634999605578],[76.31468999984367,10.18048399973685],[76.31179799957806,10.201777999655008],[76.31332399980283,10.20533199987193],[76.33049000001353,10.208386000413611],[76.33531200024868,10.211528999663642],[76.3376389996402,10.214848999881497],[76.34099599976565,10.230332999868097],[76.34401699968487,10.23250600025176],[76.3755339997943,10.241600999686455],[76.37896699982724,10.245205000410465],[76.37927999987215,10.251402000202177],[76.38102000007302,10.253863000377237],[76.38664999979773,10.253618999916966],[76.39088399989674,10.25572900009331],[76.39031999996809,10.2602639996839],[76.39155600030921,10.263014999742495],[76.39707200017273,10.26667200021268],[76.40284700028889,10.276293999668383],[76.4130020000423,10.27861799982088],[76.41343700031734,10.287279999972043],[76.41685499965854,10.28807399971538],[76.41595500042297,10.294675000151187],[76.41764099993225,10.295645999962971],[76.43217500017619,10.29015300026083],[76.45057699982874,10.296007999569554],[76.4617689997396,10.296203999614931],[76.4741670004068,10.291690000093467],[76.49480399970486,10.291739999701292],[76.50041200021371,10.287648999901478],[76.504234000199,10.28671900018179],[76.52655799995182,10.285385999864047],[76.5415879996865,10.28820600040666],[76.55339800021761,10.282772999874112],[76.55704500022665,10.282416999644852],[76.56354499960213,10.284287999591584],[76.57334099988731,10.28316499996481],[76.56746699970233,10.293167999903346],[76.57921600011838,10.301793000146915],[76.5858690002542,10.298615000182167],[76.5906830001204,10.298368999629702],[76.59314700043376,10.29021400037584],[76.60430100039093,10.281912999785163],[76.6187290002432,10.279739000254722],[76.6228329997432,10.274733999674368],[76.62589299966226,10.273805000000777],[76.63935900011779,10.274617999720931],[76.64382199998539,10.27638100008312],[76.64662899992845,10.281075999857535],[76.65868400006661,10.280571999997846],[76.66384099956252,10.27871899998189],[76.67006699979225,10.271809999731772],[76.68924700024894,10.267205999657222],[76.6994399999561,10.265533999894217],[76.70896899961969,10.269861999831448],[76.73031600018334,10.2719689998695],[76.7451099998267,10.275073000019006],[76.750350999599,10.277983000215329],[76.76149700008654,10.26968000043172],[76.7711869999801,10.270391999990863],[76.77652000039774,10.271923999592957],[76.77701599988853,10.277259000102845],[76.79082499997384,10.27790200007729],[76.79558600009386,10.28023799988381],[76.7976000003398,10.27741900028667],[76.80027000026035,10.277468999894495],[76.80663299961327,10.285593999563503],[76.82030499967607,10.283429000448052],[76.82909400028797,10.279846999839208],[76.83099399977334,10.276571999897953],[76.83383200024667,10.276449999667818],[76.83668499961311,10.277991999731057],[76.83960700036283,10.284122000030322],[76.841301000241,10.284289999683779],[76.84580200006229,10.280152999561324],[76.84777100003168,10.28106600029571],[76.86646299956783,10.272745999728158],[76.86755400041682,10.270056999830729],[76.86975100010864,10.269831000200554],[76.87178799961657,10.27229399956849],[76.87942500016368,10.26893200011176],[76.88062299965179,10.263277000133485],[76.88693200011176,10.26077599991254],[76.88957200044752,10.257347000064044],[76.89590500021563,10.25872000042773],[76.89923900017976,10.253501999917432],[76.90467800008969,10.251303000133419],[76.89743799986388,10.263292999972009],[76.88984699963936,10.264494999644569],[76.88356000019394,10.272251000283461],[76.87500000024988,10.27521300017986],[76.87473299962829,10.290708999820538],[76.87690700005805,10.298199999930091],[76.8732070003029,10.298894999604613],[76.86336499969502,10.290954000326906],[76.85315700019544,10.291717000439291],[76.85249300015187,10.28564400007059],[76.85115799974193,10.285703000093406],[76.84452100034395,10.291852000369545],[76.84252900021323,10.299195999995447],[76.8321689999994,10.303299000348659],[76.8320920000458,10.310697999812874],[76.83666200035111,10.320377000098517],[76.83917999955742,10.338338000098702],[76.83157300039369,10.336705000335542],[76.81858100021304,10.348004999830948],[76.80928000027183,10.345115999703694],[76.8059460003077,10.33807399961546],[76.78767400035491,10.337057000380298],[76.7827069997283,10.340405000090755],[76.77765699977078,10.341285000202674],[76.77653500019017,10.336870999896803],[76.77258299960579,10.334705999882033],[76.76314499964207,10.3368669997123],[76.75519599999546,10.336439999806203],[76.75318099970343,10.33885699975076],[76.75499699981174,10.342923000196379],[76.75420400011456,10.346885000342525],[76.76041399960644,10.34852500042848],[76.7629780000347,10.350809999681815],[76.7666629999975,10.358313000344765],[76.76604500027662,10.362560000143958],[76.75762200035507,10.361444999986816],[76.74750499965609,10.366305000175657],[76.72103100008064,10.373579000170764],[76.71412700006107,10.373260999895251],[76.70790900020023,10.371104000249488],[76.70492600023476,10.363830000254382],[76.68948400038636,10.362279999822192],[76.6867070000281,10.363151000418384],[76.68486799975847,10.367517000309363],[76.67421000019141,10.370943000019508],[76.66249799968301,10.383666000385631],[76.6594769997638,10.385053999642423],[76.65712700021095,10.377088000111144],[76.6462399999761,10.38194600020779],[76.63730599987207,10.378936999942653],[76.63339999961033,10.375221000348915],[76.63067599989756,10.375804000254448],[76.63098899994247,10.380680000281814],[76.6257549995936,10.379206999803273],[76.62176499995485,10.381401000256005],[76.61843099999072,10.387667999678513],[76.60798600035366,10.40044099965246],[76.60121200003385,10.41928399985676],[76.59774800036996,10.422164999615063],[76.59319299985714,10.429582999955528],[76.58642599986007,10.435400000209881],[76.57053399994419,10.436428999998384],[76.56589500005424,10.435410999817861],[76.56095099958901,10.431756000339192],[76.55886799975843,10.433713999801284],[76.55815099996875,10.443414000156054],[76.53919199981101,10.44789299986212],[76.53613299993805,10.450484999782987],[76.52910599964224,10.463188000126138],[76.52500200014225,10.46635599962974],[76.49267599959774,10.47908200013427],[76.48706799998826,10.484435999721654],[76.48044600038264,10.484340999837343],[76.4730530002958,10.478110000276331],[76.45640599973717,10.477470999587013],[76.44866899997442,10.471068000188097],[76.44009400023799,10.475512000078766],[76.43376899993945,10.475759999824163],[76.43106800038794,10.46635899976809],[76.40190099983135,10.47011500030709],[76.38713799981889,10.46459100007462],[76.37670900002041,10.465194000003123],[76.37417600012236,10.456366000290757],[76.35752100009415,10.455320999764353],[76.35150663912015,10.449913345724383],[76.34866990579155,10.451359523922918],[76.34638939505459,10.446409146365056],[76.3368779942241,10.444462367744109],[76.33419761163054,10.439690486726647],[76.33146744616579,10.438774626148131],[76.32988754687284,10.43588374733713],[76.32884548623025,10.437564491208377],[76.32306854537711,10.43978011136312],[76.32128498831162,10.439818059156153],[76.32041218277607,10.437920657812185],[76.31430255212115,10.438262189748286],[76.31229130739797,10.436934008897424],[76.31195512193136,10.43204645527976],[76.31365816179476,10.430212411173898],[76.31378916603722,10.426849997129693],[76.31090709698498,10.423269243880554],[76.31405117182419,10.421260529849633],[76.3120861252745,10.4181164541111],[76.31392016938037,10.413968021806795],[76.3116057802826,10.412002975257167],[76.31165294432799,10.409769820121141],[76.31921136571202,10.405293854727688],[76.31856311999206,10.40139662825186],[76.3161330160259,10.400265798228077],[76.31367882641678,10.401546913059633],[76.31163720889015,10.398728033971622],[76.30917024710925,10.399593196169121],[76.30804310340653,10.398466050667764],[76.31039353283535,10.39100358424804],[76.30351960974224,10.388244731309328],[76.3068254276514,10.386311062105904],[76.30656449115838,10.38461497490124],[76.30386814919581,10.385223826718288],[76.30278091380819,10.38357122982842],[76.29773662634426,10.382977295066155],[76.29276643582239,10.377559340191453],[76.28940819912913,10.378186209925673],[76.2864977267887,10.375768280082127],[76.28697430362126,10.369065708415746],[76.2811186891762,10.36017180188719],[76.27918523131342,10.3605032524232],[76.27697556467064,10.35879075978579],[76.27653363242126,10.361276635208583],[76.26918649236279,10.359343177345806],[76.26990463339217,10.355476260720877],[76.26802481919009,10.353534814180364],[76.26565080773867,10.353534814180364],[76.26570476256478,10.351268713280547],[76.26338470683879,10.350513344815056],[76.2655968529125,10.34803142461061],[76.26446380336188,10.344632272361537],[76.25577713660562,10.343781832065929],[76.25647429555238,10.33968041991551],[76.26087071411223,10.339323953837436],[76.25731871218886,10.32532926803134],[76.25921125179786,10.321339587651892],[76.25537502183982,10.31683841156348],[76.2580859580006,10.312797582242695],[76.25967160036413,10.312695282561265],[76.26248483530696,10.315713116866903],[76.26719061075812,10.31233723457575],[76.26278452178832,10.294716830317498],[76.2643491631834,10.292695835144741],[76.26363203568997,10.288523458390955],[76.26969502030897,10.286176496747998],[76.27012475775143,10.282997246725586],[76.26720140082404,10.278646204358893],[76.26597766993359,10.279869935249337],[76.26454998359492,10.279190084654715],[76.2666575196289,10.2777623983161],[76.25985901458193,10.27008008722629],[76.26006100411212,10.267491172879375],[76.25641276483731,10.262289055295696],[76.25654788527675,10.254046739065814],[76.2503323684441,10.247696100894416],[76.24695436914885,10.246277342125666],[76.24831449481815,10.243408937372635],[76.24710884299878,10.240426536355642],[76.24623425680556,10.238641547569387],[76.25109900001888,10.237445999633223],[76.25847600026725,10.23937899974112],[76.26848599962926,10.235855000008314],[76.2714539998023,10.237396000025456],[76.27254499975197,10.234755999689696],[76.27794599970815,10.238242000368075],[76.27851900005186,10.235829999754742],[76.27409400013806,10.230332999868097],[76.27183500028508,10.231085000372502],[76.27572599985507,10.213000000049988],[76.27373499977045,10.206923000396216],[76.2736359997017,10.19452999995957],[76.26926400043334,10.187252999826114]]]}},{"type":"Feature","properties":{"blockName":"Kunnamkulam","districtName":"Thrissur","state":"Kerala"},"geometry":{"type":"Polygon","coordinates":[[[76.01037600025228,10.686841999658611],[76.01031500013721,10.684318000175608],[76.02533700040232,10.678325999945002],[76.03557600043212,10.66293199961217],[76.03388199965462,10.658575000136182],[76.02777899970113,10.657379999887155],[76.03328700009502,10.652264999630063],[76.03310399974987,10.64962500019368],[76.03019699969184,10.649115000057236],[76.03789500035401,10.636592999967036],[76.04251100008264,10.624308000014253],[76.04529599991054,10.62527799977994],[76.05235299979114,10.6151090002802],[76.0554889996177,10.615047000119034],[76.06056199973654,10.604424000367374],[76.06345400000214,10.60017200033758],[76.06919100016461,10.597004999980811],[76.07434269725775,10.582875603826096],[76.07645425595922,10.577085202819887],[76.08064999979769,10.580403999744817],[76.084350999599,10.576496000290206],[76.09000400038434,10.586869000204217],[76.09716000033382,10.590986000303701],[76.10278299973572,10.591606000116883],[76.10637699999859,10.590108000284033],[76.10828399980682,10.584653999682416],[76.11043500007526,10.584476999613912],[76.11135900041756,10.586827000066023],[76.11543999975623,10.589230000264365],[76.11422699957643,10.594453000105943],[76.12085000012746,10.59908699976529],[76.1157610001701,10.603113000164853],[76.11675300005095,10.605462999717702],[76.12272600030474,10.603729999839686],[76.1249919995812,10.60470099965147],[76.12651100038244,10.60762300040119],[76.12894400016552,10.605841000062128],[76.13372000007797,10.610306000021922],[76.13802299976169,10.617412000363572],[76.14952100029399,10.617961999646639],[76.15034499962206,10.620885999589234],[76.15370900007036,10.620189999868671],[76.15358000041675,10.618010000061474],[76.15660100033597,10.61628200041406],[76.1612780001796,10.60709400028793],[76.16429099972993,10.607086999965134],[76.16690799990431,10.608915999773615],[76.1672739996954,10.61522700032583],[76.17575100030848,10.615036999657832],[76.1742710004064,10.62594199982351],[76.1774060001868,10.626507999844364],[76.18182594231342,10.631424297593298],[76.18069459787745,10.638628308749503],[76.18380913538334,10.645407454090787],[76.18013096757016,10.648447480966524],[76.1819679659489,10.651529123070645],[76.1811767523053,10.6569080869387],[76.18520198378457,10.663686974174595],[76.18249171312215,10.669419657591163],[76.18505528367444,10.67679212705508],[76.18511853209463,10.681437087651545],[76.18825381066489,10.682787740761682],[76.18888575167614,10.686970088299006],[76.19190070905051,10.687829464258414],[76.19429451368092,10.693154397757326],[76.19172839624855,10.694535752822787],[76.19235300688581,10.696432663136932],[76.190650267396,10.697378201342985],[76.19196587662395,10.698887141428486],[76.1917411837087,10.702528662767634],[76.18932214590035,10.702759410818203],[76.18827522622075,10.70547380667091],[76.18531968885259,10.706812654380542],[76.18234790073507,10.707348078351174],[76.17436073386085,10.704230806906253],[76.17369951631969,10.700187002628127],[76.17096499633755,10.698849850140505],[76.16770412114835,10.699942378038372],[76.16868201606223,10.701072704441799],[76.16776974557735,10.703887419668717],[76.16595943008366,10.703695554706144],[76.16458238367011,10.70119027641016],[76.16166064192515,10.70265328272285],[76.16125886440511,10.704729323599452],[76.16162928886064,10.705790293387395],[76.15917999965734,10.707557999901837],[76.15657800017465,10.714391000244518],[76.15467100036642,10.715139999711255],[76.1531450001417,10.710840000165945],[76.14514900012631,10.716652000189697],[76.13817599962272,10.716436000121348],[76.13214899957671,10.720006000176795],[76.12829599996047,10.712383000275281],[76.12521399992619,10.709694000377851],[76.11865999985918,10.712402000252155],[76.10956599957126,10.719935999646736],[76.10440099970646,10.72235699977574],[76.09877800030455,10.724088999607716],[76.08037599975262,10.725156000249285],[76.07009899976907,10.727241000172057],[76.06835200014473,10.725179000410606],[76.0686949997745,10.721849999777703],[76.06328600034868,10.72008200008429],[76.0556030003782,10.712810000181435],[76.0533140000411,10.703633999709382],[76.05093400000413,10.702547999990259],[76.04955300017087,10.704444000190506],[76.04681399976636,10.702440000405716],[76.04182399987775,10.702908999550743],[76.03961899981704,10.704575999982467],[76.03467600029722,10.698215999868523],[76.01822699987622,10.692851999819993],[76.01037600025228,10.686841999658611]]]}}]}