{"type":"FeatureCollection","features":[{"type":"Feature","properties":{"blockName":"Haveli","districtName":"DATA NOT AVAILABLE","state":"Ladakh"},"geometry":{"type":"Polygon","coordinates":[[[74.34874436825805,33.829388604300675],[74.34180720124141,33.83956298264559],[74.33771085137477,33.84226030486923],[74.31983448837099,33.843157650205455],[74.31243224685079,33.83950689372824],[74.31287916224358,33.8318286286883],[74.30889124183739,33.83194277603832],[74.30580858709669,33.829842584767505],[74.30081005084321,33.8299527733019],[74.29650409868526,33.832952070781516],[74.29088665439565,33.84047637728304],[74.28742240651889,33.83841401599409],[74.27375126440938,33.83592629156516],[74.26431321768092,33.83007150089912],[74.26394861633565,33.83383292075274],[74.26648084641397,33.837600746477335],[74.27313255062677,33.841674017941614],[74.2733668096306,33.84498051393962],[74.28478745227915,33.85413678328598],[74.28588803720322,33.85806823526087],[74.27580381679275,33.86295884477494],[74.27514172690923,33.866092312110595],[74.26900357425558,33.86795414077102],[74.2641465409302,33.872738090690405],[74.26275125626552,33.86470176417515],[74.25856342376306,33.86453703175869],[74.25310355688367,33.86814612804142],[74.24902119956874,33.86810188229606],[74.24869015462701,33.86966861641355],[74.25473310055219,33.879488949655354],[74.25579655067031,33.88568754304572],[74.26699952500815,33.89812028542286],[74.26637575343835,33.90409330995834],[74.26773983072866,33.90747486337432],[74.27517490200017,33.91171365775915],[74.28140425220454,33.908667653989085],[74.28811501489605,33.911902992029525],[74.28945023294193,33.92945022654675],[74.29431696635498,33.937276382399205],[74.28899017125946,33.949311029080775],[74.28626558069203,33.949791839022225],[74.2627487183787,33.97428512585793],[74.26358032237403,33.94262313884684],[74.26112365693126,33.92479705783802],[74.24555969282562,33.89500427212948],[74.21967315559169,33.86717605632998],[74.2076263428815,33.85939788830194],[74.17008972166337,33.839885711556406],[74.14334869358737,33.83014297451871],[74.12979888890766,33.82756042467389],[74.09001159555874,33.82627868661217],[74.06574249262201,33.820102691386126],[74.05724981862431,33.81436851419562],[74.06261412624099,33.79578963408437],[74.06913002383158,33.79299710603169],[74.07310292735826,33.792251904401894],[74.07825577738225,33.78803044894613],[74.08336229073717,33.78918899877334],[74.0923666052347,33.79049823990192],[74.10877478992467,33.79226349936107],[74.11252087633744,33.79211197618679],[74.12154423128129,33.79093906418649],[74.12288727882492,33.78947135981548],[74.12565239823965,33.7804061765039],[74.1273504108928,33.780368270978954],[74.12779635861511,33.78386424154155],[74.13059122220722,33.78552220108878],[74.13525126803165,33.784697844729806],[74.13993202884012,33.78317691758076],[74.14207078214093,33.78423494658557],[74.13776262304668,33.80611616333033],[74.138419763961,33.807873402635494],[74.14200489600921,33.80860559826982],[74.14567211457648,33.80612864681967],[74.15790943517237,33.78317178065322],[74.16021690488628,33.77707435020113],[74.16457758528736,33.776888447743715],[74.17092335992515,33.78057126864917],[74.18496488692006,33.78548764643779],[74.1899602080972,33.79273213787792],[74.19336875376501,33.79756890767902],[74.19617479413148,33.79813851937723],[74.19811111183839,33.79514484805634],[74.20315289199243,33.78472482259252],[74.2078872586901,33.78093056939031],[74.21275880527469,33.78069391729048],[74.22142840739514,33.78296038691235],[74.23156769509313,33.78369505208502],[74.2402144337492,33.78242540360952],[74.24596286429482,33.78039338184914],[74.25721562959768,33.77319502832796],[74.27227117367579,33.770137300995714],[74.26919968042097,33.781345761198],[74.27166099445941,33.783058349163525],[74.28299117160532,33.785446028511444],[74.28443838312495,33.79038585792108],[74.29337384552662,33.803724985619624],[74.31268032843445,33.80371271257167],[74.32486851367105,33.80559793889381],[74.34874436825805,33.829388604300675]]]}},{"type":"Feature","properties":{"blockName":"New Jammu & Kashmir","districtName":"DATA NOT AVAILABLE","state":"Ladakh"},"geometry":{"type":"Polygon","coordinates":[[[74.2627487183787,33.97428512585793],[74.25932610731405,33.9839085507391],[74.24868774444388,34.01382064860411],[74.23722076422695,34.02552795375209],[74.22556304859586,34.033397674563105],[74.21467590357014,34.03855514530375],[74.1963500980786,34.04008483904414],[74.16141510042661,34.03886795019582],[74.1492233277944,34.04302597017244],[74.1324462888652,34.05267334040241],[74.12369537364265,34.05517959626138],[74.1149826049633,34.053783416771296],[74.10046386711383,34.045627593738516],[74.09592437720829,34.040321349950375],[74.08702850386243,34.03775787382688],[74.06106567354203,34.03470993021915],[74.05665588386199,34.031246185063424],[74.03890228281415,34.02910995526025],[74.00607299827033,34.02244567852529],[73.99999999970026,34.0301856991108],[73.89817047129026,34.03282165519528],[73.88321685817152,34.049945832434275],[73.8856506349689,34.07511901842798],[73.90438079813538,34.09689331027812],[73.9040756221923,34.12225341766117],[73.91708374002263,34.14210891689305],[73.94477081262295,34.17018890419462],[73.97657775865667,34.21180343647944],[73.98202514654332,34.239078521556564],[73.97622680632213,34.26480865499548],[73.94590993619465,34.2965655933275],[73.94097137482913,34.30173873925145],[73.9199295043432,34.342311859304914],[73.89940643296057,34.35981368975001],[73.87940978963013,34.35423660253724],[73.84175109893414,34.338317871172876],[73.80740356452293,34.356716155726076],[73.77339172364918,34.34974670394729],[73.76322174029116,34.359626770159366],[73.76432037368636,34.371070861730914],[73.77698516813103,34.416301727143036],[73.80725860639961,34.44194793674791],[73.85480499225662,34.473350525106696],[73.89873504678502,34.49576568643732],[73.88668823227613,34.514995574985846],[73.89533996576688,34.54666900676932],[73.94806671100997,34.57308959920567],[73.94155883806997,34.59195709244591],[73.93609338370277,34.61267453070508],[73.92733001736644,34.64589309668912],[73.94155883806997,34.67719650241668],[73.96022033709892,34.696678161567945],[73.99999999970026,34.7082176208466],[74.01289367700167,34.709854126167045],[74.04171753043971,34.68731689355985],[74.04914093030976,34.68496704059652],[74.05970001344491,34.68508911097376],[74.08653259340451,34.693695068073],[74.09313964807637,34.69451522819526],[74.09716033977793,34.69289779659607],[74.13269805856862,34.690242767689654],[74.14179229717683,34.69120025608697],[74.14897155719166,34.69527053820485],[74.15900720701705,34.7038723116579],[74.17473602314902,34.71735382092214],[74.20296478259871,34.73657608142105],[74.20664800100451,34.73833567515135],[74.21050262479633,34.74017715485189],[74.22574615506107,34.74745941242202],[74.2274856570375,34.75008010881004],[74.23901367154377,34.752075195413966],[74.26989746079926,34.762691497914375],[74.27975463836594,34.76827240005127],[74.28417426213252,34.771967377992155],[74.28680419905459,34.77416610708025],[74.3027801515828,34.79753875770757],[74.30729675284294,34.800304413118226],[74.31509399369293,34.80025863672677],[74.33159637427332,34.79216766380671],[74.3412551883763,34.789688110617874],[74.34621429475396,34.79040908810896],[74.36753845343691,34.80256271329864],[74.37554168669953,34.80344390860955],[74.47396850604179,34.790634155142186],[74.48537445107013,34.787086487051795],[74.50657653757719,34.77553558390014],[74.5147018430157,34.77480316163667],[74.54406738240385,34.776535033764844],[74.55891235741939,34.77474687486841],[74.5652923575563,34.77186965855793],[74.57716369634755,34.76948547397552],[74.58017730743683,34.770099639886496],[74.61816406272135,34.7421455378863],[74.63154602063241,34.73799514775794],[74.63883209222735,34.73353576676226],[74.65805816675106,34.71060180632833],[74.67130279458837,34.70069503744605],[74.7030029299413,34.693084717086094],[74.72807312017841,34.68858337372376],[74.76312255835944,34.684337615888296],[74.76639556900034,34.68518829360494],[74.77214050298187,34.68271255534023],[74.78659057579449,34.68273162816217],[74.83560180707781,34.67754363982715],[74.84989351017742,34.678056186843605],[74.85389709497503,34.67819976810489],[74.89374542261322,34.68448638893574],[74.91050720184592,34.68322372459528],[74.92781066882736,34.67831039460907],[74.9467163086108,34.66634750393422],[74.99779510466038,34.65108108502409],[75.00365448007028,34.64676284812697],[75.0187454223634,34.64149856580622],[75.04180145227525,34.641433715693495],[75.05079650915161,34.64392089873053],[75.05449676521363,34.64662170402846],[75.08472442619137,34.65538024909927],[75.10554504366888,34.65565872237221],[75.11121368366463,34.65798950161428],[75.14230346713134,34.662406921142576],[75.16466522222231,34.66044616705699],[75.18089554799121,34.656251956562585],[75.20673370259834,34.64628600959173],[75.23575592039947,34.64829254186736],[75.24971008275418,34.64731216392528],[75.25964355430665,34.64408493057516],[75.266059875363,34.63954925559375],[75.26694488559804,34.634536742976366],[75.25807952894718,34.617599487126654],[75.26185607899492,34.61088180505129],[75.33519744840356,34.5721244809601],[75.35054779024836,34.562240600723214],[75.3778152463766,34.55242156969973],[75.39497375523467,34.54880905059724],[75.46494293227056,34.54336547943336],[75.47850799574746,34.53935623160487],[75.50609588661592,34.53733062740656],[75.51688384990979,34.5377922062454],[75.52120208770623,34.53958511356217],[75.55180358876464,34.53813552873174],[75.59188842730913,34.54006576522295],[75.61556243895546,34.538536070583234],[75.64414978058795,34.53353500363755],[75.69230651833124,34.52152633657124],[75.72922515871414,34.51615905759451],[75.74920654324745,34.5158309939053],[75.76878356920639,34.52214050158295],[75.79302978529643,34.53391647356648],[75.81047821040113,34.54817199694014],[75.82064819375921,34.558914184741866],[75.84328460719894,34.57462692279432],[75.88146209699823,34.59073638957278],[75.91192626978159,34.60112762414059],[75.91864776588176,34.604835510050805],[75.93221282935866,34.624427795706254],[75.94625091554735,34.63117980940075],[75.9672088621993,34.63360214232506],[75.96821594281158,34.63333892784931],[75.98327636751043,34.629405974905865],[75.99184417716708,34.62997055040063],[75.998932602058,34.63514997898841],[76.01436615007782,34.65357208208599],[76.0254287717205,34.66410064672749],[76.03646087666817,34.67026519808047],[76.05501556411707,34.67602539085914],[76.0744400021045,34.67630767815689],[76.08582305938671,34.6714591982834],[76.12192535367217,34.64664840669866],[76.13075256377988,34.6435203550804],[76.13909149057986,34.642475127924854],[76.15791320832795,34.64340972857616],[76.19279479974028,34.65526580767096],[76.19785308874913,34.65912628155269],[76.21215249903867,34.66542984651028],[76.22737884505773,34.67214202923134],[76.23429870642025,34.673095702704586],[76.26006317057892,34.68437194840675],[76.27511596722815,34.6936416627326],[76.28330230695593,34.70151519756837],[76.28994750996969,34.71231842055869],[76.30151367191849,34.724441528154045],[76.31613922134807,34.731628418017124],[76.33988952608081,34.734317779441994],[76.38593292266631,34.7359542847625],[76.40953826927574,34.75216674819694],[76.4276199340128,34.76244354223576],[76.43697357217269,34.76437759365109],[76.46920013467854,34.791667938424666],[76.47434234662205,34.79437255864673],[76.48973846395899,34.792377472042745],[76.51409149162907,34.783802033437155],[76.5453186033709,34.765586852651154],[76.56180572515416,34.75834274342293],[76.57097625774816,34.75842285143352],[76.58001709011666,34.7555160519243],[76.65250396688464,34.75655746415572],[76.67163848862543,34.75741958574531],[76.6818161009324,34.759590148966254],[76.68719482378214,34.76321029701762],[76.6967010499136,34.779132843306115],[76.70619201634855,34.80124664271841],[76.73785400425896,34.830738067407935],[76.74324035605764,34.84009551959258],[76.74468994178744,34.844730377205224],[76.74343872042067,34.86489105238019],[76.73886108397193,34.90192794821627],[76.74337005628314,34.91814422567552],[76.74936675996804,34.926597594803184],[76.76242828403815,34.93298721318939],[76.79933929457286,34.93577194232131],[76.80442047132777,34.934326171515636],[76.81105041464497,34.93545532340448],[76.82552337610298,34.94165420457796],[76.86315155010402,34.970836639299534],[76.87004089387221,34.97242736822852],[76.8835144045662,34.970325470044486],[76.90140533478842,34.96307373006863],[76.90843200683173,34.9616851804268],[76.95034027118663,34.940937042010944],[76.97035980226315,34.93557739288241],[76.98875427279154,34.9352149966748],[76.9974899292169,34.93915176364305],[77.01013946576381,34.95628738385574],[77.01145172141986,34.966720580790195],[77.01096343991088,35.027580261320054],[77.01378631558606,35.03512191754254],[77.01809692353424,35.038463592320966],[77.0269165037937,35.04079437156304],[77.03677368136039,35.03236389198008],[77.06836700423389,35.024120331088454],[77.08137512206429,35.02633666980154],[77.109802245877,35.03933334375887],[77.15682220458115,35.05469512857735],[77.19481658971392,35.079189300346],[77.28079223597297,35.13828659025398],[77.30075073276015,35.14847564733333],[77.37944030742432,35.197887419568815],[77.38441467259912,35.199165345404424],[77.41883087114786,35.22006607089253],[77.44252014159133,35.234439849719365],[77.48542022686206,35.26654052692385],[77.53961181663209,35.29778289836213],[77.58502197268592,35.32392120350079],[77.65056610124464,35.36708068832314],[77.73549652124751,35.433837890806046],[77.76036834712158,35.45117568940657],[77.81465148967459,35.48525238039309],[77.83778103376773,35.50195593122129],[77.82755300007096,35.50950999988663],[77.81600199979249,35.51338200037907],[77.80831100035243,35.5112039997648],[77.79785200006978,35.50131999991811],[77.78816999964585,35.49574299993952],[77.78378299968574,35.49464399962096],[77.77280399970488,35.49534999980273],[77.76535000040224,35.4976230003013],[77.758330999576,35.50222800042195],[77.7374420003481,35.52318199994937],[77.73358899983253,35.52454799999026],[77.72893500015022,35.52388399994669],[77.72447200028262,35.51514399979578],[77.72280099966645,35.498916999719825],[77.72649399999818,35.48488200000435],[77.72545599979463,35.47709299964225],[77.72296099985033,35.47552500017866],[77.68666799982839,35.47770299989361],[77.68395999995408,35.47681400026596],[77.68009199964615,35.470978000034734],[77.6723559999295,35.47055100012858],[77.66579400039285,35.47260999975174],[77.65071100001268,35.48727399969539],[77.64495800001174,35.489101000310995],[77.64276100031998,35.488215999968475],[77.63890799980442,35.4819220002002],[77.6278919999159,35.47431900032166],[77.61768300037022,35.46982599997],[77.61411300031477,35.469635000155165],[77.60314900012634,35.47462500004377],[77.59379599958578,35.47644000010598],[77.58198499990789,35.475127999857364],[77.57267799968997,35.483482000194215],[77.56883200039658,35.48506899963468],[77.5605699998057,35.48624399986073],[77.55039199989096,35.481971999808025],[77.53995499972353,35.48134200043302],[77.53031899962218,35.48317300033375],[77.52072899984353,35.48768199962461],[77.51246600010586,35.4886169995749],[77.49240100020603,35.482815000012295],[77.4649119996891,35.471869999800674],[77.4505999997902,35.46289799974295],[77.44484699978926,35.46133000027936],[77.43027499959163,35.46406200036108],[77.41377999974725,35.47309899981906],[77.4063950000293,35.474472000182686],[77.3942720003526,35.47404100009214],[77.38192700033085,35.476527999667496],[77.37369500022413,35.48128100031795],[77.36628000002202,35.49366400029345],[77.35909999986518,35.495480000401756],[77.35443899986001,35.492786000273725],[77.34868599985907,35.493693999878246],[77.34246799999823,35.512217999760935],[77.33224499980696,35.524581999759505],[77.32044199959864,35.53397000011546],[77.32222700007605,35.5368000002199],[77.3266909999897,35.537624000447295],[77.34539800021759,35.54682200013525],[77.36729400001815,35.55033100007563],[77.38389600030024,35.54921699996464],[77.39187599957779,35.54582199988545],[77.39695700006558,35.54163400010907],[77.4088970002964,35.52823299995305],[77.42540699993316,35.52394500006176],[77.4311599999341,35.51871900008183],[77.4352869995954,35.51738699981024],[77.44023100006063,35.518059000222706],[77.44655600035918,35.524989999688785],[77.45178200033911,35.526581000213014],[77.46194499956215,35.52518799982636],[77.4724120002137,35.52111399991122],[77.48368800040095,35.527832000346564],[77.48659499955966,35.5320089996157],[77.48369599987058,35.536380999783376],[77.46887199974304,35.5420460002228],[77.46060900000538,35.547706999578395],[77.46066299979765,35.563225000233615],[77.46559899989398,35.57331499968751],[77.46453899957521,35.58005900042258],[77.45684800013515,35.593609000255185],[77.44503799960404,35.600609000205225],[77.43897199955819,35.60217699966887],[77.42713899976508,35.610541999613645],[77.43156399967887,35.61793499970054],[77.43485999968931,35.619048999811525],[77.43679800002775,35.622215000122196],[77.43351000038626,35.630314000390854],[77.43791200013874,35.641090000003544],[77.43104600007291,35.654582999905585],[77.42641399960644,35.65978200043901],[77.42210399959998,35.66162099980937],[77.40409900026873,35.66117900011079],[77.40160400032443,35.662532999598284],[77.38650500010573,35.68976600000093],[77.38208799966151,35.693592000170725],[77.37628900023725,35.69340100035595],[77.37081100032748,35.69518699998014],[77.36917100024152,35.70442599976013],[77.3584369998677,35.71772000037777],[77.3383180001756,35.71953599958675],[77.32759899959422,35.71909299984213],[77.32499700011152,35.7165830001054],[77.32152600012489,35.70719899993395],[77.31520099982635,35.69912299982661],[77.31080600039667,35.70002400000766],[77.29866800002821,35.708126000414666],[77.28546099982532,35.71107100042639],[77.28271499999732,35.71625899955325],[77.27755000013246,35.72040600013685],[77.27415500005327,35.71784599989303],[77.27222400003762,35.711319000171784],[77.26783800012367,35.709083999626955],[77.23921200023369,35.71270800037399],[77.22818799997629,35.712486000028946],[77.22458600024379,35.714976999788746],[77.22101600018834,35.72823699973782],[77.21712499971903,35.728695000174184],[77.20723000026436,35.72646699995215],[77.19373300017787,35.73298600020382],[77.18023700013748,35.73096499963509],[77.16728199986449,35.73458100001318],[77.1631320000418,35.74051999959835],[77.16587799986985,35.758633000312784],[77.16423000031432,35.766743000189365],[77.15843200003684,35.768074000414856],[77.15375500019314,35.76629600026024],[77.14353900032467,35.76967999983219],[77.13610099996123,35.781806999693345],[77.12699900020374,35.78270299964379],[77.12257400028994,35.78677000013545],[77.11953699963288,35.79641299966028],[77.11566900022422,35.79777899970111],[77.10578899966265,35.798678999836],[77.09996800012317,35.79598599975412],[77.08014699978429,35.79756499972501],[77.0586549997285,35.784298000352464],[77.0427170003893,35.77867900023574],[77.02066000035876,35.774643000274295],[77.0044330002828,35.77509300034177],[76.96773499957061,35.783161000080156],[76.93522599958027,35.7840580000767],[76.92885599990456,35.787415000202145],[76.90958399970191,35.79143899961019],[76.89494299991958,35.79973600001642],[76.87586999990066,35.81524999958788],[76.86535599977964,35.826473000028955],[76.85788699978525,35.83116499966508],[76.83140599988707,35.83629599976064],[76.81179000000856,35.84480700014302],[76.80681599995847,35.84953300044765],[76.80378000024689,35.85041399970635],[76.80267299955932,35.85356500022465],[76.79880500015071,35.855812000423555],[76.79406700019194,35.8627700002354],[76.7856830002703,35.889945999808106],[76.77903000013447,35.89867799959006],[76.75769800026256,35.91820900004535],[76.75272400021248,35.92111600010338],[76.73496200039608,35.94288300025033],[76.72277100028151,35.9534300000945],[76.7290880002111,35.96286800005822],[76.74199700016146,35.970966000280725],[76.75434100013712,35.98267000042023],[76.75298299956586,35.98647699971383],[76.75434100013712,35.990081999584675],[76.76969899970914,36.00943800006371],[76.78319499974947,36.01570500038554],[76.80498500005774,36.01687999971227],[76.80776200041606,36.01866100000518],[76.80860100043589,36.02046999979069],[76.79884300010445,36.0384250004135],[76.80185699970082,36.04785900019277],[76.78553000040927,36.052555000013285],[76.7720029998386,36.06030999970676],[76.74511700014949,36.0702130004297],[76.73957800012465,36.07449299995204],[76.72600600017682,36.07847600016731],[76.71962700008606,36.08320999994157],[76.70873300042769,36.10741400005611],[76.7067869997203,36.11390700000811],[76.70708499997284,36.122574000389875],[76.70373500017018,36.1288599997892],[76.69727299984913,36.135898999739084],[76.664795000389,36.15806200016124],[76.64810200040705,36.174622000305135],[76.64444700002906,36.184031999876936],[76.63728299971075,36.18492499968903],[76.60116599971116,36.165545999947994],[76.58097800043441,36.16818999956888],[76.56297300020384,36.17306100026502],[76.55824299971471,36.17687599992752],[76.55376400000864,36.185370999572],[76.54486100043488,36.19275700023542],[76.53559899959419,36.196006999923156],[76.51911200011875,36.19851699965983],[76.50466899957473,36.20722199999534],[76.48170499998582,36.211410999817815],[76.45602400010756,36.24139800041746],[76.43324299996453,36.25116300017237],[76.43572200007031,36.25769400007812],[76.44644199979848,36.26470200039705],[76.4500350000153,36.2694049996411],[76.44552599982507,36.27814499979195],[76.43656200013623,36.28844099975237],[76.43200699962341,36.30815899983804],[76.42172999963981,36.312832000396554],[76.4123149998374,36.31503699955795],[76.40423599959178,36.31949199995586],[76.37997400039984,36.33958800038596],[76.37604499997684,36.34472699995115],[76.36913299958832,36.3476180001706],[76.35240899997541,36.35987100044639],[76.34380299970871,36.36275500034304],[76.32823899963017,36.362506999698326],[76.29213700032238,36.34909800007267],[76.26889000027336,36.34719500044895],[76.25476099982035,36.347797000331354],[76.25112899960368,36.350692999882085],[76.24835200014473,36.35045599974467],[76.24365999960935,36.352692000335594],[76.23165900016278,36.36049300035171],[76.21491200038855,36.37565199974006],[76.198630999621,36.387446999579424],[76.1946329996133,36.38867599959775],[76.18052700022093,36.387363000202356],[76.17313400013404,36.39030500007573],[76.1545720002976,36.405602000432054],[76.12200899961567,36.4401700000455],[76.07728600024876,36.4742769999836],[76.0692290001183,36.47754699969431],[76.05614500019163,36.47906899973458],[76.02586400042333,36.486049999707745],[76.00202900023822,36.48659499965953],[75.99704699981925,36.484332999668254],[75.97676099962047,36.48934899985653],[75.96480599959727,36.48996000015393],[75.93170900037012,36.50095399992722],[75.92336300040222,36.50244899962166],[75.89074699997411,36.51794800030001],[75.84906799978842,36.54432299980664],[75.82432600004495,36.54864500036655],[75.80955499966353,36.55299400037285],[75.76936299970271,36.5733340003639],[75.74833699955292,36.58840900037512],[75.73338299972573,36.60711699974979],[75.71971900003189,36.631001000395884],[75.69053599963672,36.67176099957055],[75.67518600043365,36.696029999984546],[75.65205400029191,36.72228200011426],[75.64165500007823,36.729816000408164],[75.63880199981247,36.7355919996711],[75.6235580001017,36.75025599961475],[75.61647800005971,36.761600000239866],[75.60946699960243,36.763808999585706],[75.60031900042156,36.76373299967827],[75.59334599991803,36.76545299985611],[75.57093799988883,36.775996999561926],[75.51396899966966,36.792067999638505],[75.48821299993006,36.80416499991486],[75.47898899994243,36.80677399972035],[75.47421300002998,36.81075299975117],[75.45999099978485,36.83056299958281],[75.45667299965925,36.845749000216244],[75.4526140004358,36.854874000135055],[75.45245400025198,36.86651199992889],[75.44805099955403,36.880363000152386],[75.44403799975396,36.88723799973394],[75.43783599973165,36.891452999856085],[75.430343999576,36.89115100031847],[75.42234000009097,36.88660400017454],[75.4170380002036,36.88721100028749],[75.41419200026064,36.89189100026948],[75.41510800023406,36.90331600013337],[75.41358900033214,36.90954999983268],[75.40877499956662,36.91668699980522],[75.41156000029383,36.92157699957892],[75.42244699962936,36.93156399967887],[75.42679599963571,36.93899499971951],[75.4282379995841,36.950614999582626],[75.42591899966214,36.95574999986263],[75.42090599961227,36.96289100001968],[75.41349799973295,36.967505999702155],[75.4001159995538,36.967808000139144],[75.38662000041273,36.95940800037897],[75.37627399994517,36.96044899982155],[75.3546599996593,36.977810000031525],[75.34802200021517,36.989856999800736],[75.34551999994812,37.0006219998055],[75.3438949996546,37.032570000005535],[75.34591700026942,37.043796999731796],[75.34493299985809,37.05137300016389],[75.33794400041535,37.05444000040575],[75.33288600008888,37.055275000241124],[75.29447200028267,37.05152900016327],[75.27923600004141,37.04692800022707],[75.26496100005016,37.051922000300124],[75.25191500007725,37.04887800021959],[75.22565499957864,37.03743400037888],[75.21588899977758,37.03890199972756],[75.20896099955053,37.03680800028906],[75.2022860001988,37.02110700018795],[75.19337500025614,37.01419799993778],[75.18093100016557,37.00051899955224],[75.17338600026375,36.98612600041463],[75.15108499977299,36.96709799977293],[75.13584100006216,36.95736299960282],[75.12787599967771,36.955482000094264],[75.11508199963464,36.948818000350514],[75.09596300019234,36.942787000120006],[75.08533500021014,36.943668000278024],[75.07222700007605,36.95443300028279],[75.06307199967313,36.95987700042326],[75.04902600034967,36.964394000083075],[75.03945200040954,36.970786999920165],[75.01873800025857,36.9763680000832],[75.01281699970485,36.96598100042286],[75.00865900041259,36.964382000429055],[74.99782599996996,36.96471399955146],[74.99114999967281,36.96281400006609],[74.97712699961141,36.95276599985107],[74.94133800034848,36.93472699985119],[74.93263199996687,36.92546499990988],[74.92796299959281,36.90885900034266],[74.92217299968422,36.90609000035329],[74.91488599998894,36.90844700022893],[74.91371199980898,36.91180799963951],[74.91090399981977,36.91244500023663],[74.8925860004436,36.937049999957594],[74.88793199986196,36.94594600010788],[74.869141000257,36.964943000219364],[74.86193099961599,36.97648600012883],[74.8560029996388,36.979773999770316],[74.84604600002297,36.989941000077124],[74.84139999981022,36.99949600004044],[74.8421249999688,37.016933000157906],[74.8400650002996,37.022297000206436],[74.83386200023119,37.024891000219554],[74.81887799991983,37.022705000135716],[74.80547299957931,37.02319300015688],[74.79991100029247,37.024014000245984],[74.79317499992635,37.02771400000114],[74.77886199998136,37.02978900036214],[74.76612900005335,37.026936000096384],[74.76339699997163,37.02511199961913],[74.75915500040298,37.01475899972809],[74.75254799969048,37.0115389996252],[74.75003099963101,37.0117300003393],[74.73990600036166,37.01630399992973],[74.72824100022206,37.02598600035367],[74.71980999993161,37.04464700025892],[74.718497999683,37.06275900002788],[74.71293600039616,37.07431399959148],[74.70869399992819,37.07761399978631],[74.69391600012335,37.07784999987763],[74.68505099960402,37.07484799993529],[74.6715850000478,37.06594100017708],[74.66699999995012,37.061152999711226],[74.65926400023346,37.05773200023168],[74.6064760003672,37.050509999936594],[74.58184100016206,37.04344200044801],[74.5805360002363,37.03874599972818],[74.5844879999213,37.03700600042663],[74.5887989999739,37.03213499973049],[74.58944700017895,37.02858000036679],[74.58265700002062,36.98599199963115],[74.58314500004178,36.97750100017106],[74.57917799966503,36.963038999650166],[74.57868999964381,36.94859299986712],[74.57540099995623,36.95001199965412],[74.56010399959996,36.9505649999748],[74.55445900008283,36.95362499989386],[74.54634900020625,36.96622800012216],[74.54303700035734,36.97648199994438],[74.53221100023751,36.98684700038882],[74.52046199982146,36.9891319996421],[74.49511700014949,36.988770000035515],[74.46884900018125,36.992427999652534],[74.42990900040013,36.99003599996149],[74.4272160003182,36.986881000158064],[74.42704799976542,36.98240299959883],[74.4161610004299,36.97306099956552],[74.40648700037485,36.96955099957904],[74.38870200039707,36.96796400013852],[74.36834000029086,36.95892299959678],[74.35063899969015,36.94320300041818],[74.32388299970074,36.92267199971309],[74.31294299971972,36.915793999993184],[74.28347799980992,36.90301499974248],[74.27227000006053,36.895905000115704],[74.26137500035605,36.886566000220796],[74.2510990004186,36.88617700026839],[74.2441019997076,36.88761500003227],[74.23320800004922,36.89427899977608],[74.21778099999324,36.89889899968915],[74.18044999976775,36.90404499957714],[74.169097999673,36.902542000413064],[74.16263600025127,36.89792999996956],[74.15683699992763,36.888740999797335],[74.14963499965558,36.86212900015329],[74.14778899996242,36.848228000322024],[74.142730999636,36.8401029997537],[74.13424699959938,36.83479699968183],[74.12818099955354,36.83269499987438],[74.12095600001942,36.83234399987572],[74.10943600027127,36.83706299985761],[74.09268200017425,36.838584999897876],[74.06628399960698,36.81375899987802],[74.0557860002238,36.80641200011377],[74.05216200037609,36.80657999976722],[74.0398710001466,36.818443000044454],[74.02600099994623,36.82627899987597],[74.02069900005887,36.827732000331594],[74.01148200039404,36.82757200014777],[73.9999160003232,36.82423800018364],[73.99428599969917,36.82658799973643],[73.97135900001791,36.84008799996127],[73.95780900018525,36.85686100003517],[73.93779800007769,36.87395100033842],[73.92904700031886,36.87806700039181],[73.92379800017761,36.87797499974647],[73.91840399964491,36.87205099995373],[73.91339099959504,36.871281000417866],[73.9029619997965,36.87602999998455],[73.89317299983412,36.88658500019767],[73.87876900018927,36.89440200005231],[73.84907499961162,36.8999100004462],[73.84216300012241,36.898414999852434],[73.83583799982387,36.886894000058135],[73.8300400004457,36.88523099981086],[73.81806899968467,36.88565100029348],[73.81465100034347,36.888298000052714],[73.81336200025618,36.89363499975548],[73.80966899992444,36.89647700041331],[73.79862999987466,36.89359299961728],[73.7933350003101,36.89372300021631],[73.79025300027581,36.89455399986724],[73.78421799986086,36.90026100044486],[73.7761229997767,36.90056199993637],[73.76765400043183,36.904659000012884],[73.7596130001399,36.90405700013048],[73.74898500015769,36.896697999812886],[73.7453689997796,36.8963999995604],[73.73740400029442,36.9016109997479],[73.72870600028176,36.903900000085],[73.71119700044125,36.91275800028154],[73.70083600018131,36.91414999972278],[73.6903149997375,36.91212499986892],[73.68633999989112,36.90580399975482],[73.68526499977997,36.8959349997005],[73.68143500032505,36.88556700001709],[73.68776700004707,36.87830000034478],[73.70279699978175,36.870078999846044],[73.71084600044264,36.86127500034104],[73.71477499996632,36.860484999882885],[73.71906299985761,36.8571970002414],[73.72134399982576,36.84648900016725],[73.72421299993005,36.843426000109844],[73.72393799983888,36.8344309998908],[73.72650899969062,36.8326870004048],[73.74117999995707,36.834331999821984],[73.74415599959974,36.83338500021762],[73.75507400036486,36.826538000128664],[73.76345800028656,36.82510399964991],[73.77147699956396,36.81811500020717],[73.77820599960728,36.81532700024093],[73.78632399985275,36.814114000061124],[73.79824099992226,36.81615799989186],[73.80631299984515,36.81539899996392],[73.80944799962555,36.812775000366],[73.81506299955782,36.7984309998908],[73.8209080002041,36.79283099975089],[73.82943699961788,36.78929899964919],[73.8338550001082,36.787926000184825],[73.842453000006,36.78785300041568],[73.8485489996367,36.78974200029313],[73.86360200043202,36.78824599965321],[73.87772399966292,36.771255000318035],[73.88658099981336,36.7642480000452],[73.90006300010742,36.74970200014724],[73.90644799957556,36.731487000125014],[73.90524299976471,36.72561600007839],[73.8997570003853,36.72237399986028],[73.89717099984182,36.71629700020645],[73.90162700028588,36.70696299964277],[73.89620999959186,36.70217099989179],[73.88406399975383,36.699268000018265],[73.86625699966083,36.700061999761544],[73.85672799999725,36.70257200039754],[73.8468699995509,36.7073100003563],[73.83483100015059,36.70976999958589],[73.82694199967358,36.71390499961609],[73.81518599983406,36.71682700036581],[73.80905899967314,36.716712999605306],[73.80001099970792,36.712727000151006],[73.79082499967404,36.70450599965221],[73.78310399974987,36.70235800042144],[73.76943199968707,36.70387600027726],[73.7503969996219,36.70843500007527],[73.7484279996525,36.709983999561985],[73.72508200043404,36.71000300043818],[73.71857499983645,36.70380000036977],[73.70880099966644,36.68884999982771],[73.70057699992867,36.684867999658536],[73.69084199975856,36.68559299981712],[73.68402099996922,36.68972000037775],[73.67731500008722,36.69115800014163],[73.66368099997823,36.69200899981553],[73.65494500001182,36.69609500028406],[73.6516110000477,36.6960259998001],[73.64674400043532,36.692116000253236],[73.6331710004414,36.69007499966153],[73.6289829997657,36.69113199984196],[73.6255650004245,36.693953999577445],[73.6185990002437,36.69361099994774],[73.6129909997349,36.69504899971162],[73.60746000007902,36.698516999559956],[73.60521700006456,36.70429599986056],[73.6062849998529,36.71394000033081],[73.60332500004876,36.71882599992],[73.60022700017595,36.72032499979895],[73.59107199977302,36.71992500023862],[73.5791019999574,36.7129749998964],[73.56935099994877,36.71321500017217],[73.56482699996616,36.71603799995381],[73.56035599972967,36.71617099979187],[73.55136100040988,36.71062100015911],[73.54392200000035,36.709354000187034],[73.53798699970031,36.711921999900426],[73.5299070003079,36.72072999958988],[73.52406299970772,36.72060800025906],[73.51537300006396,36.71550399960995],[73.51147500017117,36.71542000023288],[73.49953499994035,36.7230070002729],[73.49447599956778,36.728003999584985],[73.48654199971355,36.729931000315446],[73.48250599975216,36.7338830000005],[73.47917199978804,36.734031999677086],[73.4723210004139,36.7309610001501],[73.46337899994097,36.73169299973222],[73.45040899987549,36.73679400024298],[73.44519799968799,36.74319799968799],[73.44155099967895,36.74511700004956],[73.43628699974528,36.74455600025925],[73.42919900023372,36.74017699976878],[73.41465000019741,36.7347110004124],[73.40003199967708,36.73174700042381],[73.38973999990111,36.73153699973278],[73.37818100015306,36.735527000270906],[73.37210799978442,36.73494000018093],[73.36913300018784,36.73264699965938],[73.36514999997257,36.719821999985356],[73.36083199959717,36.715454000002126],[73.34945700024042,36.714530999705914],[73.34136200015627,36.71595399967737],[73.33025399962241,36.71549199995587],[73.32340200020218,36.712883000150384],[73.31802400040738,36.707401000056166],[73.31473499982042,36.706420999829334],[73.29409000015346,36.70889299961232],[73.25322000040273,36.70912200028016],[73.24844399959096,36.70298799979639],[73.23439800026756,36.699547000293876],[73.21495800041146,36.69998599985405],[73.20985399976234,36.701920000008045],[73.20675699993564,36.711227000225904],[73.20270500013572,36.71564499981696],[73.1938710001466,36.72081800005071],[73.18939999991011,36.72184000041574],[73.18747700026341,36.721134000233974],[73.18578300038524,36.715041999888456],[73.18114499964207,36.712029000338134],[73.14546199987143,36.70004299978467],[73.13250699959843,36.689216999664836],[73.12647999955237,36.68661900036665],[73.10283700012752,36.68765999980917],[73.09708400012659,36.690467999798386],[73.09146099982536,36.6970559996347],[73.08541899998693,36.69972999973976],[73.08497600024225,36.68231599978361],[73.0944289999984,36.667106999888176],[73.09085799989685,36.64303200032663],[73.09200999996159,36.63476599955129],[73.09765600042414,36.624584000351376],[73.10907700010353,36.615646000062895],[73.11247300022882,36.61009999971526],[73.09294099972743,36.586596999551944],[73.09062199980548,36.571579000370605],[73.08457199959815,36.565814999862425],[73.07389800019263,36.56152299978669],[73.06703200012674,36.54433100017559],[73.06150799989433,36.53774300033922],[73.04494499961208,36.5339699999156],[73.04007699995367,36.53091800036549],[73.02197299965428,36.52492099990428],[73.00733199987195,36.51609000005351],[73.00183900016975,36.51459100017456],[72.99599499956963,36.514911999689105],[72.99548300024031,36.51332900043309],[72.99935199969508,36.50735900031765],[72.99252300043617,36.49688700033482],[72.9903560003292,36.48045699989069],[72.99235499988339,36.47893499985042],[73.00177800005474,36.479598999893994],[73.00385999983916,36.47607800029954],[72.99205000020743,36.45810699983821],[72.98873100003567,36.45799600011537],[72.98634299962981,36.46220399991472],[72.98268099982835,36.463715000347065],[72.97652400008258,36.4648969999966],[72.96933000017941,36.46427199995287],[72.96284499969704,36.46749500019416],[72.95325499991839,36.46480600029673],[72.94348900011732,36.458518999951934],[72.93266299999749,36.45848500018269],[72.928657999667,36.46242900039812],[72.92227200015276,36.462958999658156],[72.91365100009364,36.45557800012466],[72.90253400004411,36.44948199959464],[72.8794630000175,36.44333300021782],[72.87744899977156,36.438103000053445],[72.88008099973842,36.43413200039157],[72.88802299996155,36.429855000108205],[72.89019000006851,36.42473999985117],[72.88665799996676,36.414790999704906],[72.89009900036865,36.39783100000068],[72.88330099984131,36.38734400022548],[72.87004900026119,36.37915800044141],[72.86637900009083,36.37346599965622],[72.85089900028868,36.37266200035111],[72.82972699970134,36.36114499984194],[72.82256300028229,36.35357999991709],[72.81566599968619,36.33837100002171],[72.80836500024463,36.333724999808965],[72.79908000014194,36.33035700007554],[72.79196899956975,36.321200999626456],[72.78321100038744,36.31589899973909],[72.77854900033617,36.30987900001588],[72.76059699985171,36.308308000413945],[72.75048100009815,36.30513399973438],[72.74621600036818,36.30124700034884],[72.73561099964797,36.29623799958409],[72.7236399997862,36.28406899958469],[72.71765900006284,36.28166200010128],[72.7029499998427,36.279994999669555],[72.69238299997551,36.275649999847644],[72.68855999994412,36.26860000028984],[72.69529700035633,36.259345999818095],[72.6960599995694,36.254189000322185],[72.69397000031535,36.25009899966915],[72.69179499983943,36.249821000338954],[72.68521899965714,36.25526000024888],[72.68186999990064,36.26281699980473],[72.663528000317,36.26416399986874],[72.63670299984364,36.27648200044399],[72.62680100006617,36.275364000148556],[72.61475400029695,36.27168300037022],[72.59709900001889,36.26425200032958],[72.5952300001644,36.262199000083854],[72.58848600032871,36.25124400031041],[72.58543399987923,36.23052199979048],[72.57804099979234,36.22294200007332],[72.5718310003005,36.218502000367096],[72.56362899977859,36.216507000098034],[72.56047800015966,36.2123869998602],[72.55880000011996,36.20536799993329],[72.56028700034483,36.19664799980541],[72.55154400005563,36.18116399981881],[72.55388600013885,36.17739499957963],[72.55867799988982,36.175735000370025],[72.56266800042795,36.17222999971477],[72.56821399987626,36.15848199974454],[72.57380699969332,36.15096700032683],[72.56610899993046,36.14291400038087],[72.55959299981714,36.140056999930664],[72.55720500031055,36.13728299971069],[72.55253599993648,36.13674900026621],[72.54480699964336,36.12260800015912],[72.53659799969796,36.11452100044386],[72.53378300028527,36.10331299979515],[72.53541600004843,36.088909000150295],[72.53106700004207,36.07465400018202],[72.53494299981963,36.06799699986169],[72.53807100017656,36.06560900035515],[72.54358700004008,36.065326999941135],[72.55004099999223,36.056727999997236],[72.56806200006133,36.0553700003253],[72.5718539995625,36.052498000082664],[72.57563000012448,36.053115999803595],[72.58620500036051,36.05044900002139],[72.59326200024117,36.04054300005947],[72.59602399990774,36.027348000409916],[72.59391799991585,36.024811000327475],[72.5835949996096,36.01970300039318],[72.58141299971021,36.012801999612634],[72.58216900039912,36.00811800034552],[72.57324199971856,35.996428999998386],[72.56670400038934,35.99446100007515],[72.55611400036088,35.996673999605434],[72.55361200009378,35.990081999584675],[72.55460399997469,35.979533999694354],[72.54925499971853,35.96927999987213],[72.54840900027517,35.96252400038236],[72.54564699970933,35.96083499983541],[72.53855900019778,35.96046399981378],[72.53113599962671,35.95286900030419],[72.52946499990986,35.94091400028094],[72.53003700020747,35.92654400040533],[72.5337220001702,35.91743899961017],[72.53827699978376,35.91460800035895],[72.55048399973685,35.91245700009051],[72.55367999963232,35.90895499957361],[72.56166800017814,35.90913799991881],[72.56945799968702,35.9073300001794],[72.59331499998734,35.87736499969503],[72.6015930004167,35.871075000111205],[72.62004899986152,35.871311000202525],[72.62871600024329,35.869296999956646],[72.63407099987683,35.86562299960178],[72.63956499962507,35.86710699968836],[72.64564500031656,35.86634799976042],[72.66040800032903,35.84918999991862],[72.67784899973162,35.84065200008979],[72.68329600001044,35.83560200013227],[72.69113900016481,35.83287800041944],[72.69471000026635,35.83319899993393],[72.70361299984012,35.83814599963824],[72.7233960002253,35.85392399969288],[72.73754899998642,35.85879899967415],[72.74975599993951,35.85637999963734],[72.76676199996638,35.8451349999803],[72.77150700024794,35.84365099989378],[72.77728999983367,35.844020999869315],[72.78370699987818,35.84980000016992],[72.79218300044516,35.85158499974801],[72.79807299956934,35.85577000028536],[72.79901900002687,35.86748900021723],[72.81546000007899,35.87012899965367],[72.82527899962616,35.87482100018906],[72.82859799979792,35.87967300000901],[72.83022300009145,35.88736300030229],[72.83496900041911,35.88658899968266],[72.84567300030875,35.88009299959231],[72.8576199999631,35.87768900024719],[72.86838499996782,35.87794100017709],[72.89605699993064,35.882679000135795],[72.90163399990922,35.88166800027807],[72.9049299999196,35.86480699974328],[72.90466300019733,35.85362999962484],[72.91005699983072,35.848824000127536],[72.92941300030975,35.84554299990958],[72.9466019997825,35.84587499993137],[72.95782500022364,35.847717000339344],[72.97487599962773,35.85622799982241],[72.98719800038748,35.859646000062924],[72.9879229996468,35.86124400001063],[72.99971800038549,35.863524999978836],[73.00467699974382,35.86366700023194],[73.00679800042741,35.858757000435276],[73.01409100039939,35.85531600003344],[73.03810900003037,35.854762999712705],[73.05599200003081,35.86373099958604],[73.0680159996387,35.874560999890264],[73.07277699975879,35.88273199988197],[73.07775099980887,35.88622299989157],[73.08560200033213,35.88327799987985],[73.0891880002261,35.883366000340686],[73.10042599956029,35.87823100006068],[73.10839099994473,35.86872499965904],[73.12766300014738,35.852950999788845],[73.14005300044568,35.84658400025148],[73.15419000036826,35.84167100031647],[73.15441900013678,35.837699999755216],[73.14813199979199,35.833225000233654],[73.14661399993622,35.82937199971809],[73.14481399966638,35.810882999650744],[73.1380000001999,35.801064000103565],[73.13573500007027,35.79381200022368],[73.13497900028068,35.78548000000205],[73.13724499955714,35.767783999631945],[73.13281999964335,35.73846400011354],[73.13379699973183,35.72609299979217],[73.13625299967623,35.71918100030297],[73.13929699975677,35.71857100005167],[73.17176100036994,35.69704400018054],[73.17904700001907,35.69382099993925],[73.18783599973165,35.68636299955284],[73.20733599965672,35.67713500028009],[73.21552999980969,35.67507599975761],[73.24192800037696,35.652259999799185],[73.25939199994087,35.64093800018861],[73.27273600016633,35.62975699988567],[73.31397199970809,35.61558500014769],[73.33286300032728,35.61139700037131],[73.34329999959539,35.61103099968096],[73.36743199998688,35.605488000371],[73.38745899993296,35.585361000309945],[73.40287000015041,35.56618500003776],[73.40683000020442,35.564010999608],[73.41093399970435,35.56409800002274],[73.41465799966699,35.56733299991805],[73.42202000012298,35.56972899979354],[73.45442199967562,35.57193399985425],[73.48174999996257,35.577282000064315],[73.48562599974014,35.576671999813016],[73.50218199969959,35.566451999760034],[73.50666000025888,35.56541799974093],[73.5154190003866,35.56603999964631],[73.52433799979889,35.57097999992709],[73.53205100025349,35.571132999788176],[73.54570000015497,35.56578799971646],[73.55785400036189,35.5556719999629],[73.571105999942,35.55482499957412],[73.61564599986303,35.56312199998035],[73.61946899989448,35.565002000342076],[73.62474799962052,35.57095699976577],[73.63545999987917,35.57183799992379],[73.64270000010498,35.569054000142046],[73.65626499973001,35.558303999929706],[73.67269900035865,35.55121999970328],[73.69779200010078,35.54964399987074],[73.72078700021996,35.55347400022498],[73.72773699966285,35.549796999731825],[73.73110200015725,35.54064200022816],[73.73505399984225,35.536648000404966],[73.76364900010134,35.52819099981485],[73.78491200038854,35.52566100005515],[73.78766599968617,35.51561399988623],[73.78707899959619,35.49916100018004],[73.79132800038695,35.47696299994254],[73.79456300028227,35.46981799960105],[73.79514300004945,35.460159000237695],[73.78489699969685,35.45322000040272],[73.75472300036625,35.44202400030741],[73.73890700035781,35.42793299980815],[73.72486899960472,35.404098999669145],[73.71163900013983,35.38719599989554],[73.70044700022896,35.35837600005243],[73.69987499993135,35.32321500007225],[73.70737499955663,35.31231700022943],[73.71702600034968,35.29247299972923],[73.72528800004125,35.28316100018009],[73.72708099998823,35.27825499966855],[73.71934500027157,35.25265099974388],[73.7151789997111,35.2284469996294],[73.71637700009853,35.22599399982329],[73.7264559999445,35.21897900008082],[73.73172800024707,35.21729999999508],[73.73788499999279,35.22146999984068],[73.74473600026624,35.22179799967802],[73.75607299966924,35.22742800030204],[73.77753400009408,35.24385799984685],[73.79641000002152,35.2455410001171],[73.81158400010156,35.24246200022117],[73.84680200001236,35.22959899969413],[73.85792500033853,35.2156369997478],[73.86520399966491,35.21079999972028],[73.88140100015607,35.21041099976787],[73.88818399999167,35.21324199991841],[73.9172739996954,35.21221500022216],[73.93318200034912,35.20275099995871],[73.95008900030717,35.186439999606364],[73.95920599985709,35.17442300032127],[73.96498099997325,35.17429699990669],[73.97064200022817,35.17778799991629],[73.97881300021982,35.17974100004716],[73.98066700028187,35.18181200022366],[73.99208799996131,35.184710999912795],[73.99978599972417,35.184394999729534],[74.00319699964189,35.1810680000882],[74.00566900032419,35.17052799966751],[74.00908699966539,35.166083999776845],[74.02078999975873,35.15976699984719],[74.03254699964435,35.15004000004603],[74.03907800044942,35.147469000194235],[74.04500600042661,35.14642699980624],[74.05533600015633,35.149769000139315],[74.06269799971295,35.15012699956145],[74.07057200039753,35.15362499989391],[74.08040599973714,35.154712999705225],[74.08758499984793,35.15236300015238],[74.09573399972436,35.14595799976195],[74.10202800039195,35.14583999971626],[74.11003099983083,35.15218700013003],[74.1161119996691,35.15039800036749],[74.11694300021935,35.14640000035979],[74.11078599957426,35.13630299968372],[74.11067199971308,35.13021100023752],[74.11681399966642,35.12481300041969],[74.12905100010363,35.11829800035247],[74.13422400033738,35.11260200028215],[74.13435400003715,35.10800200039205],[74.12996700007704,35.10556000019392],[74.11578399983176,35.10472899964367],[74.11144999961783,35.101844999747016],[74.09325399957248,35.09654599999794],[74.09210999987664,35.09056899955971],[74.06636000041374,35.04853400004413],[74.07639299993707,35.04216000018391],[74.08521999960334,35.04006599984609],[74.09773300017787,35.03418700032984],[74.1036990001088,35.02549000036328],[74.10813899981503,35.02288399979682],[74.10823799988384,35.01950499955615],[74.10399600031519,35.014683000220316],[74.09481000028137,35.01090599961225],[74.09088099985831,35.00618699963036],[74.08155799980193,35.00415000012248],[74.07677499956662,34.99887100039638],[74.06527699993364,34.99866900007436],[74.06052400018251,34.99363299986311],[74.06030299988362,34.991618999617174],[74.06554399965592,34.98877000043524],[74.06653600043614,34.983134999580614],[74.06382000019289,34.9710540000421],[74.06431599968369,34.96485099997375],[74.06761900001692,34.95451399992123],[74.07276199976656,34.94625899965314],[74.0740200002229,34.93998299981564],[74.0658419999084,34.93012200013027],[74.05901299975022,34.92890199962761],[74.05530499962612,34.9252130003797],[74.04389200031562,34.92185600025425],[74.03969600017035,34.915015999588775],[74.03813199999189,34.9032589997031],[74.04221300022982,34.89452699992114],[74.03870400028944,34.89289100001969],[74.03213500043,34.88330100024103],[74.03034999995259,34.877631999617165],[74.02577200017771,34.87551099983284],[74.01700599972719,34.87581600040812],[74.0029069997583,34.87148700042479],[73.9942780002296,34.867068999934475],[73.97437299961427,34.865341000287],[73.96438600041364,34.8417089995707],[73.95501700003456,34.8354450002866],[73.93888900002736,34.83494899989648],[73.93565400013205,34.8335110001326],[73.9278259997701,34.820736000066404],[73.91815199971506,34.81448400043632],[73.91351299982512,34.814400000159935],[73.90882899965868,34.816330000129426],[73.9012530001259,34.821831000200575],[73.89743799956409,34.82175800043143],[73.88774100024705,34.81729100037944],[73.87540399969487,34.818420000282856],[73.86741600004842,34.81148499973301],[73.86165599972469,34.81206100021507],[73.85411099982286,34.817332999618316],[73.84970900007033,34.81771099996274],[73.8437729997242,34.81581099957805],[73.83349599974065,34.80365400013204],[73.82115199976505,34.795962999792664],[73.81102799964253,34.79533399956449],[73.7994920000558,34.79759200027064],[73.79272500005874,34.79453699968286],[73.7859420002232,34.79394900044605],[73.77380399985475,34.796882999950526],[73.76197100006164,34.790774999766484],[73.75737000012543,34.79046199972157],[73.75008399957699,34.78715500010321],[73.73788499999279,34.77384899983156],[73.73140699983321,34.771454000002166],[73.70658099981335,34.72536100040992],[73.70156899980952,34.720543000359214],[73.69156599987105,34.716717000189476],[73.68634800026007,34.7096249995941],[73.68132000041771,34.695557000155475],[73.67574300043918,34.69000999976174],[73.67032599974516,34.68969000029335],[73.66745799968697,34.68465800026655],[73.6635280001172,34.67102100001921],[73.66693900003486,34.66614199985344],[73.68321999990314,34.66006100001522],[73.69422099999923,34.65763899984],[73.69624299971474,34.65405299994603],[73.69029999994513,34.643566000170836],[73.66019400015307,34.61043500027512],[73.65754700039383,34.599093999788295],[73.66086599966621,34.589005000380496],[73.65765399993222,34.578102000307126],[73.65086399977383,34.5682680000682],[73.63948100004819,34.56619599984555],[73.62860100013609,34.574584999997796],[73.61840800042893,34.58611300011489],[73.60802500005377,34.58658600034369],[73.59755700025539,34.58999600021531],[73.58015399990722,34.58783300029279],[73.56837499990638,34.5896420000783],[73.55735799997177,34.59344900027122],[73.55353499994033,34.593165999811106],[73.53550000012496,34.57767500040097],[73.52300999971175,34.57470700022793],[73.51097899978106,34.57556500022463],[73.50073200028163,34.580555000113236],[73.47583000035428,34.57416200027615],[73.46929200012573,34.57402400020749],[73.46044899972162,34.57835800042142],[73.45662699973633,34.578280999568506],[73.44775399974736,34.57423399999914],[73.44285599960477,34.5653460002178],[73.44128399995668,34.538418000390436],[73.43494399986577,34.53240600013686],[73.4308089998355,34.526004999930876],[73.42993199986194,34.52139999981017],[73.43749999992514,34.50445199976002],[73.43439499972953,34.491050999604],[73.42224899989151,34.47069199963613],[73.42537700024843,34.442291000229545],[73.4201809998533,34.41776999988565],[73.41181199972408,34.39998199976952],[73.40925599966471,34.38681399956647],[73.39443200043655,34.38151599986355],[73.3908459996432,34.374667999728445],[73.39730099964146,34.36937700034832],[73.40145899983304,34.358376000252235],[73.40841699964488,34.35469799971298],[73.41358899983254,34.35459899964417],[73.41856399992872,34.35217700036833],[73.42505599983457,34.353465999556306],[73.42627000006053,34.34942200012523],[73.42374399958595,34.343696999616895],[73.42415599969968,34.339667999978246],[73.43227399994521,34.332351999844946],[73.43809500038401,34.32955600040913],[73.44284099981235,34.318129999599876],[73.44445000026735,34.3093409998873],[73.44950100027103,34.305591999671094],[73.4535829996558,34.297343999725854],[73.45381899974711,34.2783050003755],[73.46168500006274,34.282124000222495],[73.46778900006234,34.296032000376556],[73.474845999943,34.295952000284615],[73.4785839996519,34.29063000037428],[73.47934000034081,34.28339400033292],[73.4704210000292,34.26445400015206],[73.4700390003996,34.251765999601275],[73.47457099985184,34.24554399955599],[73.47791300018486,34.23477200012775],[73.48437499960659,34.229026999596385],[73.48954000037077,34.22660400027445],[73.4930799999421,34.22015799979192],[73.48922700032585,34.205375999802584],[73.48815200021471,34.18839299993704],[73.49216500001478,34.15658199975951],[73.48901400039585,34.14476399975882],[73.49350000042472,34.14077800030452],[73.49532299995656,34.134033000422676],[73.49278299973571,34.12039900031368],[73.49866500028958,34.10765099969393],[73.49638400032143,34.09288400039634],[73.49749000006352,34.084426999806226],[73.49870300024332,34.080708000074196],[73.50399000033832,34.076060999815354],[73.50830100039093,34.06031000010648],[73.50834699981425,34.041996000015445],[73.51495399962744,34.02334999990262],[73.51494600015786,34.006610999598024],[73.51648700017495,34.00052999975975],[73.5370410001421,33.95206799973846],[73.54961399988622,33.93151099963296],[73.55772399976286,33.92418700003009],[73.57465399988223,33.912341999683576],[73.5790330003727,33.91081999964331],[73.58616600016086,33.89944800042491],[73.58990499991586,33.88434600006792],[73.58606700009204,33.87748000000204],[73.58567800013964,33.86456699986718],[73.58247399987528,33.862220999599515],[73.57875800028154,33.85152099989426],[73.57501200020369,33.849837999624015],[73.57285299956635,33.84582900000839],[73.57067900003585,33.828368999729605],[73.56768799970149,33.82366599958624],[73.56131699997962,33.802250000337324],[73.5583800003368,33.783600000039996],[73.56051599991355,33.77685500015821],[73.56643699956794,33.769039000349665],[73.57946000027886,33.76028799969146],[73.5879139998313,33.75838500006773],[73.59129300007197,33.754154000107064],[73.59398700019995,33.73678999975874],[73.59749600014032,33.7282600002988],[73.59762599984009,33.71624800034499],[73.59113299988809,33.69889499960459],[73.57461499988239,33.68714099985732],[73.56317100004168,33.675900000384786],[73.56188199995438,33.66432599994499],[73.56835900006786,33.648361000260024],[73.56913800001877,33.64110900038014],[73.5613709997719,33.62147100038641],[73.56448400033639,33.616772000427545],[73.57337200011779,33.61833200042156],[73.57829999984517,33.61618400029141],[73.58946999964081,33.60462200040507],[73.5962300002144,33.60475900042758],[73.60156299973272,33.608020999769394],[73.60375199995491,33.60763199981699],[73.60543100004065,33.604927000081034],[73.60092199985047,33.59328099991825],[73.60501099955803,33.58829900039859],[73.61311299996504,33.58424399956101],[73.62100999991162,33.57421100003768],[73.61897999982716,33.54402500015368],[73.62147499977146,33.541588000186096],[73.63097399985026,33.53790999964684],[73.6331179997959,33.533512000078815],[73.63212599991505,33.52932400030244],[73.62509899961918,33.52918200004933],[73.615067000142,33.521290000333295],[73.6072850001027,33.51998100022303],[73.60555999969426,33.514510999782885],[73.60952800011717,33.50086600006591],[73.60017400042983,33.50505099970394],[73.59762599984009,33.504929000373124],[73.5965499996828,33.50048100029795],[73.59771700043927,33.4973790002407],[73.59602399970788,33.49098200021916],[73.6004709997369,33.48767100041641],[73.60155500026309,33.47838600031372],[73.60594899964667,33.47644399979083],[73.61013800036847,33.48037700039828],[73.61310599964224,33.48020599970715],[73.61499000018841,33.47209899996892],[73.6178049996011,33.46874199984347],[73.6224139999062,33.46814300009942],[73.62437400035986,33.46569799976294],[73.6249079998044,33.4575580003015],[73.61805700043027,33.45197700013847],[73.61183899967017,33.452309000160255],[73.59800700032287,33.444489000167266],[73.5879210001541,33.443535000240104],[73.5883409997374,33.435810000131426],[73.58433500026013,33.43349100020953],[73.58269500017417,33.429439999556394],[73.58436599989102,33.42679599993551],[73.59075899972811,33.42633400021401],[73.59142299977168,33.42218000020688],[73.58580000036977,33.42072699975131],[73.58225999989912,33.4147070000281],[73.57395199988497,33.40828299966074],[73.57345600039417,33.40142800010216],[73.56752800041693,33.398331000275505],[73.56491100024255,33.394336999552934],[73.55853999962136,33.36844599988302],[73.56223299995304,33.362644000320415],[73.56553600028622,33.36063800044343],[73.56877100018158,33.36071000016642],[73.57135799987185,33.35624300011443],[73.56743599977165,33.35185600015433],[73.5658260001698,33.34251400012107],[73.57505799962706,33.33421699971484],[73.58011599995348,33.33890500006578],[73.58680700004305,33.34101500024212],[73.5908359996817,33.336944999612115],[73.59045400005209,33.332355000183156],[73.58301499964256,33.32936499989489],[73.58206199976155,33.326499999975056],[73.58550999958686,33.32438999979871],[73.58720400036441,33.32027799992983],[73.58975200005483,33.30526400003362],[73.5942309997609,33.30338699981024],[73.60409499958462,33.29529199972603],[73.59798400016155,33.282726000304706],[73.59909800027253,33.27204899986151],[73.60534699976427,33.26076100002018],[73.60562900017828,33.25170499968601],[73.60815399970738,33.249701999947376],[73.61084000036578,33.249763000062444],[73.615067000142,33.24327899962617],[73.62526700017196,33.23692299969673],[73.62728899988747,33.23149899957923],[73.62542000003305,33.22306800018811],[73.62874599962822,33.21571700023941],[73.63140099975641,33.21394699955442],[73.63426999986063,33.2166100000515],[73.63637499980643,33.226036000361205],[73.64092299999652,33.22676799994332],[73.64527900032567,33.217132999888065],[73.64915500010324,33.214035000015315],[73.65322099964948,33.21342099957951],[73.65768400041634,33.2080799996923],[73.65647899970611,33.19465300013587],[73.65920300031826,33.18473399957446],[73.65589899993893,33.17809700017648],[73.65644099975242,33.16924999958786],[73.65360999960188,33.16511499955766],[73.64797999987712,33.16370800032399],[73.64642300002151,33.16199499956963],[73.63761100014761,33.142311000152574],[73.62815900043756,33.14234900010632],[73.62609899986899,33.140044999976794],[73.625175000426,33.134562999882576],[73.62876899978954,33.13237799984489],[73.63048599982909,33.128098000322495],[73.62562599964025,33.11188499999281],[73.62544300019437,33.100100999761366],[73.62789199981597,33.089909000100306],[73.63284299970474,33.08639099974488],[73.64358500044744,33.08841300035971],[73.65258800013618,33.08520499991084],[73.65821799986088,33.08531200034861],[73.67183700017745,33.08921100028749],[73.68855300032078,33.08844399999066],[73.70274400003564,33.082363000152384],[73.72139000014846,33.07138400017152],[73.7352679998184,33.066657999866834],[73.7385940003129,33.06307600015731],[73.74047099963695,33.05540799997925],[73.73964700030888,33.04608199978452],[73.74335500043298,33.0393519996951],[73.74867200011278,33.032859999789196],[73.75597399960049,33.02871700028936],[73.77130100044087,33.013789999908624],[73.78091400038085,33.00784299995456],[73.78870399988972,32.99847399957548],[73.79023000011449,32.99351900040159],[73.779731999832,32.97469700026642],[73.78175400044682,32.969966999777284],[73.78645300040569,32.96574000000106],[73.791572999994,32.96538199967961],[73.79776000022389,32.969608000308995],[73.80834199988345,32.972537999629026],[73.81576499955514,32.98402799979243],[73.81827500019114,33.000407999729475],[73.82095299958132,33.00112899970361],[73.82267799998976,33.00570700037781],[73.82962800033198,33.007445999633205],[73.84281200037356,33.00747299997903],[73.84583300029277,33.00592000030781],[73.86121400002611,33.00395200038457],[73.86377700040828,33.00194499956211],[73.89652299963677,33.00235699967584],[73.90692099980436,32.996646999859195],[73.9158479995856,32.99391599982357],[73.925514000171,32.986114999807455],[73.92906200011129,32.985019999673284],[73.94160500027061,32.9884379999138],[73.95832799983737,32.98694999964283],[73.96080799998924,32.98540500034056],[73.96289099981982,32.97702799984239],[73.96852899991347,32.969196000195325],[73.99728400035639,32.96016700020692],[73.99903099998073,32.955429000248216],[73.99787100044637,32.95190000028481],[73.99497199985797,32.94628500035253],[73.9899599998542,32.942550999928756],[73.98825799960707,32.935737999609046],[73.99263800014364,32.93351000028633],[74.01428200001436,32.92984400030042],[74.03336300040218,32.92950099977139],[74.04135900041757,32.93213699992265],[74.04856099979037,32.93235400003715],[74.05233000002954,32.93069499997432],[74.05280300025834,32.916003999684904],[74.05535099994876,32.91174300013938],[74.05998200036908,32.909306000171796],[74.06838200012925,32.90788700038479],[74.07002999968478,32.90630000004501],[74.0817640003084,32.90600199979252],[74.0935440003554,32.903122000080316],[74.11228200021418,32.8957019996476],[74.1221850000378,32.89633199992193],[74.12869299978217,32.895083999926726],[74.14360799960957,32.88990000008499],[74.15415200021471,32.88918699958043],[74.1636809998783,32.88433799989883],[74.17223400039887,32.88472399971289],[74.17821500012224,32.883003000388214],[74.18734700036384,32.87319599959574],[74.20245400005211,32.870697000366306],[74.20646699985224,32.861678999985884],[74.20947299997903,32.859233999649405],[74.2129819999194,32.858624000297425],[74.2142720000528,32.85113100009562],[74.2173770002484,32.84527199970307],[74.22602099956953,32.84339100019457],[74.2356799998322,32.84378799961655],[74.24431599968369,32.842361000359915],[74.25518800012617,32.83797100026152],[74.26451100018255,32.830195999645696],[74.28414199985349,32.83005899962319],[74.30175800013166,32.823310999602995],[74.30493900023475,32.81542200002531],[74.30158200010925,32.80853299979816],[74.30223100036045,32.804694999974345],[74.30604600002295,32.802708000074176],[74.30924199991841,32.79253400034389],[74.31197400000013,32.79146999984067],[74.31922099964947,32.792004000184534],[74.32760599961722,32.77875900002789],[74.33171100006268,32.77609600043013],[74.33981299957031,32.77396800032301],[74.35456800011315,32.76331299999498],[74.37079600023526,32.75900700017297],[74.38370500018567,32.757869999900606],[74.38689399975834,32.76039100014458],[74.38670299994357,32.76811600025326],[74.39725500001828,32.76634999975272],[74.40306099976539,32.779968000023246],[74.40649399979833,32.78274500038151],[74.41587099964698,32.784046000122885],[74.43369300043167,32.77954899958672],[74.4436259998401,32.77990699990818],[74.45451400012104,32.78442399956799],[74.45752000024788,32.78284799973545],[74.45848799992132,32.77675200010475],[74.46097600044214,32.773170000395226],[74.47239700012153,32.77228500005276],[74.46606445271237,32.78136062629193],[74.45748901410678,32.801570892782536],[74.45423126226302,32.80506896955734],[74.45063781778111,32.81681823707203],[74.44321441611248,32.82882308921427],[74.43006134015877,32.844654083619105],[74.42635345424856,32.85777282705436],[74.42933654774356,32.879512787285364],[74.42848968495105,32.88360214222513],[74.42505645738964,32.89306259196508],[74.41389465311579,32.903949737890116],[74.40605163587435,32.90697479285245],[74.38579559299228,32.90864944471616],[74.34774780341843,32.9082145694469],[74.32722473113648,32.91330719007482],[74.31803131079641,32.91969680756165],[74.31613922084841,32.93015670806568],[74.32071685819653,32.9414291379444],[74.34635925287728,32.96554565470825],[74.35317993160862,32.98313140898739],[74.35169982918381,33.01313400293196],[74.3498306278812,33.01625061067722],[74.33834497324199,33.02559879984477],[74.32648467992408,33.029460906895395],[74.30787658713484,33.03052139284807],[74.28319549577554,33.043190002216875],[74.25496673542654,33.0487747192779],[74.22039794890628,33.044815063664316],[74.21645355208983,33.042991637853845],[74.20525360127272,33.043296813796985],[74.1992568966885,33.046867370532766],[74.19064331064033,33.07670974755683],[74.17625427211703,33.107154846618926],[74.14878082267688,33.133884429922546],[74.14485168465757,33.135272979564434],[74.11170196537347,33.1644401545895],[74.09986877402474,33.17250823976349],[74.08283996539217,33.18074417080686],[74.0564346317529,33.186614990089765],[74.02624511731835,33.18858718894768],[74.01822662256063,33.19318771404181],[74.01427459679525,33.198249817075464],[74.01125335675704,33.21875381473683],[74.0110168458508,33.23849487343972],[74.01310730016183,33.24987029997442],[74.02030944792273,33.258777618092665],[74.02438354496468,33.26245498640856],[74.0364990236111,33.26474380508262],[74.04799652142236,33.26447296165793],[74.06503295900393,33.25991439803107],[74.07894134496718,33.260234832771346],[74.09069061158249,33.263648986611486],[74.10298156774519,33.27053833037968],[74.11579895016149,33.281127929310514],[74.11763000492084,33.2855949401544],[74.16685485756568,33.34413909934],[74.17075347888999,33.346652985047285],[74.18508148222469,33.38350677531747],[74.18421173078679,33.3910408016917],[74.18006134065843,33.40206909171525],[74.17934938606538,33.42388943784732],[74.1868266733124,33.45736706793588],[74.18565368666839,33.46646881138656],[74.17815399191323,33.48167800913285],[74.1485631336817,33.51220649333504],[74.14263915996929,33.51831817624287],[74.1233901976995,33.543212890762334],[74.09571075404813,33.570396423056536],[74.08835601831566,33.57320404083384],[74.07447052009849,33.5685234068298],[74.0743942261127,33.56943893465916],[74.0539016723244,33.56507873539539],[74.0453491205655,33.565746308445455],[74.0284423832095,33.57468032833452],[73.99999999970026,33.62366867097245],[73.97570037826989,33.69363403308421],[73.95623779283994,33.72029113732617],[73.96646118243768,33.74032211317501],[73.99999999970026,33.75257873502068],[74.02833557162938,33.77595901459688],[74.03833007837045,33.795135497805006],[74.0490493784261,33.80883026240673],[74.05724981862431,33.81436851419562],[74.06574249262201,33.820102691386126],[74.09001159555874,33.82627868661217],[74.12979888890766,33.82756042467389],[74.14334869358737,33.83014297451871],[74.17008972166337,33.839885711556406],[74.2076263428815,33.85939788830194],[74.21967315559169,33.86717605632998],[74.24555969282562,33.89500427212948],[74.26112365693126,33.92479705783802],[74.26358032237403,33.94262313884684],[74.2627487183787,33.97428512585793]]]}},{"type":"Feature","properties":{"blockName":"Kargil","districtName":"Kargil","state":"Ladakh"},"geometry":{"type":"Polygon","coordinates":[[[75.79302978529643,34.53391647356648],[75.80855718566562,34.52061984602915],[75.82161695875573,34.51398291228162],[75.82461428402206,34.4998526662676],[75.82312486821814,34.49519261144991],[75.87573708929528,34.49647897382562],[75.89030408296713,34.49593945524174],[75.90109444745087,34.492702345536884],[75.90756866686053,34.487307163294986],[75.91188481283388,34.48029342620072],[75.91242433141781,34.473819206791006],[75.92433100367293,34.47478646542311],[75.93679987631327,34.484103863602456],[75.95009087139664,34.50561609390763],[75.94899470664046,34.512056059939255],[75.95242022071665,34.51945517091946],[75.97269926465941,34.538501030298335],[75.98982683593977,34.54809246989163],[76.00243272928708,34.563575795386726],[76.00352889314394,34.568645556147544],[75.99380043284378,34.57947018120393],[75.99297830860212,34.58262165386628],[75.99243022667366,34.58919864060482],[75.99434851477218,34.59522754631428],[76.0039399552648,34.600297307974415],[76.01873817722515,34.59673477319126],[76.02284879393676,34.599749225146695],[76.02932844165434,34.61121532582666],[76.0487472157115,34.61828690281834],[76.05593103978572,34.62328190473619],[76.06350772999781,34.626312581360594],[76.07546206182474,34.6270983118377],[76.08002918969538,34.629165828939904],[76.08730840755703,34.64008465618201],[76.08709431315208,34.65036119841062],[76.09030573282337,34.660851835943504],[76.08582305938671,34.6714591982834],[76.0744400021045,34.67630767815689],[76.05501556411707,34.67602539085914],[76.03646087666817,34.67026519808047],[76.0254287717205,34.66410064672749],[76.01436615007782,34.65357208208599],[75.998932602058,34.63514997898841],[75.99184417716708,34.62997055040063],[75.98327636751043,34.629405974905865],[75.96821594281158,34.63333892784931],[75.9672088621993,34.63360214232506],[75.94625091554735,34.63117980940075],[75.93221282935866,34.624427795706254],[75.91864776588176,34.604835510050805],[75.91192626978159,34.60112762414059],[75.88146209699823,34.59073638957278],[75.84328460719894,34.57462692279432],[75.82064819375921,34.558914184741866],[75.81047821040113,34.54817199694014],[75.79302978529643,34.53391647356648]]]}},{"type":"Feature","properties":{"blockName":"Leh","districtName":"Leh(Ladakh)","state":"Ladakh"},"geometry":{"type":"Polygon","coordinates":[[[77.59500063337259,32.92668643563053],[77.59758799998627,32.92927200000287],[77.60185199967009,32.94139100039439],[77.60430899966065,32.93748500013271],[77.6241069998382,32.93998300021536],[77.63090500036554,32.93897200035758],[77.6352080000492,32.9415549998634],[77.64134199963365,32.94208900020726],[77.65650199996736,32.9536970004163],[77.67131000025637,32.95693599959674],[77.67439999976023,32.96350100017105],[77.67801700018447,32.96650300011339],[77.68328100011814,32.983593000416704],[77.68894999984269,32.983828999608704],[77.69606799983836,32.97825199963012],[77.69755600010939,32.97532300035624],[77.70894600015782,32.97694000028082],[77.71308899965766,32.97532999977972],[77.71794100037692,32.96654100006714],[77.72174799967053,32.96361199989394],[77.72637900009084,32.96481300041967],[77.73056799991332,32.96929200012573],[77.74121099968795,32.96182999955488],[77.75447099963696,32.94530099994125],[77.76283999976624,32.94328699969532],[77.76565600012435,32.93681699990469],[77.77757300019385,32.9247890001123],[77.7960210001691,32.913119999788194],[77.79972800024706,32.90736399964891],[77.80814399984575,32.902739999551386],[77.8104710001366,32.89538200017921],[77.80492399974287,32.888988000296024],[77.79068799975147,32.888222000045346],[77.78389000012345,32.87759800024759],[77.77930500002577,32.86211400026093],[77.78559100032447,32.85574699982425],[77.81687200034258,32.84307500001131],[77.82605700033037,32.833233000302755],[77.83217600012239,32.83337799979489],[77.84295699996562,32.83706299975768],[77.8492509997339,32.83221800026058],[77.86546300001748,32.825569000309144],[77.87910499959611,32.81328999973374],[77.8823699999756,32.80362700018594],[77.88680999968182,32.79746200007128],[77.88477300017388,32.78737599990251],[77.89003800015365,32.78332500014869],[77.89866599963625,32.772465000259615],[77.91728200016422,32.77235799982191],[77.92127199980303,32.76992800017712],[77.92670400028942,32.769134999580615],[77.93006100041487,32.76417900036063],[77.93290700035783,32.76307699990366],[77.93569200018572,32.7539140000311],[77.92955000023238,32.733482000294146],[77.93616500041452,32.7277599999241],[77.92973299967827,32.722720999574506],[77.92711600040315,32.71835699977578],[77.92391999960836,32.709304999626056],[77.92331699967986,32.700530999705904],[77.92002099966948,32.695351000048674],[77.9208599996893,32.690024999953835],[77.92858099961347,32.685093000041945],[77.93782000029285,32.676406999683365],[77.94471699998962,32.65948099974838],[77.95647399987524,32.644870999597],[77.96401200035359,32.63954899968661],[77.97019200026068,32.63721499997234],[77.97262600008992,32.63162600033968],[77.97176399990872,32.6227569996359],[77.97698200041901,32.617534999840416],[77.97972900029316,32.61057299984412],[77.9853440002255,32.604739999751246],[77.9941560000994,32.58868000018191],[78.00001499959262,32.58324400041033],[78.00450099962148,32.584919000311686],[78.03491199998888,32.5837250001087],[78.04491399988126,32.585331000425356],[78.05328400005664,32.588638000043716],[78.05912799975744,32.59592799987735],[78.05899800005773,32.601997000061544],[78.05197099976186,32.61236599979111],[78.05001100020758,32.62511400041086],[78.05147600031722,32.632350999599],[78.06166799997828,32.62554599964824],[78.07659100017457,32.621288000241066],[78.08290099978137,32.6209790003806],[78.0850219995657,32.62231399989122],[78.09056899995943,32.64111299986513],[78.09661900016675,32.649506000201825],[78.11104599997299,32.65886300002751],[78.11692799962753,32.65668100012812],[78.12464899955177,32.64643099959102],[78.1337969996319,32.63908800001127],[78.1391449998419,32.63901100005768],[78.14430999970676,32.64576700044677],[78.15371700003959,32.66701099985784],[78.1621700004452,32.673289999833685],[78.17026499963009,32.67570499968605],[78.18822499958412,32.67387799996976],[78.19725000028734,32.66706499965005],[78.20167500020113,32.66049999997506],[78.2127229997667,32.6639629995928],[78.21936800043295,32.66182299983166],[78.23069000004352,32.66580600004693],[78.24272900034316,32.672179999907144],[78.25104499982695,32.68032499959912],[78.2543949996296,32.69130300043315],[78.27693200021167,32.6995430000095],[78.29058100011315,32.69953899982505],[78.30274199974355,32.703392000340614],[78.31360599981707,32.70941500020217],[78.31646000012898,32.71635400003714],[78.31601000006151,32.72144299999451],[78.31255299982115,32.72824099962247],[78.30558000021688,32.7344669998522],[78.36274699967436,32.7600519998],[78.38935900021772,32.758442000198215],[78.39080000011995,32.75674400013554],[78.38871800033553,32.742435000374996],[78.38918300019537,32.73027399984528],[78.39288299995053,32.719208000349],[78.39575200005481,32.71585799964703],[78.38546799974847,32.69605300004599],[78.38153800017864,32.68204499977696],[78.38098099967345,32.66849499994436],[78.38870999996658,32.63460900030515],[78.39366099985534,32.62604900036115],[78.4065699998057,32.619662999947536],[78.35829200017571,32.58948899971762],[78.34940300034822,32.58130299993354],[78.33560900005534,32.57664099988227],[78.31423199990695,32.573947999800396],[78.3166960002203,32.52565799961707],[78.31254600039767,32.51884500019668],[78.29598200006933,32.50431800027553],[78.32365400003215,32.47407499956165],[78.3278199996933,32.472247999845365],[78.37387800036947,32.50898399961193],[78.40500656080417,32.528546908912745],[78.42715500030306,32.53131499968754],[78.42992400029243,32.53364900030118],[78.42917599997247,32.540493000251786],[78.43139599982561,32.55092600023477],[78.43662299985164,32.561573000193846],[78.44932600019479,32.57394000033082],[78.45984599969319,32.58001299980015],[78.47245800033653,32.5835110001326],[78.47922500033354,32.58338199957967],[78.4879909998848,32.58064700025892],[78.49955699995564,32.581699000208744],[78.51491500042698,32.58950799969449],[78.53573600011634,32.60865000019743],[78.5548169996049,32.61163700034734],[78.55887599972766,32.6140940003379],[78.57338699981023,32.61761499993236],[78.57798000027685,32.61739000034828],[78.58813500003026,32.61590600026176],[78.59505499988842,32.610373999660396],[78.60864999999757,32.60615900043757],[78.6141970003913,32.59746899989449],[78.61605799987683,32.59608800006123],[78.62091800006573,32.59671400015105],[78.6322399996763,32.60251599971366],[78.63902300041121,32.60972200017022],[78.64785800044643,32.63145100036343],[78.66230800041393,32.654030000184434],[78.67268399956697,32.65778399973186],[78.68035099969893,32.65842799975246],[78.70369000039324,32.6565820000593],[78.7230530002958,32.6611900003183],[78.74226400038339,32.67371699973978],[78.7613370004023,32.69736500029455],[78.76912699991118,32.69705200024964],[78.76912699991118,32.68635899996792],[78.76266499959013,32.655083000180355],[78.77270500033558,32.64112899970365],[78.77397899973113,32.635208000049204],[78.77922799987238,32.628109000030406],[78.78883400038887,32.622326000444616],[78.79251099998271,32.61843499997531],[78.79592099985433,32.61041599979859],[78.79710400044934,32.59837000007548],[78.79432700009102,32.58909599958076],[78.79158000021687,32.585704999686016],[78.78376000022388,32.580551000328455],[78.77642099992926,32.573143000449136],[78.77677199992792,32.558360999560534],[78.79040499999081,32.533210999887785],[78.79779099975491,32.50403599986157],[78.80512199968058,32.491458999932945],[78.80715199976504,32.48167400015501],[78.8203129996453,32.46242900029819],[78.82309000000356,32.448981999819466],[78.82722500003376,32.43870499983592],[78.83442700030588,32.43613399998418],[78.84677899975111,32.44010499964605],[78.85886400037339,32.44064700035881],[78.86254900033617,32.43721400032592],[78.86515800014166,32.43034700021394],[78.8752980001027,32.41723599994151],[78.90347299987911,32.392868000357964],[78.9209979995581,32.3830219995657],[78.9441529998611,32.37263900008986],[78.94995100013858,32.367321000363916],[78.96173899965515,32.366055000437996],[78.9677810003929,32.3589399996813],[78.97061899996692,32.351626999686346],[78.97900399993472,32.339240999572496],[78.98541299961028,32.33802800029201],[78.98918199984945,32.33981700005455],[78.9937970004313,32.34521499987238],[79.0086360003512,32.370499000328664],[79.01460300032824,32.37726999961086],[79.03374499993186,32.3859099996468],[79.06057699982875,32.39057199969807],[79.07102200036508,32.39067499995133],[79.07955199982501,32.38831299984514],[79.10309600008037,32.38550599990202],[79.10815400040684,32.384311999699094],[79.1089249999888,32.38293500005028],[79.11508900005737,32.38422400013752],[79.12086500021962,32.39392100035394],[79.1232299995649,32.409602999578794],[79.12572500040852,32.413631000070666],[79.1386490001513,32.4175609996405],[79.14215900013778,32.41936500009473],[79.14432500019865,32.422732999828156],[79.14724700004905,32.43702299961177],[79.14655300042068,32.44294400016554],[79.14134200023318,32.45255299992107],[79.13416300012244,32.458785999574275],[79.1313400003408,32.466098999569226],[79.13196600043062,32.470867000012106],[79.13742100017907,32.47694799985038],[79.14793400025394,32.48111000022641],[79.18302199956571,32.481116999649885],[79.19513699977279,32.482998000057705],[79.21180000016994,32.49183700027737],[79.22080199981252,32.49836299995252],[79.23780799983939,32.50585900029267],[79.24163099987078,32.50991800041544],[79.24619299980714,32.525310999802855],[79.25088500034252,32.53411900039163],[79.25597400029994,32.53425999969926],[79.26502200026516,32.53140600028672],[79.27364300032428,32.5324479997754],[79.27716099978039,32.53399700016149],[79.2951049998959,32.55010600019182],[79.31113399983428,32.571774000269954],[79.31617000004553,32.58636899972959],[79.32074699977426,32.59272799979743],[79.33016199957666,32.59349800023256],[79.33389299986209,32.59185800014666],[79.33950799979442,32.59200999996159],[79.36003899960019,32.5835530002708],[79.37231399999115,32.58088300035024],[79.37947800030952,32.576446999929146],[79.39453100020557,32.57231099985279],[79.39744599973318,32.56210699963839],[79.39628600019881,32.55621300032976],[79.39943699981774,32.53706400040335],[79.40069600032024,32.53434800016015],[79.40682200043506,32.52968600010888],[79.4132079999493,32.52779400009308],[79.42417100009163,32.527179999657335],[79.43976599980112,32.52944899997141],[79.44812799960755,32.53251600021326],[79.46164699980926,32.552985999904024],[79.46981000033134,32.57630899986049],[79.47412100038395,32.57802199971559],[79.48123900037962,32.58431200019868],[79.49396499998483,32.59027099980682],[79.51573899955525,32.608120000038014],[79.56713099979584,32.67326000024889],[79.57417299988407,32.6754189999869],[79.57842299982167,32.67872599960526],[79.60089900028868,32.70769500002427],[79.61752299978667,32.724265999776094],[79.62689999963533,32.73753700023241],[79.62621300032976,32.74301500014218],[79.6227570001355,32.74600200029215],[79.6145480001901,32.76429000008346],[79.6032259996802,32.77697000026535],[79.59812900025321,32.777488999917466],[79.5902860000989,32.77377699960891],[79.58734100008712,32.774032999723204],[79.58234399987577,32.781139000064854],[79.57325699991065,32.782435999621725],[79.56799299997704,32.78681199997385],[79.56409500008425,32.79392599978513],[79.55271899978209,32.80455799995178],[79.54205299984613,32.822200999676454],[79.51606800033801,32.85574699982425],[79.50151099993275,32.87197499994636],[79.48885299986608,32.881344000325385],[79.46404299968475,32.92007400031491],[79.43973500017017,32.944504000059624],[79.42622400033741,32.95581400001612],[79.42230999970678,32.96153999967129],[79.41538999984868,32.967544999602126],[79.40926399973387,32.97012299977666],[79.4022900000835,32.97022199984548],[79.39066299989759,32.96743399987923],[79.3855509997789,32.96796400003865],[79.38347600031722,32.9723089998605],[79.38581100007764,32.98226500032956],[79.38407099987683,32.989086000118846],[79.36822500028359,32.990898000042705],[79.3607479999203,32.99532299995656],[79.35524699984921,33.0028920000658],[79.34076700029686,33.00647699991367],[79.33197000021539,33.01206999973073],[79.33555600010936,33.01633100017557],[79.34097299990407,33.01851700025941],[79.36282300028131,33.02185799964701],[79.38231699992969,33.027721000224005],[79.3937609997704,33.0361820000993],[79.39553799987885,33.04385799974693],[79.39353200000187,33.05410800028403],[79.38551299982515,33.06906500024962],[79.37811300031478,33.079055999634704],[79.37738800015615,33.084740000051],[79.38139299958732,33.097832000346614],[79.39344000025585,33.12445100031346],[79.4053879999563,33.14400900021525],[79.43045000006748,33.17671600034322],[79.44665500002827,33.20581799970097],[79.4506380002436,33.21733500021014],[79.45323899968014,33.24248900006734],[79.45610000031485,33.250400999806345],[79.45343000039423,33.2603869998602],[79.4474560000944,33.26478999965883],[79.40633400041384,33.272651999790014],[79.37005600018432,33.28265000039727],[79.35842099962946,33.281590000078495],[79.33298500025762,33.27343800006372],[79.31571199960916,33.27321599971867],[79.29695899995795,33.28070099955153],[79.27786299977765,33.28415699974579],[79.25029800025254,33.29583000025434],[79.2406230001514,33.29780599964721],[79.23465700022047,33.29787800026952],[79.208580000067,33.292365999691185],[79.1898190000469,33.29256099969041],[79.17687999961237,33.2945289996137],[79.16632100011412,33.2901419996536],[79.14423399959946,33.2926789997361],[79.13422400023745,33.290084999723035],[79.12689999973526,33.289944000415346],[79.09732099996421,33.294598000097665],[79.07833100017558,33.30390500031558],[79.06194299986959,33.3097720001777],[79.05395500022314,33.315994000222986],[79.02581000003153,33.329280999618504],[79.01779900022376,33.33548000040173],[78.99640700028289,33.33051699995963],[78.98996700007706,33.33285099967395],[78.98314700033387,33.346085000222615],[78.98028599969916,33.355887999931326],[78.97257200009778,33.360493000051974],[78.96971899983203,33.374133999584444],[78.95475000021241,33.38017700036835],[78.95287716744735,33.384960726356496],[78.92231750464919,33.398242950351914],[78.87565612812784,33.43679809605533],[78.87039947475603,33.43970108064042],[78.81860351524011,33.4890823361809],[78.79115295444535,33.52519226031461],[78.78387451179935,33.53264617957757],[78.76320648229336,33.56305313119708],[78.72992706278376,33.61756515480812],[78.71097564660886,33.65487289406883],[78.70679473888617,33.66948318470128],[78.70929717982102,33.67961120569265],[78.73175048859423,33.70404434227265],[78.7623977660441,33.73065948504723],[78.77521514935972,33.746219635128114],[78.78398895232834,33.770431518699695],[78.780548095818,33.789184571410885],[78.77506256138815,33.80125427276653],[78.74177551292962,33.84018325765129],[78.72566986107529,33.87112045314643],[78.71725463759151,33.890480041920455],[78.71155548090076,33.9224967952909],[78.71665954630106,33.939090728654264],[78.71725463759151,33.948963165018085],[78.71615600599495,33.94894409219614],[78.71425628619869,33.95946502698945],[78.71578979486321,33.9645347598713],[78.72841644276468,33.977344513338664],[78.76362609876549,34.001514435442914],[78.77036285366285,34.019733429354346],[78.76594543413455,34.03250885030326],[78.7606353763216,34.03609847986098],[78.73184967032608,34.04253387463865],[78.71212005639552,34.050479889435394],[78.70614623955737,34.05864334141711],[78.70637512241404,34.07217788729969],[78.71331787152263,34.08146286042273],[78.72923278796287,34.09569931007513],[78.75946044894062,34.111076354590125],[78.77426147498716,34.114513397075655],[78.87115478476557,34.15723419170462],[78.88887786821908,34.16643142696881],[78.91036224382253,34.18049621582776],[78.94212341256548,34.204792022334004],[78.95619964619675,34.217830657758725],[78.97500610334907,34.24285507160431],[78.99340057387747,34.288742065294116],[78.99422454802453,34.30251693700711],[78.99005126925073,34.31782531738452],[78.98146057094863,34.33285140956497],[78.97673797637657,34.333934784163034],[78.96884918184435,34.341625213432906],[78.96073913610229,34.346103668149794],[78.92254638660654,34.37539291355216],[78.89155578577095,34.38963699305282],[78.83810424811264,34.40652847341039],[78.82493591336174,34.41413497884622],[78.76302337672752,34.46045684780535],[78.7528381345723,34.47016525232459],[78.74935913061944,34.47699356090419],[78.73826599138243,34.489894867154476],[78.73007965075533,34.49665069577304],[78.69631957958501,34.507591247937796],[78.68618774456883,34.51275634762737],[78.68061828630493,34.515598297023814],[78.6600570665804,34.52972030614728],[78.64382934614747,34.547809600732535],[78.63762664825128,34.55229568439836],[78.62100982624253,34.574275969560404],[78.61109161258793,34.5830574032766],[78.58206939658544,34.60314559938996],[78.56933593710386,34.611949920852226],[78.55817413372932,34.61474609385721],[78.53711700444626,34.614154815692245],[78.48223113985529,34.603336333904736],[78.44316101087202,34.60241317712649],[78.42511749267823,34.60346221920611],[78.41812896717818,34.605403900469696],[78.32049115274458,34.412682535970305],[78.20212349660216,34.31868469154534],[78.10812565217714,34.29083347828242],[77.79828090563933,34.29431487982788],[77.66859869447421,34.29779628137334],[77.47189950086135,34.36916501485359],[77.24560839411214,34.491014072541475],[77.09764882393415,34.60764102791114],[77.05413130281744,34.66508415520963],[76.99842887719097,34.679009762290775],[76.95879541467673,34.66674614102163],[76.94293181085442,34.63237499940675],[76.92178033909141,34.60064779266156],[76.92178033909141,34.579496321797876],[76.94028787688404,34.550413048123744],[76.97465901759966,34.51075403946737],[76.98259081951079,34.48695863463331],[76.98787868745154,34.460519295828874],[76.98787868745154,34.43143602215474],[76.98259081951079,34.41292848526143],[76.96143934774778,34.3944209474688],[76.87947739646472,34.39177701349843],[76.81866691694472,34.40764061732068],[76.7790079082884,34.42086028717256],[76.7578564365254,34.40764061732068],[76.7578564365254,34.39177701349843],[76.77636397431803,34.37326947660512],[76.83453052076698,34.367981608664365],[76.85832592560104,34.34683013690136],[76.86361379354179,34.30981506221542],[76.86096985957141,34.14589115964935],[76.84510625574916,34.00311872884629],[76.82659871885585,33.92380071153366],[76.76696490780432,33.85515291377601],[76.7724050606451,33.84732142134658],[76.77919644396076,33.83205704389752],[76.81682755424828,33.796607068361595],[76.82666879852627,33.799656181087926],[76.83067098307947,33.79518596955688],[76.83751491737956,33.80150977465644],[76.84441065532752,33.80126702785111],[76.85407842308081,33.796172929637066],[76.8657560910708,33.79431873891872],[76.89004748190581,33.80755515144915],[76.91941520304925,33.813878358499494],[76.93371105022487,33.787169723104284],[76.95862353354931,33.7844029696214],[77.07131947311524,33.71188371186389],[77.07540806093334,33.690976861093304],[77.09409171026425,33.67596487208124],[77.09642009551106,33.65032503507234],[77.1178653919743,33.622439057616475],[77.11667394404736,33.58733352242416],[77.12747782084483,33.575783919692185],[77.15000625088783,33.57981205238434],[77.15534044110854,33.5956063778321],[77.16711914343375,33.61277960589416],[77.26725128871607,33.547077100427884],[77.26749509492277,33.507130127953076],[77.25747631008369,33.49468974943244],[77.26790109565911,33.47197037623192],[77.2662012915564,33.421878078010934],[77.19566464051081,33.36995544179024],[77.18063660219747,33.351294869063],[77.17524825300455,33.33390475779839],[77.1424302603483,33.30945790206056],[77.13801666024074,33.22653534443066],[77.15047214557313,33.21652731188601],[77.15158246296033,33.20211174426163],[77.13793525091114,33.177014250607215],[77.12115818410297,33.15394165338466],[77.10149999343002,33.14023094919901],[77.09898159942134,33.113158129743965],[77.04850942487013,33.03978658268471],[77.05089196998847,33.01574253239198],[77.0600442445463,33.00265150606219],[77.0598442901819,32.994555929512615],[77.0761800003068,32.98442800025208],[77.08361799977092,32.98386799960855],[77.0925899998287,32.97164499981693],[77.10188300030029,32.97196200004629],[77.11483000020439,32.975856999800726],[77.12089500020414,32.98548500043245],[77.13780999963183,32.98097200005782],[77.14524799999526,32.982086000168806],[77.15412900035312,32.97868299972072],[77.15201600003843,32.967700999601504],[77.15297700028839,32.95914099965745],[77.15407599970769,32.955956000269225],[77.16382599967022,32.954575000435966],[77.16378000024685,32.9409220003501],[77.1664429998446,32.939537000332336],[77.16460399957498,32.9325290000134],[77.16835800002173,32.91834299962977],[77.1638109998778,32.91213999956136],[77.17505600043415,32.911339000394605],[77.17805500023815,32.914181000153064],[77.18137400040985,32.92321799961104],[77.18424199956866,32.92617400013006],[77.19152099979436,32.92923700018747],[77.1994320003866,32.91353199990192],[77.20658900038211,32.90811900029166],[77.2221910004144,32.904396000375186],[77.2356030001784,32.895309000410066],[77.24589499995432,32.89354700009403],[77.2469180003655,32.88476899998943],[77.24507099972692,32.88188900027717],[77.24166900022425,32.880664999590124],[77.24241599959873,32.87798700019994],[77.25385300001602,32.87023899992994],[77.25643899966019,32.86308700016497],[77.2651520003646,32.862845999843046],[77.27593200016173,32.87428700044478],[77.2876970004163,32.864281000367896],[77.29192400019252,32.85763899984005],[77.29885100037342,32.853507999994235],[77.30632799983738,32.8504639999137],[77.3227390003047,32.851871000046685],[77.33006299990757,32.84411200016871],[77.32842299982167,32.83545700034034],[77.33406099991527,32.82752599972514],[77.3382109997379,32.82586699966237],[77.33915700019548,32.82014800032999],[77.34541300001001,32.81762299990157],[77.35350800009417,32.81664999999754],[77.36595200018473,32.81892399964295],[77.37404600022279,32.82298299976566],[77.3802719995532,32.844336999752784],[77.37742599961024,32.849358000171605],[77.37731199974905,32.85734599981811],[77.38071400015104,32.861281999664584],[77.3888850001427,32.86517300013389],[77.39707900029566,32.87859699955192],[77.40518199984945,32.883281999764506],[77.41504699971932,32.88473500022013],[77.41687799962006,32.881667999978276],[77.4278409997624,32.87594200032311],[77.43546299961781,32.87692299969672],[77.44343600037115,32.881378000094685],[77.44892900007335,32.873511999779],[77.44992800027705,32.86812999979969],[77.45387299963926,32.863556000209314],[77.4660419996386,32.85933299971822],[77.47291600007338,32.85938300022531],[77.49092100030396,32.876431000390426],[77.50231200039855,32.88417400042982],[77.5121079997844,32.87913099989578],[77.52401000006154,32.88067600009737],[77.53736099971042,32.88498700014998],[77.54480000011995,32.88987699992367],[77.56257599968268,32.90933599975665],[77.57170099960149,32.910705999981985],[77.58753999977125,32.91923100011064],[77.59500063337259,32.92668643563053]]]}},{"type":"Feature","properties":{"blockName":"Khalsi","districtName":"Kargil","state":"Ladakh"},"geometry":{"type":"Polygon","coordinates":[[[76.21215249903867,34.66542984651028],[76.21285236584407,34.65282620146809],[76.21884681672725,34.632680731130904],[76.21344571334907,34.6245795419124],[76.22116878800921,34.617207125508514],[76.22754135255144,34.59903296819698],[76.21984480519365,34.58836641967457],[76.22308495370771,34.57391895759389],[76.25046695288762,34.5549611148636],[76.26313157466251,34.53762392870141],[76.278361789565,34.52676774013912],[76.3072292547264,34.516181233976795],[76.34160508990306,34.485422265225395],[76.33191000344397,34.46684346785179],[76.3308557030283,34.42436551265831],[76.31308595285452,34.39314885193801],[76.31376074206463,34.38099683653485],[76.3174059973889,34.3680346093098],[76.3165413361138,34.34848341817525],[76.30673805042073,34.32307250089525],[76.31219220480648,34.2950957566639],[76.31975309662818,34.281863380290815],[76.32655752640875,34.25591193358889],[76.31780807528253,34.25542608744405],[76.29766237112159,34.24065519228333],[76.2876708438344,34.24497616761607],[76.28105465564789,34.24119572170525],[76.26825461036202,34.243410425450804],[76.25229469094728,34.232285020337486],[76.24700155387865,34.22223950944584],[76.25456244570034,34.20900713307276],[76.24899892835793,34.1862695432049],[76.24087074778686,34.19215672655173],[76.22722740821837,34.187967298651984],[76.21341591161507,34.179987088933046],[76.19959894353644,34.16533980378898],[76.2090312319059,34.15085811620912],[76.20968014312416,34.12930880595667],[76.20053297491694,34.106810633603914],[76.20763896986261,34.08592264971054],[76.20879681192338,34.08193029204938],[76.20498482229175,34.071708058979766],[76.20891758727691,34.06285437283111],[76.22021396790035,34.05659939104913],[76.2312505820488,34.05502243253926],[76.24164599216886,34.04809176042647],[76.25181627230319,34.045215375988846],[76.26240247629329,34.04611604701802],[76.27643699756942,34.06378818477697],[76.29745384531878,34.07965823493964],[76.30438421885668,34.07879175073873],[76.32886520746342,34.054811930026574],[76.36511045258538,34.02741857690586],[76.38659487855085,34.03486818302031],[76.39747563389346,34.036098040092554],[76.4091533018834,34.03424384847489],[76.42109073634845,34.02771163358506],[76.43096646602964,34.024506063104354],[76.44293868447278,34.02298105842914],[76.45574245295188,34.01774826946712],[76.46579135968358,34.01142401560588],[76.47696666457995,34.01298305872126],[76.48753570051224,34.01982654425967],[76.49372096415124,34.01547755684385],[76.49616380791343,34.01092075588821],[76.50331931143711,34.0059999849114],[76.50066790769785,33.986144470391025],[76.5024177437839,33.982800507737295],[76.53984134090524,33.96235484549976],[76.55122460862884,33.96580241544916],[76.56165480362637,33.96387895355093],[76.56868938250904,33.972403154182246],[76.57922363356391,33.9742394295061],[76.5888914013172,33.969145332191374],[76.59642834239412,33.974256298989076],[76.61176184173564,33.974169262601436],[76.62196675745997,33.9706691416676],[76.63705721142122,33.95242447301109],[76.65159349774177,33.94415958919376],[76.66415511746476,33.95455485092566],[76.67337262434717,33.95756932806211],[76.67581546810942,33.95301252800584],[76.68291916798529,33.95465830803454],[76.69927456157183,33.941801989470264],[76.70643021438292,33.942512165204334],[76.71022443790753,33.93615342593989],[76.71772644481962,33.93062623581221],[76.72541909631428,33.92729944121629],[76.74210352665648,33.90851762458874],[76.75573884427229,33.89957705133992],[76.76623756311312,33.86825138199572],[76.76696490780432,33.85515291377601],[76.82659871885585,33.92380071153366],[76.84510625574916,34.00311872884629],[76.86096985957141,34.14589115964935],[76.86361379354179,34.30981506221542],[76.85832592560104,34.34683013690136],[76.83453052076698,34.367981608664365],[76.77636397431803,34.37326947660512],[76.7578564365254,34.39177701349843],[76.7578564365254,34.40764061732068],[76.7790079082884,34.42086028717256],[76.81866691694472,34.40764061732068],[76.87947739646472,34.39177701349843],[76.96143934774778,34.3944209474688],[76.98259081951079,34.41292848526143],[76.98787868745154,34.43143602215474],[76.98787868745154,34.460519295828874],[76.98259081951079,34.48695863463331],[76.97465901759966,34.51075403946737],[76.94028787688404,34.550413048123744],[76.92178033909141,34.579496321797876],[76.92178033909141,34.60064779266156],[76.94293181085442,34.63237499940675],[76.95879541467673,34.66674614102163],[76.95350754673598,34.70376121570757],[76.92706820703216,34.71962481863051],[76.89534100028698,34.72226875260088],[76.8213108509151,34.69847334776682],[76.78429577622916,34.69847334776682],[76.70762169288685,34.71698088466013],[76.67589448524234,34.71698088466013],[76.62037187366309,34.69847334776682],[76.52783418649858,34.66410220705126],[76.50139484769414,34.66410220705126],[76.46437977300815,34.66674614102163],[76.43529649933402,34.68260974394457],[76.38593292266631,34.7359542847625],[76.33988952608081,34.734317779441994],[76.31613922134807,34.731628418017124],[76.30151367191849,34.724441528154045],[76.28994750996969,34.71231842055869],[76.28330230695593,34.70151519756837],[76.27511596722815,34.6936416627326],[76.26006317057892,34.68437194840675],[76.23429870642025,34.673095702704586],[76.22737884505773,34.67214202923134],[76.21215249903867,34.66542984651028]]]}},{"type":"Feature","properties":{"blockName":"Sanku","districtName":"Kargil","state":"Ladakh"},"geometry":{"type":"Polygon","coordinates":[[[75.97275770890121,33.86783099390527],[75.97943504379231,33.87490896867399],[76.01823968031704,33.89868888088722],[76.02748011181774,33.92336767178068],[76.03945197143139,33.932707331777976],[76.04046937536145,33.93793859548987],[76.04644048074363,33.94457011531864],[76.05225419847255,33.957362311321674],[76.05555739575726,33.95912688010151],[76.06355053502921,33.95994755103868],[76.06803481645369,33.96563451382178],[76.07770303296866,33.97327914511652],[76.08309131201452,33.980959487590326],[76.08599574810535,33.99123565570102],[76.09186192868509,34.0019742929793],[76.1026156062253,34.012869585862745],[76.09994732221122,34.02589994302798],[76.10091714840775,34.03265167433534],[76.10498068650952,34.0335677975159],[76.11148776354952,34.031741332896274],[76.11492242103299,34.03392331930581],[76.11788837075176,34.0390506528654],[76.11726319534023,34.0451397106292],[76.11372646480459,34.05043092134997],[76.1175108632358,34.05730532647971],[76.13332501154008,34.0717343992232],[76.14701735067024,34.07929346362249],[76.16100132914806,34.082392265690544],[76.19259019588088,34.08588187085172],[76.20763896986261,34.08592264971054],[76.20053297491694,34.106810633603914],[76.20968014312416,34.12930880595667],[76.2090312319059,34.15085811620912],[76.19959894353644,34.16533980378898],[76.21341591161507,34.179987088933046],[76.22722740821837,34.187967298651984],[76.24087074778686,34.19215672655173],[76.24899892835793,34.1862695432049],[76.25456244570034,34.20900713307276],[76.24700155387865,34.22223950944584],[76.00279363981468,34.3303073498044],[75.9175497548174,34.37238977416877],[75.89165287807793,34.39720761374042],[75.87546732955366,34.424183526748436],[75.87519757161067,34.440369074373336],[75.87627660787922,34.45061992117246],[75.88275082728893,34.458173176850664],[75.90325252088718,34.464647396260375],[75.90918722171295,34.468424025448485],[75.91242433141781,34.473819206791006],[75.91188481283388,34.48029342620072],[75.90756866686053,34.487307163294986],[75.90109444745087,34.492702345536884],[75.89030408296713,34.49593945524174],[75.87573708929528,34.49647897382562],[75.82312486821814,34.49519261144991],[75.82057134758969,34.4951301778155],[75.800609171676,34.49459066013094],[75.75759398397526,34.499563512646034],[75.75931541857176,34.49043250165869],[75.75952951297671,34.48122643235405],[75.7550335259765,34.47480359301147],[75.75559417682985,34.470867871954795],[75.75906626589551,34.47031233824384],[75.76500096672129,34.468424024549165],[75.77120542638937,34.460601009129334],[75.77012639012088,34.453857030877316],[75.75475011992216,34.441987629225764],[75.7478712613497,34.42310448958057],[75.7349228234296,34.40583990568717],[75.72116510808331,34.38102206611552],[75.72224414435186,34.357822779597655],[75.72979740003007,34.337860605482604],[75.74004824682919,34.31789842956891],[75.76324753244774,34.30602902791736],[75.7681031961057,34.299015289923716],[75.7627080138638,34.293620107681875],[75.74166680168162,34.293620107681875],[75.73465306458729,34.293620107681875],[75.72979740003007,34.287145888272164],[75.72979740003007,34.28175070603032],[75.73195547256705,34.27311841408357],[75.74733174366509,34.26232804870057],[75.75596403561178,34.25153768331751],[75.75812210904814,34.242905391370755],[75.75812210904814,34.22779888001435],[75.73762041455052,34.198664893570026],[75.73114619604019,34.182479345945126],[75.73667141395464,34.14143341631916],[75.74613415516717,34.13605231206458],[75.75538157979611,34.134428308219924],[75.76831767811842,34.12951550523644],[75.77795494266655,34.135183477935186],[75.78034637128803,34.14043619767244],[75.77985421909699,34.14902385626601],[75.78347290215277,34.15165445149182],[75.81574661161687,34.14758062514579],[75.82306243818101,34.142076482843436],[75.83380013566779,34.123844651109835],[75.83630073569043,34.11309037192319],[75.83076561713955,34.099435909539636],[75.82161189467325,34.087679949270296],[75.82234264869436,34.08105320304293],[75.83699750163345,34.07031071216966],[75.84942203409963,34.06786393027619],[75.8633682185685,34.05111416148941],[75.92657553613213,34.007705166959965],[75.94238913225269,34.00124084638799],[75.94665829584375,33.99411492336509],[75.94851176800375,33.967897625375144],[75.9689745893059,33.89255663767875],[75.97275770890121,33.86783099390527]]]}},{"type":"Feature","properties":{"blockName":"Zanskar","districtName":"Kargil","state":"Ladakh"},"geometry":{"type":"Polygon","coordinates":[[[76.7477490001163,33.1785739996904],[76.74851200022869,33.18444099955252],[76.75225800030654,33.19228699984524],[76.7600560001843,33.19664400022049],[76.77787800006968,33.22383499958562],[76.7803960001753,33.23873499962059],[76.77560400042432,33.24232899988351],[76.77323900017979,33.246619999913094],[76.77339900036361,33.2486950002741],[76.77802999988467,33.252189999568884],[76.79634099983735,33.25489400015806],[76.8035129996253,33.25275799968199],[76.81499500031907,33.24034500012169],[76.82080800038898,33.23577499981644],[76.8243560003292,33.23533200007182],[76.82723199985696,33.243412000363605],[76.83203099993074,33.2465480001901],[76.84001200015376,33.247455999794624],[76.84642800015212,33.245482999640785],[76.84694699980423,33.24163100007064],[76.83592200040005,33.230220999999176],[76.83106999968078,33.22179800007768],[76.82907899959622,33.214527000220926],[76.83517500012618,33.211280999818314],[76.83658600044362,33.20461700007456],[76.82127400029492,33.192898000142634],[76.82454700014398,33.18376199971658],[76.81604800031499,33.172321000014165],[76.81990800025409,33.165038999650164],[76.81932799958759,33.16054200001332],[76.82134199983346,33.15468199957468],[76.82737700024842,33.147522000340075],[76.83285500015819,33.14513800011866],[76.83512100033397,33.14094500011174],[76.84084299980464,33.140231999607124],[76.847054000242,33.13663900028968],[76.84593199976206,33.13058900008235],[76.85523199965712,33.12527799977994],[76.85193599964674,33.11944599973316],[76.86226700032188,33.111153000410695],[76.87038399962194,33.11039399958349],[76.88655099962898,33.119052999596306],[76.89505799982686,33.113045000426496],[76.89525599996449,33.106022000315136],[76.90259600030521,33.09621400037588],[76.91212499996885,33.09389899973911],[76.91281100012759,33.090168000353],[76.90873700021245,33.08334699966434],[76.90854600039768,33.079498000232604],[76.91415400000716,33.07452800036697],[76.91786999960084,33.062831999697096],[76.92798600025378,33.04887399993521],[76.93521900015679,33.032309999606866],[76.9418490001313,33.02757599983255],[76.95038599991403,33.02704599967319],[76.96604199973854,33.01704799996526],[76.97447199998288,33.01526599962625],[76.97982000019289,33.01245899968313],[76.98420700015299,33.005717999985734],[76.99851199972909,32.999942999869575],[77.00460099993626,32.99437300021384],[77.01287174823267,32.99002301275186],[77.01614399984578,32.988009999961605],[77.02893799988885,32.99167299980917],[77.03761299974019,32.99016599956127],[77.04213000029932,32.995372999564324],[77.05303999979623,32.99807400001515],[77.0598442901819,32.994555929512615],[77.0600442445463,33.00265150606219],[77.05089196998847,33.01574253239198],[77.04850942487013,33.03978658268471],[77.09898159942134,33.113158129743965],[77.10149999343002,33.14023094919901],[77.12115818410297,33.15394165338466],[77.13793525091114,33.177014250607215],[77.15158246296033,33.20211174426163],[77.15047214557313,33.21652731188601],[77.13801666024074,33.22653534443066],[77.1424302603483,33.30945790206056],[77.17524825300455,33.33390475779839],[77.18063660219747,33.351294869063],[77.19566464051081,33.36995544179024],[77.2662012915564,33.421878078010934],[77.26790109565911,33.47197037623192],[77.25747631008369,33.49468974943244],[77.26749509492277,33.507130127953076],[77.26725128871607,33.547077100427884],[77.16711914343375,33.61277960589416],[77.15534044110854,33.5956063778321],[77.15000625088783,33.57981205238434],[77.12747782084483,33.575783919692185],[77.11667394404736,33.58733352242416],[77.1178653919743,33.622439057616475],[77.09642009551106,33.65032503507234],[77.09409171026425,33.67596487208124],[77.07540806093334,33.690976861093304],[77.07131947311524,33.71188371186389],[76.95862353354931,33.7844029696214],[76.93371105022487,33.787169723104284],[76.91941520304925,33.813878358499494],[76.89004748190581,33.80755515144915],[76.8657560910708,33.79431873891872],[76.85407842308081,33.796172929637066],[76.84441065532752,33.80126702785111],[76.83751491737956,33.80150977465644],[76.83067098307947,33.79518596955688],[76.82666879852627,33.799656181087926],[76.81682755424828,33.796607068361595],[76.77919644396076,33.83205704389752],[76.7724050606451,33.84732142134658],[76.76696490780432,33.85515291377601],[76.76623756311312,33.86825138199572],[76.75573884427229,33.89957705133992],[76.74210352665648,33.90851762458874],[76.72541909631428,33.92729944121629],[76.71772644481962,33.93062623581221],[76.71022443790753,33.93615342593989],[76.70643021438292,33.942512165204334],[76.69927456157183,33.941801989470264],[76.68291916798529,33.95465830803454],[76.67581546810942,33.95301252800584],[76.67337262434717,33.95756932806211],[76.66415511746476,33.95455485092566],[76.65159349774177,33.94415958919376],[76.63705721142122,33.95242447301109],[76.62196675745997,33.9706691416676],[76.61176184173564,33.974169262601436],[76.59642834239412,33.974256298989076],[76.5888914013172,33.969145332191374],[76.57922363356391,33.9742394295061],[76.56868938250904,33.972403154182246],[76.56165480362637,33.96387895355093],[76.55122460862884,33.96580241544916],[76.53984134090524,33.96235484549976],[76.5024177437839,33.982800507737295],[76.50066790769785,33.986144470391025],[76.50331931143711,34.0059999849114],[76.49616380791343,34.01092075588821],[76.49372096415124,34.01547755684385],[76.48753570051224,34.01982654425967],[76.47696666457995,34.01298305872126],[76.46579135968358,34.01142401560588],[76.45574245295188,34.01774826946712],[76.44293868447278,34.02298105842914],[76.43096646602964,34.024506063104354],[76.42109073634845,34.02771163358506],[76.4091533018834,34.03424384847489],[76.39747563389346,34.036098040092554],[76.38659487855085,34.03486818302031],[76.36511045258538,34.02741857690586],[76.32886520746342,34.054811930026574],[76.30438421885668,34.07879175073873],[76.29745384531878,34.07965823493964],[76.27643699756942,34.06378818477697],[76.26240247629329,34.04611604701802],[76.25181627230319,34.045215375988846],[76.24164599216886,34.04809176042647],[76.2312505820488,34.05502243253926],[76.22021396790035,34.05659939104913],[76.20891758727691,34.06285437283111],[76.20498482229175,34.071708058979766],[76.20879681192338,34.08193029204938],[76.20763896986261,34.08592264971054],[76.19259019588088,34.08588187085172],[76.16100132914806,34.082392265690544],[76.14701735067024,34.07929346362249],[76.13332501154008,34.0717343992232],[76.1175108632358,34.05730532647971],[76.11372646480459,34.05043092134997],[76.11726319534023,34.0451397106292],[76.11788837075176,34.0390506528654],[76.11492242103299,34.03392331930581],[76.11148776354952,34.031741332896274],[76.10498068650952,34.0335677975159],[76.10091714840775,34.03265167433534],[76.09994732221122,34.02589994302798],[76.1026156062253,34.012869585862745],[76.09186192868509,34.0019742929793],[76.08599574810535,33.99123565570102],[76.08309131201452,33.980959487590326],[76.07770303296866,33.97327914511652],[76.06803481645369,33.96563451382178],[76.06355053502921,33.95994755103868],[76.05555739575726,33.95912688010151],[76.05225419847255,33.957362311321674],[76.04644048074363,33.94457011531864],[76.04046937536145,33.93793859548987],[76.03945197143139,33.932707331777976],[76.02748011181774,33.92336767178068],[76.01823968031704,33.89868888088722],[75.97943504379231,33.87490896867399],[75.97275770890121,33.86783099390527],[75.97490136980241,33.85382049442035],[75.97222722490653,33.83601560323757],[75.96368415559937,33.82033738835986],[75.94512313962127,33.80039052340396],[75.94712442165479,33.78695860905259],[75.95877085529082,33.76997441758533],[75.96559956856527,33.762896341193255],[75.9731564637998,33.76001584775321],[75.97368715463853,33.75520334795618],[75.96889069155225,33.74549752898781],[75.97109131551184,33.738231828835865],[75.97376986528712,33.73794168056418],[75.98648026075551,33.73656485448447],[75.99539479233584,33.732232825584504],[76.0062966115994,33.73770051296833],[76.02103184864097,33.73854497726893],[76.03313916863777,33.74076817960787],[76.04488249523104,33.74934277644803],[76.06273476269922,33.77585489468771],[76.07466082523695,33.77679325810243],[76.0830577475171,33.78594074556901],[76.08791898877035,33.79896384970198],[76.09484031692716,33.82051639211784],[76.10260610758587,33.8273336983915],[76.11368412472262,33.82083164406515],[76.12264233457614,33.81573744782503],[76.13170900536636,33.81319836940929],[76.13554390073051,33.79965407217776],[76.14561223371766,33.79742728783913],[76.17823732359369,33.78918195078643],[76.1888973951987,33.773263952369575],[76.19221755009994,33.76709695126334],[76.20764294936271,33.764166602107025],[76.2173479877195,33.7575178764489],[76.22248978777355,33.75654109399636],[76.24466074899442,33.7616260586957],[76.26738852096355,33.75699511133536],[76.2894371635943,33.744709160799175],[76.29557888655643,33.743613768560635],[76.29802105672644,33.73130636020039],[76.29775074480108,33.72086981598926],[76.3025821195692,33.717383540118306],[76.30944060490003,33.718934489335254],[76.31674721970847,33.70256375151598],[76.33080400010459,33.694685123819454],[76.34181016860447,33.68952640392047],[76.34756583419596,33.680014151431976],[76.35663092757528,33.64811261110816],[76.36457905577885,33.64075232296136],[76.3780365009838,33.61807618916487],[76.38476438406911,33.61180386395722],[76.38484131117764,33.59530827235892],[76.37933871211192,33.57009818628234],[76.37082599852107,33.551952434956945],[76.3677385000318,33.54116354895865],[76.36919948556783,33.534436130822826],[76.37543753581366,33.53192577765259],[76.3957631277662,33.533807582953614],[76.40898351707568,33.53456523299917],[76.41528299731254,33.53098295629843],[76.42917704898167,33.53249617535823],[76.44242711322073,33.538991227563145],[76.45791213213926,33.55027462017762],[76.4675184896866,33.55154211477685],[76.47272556883001,33.548255715029256],[76.48252957757802,33.5273086942409],[76.49828287775267,33.521400357040875],[76.50856497689222,33.51087669460384],[76.52397936575517,33.5171373007459],[76.53569989363524,33.51279025496632],[76.54343988364377,33.502837868872575],[76.5511000462302,33.48176798540425],[76.56039212939334,33.46975366070291],[76.56727416437127,33.46226147438756],[76.58216950951532,33.45881333876463],[76.58955219168035,33.448840475107886],[76.58968633185879,33.44024461020064],[76.58000934515519,33.43395432822973],[76.57323177542617,33.42711324747842],[76.55999090855363,33.42671290527642],[76.53676798065783,33.412835170906476],[76.52594295900042,33.410387246873995],[76.52585490997615,33.40278181792661],[76.51220833644561,33.3900461164352],[76.51180300840218,33.353763429838466],[76.52672161451096,33.33098425262119],[76.6058870429527,33.32747242521231],[76.64382009971786,33.30143751243128],[76.64658841172587,33.28567005782696],[76.67854631795825,33.2491137300147],[76.67899351483891,33.21362699199216],[76.63035600042912,33.16528700029488],[76.64478300023535,33.16178099959353],[76.65854599999795,33.16395600006939],[76.66892200005032,33.17109700022644],[76.67728399985674,33.170357000275374],[76.6873089999105,33.17255399996719],[76.70311700044925,33.17324400031043],[76.71151700020943,33.176807000043084],[76.71459199992091,33.18068299982065],[76.72634100033696,33.18048100039789],[76.73207100017657,33.17661300008996],[76.7477490001163,33.1785739996904]]]}},{"type":"Feature","properties":{"blockName":"Nubra","districtName":"Leh(Ladakh)","state":"Ladakh"},"geometry":{"type":"Polygon","coordinates":[[[76.38593292266631,34.7359542847625],[76.43529649933402,34.68260974394457],[76.46437977300815,34.66674614102163],[76.50139484769414,34.66410220705126],[76.52783418649858,34.66410220705126],[76.62037187366309,34.69847334776682],[76.67589448524234,34.71698088466013],[76.70762169288685,34.71698088466013],[76.78429577622916,34.69847334776682],[76.8213108509151,34.69847334776682],[76.89534100028698,34.72226875260088],[76.92706820703216,34.71962481863051],[76.95350754673598,34.70376121570757],[76.95879541467673,34.66674614102163],[76.99842887719097,34.679009762290775],[77.05413130281744,34.66508415520963],[77.09764882393415,34.60764102791114],[77.24560839411214,34.491014072541475],[77.47189950086135,34.36916501485359],[77.66859869447421,34.29779628137334],[77.79828090563933,34.29431487982788],[78.10812565217714,34.29083347828242],[78.20212349660216,34.31868469154534],[78.32049115274458,34.412682535970305],[78.41812896717818,34.605403900469696],[78.40931701676698,34.61349868741456],[78.40689086891854,34.62102508573918],[78.40701293929578,34.636627197287396],[78.40459442129554,34.643924712755336],[78.39836120580509,34.64862823450545],[78.38718414273404,34.651634216645846],[78.32492065466454,34.655979156213164],[78.3173370360754,34.65927505460013],[78.3003387450371,34.66193389933005],[78.28436279340826,34.66736221259606],[78.26570129437931,34.67938613935888],[78.24803161626613,34.69510269143609],[78.23156738312827,34.71680450422457],[78.2210540772839,34.73403167722017],[78.20732116703829,34.76610565175446],[78.18465423600423,34.88151550333788],[78.17359924331049,34.906299591353104],[78.16730499263139,34.91213989214236],[78.13347625732348,34.97087478674206],[78.11483001709166,35.014774322776816],[78.08287048308637,35.08248519873297],[78.08428192137364,35.090774536016056],[78.08899688699677,35.095840453973835],[78.09772491357398,35.09793472320894],[78.11710357696853,35.111644744809155],[78.12431335457774,35.121887207228895],[78.12604522670591,35.12903594964939],[78.1241760254033,35.13542175311147],[78.11605071996479,35.14535140973982],[78.07834625287734,35.17233276364618],[78.06901550336283,35.17603683463227],[78.05756378194303,35.18474578838749],[78.04275512694761,35.20232772864182],[78.03183746342825,35.22022247288885],[78.01774597189916,35.2497520450209],[78.00635528566795,35.290348052820434],[78.0020217899737,35.29461669930129],[78.00151061981933,35.29797744780103],[77.98995971666767,35.36365127568587],[77.99028778035682,35.37903213512499],[77.99707031254496,35.39409255982383],[78.01948547387559,35.415260314711816],[78.02120208720663,35.41688156123513],[78.02460479717371,35.41716766345695],[78.02983093295126,35.42003250149878],[78.03169250530493,35.42305374243631],[78.06887817418846,35.44288253809873],[78.07183074918976,35.44684600863644],[78.079635619888,35.44815444936842],[78.09732818574724,35.45563507040225],[78.10769653256898,35.46456909208996],[78.11080169644117,35.472663879034826],[78.10983276327147,35.47677230859523],[78.10398864755808,35.48445510891622],[78.0942993167601,35.48930358878965],[78.08769989013786,35.49058532685143],[78.0793533325903,35.49220275845062],[78.0199813843335,35.490264893010476],[77.99064636253968,35.48711395274677],[77.96475692589149,35.480800372039596],[77.96919300005698,35.47417800011465],[77.98099500021914,35.46825799960703],[77.98427600043715,35.46462999957487],[77.98614500029157,35.45968199982451],[77.98254399970585,35.45585999983916],[77.97185499960858,35.45817899976106],[77.96444699972932,35.46540100005615],[77.95626800026804,35.46951700010953],[77.95195963522906,35.474051053613266],[77.92802429228732,35.440540314084274],[77.92092895520716,35.43487930303746],[77.91018676740543,35.429363251013285],[77.90296935994809,35.42759323144253],[77.88863372766446,35.428882598453185],[77.87941741957832,35.43624496493322],[77.86267089824344,35.458583831378746],[77.85341644271472,35.483158111157934],[77.85220350009149,35.49377399997019],[77.83778103376773,35.50195593122129],[77.81465148967459,35.48525238039309],[77.76036834712158,35.45117568940657],[77.73549652124751,35.433837890806046],[77.65056610124464,35.36708068832314],[77.58502197268592,35.32392120350079],[77.53961181663209,35.29778289836213],[77.48542022686206,35.26654052692385],[77.44252014159133,35.234439849719365],[77.41883087114786,35.22006607089253],[77.38441467259912,35.199165345404424],[77.37944030742432,35.197887419568815],[77.30075073276015,35.14847564733333],[77.28079223597297,35.13828659025398],[77.19481658971392,35.079189300346],[77.15682220458115,35.05469512857735],[77.109802245877,35.03933334375887],[77.08137512206429,35.02633666980154],[77.06836700423389,35.024120331088454],[77.03677368136039,35.03236389198008],[77.0269165037937,35.04079437156304],[77.01809692353424,35.038463592320966],[77.01378631558606,35.03512191754254],[77.01096343991088,35.027580261320054],[77.01145172141986,34.966720580790195],[77.01013946576381,34.95628738385574],[76.9974899292169,34.93915176364305],[76.98875427279154,34.9352149966748],[76.97035980226315,34.93557739288241],[76.95034027118663,34.940937042010944],[76.90843200683173,34.9616851804268],[76.90140533478842,34.96307373006863],[76.8835144045662,34.970325470044486],[76.87004089387221,34.97242736822852],[76.86315155010402,34.970836639299534],[76.82552337610298,34.94165420457796],[76.81105041464497,34.93545532340448],[76.80442047132777,34.934326171515636],[76.79933929457286,34.93577194232131],[76.76242828403815,34.93298721318939],[76.74936675996804,34.926597594803184],[76.74337005628314,34.91814422567552],[76.73886108397193,34.90192794821627],[76.74343872042067,34.86489105238019],[76.74468994178744,34.844730377205224],[76.74324035605764,34.84009551959258],[76.73785400425896,34.830738067407935],[76.70619201634855,34.80124664271841],[76.6967010499136,34.779132843306115],[76.68719482378214,34.76321029701762],[76.6818161009324,34.759590148966254],[76.67163848862543,34.75741958574531],[76.65250396688464,34.75655746415572],[76.58001709011666,34.7555160519243],[76.57097625774816,34.75842285143352],[76.56180572515416,34.75834274342293],[76.5453186033709,34.765586852651154],[76.51409149162907,34.783802033437155],[76.48973846395899,34.792377472042745],[76.47434234662205,34.79437255864673],[76.46920013467854,34.791667938424666],[76.43697357217269,34.76437759365109],[76.4276199340128,34.76244354223576],[76.40953826927574,34.75216674819694],[76.38593292266631,34.7359542847625]]]}},{"type":"Feature","properties":{"blockName":"Drass","districtName":"Kargil","state":"Ladakh"},"geometry":{"type":"Polygon","coordinates":[[[75.42144326719307,34.35310338391406],[75.43062619064625,34.350557487737944],[75.44726766037428,34.351882695430106],[75.46656261127555,34.36524791066262],[75.48229375215499,34.36949293285261],[75.4900813621652,34.36325226827762],[75.51063785775096,34.36108686086999],[75.51422141778426,34.3577548852798],[75.51693030888669,34.32962012926561],[75.51215467769629,34.31728481404298],[75.50613580122632,34.30750987677942],[75.50718678943883,34.29682429410593],[75.51989791066012,34.28549113031147],[75.52247336035737,34.27116477363546],[75.54425228641395,34.26232499909946],[75.568477039284,34.22994074137216],[75.56885284618198,34.2233832087681],[75.58229488330227,34.210776118423155],[75.60263140741358,34.20031856425038],[75.6139921687037,34.19724150059483],[75.63554688298234,34.18466073700347],[75.65083653767613,34.17808069616723],[75.65981102615797,34.17837571426787],[75.66216661859465,34.17171233865355],[75.65808432243358,34.158758851040204],[75.64704782969363,34.13503036116231],[75.65122306359359,34.13065274922502],[75.70796863444497,34.13944506024137],[75.72115870760001,34.140358789245056],[75.73667141395464,34.14143341631916],[75.73114619604019,34.182479345945126],[75.73762041455052,34.198664893570026],[75.75812210904814,34.22779888001435],[75.75812210904814,34.242905391370755],[75.75596403561178,34.25153768331751],[75.74733174366509,34.26232804870057],[75.73195547256705,34.27311841408357],[75.72979740003007,34.28175070603032],[75.72979740003007,34.287145888272164],[75.73465306458729,34.293620107681875],[75.74166680168162,34.293620107681875],[75.7627080138638,34.293620107681875],[75.7681031961057,34.299015289923716],[75.76324753244774,34.30602902791736],[75.74004824682919,34.31789842956891],[75.72979740003007,34.337860605482604],[75.72224414435186,34.357822779597655],[75.72116510808331,34.38102206611552],[75.7349228234296,34.40583990568717],[75.7478712613497,34.42310448958057],[75.75475011992216,34.441987629225764],[75.77012639012088,34.453857030877316],[75.77120542638937,34.460601009129334],[75.76500096672129,34.468424024549165],[75.75906626589551,34.47031233824384],[75.75559417682985,34.470867871954795],[75.7550335259765,34.47480359301147],[75.75952951297671,34.48122643235405],[75.75931541857176,34.49043250165869],[75.75759398397526,34.499563512646034],[75.800609171676,34.49459066013094],[75.82057134758969,34.4951301778155],[75.82312486821814,34.49519261144991],[75.82461428402206,34.4998526662676],[75.82161695875573,34.51398291228162],[75.80855718566562,34.52061984602915],[75.79302978529643,34.53391647356648],[75.76878356920639,34.52214050158295],[75.74920654324745,34.5158309939053],[75.72922515871414,34.51615905759451],[75.69230651833124,34.52152633657124],[75.64414978058795,34.53353500363755],[75.61556243895546,34.538536070583234],[75.59188842730913,34.54006576522295],[75.55180358876464,34.53813552873174],[75.52120208770623,34.53958511356217],[75.51688384990979,34.5377922062454],[75.50609588661592,34.53733062740656],[75.47850799574746,34.53935623160487],[75.46494293227056,34.54336547943336],[75.39497375523467,34.54880905059724],[75.3778152463766,34.55242156969973],[75.35054779024836,34.562240600723214],[75.33519744840356,34.5721244809601],[75.26185607899492,34.61088180505129],[75.25807952894718,34.617599487126654],[75.26694488559804,34.634536742976366],[75.266059875363,34.63954925559375],[75.25964355430665,34.64408493057516],[75.24971008275418,34.64731216392528],[75.23575592039947,34.64829254186736],[75.20673370259834,34.64628600959173],[75.18089554799121,34.656251956562585],[75.18376553015514,34.64890491902685],[75.19001518974926,34.64570702605846],[75.19322386828696,34.62957400243829],[75.18577906725022,34.62888471795543],[75.18149229043689,34.62518225315853],[75.1778585851057,34.61557778778473],[75.17471738180177,34.595951153423016],[75.18173478183479,34.58196572343945],[75.18236974996404,34.576835124441516],[75.17365976198846,34.56428148800035],[75.16711309859068,34.55821050571035],[75.16477109670882,34.54837908292836],[75.16618953531884,34.54275232166236],[75.1719551033454,34.53825669079367],[75.19383192959992,34.52693549697568],[75.19804866181636,34.52266078906422],[75.20168108111704,34.51039683774394],[75.18341963201044,34.490388066156356],[75.18292980996284,34.478368955263136],[75.18743347267667,34.474303114896884],[75.18726959461617,34.46334304744374],[75.18440873517505,34.45218634142657],[75.185951315301,34.44410875941179],[75.19051733970355,34.43559716277889],[75.19309786067777,34.4327748123078],[75.19881160527143,34.43301376757137],[75.1993592069619,34.42793958574333],[75.19500476605714,34.42136736721028],[75.19644424880312,34.40931813442444],[75.19840302527945,34.40553421173456],[75.20819087231098,34.398366328143595],[75.2329934917563,34.396332115634664],[75.24375691974609,34.39886521985409],[75.2506333285653,34.395467895027366],[75.25920060492405,34.39606449358155],[75.26289256563945,34.39325773375748],[75.26469256500991,34.38947158524553],[75.26896002528497,34.3738221082038],[75.27408356550421,34.3751743261343],[75.28353313704469,34.36954429133601],[75.28671628023221,34.363736208759065],[75.29083054369471,34.36029563013926],[75.29596013904921,34.358278202577026],[75.30217604079172,34.359022864613564],[75.30936878703994,34.34881300621532],[75.31842496993647,34.35399914734285],[75.33479057622418,34.36688088704335],[75.34275625829474,34.378948801446086],[75.35384091242821,34.37416416984064],[75.35976909586714,34.37491484384503],[75.37770237966117,34.37051888124142],[75.3917013192605,34.36044308388125],[75.4135773640042,34.36661262017634],[75.41590514760452,34.35793853223754],[75.42144326719307,34.35310338391406]]]}},{"type":"Feature","properties":{"blockName":"Shaker Chiktan","districtName":"Kargil","state":"Ladakh"},"geometry":{"type":"Polygon","coordinates":[[[76.08582305938671,34.6714591982834],[76.09030573282337,34.660851835943504],[76.08709431315208,34.65036119841062],[76.08730840755703,34.64008465618201],[76.08002918969538,34.629165828939904],[76.07546206182474,34.6270983118377],[76.06350772999781,34.626312581360594],[76.05593103978572,34.62328190473619],[76.0487472157115,34.61828690281834],[76.02932844165434,34.61121532582666],[76.02284879393676,34.599749225146695],[76.01873817722515,34.59673477319126],[76.0039399552648,34.600297307974415],[75.99434851477218,34.59522754631428],[75.99243022667366,34.58919864060482],[75.99297830860212,34.58262165386628],[75.99380043284378,34.57947018120393],[76.00352889314394,34.568645556147544],[76.00243272928708,34.563575795386726],[75.98982683593977,34.54809246989163],[75.97269926465941,34.538501030298335],[75.95242022071665,34.51945517091946],[75.94899470664046,34.512056059939255],[75.95009087139664,34.50561609390763],[75.93679987631327,34.484103863602456],[75.92433100367293,34.47478646542311],[75.91242433141781,34.473819206791006],[75.90918722171295,34.468424025448485],[75.90325252088718,34.464647396260375],[75.88275082728893,34.458173176850664],[75.87627660787922,34.45061992117246],[75.87519757161067,34.440369074373336],[75.87546732955366,34.424183526748436],[75.89165287807793,34.39720761374042],[75.9175497548174,34.37238977416877],[76.00279363981468,34.3303073498044],[76.24700155387865,34.22223950944584],[76.25229469094728,34.232285020337486],[76.26825461036202,34.243410425450804],[76.28105465564789,34.24119572170525],[76.2876708438344,34.24497616761607],[76.29766237112159,34.24065519228333],[76.31780807528253,34.25542608744405],[76.32655752640875,34.25591193358889],[76.31975309662818,34.281863380290815],[76.31219220480648,34.2950957566639],[76.30673805042073,34.32307250089525],[76.3165413361138,34.34848341817525],[76.3174059973889,34.3680346093098],[76.31376074206463,34.38099683653485],[76.31308595285452,34.39314885193801],[76.3308557030283,34.42436551265831],[76.33191000344397,34.46684346785179],[76.34160508990306,34.485422265225395],[76.3072292547264,34.516181233976795],[76.278361789565,34.52676774013912],[76.26313157466251,34.53762392870141],[76.25046695288762,34.5549611148636],[76.22308495370771,34.57391895759389],[76.21984480519365,34.58836641967457],[76.22754135255144,34.59903296819698],[76.22116878800921,34.617207125508514],[76.21344571334907,34.6245795419124],[76.21884681672725,34.632680731130904],[76.21285236584407,34.65282620146809],[76.21215249903867,34.66542984651028],[76.19785308874913,34.65912628155269],[76.19279479974028,34.65526580767096],[76.15791320832795,34.64340972857616],[76.13909149057986,34.642475127924854],[76.13075256377988,34.6435203550804],[76.12192535367217,34.64664840669866],[76.08582305938671,34.6714591982834]]]}},{"type":"Feature","properties":{"blockName":"New Jammu & Kashmir","districtName":"Leh(Ladakh)","state":"Ladakh"},"geometry":{"type":"Polygon","coordinates":[[[78.95287716744735,33.384960726356496],[78.95001999972328,33.40835999961433],[78.9435419995637,33.41001899967716],[78.94033800019861,33.41233799959906],[78.93334999990265,33.432795999635744],[78.93148000000207,33.47385800014666],[78.93603499961557,33.48897899958121],[78.94183299989311,33.499580000116964],[78.94279500018916,33.509299999595385],[78.94059000012845,33.52655400026697],[78.92784899983155,33.55975299970123],[78.92095899955825,33.56981999989313],[78.91582500022366,33.57259400011304],[78.91516100018009,33.57434800006018],[78.91819799993783,33.587070000380265],[78.91596200024617,33.60251600041312],[78.91706799998826,33.62241699994462],[78.9144739999752,33.62787199969307],[78.91670999966681,33.63233599960677],[78.92235600012935,33.6332470002489],[78.94977600016233,33.62070800027402],[78.98991400033088,33.611187000080065],[78.99969499992437,33.61220600030674],[79.00569899980906,33.61690100008116],[79.02011099982286,33.62352000044774],[79.03015099966893,33.62611799974593],[79.04098500015766,33.62599200023067],[79.04779799957805,33.627724000062585],[79.06537599990253,33.6268229998816],[79.07420299956885,33.62151299962528],[79.09172099982436,33.61722899991844],[79.0995029998636,33.61372800034701],[79.10656700006706,33.614085999769145],[79.10707099992675,33.61688600028873],[79.09638199982948,33.63776800009316],[79.09046200022118,33.657112000018856],[79.09212499956914,33.6795270003708],[79.09117099964197,33.686996000365184],[79.0862959996607,33.68843500017516],[79.07182300043121,33.679084999772954],[79.06476599965123,33.67757800042443],[79.05396299969271,33.67813900021474],[79.03808599956926,33.68445199995989],[79.02898399981177,33.69181400041583],[79.02052299993653,33.70573800040842],[79.02622200014525,33.72265199979],[79.0327839996819,33.7312509997339],[79.04314399989573,33.73845300000602],[79.04142000043271,33.74676900038912],[79.04296899991948,33.74970600003195],[79.05968500006276,33.75274299978963],[79.0684889995677,33.75643900025972],[79.06758900033213,33.76334799961057],[79.06129499966454,33.769753000001],[79.06026499982994,33.78031899982204],[79.05725100023352,33.7809179995661],[79.05384100036196,33.778422999621796],[79.05081900039659,33.76763200021668],[79.04725599976462,33.76612099978439],[79.04322800017212,33.767437000217456],[79.04076399985877,33.770698999559215],[79.03656000024387,33.78187200039258],[79.03414200025315,33.78371399990124],[79.0319669997773,33.78351199957916],[79.02861800002074,33.77719899983401],[79.02454400010555,33.77521500007225],[79.02020299956882,33.77573000043924],[79.01675399969736,33.77869400042783],[79.01252699992119,33.786884000396356],[79.01944000035581,33.79610100006113],[79.01919599989554,33.79881700030438],[79.00646199992144,33.797611000447375],[79.00082399982779,33.803328999733594],[78.97947700016346,33.842522000390034],[78.96170800002426,33.87100600002691],[78.95353700003255,33.88922100004919],[78.9552540000721,33.89350899994042],[78.9526820001742,33.90236700013702],[78.94378700007007,33.90855400036685],[78.94687699957393,33.91507699990365],[78.94935599967971,33.91663399975931],[78.94831100005268,33.92071900018175],[78.9456630002473,33.923923000446166],[78.94020799959958,33.92467500005125],[78.93699599986553,33.92718899997243],[78.92115799974198,33.95725599976464],[78.9066849996131,33.96893699974282],[78.90509800017264,33.97191600042311],[78.90625799970695,33.97755799980189],[78.9234310002405,33.99367100001666],[78.93251800020562,34.01210000001504],[78.94056699996713,34.0240059995773],[78.95201900017679,34.02886599976614],[78.97843199963711,34.03601500029208],[78.9861149996076,34.040478000159624],[79.01477099998169,34.050300999891306],[79.02236899962969,34.05090699995816],[79.02803800025356,34.04835099989879],[79.03017399983031,34.04515800014167],[79.04254200001333,34.03821600016835],[79.04443400002913,34.03570200024717],[79.06195100023854,34.02869399992818],[79.08409899996894,34.02189600030022],[79.11258699979027,34.019714000400825],[79.13109599988053,34.02426499982994],[79.13581099967797,34.02724499965706],[79.14376100026999,34.03519100006463],[79.14717899961119,34.04530699981825],[79.1490939997883,34.063170999841816],[79.15162699968636,34.0681039997998],[79.16489399995817,34.066604999920855],[79.16823600029124,34.07175800013164],[79.17123400004914,34.072868000058236],[79.17883299974318,34.07207899964618],[79.19805100015361,34.05124300016439],[79.20700100009611,34.05044200009826],[79.21979500013919,34.05276100002021],[79.24773399982428,34.051300000094955],[79.26365700027043,34.04699300022685],[79.27439900011382,34.03941000037128],[79.28445399975232,34.03994399981582],[79.2969969999117,34.04315600044913],[79.305954000177,34.043037000357344],[79.35553000030933,34.03694199987342],[79.37565600032423,34.03339800011764],[79.3987579999818,34.02708100018805],[79.40575399974733,34.02334999990262],[79.40704299983463,34.02018399959195],[79.41431399969139,34.014861999681614],[79.41970800022409,34.01435499968352],[79.42657500033607,34.01742900024823],[79.43373899975506,34.02297999992709],[79.43788899957775,34.028556999905675],[79.43637800004473,34.03469100038939],[79.43003099963096,34.043400000010024],[79.42032599994502,34.04804200003832],[79.4144899997138,34.0549049999658],[79.4144210001291,34.063205999657214],[79.42034900010634,34.07813300003795],[79.43256400042833,34.092663000097446],[79.4502719995532,34.09693900033466],[79.46123499969553,34.10198199996938],[79.48725099973393,34.126263000037454],[79.49474299988958,34.135875999977486],[79.49404099989226,34.14110600014186],[79.48927300034876,34.14884600004291],[79.48971600009338,34.15720399966489],[79.49477400041985,34.179970000015544],[79.50722499993384,34.20579500023911],[79.51109300024183,34.21049500024412],[79.51959200007082,34.21285200011977],[79.52823600029126,34.21138800005622],[79.53710900028017,34.20581800040043],[79.54447900020574,34.207290999979705],[79.55007900034565,34.2151150001572],[79.56481900019674,34.217833999639424],[79.57238800030603,34.22287400003512],[79.5791930002568,34.22915600014932],[79.58573899995491,34.244450000367294],[79.59191100039243,34.282779999897116],[79.57572899969364,34.303806000046905],[79.5702970001065,34.31701999967328],[79.56281300031975,34.324348000359976],[79.55957000005549,34.33243199993689],[79.56219499969956,34.36346100002521],[79.55397800028453,34.38796200034608],[79.55487800041942,34.39160200003232],[79.56072999958985,34.39941399965642],[79.56121100018754,34.410006999823224],[79.55960099968644,34.41117899991099],[79.54187799986988,34.41009100009961],[79.52813700022244,34.41798399986175],[79.52692400004264,34.42162699968634],[79.5283049998759,34.42812299977669],[79.5273059996722,34.445537999778935],[79.5094679999483,34.467929999969556],[79.50766799967852,34.472267000321835],[79.50851400002114,34.474277000383324],[79.54348000000203,34.47895400022696],[79.57088500024264,34.48669400012807],[79.5802149997225,34.48992900002338],[79.59325400027194,34.50082399972786],[79.5973130003947,34.50031999986817],[79.60289000037329,34.494362000306126],[79.60885600030423,34.491978000084714],[79.62924199971854,34.48965099979387],[79.64370700037784,34.49012400002266],[79.65239700002161,34.48839999966032],[79.66201800033053,34.479675000201155],[79.66893800018863,34.48363100007066],[79.67300399973487,34.483565999771145],[79.68462399959799,34.478657000020576],[79.6930770000036,34.47895800041147],[79.695785999924,34.47779499983943],[79.70700800031904,34.47963700024741],[79.73339799961803,34.47832900018324],[79.73889899968913,34.480948999596706],[79.7435300001095,34.48133500031008],[79.76748699962536,34.48006100001521],[79.78113600042616,34.481705000285615],[79.79402899963867,34.48505400004211],[79.7992320003566,34.48843000014443],[79.80435199994491,34.495941000277014],[79.81240099970643,34.49691400018099],[79.81454499965207,34.50006899998442],[79.81291199988897,34.503815000062275],[79.81497999992712,34.50841499995232],[79.81523099981086,34.520167999653495],[79.8102870002449,34.53130699981824],[79.8035740000401,34.53593099991576],[79.7935489999864,34.53836799988335],[79.79007699995367,34.54180099991629],[79.7824940000981,34.54442200027512],[79.77503200042656,34.551997999807895],[79.76192500033858,34.55197899983102],[79.75846099977537,34.554718000235596],[79.7589800003268,34.566029000238245],[79.77101100025749,34.582077000153504],[79.7930149996426,34.58963799989385],[79.77877000013547,34.6151849998879],[79.77262900022822,34.62045300000602],[79.77197999997708,34.62247499972153],[79.77590900040013,34.627594000163015],[79.8042529998761,34.64297499989635],[79.81654400010558,34.643439999756254],[79.82042700020594,34.6469760000424],[79.82483700032736,34.66113299998801],[79.83407600010736,34.67002099976935],[79.84373500037003,34.67596100029999],[79.84987600027722,34.68265200038957],[79.86066400044331,34.688755000343065],[79.87791400003113,34.691409999571874],[79.9003070002679,34.69126099989529],[79.927780000047,34.68721799961105],[79.93077100038141,34.68602400030744],[79.93313599972669,34.682361999606655],[79.94456499977497,34.68106099986528],[79.96517899981103,34.68746200007132],[80.04448699957544,34.7043839998218],[80.06570400043933,34.712127999907295],[80.06903800040345,34.71477499966653],[80.07106799958859,34.71971099976287],[80.07278399958199,34.746097999822894],[80.06702400015752,34.79064600011287],[80.07315100031849,34.82842999964481],[80.08402299986159,34.84880100016608],[80.10685000032731,34.86803400036888],[80.11944600023276,34.88922099984933],[80.12367199996288,34.89342899964868],[80.13005100005364,34.90887499968153],[80.15095499997335,34.94775000006251],[80.16030100019105,34.97102000027286],[80.17089100021957,34.9888610001351],[80.17475899962818,35.00232699969132],[80.18391400003111,35.040508000443936],[80.18587499963161,35.0632210001491],[80.17785600035421,35.13685600000446],[80.17841299996002,35.14788799973144],[80.18353999987113,35.16673300002799],[80.19463299971324,35.182525999875054],[80.21491199958916,35.20378900016226],[80.22599800000773,35.22002000042272],[80.22869100008961,35.22809599963074],[80.2298430001544,35.25174700032386],[80.23567200006283,35.27662700013599],[80.23971600039317,35.28756299993256],[80.27092699988117,35.344230999760896],[80.27498600000393,35.36326199964162],[80.28354599994799,35.38787799986983],[80.28386700036185,35.4094890000174],[80.28107500021116,35.44086099973538],[80.2975619996866,35.4607889996127],[80.30143700031738,35.46252100034394],[80.30471000016644,35.461570999701905],[80.31802399990772,35.463512000178696],[80.3263170001295,35.46678199988946],[80.32801100000768,35.46965400013204],[80.32864400042035,35.47257599998244],[80.32013700022242,35.50470400038938],[80.31254599999795,35.54940799977942],[80.30682399962797,35.56257599998247],[80.30596899976956,35.57272000012796],[80.29467799978994,35.60239399978332],[80.29150400000964,35.607421999625615],[80.28550700044775,35.611346999864224],[80.27425400042182,35.622799000073826],[80.25305899967316,35.63240399964491],[80.23733500031005,35.64193700039232],[80.20833600030625,35.649898999739094],[80.18953700033234,35.65720700040282],[80.12445099991379,35.67415200031462],[80.10810099956154,35.68092699978126],[80.10327900022571,35.68709199989593],[80.08818100005317,35.7251820000493],[80.058235000445,35.74993500030007],[80.0382390001298,35.79976300036225],[80.0175860000939,35.82396300029228],[80.01005599998444,35.83125700031036],[80.0026700002204,35.834311999998874],[79.9991760000724,35.83774900021626],[79.9884720001827,35.840397000021596],[79.97219799973794,35.84067500025111],[79.95586400012354,35.83780300000848],[79.9299850001077,35.82745000011744],[79.91017200013778,35.81723000006451],[79.8825679997135,35.79046200042103],[79.87665599957478,35.78539699977176],[79.87109400028794,35.7830280002421],[79.82630899986049,35.790512000028855],[79.7964400002059,35.79724500025662],[79.75842299982162,35.79921300017986],[79.73753399969439,35.802009999661834],[79.72496800027307,35.806042000338095],[79.72148899991748,35.810799000273676],[79.71847500032106,35.81129799990282],[79.71635399963742,35.81718099960352],[79.71200599967722,35.81948899991744],[79.68681299982012,35.82685899984301],[79.66550400010959,35.835270000110484],[79.65533399966444,35.83674199964361],[79.65068100002816,35.83908099958853],[79.64432500009872,35.839381999979366],[79.61970499968606,35.84764899990148],[79.59719100016457,35.85245500029805],[79.5848690003042,35.85693400000417],[79.57633199962214,35.85746800034798],[79.55985999993908,35.861771000031695],[79.54699700031136,35.86713400003413],[79.51837199956816,35.88351399997117],[79.49524699974927,35.88763000002456],[79.44929500036403,35.89141800024055],[79.42206600014583,35.896526000174845],[79.41286500031958,35.90473600016634],[79.40314499994184,35.91879299999698],[79.39254000012096,35.95490599981207],[79.39170800042393,35.971072999819114],[79.38851899995194,35.97784400000063],[79.38681799975092,35.9904670002519],[79.38467399980533,35.994289000237245],[79.37807500036104,35.9952850003026],[79.36864499986689,35.99318299959583],[79.3622439996609,35.99011200006879],[79.34482600041963,35.9885669998672],[79.29019900028368,35.98971899993194],[79.24182099963946,35.986754999943344],[79.2215730002938,35.98205199979998],[79.21546199997135,35.97878300013542],[79.19803600036118,35.96146800024809],[79.18981199972404,35.94719700044129],[79.18811799984587,35.92742899984853],[79.19782999985466,35.898562999682724],[79.19404599982312,35.88692499988889],[79.18026700022193,35.87024300041418],[79.15702100021906,35.85030700016796],[79.14524100017206,35.841885000292564],[79.13253000035928,35.836215999668696],[79.11766800027806,35.836623999597975],[79.08167999993213,35.844223000191334],[79.06375899997795,35.84648099999822],[79.0279689997696,35.84732800038694],[79.02163700004758,35.848747000173944],[79.00382199958568,35.85681199977404],[78.99011999993809,35.86746600005591],[78.98642000018293,35.87298600010388],[78.97547900015581,35.880070000330306],[78.97039799966802,35.888873999835255],[78.96381400001616,35.89255100032847],[78.96050999963683,35.89259299956734],[78.94879199975105,35.8834949999943],[78.93991100029251,35.87957800012464],[78.91365800011664,35.8755679995636],[78.89095299988111,35.86905699968082],[78.8738249996241,35.8663370001525],[78.86328900028718,35.86217499977647],[78.82376100036993,35.85583100040043],[78.80445100021353,35.855800999916255],[78.79015400010707,35.85932200041003],[78.7843860003137,35.86140800037896],[78.77455100002868,35.868248000145115],[78.76877599991252,35.869671000116625],[78.75690500016566,35.86888099965847],[78.75110599984208,35.866928000426924],[78.74394999989266,35.86832400005261],[78.71884899978159,35.86833599970669],[78.70330000039473,35.85954299980966],[78.69141399995618,35.85627400014505],[78.68096900031918,35.859062000111294],[78.66495500017317,35.85738800025604],[78.65819499959963,35.853954000177],[78.630928000327,35.82469199973605],[78.61952200044004,35.817145999788124],[78.61094699980424,35.81386599961627],[78.5899579995621,35.81135900001789],[78.58057400028991,35.80805999986916],[78.57765999990914,35.792792999997005],[78.57485199991993,35.789661000354954],[78.56961100014757,35.78881800015063],[78.56689499990438,35.79110300030328],[78.56054700034383,35.79247999995209],[78.55267299965925,35.78442399986773],[78.53530099984135,35.775413999856255],[78.52127100035642,35.76377099983182],[78.51367199976306,35.77068700040479],[78.50907099982686,35.77269000014343],[78.46474499988187,35.774199999630355],[78.435897999693,35.78435100009864],[78.4232249998339,35.78531999981817],[78.41631300034476,35.77932400030244],[78.41259000042822,35.765857999846844],[78.40453300029776,35.761210999588],[78.39981799960105,35.756297999652986],[78.39750700004805,35.74619300040672],[78.38610100016109,35.735507999594574],[78.35019700009155,35.724079000445556],[78.3413769998487,35.722572000197715],[78.33885999978924,35.72055399976733],[78.30333700020248,35.721274999741524],[78.28935200009477,35.725655000278095],[78.28327200030265,35.72537199981798],[78.27333799994881,35.721953999577465],[78.26919599959575,35.717452999756176],[78.26745600029426,35.71095699966588],[78.27097299970421,35.70307500041099],[78.26898999998855,35.69723900017976],[78.27139999961037,35.68824399996066],[78.26829500031408,35.67814299999952],[78.27207200002283,35.66889199966613],[78.26898199961965,35.663498000032746],[78.2593230002563,35.6584280000522],[78.25507400036486,35.645634000009125],[78.25148799957157,35.64520600005693],[78.23033900004486,35.65186699966233],[78.21444700012898,35.6603129997452],[78.20691700001959,35.666923999742835],[78.19966099995526,35.669159000287664],[78.19771600019334,35.66625200022969],[78.19979900002392,35.653624999793976],[78.19850199956767,35.64858200015925],[78.19087999971225,35.63661599962876],[78.18608099963848,35.6240310002305],[78.17919200031065,35.62229500021414],[78.16824299991458,35.63022599993002],[78.16385700000063,35.63117200038755],[78.1621929997072,35.629379000440565],[78.16161299994008,35.62646099987529],[78.16547399992521,35.61944199994838],[78.16648899996744,35.613173999580454],[78.15162699988622,35.57816300022233],[78.15158099956352,35.57118999971874],[78.15666200005131,35.55202499995386],[78.15499899980404,35.55046800009819],[78.14727799987986,35.54961799957107],[78.1442179999608,35.54243900035965],[78.13731399994123,35.53886800025805],[78.1320879999613,35.53869999970527],[78.12523699968784,35.54166799987837],[78.11100800001924,35.55188399974685],[78.10111199961915,35.551490999609996],[78.09287300008896,35.556248000444896],[78.08820299966874,35.55581700035435],[78.08237499980646,35.5493620003561],[78.07771299975519,35.54916000003402],[78.06790900000038,35.56293899963515],[78.04631799987584,35.585323000356254],[78.04194599970816,35.58738300002551],[78.02433799979889,35.58791400023097],[78.00368499976298,35.58309900031867],[77.99102000027284,35.58184099986232],[77.98524500015668,35.58433499976047],[77.9792329999031,35.59244200039808],[77.96512599956526,35.60387000040026],[77.9524840002365,35.606978999880994],[77.95429199997585,35.60132199981052],[77.95863299961331,35.59842700030589],[77.96600300043815,35.587578000024735],[77.96675099985879,35.57159400036289],[77.95841999968331,35.55566000030882],[77.93763699994764,35.53216200037605],[77.93095400022696,35.517334000064125],[77.93366200010126,35.51238300017536],[77.9438020000623,35.50647700031334],[77.94937900004089,35.50555400001713],[77.96002199981552,35.5005460001978],[77.96490500016569,35.496009999661794],[77.96475692589149,35.480800372039596],[77.99064636253968,35.48711395274677],[78.0199813843335,35.490264893010476],[78.0793533325903,35.49220275845062],[78.08769989013786,35.49058532685143],[78.0942993167601,35.48930358878965],[78.10398864755808,35.48445510891622],[78.10983276327147,35.47677230859523],[78.11080169644117,35.472663879034826],[78.10769653256898,35.46456909208996],[78.09732818574724,35.45563507040225],[78.079635619888,35.44815444936842],[78.07183074918976,35.44684600863644],[78.06887817418846,35.44288253809873],[78.03169250530493,35.42305374243631],[78.02983093295126,35.42003250149878],[78.02460479717371,35.41716766345695],[78.02120208720663,35.41688156123513],[78.01948547387559,35.415260314711816],[77.99707031254496,35.39409255982383],[77.99028778035682,35.37903213512499],[77.98995971666767,35.36365127568587],[78.00151061981933,35.29797744780103],[78.0020217899737,35.29461669930129],[78.00635528566795,35.290348052820434],[78.01774597189916,35.2497520450209],[78.03183746342825,35.22022247288885],[78.04275512694761,35.20232772864182],[78.05756378194303,35.18474578838749],[78.06901550336283,35.17603683463227],[78.07834625287734,35.17233276364618],[78.11605071996479,35.14535140973982],[78.1241760254033,35.13542175311147],[78.12604522670591,35.12903594964939],[78.12431335457774,35.121887207228895],[78.11710357696853,35.111644744809155],[78.09772491357398,35.09793472320894],[78.08899688699677,35.095840453973835],[78.08428192137364,35.090774536016056],[78.08287048308637,35.08248519873297],[78.11483001709166,35.014774322776816],[78.13347625732348,34.97087478674206],[78.16730499263139,34.91213989214236],[78.17359924331049,34.906299591353104],[78.18465423600423,34.88151550333788],[78.20732116703829,34.76610565175446],[78.2210540772839,34.73403167722017],[78.23156738312827,34.71680450422457],[78.24803161626613,34.69510269143609],[78.26570129437931,34.67938613935888],[78.28436279340826,34.66736221259606],[78.3003387450371,34.66193389933005],[78.3173370360754,34.65927505460013],[78.32492065466454,34.655979156213164],[78.38718414273404,34.651634216645846],[78.39836120580509,34.64862823450545],[78.40459442129554,34.643924712755336],[78.40701293929578,34.636627197287396],[78.40689086891854,34.62102508573918],[78.40931701676698,34.61349868741456],[78.41812896717818,34.605403900469696],[78.42511749267823,34.60346221920611],[78.44316101087202,34.60241317712649],[78.48223113985529,34.603336333904736],[78.53711700444626,34.614154815692245],[78.55817413372932,34.61474609385721],[78.56933593710386,34.611949920852226],[78.58206939658544,34.60314559938996],[78.61109161258793,34.5830574032766],[78.62100982624253,34.574275969560404],[78.63762664825128,34.55229568439836],[78.64382934614747,34.547809600732535],[78.6600570665804,34.52972030614728],[78.68061828630493,34.515598297023814],[78.68618774456883,34.51275634762737],[78.69631957958501,34.507591247937796],[78.73007965075533,34.49665069577304],[78.73826599138243,34.489894867154476],[78.74935913061944,34.47699356090419],[78.7528381345723,34.47016525232459],[78.76302337672752,34.46045684780535],[78.82493591336174,34.41413497884622],[78.83810424811264,34.40652847341039],[78.89155578577095,34.38963699305282],[78.92254638660654,34.37539291355216],[78.96073913610229,34.346103668149794],[78.96884918184435,34.341625213432906],[78.97673797637657,34.333934784163034],[78.98146057094863,34.33285140956497],[78.99005126925073,34.31782531738452],[78.99422454802453,34.30251693700711],[78.99340057387747,34.288742065294116],[78.97500610334907,34.24285507160431],[78.95619964619675,34.217830657758725],[78.94212341256548,34.204792022334004],[78.91036224382253,34.18049621582776],[78.88887786821908,34.16643142696881],[78.87115478476557,34.15723419170462],[78.77426147498716,34.114513397075655],[78.75946044894062,34.111076354590125],[78.72923278796287,34.09569931007513],[78.71331787152263,34.08146286042273],[78.70637512241404,34.07217788729969],[78.70614623955737,34.05864334141711],[78.71212005639552,34.050479889435394],[78.73184967032608,34.04253387463865],[78.7606353763216,34.03609847986098],[78.76594543413455,34.03250885030326],[78.77036285366285,34.019733429354346],[78.76362609876549,34.001514435442914],[78.72841644276468,33.977344513338664],[78.71578979486321,33.9645347598713],[78.71425628619869,33.95946502698945],[78.71615600599495,33.94894409219614],[78.71725463759151,33.948963165018085],[78.71665954630106,33.939090728654264],[78.71155548090076,33.9224967952909],[78.71725463759151,33.890480041920455],[78.72566986107529,33.87112045314643],[78.74177551292962,33.84018325765129],[78.77506256138815,33.80125427276653],[78.780548095818,33.789184571410885],[78.78398895232834,33.770431518699695],[78.77521514935972,33.746219635128114],[78.7623977660441,33.73065948504723],[78.73175048859423,33.70404434227265],[78.70929717982102,33.67961120569265],[78.70679473888617,33.66948318470128],[78.71097564660886,33.65487289406883],[78.72992706278376,33.61756515480812],[78.76320648229336,33.56305313119708],[78.78387451179935,33.53264617957757],[78.79115295444535,33.52519226031461],[78.81860351524011,33.4890823361809],[78.87039947475603,33.43970108064042],[78.87565612812784,33.43679809605533],[78.92231750464919,33.398242950351914],[78.95287716744735,33.384960726356496]]]}}]}