{"type":"FeatureCollection","features":[{"type":"Feature","properties":{"blockName":"Sonapur","districtName":"Kamrup Metropolitan","state":"Meghalaya"},"geometry":{"type":"Polygon","coordinates":[[[92.18042000018295,26.0778880002311],[92.17590299962382,26.081698999709147],[92.17028000022191,26.09166000040875],[92.17425500006829,26.101038000303504],[92.17211200016874,26.115412000363563],[92.16682400002765,26.13356800036297],[92.16506199971155,26.148181999799476],[92.16941800004071,26.15704700031887],[92.17037199996787,26.163359000017863],[92.16511500035705,26.163406000386658],[92.15859199992093,26.16712400007259],[92.15408299973069,26.161191999910898],[92.14947500037101,26.16252500022864],[92.13456699996715,26.173474999771486],[92.13194999979271,26.17843199993689],[92.1249770001885,26.178322000260152],[92.11725600026426,26.175945000361537],[92.11086999985065,26.171056999780774],[92.09588600043861,26.17587499983142],[92.08392300004647,26.17757199984794],[92.09410099996126,26.18268600005888],[92.09574100004716,26.184747999820388],[92.09445199995992,26.18777299992405],[92.09239999976023,26.18846899964467],[92.08634900040613,26.184901999727572],[92.0838619999314,26.185637000347356],[92.07971200010877,26.195081999734555],[92.06340800007922,26.19716799970348],[92.04851500036705,26.213364000148545],[92.0482940000681,26.20417399993022],[92.04602799989232,26.199329000433067],[92.04291500022714,26.19938300022534],[92.03895600021929,26.204765000204645],[92.0344849999828,26.207691000239492],[92.03071599974368,26.206680000381766],[92.02640499969107,26.200510000036502],[92.02244599968321,26.201436999617897],[92.01700599972719,26.20522699992614],[92.01055900009783,26.204423999767812],[92.00669099978984,26.202182999845604],[92.00019156518863,26.204379491420468],[91.99557636225938,26.19379757090121],[91.98876882891835,26.190330596280035],[91.9756286393503,26.187502963191264],[91.97023844924507,26.184875835751257],[91.96560773121189,26.181317597928853],[91.95868988433074,26.168366956669786],[91.95459798520892,26.165468752880713],[91.94056629949517,26.167826349006873],[91.93057068119202,26.16268805720813],[91.9236960899027,26.164634961734123],[91.90715302399292,26.1626901571251],[91.87895581725724,26.168263758565672],[91.86505703785207,26.163603031954437],[91.86030045160464,26.161470001939108],[91.85865251410229,26.158515745205534],[91.85647393972062,26.153291979141557],[91.85740811319391,26.146919357942068],[91.85644533228634,26.13813235742242],[91.85556572877545,26.128181189010718],[91.85417793006746,26.116667867628053],[91.8515858716907,26.107224215425276],[91.85139008118733,26.105951279927694],[91.86717199958815,26.09905999991912],[91.87824999963783,26.096438999560235],[91.87766999987065,26.083271000256502],[91.87175799973198,26.05557099990176],[91.87255899979806,26.05090000033482],[91.8855970003014,26.028693999728375],[91.89430199973754,26.02823300005298],[91.90325900000289,26.024942000273143],[91.90977500011621,26.025771999877918],[91.91928099961848,26.020112999715195],[91.91793799973897,26.00898400001165],[91.92099799965803,26.005892000415542],[91.9218520003696,25.99878099984329],[91.92436200010627,25.998169000399116],[91.92810800018412,25.998383000375213],[91.93623399989923,26.01330399957999],[91.94858600024378,26.013124000272455],[91.95468099982833,26.016423999567962],[91.98042299982166,26.02444299974468],[91.98648100039793,26.02912699991117],[91.98965500017817,26.037308000363964],[91.99331699997964,26.039608000309045],[92.00562300000149,26.03658700038983],[92.01039100044437,26.038004000084584],[92.02607699985373,26.03697800043443],[92.03009800002275,26.038442999644758],[92.0369490002962,26.038223000291282],[92.04180899958573,26.03474600002795],[92.05503099958105,26.03133800024858],[92.06536899967966,26.033214999572635],[92.09549000016341,26.04698399961194],[92.11102299971174,26.048160999930246],[92.12548800037098,26.04331999971828],[92.13521600021829,26.044310000406256],[92.14025899985302,26.051240999872277],[92.14832300030628,26.0569689996197],[92.15263400035889,26.063303000333235],[92.15678400018152,26.066463000367207],[92.17119600019532,26.075982999615803],[92.18042000018295,26.0778880002311]]]}},{"type":"Feature","properties":{"blockName":"Palasbari","districtName":"Kamrup Metropolitan","state":"Meghalaya"},"geometry":{"type":"MultiPolygon","coordinates":[[[[91.41895529045433,26.15174489880809],[91.41588599963922,26.136222999591837],[91.40941599984859,26.137444000140533],[91.39986400002363,26.136627000235933],[91.3937840002315,26.139214999972296],[91.37210799978442,26.1565899999286],[91.35865800006673,26.164377000198442],[91.34597799988484,26.162730999835844],[91.34430989148836,26.163786838991484],[91.34143521846062,26.1579083053241],[91.34205741172025,26.142280829296908],[91.34517263810682,26.139479477995565],[91.35342164259481,26.137739842919473],[91.351089515269,26.135780793049207],[91.33992161628964,26.13391306663476],[91.33462156883041,26.130711903731424],[91.3356210672585,26.11547909158685],[91.34238289075785,26.104151477508708],[91.35223110747967,26.09991093124455],[91.35805841846133,26.09330885611888],[91.37094083984795,26.08531158536141],[91.38358171412489,26.07515077059162],[91.3881173441402,26.071041123349232],[91.39335198210836,26.069403192603318],[91.40258737470765,26.071990891966152],[91.4049300366919,26.070075495188007],[91.4120696123228,26.05573308291548],[91.41658995746064,26.052739682290564],[91.43138871541692,26.05256588560718],[91.44118002214037,26.048388145296713],[91.45210860702667,26.036430254852405],[91.45370919072661,26.03203218333863],[91.45121524478776,26.02579668446947],[91.44253891753709,26.014291776244534],[91.43229202415768,26.007202031148893],[91.43010739284199,26.00377047902441],[91.43273560216636,25.997226730329373],[91.43274299729154,25.97409036937512],[91.40272987318514,25.894261832117934],[91.40283944838188,25.891295978626545],[91.39577868483849,25.87984635892235],[91.39471264377357,25.864717862739212],[91.3830908839372,25.855782332888396],[91.37633792955188,25.85358099037046],[91.36790601914754,25.847851615559648],[91.3637188908142,25.840051872795755],[91.3663789999909,25.839667999878316],[91.37319200031061,25.843471999932888],[91.3911819998495,25.84645299980616],[91.40384700023895,25.850243000114403],[91.40773000033931,25.849012000003825],[91.4153669999871,25.85305000005752],[91.42152399973287,25.85384799998525],[91.42693300005794,25.85268200017424],[91.43346399996369,25.846872000242683],[91.44699099963498,25.840129999599867],[91.44998900029219,25.844761000020185],[91.45755800040143,25.850406999583413],[91.47130600037167,25.85811799994582],[91.4775539998173,25.85627200025266],[91.48098000042671,25.856753999997125],[91.48561900031666,25.861976999838703],[91.49858900038214,25.861388999702626],[91.51042899959873,25.863845999693183],[91.51531199994889,25.86560399982477],[91.52431499963757,25.873390000048516],[91.52794599980808,25.871922999846618],[91.5314329996333,25.87989999988514],[91.53515600044909,25.88309299964226],[91.53460700031286,25.887174999926344],[91.53230300018339,25.888707999574592],[91.52835799992181,25.889144999941834],[91.52478799986636,25.884963999588933],[91.5198060003467,25.87370500018568],[91.51034500022166,25.86648900016729],[91.50088500014272,25.866246999799273],[91.49626900041409,25.864594000013142],[91.47998000017691,25.867800000369755],[91.47735599967967,25.87031200019868],[91.48127699973384,25.88375899977808],[91.48598500010775,25.890129000353113],[91.4911580003415,25.893918999762093],[91.49552899956376,25.894637999644033],[91.50121299998,25.891522999886604],[91.50585900019274,25.891211999933887],[91.50376099967048,25.897529999909636],[91.51115399975737,25.908808000189083],[91.5339279995776,25.922750000112444],[91.53851299967528,25.93302900018824],[91.52431499963757,25.923883000200362],[91.5133900003483,25.914472999729185],[91.50819399995322,25.91212500026859],[91.50596599973119,25.91337600040214],[91.50426500042948,25.919807000192975],[91.52242299962177,25.939936000346165],[91.52115599964975,25.95719300025678],[91.52645899958321,25.95844699962936],[91.5285109997829,25.960357999622033],[91.53981000013147,25.961132000241662],[91.53994800020013,25.96741300030976],[91.55159000017841,25.974112999915064],[91.55390199977751,25.97390700030786],[91.55749499999433,25.98561999996309],[91.56877100018158,26.002761999966367],[91.56781800030052,26.006510000136473],[91.57127399959546,26.01095400002714],[91.57273899970511,26.026478000059683],[91.57854500035154,26.03210399959994],[91.58679200025068,26.0309700003653],[91.59081999984318,26.029137000372316],[91.59972400036236,26.016027000145982],[91.59947200043251,26.019767999993235],[91.61919399980331,26.023670000070524],[91.62292500008874,26.02598399976182],[91.63478900041207,26.021349000056375],[91.6360170003843,26.016792000350563],[91.63471999992811,26.012896999696807],[91.63562800043195,26.003848999731588],[91.63303400041883,25.99877200032762],[91.62931799992583,25.99658600024378],[91.63127100005664,25.994066000045905],[91.6273039996799,25.984830999551036],[91.63059999969028,25.975921999700574],[91.64049500004427,25.96378100009315],[91.63663500010523,25.95942699985619],[91.63263700009753,25.94357299989406],[91.62717399998019,25.9449060002118],[91.61347999980222,25.943547999640543],[91.6136779999398,25.938879000165798],[91.62527499964159,25.929928000177142],[91.63530700001809,25.92470400028941],[91.65038300007546,25.91265699962088],[91.65393800033848,25.906577999874855],[91.65932499964907,25.906787999666506],[91.66439100034444,25.908778999751064],[91.66967800043943,25.907084999872893],[91.67174500043149,25.904284000206474],[91.67842900019826,25.910719000181757],[91.68105299979618,25.916201000275976],[91.68883499983542,25.920116000053383],[91.69474800002024,25.927983999562002],[91.70440700028291,25.936789000012368],[91.70335400028694,25.94075600038917],[91.71636999977574,25.946084999722984],[91.72261800012069,25.952917000019568],[91.72406800043791,25.963923000346256],[91.72224399996071,25.977149999672804],[91.72366299974772,26.000700000204915],[91.7271729997342,26.026110000176402],[91.72571599999344,26.029180999703442],[91.72896599968118,26.04576099987031],[91.73551899970215,26.04987099964694],[91.73714399999568,26.055486999625373],[91.73382599987008,26.058063999753813],[91.76200099964649,26.070115999753625],[91.78106700024193,26.090057000230445],[91.78023032317094,26.0936101119172],[91.78095090855766,26.095141354290092],[91.7828341977401,26.097081508504857],[91.77644532848916,26.097336969925266],[91.76606744345781,26.106359784376593],[91.76435836914345,26.106381515594535],[91.75998006023167,26.10659664871639],[91.75451497188851,26.10571290202887],[91.74889424057682,26.10194330374054],[91.74415079612243,26.098038430329325],[91.74080190608316,26.094234141592437],[91.73858968806371,26.09424117519012],[91.73818316122396,26.095947566826794],[91.7274952268233,26.094159784746296],[91.72124947118618,26.09640295653128],[91.71790115671308,26.099399428340973],[91.71791736429498,26.10279692403884],[91.7162178380828,26.10176490162894],[91.71225572192407,26.10300771613322],[91.71316590778048,26.108197373609983],[91.70796906831788,26.103972015096474],[91.69913229571893,26.101179156093224],[91.69129546041722,26.104248651953753],[91.68603300192154,26.10794994583341],[91.68037672580533,26.11471201214971],[91.67729034517333,26.115660377824213],[91.67123936020835,26.109360045929407],[91.62448354767764,26.092896059205827],[91.62163891650283,26.078758536777116],[91.61397480139601,26.079493062554832],[91.60976985659369,26.08307410628504],[91.6038763087447,26.0807706313596],[91.60744935030732,26.063497432860288],[91.60312000678294,26.05880814737816],[91.60486098364754,26.054013473942746],[91.59690448095711,26.052344908690657],[91.59563269749106,26.056463995217257],[91.596573700416,26.060999118914253],[91.59275055289578,26.063375308523746],[91.59101444046411,26.054589857535973],[91.5811969652678,26.051693197882855],[91.57184474264079,26.051883224631183],[91.57916512786841,26.063806646759417],[91.58931996934115,26.072483696165705],[91.59098554434746,26.082128202954266],[91.58146063030392,26.08507021182089],[91.57708005689915,26.081701022284392],[91.56811001646417,26.088893470857045],[91.56272099277965,26.116762752399154],[91.55373207827284,26.11461667861687],[91.53194037464863,26.11277261156681],[91.49659050984422,26.11761058376146],[91.48024128920417,26.124157475587083],[91.44067988936547,26.15185592820859],[91.41895529045433,26.15174489880809]]],[[[91.51232409687964,25.86886222920856],[91.51425114347558,25.87206668093262],[91.51086234512121,25.874044348567907],[91.50877429200006,25.872685049375605],[91.50864736078711,25.87036090802951],[91.51232409687964,25.86886222920856]]]]}},{"type":"Feature","properties":{"blockName":"Guwahati","districtName":"Kamrup Metropolitan","state":"Meghalaya"},"geometry":{"type":"Polygon","coordinates":[[[91.66224865874864,26.161625664692735],[91.66328809696813,26.15640392570066],[91.66180695762506,26.150780963170973],[91.65192189388034,26.138651652052147],[91.65228116674251,26.1313882082992],[91.67729034517333,26.115660377824213],[91.68037672580533,26.11471201214971],[91.68603300192154,26.10794994583341],[91.69129546041722,26.104248651953753],[91.69913229571893,26.101179156093224],[91.70796906831788,26.103972015096474],[91.71316590778048,26.108197373609983],[91.71575856600509,26.12073366033019],[91.72343091080796,26.125687297930483],[91.72283535276938,26.132228592375668],[91.7412613121599,26.162305499099546],[91.74034681315499,26.172030720941052],[91.74592140744704,26.172120815922995],[91.7530612618678,26.164679870279826],[91.75753589266736,26.162107615873822],[91.7658013178766,26.160794120951948],[91.77060792441625,26.161973510768973],[91.7771025269601,26.169821485073555],[91.78232193580874,26.182351268796083],[91.8055395828855,26.178336088139986],[91.81216290539385,26.182016383749158],[91.81620148281223,26.190284946692998],[91.83108468441071,26.192279964049135],[91.83241373490603,26.19499953010427],[91.82831742371019,26.20216936522405],[91.82682199324046,26.208582109676684],[91.81836699993715,26.205668999624663],[91.81355300007095,26.206996999711805],[91.77953299964827,26.197744000185537],[91.76036952423419,26.200873554570933],[91.75559564312448,26.199113185625095],[91.75101256218005,26.196586491773246],[91.74517266788439,26.19119450931919],[91.74311911365623,26.18939112130323],[91.73967441074552,26.18553064922014],[91.73814474128682,26.183543821090495],[91.73409755555781,26.178393904655024],[91.73333217583928,26.176726601151756],[91.73144725888397,26.17408135686918],[91.72759483663248,26.17254894267961],[91.71757575411783,26.172087791018782],[91.71084188244697,26.17210096428812],[91.70433501494904,26.1725684489748],[91.688914231007,26.172853748102057],[91.67423086686108,26.170955489704113],[91.66807255860175,26.167066084632154],[91.66224865874864,26.161625664692735]]]}},{"type":"Feature","properties":{"blockName":"Dispur","districtName":"Kamrup Metropolitan","state":"Meghalaya"},"geometry":{"type":"Polygon","coordinates":[[[91.85740811319391,26.146919357942068],[91.85629889837554,26.151521586352203],[91.85647393972062,26.153291979141557],[91.85865251410229,26.158515745205534],[91.86030045160464,26.161470001939108],[91.86505703785207,26.163603031954437],[91.86228287485483,26.169810532230315],[91.86086539132481,26.169821941029795],[91.85868286622133,26.169843548141273],[91.85376237583301,26.171087619897776],[91.8505770778699,26.17223470426825],[91.84948985956942,26.173294676707997],[91.85123333475065,26.17515158427824],[91.84984143333554,26.175135227408873],[91.85012731522346,26.176721954354775],[91.84582122906653,26.178549400134784],[91.8385485447796,26.178163172792267],[91.83568222465499,26.17825027932696],[91.83374643125285,26.178804358834157],[91.833142344044,26.18004984702287],[91.83351127292696,26.181872974258397],[91.83670418904717,26.183498424212985],[91.83824851835448,26.18346021921377],[91.84459130994105,26.183910069094452],[91.8500611574965,26.185998782317995],[91.86028836561565,26.186066969814874],[91.86377840694797,26.185870113614897],[91.86644813077669,26.1876553587079],[91.86817408716445,26.197442280337043],[91.866900453793,26.199062589766754],[91.86434256605662,26.200617322431526],[91.86250454694732,26.200624311962486],[91.85804091935302,26.19834005734782],[91.85676973663408,26.197458150673185],[91.85609776769786,26.197596396256756],[91.85499568540263,26.19785229744565],[91.8505405159321,26.20081797826714],[91.84662220575024,26.20415667808828],[91.84553541282912,26.204470626917953],[91.84139475696253,26.20292857739196],[91.83839920425993,26.20258338611444],[91.83698925075339,26.204019277867417],[91.83527171201996,26.203190039089066],[91.83398939389548,26.20177799915541],[91.8329870527104,26.202329861833732],[91.83008961514366,26.2097079475638],[91.82682199324046,26.208582109676684],[91.82831742371019,26.20216936522405],[91.83241373490603,26.19499953010427],[91.83108468441071,26.192279964049135],[91.81620148281223,26.190284946692998],[91.81216290539385,26.182016383749158],[91.8055395828855,26.178336088139986],[91.78232193580874,26.182351268796083],[91.7771025269601,26.169821485073555],[91.77060792441625,26.161973510768973],[91.7658013178766,26.160794120951948],[91.75753589266736,26.162107615873822],[91.7530612618678,26.164679870279826],[91.74592140744704,26.172120815922995],[91.74034681315499,26.172030720941052],[91.7412613121599,26.162305499099546],[91.72283535276938,26.132228592375668],[91.72343091080796,26.125687297930483],[91.71575856600509,26.12073366033019],[91.71316590778048,26.108197373609983],[91.71225572192407,26.10300771613322],[91.7162178380828,26.10176490162894],[91.71791736429498,26.10279692403884],[91.71914210782205,26.105101017697848],[91.71890937316908,26.108569903378395],[91.71986673656068,26.110785638646348],[91.72191034518636,26.111267206716263],[91.7259732771451,26.110223725144863],[91.73434644293405,26.108338377414213],[91.7393871061301,26.11127903010322],[91.74329648964135,26.11271549832162],[91.74827741267251,26.113300299569232],[91.75135379374262,26.111768103914926],[91.75062265571103,26.10949659269363],[91.74995778512374,26.108599225773673],[91.74479281583586,26.10351243005465],[91.74378743584157,26.1026241606765],[91.74006298891584,26.10039919027048],[91.73855698781477,26.098380295913955],[91.73818316122396,26.095947566826794],[91.73858968806371,26.09424117519012],[91.74080190608316,26.094234141592437],[91.74415079612243,26.098038430329325],[91.74889424057682,26.10194330374054],[91.75451497188851,26.10571290202887],[91.75998006023167,26.10659664871639],[91.76435836914345,26.106381515594535],[91.76606744345781,26.106359784376593],[91.76928522673188,26.10681022691051],[91.77172519536151,26.10747662274798],[91.77452925811883,26.10890305183443],[91.77868611707072,26.109525765801493],[91.78615044598638,26.111913517994537],[91.79058517296744,26.11344676765424],[91.79172404472894,26.11321604028808],[91.79286175006979,26.11097876625712],[91.79257480878044,26.106898078083873],[91.79207293311941,26.10321687775678],[91.78361208612893,26.0975482701366],[91.7828341977401,26.097081508504857],[91.78095090855766,26.095141354290092],[91.78023032317094,26.0936101119172],[91.78106700024193,26.090057000230445],[91.78296699972731,26.087097000426297],[91.78712499991889,26.08537900034065],[91.79290000003505,26.085818999946923],[91.80433699955296,26.103729000293185],[91.81059999969028,26.10260599976715],[91.81334699956443,26.103945000361534],[91.82185399976231,26.117519000401614],[91.82907900019575,26.116907000058063],[91.85139008118733,26.105951279927694],[91.8515858716907,26.107224215425276],[91.85417793006746,26.116667867628053],[91.85556572877545,26.128181189010718],[91.85644533228634,26.13813235742242],[91.85740811319391,26.146919357942068]]]}},{"type":"Feature","properties":{"blockName":"Chandrapur","districtName":"Kamrup Metropolitan","state":"Meghalaya"},"geometry":{"type":"Polygon","coordinates":[[[91.95108799961156,26.251325999795085],[91.93463201775347,26.24211910401351],[91.93044809910054,26.24207897716309],[91.9271739741996,26.244479645419347],[91.9262879855022,26.247083230406815],[91.92460669664177,26.248541184328246],[91.9188617266874,26.24683486553664],[91.91621148037558,26.241610907017787],[91.90894953579249,26.233955863372444],[91.90069801859875,26.22813773087165],[91.90311124229004,26.226212300357417],[91.9064499430105,26.226282833286177],[91.8931270004108,26.221452999956057],[91.89245600004443,26.21893299975818],[91.87787600037717,26.215577999724985],[91.86933100022554,26.21874600012785],[91.86382247282893,26.21726545433728],[91.85755899964818,26.215581999909432],[91.84442900029819,26.214326999591435],[91.83858499969801,26.211477000363345],[91.83008961514366,26.2097079475638],[91.8329870527104,26.202329861833732],[91.83398939389548,26.20177799915541],[91.83527171201996,26.203190039089066],[91.83698925075339,26.204019277867417],[91.83839920425993,26.20258338611444],[91.84139475696253,26.20292857739196],[91.84553541282912,26.204470626917953],[91.84662220575024,26.20415667808828],[91.8505405159321,26.20081797826714],[91.85499568540263,26.19785229744565],[91.85609776769786,26.197596396256756],[91.85676973663408,26.197458150673185],[91.85804091935302,26.19834005734782],[91.86250454694732,26.200624311962486],[91.86434256605662,26.200617322431526],[91.866900453793,26.199062589766754],[91.86817408716445,26.197442280337043],[91.86644813077669,26.1876553587079],[91.86377840694797,26.185870113614897],[91.86028836561565,26.186066969814874],[91.8500611574965,26.185998782317995],[91.84459130994105,26.183910069094452],[91.83824851835448,26.18346021921377],[91.83670418904717,26.183498424212985],[91.83351127292696,26.181872974258397],[91.833142344044,26.18004984702287],[91.83374643125285,26.178804358834157],[91.83568222465499,26.17825027932696],[91.8385485447796,26.178163172792267],[91.84582122906653,26.178549400134784],[91.85012731522346,26.176721954354775],[91.84984143333554,26.175135227408873],[91.85123333475065,26.17515158427824],[91.84948985956942,26.173294676707997],[91.8505770778699,26.17223470426825],[91.85376237583301,26.171087619897776],[91.85868286622133,26.169843548141273],[91.86086539132481,26.169821941029795],[91.86228287485483,26.169810532230315],[91.86505703785207,26.163603031954437],[91.87895581725724,26.168263758565672],[91.90715302399292,26.1626901571251],[91.9236960899027,26.164634961734123],[91.93057068119202,26.16268805720813],[91.94056629949517,26.167826349006873],[91.95459798520892,26.165468752880713],[91.95868988433074,26.168366956669786],[91.96560773121189,26.181317597928853],[91.97023844924507,26.184875835751257],[91.9756286393503,26.187502963191264],[91.98876882891835,26.190330596280035],[91.99557636225938,26.19379757090121],[92.00019156518863,26.204379491420468],[91.969475000371,26.224615000082224],[91.96195199968508,26.227715000047283],[91.95826000029882,26.23524500015668],[91.96000699992317,26.247824000177502],[91.95597800028452,26.25370599983205],[91.95108799961156,26.251325999795085]]]}},{"type":"Feature","properties":{"blockName":"South Salmara","districtName":"South Salmara-Mankachar","state":"Meghalaya"},"geometry":{"type":"Polygon","coordinates":[[[89.85449859273592,25.897300231220754],[89.83856201162757,25.883127212550846],[89.83192443846212,25.86725997906484],[89.82974243136817,25.84259605396477],[89.82633209245216,25.828227996624776],[89.82034301771614,25.81491088882649],[89.8203811642594,25.808479308973006],[89.82929556184075,25.793475231296952],[89.84601094325046,25.795396884658544],[89.86561418804439,25.79133677387307],[89.86634777492992,25.78950280620961],[89.87001571115621,25.788402425431627],[89.8773515818101,25.787485441599927],[89.89192474303252,25.794746414915153],[89.89734183096078,25.787118647707473],[89.90541128939952,25.783817505373634],[89.91201357316794,25.783634109326727],[89.92100001543844,25.77923258621496],[89.9382393130939,25.76657820861749],[89.95058869820991,25.764508259748425],[89.95936600044064,25.774531999851945],[89.9591369997728,25.78170599973214],[89.9567490002662,25.783487000025104],[89.95506315094372,25.793837423358468],[89.95555520690732,25.80151804012553],[89.95591662285392,25.80715946393815],[89.95616100013012,25.81097399955047],[89.9561515938121,25.810986503289566],[89.95615407535036,25.81102590122441],[89.95352199984046,25.81448200034407],[89.94980600024678,25.816156000199328],[89.94980853976378,25.81620688925478],[89.95001199985398,25.820283999906735],[89.94876099972043,25.824531999752026],[89.96303599971168,25.8266219999054],[89.97212999999954,25.82619299990705],[89.97769899960923,25.828183999991666],[89.97776208372659,25.82834232768416],[89.98004900006134,25.834082000384058],[89.9800666752076,25.834083724528345],[89.98372358231718,25.834440442113962],[89.98641937523861,25.83470340661195],[89.99218681067282,25.835265998327202],[89.99496499993484,25.83553700003256],[89.99885600040415,25.838792999996997],[90.0019449998619,25.839702999693714],[90.00574499973203,25.84227200035258],[90.00566454398192,25.84233802702198],[90.00398300031526,25.84371799958609],[90.00158700043977,25.84423600009137],[90.00171700013948,25.84672000042775],[90.0019102542257,25.84685635192656],[90.00441699964489,25.84862500014367],[90.01246600030572,25.846856999550937],[90.01566300024734,25.849687999701473],[90.01586925469577,25.849954046819647],[90.01884753558534,25.85379572419339],[90.02491799986586,25.861625999840044],[90.02605400009207,25.865539999571354],[90.0228879997814,25.871379999987084],[90.0185389997751,25.87180699989318],[90.0089419996736,25.878696000120385],[90.00933101021883,25.87906433346665],[90.01106108659991,25.880702450557692],[90.01502254715291,25.884453348343413],[90.01943999995609,25.888635999851545],[90.02544399984077,25.893201999972348],[90.0320969999766,25.89431399999114],[90.04625700006056,25.890742999889596],[90.05635099969896,25.89868199997437],[90.05646692854819,25.899060864747643],[90.05922700012599,25.90808099993825],[90.05951281720765,25.908242271837782],[90.06308700006508,25.910258999653138],[90.06747400002513,25.91553500014021],[90.07178500007774,25.916140000160908],[90.07658400015157,25.919319000171754],[90.08212999959989,25.91765800001673],[90.08358800028606,25.919249999687793],[90.08364068795565,25.919463715926046],[90.08488499984293,25.924511000382438],[90.08528047612695,25.924613610417317],[90.09154500030161,25.926239000029852],[90.09608500012274,25.928720000227884],[90.09587990239282,25.929106686290737],[90.09213300043768,25.936171000291495],[90.09300509093981,25.936526784959153],[90.10026599957627,25.939489000417097],[90.1032870003948,25.939219999703255],[90.1037448120124,25.940142838069356],[90.10468300002049,25.94203399996917],[90.1048800340005,25.94202782989783],[90.10950500025564,25.941883000200335],[90.1097813674656,25.94282219327935],[90.11205299994606,25.950542000213204],[90.11249043738383,25.951049189968217],[90.1126604674667,25.951246332842167],[90.11508200023417,25.954054000291933],[90.11794299996956,25.95738800025606],[90.12281799995077,25.961208000149156],[90.12278720988365,25.96165332989954],[90.12249000011349,25.96595200038456],[90.12709800037248,25.96965600032422],[90.13169900030869,25.967758000031722],[90.13498699995017,25.968009999961566],[90.13843499977548,25.97234500022165],[90.14749100010965,25.975263999933702],[90.14884899978159,25.979938999685146],[90.1537700000855,25.980796999681843],[90.16126999971078,25.986855000258117],[90.1804199996833,25.990992000380572],[90.18026000039873,25.99550799999423],[90.1776349998554,26.00083400008907],[90.18333400006412,26.01256200043605],[90.17848200024417,26.00953700033233],[90.17909199959615,26.013272999949038],[90.17536200025614,26.016583999751845],[90.18935399978733,26.02249299975216],[90.19293200021173,26.025004999581142],[90.19385499960862,26.028275000191172],[90.18866000015896,26.036714999997287],[90.17805500033808,26.03838499966804],[90.1748890000274,26.040129000053355],[90.17230999980671,26.043303999879754],[90.17377499991636,26.050729999689793],[90.16758845024685,26.050197136089025],[90.15806404521959,26.05151126683154],[90.15589591106749,26.053499356710006],[90.14939483520357,26.05542801579037],[90.14239730119453,26.054596936999076],[90.1376837915738,26.05618478539958],[90.12601836335682,26.05891910932951],[90.11162145576566,26.06216674559886],[90.10888838998727,26.062176064373944],[90.1042272056211,26.061574740781737],[90.09675654637755,26.057448331075648],[90.0925823350068,26.054320533066175],[90.08828345241943,26.05102472371209],[90.07163007656686,26.03950613320154],[90.0686153494189,26.035657357700927],[90.06480421504256,26.034930180283652],[90.06019533704523,26.028090389160184],[90.05520907833636,26.025045042794545],[90.05063178273065,26.01345155944199],[90.04440416012397,26.007220398902348],[90.03842888908201,26.006424156249864],[90.02496216107494,26.008032771795058],[90.00797944179789,26.005695593876624],[89.98589390627882,25.992686241277056],[89.95659199572407,25.968003684922166],[89.93175927776849,25.94995395331233],[89.93069037326217,25.948432919143954],[89.93697871359683,25.935960460007266],[89.93550888682574,25.933260818432075],[89.93360819396304,25.933252483515332],[89.92692300259455,25.937994968393127],[89.9232161760857,25.936328141530566],[89.91866987561434,25.928101921366647],[89.90062661642526,25.920646910326695],[89.88718120504865,25.911510926088397],[89.88207034257232,25.902382404424486],[89.8751243738908,25.895154838225267],[89.86011800564148,25.895479858608667],[89.85449859273592,25.897300231220754]]]}},{"type":"Feature","properties":{"blockName":"Mankachar","districtName":"South Salmara-Mankachar","state":"Meghalaya"},"geometry":{"type":"Polygon","coordinates":[[[89.82929556184075,25.793475231296952],[89.83467102015152,25.784427643221193],[89.83886718757071,25.764596939197418],[89.83338165314086,25.751300811683166],[89.82255554240442,25.732751846620488],[89.82175445600342,25.728126526318192],[89.82537078823134,25.72113990828018],[89.8366622927307,25.718112945855808],[89.84133148196236,25.715385436988356],[89.84165954565157,25.697393417572187],[89.84326934830182,25.6898708341717],[89.84616851796278,25.687452316171516],[89.84925842303784,25.680675506369596],[89.85643768305266,25.673358917180337],[89.8689880369684,25.66486167912325],[89.87275695806721,25.6542053226176],[89.87333679235911,25.6188526150562],[89.8686370846338,25.5826148990584],[89.8558349610147,25.540807723897387],[89.85099029516607,25.535797118742096],[89.84561920126521,25.50344085691006],[89.84500627372063,25.47793956855628],[89.86345700044029,25.475739000354622],[89.87116999999557,25.481770999731907],[89.87938700030986,25.491512000178716],[89.87947099968693,25.49845900038264],[89.86979699963189,25.524355000283094],[89.87252799966751,25.531979000230706],[89.87066700018198,25.539788999762607],[89.87775399964744,25.549467000002096],[89.8815310002555,25.54911800009569],[89.89031199959913,25.558045999923024],[89.90833299966823,25.55967300030875],[89.92995500032305,25.563686000108873],[89.93972000007801,25.562863999973672],[89.94553400019402,25.56777399977034],[89.95328499970304,25.56839200039053],[89.96066299999751,25.57060399987472],[89.97031399989123,25.5718400002159],[89.9766849996131,25.574749000366126],[89.97892799962756,25.583639000239714],[89.98304699981924,25.59085800039645],[89.99837066327552,25.58682723988528],[90.00598900019224,25.58431099975286],[90.01490799960453,25.598461000274995],[90.02115599994949,25.602297000006615],[90.02230099969142,25.608495999890522],[90.00843000034428,25.623923999992655],[90.00527200040256,25.6245380004284],[90.0032269996264,25.621951999884914],[89.98722800017214,25.626814000166007],[89.98437499990638,25.63767199996289],[89.95092000035777,25.6589390004346],[89.94586200003135,25.673752000054833],[89.94575499959359,25.67822799962255],[89.94105499958863,25.686736999912682],[89.93640099990625,25.69007099987681],[89.92519400020302,25.694525000228623],[89.92256899965969,25.702786999920136],[89.91835000025236,25.70411700009953],[89.8983689997296,25.72734800031003],[89.89675900012782,25.735097999772904],[89.89955899974808,25.744219000406588],[89.91551199977903,25.741654999978323],[89.92024200026816,25.7392860004486],[89.92597999957735,25.73926899966466],[89.9320449995771,25.74143999995607],[89.93760699976326,25.74463799994379],[89.93875100035842,25.74762300000151],[89.93782800006221,25.752608999705615],[89.95058869820991,25.764508259748425],[89.9382393130939,25.76657820861749],[89.92100001543844,25.77923258621496],[89.91201357316794,25.783634109326727],[89.90541128939952,25.783817505373634],[89.89734183096078,25.787118647707473],[89.89192474303252,25.794746414915153],[89.8773515818101,25.787485441599927],[89.87001571115621,25.788402425431627],[89.86634777492992,25.78950280620961],[89.86561418804439,25.79133677387307],[89.84601094325046,25.795396884658544],[89.82929556184075,25.793475231296952]]]}},{"type":"Feature","properties":{"blockName":"Azara","districtName":"Kamrup Metropolitan","state":"Meghalaya"},"geometry":{"type":"MultiPolygon","coordinates":[[[[91.56272099277965,26.116762752399154],[91.56811001646417,26.088893470857045],[91.57708005689915,26.081701022284392],[91.58146063030392,26.08507021182089],[91.59098554434746,26.082128202954266],[91.58931996934115,26.072483696165705],[91.57916512786841,26.063806646759417],[91.57184474264079,26.051883224631183],[91.5811969652678,26.051693197882855],[91.59101444046411,26.054589857535973],[91.59275055289578,26.063375308523746],[91.596573700416,26.060999118914253],[91.59563269749106,26.056463995217257],[91.59690448095711,26.052344908690657],[91.60486098364754,26.054013473942746],[91.60312000678294,26.05880814737816],[91.60744935030732,26.063497432860288],[91.6038763087447,26.0807706313596],[91.60976985659369,26.08307410628504],[91.61397480139601,26.079493062554832],[91.62163891650283,26.078758536777116],[91.62448354767764,26.092896059205827],[91.67123936020835,26.109360045929407],[91.67729034517333,26.115660377824213],[91.65228116674251,26.1313882082992],[91.65192189388034,26.138651652052147],[91.66180695762506,26.150780963170973],[91.66328809696813,26.15640392570066],[91.66224865874864,26.161625664692735],[91.65651946290296,26.160063156489514],[91.64063736362351,26.161519926003848],[91.62760718002738,26.152849832853576],[91.61309919896894,26.140214482212627],[91.59109773926929,26.138517176426603],[91.5840024615444,26.13638920779573],[91.57829471452953,26.132091053659224],[91.56846165588075,26.119996314278524],[91.56272099277965,26.116762752399154]]],[[[91.7828341977401,26.097081508504857],[91.78361208612893,26.0975482701366],[91.79207293311941,26.10321687775678],[91.79257480878044,26.106898078083873],[91.79286175006979,26.11097876625712],[91.79172404472894,26.11321604028808],[91.79058517296744,26.11344676765424],[91.78615044598638,26.111913517994537],[91.77868611707072,26.109525765801493],[91.77452925811883,26.10890305183443],[91.77172519536151,26.10747662274798],[91.76928522673188,26.10681022691051],[91.76606744345781,26.106359784376593],[91.77644532848916,26.097336969925266],[91.7828341977401,26.097081508504857]]],[[[91.73818316122396,26.095947566826794],[91.73855698781477,26.098380295913955],[91.74006298891584,26.10039919027048],[91.74378743584157,26.1026241606765],[91.74479281583586,26.10351243005465],[91.74995778512374,26.108599225773673],[91.75062265571103,26.10949659269363],[91.75135379374262,26.111768103914926],[91.74827741267251,26.113300299569232],[91.74329648964135,26.11271549832162],[91.7393871061301,26.11127903010322],[91.73434644293405,26.108338377414213],[91.7259732771451,26.110223725144863],[91.72191034518636,26.111267206716263],[91.71986673656068,26.110785638646348],[91.71890937316908,26.108569903378395],[91.71914210782205,26.105101017697848],[91.71791736429498,26.10279692403884],[91.71790115671308,26.099399428340973],[91.72124947118618,26.09640295653128],[91.7274952268233,26.094159784746296],[91.73818316122396,26.095947566826794]]]]}},{"type":"Feature","properties":{"blockName":"Khliehriat","districtName":"East Jaintia Hills","state":"Meghalaya"},"geometry":{"type":"Polygon","coordinates":[[[92.44702099991929,25.03989800039244],[92.41800601626471,25.062420768303866],[92.39415924035671,25.090951733235954],[92.3945850756408,25.09946843891737],[92.39799175791336,25.10755930931475],[92.41247015757176,25.124592720677583],[92.42822606308238,25.13779361448377],[92.44611114591271,25.159085379586656],[92.45228575708211,25.17335086115338],[92.45228575708211,25.18527424910735],[92.44802740424137,25.198049308528823],[92.43865902799183,25.20656601421024],[92.43269733401479,25.217637731596085],[92.43461359324277,25.23956824917542],[92.44909199290123,25.270228389628528],[92.4465369811968,25.29194599001545],[92.4444078047764,25.299185189844707],[92.41938998116274,25.310789201560453],[92.41449287494629,25.317815483297977],[92.41129911076541,25.326332188979393],[92.41129911076541,25.333145553524503],[92.41342828718575,25.340597671445437],[92.41789955811817,25.34506894237785],[92.42471292266333,25.346559365422422],[92.43514588667341,25.34613353013833],[92.44238508650261,25.34400435371799],[92.44664343934329,25.344856024286116],[92.45036949875345,25.346878741660646],[92.45505368687822,25.35539544734206],[92.45803453386668,25.364337989206888],[92.45547952216225,25.375409706592734],[92.43418775795874,25.407347352898057],[92.43418775795874,25.413734882159133],[92.43674276966317,25.41799323499987],[92.44557885158281,25.41809969404568],[92.45792807482087,25.415331765148892],[92.4604830865253,25.416183435717016],[92.46388976879786,25.4242743061144],[92.4636768516055,25.442372305237768],[92.46538019274175,25.448121082022396],[92.48102792330008,25.467452876349228],[92.47201377291736,25.466285380965587],[92.46590904446691,25.471405800537298],[92.46043648725413,25.472261697919066],[92.45362154799608,25.467926721940728],[92.44793299161432,25.467286758976798],[92.44505316007536,25.469384414159435],[92.4394448897699,25.461144715855994],[92.43329373651676,25.45784279740724],[92.4270094413327,25.459094330838752],[92.4180506028531,25.456349769925964],[92.41330678068346,25.453270446274132],[92.4039325831223,25.458243843778405],[92.39626187598486,25.452314296067982],[92.3895239771499,25.45316345572894],[92.38450084803577,25.455730298914204],[92.37555911376216,25.45424583118023],[92.37397762626648,25.451183456151625],[92.37181703292981,25.450397785929113],[92.32777767300126,25.45972140561844],[92.31390847769416,25.45724048635941],[92.31455578811921,25.450508148032668],[92.31187079560078,25.444174947715737],[92.30329083520394,25.440857091481632],[92.288166042429,25.438750958390074],[92.27916209215687,25.43482636554438],[92.26635635775978,25.42644016138439],[92.26501355483174,25.423658639234873],[92.2666121303456,25.419022770784295],[92.26555344033903,25.410878690199468],[92.26068956497153,25.404689376913268],[92.2577321237386,25.403835682870522],[92.25904315451805,25.399750146452163],[92.25825412352901,25.391968941413552],[92.25373542684855,25.390117378514276],[92.24940415427835,25.383628434504715],[92.25000703279841,25.380428543242715],[92.24782041038367,25.377829033982778],[92.24394921838177,25.375280908387253],[92.23873046064233,25.375158401838803],[92.23146724531716,25.369904595720584],[92.22946215915141,25.36631339684584],[92.22182652107716,25.36477243370092],[92.21477875813326,25.366541872309597],[92.20713289836465,25.36474314907713],[92.2039063763782,25.36179408772699],[92.19739375411854,25.37038148191988],[92.1937923974013,25.36497648717517],[92.18432222868796,25.36405159470536],[92.179638665592,25.360511838850357],[92.17268277648901,25.35101740642824],[92.16893109719246,25.348586318603793],[92.16857093580012,25.344114317421884],[92.17630220418346,25.332954510542265],[92.17582506527458,25.32742147392196],[92.17853531525265,25.3210080270988],[92.18546631112144,25.314043256291313],[92.18622049248182,25.30842351693184],[92.18408793371123,25.303444421323036],[92.18990155880994,25.30377349405154],[92.19397418815834,25.29999458598138],[92.19276939968813,25.295206323812863],[92.19407791146648,25.28786446367411],[92.19660550913699,25.285493213141308],[92.19676185537537,25.283069846895955],[92.19088688302327,25.273152781675606],[92.19850401035188,25.26293855886746],[92.19930423070576,25.25816304728687],[92.19545056469184,25.24899798526883],[92.20124456478487,25.239278883313887],[92.20045786573797,25.233728515858388],[92.20598426805958,25.230749166241083],[92.21323041695024,25.232938334636458],[92.2192699013849,25.229451667560454],[92.22366881916071,25.218605470466116],[92.22807414820346,25.21716526736327],[92.23127460064234,25.212474315437362],[92.22958451731171,25.19996608126968],[92.23367487499553,25.198812391378794],[92.23394756562772,25.196106461743852],[92.23144865003525,25.190797982241122],[92.2264510122045,25.188855504178207],[92.22538784267488,25.183885980953335],[92.22740525494862,25.178780696971614],[92.22437834288627,25.172852658323563],[92.22073566501899,25.17317013879091],[92.21904056167261,25.171974867845904],[92.21716788898692,25.167283727961717],[92.21845338891285,25.162591068223264],[92.21425356664884,25.160240399574832],[92.2073791435327,25.16402914442955],[92.20231276332345,25.162129149440773],[92.20875958578631,25.15681023240637],[92.21011851535724,25.152402758480548],[92.20514800827402,25.15075279750363],[92.20098841358447,25.1461722400569],[92.20095211874536,25.144611544886914],[92.2042005410222,25.142143469745406],[92.2044522846453,25.137216610358337],[92.2028592876261,25.135982038140583],[92.1938191837084,25.13581447645697],[92.19075869006156,25.134298015341187],[92.19002532980517,25.13222122173204],[92.21042633081055,25.122522354523085],[92.21545410132575,25.1125221253958],[92.21459960958435,25.105850219711897],[92.21875762956103,25.10065269496596],[92.23928832989259,25.095542908078812],[92.26078033444492,25.08195495595652],[92.27019500689408,25.077774048233778],[92.28770446808682,25.07259941123391],[92.30336761482363,25.070598602243763],[92.31240081824325,25.072145462243327],[92.32760620106541,25.0795421603425],[92.33443450964495,25.078292846437762],[92.34085845965024,25.072902679714957],[92.33427429182518,25.05189895667155],[92.33840942405573,25.04738616943621],[92.3452987669246,25.045192718469252],[92.37272644087261,25.044574737634093],[92.39942169165778,25.03335762055781],[92.41305542017159,25.020523070983018],[92.42534600041762,25.029520000247885],[92.43838500006774,25.031622000055336],[92.44227599963773,25.037708000124155],[92.44702099991929,25.03989800039244]]]}},{"type":"Feature","properties":{"blockName":"Thadlaskein","districtName":"West Jaintia Hills","state":"Meghalaya"},"geometry":{"type":"Polygon","coordinates":[[[92.16227699988372,25.670173999630435],[92.16053924978661,25.66992718609083],[92.15815337807601,25.67015258407457],[92.15699807480138,25.66988556096993],[92.15613488931376,25.669686055367208],[92.15309878078415,25.664829643473297],[92.15408048522625,25.660135867676217],[92.1527613191796,25.656546509713678],[92.15572892544964,25.646647289740656],[92.15382838097509,25.644831843614725],[92.15025422245446,25.646845853753177],[92.14866570765633,25.645030408526566],[92.13930630034554,25.644713955984344],[92.13659783012582,25.642795456545116],[92.13982613996444,25.634562476177393],[92.13974405614334,25.628028745030633],[92.13752123961359,25.624155812840513],[92.14026702270502,25.622996878103493],[92.13983910818837,25.621249561917807],[92.13185887868434,25.61243282801263],[92.12484340949584,25.608803873799786],[92.12746780659404,25.598538726880804],[92.12615092842265,25.590529993364555],[92.12209516675858,25.589172195140748],[92.11930903468425,25.58545147500564],[92.11966778863757,25.581043705202887],[92.11577708134729,25.573576250243832],[92.11027585284836,25.571767981607138],[92.10877975688032,25.56980168410047],[92.10885318652538,25.56414172436115],[92.11714246625189,25.556265617464305],[92.11772276819124,25.553007068821216],[92.09944314648408,25.51196932932112],[92.1014608834131,25.499603302250648],[92.1068211854494,25.495368105154],[92.11102085572799,25.487770949070068],[92.11048008888503,25.479159737232123],[92.1003584117114,25.47436880947305],[92.09718955245592,25.46840493374077],[92.10221581031146,25.465959726560186],[92.10887220628734,25.45923540838743],[92.10995896503425,25.453258237078046],[92.10787665948033,25.44324116274953],[92.11024753049918,25.431039850109073],[92.11498927253695,25.427454630826617],[92.11643492553145,25.42300201902799],[92.11517180793265,25.418030095512563],[92.10497615882275,25.409480949486294],[92.10526113059677,25.407296167084496],[92.10953189588037,25.405253390331723],[92.16768886904612,25.39270418035369],[92.17079895580724,25.39057398500148],[92.17828594134318,25.38890763477957],[92.18730876388838,25.38252446723044],[92.19582419433118,25.373834512552776],[92.19739375411854,25.37038148191988],[92.2039063763782,25.36179408772699],[92.20713289836465,25.36474314907713],[92.21477875813326,25.366541872309597],[92.22182652107716,25.36477243370092],[92.22946215915141,25.36631339684584],[92.23146724531716,25.369904595720584],[92.23873046064233,25.375158401838803],[92.24394921838177,25.375280908387253],[92.24782041038367,25.377829033982778],[92.25000703279841,25.380428543242715],[92.24940415427835,25.383628434504715],[92.25373542684855,25.390117378514276],[92.25825412352901,25.391968941413552],[92.25904315451805,25.399750146452163],[92.2577321237386,25.403835682870522],[92.26068956497153,25.404689376913268],[92.26555344033903,25.410878690199468],[92.2666121303456,25.419022770784295],[92.26501355483174,25.423658639234873],[92.26635635775978,25.42644016138439],[92.27916209215687,25.43482636554438],[92.288166042429,25.438750958390074],[92.30329083520394,25.440857091481632],[92.31187079560078,25.444174947715737],[92.31455578811921,25.450508148032668],[92.31390847769416,25.45724048635941],[92.30173926725342,25.49996647277453],[92.27922178555701,25.551694731326847],[92.28941462158758,25.54928896841119],[92.29660025419844,25.551853004812358],[92.30193105577365,25.551820238013647],[92.3106636868797,25.54507104369378],[92.3178857528253,25.55033817776473],[92.3178857528253,25.554047167143096],[92.32227797694713,25.56112352762875],[92.3313796205731,25.565845513359818],[92.34605315243112,25.58342770362566],[92.35716534830226,25.593573730843048],[92.36509499184046,25.59606956805618],[92.37163758580601,25.594181561929588],[92.37975040325858,25.594854514724148],[92.3806130833272,25.599284054415648],[92.38361062443084,25.60162890534974],[92.39749879723178,25.605510362213522],[92.40413702690233,25.60371409053289],[92.40604926975806,25.606544210247137],[92.40956779801553,25.607653311750994],[92.41268892935068,25.61208547386559],[92.41757517805206,25.61270077921762],[92.42167795447409,25.628063870751078],[92.4290347640432,25.632688151437094],[92.43473337304681,25.63336544525913],[92.44102860128896,25.6377910396248],[92.44382518618346,25.646683439788944],[92.45086993370052,25.645585888278163],[92.45220858266003,25.638024907423585],[92.45630128037982,25.635444729091034],[92.45963771840604,25.63677930412166],[92.46181752485893,25.639648640572375],[92.46203995418063,25.642273305668596],[92.45930575795444,25.647099398718353],[92.46221091440225,25.64931731304364],[92.46755265263289,25.647474256831515],[92.47020790277253,25.640383178041304],[92.47492487568252,25.643725669404148],[92.49048449336476,25.64500361052825],[92.48255199987494,25.66178100019306],[92.47588299990059,25.67121099978789],[92.47277799970499,25.67284999982769],[92.46669000044324,25.68037599975264],[92.46112800025708,25.680889000027378],[92.44128399975682,25.68717200018773],[92.44174200019319,25.68607900014581],[92.43561600007843,25.685485999779132],[92.43342599981008,25.688973999650386],[92.43464700035884,25.693191999910937],[92.432837999674,25.70221899980703],[92.42853499999029,25.708384999967848],[92.43096899981953,25.711239000279704],[92.43777499981644,25.713560000293853],[92.4433359999565,25.718814999812423],[92.43450900029018,25.729419999633308],[92.41834300032929,25.72767300000902],[92.41413899981507,25.7309629997427],[92.41383400013905,25.735393999933194],[92.41777800035447,25.738499000128797],[92.41212499956913,25.74113800041846],[92.40618099975342,25.741703000393215],[92.39615599969966,25.739503999709882],[92.38836700023694,25.741141999703586],[92.38495600031922,25.745475999917517],[92.38837399966042,25.750525999875038],[92.3865360003362,25.75159799984789],[92.37290200022721,25.744530000359305],[92.36897299980416,25.740445999982967],[92.36975099970891,25.738503000313244],[92.3644180001906,25.734574999936342],[92.35324900044105,25.732941000127084],[92.34046199982151,25.72495299958132],[92.33497600044211,25.723326000094858],[92.3191380003185,25.72192400019253],[92.30975300010095,25.724281000068174],[92.30757899967114,25.721262000241154],[92.29507400036488,25.71545599959478],[92.28611800014562,25.714019999923096],[92.27201800013069,25.709114000310933],[92.24958799998626,25.709175000426],[92.23838000023687,25.706612000043833],[92.23538999994861,25.708294000267927],[92.2341840000916,25.7133460003177],[92.23056799971346,25.714453000105948],[92.22648600032869,25.71221200018374],[92.21218099985333,25.694174000229964],[92.20310200025716,25.687997999608058],[92.20162999982472,25.685558000401443],[92.1935420000633,25.684592999967037],[92.18947599961774,25.681715000347026],[92.17251599991351,25.66518599983408],[92.17132599989503,25.66470900032016],[92.16227699988372,25.670173999630435]]]}},{"type":"Feature","properties":{"blockName":"Resubelpara","districtName":"North Garo Hills","state":"Meghalaya"},"geometry":{"type":"Polygon","coordinates":[[[90.5173655678667,25.89607009985525],[90.51295171774763,25.889496258045938],[90.50870684214709,25.873577975443254],[90.4747478382422,25.849700549740646],[90.47952332284314,25.838557750839584],[90.47758243208364,25.805381705701222],[90.48502280395928,25.80385547525003],[90.49325951381559,25.8042089366931],[90.49541848477531,25.803822594237374],[90.499850055136,25.801731801781273],[90.50162268274067,25.80141363782917],[90.50861514367398,25.800494429074718],[90.51696539024061,25.800903994723626],[90.5221642810568,25.799961918008137],[90.52728310163388,25.799024983616164],[90.53079306384888,25.798373177480187],[90.53266187754366,25.7981437748154],[90.53502350622989,25.798567953548286],[90.53752381846948,25.799107326442027],[90.53987549166067,25.79936855431538],[90.54297794587558,25.79941436667974],[90.54832833378566,25.79943520756882],[90.55279048559248,25.801434056036896],[90.55886198139541,25.804402511266915],[90.56398415734304,25.806811134925965],[90.56958991314406,25.809994604567407],[90.57973505183122,25.816239440198046],[90.58622041743837,25.81935422501755],[90.59098164598623,25.82094970956149],[90.59485742722853,25.819132936935546],[90.60174039660205,25.81487025655713],[90.60346508494575,25.810120295615206],[90.60329861593846,25.805837643992106],[90.59921180877802,25.800984561388475],[90.59465992711398,25.79640625044817],[90.5946346570638,25.789137467420232],[90.59353395073128,25.786463953848454],[90.59038770492867,25.78483341822772],[90.58784999887843,25.781838353856983],[90.58578079644667,25.780803753090765],[90.58394348690246,25.780001045212146],[90.5810833019529,25.777670800167357],[90.5792554946454,25.77567930905292],[90.57903724896994,25.771587203986314],[90.57664481490633,25.76508024655618],[90.57207718971057,25.764590858881093],[90.5691741880384,25.76355198273785],[90.56765368626867,25.762052599747733],[90.5671679714248,25.757997929860608],[90.5668839826098,25.755029321745837],[90.5641423993523,25.75274466783219],[90.558511359112,25.75046064434332],[90.55564601924846,25.74873812786234],[90.55515503887398,25.745184654648142],[90.55734965716101,25.74338905835839],[90.5650331157857,25.740788811654397],[90.5700338149087,25.73975351121561],[90.57803126103391,25.739114048274757],[90.61273524983199,25.74500893521423],[90.62981617237853,25.751164927719287],[90.63281688359234,25.753876124683472],[90.639150957151,25.762212111599695],[90.64393302209135,25.768698083349932],[90.65124419466389,25.776796944223634],[90.65514079431227,25.78116946419948],[90.66922907256372,25.801869435825836],[90.6702328652546,25.804002493720134],[90.67076011528712,25.806051054012983],[90.67207668139378,25.808985115570692],[90.67414557086147,25.812521036716532],[90.67799890412618,25.81804973320868],[90.68962804829584,25.835690743632938],[90.6983155010596,25.83702464417206],[90.72040980137132,25.835256089596896],[90.71784850970101,25.828698367235916],[90.71671540888906,25.82435941985142],[90.71400571828934,25.81124897895728],[90.71620426931162,25.803470506059057],[90.7212317988085,25.81019636926709],[90.72088005596987,25.799563660434615],[90.72363759320041,25.79603742588654],[90.72738809258647,25.79481738401512],[90.73048338460057,25.79479479034734],[90.73355608384622,25.795201470971165],[90.73625160382852,25.794918751099544],[90.74426816234586,25.79026991532436],[90.75849922236131,25.78438361511178],[90.76344489376692,25.78083936444517],[90.778521658248,25.777616800375085],[90.78223007206026,25.777218363836482],[90.7845697653824,25.775446390938214],[90.79034834210239,25.76919800118685],[90.78785264698212,25.78526785282918],[90.78888965343481,25.79442056175958],[90.79122363786064,25.79907588974055],[90.77929005339331,25.80823973767383],[90.77334824432609,25.81774663290082],[90.76978315906558,25.82725352722855],[90.76938703828125,25.836760421556278],[90.76701031357516,25.84626731678327],[90.75908790238486,25.85220912585055],[90.75681020922383,25.857853844779186],[90.75676069435065,25.86830152529518],[90.75705778358991,25.871965641201427],[90.76062286974968,25.878105510660816],[90.7661685589319,25.87949193340603],[90.77646769482828,25.876719088814923],[90.78429107627221,25.87998708393684],[90.79013385559301,25.880977384998346],[90.79932434144524,25.885123869371114],[90.79699207022793,25.889827283202635],[90.7953929614161,25.893379988395793],[90.79365273638473,25.896810717640562],[90.79179021794425,25.89868177424455],[90.790343618863,25.898599489874584],[90.78683349836729,25.898048068763387],[90.78524061556203,25.8976649710616],[90.7815104489481,25.897302035260793],[90.77809707032361,25.898640281323992],[90.77408116841127,25.90250172557421],[90.77401211756523,25.90809800521879],[90.77244600038267,25.908139999961065],[90.7611540003569,25.91070400038933],[90.76239800016765,25.921272000302622],[90.75351000038626,25.91887699957391],[90.74889399975837,25.911928000177113],[90.74579599988556,25.91257300024381],[90.74398800014615,25.914850000027513],[90.74963399970937,25.92156600037066],[90.75610400039938,25.933592000070803],[90.75095400032689,25.931955000123196],[90.74759700020144,25.932421000029194],[90.74377400017005,25.940536000136376],[90.74819199976105,25.946141999653605],[90.74728400015653,25.94906000021888],[90.74953499964056,25.952270999906773],[90.75093799958904,25.956946999704314],[90.73579399999318,25.952204000414326],[90.72890499976597,25.94840399964494],[90.72418999996859,25.948815999758608],[90.72126800011819,25.954354999783448],[90.71662900022824,25.951838999770075],[90.71226450130575,25.951618538165064],[90.68960599961724,25.95047399977534],[90.67920700030288,25.936156999645846],[90.65755500006327,25.929351999695086],[90.64139600042512,25.92303299967324],[90.6347091264251,25.918993319686024],[90.63091299993505,25.91669999990512],[90.63042399986773,25.910983999811776],[90.63250699969831,25.906259999599342],[90.62835699987568,25.89860700011303],[90.61777500021617,25.899231000110603],[90.6143260003447,25.907166000010932],[90.61167100021652,25.90773600021629],[90.61009200024569,25.912000999946258],[90.61116000003403,25.919296000010434],[90.63261400013607,25.93713599982658],[90.60902399955802,25.946665000389487],[90.60557599973265,25.95150200041701],[90.595520000048,25.951835999631726],[90.59213338434824,25.95316469219682],[90.58613599987655,25.959517000409278],[90.58247400007508,25.95775400004709],[90.57645400035187,25.947881999854474],[90.57501999987318,25.938769999635838],[90.56690999999654,25.935308000064197],[90.5570219999654,25.92886499972002],[90.55048399973685,25.91962800003222],[90.54284700008907,25.915226000279745],[90.52913700007258,25.900778000404443],[90.52169000019342,25.896262999937562],[90.5173655678667,25.89607009985525]]]}},{"type":"Feature","properties":{"blockName":"Dalu","districtName":"West Garo Hills","state":"Meghalaya"},"geometry":{"type":"Polygon","coordinates":[[[90.29142439811756,25.34965941215222],[90.28311908078103,25.34710639064747],[90.27675190587581,25.348925583349057],[90.2715975270043,25.353170367218695],[90.26644314723353,25.354383162353088],[90.23582006964057,25.354383162353088],[90.22126652712859,25.346196794746334],[90.219447334427,25.337100831238445],[90.21217056362065,25.327095270930045],[90.2033777984467,25.324366481428],[90.19822341957519,25.325276078228455],[90.1954946300732,25.328914463631634],[90.19579782930646,25.33285604736875],[90.19943621470958,25.337404029572383],[90.21277696118784,25.33982961984111],[90.21520255145663,25.342861607677094],[90.21671854582428,25.353473565552633],[90.21489935312269,25.35741515018907],[90.20095220817791,25.363479125861033],[90.18215388359494,25.3762134747721],[90.16669074518182,25.379245462608083],[90.14667962456508,25.36560151689656],[90.14334443839516,25.364388721762168],[90.13158504721224,25.364224556817874],[90.10454867907833,25.35579655396782],[90.08459001321859,25.343416646760886],[90.05623155534204,25.332483566163717],[90.05040895141201,25.32717472153621],[90.03682287617488,25.321009611704255],[90.01836883545343,25.31796779427833],[90.01128048610559,25.314892701936685],[90.00513177541114,25.29545069839105],[90.00686043156372,25.277851672816496],[90.00848388682198,25.274656296151193],[90.03092956574693,25.2637481690428],[90.0493850705646,25.25751686101438],[90.10777282685456,25.226512908843745],[90.13192749016162,25.222536086970877],[90.21022033699899,25.203435897748534],[90.2773056031711,25.192178725767633],[90.27428199431864,25.2032671282754],[90.27473356100512,25.21297582777231],[90.27631404755533,25.216362582866964],[90.28037815402865,25.220878256926085],[90.2873774489102,25.225168148091598],[90.29866663495727,25.230135389736517],[90.3092784687264,25.23194165918028],[90.31401992747772,25.23442528000271],[90.3156004131286,25.237586252203812],[90.3144714941642,25.246391816529183],[90.30747219928264,25.25700365119758],[90.3076090464204,25.262690801939016],[90.30278603444799,25.267324056959694],[90.30506988886435,25.270290280072402],[90.30450246072007,25.27410707388242],[90.29870354763068,25.2773722271466],[90.29749844619641,25.28262943180289],[90.30157317186445,25.28566178566291],[90.30197880477806,25.29170128268811],[90.29935084906248,25.29466932692793],[90.30160500246893,25.300330617663917],[90.30387612338444,25.29932442468248],[90.30485356773801,25.30050310763238],[90.30533748213912,25.308345261524664],[90.31143584518816,25.30853290327093],[90.31334353837366,25.304248412534264],[90.31719019866881,25.30822016672738],[90.31518868461018,25.310878427797263],[90.31558172521653,25.315694272172948],[90.31665410740118,25.318138305738273],[90.31932259286344,25.318188183937593],[90.32261375721919,25.321490204909082],[90.32473443234824,25.331781646206082],[90.31200389656266,25.33601500149115],[90.3012436296898,25.348399876553117],[90.29755531392664,25.349347148652043],[90.29296003457802,25.347936317407175],[90.29142439811756,25.34965941215222]]]}},{"type":"Feature","properties":{"blockName":"Songsak","districtName":"East Garo Hills","state":"Meghalaya"},"geometry":{"type":"Polygon","coordinates":[[[90.47758243208364,25.805381705701222],[90.47088178856376,25.80648519993207],[90.46260759226664,25.799321393867274],[90.45443239603833,25.785882358683978],[90.45066374383674,25.78157532733951],[90.44653005411874,25.77333410558458],[90.4435611033623,25.768389362279322],[90.44253716495825,25.765433904051463],[90.42942869268006,25.748726075148284],[90.4275380812175,25.745485026412894],[90.42373990607189,25.741712813795345],[90.41444420583548,25.736049424941086],[90.41048223716558,25.734648010497324],[90.42324783032319,25.723157001294624],[90.43131643620461,25.7196424147657],[90.44048351809994,25.711834449500316],[90.45139084121439,25.69652499892959],[90.4551650233472,25.68452613986949],[90.47286610488686,25.682294776183028],[90.47662078072449,25.673342398432965],[90.48593529837535,25.66962199395988],[90.492423362848,25.669711900983486],[90.50408283305637,25.663950460845115],[90.51219866683505,25.66669342636061],[90.5179330571649,25.665599073738292],[90.52216959245277,25.66272876422113],[90.52806292446445,25.655222302067614],[90.5315629716539,25.62116880729468],[90.53381113377685,25.61933103639825],[90.54328763012012,25.61765777938308],[90.5539686280498,25.619891999316394],[90.56218501772446,25.618620638531695],[90.57074410575592,25.610558396253055],[90.57596557315276,25.608997298186807],[90.61894574395097,25.615960029331916],[90.62292944383881,25.612998320815905],[90.6258039882635,25.6001886959516],[90.63146426456422,25.591307182980188],[90.63983383126634,25.586683621751774],[90.65954718275634,25.583228042440282],[90.66141778790063,25.58108861554723],[90.66240709071474,25.5723967363204],[90.67555978355722,25.5657825131525],[90.67785386506387,25.557254543462477],[90.67623582912029,25.54947486277473],[90.67804450874712,25.54311380865539],[90.69441430137897,25.537507828023877],[90.70403552831704,25.538701464001406],[90.71225978256297,25.54431775446085],[90.72832077948044,25.55150752395309],[90.73162533923806,25.550335464510113],[90.74075154334912,25.54123633089199],[90.74895874554971,25.53788292086017],[90.75761713582222,25.538661770624287],[90.76268960444173,25.544539847436056],[90.77142641919397,25.550050548494085],[90.77623323977224,25.55949003054053],[90.77795750363595,25.561367301459825],[90.76679843150248,25.562114308928244],[90.73373348321371,25.575761976933734],[90.72711631296755,25.58084475538118],[90.72598091888437,25.588536134335186],[90.72877528874864,25.59621610898631],[90.75761043227567,25.627613637759225],[90.75632120645855,25.639053081634472],[90.75428219067061,25.64304848889668],[90.74452881555243,25.65255562963864],[90.74047082536833,25.662196404240717],[90.72907229345162,25.68007872165572],[90.71872640090271,25.68908792666656],[90.69765249206893,25.697609941045982],[90.68893120141388,25.704634148047546],[90.69348375577079,25.716373067063444],[90.70291088472959,25.73281076210702],[90.70830469910265,25.74761438629497],[90.71059213731735,25.760908393207842],[90.7123863468525,25.796556358089504],[90.71620426931162,25.803470506059057],[90.71400571828934,25.81124897895728],[90.71671540888906,25.82435941985142],[90.71784850970101,25.828698367235916],[90.72040980137132,25.835256089596896],[90.6983155010596,25.83702464417206],[90.68962804829584,25.835690743632938],[90.67799890412618,25.81804973320868],[90.67414557086147,25.812521036716532],[90.67207668139378,25.808985115570692],[90.67076011528712,25.806051054012983],[90.6702328652546,25.804002493720134],[90.66922907256372,25.801869435825836],[90.65514079431227,25.78116946419948],[90.65124419466389,25.776796944223634],[90.64393302209135,25.768698083349932],[90.639150957151,25.762212111599695],[90.63281688359234,25.753876124683472],[90.62981617237853,25.751164927719287],[90.61273524983199,25.74500893521423],[90.57803126103391,25.739114048274757],[90.5700338149087,25.73975351121561],[90.5650331157857,25.740788811654397],[90.55734965716101,25.74338905835839],[90.55515503887398,25.745184654648142],[90.55564601924846,25.74873812786234],[90.558511359112,25.75046064434332],[90.5641423993523,25.75274466783219],[90.5668839826098,25.755029321745837],[90.5671679714248,25.757997929860608],[90.56765368626867,25.762052599747733],[90.5691741880384,25.76355198273785],[90.57207718971057,25.764590858881093],[90.57664481490633,25.76508024655618],[90.57903724896994,25.771587203986314],[90.5792554946454,25.77567930905292],[90.5810833019529,25.777670800167357],[90.58394348690246,25.780001045212146],[90.58578079644667,25.780803753090765],[90.58784999887843,25.781838353856983],[90.59038770492867,25.78483341822772],[90.59353395073128,25.786463953848454],[90.5946346570638,25.789137467420232],[90.59465992711398,25.79640625044817],[90.59921180877802,25.800984561388475],[90.60329861593846,25.805837643992106],[90.60346508494575,25.810120295615206],[90.60174039660205,25.81487025655713],[90.59485742722853,25.819132936935546],[90.59098164598623,25.82094970956149],[90.58622041743837,25.81935422501755],[90.57973505183122,25.816239440198046],[90.56958991314406,25.809994604567407],[90.56398415734304,25.806811134925965],[90.55886198139541,25.804402511266915],[90.55279048559248,25.801434056036896],[90.54832833378566,25.79943520756882],[90.54297794587558,25.79941436667974],[90.53987549166067,25.79936855431538],[90.53752381846948,25.799107326442027],[90.53502350622989,25.798567953548286],[90.53266187754366,25.7981437748154],[90.53079306384888,25.798373177480187],[90.52728310163388,25.799024983616164],[90.5221642810568,25.799961918008137],[90.51696539024061,25.800903994723626],[90.50861514367398,25.800494429074718],[90.50162268274067,25.80141363782917],[90.499850055136,25.801731801781273],[90.49541848477531,25.803822594237374],[90.49325951381559,25.8042089366931],[90.48502280395928,25.80385547525003],[90.47758243208364,25.805381705701222]]]}},{"type":"Feature","properties":{"blockName":"Samanda","districtName":"East Garo Hills","state":"Meghalaya"},"geometry":{"type":"Polygon","coordinates":[[[90.41048223716558,25.734648010497324],[90.40899740610547,25.725898258997518],[90.41810539085117,25.712805083288004],[90.42135307928123,25.710298912864573],[90.42297312071298,25.704018954211392],[90.42984372620708,25.690546460650694],[90.42877729843366,25.686420470028736],[90.43054784770504,25.67465275382159],[90.42097948741349,25.630301154674612],[90.41787035213508,25.600523277926982],[90.40739699147804,25.57963528683905],[90.41621410129977,25.539806930445536],[90.40489990150928,25.5144461584635],[90.39270046755257,25.500178351249986],[90.38334483739436,25.49220735688408],[90.38233966424417,25.488965857588312],[90.37785176664579,25.484117616934498],[90.36410751594917,25.475311307071195],[90.35988121134886,25.46959494904769],[90.35742063025793,25.459993314739734],[90.35815791695438,25.451570871498575],[90.37827093435618,25.44839525293861],[90.38536114889797,25.44854044488568],[90.39258847677684,25.446109659233457],[90.42390367081782,25.45009218280802],[90.43217607116878,25.449297504975902],[90.4716031662532,25.435044840546993],[90.48233921798061,25.435044840546993],[90.51607841138963,25.418360746551286],[90.53652046734572,25.412965373653094],[90.54393078208,25.412710473409675],[90.54765410215515,25.41756405963372],[90.55485931300694,25.41973921749093],[90.57143428236628,25.418162619609234],[90.58433062076159,25.41148174048999],[90.59040559514216,25.39735596770379],[90.59662031157819,25.388852745557813],[90.60177067407739,25.393734567796116],[90.61036743111214,25.407137059028116],[90.6127475795372,25.400757336781737],[90.6236058410368,25.40256238404686],[90.62970552878716,25.397237088121187],[90.63132708018065,25.401407529533913],[90.63217696649389,25.415801158196928],[90.63466309822348,25.4212849740224],[90.63744139450483,25.420585240316655],[90.63885319611819,25.414286835668975],[90.642973352838,25.41139258170233],[90.64975957854176,25.413307048581487],[90.6542553667918,25.416989159022535],[90.6712123969346,25.432414784914442],[90.68514144931851,25.44759358647491],[90.69807238643153,25.472035231540758],[90.70893427489693,25.474795845352048],[90.71855546676142,25.481743492168505],[90.72987404355234,25.501979266130263],[90.74859402819192,25.52181092973069],[90.75761713582222,25.538661770624287],[90.74895874554971,25.53788292086017],[90.74075154334912,25.54123633089199],[90.73162533923806,25.550335464510113],[90.72832077948044,25.55150752395309],[90.71225978256297,25.54431775446085],[90.70403552831704,25.538701464001406],[90.69441430137897,25.537507828023877],[90.67804450874712,25.54311380865539],[90.67623582912029,25.54947486277473],[90.67785386506387,25.557254543462477],[90.67555978355722,25.5657825131525],[90.66240709071474,25.5723967363204],[90.66141778790063,25.58108861554723],[90.65954718275634,25.583228042440282],[90.63983383126634,25.586683621751774],[90.63146426456422,25.591307182980188],[90.6258039882635,25.6001886959516],[90.62292944383881,25.612998320815905],[90.61894574395097,25.615960029331916],[90.57596557315276,25.608997298186807],[90.57074410575592,25.610558396253055],[90.56218501772446,25.618620638531695],[90.5539686280498,25.619891999316394],[90.54328763012012,25.61765777938308],[90.53381113377685,25.61933103639825],[90.5315629716539,25.62116880729468],[90.52806292446445,25.655222302067614],[90.52216959245277,25.66272876422113],[90.5179330571649,25.665599073738292],[90.51219866683505,25.66669342636061],[90.50408283305637,25.663950460845115],[90.492423362848,25.669711900983486],[90.48593529837535,25.66962199395988],[90.47662078072449,25.673342398432965],[90.47286610488686,25.682294776183028],[90.4551650233472,25.68452613986949],[90.45139084121439,25.69652499892959],[90.44048351809994,25.711834449500316],[90.43131643620461,25.7196424147657],[90.42324783032319,25.723157001294624],[90.41048223716558,25.734648010497324]]]}},{"type":"Feature","properties":{"blockName":"Chokpot","districtName":"South Garo Hills","state":"Meghalaya"},"geometry":{"type":"Polygon","coordinates":[[[90.31719019866881,25.30822016672738],[90.33767077078949,25.317344347363814],[90.34331536381308,25.318021698742427],[90.35866865633346,25.314860726541326],[90.36386168087193,25.309103242520678],[90.36995784148127,25.308538783038443],[90.37266724609657,25.310345052482262],[90.37413483985102,25.31858615822466],[90.37695713636282,25.321747130425763],[90.38361775555501,25.322085805215806],[90.39304422621012,25.326093466640202],[90.40529299247765,25.32795618203221],[90.40653480243924,25.325811236899142],[90.40563166816702,25.324456535041122],[90.39501983349857,25.321521346632892],[90.38260172938635,25.31452205175134],[90.37729581205213,25.310119268689334],[90.36860313872393,25.297814056473555],[90.35584635982173,25.293637058103798],[90.35257249572413,25.291492112970673],[90.3524596038277,25.289347167837605],[90.35505611654662,25.28787957318383],[90.36487770793991,25.2876537893909],[90.37232857040726,25.28946005973404],[90.38023100046036,25.295556219443995],[90.38350486365857,25.306168054112447],[90.38835921430638,25.308200107349137],[90.39219753698683,25.30740986407403],[90.38835921430638,25.296233570822665],[90.38948813237147,25.292395248142213],[90.3919717531939,25.291830788660036],[90.40201912838012,25.29476597706821],[90.41296963873788,25.29386284189667],[90.42600864738125,25.28816180292489],[90.42916961958235,25.284097696451568],[90.4300727547539,25.278904671013834],[90.43910410287214,25.270324889582014],[90.44068458852303,25.26671235069449],[90.44271664265898,25.250455923002505],[90.4357173468781,25.249552788730284],[90.43210480799053,25.25768100257625],[90.41788043443455,25.265583431730022],[90.41155849003235,25.2646802974578],[90.41110692244655,25.26219667663537],[90.41313897568324,25.259035704434268],[90.42984697096102,25.249552788730284],[90.43955567045788,25.240521439712722],[90.44384556072413,25.23894095406183],[90.4476838843039,25.23871517026896],[90.4580699342801,25.244585547085364],[90.45468317918545,25.255648948440296],[90.45626366483634,25.261067757670958],[90.46258560833923,25.265583431730022],[90.4628113921321,25.268744403931123],[90.4580699342801,25.273711645576043],[90.45332847642811,25.275743698812676],[90.45287690884231,25.278227319635164],[90.45445739539252,25.280485156664724],[90.4580699342801,25.280710940457595],[90.4722943087354,25.275292131226934],[90.47726155038032,25.270324889582014],[90.47726155038032,25.26626078310869],[90.46890755274143,25.26535764793715],[90.46755284998409,25.26355137849339],[90.46868176894856,25.26016462339868],[90.47613263141585,25.2615193252567],[90.47906781982408,25.2579067854698],[90.46664971571187,25.245940248943384],[90.46619814812607,25.24255349384873],[90.46845598515563,25.242327710055804],[90.4831319262974,25.251133274381175],[90.48606711470563,25.254520030375147],[90.48742181656365,25.26174510904957],[90.49855747035105,25.264605399219874],[90.50090576029265,25.271446070779575],[90.50356034943064,25.274100659018245],[90.51366290791691,25.27552076407204],[90.51332635103034,25.283298298078023],[90.51681493995756,25.29952031321193],[90.52228652949981,25.311493045167936],[90.52226105620286,25.319233637722277],[90.517399542455,25.326966575247297],[90.51797617605973,25.33765108323098],[90.5286482716005,25.346308223445817],[90.54470592933524,25.35129264843704],[90.5658923136794,25.364141819189626],[90.58603200317447,25.388511351217915],[90.59040559514216,25.39735596770379],[90.58433062076159,25.41148174048999],[90.57143428236628,25.418162619609234],[90.55485931300694,25.41973921749093],[90.54765410215515,25.41756405963372],[90.54393078208,25.412710473409675],[90.53652046734572,25.412965373653094],[90.51607841138963,25.418360746551286],[90.48233921798061,25.435044840546993],[90.4716031662532,25.435044840546993],[90.43217607116878,25.449297504975902],[90.42390367081782,25.45009218280802],[90.39258847677684,25.446109659233457],[90.38536114889797,25.44854044488568],[90.37827093435618,25.44839525293861],[90.35815791695438,25.451570871498575],[90.33721864472471,25.46106082169962],[90.33361393083828,25.461402500225233],[90.30877461635549,25.475018709046253],[90.30495336910275,25.472125479407396],[90.3017551721635,25.462712612796906],[90.30091401107279,25.446451509529595],[90.2988787661422,25.443487906142025],[90.29577233962186,25.442702373515772],[90.29362984334267,25.43873227587386],[90.29739155457662,25.427475698344836],[90.29731406719048,25.426080924495125],[90.29486029756475,25.425176903491376],[90.29555768493924,25.420088560039062],[90.29364632701646,25.41864212733236],[90.2940741489029,25.416038438922897],[90.29155182305823,25.413192054969386],[90.29038144175018,25.408294212208204],[90.29386496929294,25.400208272793577],[90.29300249337041,25.396693681768056],[90.29414527448489,25.3943003106109],[90.29186613251608,25.39178172414728],[90.28767852484413,25.39055146597741],[90.28694647489993,25.388201336022917],[90.28968107402238,25.379629990231933],[90.29310234599654,25.383473098204945],[90.29564669084215,25.38419622777377],[90.30028007626458,25.380982318779047],[90.2993243334513,25.3769176403369],[90.295093887473,25.373728535543535],[90.29593693624065,25.370074257321164],[90.29392686783075,25.36628818255366],[90.29675299185715,25.358497879073923],[90.29203077140306,25.35350754913412],[90.29142439811756,25.34965941215222],[90.29296003457802,25.347936317407175],[90.29755531392664,25.349347148652043],[90.3012436296898,25.348399876553117],[90.31200389656266,25.33601500149115],[90.32473443234824,25.331781646206082],[90.32261375721919,25.321490204909082],[90.31932259286344,25.318188183937593],[90.31665410740118,25.318138305738273],[90.31558172521653,25.315694272172948],[90.31518868461018,25.310878427797263],[90.31719019866881,25.30822016672738]]]}},{"type":"Feature","properties":{"blockName":"Mawkyrwat","districtName":"South West Khasi Hills","state":"Meghalaya"},"geometry":{"type":"Polygon","coordinates":[[[91.54362295833295,25.40628370762704],[91.53045774243094,25.406873301361827],[91.52569237340435,25.40974663709767],[91.52128899589053,25.409050687739125],[91.50933973803853,25.412974835420357],[91.503852903189,25.411897979108517],[91.49934036686449,25.41343634411203],[91.4905154320416,25.41295437764245],[91.4817797378447,25.419362925858366],[91.47858321364447,25.418574183551755],[91.47592764874207,25.419595555290698],[91.46974835300415,25.424651343284893],[91.48281601584654,25.442064435825102],[91.47313213763812,25.442262971958655],[91.46608926340883,25.444610597301278],[91.45552494981666,25.455028182904357],[91.45068297384023,25.456348721316488],[91.43938502839643,25.463538324434182],[91.43322251310855,25.47307554929722],[91.41585741109071,25.488612024725228],[91.41326152969589,25.485892437086363],[91.40389664191656,25.485139632588016],[91.39649400919126,25.47902388834183],[91.3935269011456,25.47858967767155],[91.39088545200207,25.478155467001272],[91.38878676619635,25.475839674961094],[91.38904005575404,25.467734406417776],[91.387536177053,25.463702768168275],[91.38585159577457,25.46261480972572],[91.38378096611876,25.46314124137524],[91.38304396180945,25.46408881744503],[91.38124776207462,25.46601322902734],[91.37690930302199,25.46833740364832],[91.3708664488276,25.4696079523452],[91.36702995356956,25.47558089144502],[91.36494371887756,25.476851815159193],[91.36146666195697,25.473998230334132],[91.358229401166,25.473662514313617],[91.3557355118844,25.47550895197662],[91.35317338204601,25.48263380840359],[91.34850695822962,25.48307043285422],[91.34798846669446,25.47837672090901],[91.3438274357876,25.472070553313415],[91.34569260183218,25.468392031167355],[91.34463829332265,25.463146956566845],[91.34309738413702,25.45835764309078],[91.33283118231327,25.435074106285015],[91.32742262355526,25.427136640443678],[91.3232171760319,25.42553192975481],[91.31668112283563,25.42244390156486],[91.3146863330079,25.419814405310603],[91.31408185189599,25.416278187388514],[91.31320420530989,25.41150880198967],[91.3107650029026,25.407253172296123],[91.30257775396024,25.401645573784265],[91.29120918205814,25.399288310407258],[91.28597224272488,25.397719911644685],[91.28311379706412,25.39839407402735],[91.27979692019176,25.400982855274606],[91.27550925125098,25.40470422831754],[91.27389211912606,25.408788071312472],[91.27545999987916,25.41267873903263],[91.27200485494018,25.41659844136501],[91.27078539133282,25.417730800236313],[91.26711858105773,25.41967201385239],[91.26598229124983,25.423343104001106],[91.26598229124983,25.42648975269998],[91.26160826580889,25.431854114276007],[91.25922929639495,25.43245723381432],[91.25460526302254,25.438455769418283],[91.255389288385,25.439961098725803],[91.25181413161692,25.44751910642168],[91.24974430325705,25.44720549573708],[91.24697102429337,25.449000259254603],[91.2465845001746,25.456408646741693],[91.24484513939171,25.457600431015123],[91.24165631158957,25.457632641133557],[91.2413664187253,25.455989911605172],[91.24188178421701,25.45367076419444],[91.23994916182443,25.451705931683478],[91.2421716779806,25.448194999999316],[91.2398983213505,25.44684076309079],[91.23939411284806,25.44590991531038],[91.23629128631387,25.44315615703107],[91.2315594772881,25.44195381201888],[91.23004684998222,25.44412579077266],[91.22788524041158,25.453443774410687],[91.22446052583268,25.45404626981957],[91.22011621219349,25.452016810227633],[91.2197991094414,25.45055813504996],[91.21853069663439,25.450843528606015],[91.21502020921537,25.451946074052103],[91.20719587808736,25.450010581023548],[91.20414850734778,25.44416292288065],[91.20365433887667,25.442392153275307],[91.20011279966604,25.441856804847703],[91.20023634133412,25.444080562068336],[91.20167766589162,25.447951546326863],[91.20221301431923,25.451493086436813],[91.20105995485306,25.45256378419134],[91.19649655377299,25.45511543872658],[91.19131274188959,25.45806240015969],[91.1894309473804,25.45745880577931],[91.18598690816935,25.455505999902016],[91.1862196122454,25.452644180884306],[91.18529865520884,25.45077051085042],[91.18323444221579,25.44956374027447],[91.18009048788576,25.449500226554278],[91.17681950431671,25.449055626915708],[91.17136521683136,25.441577330629343],[91.16931426703985,25.440663051958325],[91.1622224292218,25.441577330629343],[91.15712345308498,25.43867260585614],[91.15641966883271,25.436290567056062],[91.15620311927859,25.434368695159208],[91.15430831607597,25.433123538820325],[91.1514919469958,25.432326682830194],[91.14996356356767,25.431890001722252],[91.14534722119737,25.43295051285594],[91.14275832663554,25.4314221294278],[91.14169781640118,25.429207532701525],[91.14302602243305,25.423529767285004],[91.14481473980845,25.42170299060058],[91.14660345808318,25.419723983874803],[91.14652734306247,25.417250224118618],[91.1463370537121,25.41641295169643],[91.14717432613429,25.415461505843894],[91.14854533360034,25.40993992029115],[91.15008785706902,25.409906454719135],[91.1509901621663,25.407026017936403],[91.15432175104803,25.405186702904075],[91.156588449997,25.402703756573146],[91.15946038638776,25.401781900214587],[91.16364419442408,25.40039911612638],[91.16616157040022,25.399796364410747],[91.16845022899491,25.396289470682575],[91.16828561618831,25.394204376330947],[91.16672179587425,25.391707751311742],[91.16463192882054,25.388964791192222],[91.16051349700035,25.383816751641803],[91.15558467978917,25.383450087251788],[91.15019571096337,25.38019636976668],[91.14863663817039,25.378976226271902],[91.14843328077137,25.374129543243896],[91.14416277629113,25.373655042945927],[91.14138356000336,25.375112436589745],[91.13755366307117,25.372841613349806],[91.13725377783965,25.371005017867333],[91.13752594506639,25.3685283029389],[91.1371176951256,25.367004169706718],[91.13589294530323,25.365588903904836],[91.13371561288528,25.363656520731922],[91.1308850803822,25.363438787669963],[91.128245064758,25.36264950487083],[91.12735996369145,25.359568455419947],[91.12753090772526,25.35731198625922],[91.12794117484538,25.35659401969832],[91.13043696619309,25.35409822835061],[91.13136006631407,25.350610958728794],[91.1300895940596,25.345406026267142],[91.1286766089384,25.344434599277406],[91.1267631915681,25.343757543775666],[91.12725377264354,25.337088226340597],[91.13457721736472,25.33314934956286],[91.13712872890778,25.33326150401524],[91.13752126859174,25.33205584500132],[91.1433527263473,25.324639109107636],[91.14715125132926,25.326811760554335],[91.15097474059189,25.326124396124044],[91.15452671373691,25.324906525216022],[91.15571446904755,25.32444277991044],[91.15657788206369,25.322060664668015],[91.15470087194774,25.317177959295464],[91.15675282358399,25.308823842946026],[91.15944743435165,25.307752607396992],[91.1607857496627,25.307587411829616],[91.16633252702457,25.302328365361802],[91.16808938411782,25.292122710394835],[91.1758422533174,25.285786153807976],[91.18057353264248,25.286450041436296],[91.18732280430402,25.288803846020755],[91.19504675670254,25.29100350500778],[91.20220104883941,25.289949275638605],[91.21058423577392,25.292764256165526],[91.21448240024262,25.292480358182047],[91.22735016088126,25.29554509123301],[91.23774475081967,25.297528493844993],[91.24064835233963,25.297469656599446],[91.24674698518527,25.29851561400443],[91.25838656328932,25.298812148362003],[91.26665625308368,25.29671371526581],[91.27502699699835,25.294425455970043],[91.27828673904185,25.294098091953458],[91.28857248763023,25.289537931130667],[91.28864381555968,25.285214080665355],[91.28754902676621,25.28146917236444],[91.28334656409271,25.278983734911492],[91.28356522165774,25.275956296745733],[91.28572319796729,25.27205941560959],[91.28696122987691,25.271276768907796],[91.28878142442323,25.271435322082482],[91.2933705928786,25.27197411221556],[91.2984942500097,25.271780585305805],[91.30357322972083,25.269367114300962],[91.30563626999793,25.269937667589318],[91.30928077258966,25.273118146085608],[91.31127159460846,25.274542060667613],[91.31143108667538,25.27808170500674],[91.31475409422615,25.282353937084565],[91.32048569755693,25.283950612330955],[91.32659816197565,25.288767454054835],[91.33378179089698,25.288815189169668],[91.339990980999,25.28550173691565],[91.34176347640334,25.2822635687088],[91.34518870089789,25.28147536869335],[91.34749750340711,25.2811201104048],[91.34910288409088,25.28137842627342],[91.35354642982395,25.285078204795354],[91.35843303465685,25.287117297925022],[91.36066655132032,25.28692385555155],[91.36437854893097,25.285779517710637],[91.37828196434123,25.28746947333758],[91.38359171998195,25.288377920804464],[91.38685619965395,25.28837980758209],[91.39042416544294,25.288120407131146],[91.39642302210484,25.285143935344365],[91.40956757878081,25.281980142869372],[91.41676848817525,25.27717862019722],[91.42091294277816,25.276788719124113],[91.4241290326288,25.27547345433652],[91.44188910969473,25.265862223362944],[91.4455769766962,25.265249648352665],[91.4490715092428,25.263512156361003],[91.45233274326154,25.259734346363018],[91.457781658197,25.25638501385737],[91.46463029325349,25.259484395988125],[91.46930264899811,25.263472156315004],[91.47443962958528,25.265630551708625],[91.48156233393462,25.266321238234582],[91.48549061310138,25.26381749957801],[91.48717416105876,25.262608798157544],[91.48993690716259,25.261961279989123],[91.49429686540805,25.26114108928988],[91.50198219372334,25.26211020142472],[91.5064095246799,25.254944316127364],[91.50841779804301,25.254396604719602],[91.5120692047301,25.25485303044303],[91.51252563135284,25.255263813774036],[91.51334719711554,25.25631359329776],[91.51403183660005,25.266583174773757],[91.51435133424673,25.26708524288972],[91.51884617910792,25.271109099305534],[91.52277683158559,25.274774763844334],[91.5275907756938,25.27649718409782],[91.53209556795616,25.275437233241746],[91.5358937260147,25.27393563612077],[91.54234176256233,25.270269971581968],[91.54512413367189,25.26965166699091],[91.56590174287118,25.2711938289321],[91.56687722940069,25.276489327620425],[91.56736497311505,25.278335784169144],[91.56955345622708,25.28153584540297],[91.569121117046,25.285925754669904],[91.57092367498768,25.288706458436366],[91.57204274008046,25.290043119894108],[91.57266444410885,25.294426127763643],[91.56955194896335,25.29902794698222],[91.5707227106846,25.304466324561304],[91.57223337117318,25.306052517309865],[91.57332860063445,25.307865310435773],[91.5731397681858,25.31152866191826],[91.5704898780055,25.31791785222714],[91.56983804938653,25.31964327981359],[91.56807427920467,25.32297910630075],[91.56677062286599,25.324129391358383],[91.56374153894092,25.3247045338872],[91.56255291128787,25.32397602007734],[91.5600222838014,25.32386099139171],[91.55614965828016,25.329995844432744],[91.55484600104216,25.33206635807602],[91.54978971032693,25.33327360889001],[91.54902499340875,25.335655994828358],[91.55155444098472,25.342009023397736],[91.54626419343782,25.346358673613963],[91.53107668374201,25.350391480982125],[91.52731452014905,25.356178722669938],[91.52788269832791,25.35980197158375],[91.53370293074573,25.366329729433517],[91.53212098369647,25.374245938899037],[91.53639676899576,25.385072046038147],[91.5344310137803,25.390740507068813],[91.53621189985932,25.39879803779928],[91.54202802507336,25.40313605618411],[91.54362295833295,25.40628370762704]]]}},{"type":"Feature","properties":{"blockName":"Jirang","districtName":"Ribhoi","state":"Meghalaya"},"geometry":{"type":"Polygon","coordinates":[[[91.35127300034873,25.839535000040257],[91.34925331548817,25.833287604039754],[91.35015797770859,25.816122213569372],[91.35308581415904,25.81252896064308],[91.3630005330482,25.8078710390173],[91.36745143883292,25.80258152261922],[91.36987911822678,25.79631810879374],[91.37463737001866,25.791996839382705],[91.37653096003584,25.792045392880652],[91.38599891012166,25.800250950221255],[91.38930055427721,25.79995962833425],[91.39341100191626,25.79429692836061],[91.39737577737031,25.793150487005448],[91.40649953712398,25.797115262459442],[91.41156298464409,25.79768848223773],[91.41743481116765,25.792848110651846],[91.41948877908396,25.785341792389886],[91.43039348067464,25.78526710279459],[91.44197285456363,25.78246338088036],[91.45696897234023,25.788477448675394],[91.45825770173161,25.78726682540372],[91.45565590009977,25.78327674392665],[91.45574830004409,25.77782516340062],[91.45805829145706,25.77717836558918],[91.46535786547315,25.781243951447266],[91.46960825032056,25.779349757985017],[91.47639962644166,25.779534557873603],[91.47838621984823,25.78521713736103],[91.48134300907265,25.787111330823336],[91.48777788584084,25.78751625866846],[91.49048891283314,25.7845385718976],[91.49288883914869,25.784183027624692],[91.50727514283363,25.79110950440014],[91.51069056831511,25.79145880917673],[91.51973368496164,25.788547934839357],[91.53076793569176,25.790668471472827],[91.54633172083231,25.79029792291084],[91.54904274332802,25.795332680259037],[91.55454224782653,25.797501498795157],[91.55965446198388,25.798159889767135],[91.56244294308743,25.796572004494465],[91.5695050718017,25.795967576442536],[91.57362150712692,25.79733972155094],[91.57525324783916,25.800454862501965],[91.57870215328182,25.801789923166496],[91.5854887099361,25.799861502406486],[91.58635520672749,25.793634824087917],[91.59023618784983,25.791176869916683],[91.59341186486574,25.797338444513628],[91.59633191498597,25.79960959420748],[91.61230558323615,25.79659192537713],[91.6191713503776,25.801588679174245],[91.62527425500292,25.802237112852538],[91.62828756481935,25.801169104070937],[91.63073322256025,25.793500504944404],[91.63468302340289,25.78900073269773],[91.64553247424436,25.79545040691079],[91.65346927278875,25.794070176897208],[91.65988315848102,25.80082889503751],[91.66381424982785,25.801035793966776],[91.6751423477412,25.792141069954482],[91.68579930679266,25.79331216442489],[91.68983958213107,25.792258178771988],[91.6932357549262,25.78950610762081],[91.69759930866121,25.78121862294114],[91.70884750091147,25.779492155738467],[91.72040959612605,25.773109461232707],[91.72590289979905,25.78085240281621],[91.72721073798522,25.79028296089001],[91.73255275950231,25.79602815387625],[91.73180192901589,25.80142103924959],[91.73504682505097,25.804378413033362],[91.73615584021991,25.80930736874012],[91.7407972736753,25.811032503147544],[91.74823178197124,25.811114652619153],[91.74708670039098,25.80571118492327],[91.74804951817077,25.802287833716605],[91.75393340190504,25.798115625136063],[91.75917540801873,25.800736628192908],[91.76409647487247,25.800094749673008],[91.76667246416292,25.79418075933461],[91.77276603742274,25.79407140716978],[91.78036899593246,25.79464521510465],[91.79748144691132,25.796729669138983],[91.80588671579937,25.823946175975266],[91.80612244159744,25.83710607688397],[91.80772238677878,25.84152497309907],[91.7982766580414,25.85773213862734],[91.7967337181866,25.87007565836501],[91.79287636765031,25.883499236001],[91.78238437663771,25.89275687602907],[91.74581669938124,25.91142644917136],[91.74612528735219,25.916363856706653],[91.74890257909084,25.919141148445306],[91.76124609882845,25.922535617025176],[91.76124609882845,25.925004320792823],[91.75846880708986,25.92778161253142],[91.7550743394093,25.928398788473373],[91.73902776402014,25.928707376444322],[91.73347317964357,25.930250316299123],[91.72938438947807,25.933721931422042],[91.72861291955064,25.940665160768617],[91.73046444737639,25.94791697898546],[91.73370462107147,25.949614212825736],[91.75283707617018,25.95192862260791],[91.76286618612562,25.955940266230357],[91.76734071170455,25.9594890287957],[91.77212382615369,25.969055255895398],[91.77351247202301,25.97538131019934],[91.77096662081294,25.986259036625313],[91.75059981383038,26.004465727811123],[91.74998263788848,26.012797603926344],[91.75121698977233,26.01557489566494],[91.77096662081294,26.032547234966955],[91.77466967646444,26.038101818444204],[91.77436108849349,26.042422050936977],[91.77189238472585,26.04396499079172],[91.7669549771905,26.043347814849824],[91.75831451310438,26.038410406415153],[91.75214275368518,26.039027582357107],[91.74543096486718,26.04450501929125],[91.73802485266486,26.046819429073423],[91.73551899970215,26.04987099964694],[91.72896599968118,26.04576099987031],[91.72571599999344,26.029180999703442],[91.7271729997342,26.026110000176402],[91.72366299974772,26.000700000204915],[91.72224399996071,25.977149999672804],[91.72406800043791,25.963923000346256],[91.72261800012069,25.952917000019568],[91.71636999977574,25.946084999722984],[91.70335400028694,25.94075600038917],[91.70440700028291,25.936789000012368],[91.69474800002024,25.927983999562002],[91.68883499983542,25.920116000053383],[91.68105299979618,25.916201000275976],[91.67842900019826,25.910719000181757],[91.67174500043149,25.904284000206474],[91.66967800043943,25.907084999872893],[91.66439100034444,25.908778999751064],[91.65932499964907,25.906787999666506],[91.65393800033848,25.906577999874855],[91.6528635892833,25.90449317262187],[91.64819616182348,25.9029960730104],[91.6238022491745,25.900970585723996],[91.61913482171468,25.901058650936022],[91.61614062339112,25.9026438148602],[91.61666901106605,25.90766350047022],[91.61922288692676,25.910833828318573],[91.63530700001809,25.92470400028941],[91.62527499964159,25.929928000177142],[91.6136779999398,25.938879000165798],[91.61347999980222,25.943547999640543],[91.62717399998019,25.9449060002118],[91.63263700009753,25.94357299989406],[91.63663500010523,25.95942699985619],[91.64049500004427,25.96378100009315],[91.63059999969028,25.975921999700574],[91.59867777585873,25.98286401226443],[91.59539951497567,25.986738321316523],[91.59569753861058,25.998361245774902],[91.59957184766267,26.003129625731674],[91.60553232125966,26.006109862080507],[91.6360170003843,26.016792000350563],[91.63478900041207,26.021349000056375],[91.62292500008874,26.02598399976182],[91.61919399980331,26.023670000070524],[91.59947200043251,26.019767999993235],[91.59972400036236,26.016027000145982],[91.59081999984318,26.029137000372316],[91.58679200025068,26.0309700003653],[91.57854500035154,26.03210399959994],[91.57273899970511,26.026478000059683],[91.57127399959546,26.01095400002714],[91.56781800030052,26.006510000136473],[91.56877100018158,26.002761999966367],[91.55749499999433,25.98561999996309],[91.55390199977751,25.97390700030786],[91.55159000017841,25.974112999915064],[91.53994800020013,25.96741300030976],[91.53981000013147,25.961132000241662],[91.5285109997829,25.960357999622033],[91.52645899958321,25.95844699962936],[91.52115599964975,25.95719300025678],[91.52242299962177,25.939936000346165],[91.50426500042948,25.919807000192975],[91.50596599973119,25.91337600040214],[91.50819399995322,25.91212500026859],[91.5133900003483,25.914472999729185],[91.52431499963757,25.923883000200362],[91.53851299967528,25.93302900018824],[91.5339279995776,25.922750000112444],[91.51115399975737,25.908808000189083],[91.50376099967048,25.897529999909636],[91.50585900019274,25.891211999933887],[91.50121299998,25.891522999886604],[91.49552899956376,25.894637999644033],[91.4911580003415,25.893918999762093],[91.48598500010775,25.890129000353113],[91.48127699973384,25.88375899977808],[91.47735599967967,25.87031200019868],[91.47998000017691,25.867800000369755],[91.49626900041409,25.864594000013142],[91.50088500014272,25.866246999799273],[91.51034500022166,25.86648900016729],[91.5198060003467,25.87370500018568],[91.52478799986636,25.884963999588933],[91.52835799992181,25.889144999941834],[91.53230300018339,25.888707999574592],[91.53460700031286,25.887174999926344],[91.53515600044909,25.88309299964226],[91.5314329996333,25.87989999988514],[91.52794599980808,25.871922999846618],[91.52431499963757,25.873390000048516],[91.51531199994889,25.86560399982477],[91.51042899959873,25.863845999693183],[91.49858900038214,25.861388999702626],[91.48561900031666,25.861976999838703],[91.48098000042671,25.856753999997125],[91.4775539998173,25.85627200025266],[91.47130600037167,25.85811799994582],[91.45755800040143,25.850406999583413],[91.44998900029219,25.844761000020185],[91.44699099963498,25.840129999599867],[91.43346399996369,25.846872000242683],[91.42693300005794,25.85268200017424],[91.42152399973287,25.85384799998525],[91.4153669999871,25.85305000005752],[91.40773000033931,25.849012000003825],[91.40384700023895,25.850243000114403],[91.3911819998495,25.84645299980616],[91.37319200031061,25.843471999932888],[91.3663789999909,25.839667999878316],[91.3637188908142,25.840051872795755],[91.35958100036294,25.840649000151302],[91.35600299993854,25.83692600023477],[91.35127300034873,25.839535000040257]],[[91.51232409687964,25.86886222920856],[91.50864736078711,25.87036090802951],[91.50877429200006,25.872685049375605],[91.51086234512121,25.874044348567907],[91.51425114347558,25.87206668093262],[91.51232409687964,25.86886222920856]]]}},{"type":"Feature","properties":{"blockName":"Umsning","districtName":"Ribhoi","state":"Meghalaya"},"geometry":{"type":"Polygon","coordinates":[[[92.13521600021829,26.044310000406256],[92.13372077569329,26.038248991597754],[92.1347432607929,26.024284526609677],[92.1337042380602,26.02206794418032],[92.1267711206907,26.020667886813555],[92.12299285473654,26.01890469579513],[92.12055797267237,26.01369908614396],[92.12159017404736,25.993119226171416],[92.12417628340881,25.984825841939085],[92.12208473462289,25.981401536551743],[92.11585825595381,25.978565714236368],[92.11428622393015,25.976377199648084],[92.11228265402133,25.971722752103403],[92.10964178134321,25.963940439999362],[92.1068777168332,25.96183819377768],[92.09961451229998,25.960627047999935],[92.09238568884854,25.958663311762507],[92.08902971215156,25.9512881596209],[92.08574470455454,25.950725015846842],[92.07727544890292,25.949545959678346],[92.07505083013177,25.94776626520104],[92.0720732638701,25.945302072432753],[92.07049891879012,25.944549124942228],[92.06259726485195,25.944496325744865],[92.0436936764221,25.940855569728797],[92.03670252310303,25.937868924811085],[92.02976641099116,25.93138030455748],[92.02946142840227,25.92141201395333],[92.02850982516833,25.91821116940997],[92.0134572038869,25.90817608795612],[92.00776525166509,25.903568823342596],[92.00335114344057,25.900378428022066],[91.994192952243,25.894961707017217],[91.97530279338929,25.888593995216752],[91.94584895766332,25.875047537813657],[91.91355377418739,25.863629147067513],[91.91196789440284,25.862348244475925],[91.91141893563542,25.860457386599137],[91.9117849084468,25.85612671567543],[91.91051868998562,25.850779091382037],[91.90365459828115,25.84756304829608],[91.89578249336745,25.84429900479529],[91.88853591460082,25.836219312970968],[91.87952432458798,25.831267769891724],[91.86794299827079,25.830137884156102],[91.84938233122966,25.825316273327417],[91.84842499211976,25.82908931601918],[91.84859393426274,25.834044954611045],[91.85050861338186,25.838550079622507],[91.84802576687571,25.847239062133042],[91.84612107023128,25.851277019019278],[91.84543537943927,25.851734146213914],[91.84307355560014,25.85066751609304],[91.8419307376135,25.849524698106393],[91.83705471420376,25.84693431066995],[91.81457929469877,25.846781934938406],[91.80962708342321,25.843886796938193],[91.80772238677878,25.84152497309907],[91.80612244159744,25.83710607688397],[91.80588671579937,25.823946175975266],[91.79748144691132,25.796729669138983],[91.78036899593246,25.79464521510465],[91.77276603742274,25.79407140716978],[91.76667246416292,25.79418075933461],[91.76409647487247,25.800094749673008],[91.75917540801873,25.800736628192908],[91.75878402396359,25.799526226154455],[91.7582053003344,25.790474529076334],[91.7588066688927,25.787281427695802],[91.76045793658454,25.787961361028067],[91.76291055507812,25.78883556231142],[91.76730584139153,25.788447028207827],[91.77259277044004,25.784188002674227],[91.77136492874854,25.7767425820046],[91.77047050980622,25.772702456852926],[91.77163963116408,25.768649504670975],[91.76991297330511,25.76096470155977],[91.76620245238132,25.760106297767493],[91.76274114528769,25.758334108132658],[91.75593507604299,25.75157008129429],[91.75534465673059,25.750051858406607],[91.75335071766153,25.746049020046314],[91.7531517777324,25.741928128580298],[91.75431306509591,25.734307554150348],[91.75902967917642,25.73161234533353],[91.76249247284937,25.732071592230227],[91.76511464592426,25.731227467873396],[91.77136030623319,25.726620109730334],[91.77555027102824,25.722821730438568],[91.79030283081107,25.72481379711911],[91.79407222405393,25.719970386724015],[91.79282958941405,25.718066774661963],[91.7931568500087,25.713550317293368],[91.79372930626255,25.711485385742037],[91.78415923096378,25.706299695174835],[91.78328386415905,25.70279457041312],[91.7813284493485,25.7003460510295],[91.77993415303877,25.69765948110023],[91.77884137962604,25.69608339673141],[91.76904772926935,25.692754709961946],[91.76812348071411,25.689270207554102],[91.77056833805841,25.687665185699814],[91.77228533809796,25.68643342566213],[91.78016850107554,25.683550203679033],[91.78673662409597,25.684428924955],[91.78859440940454,25.68264394426268],[91.78962618809817,25.67956301891826],[91.78764150395233,25.67562336062963],[91.78843234797455,25.67359491367438],[91.79062069888619,25.67075443197149],[91.79431275043316,25.66941027556379],[91.7927130129952,25.662402905669637],[91.79595757807982,25.65823389597756],[91.80025223924952,25.658783400633467],[91.80419617381443,25.656618610160763],[91.80683316142131,25.650593738810073],[91.81088571790161,25.64989111558259],[91.81669661175931,25.65221457704115],[91.82499417963771,25.644956259423907],[91.83168012643677,25.64516040822633],[91.83464861763963,25.644013790603992],[91.83632234410095,25.640852145710028],[91.84087152959745,25.639441840568566],[91.85719931219853,25.656019887407922],[91.86173996762545,25.665533639965588],[91.85963180656267,25.65720910591557],[91.86076697041943,25.65493877820211],[91.86401029533891,25.653425226393153],[91.86671306565552,25.649208904267596],[91.87446934868154,25.649430486427832],[91.87184251801784,25.6825585734195],[91.88899181512022,25.708664557823113],[91.9068627417222,25.711211482823728],[91.91110761732273,25.719701234024797],[91.9355156520258,25.73137464192621],[91.95249515442788,25.727660376225458],[91.96629100012962,25.727660376225458],[91.982039488032,25.729719141125486],[91.98815210893275,25.734473400826857],[92.00615038223441,25.743981922927446],[92.0129421828355,25.75654675502875],[92.01022546223533,25.766394865630616],[92.03161963493824,25.768771995930933],[92.04656159733992,25.76367814592976],[92.07203085094307,25.775563797431346],[92.09274584394558,25.791864120133084],[92.08727600358475,25.798847809978497],[92.08289773334377,25.797976740134516],[92.07712470184356,25.802051821034752],[92.07135167124267,25.81020198193596],[92.07474757064392,25.81699378343643],[92.09240625364572,25.823785584037523],[92.11481919724821,25.82038968373695],[92.12738402934951,25.82514394433764],[92.13825090995158,25.822766814037266],[92.14164681115147,25.814956243435915],[92.14775943205223,25.81088116163636],[92.1548609996355,25.811102000057303],[92.15750900034016,25.814940999927273],[92.16485600010441,25.820173000183843],[92.16730499972601,25.831378999841036],[92.17321799991083,25.836065000099723],[92.17702500010375,25.844867999558574],[92.18274699957442,25.8496689997246],[92.18257899992096,25.861534000094082],[92.18090800020411,25.866238000283545],[92.18286100033498,25.86994699955443],[92.19676200016625,25.87958099956353],[92.2051389997651,25.888388000106147],[92.21465299963626,25.89040899977556],[92.21740699983326,25.89212000043773],[92.22003899980007,25.898489000067343],[92.22684499979698,25.899903999669903],[92.22728700039482,25.905326999741305],[92.22441099996774,25.909602999978517],[92.21935999996407,25.90821099963796],[92.20937299986412,25.90882900025821],[92.20698500035752,25.907013000149902],[92.20243800021359,25.906552999621283],[92.19957000015546,25.90956500002477],[92.19902800034203,25.916353000090908],[92.19390100043086,25.91409700037633],[92.1885910001746,25.9141409997074],[92.18275499994337,25.906921000403884],[92.16558100026299,25.9101489999764],[92.16181200002382,25.913549000286196],[92.16332999987964,25.93090400021947],[92.15944699977928,25.937653000285763],[92.15824900029116,25.943164999964836],[92.16271999962834,25.94990200037705],[92.16726699977227,25.952316000183316],[92.16927299964925,25.95712099963447],[92.16751899970211,25.962798999774066],[92.16935699992564,25.966045000176678],[92.17505600013436,25.970552000274665],[92.18292999991962,25.973578999571203],[92.19357299969425,25.983538000178612],[92.20285000032732,25.98393599964669],[92.20932799958757,25.986546000397652],[92.21104399958097,25.988001000046154],[92.20965600032423,25.990057000430284],[92.21714799958056,25.994582999605825],[92.22113800011869,25.999091999796008],[92.22363300006299,25.99690599971217],[92.22335799997177,26.000550999628956],[92.25767499970152,26.027205000310573],[92.30353500024012,26.074717999735924],[92.29927799997978,26.07739099979483],[92.29589100026948,26.07603600026124],[92.29202299996155,26.072030999930746],[92.29002400040736,26.068240999622503],[92.28270700022796,26.067432000086797],[92.27570300009342,26.06414999982269],[92.27063800034352,26.066218999906994],[92.2676769995939,26.06367500040102],[92.24317900031065,26.060841000112134],[92.23036200010625,26.065954000276918],[92.21246300026729,26.069445000286578],[92.2103200003678,26.066910000296332],[92.20388000016192,26.06837500040598],[92.19142200032513,26.06524299986461],[92.19042200007533,26.06723600004142],[92.18441800019059,26.0687079995746],[92.1825179998059,26.066876999673866],[92.18096900031918,26.067587000040078],[92.18305200014976,26.074553000220817],[92.18042000018295,26.0778880002311],[92.17119600019532,26.075982999615803],[92.15678400018152,26.066463000367207],[92.15263400035889,26.063303000333235],[92.14832300030628,26.0569689996197],[92.14025899985302,26.051240999872277],[92.13521600021829,26.044310000406256]]]}},{"type":"Feature","properties":{"blockName":"Mawphlang","districtName":"East Khasi Hills","state":"Meghalaya"},"geometry":{"type":"Polygon","coordinates":[[[91.55155444098472,25.342009023397736],[91.55249563006936,25.34259726725014],[91.55534861054997,25.344626707056932],[91.55815084138828,25.350344860127223],[91.55868210869244,25.35496688081696],[91.5628259886285,25.362882753935992],[91.56032903535674,25.369629840244954],[91.56258273100826,25.37520470613231],[91.57480091672898,25.37974524734534],[91.57612180138011,25.38098357693059],[91.57639245684646,25.390416831171876],[91.58105762341063,25.39326224115956],[91.58290558902178,25.3938905498091],[91.58759942057685,25.392966566553866],[91.5897430607937,25.393816630932804],[91.59315821288129,25.39237187096512],[91.59400092889979,25.391396094853917],[91.59440011007706,25.38900100689102],[91.59914593143964,25.3886461793777],[91.60127489831797,25.38838005829308],[91.6043352876435,25.388956654126332],[91.61364951661199,25.389666309152915],[91.61515753399306,25.3902872577508],[91.61812921688988,25.391706568703228],[91.62055621459768,25.39227713997809],[91.62526736529674,25.392158371012044],[91.62716766155842,25.39239590804476],[91.63199758032414,25.39437538331731],[91.63381869667558,25.39437538331731],[91.6351647398609,25.396315268634794],[91.63366033865378,25.398373922918267],[91.63183922230235,25.399165712127967],[91.63077030520549,25.401026419333846],[91.63302690656656,25.40213492458713],[91.6380547733092,25.405737569133578],[91.6411823437902,25.4065689482984],[91.64588049838636,25.406903996122594],[91.64779558220044,25.40918139340664],[91.65079760642448,25.411458790690688],[91.65333379891575,25.409491947295578],[91.655818231826,25.40866380299218],[91.65964840035343,25.410061297291065],[91.66078709944514,25.410475369442793],[91.66259866499644,25.414098501444755],[91.66596300179117,25.414926645748153],[91.67134594156204,25.41389146491923],[91.67536428693234,25.40584085986785],[91.67371760578294,25.4041471306856],[91.67315302938886,25.403112073963086],[91.67084767488035,25.401418344780836],[91.67131815520878,25.398971846173822],[91.67188273160286,25.398219077648378],[91.67103586701171,25.397184020925863],[91.67014195438776,25.394172946824085],[91.66985489528724,25.382656020958677],[91.67097137932575,25.381186963107893],[91.67314558480098,25.379012757632722],[91.67490845476146,25.37607464103189],[91.67490845476146,25.37348909914266],[91.6743795940431,25.37102108155773],[91.67175416901972,25.36143310075704],[91.66773412842736,25.356761161398538],[91.67238795094323,25.35197549557273],[91.6740459770403,25.350476936361588],[91.67540202967996,25.349428511216843],[91.67675020335923,25.3489740109419],[91.68194900064594,25.35199083171159],[91.68310233800253,25.352010187819985],[91.68559657082517,25.34983137601722],[91.68698231638086,25.34989696986929],[91.69001326819784,25.34950024114329],[91.69307269794672,25.35209199195191],[91.69888533199253,25.348130939691146],[91.70069245129565,25.348791530404867],[91.70111071518744,25.349313889924133],[91.70132902561409,25.34985708763452],[91.70213558528911,25.351390028826813],[91.70205064162388,25.35212653131441],[91.7020032077819,25.353222948780115],[91.7022865158101,25.35400192265064],[91.7035921146844,25.355280729821857],[91.70528600844261,25.357570119565423],[91.70136619369492,25.371517871552555],[91.70450160626416,25.389981971191048],[91.71112081167615,25.40025915823361],[91.72819139471716,25.404962277986783],[91.7365524961009,25.40461389861258],[91.74648130466852,25.411755673085906],[91.76494690437619,25.416771355813466],[91.76770198555823,25.4184779300125],[91.76878940710549,25.419580274010514],[91.76930972066714,25.423173064685216],[91.77124201210921,25.424916761099723],[91.77548641916297,25.428315943925725],[91.7800640996785,25.4328412389321],[91.78121009227198,25.433408268676715],[91.78339479283545,25.434610712614358],[91.7869389283889,25.43733042795691],[91.79066210637114,25.436827997414184],[91.79380168460011,25.436214771294715],[91.79623395233511,25.437048183826676],[91.8033364057506,25.443172599336037],[91.80685821293622,25.447324771021442],[91.80857207793912,25.45075595622245],[91.80843108043007,25.452815676202533],[91.80475525265285,25.455510530686468],[91.80119745369961,25.461352114808278],[91.80374824218768,25.466468121406706],[91.80738267956707,25.468544942894823],[91.80925181881645,25.470362161584546],[91.80935565993582,25.475554214855208],[91.8134573823524,25.47799448026109],[91.81593962991008,25.48631884883588],[91.81723455383167,25.486436569192392],[91.82070730210035,25.48955615729085],[91.82170792468105,25.494382689209772],[91.82300284770332,25.49479471000791],[91.82706419775457,25.493146625916097],[91.82835912167616,25.49249916440499],[91.83300907261065,25.49514787107745],[91.83548119919806,25.495559891875587],[91.83654068240662,25.495559891875587],[91.83854192666865,25.501563627359587],[91.84375085571747,25.50777238039109],[91.84365102107785,25.51021831872049],[91.8370120458693,25.517056962309027],[91.8311884409938,25.528491337605203],[91.83041870136202,25.533315037558964],[91.82000156092334,25.537163735717854],[91.81617458858648,25.54393477816751],[91.77778496400492,25.534976376758436],[91.76703886055503,25.52645990580004],[91.7575044721537,25.517961863749065],[91.7572972027038,25.51153651529802],[91.76641705310459,25.506354781747802],[91.77657324895631,25.505940242848],[91.78403494465704,25.5005512407472],[91.7800968278064,25.492467737596087],[91.76703886055503,25.486664196595427],[91.74195927420118,25.481482463944587],[91.73864296480104,25.478373423994356],[91.73947204170145,25.465937265092748],[91.73511938595095,25.460962801891867],[91.72351230484907,25.45163568204117],[91.7119052228478,25.44562487159061],[91.70091994919636,25.442515831640378],[91.68889832919461,25.441894025089255],[91.68587526263332,25.443842541200354],[91.68164390294385,25.441272216739435],[91.6652696271916,25.44603941138979],[91.66195331779141,25.46718088089301],[91.65884427784118,25.471118997743588],[91.6532131350782,25.473688561378083],[91.6470299272894,25.46863176614312],[91.63417922858861,25.462413687141975],[91.62485210963723,25.46137733989235],[91.61490318323536,25.463657302942238],[91.61034325803502,25.46904630504298],[91.60649731989548,25.495005593833127],[91.60015321889597,25.495107864736212],[91.59745650911066,25.492943837787948],[91.59449345790682,25.48984761587485],[91.58999894129818,25.48984761587485],[91.58666966996935,25.492943837787948],[91.58393966728187,25.4938760336521],[91.58141462368599,25.493932804255564],[91.5757442758777,25.489959949292256],[91.57191588800788,25.489454312666453],[91.5704350967024,25.488623625080265],[91.56050988632228,25.461237230014206],[91.55231132840515,25.444157996394495],[91.55277239283174,25.43107794718958],[91.5463038373523,25.418507634619687],[91.54668929667378,25.40981031179649],[91.54362295833295,25.40628370762704],[91.54202802507336,25.40313605618411],[91.53621189985932,25.39879803779928],[91.5344310137803,25.390740507068813],[91.53639676899576,25.385072046038147],[91.53212098369647,25.374245938899037],[91.53370293074573,25.366329729433517],[91.52788269832791,25.35980197158375],[91.52731452014905,25.356178722669938],[91.53107668374201,25.350391480982125],[91.54626419343782,25.346358673613963],[91.55155444098472,25.342009023397736]]]}},{"type":"Feature","properties":{"blockName":"Mawkynrew","districtName":"East Khasi Hills","state":"Meghalaya"},"geometry":{"type":"Polygon","coordinates":[[[92.09944314648408,25.51196932932112],[92.0842450490698,25.511781951975536],[92.08005148069134,25.515675978663523],[92.07625730033419,25.516524676972324],[92.07071580019408,25.5133295781975],[92.06632253915393,25.5131298846365],[92.06212897077546,25.516824217763485],[92.0592334127918,25.510983176832212],[92.05603831311771,25.50918593388377],[92.0446093301565,25.510527094649774],[92.0353006760854,25.50950040432025],[92.02482844048018,25.511485338477655],[92.02072168096089,25.509226621011805],[92.01154991899364,25.511553784079922],[92.00493870585666,25.51649654438006],[91.99641638570768,25.51600170051813],[91.97915181440476,25.5118779968721],[91.95877116415795,25.49803137814564],[91.9464765333654,25.497334912576207],[91.93827145446409,25.50127621662415],[91.92641171153133,25.502566098047055],[91.91680434134736,25.49984847632618],[91.91347121822218,25.498311542143995],[91.91004754236025,25.497455623178496],[91.90634695175049,25.498613631613864],[91.90681803462468,25.497875079571315],[91.90727005906604,25.496292994026476],[91.9088521437115,25.493857084936565],[91.9087003408481,25.48967322294095],[91.90774023632292,25.486228141415666],[91.90740137537324,25.484307932365255],[91.9101824388685,25.47588908461364],[91.91028907328217,25.443024032233325],[91.91014136593134,25.434567780778536],[91.91780821317855,25.425358794073134],[91.92098612590905,25.417769249851062],[91.91928235669548,25.41507619580983],[91.91543513792135,25.414471632859602],[91.9141710517527,25.41265794400897],[91.91406113121627,25.409415287285753],[91.91768850891759,25.401830769374556],[91.91180775932071,25.3975438675555],[91.91125386147661,25.394031204676423],[91.91375735192031,25.38966002918704],[91.91725429195208,25.38687837303854],[91.92244088993516,25.377326957772937],[91.94285990436117,25.360531708471626],[91.94151779930706,25.35611394720098],[91.94285990436117,25.354156710363952],[91.94905898248612,25.353159292067744],[91.95352717953574,25.349909694376947],[91.961346523923,25.33650510232866],[91.96732995451384,25.336198123244856],[91.97277407156622,25.332283252070454],[91.97460916697952,25.325187548966255],[91.98109317191239,25.324759360156406],[91.9903383545315,25.328090716113707],[91.99742295460572,25.324311524757093],[91.99844818713422,25.321235828071053],[92.00389772440053,25.32120081746382],[92.00859899604689,25.31586423864377],[92.00838897107423,25.309027663495897],[92.0051285671297,25.30583971343208],[92.00755454230836,25.297694769498037],[92.01371462582938,25.303200960456024],[92.01926881360492,25.3053482294373],[92.0209219797656,25.307305038197],[92.02038217070066,25.309666702856077],[92.02736503496845,25.316198826914388],[92.0295323444422,25.316519910065836],[92.03298398472316,25.31455327711211],[92.039967536073,25.31583760881864],[92.04197430397102,25.317603564353078],[92.04193416902672,25.322018453189116],[92.05016191623952,25.326513612813017],[92.05867061165947,25.316881128161583],[92.06063724371387,25.317322617045193],[92.06435188173401,25.322277457039036],[92.0742796237057,25.325270936804316],[92.07856143626134,25.32303530043879],[92.07742467161137,25.319700791458388],[92.07950873983651,25.318222997593296],[92.08841339416284,25.31606314529796],[92.09378911507565,25.318183100070087],[92.09778990298167,25.31759350993258],[92.10158012362388,25.314898242659808],[92.10642318238399,25.30698089375329],[92.11063453845327,25.306854553395],[92.11341403263157,25.308454868197657],[92.11535125685509,25.31131859018086],[92.11387728241073,25.315024583018158],[92.11476166671758,25.320373005010197],[92.11664978525943,25.32488661602457],[92.12142141536606,25.329612802488896],[92.12151230355005,25.33211222709764],[92.1207234227478,25.338236816176163],[92.11591358944065,25.34311078103775],[92.11309181993158,25.353692415572596],[92.11418314453653,25.358708114487968],[92.11245240645343,25.36829374176284],[92.10905749630649,25.37148895115422],[92.11146830082146,25.378393578900614],[92.11590329310258,25.382203924571513],[92.11609068663591,25.38695123970797],[92.11584082799186,25.394134677973057],[92.10953189588037,25.405253390331723],[92.10526113059677,25.407296167084496],[92.10497615882275,25.409480949486294],[92.11517180793265,25.418030095512563],[92.11643492553145,25.42300201902799],[92.11498927253695,25.427454630826617],[92.11024753049918,25.431039850109073],[92.10787665948033,25.44324116274953],[92.10995896503425,25.453258237078046],[92.10887220628734,25.45923540838743],[92.10221581031146,25.465959726560186],[92.09718955245592,25.46840493374077],[92.1003584117114,25.47436880947305],[92.11048008888503,25.479159737232123],[92.11102085572799,25.487770949070068],[92.1068211854494,25.495368105154],[92.1014608834131,25.499603302250648],[92.09944314648408,25.51196932932112]]]}},{"type":"Feature","properties":{"blockName":"Mawsynram","districtName":"East Khasi Hills","state":"Meghalaya"},"geometry":{"type":"Polygon","coordinates":[[[91.45233274326154,25.259734346363018],[91.44348450700443,25.25653498390244],[91.43803559296828,25.25653498390244],[91.4345862801328,25.250886109206647],[91.43456678103217,25.245305037097808],[91.4318863705596,25.24321096571356],[91.4247246473247,25.241535709505456],[91.42187671024203,25.23491844483044],[91.41324913793744,25.238939060988912],[91.40931228373495,25.238436483856674],[91.40606339740793,25.2282563291663],[91.39853754317312,25.227745314594642],[91.39482107143533,25.2225422545215],[91.39809440313428,25.20598622668308],[91.39608390844569,25.198875745019677],[91.39720305177946,25.194536746373785],[91.40282326238372,25.19054820993199],[91.40735568991323,25.184837351262786],[91.40928559545392,25.178730470734706],[91.40511228790183,25.17570949419786],[91.39992296767088,25.16262068739485],[91.4065170289378,25.163228988826802],[91.43196105925551,25.147577285963052],[91.4572753902471,25.144540787127653],[91.47647094717655,25.135150908987328],[91.4921493527105,25.133705139080973],[91.50544738768684,25.135871887377732],[91.51877594025751,25.14538002007191],[91.5359497070134,25.14442443823731],[91.54307556168789,25.142303467231272],[91.55085754374073,25.143411636138126],[91.56229400636335,25.148740768571656],[91.58449554453381,25.165573120303293],[91.59478759736976,25.167198180851415],[91.599098205318,25.16638374311532],[91.60337829567186,25.158224106057673],[91.59803771936532,25.142488479359884],[91.60144805918065,25.137750625990634],[91.61907958985125,25.138401031882154],[91.6250305171447,25.13326454142549],[91.63239288362473,25.122652053849265],[91.64995574925848,25.12559318497756],[91.66399568445331,25.12602171103316],[91.66135506088739,25.126777947344465],[91.6585873523245,25.13091747636048],[91.65447189006574,25.133227912038535],[91.64965737938462,25.140573337089904],[91.64261060929226,25.1410250530638],[91.64057788785931,25.142786745811748],[91.6389450364843,25.14975417771319],[91.635768595944,25.15129276664794],[91.63264178718879,25.155312949333222],[91.63338626576359,25.15789380665393],[91.64028509737938,25.161020615409143],[91.64107920773932,25.168912085424438],[91.64881773185289,25.17934213023517],[91.64809660507433,25.182712330609604],[91.63761738713276,25.19162219740656],[91.63120656273276,25.208428189109668],[91.63154112492305,25.210176195075405],[91.63891737513683,25.213485692111078],[91.6402075182624,25.21533676577917],[91.6390856544794,25.21842188915889],[91.63343238479678,25.22345001670493],[91.63295070341229,25.234723936760304],[91.63690597123366,25.246000656405215],[91.62896033685013,25.255232155839394],[91.64318984013909,25.270452801055967],[91.64842950621681,25.27402810351424],[91.64670349856766,25.28481565132131],[91.65021715699623,25.292027898468803],[91.64472772130733,25.298722444585223],[91.64435883199457,25.30345651900319],[91.64232994257287,25.305055037859745],[91.64577290619474,25.308436520229293],[91.64946179572536,25.317781706560538],[91.6610995958697,25.326083091161763],[91.66768602459041,25.340798295804746],[91.66876630102405,25.345733211318702],[91.66583275747581,25.35263247101176],[91.66773412842736,25.356761161398538],[91.67175416901972,25.36143310075704],[91.6743795940431,25.37102108155773],[91.67490845476146,25.37348909914266],[91.67490845476146,25.37607464103189],[91.67314558480098,25.379012757632722],[91.67097137932575,25.381186963107893],[91.66985489528724,25.382656020958677],[91.67014195438776,25.394172946824085],[91.67103586701171,25.397184020925863],[91.67188273160286,25.398219077648378],[91.67131815520878,25.398971846173822],[91.67084767488035,25.401418344780836],[91.67315302938886,25.403112073963086],[91.67371760578294,25.4041471306856],[91.67536428693234,25.40584085986785],[91.67134594156204,25.41389146491923],[91.66596300179117,25.414926645748153],[91.66259866499644,25.414098501444755],[91.66078709944514,25.410475369442793],[91.65964840035343,25.410061297291065],[91.655818231826,25.40866380299218],[91.65333379891575,25.409491947295578],[91.65079760642448,25.411458790690688],[91.64779558220044,25.40918139340664],[91.64588049838636,25.406903996122594],[91.6411823437902,25.4065689482984],[91.6380547733092,25.405737569133578],[91.63302690656656,25.40213492458713],[91.63077030520549,25.401026419333846],[91.63183922230235,25.399165712127967],[91.63366033865378,25.398373922918267],[91.6351647398609,25.396315268634794],[91.63381869667558,25.39437538331731],[91.63199758032414,25.39437538331731],[91.62716766155842,25.39239590804476],[91.62526736529674,25.392158371012044],[91.62055621459768,25.39227713997809],[91.61812921688988,25.391706568703228],[91.61515753399306,25.3902872577508],[91.61364951661199,25.389666309152915],[91.6043352876435,25.388956654126332],[91.60127489831797,25.38838005829308],[91.59914593143964,25.3886461793777],[91.59440011007706,25.38900100689102],[91.59400092889979,25.391396094853917],[91.59315821288129,25.39237187096512],[91.5897430607937,25.393816630932804],[91.58759942057685,25.392966566553866],[91.58290558902178,25.3938905498091],[91.58105762341063,25.39326224115956],[91.57639245684646,25.390416831171876],[91.57612180138011,25.38098357693059],[91.57480091672898,25.37974524734534],[91.56258273100826,25.37520470613231],[91.56032903535674,25.369629840244954],[91.5628259886285,25.362882753935992],[91.55868210869244,25.35496688081696],[91.55815084138828,25.350344860127223],[91.55534861054997,25.344626707056932],[91.55249563006936,25.34259726725014],[91.55155444098472,25.342009023397736],[91.54902499340875,25.335655994828358],[91.54978971032693,25.33327360889001],[91.55484600104216,25.33206635807602],[91.55614965828016,25.329995844432744],[91.5600222838014,25.32386099139171],[91.56255291128787,25.32397602007734],[91.56374153894092,25.3247045338872],[91.56677062286599,25.324129391358383],[91.56807427920467,25.32297910630075],[91.56983804938653,25.31964327981359],[91.5704898780055,25.31791785222714],[91.5731397681858,25.31152866191826],[91.57332860063445,25.307865310435773],[91.57223337117318,25.306052517309865],[91.5707227106846,25.304466324561304],[91.56955194896335,25.29902794698222],[91.57266444410885,25.294426127763643],[91.57204274008046,25.290043119894108],[91.57092367498768,25.288706458436366],[91.569121117046,25.285925754669904],[91.56955345622708,25.28153584540297],[91.56736497311505,25.278335784169144],[91.56687722940069,25.276489327620425],[91.56590174287118,25.2711938289321],[91.54512413367189,25.26965166699091],[91.54234176256233,25.270269971581968],[91.5358937260147,25.27393563612077],[91.53209556795616,25.275437233241746],[91.5275907756938,25.27649718409782],[91.52277683158559,25.274774763844334],[91.51884617910792,25.271109099305534],[91.51435133424673,25.26708524288972],[91.51403183660005,25.266583174773757],[91.51334719711554,25.25631359329776],[91.51252563135284,25.255263813774036],[91.5120692047301,25.25485303044303],[91.50841779804301,25.254396604719602],[91.5064095246799,25.254944316127364],[91.50198219372334,25.26211020142472],[91.49429686540805,25.26114108928988],[91.48993690716259,25.261961279989123],[91.48717416105876,25.262608798157544],[91.48549061310138,25.26381749957801],[91.48156233393462,25.266321238234582],[91.47443962958528,25.265630551708625],[91.46930264899811,25.263472156315004],[91.46463029325349,25.259484395988125],[91.457781658197,25.25638501385737],[91.45233274326154,25.259734346363018]]]}},{"type":"Feature","properties":{"blockName":"Mairang","districtName":"West Khasi Hills","state":"Meghalaya"},"geometry":{"type":"Polygon","coordinates":[[[91.45574830004409,25.77782516340062],[91.45161993790987,25.778928485861],[91.44733671072066,25.776847200138207],[91.44683544659864,25.773816447071454],[91.45196365789656,25.76589302953971],[91.44855163455037,25.76078886791197],[91.4568411085304,25.754899941679014],[91.45624417632774,25.751616812765747],[91.45227457421231,25.746513039645095],[91.45357372045089,25.74231023702788],[91.45702128860165,25.742587627517025],[91.45883678239164,25.73973662014896],[91.45530194313022,25.729557237076904],[91.4569845198198,25.728040159925513],[91.46090133982506,25.72914348868113],[91.46321833156082,25.72762641063042],[91.4670686538953,25.72026637699173],[91.46800689140497,25.719782125344864],[91.4721939927586,25.715985453865642],[91.47430875844253,25.714474906691635],[91.47597035934467,25.71253637215591],[91.47645467574273,25.70344357066432],[91.4782717910104,25.701837135975097],[91.48157969714538,25.701129452262478],[91.48331775391125,25.699129046168594],[91.48431964093874,25.68881429804145],[91.48945592095407,25.680433630107984],[91.4898511900804,25.67754322523973],[91.48898653959719,25.6749986816439],[91.48765121722994,25.67238027672846],[91.48581645996171,25.669688461953],[91.48166205795769,25.664520229025413],[91.47448022588179,25.66070168423539],[91.47877629538976,25.650968454830377],[91.47844015129203,25.647882037326212],[91.47639608940807,25.643897161125153],[91.4787081600536,25.639179287993784],[91.47751981658632,25.63499024140657],[91.4715133066938,25.634132168564804],[91.46506642757362,25.631922297775873],[91.46248512868578,25.627696053430157],[91.46096671783982,25.625620891191204],[91.47858073151559,25.617787810559037],[91.49154561443862,25.615987132200416],[91.5023496827917,25.614186453841796],[91.51603483723801,25.613826318529846],[91.53404161812625,25.605543199159342],[91.55204839991376,25.59077763787775],[91.55240853522577,25.586456011435814],[91.54988758624319,25.579253298001333],[91.54664636573727,25.572770856989507],[91.54664636573727,25.56628841507836],[91.55096799307847,25.554043803678667],[91.55096799307847,25.535676886579097],[91.55348894206111,25.524512682014688],[91.55817070561363,25.50686603643851],[91.5704350967024,25.488623625080265],[91.57191588800788,25.489454312666453],[91.5757442758777,25.489959949292256],[91.58141462368599,25.493932804255564],[91.58393966728187,25.4938760336521],[91.58666966996935,25.492943837787948],[91.58999894129818,25.48984761587485],[91.59449345790682,25.48984761587485],[91.59745650911066,25.492943837787948],[91.60015321889597,25.495107864736212],[91.60649731989548,25.495005593833127],[91.60873483764271,25.494668763552625],[91.61000998187524,25.493898864740856],[91.61431660222945,25.492647780071024],[91.61782926420926,25.493971043428985],[91.61944123962155,25.495727374418834],[91.62187123207178,25.498205485095127],[91.62639584809,25.498927988735716],[91.63239879217059,25.49687698318627],[91.63415610432082,25.497800785677782],[91.63660260382716,25.500560939935497],[91.63895500726784,25.50288197862045],[91.66200642455692,25.51322755640666],[91.66989107501314,25.522027438815314],[91.67590897212142,25.528100355546997],[91.68183661057117,25.529559904865778],[91.68515557926662,25.532388243023036],[91.68573279113548,25.53544746502854],[91.69149266285615,25.537573669189555],[91.69862589916596,25.5379133467236],[91.70415184013535,25.54191952156873],[91.7062044185991,25.544678363715548],[91.70772729907566,25.54553912193296],[91.71107369709352,25.549042240307188],[91.71038265083871,25.55215195025238],[91.70362043433562,25.55500847406188],[91.70334030720949,25.5611171091673],[91.70784001200701,25.56683496725998],[91.71770115198666,25.573827798713978],[91.7195892840183,25.583146635808646],[91.71796970034148,25.587038136300976],[91.70480060836144,25.594803197609508],[91.7009959895733,25.598061698588594],[91.69945572430231,25.60355924166572],[91.69770335932265,25.60735603275475],[91.69610754113017,25.611328205132622],[91.69627837814471,25.61529721279618],[91.69663509603294,25.61627818698878],[91.69907861518601,25.618061778228537],[91.70988689236623,25.619660198159693],[91.71462236702865,25.61984035215056],[91.71629522564422,25.621513209866805],[91.71945661872803,25.622966023263416],[91.723426233434,25.629356135377407],[91.72530616634657,25.631823680818286],[91.72494817861559,25.636560133943078],[91.72238718911757,25.64041538726036],[91.72155714094936,25.643050679645228],[91.7220936216234,25.648281367790958],[91.72504426667962,25.650963772060493],[91.72587376626137,25.657462308238962],[91.72206619140167,25.663261000095133],[91.72262294369398,25.66902908172682],[91.72421071385344,25.671807678381697],[91.73181877511644,25.673395447641838],[91.73634678517607,25.672216663068582],[91.74029409129935,25.669968197874084],[91.74369989133697,25.66662086186335],[91.74699968828503,25.663668411867775],[91.75064683308494,25.66247199428716],[91.75351405522952,25.664546948782686],[91.75585934233482,25.666200183291892],[91.7588197864041,25.665681144968914],[91.765090841769,25.66211064129311],[91.76643486867431,25.664109451090326],[91.76946754629029,25.665039931947376],[91.77143532408098,25.668789810801172],[91.77358952863392,25.6748722693398],[91.77427486779095,25.679916933619666],[91.77415377767477,25.682580905384555],[91.77228533809796,25.68643342566213],[91.77056833805841,25.687665185699814],[91.76812348071411,25.689270207554102],[91.76904772926935,25.692754709961946],[91.77884137962604,25.69608339673141],[91.77993415303877,25.69765948110023],[91.7813284493485,25.7003460510295],[91.78328386415905,25.70279457041312],[91.78415923096378,25.706299695174835],[91.79372930626255,25.711485385742037],[91.7931568500087,25.713550317293368],[91.79282958941405,25.718066774661963],[91.79407222405393,25.719970386724015],[91.79030283081107,25.72481379711911],[91.77555027102824,25.722821730438568],[91.77136030623319,25.726620109730334],[91.76511464592426,25.731227467873396],[91.76249247284937,25.732071592230227],[91.75902967917642,25.73161234533353],[91.75431306509591,25.734307554150348],[91.7531517777324,25.741928128580298],[91.75335071766153,25.746049020046314],[91.75534465673059,25.750051858406607],[91.75593507604299,25.75157008129429],[91.76274114528769,25.758334108132658],[91.76620245238132,25.760106297767493],[91.76991297330511,25.76096470155977],[91.77163963116408,25.768649504670975],[91.77047050980622,25.772702456852926],[91.77136492874854,25.7767425820046],[91.77259277044004,25.784188002674227],[91.76730584139153,25.788447028207827],[91.76291055507812,25.78883556231142],[91.76045793658454,25.787961361028067],[91.7588066688927,25.787281427695802],[91.7582053003344,25.790474529076334],[91.75878402396359,25.799526226154455],[91.75917540801873,25.800736628192908],[91.75393340190504,25.798115625136063],[91.74804951817077,25.802287833716605],[91.74708670039098,25.80571118492327],[91.74823178197124,25.811114652619153],[91.7407972736753,25.811032503147544],[91.73615584021991,25.80930736874012],[91.73504682505097,25.804378413033362],[91.73180192901589,25.80142103924959],[91.73255275950231,25.79602815387625],[91.72721073798522,25.79028296089001],[91.72590289979905,25.78085240281621],[91.72040959612605,25.773109461232707],[91.70884750091147,25.779492155738467],[91.69759930866121,25.78121862294114],[91.6932357549262,25.78950610762081],[91.68983958213107,25.792258178771988],[91.68579930679266,25.79331216442489],[91.6751423477412,25.792141069954482],[91.66381424982785,25.801035793966776],[91.65988315848102,25.80082889503751],[91.65346927278875,25.794070176897208],[91.64553247424436,25.79545040691079],[91.63468302340289,25.78900073269773],[91.63073322256025,25.793500504944404],[91.62828756481935,25.801169104070937],[91.62527425500292,25.802237112852538],[91.6191713503776,25.801588679174245],[91.61230558323615,25.79659192537713],[91.59633191498597,25.79960959420748],[91.59341186486574,25.797338444513628],[91.59023618784983,25.791176869916683],[91.58635520672749,25.793634824087917],[91.5854887099361,25.799861502406486],[91.57870215328182,25.801789923166496],[91.57525324783916,25.800454862501965],[91.57362150712692,25.79733972155094],[91.5695050718017,25.795967576442536],[91.56244294308743,25.796572004494465],[91.55965446198388,25.798159889767135],[91.55454224782653,25.797501498795157],[91.54904274332802,25.795332680259037],[91.54633172083231,25.79029792291084],[91.53076793569176,25.790668471472827],[91.51973368496164,25.788547934839357],[91.51069056831511,25.79145880917673],[91.50727514283363,25.79110950440014],[91.49288883914869,25.784183027624692],[91.49048891283314,25.7845385718976],[91.48777788584084,25.78751625866846],[91.48134300907265,25.787111330823336],[91.47838621984823,25.78521713736103],[91.47639962644166,25.779534557873603],[91.46960825032056,25.779349757985017],[91.46535786547315,25.781243951447266],[91.45805829145706,25.77717836558918],[91.45574830004409,25.77782516340062]]]}},{"type":"Feature","properties":{"blockName":"Ranikor","districtName":"South West Khasi Hills","state":"Meghalaya"},"geometry":{"type":"Polygon","coordinates":[[[91.13457721736472,25.33314934956286],[91.13282762679358,25.33049967252191],[91.12448213134536,25.3255268622749],[91.11850849706957,25.324796045301298],[91.10372668234055,25.341464716823282],[91.0976114048425,25.344961574117406],[91.09454073896399,25.345146368610074],[91.07824816122371,25.33913612653106],[91.06858714108375,25.33955208725905],[91.06499733076225,25.333988206590504],[91.05848204381135,25.332624645511032],[91.05010710815657,25.327948639418253],[91.04383657889508,25.327081442054975],[91.03038759451192,25.31268617033055],[91.02633185802887,25.31176488504144],[91.02014607548108,25.31381689873092],[91.01312759086568,25.30825564228411],[91.00657108618674,25.316543431833963],[90.99678544069559,25.316415029330187],[90.99099422220564,25.321317244595207],[90.98270242887406,25.32098803876704],[90.97571650241474,25.327955673915255],[90.96274261458007,25.329601823565383],[90.95721990397544,25.336467807443398],[90.95242753370377,25.336090226183046],[90.9463281535215,25.33150116924361],[90.94336559784415,25.331704481676525],[90.94021086154208,25.334281006063634],[90.93382583869158,25.333787318729833],[90.93199414811153,25.32365769784451],[90.92628947138206,25.319666179250817],[90.92465632592877,25.316221726351614],[90.92112279248295,25.31387593472664],[90.91687661376477,25.313608693086792],[90.9104924983302,25.319280162349685],[90.90390585826879,25.317452432383902],[90.90222616120843,25.308020284308725],[90.89861498119649,25.30675820003097],[90.8935023047876,25.299589027711534],[90.88086691187851,25.28854901322643],[90.89247200278078,25.291844208343605],[90.89923745324592,25.29185858490581],[90.90730796658943,25.28886882653518],[90.90951816023494,25.284738608200257],[90.91393826244092,25.284060083206327],[90.91541162984288,25.281791873396287],[90.91816412817201,25.27538675429531],[90.91661383725886,25.270411898090686],[90.9199559976712,25.263750834633356],[90.93427842071259,25.261246543792993],[90.937072143065,25.257248187653772],[90.9456921107024,25.250662894776838],[90.94979087884604,25.250913374852416],[90.95240953557169,25.24897784585096],[90.95592498005385,25.242432543127393],[90.9564159325493,25.231230513977096],[90.95367691505766,25.226769021373286],[90.9517690438064,25.215341022270422],[90.94575764699789,25.21311457877482],[90.94486706995934,25.209858405241278],[90.94664822403638,25.20782677558526],[90.9622738339703,25.200973152888764],[90.9654381138779,25.1890550286667],[90.96930095837257,25.186794386651684],[90.9703275587699,25.182450037039644],[90.97005666947979,25.176958370132752],[90.96642482124855,25.172874420118433],[90.9673788157798,25.166663494324837],[90.97556304929537,25.175212859785688],[90.98825073238544,25.180397034095904],[91.00034332238647,25.18074035658225],[91.05604553217563,25.189661026035594],[91.06974792482691,25.194637298672433],[91.08381652860999,25.19640731824319],[91.12619781477741,25.18908691412986],[91.14384460424515,25.18957138071471],[91.18872070329786,25.197910308414066],[91.22465515171393,25.19474601771458],[91.23593139651678,25.19711303693714],[91.24211883561583,25.2007217411155],[91.26148986826286,25.202384949106147],[91.28238677972615,25.196050643522426],[91.31958007845793,25.176597595402768],[91.34613800006872,25.166498184543627],[91.35901641857293,25.1659145353276],[91.37155914264036,25.168073653776162],[91.38632965109258,25.163402557082406],[91.39992296767088,25.16262068739485],[91.40511228790183,25.17570949419786],[91.40928559545392,25.178730470734706],[91.40735568991323,25.184837351262786],[91.40282326238372,25.19054820993199],[91.39720305177946,25.194536746373785],[91.39608390844569,25.198875745019677],[91.39809440313428,25.20598622668308],[91.39482107143533,25.2225422545215],[91.39853754317312,25.227745314594642],[91.40606339740793,25.2282563291663],[91.40931228373495,25.238436483856674],[91.41324913793744,25.238939060988912],[91.42187671024203,25.23491844483044],[91.4247246473247,25.241535709505456],[91.4318863705596,25.24321096571356],[91.43456678103217,25.245305037097808],[91.4345862801328,25.250886109206647],[91.43803559296828,25.25653498390244],[91.44348450700443,25.25653498390244],[91.45233274326154,25.259734346363018],[91.4490715092428,25.263512156361003],[91.4455769766962,25.265249648352665],[91.44188910969473,25.265862223362944],[91.4241290326288,25.27547345433652],[91.42091294277816,25.276788719124113],[91.41676848817525,25.27717862019722],[91.40956757878081,25.281980142869372],[91.39642302210484,25.285143935344365],[91.39042416544294,25.288120407131146],[91.38685619965395,25.28837980758209],[91.38359171998195,25.288377920804464],[91.37828196434123,25.28746947333758],[91.36437854893097,25.285779517710637],[91.36066655132032,25.28692385555155],[91.35843303465685,25.287117297925022],[91.35354642982395,25.285078204795354],[91.34910288409088,25.28137842627342],[91.34749750340711,25.2811201104048],[91.34518870089789,25.28147536869335],[91.34176347640334,25.2822635687088],[91.339990980999,25.28550173691565],[91.33378179089698,25.288815189169668],[91.32659816197565,25.288767454054835],[91.32048569755693,25.283950612330955],[91.31475409422615,25.282353937084565],[91.31143108667538,25.27808170500674],[91.31127159460846,25.274542060667613],[91.30928077258966,25.273118146085608],[91.30563626999793,25.269937667589318],[91.30357322972083,25.269367114300962],[91.2984942500097,25.271780585305805],[91.2933705928786,25.27197411221556],[91.28878142442323,25.271435322082482],[91.28696122987691,25.271276768907796],[91.28572319796729,25.27205941560959],[91.28356522165774,25.275956296745733],[91.28334656409271,25.278983734911492],[91.28754902676621,25.28146917236444],[91.28864381555968,25.285214080665355],[91.28857248763023,25.289537931130667],[91.27828673904185,25.294098091953458],[91.27502699699835,25.294425455970043],[91.26665625308368,25.29671371526581],[91.25838656328932,25.298812148362003],[91.24674698518527,25.29851561400443],[91.24064835233963,25.297469656599446],[91.23774475081967,25.297528493844993],[91.22735016088126,25.29554509123301],[91.21448240024262,25.292480358182047],[91.21058423577392,25.292764256165526],[91.20220104883941,25.289949275638605],[91.19504675670254,25.29100350500778],[91.18732280430402,25.288803846020755],[91.18057353264248,25.286450041436296],[91.1758422533174,25.285786153807976],[91.16808938411782,25.292122710394835],[91.16633252702457,25.302328365361802],[91.1607857496627,25.307587411829616],[91.15944743435165,25.307752607396992],[91.15675282358399,25.308823842946026],[91.15470087194774,25.317177959295464],[91.15657788206369,25.322060664668015],[91.15571446904755,25.32444277991044],[91.15452671373691,25.324906525216022],[91.15097474059189,25.326124396124044],[91.14715125132926,25.326811760554335],[91.1433527263473,25.324639109107636],[91.13752126859174,25.33205584500132],[91.13712872890778,25.33326150401524],[91.13457721736472,25.33314934956286]]]}},{"type":"Feature","properties":{"blockName":"Dadenggiri","districtName":"West Garo Hills","state":"Meghalaya"},"geometry":{"type":"Polygon","coordinates":[[[90.24371593464275,25.829684627643474],[90.23914395762762,25.829623943190484],[90.23018211811035,25.832591887605588],[90.22542933959238,25.835780665945038],[90.22107047762051,25.839692694362384],[90.21793003424375,25.849209391300406],[90.21711201990388,25.850881920764095],[90.21413279888964,25.858109704599258],[90.21312660410956,25.860665544579263],[90.21091839976441,25.878934689184632],[90.20745720688467,25.888042387046596],[90.19962188963854,25.899892963189757],[90.19799183155783,25.90229301271239],[90.19467563906954,25.905495085729683],[90.19110813013617,25.909677402690022],[90.18623896675496,25.912591116187116],[90.1755521942784,25.917440656361237],[90.1675480877741,25.918579566793596],[90.16418268571141,25.91840126850417],[90.1698438887845,25.891970417101106],[90.17071057623218,25.861129205348618],[90.14141392671138,25.860461155657845],[90.13704676039976,25.823785584037523],[90.12923618799971,25.812918701636818],[90.09833349409553,25.783713958332555],[90.0728642413917,25.776582567431603],[90.06690829228393,25.769173636753976],[90.07159294715683,25.7660505332056],[90.07569759776601,25.76025048337317],[90.07536816440933,25.74188151492001],[90.07671326240717,25.737213234902924],[90.08367612125608,25.72692719403483],[90.08375524540833,25.721072063425026],[90.08635867301439,25.71830300318112],[90.08554124143518,25.71699511283424],[90.08020068941033,25.716014195298897],[90.07470821671092,25.716569259563755],[90.07250358177492,25.712369954409894],[90.07313673237434,25.708017506402825],[90.09828458716402,25.689354780698636],[90.11236432185603,25.68442687360141],[90.11762075669265,25.680062155244343],[90.12414052856258,25.670704105010486],[90.1292494601945,25.656966753912627],[90.13067717621078,25.64680769102216],[90.13424474090215,25.63826563525089],[90.13874085200877,25.632452374377635],[90.14258580718933,25.628819126801318],[90.14577005744223,25.625383053784958],[90.14948422871424,25.623927500154082],[90.15215182114969,25.623017013924084],[90.15722797698959,25.624940349917267],[90.16323347604413,25.624472509998384],[90.16612930922031,25.621314210582398],[90.16894994558356,25.62049443626927],[90.1728849345921,25.621449536966622],[90.17808189456383,25.621780457801947],[90.18306026891634,25.629797656636583],[90.18531783884725,25.631812798122212],[90.18577372497748,25.63256342266385],[90.18833836032712,25.63664660016053],[90.19612017510605,25.636663511911593],[90.22257393723748,25.642620183174984],[90.22919129544198,25.645869121662713],[90.2385644309038,25.651313014783852],[90.24398783387147,25.657348240029307],[90.25922264520898,25.659567374734593],[90.262495142337,25.659805245415782],[90.26871023468965,25.66151408770503],[90.27306165567092,25.66503246757435],[90.27457626238464,25.66835195427933],[90.27423607583427,25.672768120152682],[90.27345273395656,25.675387958587464],[90.272249192846,25.678409374892794],[90.27142113487753,25.68091542031044],[90.27154813803622,25.683177530918385],[90.27183678983602,25.684246384163373],[90.27236277092521,25.685116884736487],[90.273017162612,25.685779287584126],[90.27302863975996,25.686878240238627],[90.27256150490956,25.69076203713837],[90.27251309530317,25.692898284028615],[90.27157725628541,25.695383254733486],[90.27061496101169,25.69736639024677],[90.26870416156788,25.701976067741384],[90.2689895578219,25.70357135713249],[90.26881561994497,25.707908304424734],[90.26933237219129,25.70931023418001],[90.26943819991305,25.71131757404686],[90.26821401036835,25.714632979628334],[90.26810748027606,25.71662132131695],[90.26788583516321,25.719098833044768],[90.27722396361509,25.71600985607006],[90.27946378632475,25.716495648255602],[90.28239134488473,25.716472145373245],[90.28328172856897,25.713697698190288],[90.28397987766925,25.711476873658853],[90.28647596399458,25.70670549895965],[90.2914611012489,25.701229218553635],[90.29554882032187,25.70259385432297],[90.30074448706847,25.700347275006777],[90.30578929523983,25.700584540444254],[90.31611069025621,25.705646372781928],[90.31876256344162,25.706311732600454],[90.32243533532255,25.708297179371357],[90.33008805511969,25.71331804219392],[90.33296950184109,25.72065072475118],[90.33572783856897,25.721068660390415],[90.3369680324488,25.72123666723843],[90.34095137170851,25.72199241791583],[90.34573221087288,25.722762459719775],[90.3477624789553,25.724941040396743],[90.35185792500329,25.742536394039405],[90.352331701347,25.745958445725762],[90.3528377804393,25.74901942410719],[90.35270180204657,25.752282935209337],[90.34892384905646,25.760636396852306],[90.34561163606821,25.7668261777859],[90.34135660442382,25.771887871627996],[90.34088093140991,25.773038162980868],[90.33882017181355,25.775239493807646],[90.3380011610248,25.77606085812215],[90.33476481934099,25.778902546715187],[90.33322060964349,25.78033000822336],[90.33298902342477,25.78291864108246],[90.33331368677727,25.784289637756615],[90.3284675712215,25.78789254400573],[90.31754832579463,25.791953163807534],[90.31630958971584,25.792942631197548],[90.31477248376319,25.793724260766055],[90.31015733928984,25.795960130955336],[90.30618355982347,25.797809649695637],[90.29906430707217,25.797581574430183],[90.29286535305368,25.79807385522429],[90.28720800134823,25.798341068085847],[90.28431343621617,25.80002245767031],[90.28243528306194,25.802286368721013],[90.27863751081253,25.80875568502688],[90.27593551301356,25.81371779064358],[90.27306293720483,25.816971268908958],[90.26880445755972,25.818558768372498],[90.26522924233575,25.822279384186288],[90.26435895130464,25.825849770050922],[90.26322408062686,25.829761301143208],[90.2482982457675,25.830039778013372],[90.24371593464275,25.829684627643474]]]}},{"type":"Feature","properties":{"blockName":"Rongram","districtName":"West Garo Hills","state":"Meghalaya"},"geometry":{"type":"Polygon","coordinates":[[[90.41048223716558,25.734648010497324],[90.41040844329507,25.735472865080737],[90.41434820590501,25.740774972886754],[90.4150348508777,25.745924647404593],[90.41139758513049,25.759816403104594],[90.40756224819927,25.76879895760584],[90.40550258487644,25.772603471173284],[90.3984329917892,25.777060135317015],[90.38908711837587,25.776980518336302],[90.3841759341721,25.777297641772805],[90.38054164608013,25.77717882424338],[90.36757830279652,25.771411360445995],[90.36002068270841,25.77286716588702],[90.35733369279575,25.775996609655863],[90.35335559658358,25.78187099115337],[90.34722989144637,25.784991388641743],[90.34442320806465,25.78496957108888],[90.34443400622445,25.782620894438764],[90.34169877038198,25.782121930782523],[90.33331368677727,25.784289637756615],[90.33298902342477,25.78291864108246],[90.33322060964349,25.78033000822336],[90.33476481934099,25.778902546715187],[90.3380011610248,25.77606085812215],[90.33882017181355,25.775239493807646],[90.34088093140991,25.773038162980868],[90.34135660442382,25.771887871627996],[90.34561163606821,25.7668261777859],[90.34892384905646,25.760636396852306],[90.35270180204657,25.752282935209337],[90.3528377804393,25.74901942410719],[90.352331701347,25.745958445725762],[90.35185792500329,25.742536394039405],[90.3477624789553,25.724941040396743],[90.34573221087288,25.722762459719775],[90.34095137170851,25.72199241791583],[90.3369680324488,25.72123666723843],[90.33572783856897,25.721068660390415],[90.33296950184109,25.72065072475118],[90.33008805511969,25.71331804219392],[90.32243533532255,25.708297179371357],[90.31876256344162,25.706311732600454],[90.31611069025621,25.705646372781928],[90.30578929523983,25.700584540444254],[90.30074448706847,25.700347275006777],[90.29554882032187,25.70259385432297],[90.2914611012489,25.701229218553635],[90.28647596399458,25.70670549895965],[90.28397987766925,25.711476873658853],[90.28328172856897,25.713697698190288],[90.28239134488473,25.716472145373245],[90.27946378632475,25.716495648255602],[90.27722396361509,25.71600985607006],[90.26788583516321,25.719098833044768],[90.26810748027606,25.71662132131695],[90.26821401036835,25.714632979628334],[90.26943819991305,25.71131757404686],[90.26933237219129,25.70931023418001],[90.26881561994497,25.707908304424734],[90.2689895578219,25.70357135713249],[90.26870416156788,25.701976067741384],[90.27061496101169,25.69736639024677],[90.27157725628541,25.695383254733486],[90.27251309530317,25.692898284028615],[90.27256150490956,25.69076203713837],[90.27302863975996,25.686878240238627],[90.273017162612,25.685779287584126],[90.27236277092521,25.685116884736487],[90.27183678983602,25.684246384163373],[90.27154813803622,25.683177530918385],[90.27142113487753,25.68091542031044],[90.272249192846,25.678409374892794],[90.27345273395656,25.675387958587464],[90.27423607583427,25.672768120152682],[90.27457626238464,25.66835195427933],[90.27306165567092,25.66503246757435],[90.26871023468965,25.66151408770503],[90.262495142337,25.659805245415782],[90.25922264520898,25.659567374734593],[90.24398783387147,25.657348240029307],[90.2385644309038,25.651313014783852],[90.22919129544198,25.645869121662713],[90.22257393723748,25.642620183174984],[90.19612017510605,25.636663511911593],[90.18833836032712,25.63664660016053],[90.18577372497748,25.63256342266385],[90.18531783884725,25.631812798122212],[90.18306026891634,25.629797656636583],[90.17808189456383,25.621780457801947],[90.1728849345921,25.621449536966622],[90.16894994558356,25.62049443626927],[90.16612930922031,25.621314210582398],[90.16323347604413,25.624472509998384],[90.15722797698959,25.624940349917267],[90.15215182114969,25.623017013924084],[90.14948422871424,25.623927500154082],[90.14577005744223,25.625383053784958],[90.14258580718933,25.628819126801318],[90.13874085200877,25.632452374377635],[90.13472682158562,25.627649564775652],[90.13341304427661,25.62585684901444],[90.13166750694995,25.622149303947253],[90.12858228914138,25.61544059620661],[90.12865814515732,25.609349722711556],[90.12941813433946,25.605112163095896],[90.12949229873067,25.60342008956553],[90.1294201137473,25.601637709712577],[90.11916274416535,25.591145519050542],[90.12013829904333,25.581967114690656],[90.12269326488234,25.574210060046312],[90.1237277055692,25.57123092806495],[90.12438089216448,25.57017239004381],[90.1259271163434,25.56849563826313],[90.13340599179315,25.5598100695791],[90.13755036635638,25.55250164623402],[90.13673635939551,25.546774145610357],[90.13505702116464,25.540769982948405],[90.13421890337975,25.53836503931518],[90.13227154199814,25.53515867833039],[90.13029600395748,25.533391116606822],[90.131806351482,25.52987096417371],[90.13101186610481,25.52579260164731],[90.13498429658807,25.520284164182897],[90.14409440463311,25.51631173369958],[90.1446609748242,25.513475549856764],[90.14756071825258,25.512605627547714],[90.15012380856695,25.50958140086101],[90.15350269909032,25.509722187029354],[90.15520902687513,25.511409084062052],[90.1605401477097,25.522221979260962],[90.16417114877953,25.520447327282398],[90.16840973362235,25.520907272952343],[90.17034205294345,25.522775886997636],[90.17271584675899,25.527833233516958],[90.17176601339088,25.53574247593457],[90.17297735701948,25.537546589703425],[90.17511751236339,25.53709205615354],[90.18057650690031,25.530740719208893],[90.18295624433529,25.530241228549926],[90.18733636178371,25.533482641510773],[90.19111488854134,25.53283125086159],[90.1921445430363,25.526630599822397],[90.1891032661029,25.52125306677567],[90.1919143669545,25.51713220678596],[90.19243283151002,25.513069947520137],[90.2055301432016,25.51386022496945],[90.20756573167324,25.511372282904574],[90.1946736704536,25.487623748936926],[90.1935427882691,25.481064629928767],[90.19580455263804,25.479933746845006],[90.20507779050769,25.487171395343694],[90.20847043796039,25.498027868091697],[90.21186308541314,25.500741986953187],[90.21548190966246,25.50006345746266],[90.21593426325569,25.496670809110583],[90.21276779170029,25.49124257318624],[90.21276779170029,25.48807610163084],[90.21480338017193,25.486040513159196],[90.22181485277332,25.485361983668668],[90.23706067540991,25.488161547117784],[90.24071930185437,25.484846622673558],[90.24505575901611,25.48439405953826],[90.27246551756963,25.49280529452875],[90.2845606913229,25.505656417709588],[90.29464000413293,25.512207969821986],[90.30547526367252,25.516239695305728],[90.31505061079713,25.516995642934603],[90.32563388839327,25.515735729620303],[90.32991759582046,25.512207969821986],[90.33571320030399,25.490285467000774],[90.35988121134886,25.46959494904769],[90.36410751594917,25.475311307071195],[90.37785176664579,25.484117616934498],[90.38233966424417,25.488965857588312],[90.38334483739436,25.49220735688408],[90.39270046755257,25.500178351249986],[90.40489990150928,25.5144461584635],[90.41621410129977,25.539806930445536],[90.40739699147804,25.57963528683905],[90.41787035213508,25.600523277926982],[90.42097948741349,25.630301154674612],[90.43054784770504,25.67465275382159],[90.42877729843366,25.686420470028736],[90.42984372620708,25.690546460650694],[90.42297312071298,25.704018954211392],[90.42135307928123,25.710298912864573],[90.41810539085117,25.712805083288004],[90.40899740610547,25.725898258997518],[90.41048223716558,25.734648010497324]]]}},{"type":"Feature","properties":{"blockName":"Mawshynrut","districtName":"West Khasi Hills","state":"Meghalaya"},"geometry":{"type":"Polygon","coordinates":[[[91.0046539995825,25.825276999933635],[90.99657463151408,25.82243684378534],[90.98994132203444,25.81234114262969],[90.9901091310316,25.808561818173416],[90.9867405296518,25.804774811708228],[90.98180391621781,25.803470534837345],[90.97898309729214,25.80081290419224],[90.97591041783159,25.791450862767135],[90.97142457878135,25.78789849302109],[90.96378157885681,25.786275392995037],[90.96263600624673,25.782656423954847],[90.96432876955714,25.778779534747798],[90.96395657613516,25.774196418729787],[90.95203738351847,25.771230878202516],[90.94792588906859,25.76810764515176],[90.94534071770005,25.762937304213267],[90.94073381101663,25.759622982314852],[90.9396791976369,25.757481286432267],[90.94280788327723,25.7492761418805],[90.94481526990882,25.74852590674527],[90.95262177647385,25.75047246323362],[90.96186921549196,25.742044367753408],[90.96951945855625,25.7444505524511],[90.97475910394957,25.743199646746348],[90.9754739732453,25.73333113592321],[90.96541992059292,25.721316459587],[90.96209012316069,25.71225096600932],[90.9520282922719,25.703998491037567],[90.95141602393039,25.69918191011709],[90.95349152431447,25.6952703898167],[90.95034617423659,25.68824270064016],[90.94349259380823,25.682436434693784],[90.9423891499394,25.677900054643885],[90.9311210269139,25.670678004886042],[90.92863782067894,25.665714377616496],[90.92905881221446,25.65973027613137],[90.92518978667937,25.65618657584986],[90.9208481530199,25.655917326923145],[90.91761716949685,25.65399893090597],[90.91304966481022,25.637427461708057],[90.90300003142636,25.6268261014435],[90.89732992643502,25.62480836181652],[90.89189090853864,25.61978482980612],[90.88968953724242,25.611979967201762],[90.87787258675053,25.602142208696023],[90.8773635309023,25.59968676183462],[90.87963808183207,25.59676252087371],[90.87798249739438,25.59320607899741],[90.87546846060104,25.592255651177425],[90.87011604651838,25.595752447317636],[90.86767448159213,25.59526413433241],[90.86508929493505,25.592334256420827],[90.86468460451096,25.58773536089825],[90.86226189567003,25.583322568381902],[90.86012760390588,25.58303415130507],[90.85675311646321,25.585370334573327],[90.85287605458632,25.584905474108382],[90.84515345836547,25.578356712592267],[90.84212620096343,25.57915986203807],[90.83894484203091,25.584297884040154],[90.83374348347502,25.583962919852922],[90.83059030389944,25.5812276318498],[90.82899471953073,25.57294578861729],[90.8262024927509,25.569725792111683],[90.82232221669699,25.57088541483006],[90.81232183648365,25.578708035447505],[90.80672005208879,25.572534641060884],[90.8043646116376,25.562506809941397],[90.80137576787746,25.56395594601014],[90.80014238276482,25.571852455826217],[90.79803857711869,25.573778474497033],[90.79540141324469,25.573571057558297],[90.79146353561373,25.568592136418033],[90.78739238205287,25.558246757381994],[90.78376901083124,25.555082690613744],[90.77768654329941,25.54043894789919],[90.77359866144911,25.521116448065698],[90.7749671085453,25.517018375097962],[90.78180844020739,25.512799314536778],[90.78470355032863,25.50858209758576],[90.78393832169627,25.50166694597283],[90.78525356040353,25.492741963370975],[90.79096075703336,25.481928893703525],[90.78862685984177,25.46752280133626],[90.79139145045514,25.462236467638945],[90.79151053418389,25.457782058994894],[90.7845662481339,25.45083821990795],[90.77940624580168,25.450607910726546],[90.77196500697954,25.446584410442256],[90.77276695043446,25.44279126160751],[90.78083592863527,25.44223590866028],[90.78237688278699,25.44098859664649],[90.77555588569561,25.429581333212013],[90.77149870400206,25.42882229191531],[90.75970138481114,25.434626934585424],[90.75572695063835,25.43293497257099],[90.75514568552501,25.42960921129611],[90.75879068903913,25.419752325109755],[90.75402235674642,25.408407619416153],[90.75839841375586,25.399233006598024],[90.75687547212539,25.38487006460184],[90.75999873665245,25.38767237997638],[90.76396833786856,25.38527400679004],[90.76481317718645,25.383565519732997],[90.76329069510956,25.380566002818853],[90.76996890504097,25.373792784909142],[90.78145490591925,25.37300381957067],[90.78730974335002,25.369467572870235],[90.79617630149517,25.37139877433401],[90.80319946977977,25.37541553419959],[90.8100785963502,25.374183349681914],[90.81265563604882,25.37270155113572],[90.81243325529056,25.369213667276995],[90.82021679856643,25.363613631164185],[90.83355758371556,25.361071194679937],[90.83675261953783,25.356991920241],[90.8424137340067,25.35598707264535],[90.84326290086227,25.354741627624094],[90.84184439210509,25.351483034914168],[90.84611002945434,25.3501924763018],[90.84848591149569,25.343357842790283],[90.84816226437704,25.340806868142522],[90.84499359307989,25.337309593562964],[90.84765846596548,25.327252274572857],[90.85038807115262,25.32467292361656],[90.85159719255643,25.319677211234364],[90.8511771174301,25.316616660930208],[90.84764713720568,25.313399834534778],[90.85070551474774,25.304935662750665],[90.85530864247994,25.30427807307467],[90.8600287450306,25.300198870581482],[90.86160351009397,25.297243488796028],[90.86027371136277,25.294191411004874],[90.86210591185841,25.29205384301048],[90.87358342403587,25.291098278263007],[90.88086691187851,25.28854901322643],[90.8935023047876,25.299589027711534],[90.89861498119649,25.30675820003097],[90.90222616120843,25.308020284308725],[90.90390585826879,25.317452432383902],[90.9104924983302,25.319280162349685],[90.91687661376477,25.313608693086792],[90.92112279248295,25.31387593472664],[90.92465632592877,25.316221726351614],[90.92628947138206,25.319666179250817],[90.93199414811153,25.32365769784451],[90.93382583869158,25.333787318729833],[90.94021086154208,25.334281006063634],[90.94336559784415,25.331704481676525],[90.9463281535215,25.33150116924361],[90.95242753370377,25.336090226183046],[90.95721990397544,25.336467807443398],[90.96274261458007,25.329601823565383],[90.97571650241474,25.327955673915255],[90.98270242887406,25.32098803876704],[90.99099422220564,25.321317244595207],[90.99678544069559,25.316415029330187],[91.00657108618674,25.316543431833963],[91.01312759086568,25.30825564228411],[91.02014607548108,25.31381689873092],[91.02633185802887,25.31176488504144],[91.03038759451192,25.31268617033055],[91.04383657889508,25.327081442054975],[91.03945010413906,25.331842925110948],[91.03582175966653,25.332291792931926],[91.03163233086741,25.33756598398304],[91.03506114455621,25.34382135157415],[91.03203524872782,25.34919231597263],[91.02477007108195,25.354203883402533],[91.02339698168544,25.362300375461984],[91.02136102179378,25.363389377118096],[91.02073730418329,25.36757887606433],[91.01692209677742,25.371035004861653],[91.02325085264476,25.381762469862167],[91.01922993791135,25.383028044408775],[91.01509582731063,25.3811643055883],[91.01245270722671,25.383739653662133],[91.01238493431731,25.386958838079977],[91.01665458983751,25.38953418615381],[91.01942295490551,25.394691799886687],[91.01377580600871,25.40423889390985],[91.01630737058872,25.41592803185324],[91.01282364519511,25.419850882712126],[91.00843239324041,25.420729132743304],[91.00705646828146,25.42292475827105],[91.00835972981776,25.43014130687584],[91.00607942142824,25.434970194119217],[91.00971609722018,25.447408961054748],[91.00584945308987,25.44891491808903],[90.99864528365299,25.44891491808903],[91.00007380366316,25.455141816741502],[91.00973437594075,25.463787329621596],[91.0087073312784,25.46928622797708],[91.01035301148238,25.471465642325597],[91.01391123761357,25.473378189152186],[91.0189372337664,25.47244415417441],[91.02347397264577,25.478359706635217],[91.02894474650293,25.478315228864744],[91.03506600898919,25.472886152973615],[91.0416372499592,25.477849544620824],[91.05390890577144,25.48004621695941],[91.0566589984141,25.48272096440104],[91.05677201531631,25.485207349739426],[91.06053926637412,25.486940284866307],[91.06377910102475,25.48671425016255],[91.06862020375945,25.482668079768132],[91.07822333723726,25.48369332578642],[91.08686957407167,25.480104966071394],[91.09046164169149,25.481309357041255],[91.09426799077522,25.48514498535286],[91.0991576838801,25.484237317598172],[91.10333165603117,25.489686144400082],[91.1033598299922,25.495574482476457],[91.09932884914713,25.504142693230733],[91.10529924136694,25.514469420327544],[91.10517513312595,25.523256065614987],[91.1136227322034,25.532413547247472],[91.11685573200651,25.53944279674772],[91.12011742467945,25.54151841943957],[91.12413564594334,25.55319534818682],[91.1354674904324,25.558345449882665],[91.13735818013595,25.56363297158441],[91.13690954164207,25.568055262740245],[91.14040629731284,25.573682718282896],[91.14927709666074,25.577351505267814],[91.15543376455662,25.58732292101604],[91.15740695176947,25.587886688919582],[91.16097748062629,25.585843030831256],[91.16642723552854,25.588826301492645],[91.16853545414796,25.596252728480692],[91.17205603915494,25.599205477051157],[91.18226754421187,25.602919088944873],[91.18639815285252,25.611927895555993],[91.19245798894508,25.609734812411716],[91.20039137096506,25.61959458452253],[91.20983475876716,25.620840172535964],[91.21667210013737,25.62651936517659],[91.22035062588071,25.627080918049955],[91.2255358191228,25.62567758535232],[91.22772406571312,25.62807990026721],[91.22895757493222,25.634420142275815],[91.23802774138721,25.632394159462933],[91.24423167315325,25.634337981112992],[91.24470070377453,25.63691764863063],[91.2429418393944,25.639731831458903],[91.2439910919154,25.644475636541472],[91.24649732439207,25.64587742780111],[91.25244431805089,25.64341367300267],[91.25575075559294,25.644728471941505],[91.25898812250392,25.65314562626969],[91.26711097099457,25.65544121324143],[91.27187872951981,25.658737441679648],[91.26927614098116,25.66511737706537],[91.27302086132374,25.670398393071423],[91.29350808123303,25.67655474800324],[91.30770179150454,25.682874630260017],[91.30788755816434,25.68926502386182],[91.30268607460272,25.693240443691593],[91.30148070517049,25.696898198692963],[91.30454585910417,25.704347234637225],[91.29979674712223,25.71251296550099],[91.30188661057866,25.717265719737213],[91.30515752939652,25.720163765245616],[91.30559253416817,25.723806924250198],[91.30113428901626,25.72890023285953],[91.29871925858697,25.734427967976387],[91.29308418848456,25.737030834405516],[91.27653668531985,25.73880640639061],[91.25982825746814,25.743967352111667],[91.25332910885135,25.74324375219743],[91.22656999990562,25.722729000443053],[91.22413600007638,25.72535500013322],[91.21857499993638,25.723222999841596],[91.20073700021243,25.730302999883577],[91.19472499995885,25.72891599977362],[91.19509099974988,25.735422000325116],[91.19144399974084,25.738266000175827],[91.19196300029228,25.762804000404344],[91.18849200030564,25.766217999561093],[91.18871299970522,25.76927600028722],[91.18397499974651,25.772681999974395],[91.18273900030471,25.775659999709262],[91.18678299973573,25.78192099975439],[91.18757600033223,25.794360999660455],[91.19379400019301,25.81003000008451],[91.19101000041127,25.814897999742925],[91.19272600040466,25.8200990003686],[91.19715899978809,25.825719999678313],[91.19735699992566,25.82993099961601],[91.20549800033251,25.83985100022352],[91.20153800027856,25.84695599961975],[91.1993639998488,25.858334000014167],[91.18191500007725,25.842094000237978],[91.17108199963462,25.844974999996282],[91.16455800005173,25.848650000397242],[91.15579199960115,25.849426000209803],[91.14833099997571,25.846702999643753],[91.14084600014286,25.84149899977905],[91.13463599975165,25.84131999961835],[91.12928000007201,25.837575999632747],[91.12371799988586,25.830721000074163],[91.0843280000372,25.82874899996642],[91.06951899970215,25.82518600023377],[91.06623100006067,25.819799000023863],[91.05290199962764,25.8283410000372],[91.06022600012989,25.831471999633152],[91.06481200027366,25.835503000263316],[91.0705179999058,25.83573200003184],[91.07589000032334,25.837750999609],[91.07601899997695,25.841894000008153],[91.08154300020936,25.852037000107543],[91.06892400014254,25.845847999785406],[91.05213900041457,25.848245999753146],[91.0450210004189,25.838840000365792],[91.02797700043828,25.827015000042252],[91.02384899983156,25.822081000038168],[91.00916299977268,25.82023999967629],[91.00383000025437,25.821719999578363],[91.0046539995825,25.825276999933635]]]}},{"type":"Feature","properties":{"blockName":"Nongstoin","districtName":"West Khasi Hills","state":"Meghalaya"},"geometry":{"type":"Polygon","coordinates":[[[91.26966934166683,25.74772305407572],[91.26496099955057,25.748553999767353],[91.25806399985379,25.747103000303298],[91.25332910885135,25.74324375219743],[91.25982825746814,25.743967352111667],[91.27653668531985,25.73880640639061],[91.29308418848456,25.737030834405516],[91.29871925858697,25.734427967976387],[91.30113428901626,25.72890023285953],[91.30559253416817,25.723806924250198],[91.30515752939652,25.720163765245616],[91.30188661057866,25.717265719737213],[91.29979674712223,25.71251296550099],[91.30454585910417,25.704347234637225],[91.30148070517049,25.696898198692963],[91.30268607460272,25.693240443691593],[91.30788755816434,25.68926502386182],[91.30770179150454,25.682874630260017],[91.29350808123303,25.67655474800324],[91.27302086132374,25.670398393071423],[91.26927614098116,25.66511737706537],[91.27187872951981,25.658737441679648],[91.26711097099457,25.65544121324143],[91.25898812250392,25.65314562626969],[91.25575075559294,25.644728471941505],[91.25244431805089,25.64341367300267],[91.24649732439207,25.64587742780111],[91.2439910919154,25.644475636541472],[91.2429418393944,25.639731831458903],[91.24470070377453,25.63691764863063],[91.24423167315325,25.634337981112992],[91.23802774138721,25.632394159462933],[91.22895757493222,25.634420142275815],[91.22772406571312,25.62807990026721],[91.2255358191228,25.62567758535232],[91.22035062588071,25.627080918049955],[91.21667210013737,25.62651936517659],[91.20983475876716,25.620840172535964],[91.20039137096506,25.61959458452253],[91.19245798894508,25.609734812411716],[91.18639815285252,25.611927895555993],[91.18226754421187,25.602919088944873],[91.17205603915494,25.599205477051157],[91.16853545414796,25.596252728480692],[91.16642723552854,25.588826301492645],[91.16097748062629,25.585843030831256],[91.15740695176947,25.587886688919582],[91.15543376455662,25.58732292101604],[91.14927709666074,25.577351505267814],[91.14040629731284,25.573682718282896],[91.13690954164207,25.568055262740245],[91.13735818013595,25.56363297158441],[91.1354674904324,25.558345449882665],[91.12413564594334,25.55319534818682],[91.12011742467945,25.54151841943957],[91.11685573200651,25.53944279674772],[91.1136227322034,25.532413547247472],[91.10517513312595,25.523256065614987],[91.10529924136694,25.514469420327544],[91.09932884914713,25.504142693230733],[91.1033598299922,25.495574482476457],[91.10333165603117,25.489686144400082],[91.0991576838801,25.484237317598172],[91.09426799077522,25.48514498535286],[91.09046164169149,25.481309357041255],[91.08686957407167,25.480104966071394],[91.07822333723726,25.48369332578642],[91.06862020375945,25.482668079768132],[91.06377910102475,25.48671425016255],[91.06053926637412,25.486940284866307],[91.05677201531631,25.485207349739426],[91.0566589984141,25.48272096440104],[91.05390890577144,25.48004621695941],[91.0416372499592,25.477849544620824],[91.03506600898919,25.472886152973615],[91.02894474650293,25.478315228864744],[91.02347397264577,25.478359706635217],[91.0189372337664,25.47244415417441],[91.01391123761357,25.473378189152186],[91.01035301148238,25.471465642325597],[91.0087073312784,25.46928622797708],[91.00973437594075,25.463787329621596],[91.00007380366316,25.455141816741502],[90.99864528365299,25.44891491808903],[91.00584945308987,25.44891491808903],[91.00971609722018,25.447408961054748],[91.00607942142824,25.434970194119217],[91.00835972981776,25.43014130687584],[91.00705646828146,25.42292475827105],[91.00843239324041,25.420729132743304],[91.01282364519511,25.419850882712126],[91.01630737058872,25.41592803185324],[91.01377580600871,25.40423889390985],[91.01942295490551,25.394691799886687],[91.01665458983751,25.38953418615381],[91.01238493431731,25.386958838079977],[91.01245270722671,25.383739653662133],[91.01509582731063,25.3811643055883],[91.01922993791135,25.383028044408775],[91.02325085264476,25.381762469862167],[91.01692209677742,25.371035004861653],[91.02073730418329,25.36757887606433],[91.02136102179378,25.363389377118096],[91.02339698168544,25.362300375461984],[91.02477007108195,25.354203883402533],[91.03203524872782,25.34919231597263],[91.03506114455621,25.34382135157415],[91.03163233086741,25.33756598398304],[91.03582175966653,25.332291792931926],[91.03945010413906,25.331842925110948],[91.04383657889508,25.327081442054975],[91.05010710815657,25.327948639418253],[91.05848204381135,25.332624645511032],[91.06499733076225,25.333988206590504],[91.06858714108375,25.33955208725905],[91.07824816122371,25.33913612653106],[91.09454073896399,25.345146368610074],[91.0976114048425,25.344961574117406],[91.10372668234055,25.341464716823282],[91.11850849706957,25.324796045301298],[91.12448213134536,25.3255268622749],[91.13282762679358,25.33049967252191],[91.13457721736472,25.33314934956286],[91.12725377264354,25.337088226340597],[91.1267631915681,25.343757543775666],[91.1286766089384,25.344434599277406],[91.1300895940596,25.345406026267142],[91.13136006631407,25.350610958728794],[91.13043696619309,25.35409822835061],[91.12794117484538,25.35659401969832],[91.12753090772526,25.35731198625922],[91.12735996369145,25.359568455419947],[91.128245064758,25.36264950487083],[91.1308850803822,25.363438787669963],[91.13371561288528,25.363656520731922],[91.13589294530323,25.365588903904836],[91.1371176951256,25.367004169706718],[91.13752594506639,25.3685283029389],[91.13725377783965,25.371005017867333],[91.13755366307117,25.372841613349806],[91.14138356000336,25.375112436589745],[91.14416277629113,25.373655042945927],[91.14843328077137,25.374129543243896],[91.14863663817039,25.378976226271902],[91.15019571096337,25.38019636976668],[91.15558467978917,25.383450087251788],[91.16051349700035,25.383816751641803],[91.16463192882054,25.388964791192222],[91.16672179587425,25.391707751311742],[91.16828561618831,25.394204376330947],[91.16845022899491,25.396289470682575],[91.16616157040022,25.399796364410747],[91.16364419442408,25.40039911612638],[91.15946038638776,25.401781900214587],[91.156588449997,25.402703756573146],[91.15432175104803,25.405186702904075],[91.1509901621663,25.407026017936403],[91.15008785706902,25.409906454719135],[91.14854533360034,25.40993992029115],[91.14717432613429,25.415461505843894],[91.1463370537121,25.41641295169643],[91.14652734306247,25.417250224118618],[91.14660345808318,25.419723983874803],[91.14481473980845,25.42170299060058],[91.14302602243305,25.423529767285004],[91.14169781640118,25.429207532701525],[91.14275832663554,25.4314221294278],[91.14534722119737,25.43295051285594],[91.14996356356767,25.431890001722252],[91.1514919469958,25.432326682830194],[91.15430831607597,25.433123538820325],[91.15620311927859,25.434368695159208],[91.15641966883271,25.436290567056062],[91.15712345308498,25.43867260585614],[91.1622224292218,25.441577330629343],[91.16931426703985,25.440663051958325],[91.17136521683136,25.441577330629343],[91.17681950431671,25.449055626915708],[91.18009048788576,25.449500226554278],[91.18323444221579,25.44956374027447],[91.18529865520884,25.45077051085042],[91.1862196122454,25.452644180884306],[91.18598690816935,25.455505999902016],[91.1894309473804,25.45745880577931],[91.19131274188959,25.45806240015969],[91.19649655377299,25.45511543872658],[91.20105995485306,25.45256378419134],[91.20221301431923,25.451493086436813],[91.20167766589162,25.447951546326863],[91.20023634133412,25.444080562068336],[91.20011279966604,25.441856804847703],[91.20365433887667,25.442392153275307],[91.20414850734778,25.44416292288065],[91.20719587808736,25.450010581023548],[91.21502020921537,25.451946074052103],[91.21853069663439,25.450843528606015],[91.2197991094414,25.45055813504996],[91.22011621219349,25.452016810227633],[91.22446052583268,25.45404626981957],[91.22788524041158,25.453443774410687],[91.23004684998222,25.44412579077266],[91.2315594772881,25.44195381201888],[91.23629128631387,25.44315615703107],[91.23939411284806,25.44590991531038],[91.2398983213505,25.44684076309079],[91.2421716779806,25.448194999999316],[91.23994916182443,25.451705931683478],[91.24188178421701,25.45367076419444],[91.2413664187253,25.455989911605172],[91.24165631158957,25.457632641133557],[91.24484513939171,25.457600431015123],[91.2465845001746,25.456408646741693],[91.24697102429337,25.449000259254603],[91.24974430325705,25.44720549573708],[91.25181413161692,25.44751910642168],[91.255389288385,25.439961098725803],[91.25460526302254,25.438455769418283],[91.25922929639495,25.43245723381432],[91.26160826580889,25.431854114276007],[91.26598229124983,25.42648975269998],[91.26598229124983,25.423343104001106],[91.26711858105773,25.41967201385239],[91.27078539133282,25.417730800236313],[91.27200485494018,25.41659844136501],[91.27545999987916,25.41267873903263],[91.27389211912606,25.408788071312472],[91.27550925125098,25.40470422831754],[91.27979692019176,25.400982855274606],[91.28311379706412,25.39839407402735],[91.28597224272488,25.397719911644685],[91.29120918205814,25.399288310407258],[91.30257775396024,25.401645573784265],[91.3107650029026,25.407253172296123],[91.31320420530989,25.41150880198967],[91.31408185189599,25.416278187388514],[91.3146863330079,25.419814405310603],[91.31668112283563,25.42244390156486],[91.3232171760319,25.42553192975481],[91.32742262355526,25.427136640443678],[91.33283118231327,25.435074106285015],[91.34309738413702,25.45835764309078],[91.34463829332265,25.463146956566845],[91.34569260183218,25.468392031167355],[91.3438274357876,25.472070553313415],[91.34798846669446,25.47837672090901],[91.34850695822962,25.48307043285422],[91.35317338204601,25.48263380840359],[91.3557355118844,25.47550895197662],[91.358229401166,25.473662514313617],[91.36146666195697,25.473998230334132],[91.36494371887756,25.476851815159193],[91.36702995356956,25.47558089144502],[91.3708664488276,25.4696079523452],[91.37690930302199,25.46833740364832],[91.38124776207462,25.46601322902734],[91.38304396180945,25.46408881744503],[91.38378096611876,25.46314124137524],[91.38585159577457,25.46261480972572],[91.387536177053,25.463702768168275],[91.38904005575404,25.467734406417776],[91.38878676619635,25.475839674961094],[91.39088545200207,25.478155467001272],[91.3935269011456,25.47858967767155],[91.39649400919126,25.47902388834183],[91.40389664191656,25.485139632588016],[91.41326152969589,25.485892437086363],[91.41585741109071,25.488612024725228],[91.40515807958178,25.507271189114135],[91.40353746977848,25.515644342312612],[91.39381380736137,25.527258716017002],[91.38273963662499,25.529149428203596],[91.3735561780752,25.523747394027055],[91.3735561780752,25.518615461334548],[91.37004485608531,25.51375363012596],[91.35762017702962,25.51159281555607],[91.3535686511724,25.512133020322665],[91.34573570094193,25.51456393547727],[91.33898315754675,25.513213427158007],[91.33250071653492,25.50970210426874],[91.32541054605991,25.49437383178696],[91.3205487157507,25.491807865440705],[91.3124012968824,25.494611530697625],[91.31707403483887,25.500558650261553],[91.31749882870804,25.504664995193423],[91.31523325930755,25.512877685057163],[91.30886134497513,25.517692020370475],[91.30886134497513,25.523214346065288],[91.31721563219571,25.538931735411325],[91.33142030969958,25.552108075027718],[91.33520173407283,25.561291533577446],[91.33898315754675,25.57317600966519],[91.33925325993005,25.59181302824868],[91.33925325993005,25.597485163909255],[91.34762641312852,25.611260352183535],[91.35113773511841,25.61558198042411],[91.35856553267325,25.620038658057695],[91.37693244977282,25.641106592695166],[91.38287468781664,25.648669440542278],[91.3904375356638,25.65461167858615],[91.41150547030128,25.663795137135935],[91.4316280483958,25.67527446054794],[91.43351876058239,25.67851568105391],[91.44189191378086,25.68877954643898],[91.44783415182468,25.69958361569138],[91.45350628838457,25.706066056703207],[91.45701761037446,25.713899006933673],[91.46079903474771,25.71741032892362],[91.4670686538953,25.72026637699173],[91.46321833156082,25.72762641063042],[91.46090133982506,25.72914348868113],[91.4569845198198,25.728040159925513],[91.45530194313022,25.729557237076904],[91.45883678239164,25.73973662014896],[91.45702128860165,25.742587627517025],[91.45357372045089,25.74231023702788],[91.45227457421231,25.746513039645095],[91.45624417632774,25.751616812765747],[91.4568411085304,25.754899941679014],[91.44855163455037,25.76078886791197],[91.45196365789656,25.76589302953971],[91.44683544659864,25.773816447071454],[91.44733671072066,25.776847200138207],[91.45161993790987,25.778928485861],[91.45574830004409,25.77782516340062],[91.45565590009977,25.78327674392665],[91.45825770173161,25.78726682540372],[91.45696897234023,25.788477448675394],[91.44197285456363,25.78246338088036],[91.43039348067464,25.78526710279459],[91.41948877908396,25.785341792389886],[91.41743481116765,25.792848110651846],[91.41156298464409,25.79768848223773],[91.40649953712398,25.797115262459442],[91.39737577737031,25.793150487005448],[91.39341100191626,25.79429692836061],[91.38930055427721,25.79995962833425],[91.38599891012166,25.800250950221255],[91.37653096003584,25.792045392880652],[91.37463737001866,25.791996839382705],[91.36987911822678,25.79631810879374],[91.36745143883292,25.80258152261922],[91.3630005330482,25.8078710390173],[91.35308581415904,25.81252896064308],[91.35015797770859,25.816122213569372],[91.34925331548817,25.833287604039754],[91.35127300034873,25.839535000040257],[91.34709199999588,25.838632999813115],[91.34519199961113,25.835298999848987],[91.33628799999127,25.83804699976929],[91.33515199976506,25.831300999841346],[91.3276979995631,25.82300600042663],[91.30902099981932,25.795601000186082],[91.29957600043213,25.777490999609995],[91.28996999991563,25.76335699982576],[91.28225700036035,25.75591500017714],[91.27914399979579,25.75092500028859],[91.27830499977597,25.746198999983903],[91.26966934166683,25.74772305407572]]]}},{"type":"Feature","properties":{"blockName":"Mylliem","districtName":"East Khasi Hills","state":"Meghalaya"},"geometry":{"type":"Polygon","coordinates":[[[91.83654068240662,25.495559891875587],[91.84428092062802,25.491378017381635],[91.85605768401496,25.48948532308924],[91.8611048690945,25.48380724111132],[91.87109408782197,25.48044245105831],[91.87688284666609,25.475031787886735],[91.87733699440685,25.476098560100525],[91.88210049104487,25.476011950890893],[91.88495858866798,25.47947631208217],[91.88699390014841,25.481425014352965],[91.88980869361637,25.482377713860444],[91.89184400599612,25.482291104650812],[91.89400923174071,25.48051561989996],[91.90740137537324,25.484307932365255],[91.90774023632292,25.486228141415666],[91.9087003408481,25.48967322294095],[91.9088521437115,25.493857084936565],[91.90727005906604,25.496292994026476],[91.90681803462468,25.497875079571315],[91.90634695175049,25.498613631613864],[91.91004754236025,25.497455623178496],[91.91347121822218,25.498311542143995],[91.91680434134736,25.49984847632618],[91.91881713560241,25.511787722925135],[91.9249955068372,25.520254380435347],[91.92659730731992,25.5255174378795],[91.92847160328193,25.52912100513032],[91.93213822020277,25.536978040104543],[91.93481543178683,25.539713452214073],[91.93819104697928,25.543438268761122],[91.94110105976614,25.546290081921768],[91.94248306773943,25.55053178021751],[91.95335000859609,25.556938409280235],[91.95399878131877,25.5601011756288],[91.956837161306,25.563101749246357],[91.95213035972836,25.565011998305124],[91.95254489862822,25.5695719226062],[91.94875945518476,25.568824431302517],[91.94653408907703,25.570401001305243],[91.94508320382687,25.575582733056763],[91.93655608039887,25.577492018941598],[91.9299885581255,25.582151948753506],[91.92698289794242,25.5863231393015],[91.91987423920483,25.589876452436386],[91.91969732726989,25.60232709222157],[91.9144279242094,25.60290157644664],[91.9093510758915,25.605408317040258],[91.90888283757295,25.609108902254093],[91.90655675638925,25.611012061057806],[91.90144031901559,25.608907964930665],[91.89429982787482,25.60892718704008],[91.88804618428401,25.616794319602207],[91.88316850432307,25.617326880131486],[91.87689159886827,25.6118548643106],[91.86880809481778,25.60107685920974],[91.85471378211543,25.591957008808947],[91.85015385691503,25.586153468707664],[91.84778700406702,25.577922179065354],[91.84122153674457,25.57352455901122],[91.83743169111972,25.574460324284587],[91.83485833864148,25.572214489607063],[91.83298680989344,25.561687139050264],[91.8292425859766,25.557748098595937],[91.82919289843358,25.557251216870213],[91.82318062478606,25.553922107419396],[91.82278311904577,25.55123894412202],[91.81696959916775,25.546916070320435],[91.81617458858648,25.54393477816751],[91.82000156092334,25.537163735717854],[91.83041870136202,25.533315037558964],[91.8311884409938,25.528491337605203],[91.8370120458693,25.517056962309027],[91.84365102107785,25.51021831872049],[91.84375085571747,25.50777238039109],[91.83854192666865,25.501563627359587],[91.83654068240662,25.495559891875587]]]}},{"type":"Feature","properties":{"blockName":"Zikzak","districtName":"South West Garo Hills","state":"Meghalaya"},"geometry":{"type":"Polygon","coordinates":[[[89.84500627372063,25.47793956855628],[89.84300231890194,25.466135025111384],[89.82324981722536,25.427505492884222],[89.82113647426894,25.401702881282972],[89.81796264625916,25.393545150788157],[89.81567382848448,25.371641158712578],[89.8182144168619,25.354740142843355],[89.82324981722536,25.33839225769657],[89.83142852800421,25.319633483498535],[89.83219146696268,25.30266761751659],[89.83448028563674,25.29678154033587],[89.84493255629252,25.28913116417192],[89.85760498058545,25.282480239671372],[89.86724853499197,25.28145980862331],[89.8774566648932,25.284820556223735],[89.90253448497856,25.30595207203055],[89.91165924028178,25.305137634294454],[89.92234039289485,25.297948836969283],[89.93217468271547,25.298307419152138],[89.94287872307467,25.301912307507052],[89.95221710243737,25.3020210265492],[89.96616363494388,25.295177460071784],[89.99008178734465,25.279735565444014],[90.00848388682198,25.274656296151193],[90.00686043156372,25.277851672816496],[90.00513177541114,25.29545069839105],[90.01128048610559,25.314892701936685],[90.01836883545343,25.31796779427833],[90.03682287617488,25.321009611704255],[90.05040895141201,25.32717472153621],[90.031160884867,25.342255210109897],[90.031160884867,25.353170367218695],[90.03328327680185,25.356505553388615],[90.06360315606088,25.36226633072664],[90.06875753493233,25.364995119329365],[90.08118868550946,25.382277450444008],[90.08603986604703,25.38500623994605],[90.08937505311627,25.391070215618015],[90.08422067334544,25.400166179125904],[90.06875753493233,25.40592695646393],[90.06360315606088,25.40926214353317],[90.05696252520045,25.420751181421963],[90.04884986512923,25.417430809784094],[90.04392065311572,25.418765804798113],[90.04210642916843,25.419963876231975],[90.04111374130616,25.420614258741125],[90.03653278186243,25.42248133224774],[90.03356910922707,25.424148398329976],[90.03126697069422,25.426794534740054],[90.02533962542344,25.429017289216574],[90.0175599852052,25.431636963974768],[90.00831522167022,25.432498185343036],[90.00688233185417,25.43207083200332],[89.99539406918103,25.43058766468903],[89.99285508789205,25.432498185343036],[89.98734570344152,25.43614544525616],[89.98455066088434,25.44428656167554],[89.98173941614118,25.450352525748542],[89.97932101415353,25.453273210790087],[89.97731188103853,25.453645272011727],[89.97147051095538,25.453831303072207],[89.96352148612772,25.451441351137476],[89.95241535258651,25.45199320841988],[89.94917318959108,25.450923984654196],[89.94824192992121,25.449647814295247],[89.94779354503612,25.4478542765537],[89.94301981771048,25.430949541088523],[89.93923816041286,25.42893539785041],[89.9366896517061,25.42979860222374],[89.9338123040946,25.43353915420863],[89.93220921038682,25.43917053529202],[89.92748166144958,25.443381017220247],[89.92781971570736,25.44535300114012],[89.92917193273854,25.448733542818786],[89.92922827526473,25.456396105695774],[89.92843948169678,25.459156882284333],[89.92528430922357,25.46529820055156],[89.91595872901217,25.469777440376618],[89.9118131115859,25.47072643737522],[89.89642937521558,25.469977229265794],[89.89108502535368,25.471275856595582],[89.86345700044029,25.475739000354622],[89.84500627372063,25.47793956855628]]]}},{"type":"Feature","properties":{"blockName":"Amlarem","districtName":"West Jaintia Hills","state":"Meghalaya"},"geometry":{"type":"Polygon","coordinates":[[[92.19739375411854,25.37038148191988],[92.19582419433118,25.373834512552776],[92.18730876388838,25.38252446723044],[92.17828594134318,25.38890763477957],[92.17079895580724,25.39057398500148],[92.16768886904612,25.39270418035369],[92.10953189588037,25.405253390331723],[92.11584082799186,25.394134677973057],[92.11609068663591,25.38695123970797],[92.11590329310258,25.382203924571513],[92.11146830082146,25.378393578900614],[92.10905749630649,25.37148895115422],[92.11245240645343,25.36829374176284],[92.11418314453653,25.358708114487968],[92.11309181993158,25.353692415572596],[92.11591358944065,25.34311078103775],[92.1207234227478,25.338236816176163],[92.12151230355005,25.33211222709764],[92.12142141536606,25.329612802488896],[92.11664978525943,25.32488661602457],[92.11476166671758,25.320373005010197],[92.11387728241073,25.315024583018158],[92.11535125685509,25.31131859018086],[92.11341403263157,25.308454868197657],[92.11063453845327,25.306854553395],[92.10642318238399,25.30698089375329],[92.10158012362388,25.314898242659808],[92.09778990298167,25.31759350993258],[92.09378911507565,25.318183100070087],[92.08841339416284,25.31606314529796],[92.07950873983651,25.318222997593296],[92.07742467161137,25.319700791458388],[92.07856143626134,25.32303530043879],[92.0742796237057,25.325270936804316],[92.06435188173401,25.322277457039036],[92.06063724371387,25.317322617045193],[92.05867061165947,25.316881128161583],[92.05016191623952,25.326513612813017],[92.04193416902672,25.322018453189116],[92.04197430397102,25.317603564353078],[92.039967536073,25.31583760881864],[92.03298398472316,25.31455327711211],[92.0295323444422,25.316519910065836],[92.02736503496845,25.316198826914388],[92.02038217070066,25.309666702856077],[92.0209219797656,25.307305038197],[92.01926881360492,25.3053482294373],[92.01371462582938,25.303200960456024],[92.00755454230836,25.297694769498037],[92.00962051437529,25.29438635614548],[92.00615733849042,25.287473158759326],[92.00080763496442,25.285268988772884],[91.99702756766817,25.278892046330952],[91.99570923169574,25.266266392180285],[91.9931154709023,25.259673917317457],[91.99543671912932,25.253309573478077],[92.00008577343976,25.249158632065246],[92.00151447511297,25.242997753543534],[91.9996015352827,25.23876195659909],[92.0019697524022,25.232412858966313],[92.00888954991285,25.22950730861544],[92.01018940121998,25.22694583618147],[92.01217740926006,25.221861124191605],[92.0111069435307,25.21719695137824],[92.01679804049724,25.212869845367095],[92.02518093695073,25.215274774611203],[92.02851348181179,25.212663708163632],[92.02881620170638,25.20744815560795],[92.02527265880622,25.202396721231764],[92.02370321503139,25.192315071983046],[92.01953125016712,25.18499946575281],[92.05534362820595,25.185052871992525],[92.12239074693548,25.166221618732777],[92.13397979752972,25.1563549038558],[92.13612365718109,25.140792846312877],[92.1387405395443,25.136943817203473],[92.14281463658625,25.13518905642985],[92.15667724615804,25.145792007595105],[92.1600265498854,25.132318496901178],[92.16728210478539,25.12420082131092],[92.17620849572558,25.120016097764733],[92.18402862522095,25.11971092182165],[92.17950439411254,25.129720688259226],[92.18270111076771,25.132995605462895],[92.19002532980517,25.13222122173204],[92.19075869006156,25.134298015341187],[92.1938191837084,25.13581447645697],[92.2028592876261,25.135982038140583],[92.2044522846453,25.137216610358337],[92.2042005410222,25.142143469745406],[92.20095211874536,25.144611544886914],[92.20098841358447,25.1461722400569],[92.20514800827402,25.15075279750363],[92.21011851535724,25.152402758480548],[92.20875958578631,25.15681023240637],[92.20231276332345,25.162129149440773],[92.2073791435327,25.16402914442955],[92.21425356664884,25.160240399574832],[92.21845338891285,25.162591068223264],[92.21716788898692,25.167283727961717],[92.21904056167261,25.171974867845904],[92.22073566501899,25.17317013879091],[92.22437834288627,25.172852658323563],[92.22740525494862,25.178780696971614],[92.22538784267488,25.183885980953335],[92.2264510122045,25.188855504178207],[92.23144865003525,25.190797982241122],[92.23394756562772,25.196106461743852],[92.23367487499553,25.198812391378794],[92.22958451731171,25.19996608126968],[92.23127460064234,25.212474315437362],[92.22807414820346,25.21716526736327],[92.22366881916071,25.218605470466116],[92.2192699013849,25.229451667560454],[92.21323041695024,25.232938334636458],[92.20598426805958,25.230749166241083],[92.20045786573797,25.233728515858388],[92.20124456478487,25.239278883313887],[92.19545056469184,25.24899798526883],[92.19930423070576,25.25816304728687],[92.19850401035188,25.26293855886746],[92.19088688302327,25.273152781675606],[92.19676185537537,25.283069846895955],[92.19660550913699,25.285493213141308],[92.19407791146648,25.28786446367411],[92.19276939968813,25.295206323812863],[92.19397418815834,25.29999458598138],[92.18990155880994,25.30377349405154],[92.18408793371123,25.303444421323036],[92.18622049248182,25.30842351693184],[92.18546631112144,25.314043256291313],[92.17853531525265,25.3210080270988],[92.17582506527458,25.32742147392196],[92.17630220418346,25.332954510542265],[92.16857093580012,25.344114317421884],[92.16893109719246,25.348586318603793],[92.17268277648901,25.35101740642824],[92.179638665592,25.360511838850357],[92.18432222868796,25.36405159470536],[92.1937923974013,25.36497648717517],[92.19739375411854,25.37038148191988]]]}},{"type":"Feature","properties":{"blockName":"Tikrikilla","districtName":"West Garo Hills","state":"Meghalaya"},"geometry":{"type":"Polygon","coordinates":[[[90.13698899334742,25.957968149310716],[90.1432290373902,25.942062914971586],[90.14709310586221,25.938273925501335],[90.14885536967961,25.929549254294727],[90.15728219981372,25.92097764410306],[90.16389464951851,25.918386008407595],[90.16418268571141,25.91840126850417],[90.1675480877741,25.918579566793596],[90.1755521942784,25.917440656361237],[90.18623896675496,25.912591116187116],[90.19110813013617,25.909677402690022],[90.19467563906954,25.905495085729683],[90.19799183155783,25.90229301271239],[90.19962188963854,25.899892963189757],[90.20745720688467,25.888042387046596],[90.21091839976441,25.878934689184632],[90.21312660410956,25.860665544579263],[90.21413279888964,25.858109704599258],[90.21711201990388,25.850881920764095],[90.21793003424375,25.849209391300406],[90.22107047762051,25.839692694362384],[90.22542933959238,25.835780665945038],[90.23018211811035,25.832591887605588],[90.23914395762762,25.829623943190484],[90.24371593464275,25.829684627643474],[90.2482982457675,25.830039778013372],[90.26322408062686,25.829761301143208],[90.26435895130464,25.825849770050922],[90.26522924233575,25.822279384186288],[90.26880445755972,25.818558768372498],[90.27306293720483,25.816971268908958],[90.27593551301356,25.81371779064358],[90.27863751081253,25.80875568502688],[90.28243528306194,25.802286368721013],[90.28431343621617,25.80002245767031],[90.28720800134823,25.798341068085847],[90.29286535305368,25.79807385522429],[90.29906430707217,25.797581574430183],[90.30618355982347,25.797809649695637],[90.31015733928984,25.795960130955336],[90.31477248376319,25.793724260766055],[90.31630958971584,25.792942631197548],[90.31754832579463,25.791953163807534],[90.3284675712215,25.78789254400573],[90.33331368677727,25.784289637756615],[90.34169877038198,25.782121930782523],[90.34443400622445,25.782620894438764],[90.34442320806465,25.78496957108888],[90.34436425390726,25.790288271386657],[90.34676826134626,25.794071190433158],[90.352999860755,25.795349117168087],[90.35625755234423,25.80031811608825],[90.35849748477119,25.802406172806684],[90.36329276614828,25.81082120383553],[90.36838882308575,25.813559032423484],[90.37504142662061,25.81315891595125],[90.37550284088348,25.8120593949252],[90.37730907885094,25.808912688669693],[90.38370614901964,25.808354873378732],[90.38669879061678,25.8062353763616],[90.38959954937974,25.805124418657044],[90.39224045623212,25.806611309164623],[90.39663581269264,25.808080510007585],[90.39896764863812,25.808261942834463],[90.40404725427743,25.809224488119696],[90.41069364529557,25.819958208804337],[90.41080877740319,25.82514295688202],[90.40983493933106,25.834022729665264],[90.41141263528493,25.84289924870143],[90.41173105464452,25.84514671205119],[90.41196732543176,25.847978828260352],[90.41271389942699,25.852675233675143],[90.41425337779123,25.865078975614267],[90.41534560531551,25.869650618081607],[90.41754722932126,25.873692907002123],[90.42030398773892,25.879579319629954],[90.42081788193974,25.883043285119584],[90.42137819464801,25.890625168017152],[90.42173397544269,25.895173610673623],[90.42087022877809,25.903900511299582],[90.42068932475257,25.90707251458491],[90.41890494660606,25.91590156020891],[90.41866601742282,25.920195754630413],[90.41765140498842,25.934306348659106],[90.4180849258787,25.935557397356035],[90.41819075539911,25.93857323156942],[90.41975928456338,25.944411178832866],[90.42194963556727,25.9484940127885],[90.42320548664395,25.953654119442092],[90.42373775579284,25.95431424700496],[90.4252235509262,25.95635509201395],[90.42640705604089,25.96428952624069],[90.42765893031543,25.966112311733866],[90.42949263717554,25.970007663123226],[90.43111918340367,25.97283550935134],[90.43323041655054,25.974967541119156],[90.43395498413526,25.977883605444106],[90.43258419160719,25.98234394511701],[90.43096591284666,25.987565074368717],[90.42864535350031,25.98998204013907],[90.4213259997951,25.992142000353113],[90.42040300039821,25.996652999736227],[90.41496300044219,26.005676000347194],[90.40412899995346,26.009090000403262],[90.40042900019824,26.01395399987723],[90.3978879999313,26.013915999923483],[90.39130400027943,26.011081999634598],[90.36896499983493,26.010144999592114],[90.35063199976702,26.00278900031219],[90.34330700011805,25.996700000104966],[90.34088900012733,25.990018999577217],[90.33391599962374,25.988345999768114],[90.3330310001806,25.982558999997877],[90.32829999964531,25.974250999983724],[90.29058799983636,25.96379299974717],[90.21681199977405,25.953803999554964],[90.21250900009034,25.9614889996177],[90.19805900012284,25.956923000396216],[90.19352699977128,25.95316099958052],[90.18975100010863,25.945497999633005],[90.18658399975186,25.94437399996019],[90.18021400007609,25.957004999681033],[90.17676500020468,25.958679000435552],[90.17258499989788,25.957314000440817],[90.1625060000519,25.958191000414388],[90.1586149995826,25.96014599973813],[90.15753200000188,25.964635999951497],[90.15154299990957,25.964424000067595],[90.144172999984,25.958081999884428],[90.13838499180578,25.957766874259036],[90.13822199984548,25.957758000231593],[90.13698899334742,25.957968149310716]]]}},{"type":"Feature","properties":{"blockName":"Betasing","districtName":"South West Garo Hills","state":"Meghalaya"},"geometry":{"type":"Polygon","coordinates":[[[89.86345700044029,25.475739000354622],[89.89108502535368,25.471275856595582],[89.89642937521558,25.469977229265794],[89.9118131115859,25.47072643737522],[89.91595872901217,25.469777440376618],[89.92528430922357,25.46529820055156],[89.92843948169678,25.459156882284333],[89.92922827526473,25.456396105695774],[89.92917193273854,25.448733542818786],[89.92781971570736,25.44535300114012],[89.92748166144958,25.443381017220247],[89.93220921038682,25.43917053529202],[89.9338123040946,25.43353915420863],[89.9366896517061,25.42979860222374],[89.93923816041286,25.42893539785041],[89.94301981771048,25.430949541088523],[89.94779354503612,25.4478542765537],[89.94824192992121,25.449647814295247],[89.94917318959108,25.450923984654196],[89.95241535258651,25.45199320841988],[89.96352148612772,25.451441351137476],[89.97147051095538,25.453831303072207],[89.97731188103853,25.453645272011727],[89.97932101415353,25.453273210790087],[89.98173941614118,25.450352525748542],[89.98455066088434,25.44428656167554],[89.98734570344152,25.43614544525616],[89.99285508789205,25.432498185343036],[89.99539406918103,25.43058766468903],[90.00688233185417,25.43207083200332],[90.00831522167022,25.432498185343036],[90.01443754355785,25.432192652369054],[90.01717147268539,25.464159723592445],[90.04943252688969,25.458047102691694],[90.05282842808953,25.47027234359382],[90.05409854870913,25.488742746580556],[90.05995981899054,25.497099958396404],[90.06063899869088,25.513400280198823],[90.0579222780907,25.52562552200027],[90.04705539658931,25.534454862601876],[90.03686769478833,25.548717645303157],[90.00188992088317,25.537171584101372],[89.98626877788183,25.52970060290056],[89.97540189727977,25.526304701700667],[89.96216850827011,25.511260368571186],[89.95536608397765,25.521550441999352],[89.95932900682828,25.53542067242614],[90.01944996804167,25.56842183989602],[90.00900774910838,25.572755299617427],[90.00294240736628,25.579926871328098],[89.99557169158038,25.58064791986567],[89.99541145757274,25.585494966219755],[89.99837066327552,25.58682723988528],[89.98304699981924,25.59085800039645],[89.97892799962756,25.583639000239714],[89.9766849996131,25.574749000366126],[89.97031399989123,25.5718400002159],[89.96066299999751,25.57060399987472],[89.95328499970304,25.56839200039053],[89.94553400019402,25.56777399977034],[89.93972000007801,25.562863999973672],[89.92995500032305,25.563686000108873],[89.90833299966823,25.55967300030875],[89.89031199959913,25.558045999923024],[89.8815310002555,25.54911800009569],[89.87775399964744,25.549467000002096],[89.87066700018198,25.539788999762607],[89.87252799966751,25.531979000230706],[89.86979699963189,25.524355000283094],[89.87947099968693,25.49845900038264],[89.87938700030986,25.491512000178716],[89.87116999999557,25.481770999731907],[89.86345700044029,25.475739000354622]]]}},{"type":"Feature","properties":{"blockName":"Gambegre","districtName":"West Garo Hills","state":"Meghalaya"},"geometry":{"type":"Polygon","coordinates":[[[90.29142439811756,25.34965941215222],[90.29203077140306,25.35350754913412],[90.29675299185715,25.358497879073923],[90.29392686783075,25.36628818255366],[90.29593693624065,25.370074257321164],[90.295093887473,25.373728535543535],[90.2993243334513,25.3769176403369],[90.30028007626458,25.380982318779047],[90.29564669084215,25.38419622777377],[90.29310234599654,25.383473098204945],[90.28968107402238,25.379629990231933],[90.28694647489993,25.388201336022917],[90.28767852484413,25.39055146597741],[90.29186613251608,25.39178172414728],[90.29414527448489,25.3943003106109],[90.29300249337041,25.396693681768056],[90.29386496929294,25.400208272793577],[90.29038144175018,25.408294212208204],[90.29155182305823,25.413192054969386],[90.2940741489029,25.416038438922897],[90.29364632701646,25.41864212733236],[90.29555768493924,25.420088560039062],[90.29486029756475,25.425176903491376],[90.29731406719048,25.426080924495125],[90.29739155457662,25.427475698344836],[90.29362984334267,25.43873227587386],[90.29577233962186,25.442702373515772],[90.2988787661422,25.443487906142025],[90.30091401107279,25.446451509529595],[90.3017551721635,25.462712612796906],[90.30495336910275,25.472125479407396],[90.30877461635549,25.475018709046253],[90.33361393083828,25.461402500225233],[90.33721864472471,25.46106082169962],[90.35815791695438,25.451570871498575],[90.35742063025793,25.459993314739734],[90.35988121134886,25.46959494904769],[90.33571320030399,25.490285467000774],[90.32991759582046,25.512207969821986],[90.32563388839327,25.515735729620303],[90.31505061079713,25.516995642934603],[90.30547526367252,25.516239695305728],[90.29464000413293,25.512207969821986],[90.2845606913229,25.505656417709588],[90.27246551756963,25.49280529452875],[90.24505575901611,25.48439405953826],[90.24071930185437,25.484846622673558],[90.23706067540991,25.488161547117784],[90.22181485277332,25.485361983668668],[90.21480338017193,25.486040513159196],[90.21276779170029,25.48807610163084],[90.21276779170029,25.49124257318624],[90.21593426325569,25.496670809110583],[90.21548190966246,25.50006345746266],[90.21186308541314,25.500741986953187],[90.20847043796039,25.498027868091697],[90.20507779050769,25.487171395343694],[90.19580455263804,25.479933746845006],[90.1935427882691,25.481064629928767],[90.1946736704536,25.487623748936926],[90.20756573167324,25.511372282904574],[90.2055301432016,25.51386022496945],[90.19243283151002,25.513069947520137],[90.1919143669545,25.51713220678596],[90.1891032661029,25.52125306677567],[90.1921445430363,25.526630599822397],[90.19111488854134,25.53283125086159],[90.18733636178371,25.533482641510773],[90.18295624433529,25.530241228549926],[90.18057650690031,25.530740719208893],[90.17511751236339,25.53709205615354],[90.17297735701948,25.537546589703425],[90.17176601339088,25.53574247593457],[90.17271584675899,25.527833233516958],[90.17034205294345,25.522775886997636],[90.16840973362235,25.520907272952343],[90.16417114877953,25.520447327282398],[90.1605401477097,25.522221979260962],[90.15520902687513,25.511409084062052],[90.15350269909032,25.509722187029354],[90.15012380856695,25.50958140086101],[90.14756071825258,25.512605627547714],[90.1446609748242,25.513475549856764],[90.14409440463311,25.51631173369958],[90.13498429658807,25.520284164182897],[90.13101186610481,25.52579260164731],[90.131806351482,25.52987096417371],[90.13029600395748,25.533391116606822],[90.12754219441678,25.534493331102396],[90.11993890405722,25.533693701603113],[90.11363563677526,25.539406037858384],[90.10989307210764,25.539110571895435],[90.10713539278419,25.539012084440174],[90.10510776960791,25.533763757891165],[90.0971915916187,25.528787874660736],[90.0971915916187,25.526073756698565],[90.09877482559779,25.523359638736395],[90.10329835703362,25.523359638736395],[90.1123454181066,25.522228755652577],[90.11438100657824,25.51860993140326],[90.11370247708771,25.517026695625532],[90.10216747484913,25.516121990237707],[90.09877482559779,25.51431257766336],[90.09606070853494,25.510015223923517],[90.09651306212817,25.497575515397784],[90.0983224738032,25.493730514351796],[90.10623865179241,25.491468749083538],[90.10963130014443,25.49350433755518],[90.1123454181066,25.49893257437884],[90.11641659504988,25.50820581134917],[90.12659453830736,25.508431988145787],[90.13428454039928,25.512955518682304],[90.14084365940744,25.51159845970119],[90.14061748261076,25.504813163896472],[90.13337983411213,25.489433160611895],[90.13043953935329,25.481743159419295],[90.12682071510397,25.478576687863892],[90.12161865507693,25.47812433516998],[90.11777365403094,25.47586256990172],[90.11596424235597,25.47269609834632],[90.11505953606877,25.461387272904346],[90.11008365283834,25.4573160950618],[90.10819161505106,25.448840490196517],[90.10375764170186,25.447184002839492],[90.10062262393501,25.446405806882524],[90.09828844165833,25.446076088440805],[90.09664020288312,25.44571824729934],[90.09468834129399,25.445392936434928],[90.08375758634361,25.445000772667584],[90.07866914126794,25.44575412665165],[90.07634633001919,25.444849730630608],[90.07580628533185,25.44440498799986],[90.07286780720358,25.442737203359286],[90.06953223702317,25.440465838727505],[90.06520864286466,25.4321304480618],[90.06240519614295,25.425920007002787],[90.05696252520045,25.420751181421963],[90.06360315606088,25.40926214353317],[90.06875753493233,25.40592695646393],[90.08422067334544,25.400166179125904],[90.08937505311627,25.391070215618015],[90.08603986604703,25.38500623994605],[90.08118868550946,25.382277450444008],[90.06875753493233,25.364995119329365],[90.06360315606088,25.36226633072664],[90.03328327680185,25.356505553388615],[90.031160884867,25.353170367218695],[90.031160884867,25.342255210109897],[90.05040895141201,25.32717472153621],[90.05623155534204,25.332483566163717],[90.08459001321859,25.343416646760886],[90.10454867907833,25.35579655396782],[90.13158504721224,25.364224556817874],[90.14334443839516,25.364388721762168],[90.14667962456508,25.36560151689656],[90.16669074518182,25.379245462608083],[90.18215388359494,25.3762134747721],[90.20095220817791,25.363479125861033],[90.21489935312269,25.35741515018907],[90.21671854582428,25.353473565552633],[90.21520255145663,25.342861607677094],[90.21277696118784,25.33982961984111],[90.19943621470958,25.337404029572383],[90.19579782930646,25.33285604736875],[90.1954946300732,25.328914463631634],[90.19822341957519,25.325276078228455],[90.2033777984467,25.324366481428],[90.21217056362065,25.327095270930045],[90.219447334427,25.337100831238445],[90.22126652712859,25.346196794746334],[90.23582006964057,25.354383162353088],[90.26644314723353,25.354383162353088],[90.2715975270043,25.353170367218695],[90.27675190587581,25.348925583349057],[90.28311908078103,25.34710639064747],[90.29142439811756,25.34965941215222]]]}},{"type":"Feature","properties":{"blockName":"Dambo Rongjeng","districtName":"East Garo Hills","state":"Meghalaya"},"geometry":{"type":"MultiPolygon","coordinates":[[[[90.71620426931162,25.803470506059057],[90.7123863468525,25.796556358089504],[90.71059213731735,25.760908393207842],[90.70830469910265,25.74761438629497],[90.70291088472959,25.73281076210702],[90.69348375577079,25.716373067063444],[90.68893120141388,25.704634148047546],[90.69765249206893,25.697609941045982],[90.71872640090271,25.68908792666656],[90.72907229345162,25.68007872165572],[90.74047082536833,25.662196404240717],[90.74452881555243,25.65255562963864],[90.75428219067061,25.64304848889668],[90.75632120645855,25.639053081634472],[90.75761043227567,25.627613637759225],[90.72877528874864,25.59621610898631],[90.72598091888437,25.588536134335186],[90.72711631296755,25.58084475538118],[90.73373348321371,25.575761976933734],[90.76679843150248,25.562114308928244],[90.77795750363595,25.561367301459825],[90.78739238205287,25.558246757381994],[90.79146353561373,25.568592136418033],[90.79540141324469,25.573571057558297],[90.79803857711869,25.573778474497033],[90.80014238276482,25.571852455826217],[90.80137576787746,25.56395594601014],[90.8043646116376,25.562506809941397],[90.80672005208879,25.572534641060884],[90.81232183648365,25.578708035447505],[90.82232221669699,25.57088541483006],[90.8262024927509,25.569725792111683],[90.82899471953073,25.57294578861729],[90.83059030389944,25.5812276318498],[90.83374348347502,25.583962919852922],[90.83894484203091,25.584297884040154],[90.84212620096343,25.57915986203807],[90.84515345836547,25.578356712592267],[90.85287605458632,25.584905474108382],[90.85675311646321,25.585370334573327],[90.86012760390588,25.58303415130507],[90.86226189567003,25.583322568381902],[90.86468460451096,25.58773536089825],[90.86508929493505,25.592334256420827],[90.86767448159213,25.59526413433241],[90.87011604651838,25.595752447317636],[90.87546846060104,25.592255651177425],[90.87798249739438,25.59320607899741],[90.87963808183207,25.59676252087371],[90.8773635309023,25.59968676183462],[90.87787258675053,25.602142208696023],[90.88968953724242,25.611979967201762],[90.89189090853864,25.61978482980612],[90.89732992643502,25.62480836181652],[90.90300003142636,25.6268261014435],[90.91304966481022,25.637427461708057],[90.91761716949685,25.65399893090597],[90.9208481530199,25.655917326923145],[90.92518978667937,25.65618657584986],[90.92905881221446,25.65973027613137],[90.92863782067894,25.665714377616496],[90.9311210269139,25.670678004886042],[90.9423891499394,25.677900054643885],[90.94349259380823,25.682436434693784],[90.95034617423659,25.68824270064016],[90.95349152431447,25.6952703898167],[90.95141602393039,25.69918191011709],[90.9520282922719,25.703998491037567],[90.96209012316069,25.71225096600932],[90.96541992059292,25.721316459587],[90.9754739732453,25.73333113592321],[90.97475910394957,25.743199646746348],[90.96951945855625,25.7444505524511],[90.96186921549196,25.742044367753408],[90.95262177647385,25.75047246323362],[90.94481526990882,25.74852590674527],[90.94280788327723,25.7492761418805],[90.93149939867834,25.738225420067124],[90.918229358698,25.729114645624463],[90.909910825824,25.72614374064119],[90.90000781071194,25.726341801033357],[90.87069488526083,25.735650635868183],[90.86138605042595,25.734858394299522],[90.85405781951283,25.731095248646852],[90.84910631150711,25.731491369431183],[90.84831407083777,25.734660333907357],[90.84970049268367,25.73683899732191],[90.85683066320462,25.74020602308957],[90.86851622184622,25.743176927173522],[90.8815882014344,25.752089641224018],[90.8885203124625,25.754070244246407],[90.905751559387,25.768132525795465],[90.91208948923861,25.775064636823572],[90.91307979030012,25.783185109305407],[90.90693992084073,25.785957953896514],[90.87406191012911,25.78615601338936],[90.8677239802775,25.78833467680397],[90.85643454331955,25.808734889103903],[90.84692764809256,25.81447863777896],[90.84237226087117,25.82477777367535],[90.83801493494133,25.82893704011235],[90.82295039224687,25.834844822430682],[90.82455624597401,25.829228255879343],[90.82179380384105,25.82289975272147],[90.81131794666595,25.812085090354685],[90.79122363786064,25.79907588974055],[90.78888965343481,25.79442056175958],[90.78785264698212,25.78526785282918],[90.79034834210239,25.76919800118685],[90.7845697653824,25.775446390938214],[90.78223007206026,25.777218363836482],[90.778521658248,25.777616800375085],[90.76344489376692,25.78083936444517],[90.75849922236131,25.78438361511178],[90.74426816234586,25.79026991532436],[90.73625160382852,25.794918751099544],[90.73355608384622,25.795201470971165],[90.73048338460057,25.79479479034734],[90.72738809258647,25.79481738401512],[90.72363759320041,25.79603742588654],[90.72088005596987,25.799563660434615],[90.7212317988085,25.81019636926709],[90.71620426931162,25.803470506059057]]],[[[90.97591041783159,25.791450862767135],[90.97046571262257,25.79579940951521],[90.96601916944917,25.809901303502386],[90.96195375805956,25.813331494053273],[90.93921286678045,25.803040922400726],[90.93679902885214,25.79834029107161],[90.93768833784657,25.79402079242567],[90.94162670380939,25.78970129288041],[90.95280658355705,25.78169751552798],[90.96432876955714,25.778779534747798],[90.96263600624673,25.782656423954847],[90.96378157885681,25.786275392995037],[90.97142457878135,25.78789849302109],[90.97591041783159,25.791450862767135]]]]}},{"type":"Feature","properties":{"blockName":"Kharkutta","districtName":"North Garo Hills","state":"Meghalaya"},"geometry":{"type":"Polygon","coordinates":[[[91.03233810981595,25.887314238361455],[91.02373499997032,25.886732000181723],[91.01684599974317,25.883775999662703],[91.00447100013662,25.88595999965429],[91.0000310004304,25.88815099996873],[90.98796099960049,25.889421000079153],[90.97856099959051,25.888930999965737],[90.97063400005914,25.886668999974404],[90.97009999971527,25.904827000066064],[90.96115900018776,25.93343500002527],[90.9570919996961,25.93620500006074],[90.94884499979696,25.93862300005145],[90.94605299964627,25.947073000318767],[90.93535600007942,25.93917799956506],[90.91917400027995,25.94267799998977],[90.91958600039368,25.927664000093557],[90.92238600001394,25.912833999689383],[90.90449499964456,25.92912700011101],[90.8986889998975,25.931054999988305],[90.89977300042369,25.937013999596445],[90.89571400030093,25.938600999936227],[90.88633000012948,25.951295999910542],[90.88356799956358,25.945803000208343],[90.87860099983635,25.94866800012818],[90.87577099973191,25.946276000437138],[90.87622800012218,25.942477999759944],[90.84662600018981,25.944376000052387],[90.84443699996763,25.942739000104837],[90.8432160003182,25.938005000330577],[90.84013400028397,25.93777499961658],[90.83959199957116,25.94683099995075],[90.83565499967852,25.944851000373433],[90.83140599978714,25.947010000111447],[90.82727800007967,25.944680999728405],[90.82385300041568,25.948009000315153],[90.81332399960297,25.951750000162406],[90.81211100032249,25.946784999628107],[90.80052200009027,25.94107099962696],[90.79512000008799,25.93534700006404],[90.78510999982672,25.920867999658526],[90.78189800009267,25.913921000353923],[90.78147100018657,25.907897999593047],[90.77401211756523,25.90809800521879],[90.77408116841127,25.90250172557421],[90.77809707032361,25.898640281323992],[90.7815104489481,25.897302035260793],[90.78524061556203,25.8976649710616],[90.78683349836729,25.898048068763387],[90.790343618863,25.898599489874584],[90.79179021794425,25.89868177424455],[90.79365273638473,25.896810717640562],[90.7953929614161,25.893379988395793],[90.79699207022793,25.889827283202635],[90.79932434144524,25.885123869371114],[90.79013385559301,25.880977384998346],[90.78429107627221,25.87998708393684],[90.77646769482828,25.876719088814923],[90.7661685589319,25.87949193340603],[90.76062286974968,25.878105510660816],[90.75705778358991,25.871965641201427],[90.75676069435065,25.86830152529518],[90.75681020922383,25.857853844779186],[90.75908790238486,25.85220912585055],[90.76701031357516,25.84626731678327],[90.76938703828125,25.836760421556278],[90.76978315906558,25.82725352722855],[90.77334824432609,25.81774663290082],[90.77929005339331,25.80823973767383],[90.79122363786064,25.79907588974055],[90.81131794666595,25.812085090354685],[90.82179380384105,25.82289975272147],[90.82455624597401,25.829228255879343],[90.82295039224687,25.834844822430682],[90.83801493494133,25.82893704011235],[90.84237226087117,25.82477777367535],[90.84692764809256,25.81447863777896],[90.85643454331955,25.808734889103903],[90.8677239802775,25.78833467680397],[90.87406191012911,25.78615601338936],[90.90693992084073,25.785957953896514],[90.91307979030012,25.783185109305407],[90.91208948923861,25.775064636823572],[90.905751559387,25.768132525795465],[90.8885203124625,25.754070244246407],[90.8815882014344,25.752089641224018],[90.86851622184622,25.743176927173522],[90.85683066320462,25.74020602308957],[90.84970049268367,25.73683899732191],[90.84831407083777,25.734660333907357],[90.84910631150711,25.731491369431183],[90.85405781951283,25.731095248646852],[90.86138605042595,25.734858394299522],[90.87069488526083,25.735650635868183],[90.90000781071194,25.726341801033357],[90.909910825824,25.72614374064119],[90.918229358698,25.729114645624463],[90.93149939867834,25.738225420067124],[90.94280788327723,25.7492761418805],[90.9396791976369,25.757481286432267],[90.94073381101663,25.759622982314852],[90.94534071770005,25.762937304213267],[90.94792588906859,25.76810764515176],[90.95203738351847,25.771230878202516],[90.96395657613516,25.774196418729787],[90.96432876955714,25.778779534747798],[90.95280658355705,25.78169751552798],[90.94162670380939,25.78970129288041],[90.93768833784657,25.79402079242567],[90.93679902885214,25.79834029107161],[90.93921286678045,25.803040922400726],[90.96195375805956,25.813331494053273],[90.96601916944917,25.809901303502386],[90.97046571262257,25.79579940951521],[90.97591041783159,25.791450862767135],[90.97898309729214,25.80081290419224],[90.98180391621781,25.803470534837345],[90.9867405296518,25.804774811708228],[90.9901091310316,25.808561818173416],[90.98994132203444,25.81234114262969],[90.99657463151408,25.82243684378534],[91.0046539995825,25.825276999933635],[91.01581599990851,25.848300999591515],[91.01619700039129,25.856648999651668],[91.02491000019643,25.860782999635774],[91.02959400036286,25.866071999822964],[91.03233810981595,25.887314238361455]]]}},{"type":"Feature","properties":{"blockName":"Gasuapara","districtName":"South Garo Hills","state":"Meghalaya"},"geometry":{"type":"Polygon","coordinates":[[[90.2773056031711,25.192178725767633],[90.29272460915342,25.191551208521503],[90.31838226353068,25.1873645784126],[90.33644103962234,25.177637100172092],[90.3506469725798,25.16341781587954],[90.36040496841463,25.159149170298008],[90.40931701616739,25.153421401676383],[90.44317626996894,25.145576476972906],[90.45949554408418,25.15391349810949],[90.47037506106028,25.153120040657427],[90.48188781766873,25.161758422813023],[90.49226379433867,25.167373657468374],[90.50373993684866,25.17058684250884],[90.4994048295693,25.180805310117023],[90.48823524885773,25.198828952394308],[90.48366587448061,25.200098223154498],[90.46538837787142,25.199590514490694],[90.46265944627646,25.203842571177745],[90.46227866522827,25.20828501793926],[90.46608647660969,25.214885225173077],[90.47255975712716,25.219200745218245],[90.4755043425514,25.226821068737365],[90.48937710187181,25.225943022852277],[90.49177900040058,25.222994156655034],[90.49351502649733,25.228368702153944],[90.49077317434256,25.234289609178177],[90.4922835092766,25.24175357117042],[90.48708656639201,25.24499224569564],[90.4877090168577,25.250940295158557],[90.49123268384136,25.25453260469601],[90.4999090857358,25.258746672221207],[90.51304276870889,25.269762325870715],[90.51443069961715,25.272626779901998],[90.51366290791691,25.27552076407204],[90.50356034943064,25.274100659018245],[90.50090576029265,25.271446070779575],[90.49855747035105,25.264605399219874],[90.48742181656365,25.26174510904957],[90.48606711470563,25.254520030375147],[90.4831319262974,25.251133274381175],[90.46845598515563,25.242327710055804],[90.46619814812607,25.24255349384873],[90.46664971571187,25.245940248943384],[90.47906781982408,25.2579067854698],[90.47613263141585,25.2615193252567],[90.46868176894856,25.26016462339868],[90.46755284998409,25.26355137849339],[90.46890755274143,25.26535764793715],[90.47726155038032,25.26626078310869],[90.47726155038032,25.270324889582014],[90.4722943087354,25.275292131226934],[90.4580699342801,25.280710940457595],[90.45445739539252,25.280485156664724],[90.45287690884231,25.278227319635164],[90.45332847642811,25.275743698812676],[90.4580699342801,25.273711645576043],[90.4628113921321,25.268744403931123],[90.46258560833923,25.265583431730022],[90.45626366483634,25.261067757670958],[90.45468317918545,25.255648948440296],[90.4580699342801,25.244585547085364],[90.4476838843039,25.23871517026896],[90.44384556072413,25.23894095406183],[90.43955567045788,25.240521439712722],[90.42984697096102,25.249552788730284],[90.41313897568324,25.259035704434268],[90.41110692244655,25.26219667663537],[90.41155849003235,25.2646802974578],[90.41788043443455,25.265583431730022],[90.43210480799053,25.25768100257625],[90.4357173468781,25.249552788730284],[90.44271664265898,25.250455923002505],[90.44068458852303,25.26671235069449],[90.43910410287214,25.270324889582014],[90.4300727547539,25.278904671013834],[90.42916961958235,25.284097696451568],[90.42600864738125,25.28816180292489],[90.41296963873788,25.29386284189667],[90.40201912838012,25.29476597706821],[90.3919717531939,25.291830788660036],[90.38948813237147,25.292395248142213],[90.38835921430638,25.296233570822665],[90.39219753698683,25.30740986407403],[90.38835921430638,25.308200107349137],[90.38350486365857,25.306168054112447],[90.38023100046036,25.295556219443995],[90.37232857040726,25.28946005973404],[90.36487770793991,25.2876537893909],[90.35505611654662,25.28787957318383],[90.3524596038277,25.289347167837605],[90.35257249572413,25.291492112970673],[90.35584635982173,25.293637058103798],[90.36860313872393,25.297814056473555],[90.37729581205213,25.310119268689334],[90.38260172938635,25.31452205175134],[90.39501983349857,25.321521346632892],[90.40563166816702,25.324456535041122],[90.40653480243924,25.325811236899142],[90.40529299247765,25.32795618203221],[90.39304422621012,25.326093466640202],[90.38361775555501,25.322085805215806],[90.37695713636282,25.321747130425763],[90.37413483985102,25.31858615822466],[90.37266724609657,25.310345052482262],[90.36995784148127,25.308538783038443],[90.36386168087193,25.309103242520678],[90.35866865633346,25.314860726541326],[90.34331536381308,25.318021698742427],[90.33767077078949,25.317344347363814],[90.31719019866881,25.30822016672738],[90.31334353837366,25.304248412534264],[90.31143584518816,25.30853290327093],[90.30533748213912,25.308345261524664],[90.30485356773801,25.30050310763238],[90.30387612338444,25.29932442468248],[90.30160500246893,25.300330617663917],[90.29935084906248,25.29466932692793],[90.30197880477806,25.29170128268811],[90.30157317186445,25.28566178566291],[90.29749844619641,25.28262943180289],[90.29870354763068,25.2773722271466],[90.30450246072007,25.27410707388242],[90.30506988886435,25.270290280072402],[90.30278603444799,25.267324056959694],[90.3076090464204,25.262690801939016],[90.30747219928264,25.25700365119758],[90.3144714941642,25.246391816529183],[90.3156004131286,25.237586252203812],[90.31401992747772,25.23442528000271],[90.3092784687264,25.23194165918028],[90.29866663495727,25.230135389736517],[90.2873774489102,25.225168148091598],[90.28037815402865,25.220878256926085],[90.27631404755533,25.216362582866964],[90.27473356100512,25.21297582777231],[90.27428199431864,25.2032671282754],[90.2773056031711,25.192178725767633]]]}},{"type":"Feature","properties":{"blockName":"Mawthadraishan","districtName":"West Khasi Hills","state":"Meghalaya"},"geometry":{"type":"Polygon","coordinates":[[[91.54362295833295,25.40628370762704],[91.54668929667378,25.40981031179649],[91.5463038373523,25.418507634619687],[91.55277239283174,25.43107794718958],[91.55231132840515,25.444157996394495],[91.56050988632228,25.461237230014206],[91.5704350967024,25.488623625080265],[91.55817070561363,25.50686603643851],[91.55348894206111,25.524512682014688],[91.55096799307847,25.535676886579097],[91.55096799307847,25.554043803678667],[91.54664636573727,25.56628841507836],[91.54664636573727,25.572770856989507],[91.54988758624319,25.579253298001333],[91.55240853522577,25.586456011435814],[91.55204839991376,25.59077763787775],[91.53404161812625,25.605543199159342],[91.51603483723801,25.613826318529846],[91.5023496827917,25.614186453841796],[91.49154561443862,25.615987132200416],[91.47858073151559,25.617787810559037],[91.46096671783982,25.625620891191204],[91.46248512868578,25.627696053430157],[91.46506642757362,25.631922297775873],[91.4715133066938,25.634132168564804],[91.47751981658632,25.63499024140657],[91.4787081600536,25.639179287993784],[91.47639608940807,25.643897161125153],[91.47844015129203,25.647882037326212],[91.47877629538976,25.650968454830377],[91.47448022588179,25.66070168423539],[91.48166205795769,25.664520229025413],[91.48581645996171,25.669688461953],[91.48765121722994,25.67238027672846],[91.48898653959719,25.6749986816439],[91.4898511900804,25.67754322523973],[91.48945592095407,25.680433630107984],[91.48431964093874,25.68881429804145],[91.48331775391125,25.699129046168594],[91.48157969714538,25.701129452262478],[91.4782717910104,25.701837135975097],[91.47645467574273,25.70344357066432],[91.47597035934467,25.71253637215591],[91.47430875844253,25.714474906691635],[91.4721939927586,25.715985453865642],[91.46800689140497,25.719782125344864],[91.4670686538953,25.72026637699173],[91.46079903474771,25.71741032892362],[91.45701761037446,25.713899006933673],[91.45350628838457,25.706066056703207],[91.44783415182468,25.69958361569138],[91.44189191378086,25.68877954643898],[91.43351876058239,25.67851568105391],[91.4316280483958,25.67527446054794],[91.41150547030128,25.663795137135935],[91.3904375356638,25.65461167858615],[91.38287468781664,25.648669440542278],[91.37693244977282,25.641106592695166],[91.35856553267325,25.620038658057695],[91.35113773511841,25.61558198042411],[91.34762641312852,25.611260352183535],[91.33925325993005,25.597485163909255],[91.33925325993005,25.59181302824868],[91.33898315754675,25.57317600966519],[91.33520173407283,25.561291533577446],[91.33142030969958,25.552108075027718],[91.31721563219571,25.538931735411325],[91.30886134497513,25.523214346065288],[91.30886134497513,25.517692020370475],[91.31523325930755,25.512877685057163],[91.31749882870804,25.504664995193423],[91.31707403483887,25.500558650261553],[91.3124012968824,25.494611530697625],[91.3205487157507,25.491807865440705],[91.32541054605991,25.49437383178696],[91.33250071653492,25.50970210426874],[91.33898315754675,25.513213427158007],[91.34573570094193,25.51456393547727],[91.3535686511724,25.512133020322665],[91.35762017702962,25.51159281555607],[91.37004485608531,25.51375363012596],[91.3735561780752,25.518615461334548],[91.3735561780752,25.523747394027055],[91.38273963662499,25.529149428203596],[91.39381380736137,25.527258716017002],[91.40353746977848,25.515644342312612],[91.40515807958178,25.507271189114135],[91.41585741109071,25.488612024725228],[91.43322251310855,25.47307554929722],[91.43938502839643,25.463538324434182],[91.45068297384023,25.456348721316488],[91.45552494981666,25.455028182904357],[91.46608926340883,25.444610597301278],[91.47313213763812,25.442262971958655],[91.48281601584654,25.442064435825102],[91.46974835300415,25.424651343284893],[91.47592764874207,25.419595555290698],[91.47858321364447,25.418574183551755],[91.4817797378447,25.419362925858366],[91.4905154320416,25.41295437764245],[91.49934036686449,25.41343634411203],[91.503852903189,25.411897979108517],[91.50933973803853,25.412974835420357],[91.52128899589053,25.409050687739125],[91.52569237340435,25.40974663709767],[91.53045774243094,25.406873301361827],[91.54362295833295,25.40628370762704]]]}},{"type":"Feature","properties":{"blockName":"Umling","districtName":"Ribhoi","state":"Meghalaya"},"geometry":{"type":"MultiPolygon","coordinates":[[[[91.85139008118733,26.105951279927694],[91.82907900019575,26.116907000058063],[91.82185399976231,26.117519000401614],[91.81334699956443,26.103945000361534],[91.81059999969028,26.10260599976715],[91.80433699955296,26.103729000293185],[91.79290000003505,26.085818999946923],[91.78712499991889,26.08537900034065],[91.78296699972731,26.087097000426297],[91.78106700024193,26.090057000230445],[91.76200099964649,26.070115999753625],[91.73382599987008,26.058063999753813],[91.73714399999568,26.055486999625373],[91.73551899970215,26.04987099964694],[91.73802485266486,26.046819429073423],[91.74543096486718,26.04450501929125],[91.75214275368518,26.039027582357107],[91.75831451310438,26.038410406415153],[91.7669549771905,26.043347814849824],[91.77189238472585,26.04396499079172],[91.77436108849349,26.042422050936977],[91.77466967646444,26.038101818444204],[91.77096662081294,26.032547234966955],[91.75121698977233,26.01557489566494],[91.74998263788848,26.012797603926344],[91.75059981383038,26.004465727811123],[91.77096662081294,25.986259036625313],[91.77351247202301,25.97538131019934],[91.77212382615369,25.969055255895398],[91.76734071170455,25.9594890287957],[91.76286618612562,25.955940266230357],[91.75283707617018,25.95192862260791],[91.73370462107147,25.949614212825736],[91.73046444737639,25.94791697898546],[91.72861291955064,25.940665160768617],[91.72938438947807,25.933721931422042],[91.73347317964357,25.930250316299123],[91.73902776402014,25.928707376444322],[91.7550743394093,25.928398788473373],[91.75846880708986,25.92778161253142],[91.76124609882845,25.925004320792823],[91.76124609882845,25.922535617025176],[91.74890257909084,25.919141148445306],[91.74612528735219,25.916363856706653],[91.74581669938124,25.91142644917136],[91.78238437663771,25.89275687602907],[91.79287636765031,25.883499236001],[91.7967337181866,25.87007565836501],[91.7982766580414,25.85773213862734],[91.80772238677878,25.84152497309907],[91.80962708342321,25.843886796938193],[91.81457929469877,25.846781934938406],[91.83705471420376,25.84693431066995],[91.8419307376135,25.849524698106393],[91.84307355560014,25.85066751609304],[91.84543537943927,25.851734146213914],[91.84612107023128,25.851277019019278],[91.84802576687571,25.847239062133042],[91.85050861338186,25.838550079622507],[91.84859393426274,25.834044954611045],[91.84842499211976,25.82908931601918],[91.84938233122966,25.825316273327417],[91.86794299827079,25.830137884156102],[91.87952432458798,25.831267769891724],[91.88853591460082,25.836219312970968],[91.89578249336745,25.84429900479529],[91.90365459828115,25.84756304829608],[91.91051868998562,25.850779091382037],[91.9117849084468,25.85612671567543],[91.91141893563542,25.860457386599137],[91.91196789440284,25.862348244475925],[91.91355377418739,25.863629147067513],[91.94584895766332,25.875047537813657],[91.97530279338929,25.888593995216752],[91.994192952243,25.894961707017217],[92.00335114344057,25.900378428022066],[92.00776525166509,25.903568823342596],[92.0134572038869,25.90817608795612],[92.02850982516833,25.91821116940997],[92.02946142840227,25.92141201395333],[92.02976641099116,25.93138030455748],[92.03670252310303,25.937868924811085],[92.0436936764221,25.940855569728797],[92.06259726485195,25.944496325744865],[92.07049891879012,25.944549124942228],[92.0720732638701,25.945302072432753],[92.07505083013177,25.94776626520104],[92.07727544890292,25.949545959678346],[92.08574470455454,25.950725015846842],[92.08902971215156,25.9512881596209],[92.09238568884854,25.958663311762507],[92.09961451229998,25.960627047999935],[92.1068777168332,25.96183819377768],[92.10964178134321,25.963940439999362],[92.11228265402133,25.971722752103403],[92.11428622393015,25.976377199648084],[92.11585825595381,25.978565714236368],[92.12208473462289,25.981401536551743],[92.12417628340881,25.984825841939085],[92.12159017404736,25.993119226171416],[92.12055797267237,26.01369908614396],[92.12299285473654,26.01890469579513],[92.1267711206907,26.020667886813555],[92.1337042380602,26.02206794418032],[92.1347432607929,26.024284526609677],[92.13372077569329,26.038248991597754],[92.13521600021829,26.044310000406256],[92.12548800037098,26.04331999971828],[92.11102299971174,26.048160999930246],[92.09549000016341,26.04698399961194],[92.06536899967966,26.033214999572635],[92.05503099958105,26.03133800024858],[92.04180899958573,26.03474600002795],[92.0369490002962,26.038223000291282],[92.03009800002275,26.038442999644758],[92.02607699985373,26.03697800043443],[92.01039100044437,26.038004000084584],[92.00562300000149,26.03658700038983],[91.99331699997964,26.039608000309045],[91.98965500017817,26.037308000363964],[91.98648100039793,26.02912699991117],[91.98042299982166,26.02444299974468],[91.95468099982833,26.016423999567962],[91.94858600024378,26.013124000272455],[91.93623399989923,26.01330399957999],[91.92810800018412,25.998383000375213],[91.92436200010627,25.998169000399116],[91.9218520003696,25.99878099984329],[91.92099799965803,26.005892000415542],[91.91793799973897,26.00898400001165],[91.91928099961848,26.020112999715195],[91.90977500011621,26.025771999877918],[91.90325900000289,26.024942000273143],[91.89430199973754,26.02823300005298],[91.8855970003014,26.028693999728375],[91.87255899979806,26.05090000033482],[91.87175799973198,26.05557099990176],[91.87766999987065,26.083271000256502],[91.87824999963783,26.096438999560235],[91.86717199958815,26.09905999991912],[91.85139008118733,26.105951279927694]]],[[[91.6360170003843,26.016792000350563],[91.60553232125966,26.006109862080507],[91.59957184766267,26.003129625731674],[91.59569753861058,25.998361245774902],[91.59539951497567,25.986738321316523],[91.59867777585873,25.98286401226443],[91.63059999969028,25.975921999700574],[91.6273039996799,25.984830999551036],[91.63127100005664,25.994066000045905],[91.62931799992583,25.99658600024378],[91.63303400041883,25.99877200032762],[91.63562800043195,26.003848999731588],[91.63471999992811,26.012896999696807],[91.6360170003843,26.016792000350563]]],[[[91.63530700001809,25.92470400028941],[91.61922288692676,25.910833828318573],[91.61666901106605,25.90766350047022],[91.61614062339112,25.9026438148602],[91.61913482171468,25.901058650936022],[91.6238022491745,25.900970585723996],[91.64819616182348,25.9029960730104],[91.6528635892833,25.90449317262187],[91.65393800033848,25.906577999874855],[91.65038300007546,25.91265699962088],[91.63530700001809,25.92470400028941]]]]}},{"type":"Feature","properties":{"blockName":"Mawryngkneng","districtName":"East Khasi Hills","state":"Meghalaya"},"geometry":{"type":"Polygon","coordinates":[[[92.15613488931376,25.669686055367208],[92.1532465537855,25.669754322903714],[92.15239544799158,25.669618145760865],[92.14623159271389,25.671823715092444],[92.14398500080722,25.670893308879158],[92.14373537958414,25.669282115877024],[92.14334960100337,25.66876018083775],[92.14235111611117,25.668079394948165],[92.13708964776907,25.663698602108866],[92.13383817589119,25.663698602108866],[92.13222955225211,25.662774500143144],[92.12894385397573,25.66226110956262],[92.12702719634808,25.660173321741468],[92.12716410104247,25.6582224386147],[92.12764326522455,25.656511137579002],[92.12692451895145,25.655244774326945],[92.12613731988148,25.65373882898382],[92.12546708034154,25.651858985104127],[92.1236029772956,25.65061625063953],[92.11904628156071,25.649290666131378],[92.10777881593964,25.641875679419115],[92.10487910039024,25.641875679419115],[92.10351209131005,25.6427041690622],[92.10075608472556,25.644043078825064],[92.0987058696802,25.64313512688466],[92.09612845676293,25.64131922210447],[92.09155940614176,25.63941545086243],[92.0883962180111,25.640352691923226],[92.08675604615468,25.643398726270277],[92.0850865851778,25.645097475468162],[92.08485227491263,25.649227193780007],[92.08354047521283,25.650899025369768],[92.07491475281364,25.652479945393225],[92.06631641297213,25.65832700009105],[92.06045017933235,25.657380834158232],[92.05748552463729,25.657570066805192],[92.0545208690429,25.657191600611952],[92.04771422962807,25.6574016049002],[92.04629595289595,25.65761649520516],[92.04010710815658,25.657530538903302],[92.03817309361347,25.655854394165033],[92.03533654014927,25.650009373733667],[92.03451995663073,25.647387710574435],[92.03172638086784,25.64223033965851],[92.02968196914759,25.637625226223236],[92.01810175169453,25.628581098738778],[92.01606033741467,25.626675778864126],[92.01528913638458,25.625632389922885],[92.01592424300947,25.620052524704306],[92.01506231297543,25.61193223388551],[92.01300311999807,25.609268229745055],[92.01223604415816,25.608756845552023],[92.00903989497522,25.606881771676456],[91.99706498935785,25.59725070885321],[91.99348530270464,25.595844402996875],[91.99088576826364,25.59477902023565],[91.98926638603496,25.59439548186606],[91.98777484962966,25.59324486855587],[91.98003078029632,25.5876740109469],[91.97532717940584,25.573968690103015],[91.96875835671284,25.567318771044484],[91.96210843855363,25.563669424704244],[91.956837161306,25.563101749246357],[91.95399878131877,25.5601011756288],[91.95335000859609,25.556938409280235],[91.94248306773943,25.55053178021751],[91.94110105976614,25.546290081921768],[91.93819104697928,25.543438268761122],[91.93481543178683,25.539713452214073],[91.93213822020277,25.536978040104543],[91.92847160328193,25.52912100513032],[91.92659730731992,25.5255174378795],[91.9249955068372,25.520254380435347],[91.91881713560241,25.511787722925135],[91.91680434134736,25.49984847632618],[91.92641171153133,25.502566098047055],[91.93827145446409,25.50127621662415],[91.9464765333654,25.497334912576207],[91.95877116415795,25.49803137814564],[91.97915181440476,25.5118779968721],[91.99641638570768,25.51600170051813],[92.00493870585666,25.51649654438006],[92.01154991899364,25.511553784079922],[92.02072168096089,25.509226621011805],[92.02482844048018,25.511485338477655],[92.0353006760854,25.50950040432025],[92.0446093301565,25.510527094649774],[92.05603831311771,25.50918593388377],[92.0592334127918,25.510983176832212],[92.06212897077546,25.516824217763485],[92.06632253915393,25.5131298846365],[92.07071580019408,25.5133295781975],[92.07625730033419,25.516524676972324],[92.08005148069134,25.515675978663523],[92.0842450490698,25.511781951975536],[92.09944314648408,25.51196932932112],[92.11772276819124,25.553007068821216],[92.11714246625189,25.556265617464305],[92.10885318652538,25.56414172436115],[92.10877975688032,25.56980168410047],[92.11027585284836,25.571767981607138],[92.11577708134729,25.573576250243832],[92.11966778863757,25.581043705202887],[92.11930903468425,25.58545147500564],[92.12209516675858,25.589172195140748],[92.12615092842265,25.590529993364555],[92.12746780659404,25.598538726880804],[92.12484340949584,25.608803873799786],[92.13185887868434,25.61243282801263],[92.13983910818837,25.621249561917807],[92.14026702270502,25.622996878103493],[92.13752123961359,25.624155812840513],[92.13974405614334,25.628028745030633],[92.13982613996444,25.634562476177393],[92.13659783012582,25.642795456545116],[92.13930630034554,25.644713955984344],[92.14866570765633,25.645030408526566],[92.15025422245446,25.646845853753177],[92.15382838097509,25.644831843614725],[92.15572892544964,25.646647289740656],[92.1527613191796,25.656546509713678],[92.15408048522625,25.660135867676217],[92.15309878078415,25.664829643473297],[92.15613488931376,25.669686055367208]]]}},{"type":"Feature","properties":{"blockName":"Khatarshnong Laitkroh","districtName":"East Khasi Hills","state":"Meghalaya"},"geometry":{"type":"Polygon","coordinates":[[[91.66773412842736,25.356761161398538],[91.66583275747581,25.35263247101176],[91.66876630102405,25.345733211318702],[91.66768602459041,25.340798295804746],[91.67493736526723,25.33254942981239],[91.68334933950047,25.327712544898077],[91.70206598225934,25.3245580550103],[91.70900586073196,25.32476835427616],[91.73213878987332,25.339699608450246],[91.74517734975495,25.34117170331149],[91.75968800539721,25.34012020698202],[91.76389399251383,25.335703920599485],[91.76473518957738,25.33254942981239],[91.763473393982,25.32876404212692],[91.74749064257912,25.32245506145199],[91.74265375766487,25.315935781511143],[91.72772250349078,25.302056023666637],[91.72625040773016,25.295326444459874],[91.73024609558092,25.28859686525317],[91.75590261681236,25.294274948130408],[91.75779531110476,25.292592553103873],[91.7575850118389,25.289648361582692],[91.7548511204829,25.285442374466072],[91.74580824755265,25.281446687514688],[91.74601854771788,25.274086209610914],[91.75085543263219,25.271142018989053],[91.76179099895552,25.270300821026126],[91.76788968036453,25.261257948995194],[91.7735677623424,25.256841662612715],[91.78882923677992,25.249562552669715],[91.7909499739622,25.25179792463456],[91.79610852298998,25.252600365414594],[91.79675582442184,25.260888503901413],[91.80171320500045,25.26857750324922],[91.81709120369618,25.27576064743596],[91.8317351136846,25.276889660829227],[91.84040057172905,25.296768947129237],[91.83616033303298,25.30489005902905],[91.83429289260295,25.31391866511433],[91.82977317968857,25.318724107931303],[91.82965041503468,25.321711967833096],[91.8327542362191,25.32756633132118],[91.82734506951942,25.332508525048468],[91.82394494060657,25.339226738623154],[91.83023120080935,25.344403659001728],[91.83046670987085,25.349789828238045],[91.82308594506037,25.35999855169183],[91.80948018726087,25.367541996665864],[91.80803349824743,25.372570960581413],[91.80957544345199,25.377670793772154],[91.83963119542341,25.382632945254272],[91.85623004807832,25.390146110055014],[91.85989926763716,25.398008724423164],[91.86549046071627,25.402376844016203],[91.88208931337118,25.42771193405855],[91.91028907328217,25.443024032233325],[91.9101824388685,25.47588908461364],[91.90740137537324,25.484307932365255],[91.89400923174071,25.48051561989996],[91.89184400599612,25.482291104650812],[91.88980869361637,25.482377713860444],[91.88699390014841,25.481425014352965],[91.88495858866798,25.47947631208217],[91.88210049104487,25.476011950890893],[91.87733699440685,25.476098560100525],[91.87688284666609,25.475031787886735],[91.87109408782197,25.48044245105831],[91.8611048690945,25.48380724111132],[91.85605768401496,25.48948532308924],[91.84428092062802,25.491378017381635],[91.83548119919806,25.495559891875587],[91.83300907261065,25.49514787107745],[91.82835912167616,25.49249916440499],[91.82706419775457,25.493146625916097],[91.82300284770332,25.49479471000791],[91.82170792468105,25.494382689209772],[91.82070730210035,25.48955615729085],[91.81723455383167,25.486436569192392],[91.81593962991008,25.48631884883588],[91.8134573823524,25.47799448026109],[91.80935565993582,25.475554214855208],[91.80925181881645,25.470362161584546],[91.80738267956707,25.468544942894823],[91.80374824218768,25.466468121406706],[91.80119745369961,25.461352114808278],[91.80475525265285,25.455510530686468],[91.80843108043007,25.452815676202533],[91.80857207793912,25.45075595622245],[91.80685821293622,25.447324771021442],[91.8033364057506,25.443172599336037],[91.79623395233511,25.437048183826676],[91.79380168460011,25.436214771294715],[91.79066210637114,25.436827997414184],[91.7869389283889,25.43733042795691],[91.78339479283545,25.434610712614358],[91.78121009227198,25.433408268676715],[91.7800640996785,25.4328412389321],[91.77548641916297,25.428315943925725],[91.77124201210921,25.424916761099723],[91.76930972066714,25.423173064685216],[91.76878940710549,25.419580274010514],[91.76770198555823,25.4184779300125],[91.76494690437619,25.416771355813466],[91.74648130466852,25.411755673085906],[91.7365524961009,25.40461389861258],[91.72819139471716,25.404962277986783],[91.71112081167615,25.40025915823361],[91.70450160626416,25.389981971191048],[91.70136619369492,25.371517871552555],[91.70528600844261,25.357570119565423],[91.7035921146844,25.355280729821857],[91.7022865158101,25.35400192265064],[91.7020032077819,25.353222948780115],[91.70205064162388,25.35212653131441],[91.70213558528911,25.351390028826813],[91.70132902561409,25.34985708763452],[91.70111071518744,25.349313889924133],[91.70069245129565,25.348791530404867],[91.69888533199253,25.348130939691146],[91.69307269794672,25.35209199195191],[91.69001326819784,25.34950024114329],[91.68698231638086,25.34989696986929],[91.68559657082517,25.34983137601722],[91.68310233800253,25.352010187819985],[91.68194900064594,25.35199083171159],[91.67675020335923,25.3489740109419],[91.67540202967996,25.349428511216843],[91.6740459770403,25.350476936361588],[91.67238795094323,25.35197549557273],[91.66773412842736,25.356761161398538]]]}},{"type":"Feature","properties":{"blockName":"Shella Bholaganj","districtName":"East Khasi Hills","state":"Meghalaya"},"geometry":{"type":"MultiPolygon","coordinates":[[[[91.66399568445331,25.12602171103316],[91.68270111086764,25.126592635741588],[91.69039916998577,25.130905151151865],[91.69808197030676,25.15334701515269],[91.70079040545289,25.155475616006925],[91.70938110375499,25.154985427935173],[91.73536682092208,25.145486831652022],[91.74167633039838,25.1454029087173],[91.74491119359675,25.146854401009875],[91.75271606429499,25.165393829661582],[91.75293371641794,25.167848696460226],[91.74973766526108,25.172962379210503],[91.75191914984896,25.180835388842183],[91.75446445606985,25.183008211160086],[91.76037280496104,25.18243423415265],[91.7659264990088,25.184327609231843],[91.76731506124116,25.196190042036847],[91.76936457661395,25.2007648537151],[91.7842217455372,25.215170100719604],[91.782958576677,25.223457730190148],[91.78775440484196,25.228889739669796],[91.78462203647786,25.239678980000974],[91.78882923677992,25.249562552669715],[91.7735677623424,25.256841662612715],[91.76788968036453,25.261257948995194],[91.76179099895552,25.270300821026126],[91.75085543263219,25.271142018989053],[91.74601854771788,25.274086209610914],[91.74580824755265,25.281446687514688],[91.7548511204829,25.285442374466072],[91.7575850118389,25.289648361582692],[91.75779531110476,25.292592553103873],[91.75590261681236,25.294274948130408],[91.73024609558092,25.28859686525317],[91.72625040773016,25.295326444459874],[91.72772250349078,25.302056023666637],[91.74265375766487,25.315935781511143],[91.74749064257912,25.32245506145199],[91.763473393982,25.32876404212692],[91.76473518957738,25.33254942981239],[91.76389399251383,25.335703920599485],[91.75968800539721,25.34012020698202],[91.74517734975495,25.34117170331149],[91.73213878987332,25.339699608450246],[91.70900586073196,25.32476835427616],[91.70206598225934,25.3245580550103],[91.68334933950047,25.327712544898077],[91.67493736526723,25.33254942981239],[91.66768602459041,25.340798295804746],[91.6610995958697,25.326083091161763],[91.64946179572536,25.317781706560538],[91.64577290619474,25.308436520229293],[91.64232994257287,25.305055037859745],[91.64435883199457,25.30345651900319],[91.64472772130733,25.298722444585223],[91.65021715699623,25.292027898468803],[91.64670349856766,25.28481565132131],[91.64842950621681,25.27402810351424],[91.64318984013909,25.270452801055967],[91.62896033685013,25.255232155839394],[91.63690597123366,25.246000656405215],[91.63295070341229,25.234723936760304],[91.63343238479678,25.22345001670493],[91.6390856544794,25.21842188915889],[91.6402075182624,25.21533676577917],[91.63891737513683,25.213485692111078],[91.63154112492305,25.210176195075405],[91.63120656273276,25.208428189109668],[91.63761738713276,25.19162219740656],[91.64809660507433,25.182712330609604],[91.64881773185289,25.17934213023517],[91.64107920773932,25.168912085424438],[91.64028509737938,25.161020615409143],[91.63338626576359,25.15789380665393],[91.63264178718879,25.155312949333222],[91.635768595944,25.15129276664794],[91.6389450364843,25.14975417771319],[91.64057788785931,25.142786745811748],[91.64261060929226,25.1410250530638],[91.64965737938462,25.140573337089904],[91.65447189006574,25.133227912038535],[91.6585873523245,25.13091747636048],[91.66135506088739,25.126777947344465],[91.66399568445331,25.12602171103316]]],[[[91.79610852298998,25.252600365414594],[91.80582881564737,25.25417312858707],[91.8151524488265,25.26326367188102],[91.82556383989936,25.266760034547985],[91.83000313813437,25.2703438113179],[91.8317351136846,25.276889660829227],[91.81709120369618,25.27576064743596],[91.80171320500045,25.26857750324922],[91.79675582442184,25.260888503901413],[91.79610852298998,25.252600365414594]]]]}},{"type":"Feature","properties":{"blockName":"Pynursla","districtName":"East Khasi Hills","state":"Meghalaya"},"geometry":{"type":"Polygon","coordinates":[[[91.91028907328217,25.443024032233325],[91.88208931337118,25.42771193405855],[91.86549046071627,25.402376844016203],[91.85989926763716,25.398008724423164],[91.85623004807832,25.390146110055014],[91.83963119542341,25.382632945254272],[91.80957544345199,25.377670793772154],[91.80803349824743,25.372570960581413],[91.80948018726087,25.367541996665864],[91.82308594506037,25.35999855169183],[91.83046670987085,25.349789828238045],[91.83023120080935,25.344403659001728],[91.82394494060657,25.339226738623154],[91.82734506951942,25.332508525048468],[91.8327542362191,25.32756633132118],[91.82965041503468,25.321711967833096],[91.82977317968857,25.318724107931303],[91.83429289260295,25.31391866511433],[91.83616033303298,25.30489005902905],[91.84040057172905,25.296768947129237],[91.8317351136846,25.276889660829227],[91.83000313813437,25.2703438113179],[91.82556383989936,25.266760034547985],[91.8151524488265,25.26326367188102],[91.80582881564737,25.25417312858707],[91.79610852298998,25.252600365414594],[91.7909499739622,25.25179792463456],[91.78882923677992,25.249562552669715],[91.78462203647786,25.239678980000974],[91.78775440484196,25.228889739669796],[91.782958576677,25.223457730190148],[91.7842217455372,25.215170100719604],[91.76936457661395,25.2007648537151],[91.76731506124116,25.196190042036847],[91.7659264990088,25.184327609231843],[91.76037280496104,25.18243423415265],[91.75446445606985,25.183008211160086],[91.75191914984896,25.180835388842183],[91.74973766526108,25.172962379210503],[91.75293371641794,25.167848696460226],[91.75271606429499,25.165393829661582],[91.75993347175239,25.168771743521177],[91.78526306154112,25.16475677510516],[91.79829406711758,25.16780471781351],[91.83583068833565,25.169334411553905],[91.84761810329292,25.17166137677117],[91.87912750233244,25.172355651592113],[91.91451263405088,25.178865432893474],[91.94979095418927,25.180082320842473],[91.96020507830178,25.17732238781798],[91.96513366708513,25.172147750818112],[91.97894287131652,25.164638519651987],[91.9822158810581,25.164936065746872],[91.99079132056306,25.174528122275092],[92.01207733180348,25.18048286449266],[92.01953125016712,25.18499946575281],[92.02370321503139,25.192315071983046],[92.02527265880622,25.202396721231764],[92.02881620170638,25.20744815560795],[92.02851348181179,25.212663708163632],[92.02518093695073,25.215274774611203],[92.01679804049724,25.212869845367095],[92.0111069435307,25.21719695137824],[92.01217740926006,25.221861124191605],[92.01018940121998,25.22694583618147],[92.00888954991285,25.22950730861544],[92.0019697524022,25.232412858966313],[91.9996015352827,25.23876195659909],[92.00151447511297,25.242997753543534],[92.00008577343976,25.249158632065246],[91.99543671912932,25.253309573478077],[91.9931154709023,25.259673917317457],[91.99570923169574,25.266266392180285],[91.99702756766817,25.278892046330952],[92.00080763496442,25.285268988772884],[92.00615733849042,25.287473158759326],[92.00962051437529,25.29438635614548],[92.00755454230836,25.297694769498037],[92.0051285671297,25.30583971343208],[92.00838897107423,25.309027663495897],[92.00859899604689,25.31586423864377],[92.00389772440053,25.32120081746382],[91.99844818713422,25.321235828071053],[91.99742295460572,25.324311524757093],[91.9903383545315,25.328090716113707],[91.98109317191239,25.324759360156406],[91.97460916697952,25.325187548966255],[91.97277407156622,25.332283252070454],[91.96732995451384,25.336198123244856],[91.961346523923,25.33650510232866],[91.95352717953574,25.349909694376947],[91.94905898248612,25.353159292067744],[91.94285990436117,25.354156710363952],[91.94151779930706,25.35611394720098],[91.94285990436117,25.360531708471626],[91.92244088993516,25.377326957772937],[91.91725429195208,25.38687837303854],[91.91375735192031,25.38966002918704],[91.91125386147661,25.394031204676423],[91.91180775932071,25.3975438675555],[91.91768850891759,25.401830769374556],[91.91406113121627,25.409415287285753],[91.9141710517527,25.41265794400897],[91.91543513792135,25.414471632859602],[91.91928235669548,25.41507619580983],[91.92098612590905,25.417769249851062],[91.91780821317855,25.425358794073134],[91.91014136593134,25.434567780778536],[91.91028907328217,25.443024032233325]]]}},{"type":"Feature","properties":{"blockName":"Laskein","districtName":"West Jaintia Hills","state":"Meghalaya"},"geometry":{"type":"Polygon","coordinates":[[[92.49048449336476,25.64500361052825],[92.47492487568252,25.643725669404148],[92.47020790277253,25.640383178041304],[92.46755265263289,25.647474256831515],[92.46221091440225,25.64931731304364],[92.45930575795444,25.647099398718353],[92.46203995418063,25.642273305668596],[92.46181752485893,25.639648640572375],[92.45963771840604,25.63677930412166],[92.45630128037982,25.635444729091034],[92.45220858266003,25.638024907423585],[92.45086993370052,25.645585888278163],[92.44382518618346,25.646683439788944],[92.44102860128896,25.6377910396248],[92.43473337304681,25.63336544525913],[92.4290347640432,25.632688151437094],[92.42167795447409,25.628063870751078],[92.41757517805206,25.61270077921762],[92.41268892935068,25.61208547386559],[92.40956779801553,25.607653311750994],[92.40604926975806,25.606544210247137],[92.40413702690233,25.60371409053289],[92.39749879723178,25.605510362213522],[92.38361062443084,25.60162890534974],[92.3806130833272,25.599284054415648],[92.37975040325858,25.594854514724148],[92.37163758580601,25.594181561929588],[92.36509499184046,25.59606956805618],[92.35716534830226,25.593573730843048],[92.34605315243112,25.58342770362566],[92.3313796205731,25.565845513359818],[92.32227797694713,25.56112352762875],[92.3178857528253,25.554047167143096],[92.3178857528253,25.55033817776473],[92.3106636868797,25.54507104369378],[92.30193105577365,25.551820238013647],[92.29660025419844,25.551853004812358],[92.28941462158758,25.54928896841119],[92.27922178555701,25.551694731326847],[92.30173926725342,25.49996647277453],[92.31390847769416,25.45724048635941],[92.32777767300126,25.45972140561844],[92.37181703292981,25.450397785929113],[92.37397762626648,25.451183456151625],[92.37555911376216,25.45424583118023],[92.38450084803577,25.455730298914204],[92.3895239771499,25.45316345572894],[92.39626187598486,25.452314296067982],[92.4039325831223,25.458243843778405],[92.41330678068346,25.453270446274132],[92.4180506028531,25.456349769925964],[92.4270094413327,25.459094330838752],[92.43329373651676,25.45784279740724],[92.4394448897699,25.461144715855994],[92.44505316007536,25.469384414159435],[92.44793299161432,25.467286758976798],[92.45362154799608,25.467926721940728],[92.46043648725413,25.472261697919066],[92.46590904446691,25.471405800537298],[92.47201377291736,25.466285380965587],[92.48102792330008,25.467452876349228],[92.49480092712116,25.46740722946015],[92.5008086870713,25.465836165106964],[92.50865808050605,25.46800435411768],[92.51746806409994,25.465753828576396],[92.52942167287199,25.47019357737173],[92.5377597156384,25.47028043209633],[92.53975737160545,25.46918027345089],[92.54145518460916,25.460775819348612],[92.54736439864814,25.45652649660059],[92.55755195475899,25.45955961218641],[92.5612749762592,25.463307961293424],[92.56997699983873,25.462504999805958],[92.56824500000681,25.465189000372106],[92.56741300030978,25.47284099981232],[92.56868699970533,25.47849699983675],[92.57646899974458,25.48814599963822],[92.59445199985998,25.50077099998174],[92.60645300020587,25.50579300044666],[92.61045100021357,25.51027300019888],[92.62246700035183,25.513390000048503],[92.62845600044415,25.519846000092855],[92.63849600029022,25.526172999584333],[92.64554599984808,25.535057000080542],[92.64582800026204,25.5442199999531],[92.65076400035838,25.55762500029357],[92.65824099982234,25.5609869997503],[92.6615139996714,25.567933999954164],[92.66160600031674,25.57944700027889],[92.66138500001779,25.58267399980531],[92.6585159999135,25.5866739999052],[92.6543809998833,25.58980000016993],[92.64926100029498,25.589977000238434],[92.64154799984038,25.585005000280603],[92.62978399963191,25.56714100025698],[92.6270219999654,25.565678000239586],[92.62203200007679,25.565973000353722],[92.61341100001772,25.563177000018584],[92.60962699998612,25.56341700029435],[92.60443099959105,25.558761999666615],[92.60352299998652,25.555067000142003],[92.58841700034435,25.550701000251024],[92.5823520003446,25.557491000409414],[92.57345600019431,25.558146000037937],[92.56568099957855,25.566003999984673],[92.56195799966201,25.57201600023825],[92.56193500040001,25.580481000297993],[92.55735799977191,25.590566999567443],[92.5572280000722,25.60363399960943],[92.55966199990144,25.606717999735963],[92.55867800038948,25.60975600043912],[92.5543060002218,25.611611999694105],[92.54558600009386,25.6120399996463],[92.54151200017873,25.615566000370677],[92.53433200002183,25.613754000446818],[92.51837899999094,25.6179010001311],[92.51164999994762,25.61503600021132],[92.49904599967323,25.62482300008145],[92.49048449336476,25.64500361052825]]]}},{"type":"Feature","properties":{"blockName":"Saipung","districtName":"East Jaintia Hills","state":"Meghalaya"},"geometry":{"type":"Polygon","coordinates":[[[92.56997699983873,25.462504999805958],[92.5612749762592,25.463307961293424],[92.55755195475899,25.45955961218641],[92.54736439864814,25.45652649660059],[92.54145518460916,25.460775819348612],[92.53975737160545,25.46918027345089],[92.5377597156384,25.47028043209633],[92.52942167287199,25.47019357737173],[92.51746806409994,25.465753828576396],[92.50865808050605,25.46800435411768],[92.5008086870713,25.465836165106964],[92.49480092712116,25.46740722946015],[92.48102792330008,25.467452876349228],[92.46538019274175,25.448121082022396],[92.4636768516055,25.442372305237768],[92.46388976879786,25.4242743061144],[92.4604830865253,25.416183435717016],[92.45792807482087,25.415331765148892],[92.44557885158281,25.41809969404568],[92.43674276966317,25.41799323499987],[92.43418775795874,25.413734882159133],[92.43418775795874,25.407347352898057],[92.45547952216225,25.375409706592734],[92.45803453386668,25.364337989206888],[92.45505368687822,25.35539544734206],[92.45036949875345,25.346878741660646],[92.44664343934329,25.344856024286116],[92.44238508650261,25.34400435371799],[92.43514588667341,25.34613353013833],[92.42471292266333,25.346559365422422],[92.41789955811817,25.34506894237785],[92.41342828718575,25.340597671445437],[92.41129911076541,25.333145553524503],[92.41129911076541,25.326332188979393],[92.41449287494629,25.317815483297977],[92.41938998116274,25.310789201560453],[92.4444078047764,25.299185189844707],[92.4465369811968,25.29194599001545],[92.44909199290123,25.270228389628528],[92.43461359324277,25.23956824917542],[92.43269733401479,25.217637731596085],[92.43865902799183,25.20656601421024],[92.44802740424137,25.198049308528823],[92.45228575708211,25.18527424910735],[92.45228575708211,25.17335086115338],[92.44611114591271,25.159085379586656],[92.42822606308238,25.13779361448377],[92.41247015757176,25.124592720677583],[92.39799175791336,25.10755930931475],[92.3945850756408,25.09946843891737],[92.39415924035671,25.090951733235954],[92.41800601626471,25.062420768303866],[92.44702099991929,25.03989800039244],[92.45150799999425,25.038801000166075],[92.45728300011041,25.032871000096634],[92.46372999973977,25.034964000388356],[92.46512600026477,25.04506100016505],[92.46334099978736,25.047978999831003],[92.46064000023586,25.047424000317392],[92.46033499966057,25.05249400029794],[92.46646900014429,25.054987000149993],[92.47139699987173,25.06471399995121],[92.47512099983436,25.068614999982287],[92.48068199997437,25.08365400013207],[92.48083499983545,25.0982210000991],[92.48484000016595,25.105869000254188],[92.49961900001688,25.105927000230906],[92.51027699958394,25.103225999780136],[92.52699299972721,25.10358200000934],[92.53247099963698,25.101685999809092],[92.53849799968299,25.097028999988424],[92.54339599982558,25.097312999595317],[92.54127500004125,25.101842999854625],[92.53352399963296,25.10987699982371],[92.53072400001264,25.119576000132326],[92.52571900033166,25.123323000256335],[92.5251920003106,25.13777000008548],[92.52796200034612,25.137681999624647],[92.53069300038175,25.13455200007479],[92.53612499996882,25.132131999991884],[92.54043600002143,25.13500400023446],[92.55364200017823,25.1284069999831],[92.55831099965297,25.12765300028576],[92.58212299967676,25.129524000232493],[92.59485599960476,25.125917000269396],[92.59884600014283,25.122330000329328],[92.6104280000522,25.121700000055],[92.62200199959267,25.11528400005659],[92.62506899983453,25.116273999845248],[92.63034799956057,25.122602000282143],[92.63280499955113,25.135127999657527],[92.63840499969103,25.142782000089255],[92.64444700042878,25.148718000435395],[92.65611299971522,25.151663000447172],[92.66120099962649,25.15977699960888],[92.66336100030998,25.170510999982696],[92.66728999983366,25.174579999667287],[92.67262999967483,25.17567099961701],[92.67981700015451,25.18058399955197],[92.69429799975296,25.178825000273605],[92.7049790003806,25.187973000353736],[92.7165830004052,25.191599000293706],[92.73368100017808,25.20063399965943],[92.74236300035227,25.20049100025949],[92.74748199989443,25.205149000126312],[92.75201400024599,25.20473299982814],[92.75920900019526,25.20139699977176],[92.76795999995409,25.20211799974595],[92.77986100018506,25.200437999614053],[92.79318200024915,25.209662999647776],[92.79871399995119,25.210753999597443],[92.8047100003663,25.216622999551817],[92.80337499995636,25.218803000258333],[92.7866130003897,25.228725000058773],[92.77256800021308,25.23060999975172],[92.77062999987464,25.23755800000174],[92.76501499994237,25.246718999782047],[92.77706099966548,25.25789099966994],[92.77654300005946,25.260300000144923],[92.77013400038385,25.26629399956846],[92.78951300012494,25.27585599985457],[92.7926029996288,25.282508999990398],[92.78922300024135,25.288876000427138],[92.78424099982232,25.305349000156298],[92.78844500033654,25.314952999681225],[92.7847980003275,25.32989499985439],[92.77290300037322,25.33698300026532],[92.76994299966975,25.33689499980443],[92.76103199972704,25.33266599993601],[92.75923200035658,25.337252000079786],[92.75165599992454,25.345881999654637],[92.74874100039693,25.35553000030933],[92.7406230001514,25.362073999915197],[92.74111200021872,25.364210000391267],[92.73664099998223,25.37125000038725],[92.73759499990939,25.378688999897463],[92.73536699968736,25.37993199966212],[92.7259980002076,25.377885999739135],[92.72194699955446,25.37295199973505],[92.7186739997054,25.372458000336508],[92.71349300000202,25.382020999769395],[92.7009810003729,25.385293999618455],[92.69413799956908,25.397499000378616],[92.68070199959766,25.406116000253235],[92.67444599978313,25.414700000404764],[92.66773200043156,25.4116360003012],[92.66436799998326,25.406928999973445],[92.66077399972039,25.407933999554473],[92.65434299992955,25.42152000014795],[92.6549910001346,25.432930000219358],[92.64234899990646,25.417130000049497],[92.64032700019095,25.417222999841613],[92.63865699962088,25.4202629997377],[92.63866399994367,25.426429999944617],[92.63004299988461,25.432264000083592],[92.62937200041756,25.422645999913016],[92.62137600040217,25.421349000356145],[92.61551700000962,25.415068000288045],[92.60984800028507,25.414199999830203],[92.60775800013164,25.41619900028371],[92.60852100024402,25.428006999823253],[92.6060790000459,25.4395659995713],[92.60633099997574,25.446018000330525],[92.60098299976568,25.451543999755813],[92.60220300026833,25.461806999993087],[92.59898400021149,25.469318000125668],[92.58628099986834,25.465267000371796],[92.58314500004178,25.470587000189937],[92.57231899992195,25.46178199973957],[92.56997699983873,25.462504999805958]]]}},{"type":"Feature","properties":{"blockName":"Selsella","districtName":"West Garo Hills","state":"Meghalaya"},"geometry":{"type":"MultiPolygon","coordinates":[[[[89.95058869820991,25.764508259748425],[89.93782800006221,25.752608999705615],[89.93875100035842,25.74762300000151],[89.93760699976326,25.74463799994379],[89.9320449995771,25.74143999995607],[89.92597999957735,25.73926899966466],[89.92024200026816,25.7392860004486],[89.91551199977903,25.741654999978323],[89.89955899974808,25.744219000406588],[89.89675900012782,25.735097999772904],[89.8983689997296,25.72734800031003],[89.91835000025236,25.70411700009953],[89.92256899965969,25.702786999920136],[89.92519400020302,25.694525000228623],[89.93640099990625,25.69007099987681],[89.94105499958863,25.686736999912682],[89.94575499959359,25.67822799962255],[89.94586200003135,25.673752000054833],[89.95092000035777,25.6589390004346],[89.98437499990638,25.63767199996289],[89.98722800017214,25.626814000166007],[90.0032269996264,25.621951999884914],[90.00527200040256,25.6245380004284],[90.00843000034428,25.623923999992655],[90.02230099969142,25.608495999890522],[90.02115599994949,25.602297000006615],[90.01490799960453,25.598461000274995],[90.00598900019224,25.58431099975286],[89.99837066327552,25.58682723988528],[89.99541145757274,25.585494966219755],[89.99557169158038,25.58064791986567],[90.00294240736628,25.579926871328098],[90.00900774910838,25.572755299617427],[90.01944996804167,25.56842183989602],[90.02212708879415,25.56661828910279],[90.02301936914864,25.57061006939921],[90.0248978541527,25.572112858121955],[90.03306926423522,25.569342091864087],[90.04279042473837,25.57136146376058],[90.04551422660035,25.570703993694394],[90.04994015641313,25.565534976557956],[90.05398052977768,25.564613488022133],[90.06103346292406,25.566102046772073],[90.06638518722667,25.562770510051052],[90.06851169985515,25.55908455500827],[90.0749703717853,25.559159963161846],[90.07790757737286,25.555989116404646],[90.08234676319262,25.5541533626876],[90.08550312816686,25.5427755088827],[90.09515381329788,25.536963769662293],[90.09733988083087,25.534137878560273],[90.1003617216162,25.544308425793247],[90.10181701084645,25.5416712754091],[90.10713539278419,25.539012084440174],[90.10989307210764,25.539110571895435],[90.11363563677526,25.539406037858384],[90.11993890405722,25.533693701603113],[90.12754219441678,25.534493331102396],[90.13029600395748,25.533391116606822],[90.13227154199814,25.53515867833039],[90.13421890337975,25.53836503931518],[90.13505702116464,25.540769982948405],[90.13673635939551,25.546774145610357],[90.13755036635638,25.55250164623402],[90.13340599179315,25.5598100695791],[90.1259271163434,25.56849563826313],[90.12438089216448,25.57017239004381],[90.1237277055692,25.57123092806495],[90.12269326488234,25.574210060046312],[90.12013829904333,25.581967114690656],[90.11916274416535,25.591145519050542],[90.1294201137473,25.601637709712577],[90.12949229873067,25.60342008956553],[90.12941813433946,25.605112163095896],[90.12865814515732,25.609349722711556],[90.12858228914138,25.61544059620661],[90.13166750694995,25.622149303947253],[90.13341304427661,25.62585684901444],[90.13472682158562,25.627649564775652],[90.13874085200877,25.632452374377635],[90.13424474090215,25.63826563525089],[90.13067717621078,25.64680769102216],[90.1292494601945,25.656966753912627],[90.12414052856258,25.670704105010486],[90.11762075669265,25.680062155244343],[90.11236432185603,25.68442687360141],[90.09828458716402,25.689354780698636],[90.07313673237434,25.708017506402825],[90.07250358177492,25.712369954409894],[90.07470821671092,25.716569259563755],[90.08020068941033,25.716014195298897],[90.08554124143518,25.71699511283424],[90.08635867301439,25.71830300318112],[90.08375524540833,25.721072063425026],[90.08367612125608,25.72692719403483],[90.07671326240717,25.737213234902924],[90.07536816440933,25.74188151492001],[90.07569759776601,25.76025048337317],[90.07159294715683,25.7660505332056],[90.06690829228393,25.769173636753976],[90.06165776869113,25.760621835029724],[90.0403882546143,25.768819963070882],[90.02566122388646,25.762659375030182],[90.01175790920018,25.770365764568453],[90.0130963917851,25.783374368032696],[90.00945661513072,25.784522048653685],[90.00087114998365,25.783374368032696],[89.99027549501812,25.78761667427017],[89.98491041758177,25.7949204301338],[89.96932122929138,25.798424114181557],[89.96212947319668,25.80004046839298],[89.95555520690732,25.80151804012553],[89.95506315094372,25.793837423358468],[89.9567490002662,25.783487000025104],[89.9591369997728,25.78170599973214],[89.95936600044064,25.774531999851945],[89.95058869820991,25.764508259748425]]],[[[89.95615407535036,25.81102590122441],[89.9534969860971,25.814550062835167],[89.94980600024678,25.816156000199328],[89.95352199984046,25.81448200034407],[89.95615407535036,25.81102590122441]]]]}},{"type":"Feature","properties":{"blockName":"Baghmara","districtName":"South Garo Hills","state":"Meghalaya"},"geometry":{"type":"Polygon","coordinates":[[[90.75761713582222,25.538661770624287],[90.74859402819192,25.52181092973069],[90.72987404355234,25.501979266130263],[90.71855546676142,25.481743492168505],[90.70893427489693,25.474795845352048],[90.69807238643153,25.472035231540758],[90.68514144931851,25.44759358647491],[90.6712123969346,25.432414784914442],[90.6542553667918,25.416989159022535],[90.64975957854176,25.413307048581487],[90.642973352838,25.41139258170233],[90.63885319611819,25.414286835668975],[90.63744139450483,25.420585240316655],[90.63466309822348,25.4212849740224],[90.63217696649389,25.415801158196928],[90.63132708018065,25.401407529533913],[90.62970552878716,25.397237088121187],[90.6236058410368,25.40256238404686],[90.6127475795372,25.400757336781737],[90.61036743111214,25.407137059028116],[90.60177067407739,25.393734567796116],[90.59662031157819,25.388852745557813],[90.59040559514216,25.39735596770379],[90.58603200317447,25.388511351217915],[90.5658923136794,25.364141819189626],[90.54470592933524,25.35129264843704],[90.5286482716005,25.346308223445817],[90.51797617605973,25.33765108323098],[90.517399542455,25.326966575247297],[90.52226105620286,25.319233637722277],[90.52228652949981,25.311493045167936],[90.51681493995756,25.29952031321193],[90.51332635103034,25.283298298078023],[90.51366290791691,25.27552076407204],[90.51443069961715,25.272626779901998],[90.51304276870889,25.269762325870715],[90.4999090857358,25.258746672221207],[90.49123268384136,25.25453260469601],[90.4877090168577,25.250940295158557],[90.48708656639201,25.24499224569564],[90.4922835092766,25.24175357117042],[90.49077317434256,25.234289609178177],[90.49351502649733,25.228368702153944],[90.49177900040058,25.222994156655034],[90.48937710187181,25.225943022852277],[90.4755043425514,25.226821068737365],[90.47255975712716,25.219200745218245],[90.46608647660969,25.214885225173077],[90.46227866522827,25.20828501793926],[90.46265944627646,25.203842571177745],[90.46538837787142,25.199590514490694],[90.48366587448061,25.200098223154498],[90.48823524885773,25.198828952394308],[90.4994048295693,25.180805310117023],[90.50373993684866,25.17058684250884],[90.51172637976867,25.172822951917738],[90.53311920168989,25.174196243661754],[90.54997253460482,25.16899490399169],[90.55803680395542,25.169250488619184],[90.57428741483238,25.17298126227547],[90.58939361592269,25.17368698096942],[90.61489105248012,25.16668319667224],[90.61917877178297,25.166818618384582],[90.62963867228694,25.170358657526094],[90.64456701985216,25.183891286953383],[90.63250895572378,25.19828454779372],[90.63012839271119,25.212680393285552],[90.6324427773124,25.22353486953864],[90.6466184858545,25.244215061475984],[90.65070901351021,25.24186169576069],[90.65883554652333,25.22733850896509],[90.66281917536469,25.225645542407904],[90.66501365695478,25.226276486970335],[90.66608361456724,25.23024997865366],[90.66135169582418,25.238430962918642],[90.66459343703752,25.244479852463257],[90.66400003197595,25.252225475825128],[90.66528473240453,25.253399138759278],[90.67352607646734,25.24859739575328],[90.6763463917726,25.250042627865014],[90.67580990030672,25.254231932557673],[90.66565018270984,25.262929491902582],[90.66367280735426,25.27161858233177],[90.65815219846525,25.280116207097308],[90.65714041260003,25.293040800392703],[90.65839914420519,25.298279668771727],[90.66495213523291,25.306327162168827],[90.67590992919992,25.313367207130966],[90.67640311920866,25.327442086383257],[90.6794314513005,25.333211656392905],[90.68533171528651,25.336199035157392],[90.70158912953474,25.338952339279103],[90.71682100548509,25.34429821259249],[90.74004322741308,25.357369114792846],[90.74220462384437,25.361175239046077],[90.74338288321354,25.369663869691863],[90.75198284633137,25.375242561295238],[90.75687547212539,25.38487006460184],[90.75839841375586,25.399233006598024],[90.75402235674642,25.408407619416153],[90.75879068903913,25.419752325109755],[90.75514568552501,25.42960921129611],[90.75572695063835,25.43293497257099],[90.75970138481114,25.434626934585424],[90.77149870400206,25.42882229191531],[90.77555588569561,25.429581333212013],[90.78237688278699,25.44098859664649],[90.78083592863527,25.44223590866028],[90.77276695043446,25.44279126160751],[90.77196500697954,25.446584410442256],[90.77940624580168,25.450607910726546],[90.7845662481339,25.45083821990795],[90.79151053418389,25.457782058994894],[90.79139145045514,25.462236467638945],[90.78862685984177,25.46752280133626],[90.79096075703336,25.481928893703525],[90.78525356040353,25.492741963370975],[90.78393832169627,25.50166694597283],[90.78470355032863,25.50858209758576],[90.78180844020739,25.512799314536778],[90.7749671085453,25.517018375097962],[90.77359866144911,25.521116448065698],[90.77768654329941,25.54043894789919],[90.78376901083124,25.555082690613744],[90.78739238205287,25.558246757381994],[90.77795750363595,25.561367301459825],[90.77623323977224,25.55949003054053],[90.77142641919397,25.550050548494085],[90.76268960444173,25.544539847436056],[90.75761713582222,25.538661770624287]]]}},{"type":"Feature","properties":{"blockName":"Rongara","districtName":"South Garo Hills","state":"Meghalaya"},"geometry":{"type":"Polygon","coordinates":[[[90.88086691187851,25.28854901322643],[90.87358342403587,25.291098278263007],[90.86210591185841,25.29205384301048],[90.86027371136277,25.294191411004874],[90.86160351009397,25.297243488796028],[90.8600287450306,25.300198870581482],[90.85530864247994,25.30427807307467],[90.85070551474774,25.304935662750665],[90.84764713720568,25.313399834534778],[90.8511771174301,25.316616660930208],[90.85159719255643,25.319677211234364],[90.85038807115262,25.32467292361656],[90.84765846596548,25.327252274572857],[90.84499359307989,25.337309593562964],[90.84816226437704,25.340806868142522],[90.84848591149569,25.343357842790283],[90.84611002945434,25.3501924763018],[90.84184439210509,25.351483034914168],[90.84326290086227,25.354741627624094],[90.8424137340067,25.35598707264535],[90.83675261953783,25.356991920241],[90.83355758371556,25.361071194679937],[90.82021679856643,25.363613631164185],[90.81243325529056,25.369213667276995],[90.81265563604882,25.37270155113572],[90.8100785963502,25.374183349681914],[90.80319946977977,25.37541553419959],[90.79617630149517,25.37139877433401],[90.78730974335002,25.369467572870235],[90.78145490591925,25.37300381957067],[90.76996890504097,25.373792784909142],[90.76329069510956,25.380566002818853],[90.76481317718645,25.383565519732997],[90.76396833786856,25.38527400679004],[90.75999873665245,25.38767237997638],[90.75687547212539,25.38487006460184],[90.75198284633137,25.375242561295238],[90.74338288321354,25.369663869691863],[90.74220462384437,25.361175239046077],[90.74004322741308,25.357369114792846],[90.71682100548509,25.34429821259249],[90.70158912953474,25.338952339279103],[90.68533171528651,25.336199035157392],[90.6794314513005,25.333211656392905],[90.67640311920866,25.327442086383257],[90.67590992919992,25.313367207130966],[90.66495213523291,25.306327162168827],[90.65839914420519,25.298279668771727],[90.65714041260003,25.293040800392703],[90.65815219846525,25.280116207097308],[90.66367280735426,25.27161858233177],[90.66565018270984,25.262929491902582],[90.67580990030672,25.254231932557673],[90.6763463917726,25.250042627865014],[90.67352607646734,25.24859739575328],[90.66528473240453,25.253399138759278],[90.66400003197595,25.252225475825128],[90.66459343703752,25.244479852463257],[90.66135169582418,25.238430962918642],[90.66608361456724,25.23024997865366],[90.66501365695478,25.226276486970335],[90.66281917536469,25.225645542407904],[90.65883554652333,25.22733850896509],[90.65070901351021,25.24186169576069],[90.6466184858545,25.244215061475984],[90.6324427773124,25.22353486953864],[90.63012839271119,25.212680393285552],[90.63250895572378,25.19828454779372],[90.64456701985216,25.183891286953383],[90.6489791873397,25.185884475987848],[90.66042327891125,25.17682838482216],[90.66583251935532,25.167123794327722],[90.6761703494821,25.160556793661158],[90.69609832777564,25.16048240623809],[90.71669769314406,25.156063080147078],[90.72499084445195,25.156776427789964],[90.74111175510347,25.164154053067136],[90.76223754852413,25.17971801717283],[90.77079010028297,25.18043518063911],[90.78172302259946,25.17800903279067],[90.80419158927049,25.163763045827977],[90.83887481721911,25.1533184050204],[90.88928985604207,25.154117583959362],[90.92541503897291,25.15953254678965],[90.93304443395351,25.1576881406952],[90.95733642553569,25.159521102916642],[90.9673788157798,25.166663494324837],[90.96642482124855,25.172874420118433],[90.97005666947979,25.176958370132752],[90.9703275587699,25.182450037039644],[90.96930095837257,25.186794386651684],[90.9654381138779,25.1890550286667],[90.9622738339703,25.200973152888764],[90.94664822403638,25.20782677558526],[90.94486706995934,25.209858405241278],[90.94575764699789,25.21311457877482],[90.9517690438064,25.215341022270422],[90.95367691505766,25.226769021373286],[90.9564159325493,25.231230513977096],[90.95592498005385,25.242432543127393],[90.95240953557169,25.24897784585096],[90.94979087884604,25.250913374852416],[90.9456921107024,25.250662894776838],[90.937072143065,25.257248187653772],[90.93427842071259,25.261246543792993],[90.9199559976712,25.263750834633356],[90.91661383725886,25.270411898090686],[90.91816412817201,25.27538675429531],[90.91541162984288,25.281791873396287],[90.91393826244092,25.284060083206327],[90.90951816023494,25.284738608200257],[90.90730796658943,25.28886882653518],[90.89923745324592,25.29185858490581],[90.89247200278078,25.291844208343605],[90.88086691187851,25.28854901322643]]]}},{"type":"Feature","properties":{"blockName":"Bajengdoba","districtName":"North Garo Hills","state":"Meghalaya"},"geometry":{"type":"Polygon","coordinates":[[[90.42864535350031,25.98998204013907],[90.43096591284666,25.987565074368717],[90.43258419160719,25.98234394511701],[90.43395498413526,25.977883605444106],[90.43323041655054,25.974967541119156],[90.43111918340367,25.97283550935134],[90.42949263717554,25.970007663123226],[90.42765893031543,25.966112311733866],[90.42640705604089,25.96428952624069],[90.4252235509262,25.95635509201395],[90.42373775579284,25.95431424700496],[90.42320548664395,25.953654119442092],[90.42194963556727,25.9484940127885],[90.41975928456338,25.944411178832866],[90.41819075539911,25.93857323156942],[90.4180849258787,25.935557397356035],[90.41765140498842,25.934306348659106],[90.41866601742282,25.920195754630413],[90.41890494660606,25.91590156020891],[90.42068932475257,25.90707251458491],[90.42087022877809,25.903900511299582],[90.42173397544269,25.895173610673623],[90.42137819464801,25.890625168017152],[90.42081788193974,25.883043285119584],[90.42030398773892,25.879579319629954],[90.41754722932126,25.873692907002123],[90.41534560531551,25.869650618081607],[90.41425337779123,25.865078975614267],[90.41271389942699,25.852675233675143],[90.41196732543176,25.847978828260352],[90.41173105464452,25.84514671205119],[90.41141263528493,25.84289924870143],[90.40983493933106,25.834022729665264],[90.41080877740319,25.82514295688202],[90.41069364529557,25.819958208804337],[90.40404725427743,25.809224488119696],[90.39896764863812,25.808261942834463],[90.39663581269264,25.808080510007585],[90.39224045623212,25.806611309164623],[90.38959954937974,25.805124418657044],[90.38669879061678,25.8062353763616],[90.38370614901964,25.808354873378732],[90.37730907885094,25.808912688669693],[90.37550284088348,25.8120593949252],[90.37504142662061,25.81315891595125],[90.36838882308575,25.813559032423484],[90.36329276614828,25.81082120383553],[90.35849748477119,25.802406172806684],[90.35625755234423,25.80031811608825],[90.352999860755,25.795349117168087],[90.34676826134626,25.794071190433158],[90.34436425390726,25.790288271386657],[90.34442320806465,25.78496957108888],[90.34722989144637,25.784991388641743],[90.35335559658358,25.78187099115337],[90.35733369279575,25.775996609655863],[90.36002068270841,25.77286716588702],[90.36757830279652,25.771411360445995],[90.38054164608013,25.77717882424338],[90.3841759341721,25.777297641772805],[90.38908711837587,25.776980518336302],[90.3984329917892,25.777060135317015],[90.40550258487644,25.772603471173284],[90.40756224819927,25.76879895760584],[90.41139758513049,25.759816403104594],[90.41492860676982,25.7487850257084],[90.41677698337116,25.748559369619272],[90.41499119328898,25.747735800167106],[90.4150348508777,25.745924647404593],[90.41434820590501,25.740774972886754],[90.41040844329507,25.735472865080737],[90.41444420583548,25.736049424941086],[90.42373990607189,25.741712813795345],[90.4275380812175,25.745485026412894],[90.42942869268006,25.748726075148284],[90.44253716495825,25.765433904051463],[90.4435611033623,25.768389362279322],[90.44653005411874,25.77333410558458],[90.45066374383674,25.78157532733951],[90.45443239603833,25.785882358683978],[90.46260759226664,25.799321393867274],[90.47088178856376,25.80648519993207],[90.47758243208364,25.805381705701222],[90.47952332284314,25.838557750839584],[90.4747478382422,25.849700549740646],[90.50870684214709,25.873577975443254],[90.51295171774763,25.889496258045938],[90.5173655678667,25.89607009985525],[90.51621999975322,25.89601900037661],[90.51478600017384,25.899922999646776],[90.52220899984553,25.90916799970347],[90.52987700002359,25.928041000391886],[90.53591200043854,25.932310000306302],[90.5380247741241,25.9410962480934],[90.53850599955229,25.945396000325218],[90.5381930004067,25.957775000116214],[90.5335769997788,25.96161299994003],[90.51732600039469,25.982127999907334],[90.50952899966364,25.9957809999932],[90.50395199968511,26.001127000111012],[90.49343100014062,26.0094069997333],[90.48507699980377,26.01379000040822],[90.4811549997035,26.015036000311227],[90.47476199986647,26.012379000090846],[90.46295200023468,26.003019000126812],[90.46137999968727,25.999372000117773],[90.45865898572367,25.99857325375268],[90.43249500044396,25.988846000342676],[90.42864535350031,25.98998204013907]]]}},{"type":"Feature","properties":{"blockName":"Demdema","districtName":"West Garo Hills","state":"Meghalaya"},"geometry":{"type":"Polygon","coordinates":[[[90.1126604674667,25.951246332842167],[90.11018779972721,25.942809902654915],[90.1097813674656,25.94282219327935],[90.10950500025564,25.941883000200335],[90.1048800340005,25.94202782989783],[90.10393897740192,25.94012575909653],[90.1037448120124,25.940142838069356],[90.1032870003948,25.939219999703255],[90.10026599957627,25.939489000417097],[90.09300509093981,25.936526784959153],[90.09670928070881,25.929561078580946],[90.09587990239282,25.929106686290737],[90.09608500012274,25.928720000227884],[90.09154500030161,25.926239000029852],[90.08528047612695,25.924613610417317],[90.0841547773212,25.920026264800356],[90.08364068795565,25.919463715926046],[90.08358800028606,25.919249999687793],[90.08212999959989,25.91765800001673],[90.07658400015157,25.919319000171754],[90.07178500007774,25.916140000160908],[90.06747400002513,25.91553500014021],[90.06308700006508,25.910258999653138],[90.05951281720765,25.908242271837782],[90.05679236987203,25.89931739258367],[90.05646692854819,25.899060864747643],[90.05635099969896,25.89868199997437],[90.04625700006056,25.890742999889596],[90.0320969999766,25.89431399999114],[90.02544399984077,25.893201999972348],[90.01943999995609,25.888635999851545],[90.01502254715291,25.884453348343413],[90.01106108659991,25.880702450557692],[90.00933101021883,25.87906433346665],[90.01419841202716,25.87620328805133],[90.01880446075734,25.872255925270792],[90.02317749064872,25.871831304970783],[90.02636695427157,25.86596307303745],[90.02522902230157,25.86202663522107],[90.01593675207948,25.850013946386582],[90.01586925469577,25.849954046819647],[90.01566300024734,25.849687999701473],[90.01246600030572,25.846856999550937],[90.00441699964489,25.84862500014367],[90.0019102542257,25.84685635192656],[90.00179035334219,25.844517202806742],[90.00419989790703,25.84399898286682],[90.00597300844765,25.84254704810786],[90.00566454398192,25.84233802702198],[90.00574499973203,25.84227200035258],[90.0019449998619,25.839702999693714],[89.99885600040415,25.838792999996997],[89.99496499993484,25.83553700003256],[89.99218681067282,25.835265998327202],[89.98641937523861,25.83470340661195],[89.98620462744168,25.83299822019177],[89.98372358231718,25.834440442113962],[89.9800666752076,25.834083724528345],[89.98004900006134,25.834082000384058],[89.97776208372659,25.82834232768416],[89.97769899960923,25.828183999991666],[89.97212999999954,25.82619299990705],[89.96303599971168,25.8266219999054],[89.94876099972043,25.824531999752026],[89.95001199985398,25.820283999906735],[89.94980853976378,25.81620688925478],[89.94980600024678,25.816156000199328],[89.9534969860971,25.814550062835167],[89.95615407535036,25.81102590122441],[89.9561515938121,25.810986503289566],[89.95616100013012,25.81097399955047],[89.95591662285392,25.80715946393815],[89.95555520690732,25.80151804012553],[89.96212947319668,25.80004046839298],[89.96932122929138,25.798424114181557],[89.98491041758177,25.7949204301338],[89.99027549501812,25.78761667427017],[90.00087114998365,25.783374368032696],[90.00945661513072,25.784522048653685],[90.0130963917851,25.783374368032696],[90.01175790920018,25.770365764568453],[90.02566122388646,25.762659375030182],[90.0403882546143,25.768819963070882],[90.06165776869113,25.760621835029724],[90.06690829228393,25.769173636753976],[90.0728642413917,25.776582567431603],[90.09833349409553,25.783713958332555],[90.12923618799971,25.812918701636818],[90.13704676039976,25.823785584037523],[90.14141392671138,25.860461155657845],[90.17071057623218,25.861129205348618],[90.1698438887845,25.891970417101106],[90.16418268571141,25.91840126850417],[90.16389464951851,25.918386008407595],[90.15728219981372,25.92097764410306],[90.14885536967961,25.929549254294727],[90.14709310586221,25.938273925501335],[90.1432290373902,25.942062914971586],[90.13698899334742,25.957968149310716],[90.12416099983034,25.957671999862953],[90.12281799995077,25.961208000149156],[90.11794299996956,25.95738800025606],[90.11508200023417,25.954054000291933],[90.1126604674667,25.951246332842167]]]}},{"type":"Feature","properties":{"blockName":"Damalgre","districtName":"South West Garo Hills","state":"Meghalaya"},"geometry":{"type":"Polygon","coordinates":[[[90.05696252520045,25.420751181421963],[90.06240519614295,25.425920007002787],[90.06520864286466,25.4321304480618],[90.06953223702317,25.440465838727505],[90.07286780720358,25.442737203359286],[90.07580628533185,25.44440498799986],[90.07634633001919,25.444849730630608],[90.07866914126794,25.44575412665165],[90.08375758634361,25.445000772667584],[90.09468834129399,25.445392936434928],[90.09664020288312,25.44571824729934],[90.09828844165833,25.446076088440805],[90.10062262393501,25.446405806882524],[90.10375764170186,25.447184002839492],[90.10819161505106,25.448840490196517],[90.11008365283834,25.4573160950618],[90.11505953606877,25.461387272904346],[90.11596424235597,25.47269609834632],[90.11777365403094,25.47586256990172],[90.12161865507693,25.47812433516998],[90.12682071510397,25.478576687863892],[90.13043953935329,25.481743159419295],[90.13337983411213,25.489433160611895],[90.14061748261076,25.504813163896472],[90.14084365940744,25.51159845970119],[90.13428454039928,25.512955518682304],[90.12659453830736,25.508431988145787],[90.11641659504988,25.50820581134917],[90.1123454181066,25.49893257437884],[90.10963130014443,25.49350433755518],[90.10623865179241,25.491468749083538],[90.0983224738032,25.493730514351796],[90.09651306212817,25.497575515397784],[90.09606070853494,25.510015223923517],[90.09877482559779,25.51431257766336],[90.10216747484913,25.516121990237707],[90.11370247708771,25.517026695625532],[90.11438100657824,25.51860993140326],[90.1123454181066,25.522228755652577],[90.10329835703362,25.523359638736395],[90.09877482559779,25.523359638736395],[90.0971915916187,25.526073756698565],[90.0971915916187,25.528787874660736],[90.10510776960791,25.533763757891165],[90.10713539278419,25.539012084440174],[90.10181701084645,25.5416712754091],[90.1003617216162,25.544308425793247],[90.09733988083087,25.534137878560273],[90.09515381329788,25.536963769662293],[90.08550312816686,25.5427755088827],[90.08234676319262,25.5541533626876],[90.07790757737286,25.555989116404646],[90.0749703717853,25.559159963161846],[90.06851169985515,25.55908455500827],[90.06638518722667,25.562770510051052],[90.06103346292406,25.566102046772073],[90.05398052977768,25.564613488022133],[90.04994015641313,25.565534976557956],[90.04551422660035,25.570703993694394],[90.04279042473837,25.57136146376058],[90.03306926423522,25.569342091864087],[90.0248978541527,25.572112858121955],[90.02301936914864,25.57061006939921],[90.02212708879415,25.56661828910279],[90.01944996804167,25.56842183989602],[89.95932900682828,25.53542067242614],[89.95536608397765,25.521550441999352],[89.96216850827011,25.511260368571186],[89.97540189727977,25.526304701700667],[89.98626877788183,25.52970060290056],[90.00188992088317,25.537171584101372],[90.03686769478833,25.548717645303157],[90.04705539658931,25.534454862601876],[90.0579222780907,25.52562552200027],[90.06063899869088,25.513400280198823],[90.05995981899054,25.497099958396404],[90.05409854870913,25.488742746580556],[90.05282842808953,25.47027234359382],[90.04943252688969,25.458047102691694],[90.01717147268539,25.464159723592445],[90.01443754355785,25.432192652369054],[90.0175599852052,25.431636963974768],[90.02533962542344,25.429017289216574],[90.03126697069422,25.426794534740054],[90.03356910922707,25.424148398329976],[90.03653278186243,25.42248133224774],[90.04111374130616,25.420614258741125],[90.04210642916843,25.419963876231975],[90.04392065311572,25.418765804798113],[90.04884986512923,25.417430809784094],[90.05696252520045,25.420751181421963]]]}},{"type":"Feature","properties":{"blockName":"Bhoirymbong","districtName":"Ribhoi","state":"Meghalaya"},"geometry":{"type":"Polygon","coordinates":[[[92.1548609996355,25.811102000057303],[92.14775943205223,25.81088116163636],[92.14164681115147,25.814956243435915],[92.13825090995158,25.822766814037266],[92.12738402934951,25.82514394433764],[92.11481919724821,25.82038968373695],[92.09240625364572,25.823785584037523],[92.07474757064392,25.81699378343643],[92.07135167124267,25.81020198193596],[92.07712470184356,25.802051821034752],[92.08289773334377,25.797976740134516],[92.08727600358475,25.798847809978497],[92.09274584394558,25.791864120133084],[92.07203085094307,25.775563797431346],[92.04656159733992,25.76367814592976],[92.03161963493824,25.768771995930933],[92.01022546223533,25.766394865630616],[92.0129421828355,25.75654675502875],[92.00615038223441,25.743981922927446],[91.98815210893275,25.734473400826857],[91.982039488032,25.729719141125486],[91.96629100012962,25.727660376225458],[91.95249515442788,25.727660376225458],[91.9355156520258,25.73137464192621],[91.91110761732273,25.719701234024797],[91.9068627417222,25.711211482823728],[91.88899181512022,25.708664557823113],[91.87184251801784,25.6825585734195],[91.87446934868154,25.649430486427832],[91.88670999676901,25.649430486427832],[91.89427189583137,25.654217558793334],[91.89862175289164,25.65908253043449],[91.90102562183506,25.659368706400755],[91.90388736980634,25.65713654141831],[91.90852340193351,25.658796355367542],[91.91710633009313,25.66792309727316],[91.91832416502825,25.66948651019436],[91.91990389884592,25.672909266049828],[91.9235899438209,25.67180345156811],[91.92674941055691,25.675647470554395],[91.9350166838729,25.674278368751743],[91.9427573780506,25.681334511578484],[91.9581943839637,25.688769723144276],[91.95881803502436,25.69313527966949],[91.96100081283731,25.69482804657713],[91.96402997500343,25.69447167402859],[91.9679219674249,25.700960076646254],[91.96936521293429,25.699298158283455],[91.96870919257526,25.69698021776287],[91.96297994456887,25.69098856287195],[91.96197404656505,25.687271112671738],[91.96612884427083,25.683772335325045],[91.96911005098815,25.67560745971656],[91.97472633335366,25.67157838723284],[91.97539784543426,25.667305129028534],[91.97869435895757,25.66388652264493],[91.98528738600413,25.663092917704034],[91.99200250681031,25.66590105888679],[91.99401704215285,25.665778965127174],[91.99609262527451,25.66345919628492],[92.00213623310071,25.66541268744561],[92.00531065376373,25.661933032383615],[92.00830004071435,25.663719511346414],[92.01347118384814,25.659253524830376],[92.03817309361347,25.655854394165033],[92.04010710815658,25.657530538903302],[92.04629595289595,25.65761649520516],[92.04771422962807,25.6574016049002],[92.0545208690429,25.657191600611952],[92.05748552463729,25.657570066805192],[92.06045017933235,25.657380834158232],[92.06631641297213,25.65832700009105],[92.07491475281364,25.652479945393225],[92.08354047521283,25.650899025369768],[92.08485227491263,25.649227193780007],[92.0850865851778,25.645097475468162],[92.08675604615468,25.643398726270277],[92.0883962180111,25.640352691923226],[92.09155940614176,25.63941545086243],[92.09612845676293,25.64131922210447],[92.0987058696802,25.64313512688466],[92.10075608472556,25.644043078825064],[92.10351209131005,25.6427041690622],[92.10487910039024,25.641875679419115],[92.10777881593964,25.641875679419115],[92.11904628156071,25.649290666131378],[92.1236029772956,25.65061625063953],[92.12546708034154,25.651858985104127],[92.12613731988148,25.65373882898382],[92.12692451895145,25.655244774326945],[92.12764326522455,25.656511137579002],[92.12716410104247,25.6582224386147],[92.12702719634808,25.660173321741468],[92.12894385397573,25.66226110956262],[92.13222955225211,25.662774500143144],[92.13383817589119,25.663698602108866],[92.13708964776907,25.663698602108866],[92.14235111611117,25.668079394948165],[92.14334960100337,25.66876018083775],[92.14373537958414,25.669282115877024],[92.14398500080722,25.670893308879158],[92.14623159271389,25.671823715092444],[92.15239544799158,25.669618145760865],[92.1532465537855,25.669754322903714],[92.15613488931376,25.669686055367208],[92.15699807480138,25.66988556096993],[92.15815337807601,25.67015258407457],[92.16053924978661,25.66992718609083],[92.16227699988372,25.670173999630435],[92.16209400043783,25.671606000016936],[92.16705299979617,25.676724999559156],[92.16594700005408,25.683164999764983],[92.16206399995372,25.689212999880112],[92.16305499978847,25.69429799965303],[92.15919499984943,25.69936600044059],[92.15747799980988,25.70746799994828],[92.15270199989743,25.71017099959198],[92.15121499967256,25.71285099997374],[92.15537299986408,25.721031000380435],[92.16588599993901,25.727051000103643],[92.1671830003952,25.73276900028918],[92.16651200002883,25.74307299971923],[92.15766100015509,25.762878000219587],[92.15580700009303,25.77125699991069],[92.15690600041165,25.776979000280676],[92.15271799973596,25.781986000053905],[92.15541800014063,25.793831000400417],[92.1548609996355,25.811102000057303]]]}},{"type":"Feature","properties":{"blockName":"Mawlai","districtName":"East Khasi Hills","state":"Meghalaya"},"geometry":{"type":"Polygon","coordinates":[[[91.84087152959745,25.639441840568566],[91.82949303187797,25.623324409394],[91.82189817356192,25.618093583652012],[91.81890501485464,25.612315123843928],[91.8100086801565,25.606578234298127],[91.80867838679819,25.603377217084926],[91.81565890383541,25.592503129316015],[91.84127130612592,25.58371754882586],[91.84624812105397,25.58122914181149],[91.84778700406702,25.577922179065354],[91.85015385691503,25.586153468707664],[91.85471378211543,25.591957008808947],[91.86880809481778,25.60107685920974],[91.87689159886827,25.6118548643106],[91.88316850432307,25.617326880131486],[91.88804618428401,25.616794319602207],[91.89429982787482,25.60892718704008],[91.90144031901559,25.608907964930665],[91.90274174233758,25.634056025665075],[91.90852756759324,25.641431741681572],[91.9116049217298,25.64845613933943],[91.9170293283409,25.66330554261674],[91.91710633009313,25.66792309727316],[91.90852340193351,25.658796355367542],[91.90388736980634,25.65713654141831],[91.90102562183506,25.659368706400755],[91.89862175289164,25.65908253043449],[91.89427189583137,25.654217558793334],[91.88670999676901,25.649430486427832],[91.87446934868154,25.649430486427832],[91.86671306565552,25.649208904267596],[91.86401029533891,25.653425226393153],[91.86076697041943,25.65493877820211],[91.85963180656267,25.65720910591557],[91.86173996762545,25.665533639965588],[91.85719931219853,25.656019887407922],[91.84087152959745,25.639441840568566]]]}},{"type":"Feature","properties":{"blockName":"Mawpat","districtName":"East Khasi Hills","state":"Meghalaya"},"geometry":{"type":"Polygon","coordinates":[[[91.956837161306,25.563101749246357],[91.96210843855363,25.563669424704244],[91.96875835671284,25.567318771044484],[91.97532717940584,25.573968690103015],[91.98003078029632,25.5876740109469],[91.98777484962966,25.59324486855587],[91.98926638603496,25.59439548186606],[91.99088576826364,25.59477902023565],[91.99348530270464,25.595844402996875],[91.99706498935785,25.59725070885321],[92.00903989497522,25.606881771676456],[92.01223604415816,25.608756845552023],[92.01300311999807,25.609268229745055],[92.01506231297543,25.61193223388551],[92.01592424300947,25.620052524704306],[92.01528913638458,25.625632389922885],[92.01606033741467,25.626675778864126],[92.01810175169453,25.628581098738778],[92.02968196914759,25.637625226223236],[92.03172638086784,25.64223033965851],[92.03451995663073,25.647387710574435],[92.03533654014927,25.650009373733667],[92.03817309361347,25.655854394165033],[92.01347118384814,25.659253524830376],[92.00830004071435,25.663719511346414],[92.00531065376373,25.661933032383615],[92.00213623310071,25.66541268744561],[91.99609262527451,25.66345919628492],[91.99401704215285,25.665778965127174],[91.99200250681031,25.66590105888679],[91.98528738600413,25.663092917704034],[91.97869435895757,25.66388652264493],[91.97539784543426,25.667305129028534],[91.97472633335366,25.67157838723284],[91.96911005098815,25.67560745971656],[91.96612884427083,25.683772335325045],[91.96197404656505,25.687271112671738],[91.96297994456887,25.69098856287195],[91.96870919257526,25.69698021776287],[91.96936521293429,25.699298158283455],[91.9679219674249,25.700960076646254],[91.96402997500343,25.69447167402859],[91.96100081283731,25.69482804657713],[91.95881803502436,25.69313527966949],[91.9581943839637,25.688769723144276],[91.9427573780506,25.681334511578484],[91.9350166838729,25.674278368751743],[91.92674941055691,25.675647470554395],[91.9235899438209,25.67180345156811],[91.91990389884592,25.672909266049828],[91.91832416502825,25.66948651019436],[91.91710633009313,25.66792309727316],[91.9170293283409,25.66330554261674],[91.9116049217298,25.64845613933943],[91.90852756759324,25.641431741681572],[91.90274174233758,25.634056025665075],[91.90144031901559,25.608907964930665],[91.90655675638925,25.611012061057806],[91.90888283757295,25.609108902254093],[91.9093510758915,25.605408317040258],[91.9144279242094,25.60290157644664],[91.91969732726989,25.60232709222157],[91.91987423920483,25.589876452436386],[91.92698289794242,25.5863231393015],[91.9299885581255,25.582151948753506],[91.93655608039887,25.577492018941598],[91.94508320382687,25.575582733056763],[91.94653408907703,25.570401001305243],[91.94875945518476,25.568824431302517],[91.95254489862822,25.5695719226062],[91.95213035972836,25.565011998305124],[91.956837161306,25.563101749246357]]]}},{"type":"Feature","properties":{"blockName":"Sohiong","districtName":"West Khasi Hills","state":"Meghalaya"},"geometry":{"type":"Polygon","coordinates":[[[91.77228533809796,25.68643342566213],[91.77415377767477,25.682580905384555],[91.77427486779095,25.679916933619666],[91.77358952863392,25.6748722693398],[91.77143532408098,25.668789810801172],[91.76946754629029,25.665039931947376],[91.76643486867431,25.664109451090326],[91.765090841769,25.66211064129311],[91.7588197864041,25.665681144968914],[91.75585934233482,25.666200183291892],[91.75351405522952,25.664546948782686],[91.75064683308494,25.66247199428716],[91.74699968828503,25.663668411867775],[91.74369989133697,25.66662086186335],[91.74029409129935,25.669968197874084],[91.73634678517607,25.672216663068582],[91.73181877511644,25.673395447641838],[91.72421071385344,25.671807678381697],[91.72262294369398,25.66902908172682],[91.72206619140167,25.663261000095133],[91.72587376626137,25.657462308238962],[91.72504426667962,25.650963772060493],[91.7220936216234,25.648281367790958],[91.72155714094936,25.643050679645228],[91.72238718911757,25.64041538726036],[91.72494817861559,25.636560133943078],[91.72530616634657,25.631823680818286],[91.723426233434,25.629356135377407],[91.71945661872803,25.622966023263416],[91.71629522564422,25.621513209866805],[91.71462236702865,25.61984035215056],[91.70988689236623,25.619660198159693],[91.69907861518601,25.618061778228537],[91.69663509603294,25.61627818698878],[91.69627837814471,25.61529721279618],[91.69610754113017,25.611328205132622],[91.69770335932265,25.60735603275475],[91.69945572430231,25.60355924166572],[91.7009959895733,25.598061698588594],[91.70480060836144,25.594803197609508],[91.71796970034148,25.587038136300976],[91.7195892840183,25.583146635808646],[91.71770115198666,25.573827798713978],[91.70784001200701,25.56683496725998],[91.70334030720949,25.5611171091673],[91.70362043433562,25.55500847406188],[91.71038265083871,25.55215195025238],[91.71107369709352,25.549042240307188],[91.70772729907566,25.54553912193296],[91.7062044185991,25.544678363715548],[91.70415184013535,25.54191952156873],[91.69862589916596,25.5379133467236],[91.69149266285615,25.537573669189555],[91.68573279113548,25.53544746502854],[91.68515557926662,25.532388243023036],[91.68183661057117,25.529559904865778],[91.67590897212142,25.528100355546997],[91.66989107501314,25.522027438815314],[91.66200642455692,25.51322755640666],[91.63895500726784,25.50288197862045],[91.63660260382716,25.500560939935497],[91.63415610432082,25.497800785677782],[91.63239879217059,25.49687698318627],[91.62639584809,25.498927988735716],[91.62187123207178,25.498205485095127],[91.61944123962155,25.495727374418834],[91.61782926420926,25.493971043428985],[91.61431660222945,25.492647780071024],[91.61000998187524,25.493898864740856],[91.60873483764271,25.494668763552625],[91.60649731989548,25.495005593833127],[91.61034325803502,25.46904630504298],[91.61490318323536,25.463657302942238],[91.62485210963723,25.46137733989235],[91.63417922858861,25.462413687141975],[91.6470299272894,25.46863176614312],[91.6532131350782,25.473688561378083],[91.65884427784118,25.471118997743588],[91.66195331779141,25.46718088089301],[91.6652696271916,25.44603941138979],[91.68164390294385,25.441272216739435],[91.68587526263332,25.443842541200354],[91.68889832919461,25.441894025089255],[91.70091994919636,25.442515831640378],[91.7119052228478,25.44562487159061],[91.72351230484907,25.45163568204117],[91.73511938595095,25.460962801891867],[91.73947204170145,25.465937265092748],[91.73864296480104,25.478373423994356],[91.74195927420118,25.481482463944587],[91.76703886055503,25.486664196595427],[91.7800968278064,25.492467737596087],[91.78403494465704,25.5005512407472],[91.77657324895631,25.505940242848],[91.76641705310459,25.506354781747802],[91.7572972027038,25.51153651529802],[91.7575044721537,25.517961863749065],[91.76703886055503,25.52645990580004],[91.77778496400492,25.534976376758436],[91.81617458858648,25.54393477816751],[91.81696959916775,25.546916070320435],[91.82278311904577,25.55123894412202],[91.82318062478606,25.553922107419396],[91.82919289843358,25.557251216870213],[91.8292425859766,25.557748098595937],[91.83298680989344,25.561687139050264],[91.83485833864148,25.572214489607063],[91.83743169111972,25.574460324284587],[91.84122153674457,25.57352455901122],[91.84778700406702,25.577922179065354],[91.84624812105397,25.58122914181149],[91.84127130612592,25.58371754882586],[91.81565890383541,25.592503129316015],[91.80867838679819,25.603377217084926],[91.8100086801565,25.606578234298127],[91.81890501485464,25.612315123843928],[91.82189817356192,25.618093583652012],[91.82949303187797,25.623324409394],[91.84087152959745,25.639441840568566],[91.83632234410095,25.640852145710028],[91.83464861763963,25.644013790603992],[91.83168012643677,25.64516040822633],[91.82499417963771,25.644956259423907],[91.81669661175931,25.65221457704115],[91.81088571790161,25.64989111558259],[91.80683316142131,25.650593738810073],[91.80419617381443,25.656618610160763],[91.80025223924952,25.658783400633467],[91.79595757807982,25.65823389597756],[91.7927130129952,25.662402905669637],[91.79431275043316,25.66941027556379],[91.79062069888619,25.67075443197149],[91.78843234797455,25.67359491367438],[91.78764150395233,25.67562336062963],[91.78962618809817,25.67956301891826],[91.78859440940454,25.68264394426268],[91.78673662409597,25.684428924955],[91.78016850107554,25.683550203679033],[91.77228533809796,25.68643342566213]]]}}]}